expert_id,decode_r2,encode_linear_r2,encode_periodic_r2,periodic_gain,dim0_corr,dim0_linear_r2,dim0_periodic_r2,dim1_corr,dim1_linear_r2,dim1_periodic_r2,dim2_corr,dim2_linear_r2,dim2_periodic_r2
0,0.0006333820862761685,0.0002738688448697957,0.00044911670620843375,0.00017524786133863807,-0.020903255561504363,0.0004369460930696567,0.0006567453543587787,0.007001652162997185,4.902313301158312e-05,0.00011750751405792403,0.018320406887628784,0.0003356373085281472,0.0005730972502085985
1,0.00014162544019646894,6.795341914300757e-05,0.00031168689706177294,0.00024373347791876537,-0.007380770992802669,5.447578044825985e-05,0.0001960449356801508,0.010143215401051479,0.00010288481867204435,0.0003721032689110171,-0.006819065794410821,4.6499658308718494e-05,0.0003669124865941509
2,2.5232134421737662e-05,7.994099369172206e-06,0.00018723478169183996,0.00017924068232266777,-0.0032829921445125137,1.0778037420888786e-05,0.00017753752204185957,0.0033199030196640997,1.1021756059936827e-05,0.0001781744249836903,0.001477330236052221,2.1825046266910064e-06,0.00020599239804997005
3,-2.9575785448634813,3.178566337521301e-05,0.00016900670535957563,0.0001372210419843626,0.005637877559412538,3.1785663374583883e-05,0.00016900670535824336,0.005637877559412532,3.178566337580513e-05,0.00016900670536101892,-0.005637877559412535,3.178566337525002e-05,0.0001690067053594646
4,0.0001727446763879481,2.6540773320575067e-05,0.0008414068710810296,0.0008148660977604546,-0.0057342446083238265,3.288156122815966e-05,0.000248698958085658,0.0026407025463535006,6.973309938373973e-06,0.001154108831397327,0.006306143734109323,3.976744879519156e-05,0.001121412823760104
5,3.4580062571398784e-05,2.1941723729971645e-05,0.0004969243928069819,0.0004749826690770102,-0.00428765271470459,1.8383965801671565e-05,0.0005474238314817637,-0.005224842718645729,2.7298981434831227e-05,0.0004696538159247865,-0.00448800890748929,2.014222395341214e-05,0.0004736955310143953
6,4.9382181024570926e-05,7.156858437440405e-06,0.00017239037830799978,0.00016523351987055937,-0.002585736361969244,6.686032533176345e-06,0.0001502055933041424,-0.003320884330238081,1.1028272734470157e-05,0.0001556112615708205,0.001938109915508604,3.7562700446747144e-06,0.00021135428004903645
7,0.007142324479230355,0.001787736861151079,0.003962435264728725,0.002174698403577646,0.004189844012199287,1.7554792846707912e-05,0.0007077273549042085,-0.023690799904329634,0.000561254000107092,0.002139529913592786,-0.0691693703202484,0.004784401790499437,0.009040048525689182
8,0.00011637482877135952,6.0818385633617154e-05,0.0001469607836522465,8.614239801862933e-05,0.01002658123686285,0.00010053233129947436,0.00014494342721460551,-0.0033127890513042066,1.0974571298061342e-05,0.0002005684334083213,-0.008423078671309628,7.094825430331575e-05,9.537049033381262e-05
9,-1.3356457640341985,3.462914071372669e-05,0.000266668115386078,0.0002320389746723513,0.005920760391822661,3.505540361692372e-05,0.00026969994546610643,-0.005916744826377892,3.500786934118594e-05,0.00026936291876500373,0.005815853263504045,3.382414918307042e-05,0.00026094148192712385
10,4.525265223986885e-05,4.233718772176746e-05,0.00014920990199688658,0.00010687271427511913,0.006624562584703027,4.388482943917804e-05,0.00012599753603426134,0.006424237039476449,4.1270821538819114e-05,0.00015360032714883953,0.006469614531544978,4.185591218730522e-05,0.0001680318428075589
11,0.0006785084350633408,0.0002803227212857899,0.00039849801769757204,0.00011817529641178215,-0.01428730268918419,0.00020412701813210532,0.00041102196666564783,-0.011415921335111403,0.00013032325992923255,0.00020297203932695407,-0.022505952230375235,0.0005065178857960317,0.0005815000471001142
12,0.00010443159639805799,4.225205105534702e-05,0.0002785437481749679,0.0002362916971196209,0.006503489343690409,4.229537364353053e-05,0.00037908218708071484,0.007848873953373836,6.160482233596998e-05,0.00030008198482367465,-0.004780790435329604,2.2855957186540543e-05,0.00015646707262051418
13,-3.2212830142003845,1.0,1.0,0.0,0.0,1.0,1.0,0.0,1.0,1.0,0.0,1.0,1.0
14,-3.2212830142003845,1.0,1.0,0.0,0.0,1.0,1.0,0.0,1.0,1.0,0.0,1.0,1.0
15,1.5641153198520108e-05,6.5250559447838086e-06,0.00017689858195857333,0.00017037352601378952,0.003052525738589772,9.317913384987442e-06,0.00020548885215621038,-0.0020115799909332394,4.046454059936089e-06,0.00016293107854770117,-0.0024921477463177018,6.210800389427895e-06,0.00016227581517180845
16,8.655507130861384e-05,2.7563211918990582e-05,0.00023952563626772339,0.0002119624243487328,-0.008493596833640048,7.214118717191464e-05,0.00047074940317270997,-0.002443617062035288,5.9712643455389625e-06,7.686318517108326e-05,-0.0021394354955201985,4.5771842395181395e-06,0.00017096432045937693
17,-3.2212830142003845,1.0,1.0,0.0,0.0,1.0,1.0,0.0,1.0,1.0,0.0,1.0,1.0
18,4.642162627443991e-05,1.899853815771439e-05,0.0002272367453014882,0.00020823820714377383,0.005193882463246419,2.6976415041790602e-05,0.00026034175114353353,0.0028999152639892357,8.409508537532417e-06,0.00011775277389347583,0.004648622472667114,2.1609690893820144e-05,0.0003036157108674553
19,-3.10065832222799,1.1741909677083958e-05,0.00014342584789532134,0.00013168393821823737,0.0002665867174451183,7.106847776938707e-08,0.0002032904431863436,-0.003329379137018835,1.1084765437985311e-05,0.00010376531294120639,0.004906107939646994,2.4069895115497175e-05,0.00012322178755841406
20,9.211477615755914e-05,4.715044980529992e-05,0.00020171630436664292,0.000154565854561343,-0.009303701550674516,8.655886254393952e-05,0.00017455711214275915,0.002412307507203146,5.819227509418212e-06,0.0002964193235898138,-0.0070052308572033165,4.907325936254203e-05,0.00013417247736735582
21,5.6877581063319305e-05,2.464297964081356e-05,0.0002597994677276949,0.00023515648808688136,-0.004159735220119462,1.7303397101708917e-05,0.0003344258915910503,0.0022305175969065155,4.975208750201965e-06,0.0002502965985363703,-0.007186816615906501,5.16503330705298e-05,0.00019467591305566412
22,0.0002360095243308935,5.553934794851519e-05,0.00019894578998106796,0.00014340644203255276,0.004699566039412691,2.2085920958980765e-05,0.00018778893691617782,0.006706507429393172,4.49772419003347e-05,0.00022661864309647672,-0.00997771922767829,9.955488098623011e-05,0.00018242978993054937
23,5.643434722091278e-06,1.7432461815921247e-06,0.0004496403797854172,0.0004478971336038251,0.001348586687728749,1.8186860542002137e-06,0.00018265478143864033,0.0011550293157946815,1.3340927201843655e-06,0.0005996336245316369,-0.0014411661148300704,2.0769597703917952e-06,0.0005666327333859744
24,7.761965886521338e-05,2.9377063910707157e-05,0.0003410537468358695,0.0003116766829251623,-0.007381367639756634,5.4484588232650566e-05,0.00031765041338704947,-0.0046469232035804145,2.1593895260019202e-05,0.0003003080281787085,0.003471701058499893,1.2052708239451704e-05,0.0004052027989418505
25,-3.2212830142003845,1.0,1.0,0.0,0.0,1.0,1.0,0.0,1.0,1.0,0.0,1.0,1.0
26,0.0003202345072093049,8.916514499461108e-05,0.0007912373766877737,0.0007020722316931627,-0.015727712491073197,0.0002473609402019461,0.0008569186379759897,-0.004406802019408787,1.9419904038198155e-05,0.0007889486113771271,-0.000845334692953391,7.145907436889587e-07,0.0007278448807102045
27,4.111957337915584e-05,2.1909980249349794e-06,0.00023569700913894653,0.00023350601111401156,0.0014622661675388747,2.1382223460708616e-06,0.00023660806604453022,-0.0015800338869846073,2.49650708372684e-06,0.0002398913829937399,-0.001392215732158254,1.938264645007237e-06,0.00023059157837856947
28,0.00011220460577587854,1.92063188231284e-05,9.124209621780288e-05,7.203577739467448e-05,0.0006226173607976759,3.8765237819760046e-07,5.711253579676612e-05,0.007377612532438367,5.442916667863784e-05,0.00012367277716551772,0.0016739586053185988,2.8021374125497545e-06,9.29409756911248e-05
29,0.0003549802077881248,0.00012414087394300535,0.0008397774563098462,0.0007156365823668409,-0.005923779025996999,3.509115794875228e-05,0.0010541951557807572,-0.010298737769984684,0.00010606399965540358,0.0006296026875739491,0.015207480535075897,0.00023126746422486022,0.0008355345255748325
30,6.0057258731149865e-05,1.1395887955549059e-05,0.00020680787427470224,0.00019541198631915319,-0.003138320794035058,9.849057405975081e-06,0.0002324908215723953,0.0024490424646512773,5.997808992908027e-06,0.00015545709646103134,-0.0042826157273194885,1.834079746776407e-05,0.00023247570479068003
31,0.00010381010306304006,4.996254927658317e-05,0.00036708120531854976,0.0003171186560419666,-0.008041437373543802,6.466471503341342e-05,0.0005038030053368114,-0.0035931420837903454,1.2910670034282923e-05,0.0003078801895547434,0.00850366172667297,7.231226276205316e-05,0.0002895604210640945
32,0.00018510510034563943,7.330949221129313e-05,0.00020025600100159746,0.00012694650879030434,0.0019969045938880415,3.9876279568362705e-06,0.0001354863431580755,-0.012549831188895105,0.0001574982628699262,0.0001995049556158257,0.007644775065839114,5.844258580711692e-05,0.00026577670423089117
33,0.0001590870859815574,4.0291023853167296e-05,0.00024555922504036304,0.00020526820118719574,-0.0015609282400491109,2.4364969709589346e-06,0.0001733882862603453,0.010713798537302937,0.00011478547909804515,0.0002870113590833778,0.001910783998837986,3.651095490497802e-06,0.00027627802977736593
34,5.970083677053761e-05,2.1936260350371068e-05,0.0002520461859773319,0.00023010992562696084,-0.004382904869134144,1.9209855091628647e-05,0.00020445644665822993,0.004540847850798244,2.0619299204160946e-05,0.00023930454890297437,0.005097021361068086,2.5979626755323615e-05,0.0003123775623707914
35,5.454255968051491e-05,4.763301176639405e-06,0.00017307107708101435,0.00016830777590437496,-0.0025742256288317257,6.626637587991979e-06,0.00017690562184391467,-0.0026737882623081707,7.149143672058322e-06,0.000257167925352797,0.0007170232001398469,5.141222698679115e-07,8.513968404633143e-05
36,6.38440811723262e-05,1.7443345416682614e-05,0.0002934482609719217,0.0002760049155552391,0.003371895010928478,1.1369675964600923e-05,0.00037309822480136035,0.006396008256949758,4.090892162289528e-05,0.00010985045738776122,0.00022680093114624427,5.1438662551639425e-08,0.00039739610072664355
37,0.0003347639999756735,0.00010008127273756588,0.0005522918063110375,0.0004522105335734716,-0.001754547652390166,3.078437464720807e-06,0.00027163666373519746,-0.014839931488083895,0.0002202235665714758,0.0009304314170682781,-0.00877164831581418,7.694181417650103e-05,0.0004548073381296369
38,0.00018026731593623335,4.572528675650389e-05,0.00035170545430703487,0.000305980167550531,0.002510341083695093,6.30181235627969e-06,0.0004368629134675617,0.003296743696237049,1.0868518998563559e-05,0.0001227413619694362,0.010954703506470855,0.00012000552891466842,0.0004955120874841068
39,-3.2212830142003845,1.0,1.0,0.0,0.0,1.0,1.0,0.0,1.0,1.0,0.0,1.0,1.0
40,-5.6692812138415105,2.7337189939043622e-05,0.0001279249933074563,0.00010058780336841268,0.004561742777666373,2.080949717131464e-05,0.00012418076906950404,-0.0043725194506289995,1.911892634676171e-05,0.00012436018175998598,-0.006487152402955345,4.208314629905452e-05,0.00013523402909287885
41,9.552472422780234e-05,3.684513019737897e-05,0.00034294863154205046,0.0003061035013446715,0.0024290090742758313,5.900085082610751e-06,0.00027348837214824506,-0.004375222195113999,1.9142569256724862e-05,0.00044956991590383577,0.009246228217646245,8.54927362528013e-05,0.00030578760657407056
42,0.0001918553321677008,4.182469517503377e-05,0.0006806327095262669,0.0006388080143512331,-0.002454998021802452,6.027015287179971e-06,0.0003040046952241804,-0.010718756418981958,0.00011489173916945372,0.0012012690895197853,-0.002134322156670985,4.555331068467616e-06,0.000536624343834835
43,0.00013158664890910998,5.9143216702824596e-05,0.0002150215760733746,0.00015587835937055,-0.006590111944712244,4.342957544367643e-05,0.0002322580550295772,-0.006394970232950766,4.089564428033654e-05,0.00018499163873553215,-0.0096490637050782,9.310443038446081e-05,0.0002278150344550145
44,0.00018691312062990573,0.00015688577136211782,0.00042679132728096203,0.00026990555591884424,0.011478905718715392,0.00013176527649849668,0.0004300065028460809,-0.013543322323357393,0.00018342157955453242,0.0004081363273120697,0.012468779332121191,0.00015547045803332438,0.0004422311516847355
45,4.895764642576239e-06,1.6748661753052119e-06,0.00015166208826659458,0.00014998722209128937,0.0017269359378862452,2.982307733989664e-06,8.06898441987336e-05,0.00020459424969040006,4.185880697615829e-08,0.00014239137042804106,0.0014143662840053555,2.000431984949813e-06,0.0002319050501730091
46,1.6121573585325955e-05,6.105424679714311e-06,0.0002652636727544418,0.0002591582480747275,-0.0015437351759487574,2.3831182934808126e-06,0.0002741745925735062,-0.0023927827967722536,5.7254095123804305e-06,0.0002104130948549221,-0.0031949563741965593,1.020774623328169e-05,0.00031120333083489715
47,6.745011467690354e-05,2.8785972027193612e-05,0.00020904043541950892,0.00018025446339231532,-0.007959343776131786,6.335115334688002e-05,0.0002783572585983718,-0.0017402865802069807,3.028597381438125e-06,0.00018370359328512276,-0.004469694100737035,1.997816535326269e-05,0.00016506045437503225
48,0.00023250826432041904,8.783384903243707e-05,0.00034154456864295596,0.0002537107196105189,-0.01464121515019031,0.00021436518107420532,0.0004855241306607194,0.0033549768706316947,1.1255869802329066e-05,0.0002348679018920885,0.00615471333375359,3.788049622077683e-05,0.00030424167337606
49,0.00012536747959679406,2.7622125136665215e-05,0.00020707030449399846,0.00017944817935733326,0.003430573095108817,1.1768831760239351e-05,0.0002498282007334929,-0.005959279661942711,3.5513014088994765e-05,0.00022662493194691713,-0.005965276989458452,3.5584529560761524e-05,0.0001447577808015854
50,-2.823211677123484,7.456592318958825e-05,0.0003507484690696098,0.00027618254588002156,0.008635156234224848,7.456592318921818e-05,0.00035074846906935075,0.008635156234224839,7.456592318999533e-05,0.0003507484690695728,0.00863515623422484,7.456592318955124e-05,0.00035074846906990587
51,0.001618252877010895,0.0004114899399249398,0.0009332760313243519,0.0005217860913994121,-0.00382152662136194,1.4604065717960246e-05,0.0005516903979947418,0.014436221653821425,0.00020840449563841457,0.0006879825664092287,0.031803478715678526,0.0010114612584184446,0.0015601551295690852
52,-3.2212830142003845,1.0,1.0,0.0,0.0,1.0,1.0,0.0,1.0,1.0,0.0,1.0,1.0
53,0.00013339532041112268,6.671132023394755e-05,0.00031205277376655793,0.0002453414535326104,0.0037982757611815356,1.4426898757857742e-05,6.615369933771209e-05,0.008210498160859543,6.74122800498056e-05,0.0004851200854560922,0.010876340464214639,0.0001182947818941793,0.0003848845365058695
54,0.00014689084444219347,1.0686901257532059e-05,0.00021204841876391414,0.0002013615175063821,0.003113714741070947,9.695219489014306e-06,0.00037446658537143573,0.004692585091136112,2.2020354837892775e-05,0.00019697541583540978,-0.0005874771875674168,3.451294456890963e-07,6.470325508489694e-05
55,3.843994822960717e-05,7.892827468195899e-06,0.00010761599611719408,9.972316864899818e-05,0.0010142583321302474,1.028719964213387e-06,7.284294561848981e-05,-0.002570580448721128,6.607883843101625e-06,0.00010277477209919006,0.004005231403722909,1.6041878597272685e-05,0.00014723027063390237
56,0.0002374232032829049,0.0001331545284734744,0.00026562523307623503,0.00013247070460276064,0.002923859002088538,8.548951464293353e-06,8.771522457340364e-05,-0.01497222184571796,0.00022416742699726822,0.0004343050394782777,0.012913063422679711,0.00016674720695886158,0.0002748554351770238
57,0.00014586215341860775,4.81090736788777e-05,0.00024385483966482546,0.00019574576598594776,-0.009628761844880096,9.271305466551638e-05,0.00013478527420185404,-0.005431412988951868,2.950024705683507e-05,0.00020884123616715655,0.004702543919459937,2.2113919314281638e-05,0.0003879380086254658
58,2.6111426740582644e-05,1.2592674878223834e-05,0.00018122370540588997,0.00016863103052766615,-0.0022111213373645572,4.889057568902011e-06,5.310984543405173e-05,0.003922354256613324,1.53848629140807e-05,0.0002609894046532446,-0.004183790643825314,1.7504104151688793e-05,0.00022957186613037361
59,-3.2212830142003845,1.0,1.0,0.0,0.0,1.0,1.0,0.0,1.0,1.0,0.0,1.0,1.0
60,9.968682190553135e-05,2.003814689162849e-05,0.00017327501958512107,0.00015323687269349257,-3.27215569975293e-05,1.0706999731269207e-09,0.00010781139549032037,0.007351093605767847,5.4038577200654636e-05,0.00018340506556713265,0.00246470947061739,6.074792774257709e-06,0.0002286085976979102
61,0.00015654703521195135,5.178725624562416e-05,0.00041478629061046196,0.0003629990343648378,0.00045439455239716935,2.0647440912568982e-07,6.12711050335113e-05,-0.0025660663740823594,6.584696636058318e-06,0.00027151560463190005,0.01218895392113078,0.00014857059769168846,0.0009115721621659745
62,1.0729862902736365e-05,3.335102033060385e-06,0.00040786550444453046,0.0004045304024114701,0.00026446888122682433,6.994378909386256e-08,0.0005389751654775177,0.0016828632055895239,2.8320285687666313e-06,0.0006084364671836706,-0.0026652080108198603,7.103333741320661e-06,7.618488067240303e-05
63,5.4631563429108354e-05,1.5110401391719522e-05,0.00015859765413317461,0.0001434872527414551,0.005222904285080706,2.72787291709653e-05,6.97687507331679e-05,-0.003967801963686471,1.574345242305597e-05,0.00021093061733734597,0.001519546834104579,2.309022581137299e-06,0.00019509359432900997
64,2.1597100874459763e-05,8.90832646971429e-06,0.0002474269037345082,0.00023851857726479392,-0.003328613565484883,1.1079668268298981e-05,0.00043498773459349493,0.0006500620625943897,4.225806842228508e-07,0.0001386566400243261,-0.00390163176846647,1.5222730456621036e-05,0.00016863633658570354
65,-3.1655123050845972,7.456592318929219e-05,0.0003507484690695728,0.00027618254588028063,0.008635156234224844,7.456592318899613e-05,0.0003507484690695728,0.008635156234224835,7.456592319066147e-05,0.000350748469070572,-0.008635156234224846,7.456592318821897e-05,0.0003507484690685736
66,-3.2212830142003845,1.0,1.0,0.0,0.0,1.0,1.0,0.0,1.0,1.0,0.0,1.0,1.0
67,7.421134941076879e-05,7.209887034291078e-05,0.0005468296603748554,0.00047473079003194457,0.008521852996484013,7.262197849289276e-05,0.0005589079002545905,0.008504983425888001,7.233474307488663e-05,0.000559680561171505,-0.00844629442186748,7.133988946095293e-05,0.0005219005196984705
68,0.00044537685662005,0.00016423685619163889,0.0005373646025702561,0.00037312774637861723,-0.010280484174606374,0.00010568835486413075,0.0004259442684634296,-0.008464707172239589,7.165126751151885e-05,0.0003156094277068089,0.01775868649982421,0.0003153709461992671,0.0008705401115405298
69,0.005369466413515878,0.0021519333682122146,0.004896647268997449,0.0027447139007852344,0.0675044421527815,0.004556849710358302,0.006686968843053087,-0.00636884949951055,4.05622439471065e-05,0.0024310130436533406,0.04310902632084247,0.001858388150331236,0.005571959920285918
70,0.00010004256855278282,4.90737085463803e-05,0.00024385001858351352,0.00019477631003713322,-0.004605134090672014,2.1207259993105687e-05,0.00020064953598830648,-0.008950782559893138,8.011650843409157e-05,0.00028128829304951974,-0.006774758830525075,4.589735721194366e-05,0.0002496122267127143
71,2.0198842928365046e-05,6.096976694032937e-06,0.00020348640596756784,0.0001973894292735349,0.0032697598698214355,1.0691329606182798e-05,0.0003321892085832445,0.0008238710011072534,6.787634269089793e-07,0.000171214251195817,-0.0026307483819388295,6.920837049007034e-06,0.00010705575812364199
72,-3.2212830142003845,1.0,1.0,0.0,0.0,1.0,1.0,0.0,1.0,1.0,0.0,1.0,1.0
73,0.00037163255566208253,0.0001379515594327474,0.0005575124253707578,0.00041956086593801045,-0.010898678522584696,0.00011878119353847527,0.0007404873002737622,-0.0034395989356771728,1.1830840838444878e-05,0.000151299945508665,-0.01682981413805658,0.00028324264392132203,0.0007807500303298465
74,0.00018739618736951513,6.749750715865736e-05,0.00017105976892698807,0.00010356226176833071,0.011951253190670011,0.00014283245282753487,0.0002701334886301421,0.0015895081970561226,2.52653630827826e-06,0.00011008095381304095,-0.007558672657296457,5.7133532340158943e-05,0.0001329648643377812
75,-3.2212830142003845,1.0,1.0,0.0,0.0,1.0,1.0,0.0,1.0,1.0,0.0,1.0,1.0
76,0.0003073559878915555,0.00010319878930542536,0.0004839020480015647,0.00038070325869613936,-0.014538590664527526,0.00021137061851073113,0.0008395046112215088,0.009852433294461336,9.70704418219448e-05,0.00046388339052338967,0.0010748523542691436,1.1553075836001625e-06,0.00014831814225979567
77,0.00011083204404271907,5.67095169681601e-05,0.0002288065985505868,0.0001720970815824267,0.0014773827513383368,2.182659794014441e-06,0.00015516074109900302,-0.009150298394948533,8.372796071653976e-05,0.00014759431797495282,-0.009177032766301598,8.421793039392611e-05,0.00038366473657780453
78,0.00013526688584020174,5.993138889714977e-05,0.0004111596047089809,0.0003512282158118311,-0.006566918412093759,4.312441743092865e-05,0.0004751392115678321,-0.006271339908159191,3.9329704243362684e-05,0.0002210957895817378,-0.009866105868942182,9.734004501715798e-05,0.0005372438129773727
79,2.2394606657538674e-05,1.7642031288992815e-05,0.0001600634291525349,0.0001424213978635421,-0.0038924860776801823,1.5151447865457968e-05,0.00013636027177699184,0.004298235473551532,1.8474828186065828e-05,0.00021110901552456873,-0.004393155792260706,1.9299817815454645e-05,0.00013272100015604416
80,-3.2212830142003845,1.0,1.0,0.0,0.0,1.0,1.0,0.0,1.0,1.0,0.0,1.0,1.0
81,0.00011579104240033722,3.413782385079204e-05,0.00028154626940372446,0.0002474084455529324,0.009602641837454006,9.221073025811322e-05,0.00040467124360754614,0.00246108155005155,6.056922395858422e-06,0.00017531082072774762,0.0020361284089229757,4.145818898404485e-06,0.00026465674387587956
82,-3.2212830142003845,1.0,1.0,0.0,0.0,1.0,1.0,0.0,1.0,1.0,0.0,1.0,1.0
83,9.307540166691997e-05,3.3526582882544474e-05,0.00022539314528720786,0.00019186656240466338,0.007818372106595717,6.112694239679417e-05,0.00022292262809775476,0.0007379824381252072,5.446180790791288e-07,0.00021384113495603874,-0.0062376428377332194,3.8908188171760116e-05,0.00023941567280783005
84,0.00024955182652974806,4.249349232573104e-05,0.00013650061925415033,9.400712692841928e-05,-0.006603361851620157,4.360438774353437e-05,0.00012682471499381176,-0.008825820520461339,7.789510785927156e-05,0.00016402343141264097,0.002445604500829069,5.980981374387184e-06,0.00011865371135599823
85,-3.0473316412761484,1.0990576072567038e-06,0.00016172081811631026,0.00016062176050905355,0.0010483594843995305,1.099057606257503e-06,0.00016172081811538508,-0.001048359484399531,1.0990576071456815e-06,0.00016172081811638428,0.0010483594843995298,1.0990576083669268e-06,0.00016172081811716144
86,0.002325964901272015,0.0011705214616180386,0.0018217842370480037,0.0006512627754299651,0.04734442948674564,0.002241495003425187,0.002674828860042666,-0.0039333812027774395,1.5471487686324892e-05,0.0003947006869347014,-0.035420303411218025,0.0012545978937426039,0.002395823164166644
87,0.00015648980931393108,5.234416475093558e-05,0.0002066770149507328,0.0001543328501997972,0.007959121290970156,6.334761172432923e-05,0.0002336594139281667,-0.006435608845919842,4.1417061217297046e-05,0.0001748223718034403,0.007229648768180139,5.226782131118046e-05,0.00021154925912059142
88,0.00018075002551232178,0.0001113909163346453,0.0003050876615620461,0.00019369674522740077,-0.00539985247108264,2.915840670925096e-05,0.00011998946907632035,-0.012872376042233295,0.0001656980649726858,0.00031359977198219813,0.011803231647395105,0.00013931627732199914,0.0004816737436276197
89,0.00018292597733504667,8.32615890026626e-06,0.0006103823613291537,0.0006020562024288875,-0.0015726758791993047,2.4733094208251316e-06,0.0005487996141612106,0.004255125396897823,1.810609214314418e-05,0.0006686374950524154,-0.002097397229096901,4.399075136829467e-06,0.000613709974773835
90,-3.2212830142003845,1.0,1.0,0.0,0.0,1.0,1.0,0.0,1.0,1.0,0.0,1.0,1.0
91,0.00013280185266428823,7.124893383384882e-05,0.00018203593831570922,0.0001107870044818604,0.007415150736214642,5.4984460440943295e-05,0.0001241320981825167,0.008737568725272331,7.634510722942522e-05,0.00022555264193868663,0.009078393791327645,8.241723383117794e-05,0.00019642307482592436
92,0.00014451150205818664,1.9792847785119843e-05,0.00012111608545269566,0.00010132323766757581,0.0006931201771438413,4.804155804283283e-07,0.00016331152632853563,-0.0028370553647955317,8.048883142763863e-06,6.020257355365821e-05,-0.007130865629905683,5.0849244632167334e-05,0.00013983415647589315
93,1.692900724092894e-05,4.031160098949549e-06,0.00035561876234195083,0.0003515876022430013,0.003323931793771757,1.104852256983424e-05,0.0002994876072111019,-0.0009319477910469975,8.685266853492024e-07,0.0004015225659960153,0.00042003695269691234,1.7643104166520374e-07,0.0003658461138187352
94,8.221868103397423e-05,5.128751886148327e-05,0.00018071633805194498,0.0001294288191904617,-0.00853660324939904,7.287359503771462e-05,0.0001812196756074691,0.008925144825907038,7.965821016342467e-05,0.00021592410060289335,0.0011535819790757752,1.3307513833105133e-06,0.0001450052379454725
95,0.00016104262870775266,3.155388502877147e-05,0.000398006374059993,0.0003664524890312215,-0.008828488845191782,7.794221528978351e-05,0.00035957225983240804,-0.004088329548619673,1.671443849815546e-05,0.00032658880788949407,-7.071985730235374e-05,5.001298375439944e-09,0.0005078580544580769
96,1.95699329101906e-05,8.109899002350929e-06,0.00016189395938862963,0.0001537840603862787,0.0018844830453603174,3.5512763485456844e-06,0.00019054979915156256,0.004380648669458702,1.919008276485279e-05,0.00015565952977447672,0.0012602927807225724,1.5883378936543124e-06,0.00013947254923984964
97,0.00037563716181499007,0.00028282130373091796,0.0005075543259210521,0.00022473302219013413,0.01863768687717012,0.00034736337213159274,0.0005997733863505328,-0.016388025153122442,0.00026856736841951445,0.0004971401795836883,-0.015249038351364898,0.0002325331706416467,0.0004257494118289351
98,0.00012025460227393925,3.074910112517889e-05,0.0001432360514034651,0.0001124869502782862,-6.849891563456825e-05,4.692102040237955e-09,0.00015498012644588055,-0.004170564199105457,1.739360573849158e-05,0.00013012892757680028,0.008651531976229811,7.484900553500484e-05,0.0001445991001877145
99,-3.2212830142003845,1.0,1.0,0.0,0.0,1.0,1.0,0.0,1.0,1.0,0.0,1.0,1.0
100,6.812348956430903e-05,8.887092523927423e-06,0.0001896851476418752,0.00018079805511794778,-0.002751525038512034,7.570890037555955e-06,0.000206664709657578,-0.002192359974009472,4.806442255422816e-06,0.0001502230445136199,0.0037794107053097967,1.42839452788035e-05,0.0002121676887544277
101,3.5529157502822706e-05,1.3387634882196705e-05,0.00021306575682108106,0.00019967812193888435,0.0026894266390881973,7.233015647312158e-06,0.00020214728244882796,-0.005614666509624001,3.1524480014422096e-05,0.00027187731873346,-0.0011854994664721368,1.4054089848558604e-06,0.0001651726692809552
102,3.509620406905167e-05,2.3931618965818597e-05,0.00014790144957129345,0.00012396983060547484,-0.005852101957855419,3.424709732458009e-05,0.00011584827619282034,-0.00388877180079782,1.5122546118573332e-05,0.00021060000542028057,0.004735526734624905,2.2425213454302373e-05,0.0001172560671007794
103,0.00011862619024993748,3.8996994013070406e-05,0.00017493325294929787,0.00013593625893622746,0.0008337895815756105,6.952050660702369e-07,0.00015077427356469109,-0.008318578867315782,6.919875437194634e-05,0.00015833152639033177,0.006862727052792757,4.709702260119464e-05,0.0002156939588928708
104,3.485048705631488e-05,9.514962558373105e-06,0.00030745019434504545,0.00029793523178667236,0.0027269109683067706,7.436043428787897e-06,0.00030326205667297046,0.0036598213059609403,1.339429199187503e-05,0.0002996108063041403,-0.0027775082816219768,7.714552254456386e-06,0.00031947772005802566
105,0.00017664366657710318,9.704987047228404e-05,0.0003981323136553379,0.0003010824431830539,-0.013269540732465656,0.00017608071125108093,0.0005410052157102108,0.010056449318797829,0.00010113217290097509,0.00051537098710841,-0.003733192636918609,1.3936727264796112e-05,0.00013802073814739302
106,-3.2212830142003845,1.0,1.0,0.0,0.0,1.0,1.0,0.0,1.0,1.0,0.0,1.0,1.0
107,0.0001317679106160874,2.9559555001242483e-05,0.00025861077724809167,0.00022905122224684918,0.007094722967075302,5.0335093979336776e-05,0.00022246503442713284,0.003673397995257824,1.3493852831114594e-05,0.0003009488863885412,-0.004984949166542336,2.4849718193276082e-05,0.00025241841092860096
108,-3.2212830142003845,1.0,1.0,0.0,0.0,1.0,1.0,0.0,1.0,1.0,0.0,1.0,1.0
109,0.0013745348745021202,0.0004430370214199379,0.0008422465835494034,0.0003992095621294655,0.005276870709352844,2.784536448308117e-05,0.0006384515699001669,-0.005334931797881022,2.846149728807923e-05,0.00023127546761403384,0.03567638157784935,0.0012728042024886532,0.0016570127131340096
110,8.213342006002655e-05,2.1218562213598524e-05,0.00033126034993480324,0.0003100417877212047,-0.007396658549435915,5.4710557697124074e-05,0.0002732721209927069,-0.00038104172321064283,1.4519279467606339e-07,0.0003996383111988244,0.002966468632704812,8.799936148995435e-06,0.0003208706176128784
111,0.00013788790440849574,3.9526947762139976e-05,0.0002805716151060474,0.00024104466734390742,-0.008190076888451294,6.707735943867199e-05,0.0002650006158553264,-0.0012483524062637927,1.5583837302823866e-06,0.0002117219671003978,0.00706718473774968,4.994510011746556e-05,0.000364992262362418
112,4.223892592447598e-05,1.2631090910357004e-05,0.0002665179825784847,0.00025388689166812767,-0.002073491374423569,4.299366479831868e-06,0.00017168573196557624,-0.0031001517634703206,9.610940957416325e-06,0.00029891991195318823,0.00489724057954487,2.3982965293822822e-05,0.0003289483038166896
113,0.00010200185850428589,3.00176519639761e-05,0.00018193110750419628,0.00015191345554022018,0.0030145740419898807,9.087656653639087e-06,0.00016929393809739235,-0.005885698417895492,3.464144586617923e-05,0.00017084846239623364,-0.006806162896379595,4.632385337210998e-05,0.00020565092201896285
114,-3.2212830142003845,1.0,1.0,0.0,0.0,1.0,1.0,0.0,1.0,1.0,0.0,1.0,1.0
115,4.553623707492793e-05,2.353254878132797e-05,0.0002667228578071927,0.00024319030902586472,0.0016974215815272595,2.8812400257871573e-06,0.00020259747252893145,0.005734037933895154,3.287919102712422e-05,0.0002672376186418912,-0.005902305929989674,3.483721529107253e-05,0.0003303334822507553
116,2.901974369518001e-05,2.1684655344319146e-06,0.00014744529225689065,0.00014527682672245873,0.00020364661327702642,4.14719427688226e-08,0.00012271241220629392,0.0013111563440942429,1.719130958921511e-06,0.0001583883238108763,0.0021782547375309167,4.74479370160541e-06,0.00016123514075350176
117,0.00025992294291310447,0.00013453053049609456,0.0002183208525114629,8.379032201536835e-05,-0.012120393742421675,0.000146903944471366,0.00019656220391217616,0.009001756773125088,8.103162500272543e-05,0.00018106647621340954,-0.013253528662750792,0.00017565602201419228,0.000277333877408803
118,0.00026022213800591665,0.00019436940016452167,0.0003094668789331105,0.0001150974787685888,-0.013427684288329201,0.0001803027053470796,0.000260506019791773,0.013248078570540665,0.0001755115858110834,0.0003438409828696587,-0.015076269742061351,0.00022729390933540206,0.00032405363413789967
119,0.00014752017044517007,1.9339786709204887e-05,0.00018432279917398228,0.0001649830124647774,-0.003032459497008317,9.195810600770571e-06,0.0001717024571249448,-0.0019740157389834573,3.89673813794289e-06,0.00013597664058984105,-0.006702746555679967,4.49268113889012e-05,0.00024528929980716097
120,0.00010539709328383218,2.7940564820842322e-05,0.0001951223788388227,0.00016718181401798038,0.007088747301767135,5.02503383081887e-05,0.00024318325121197581,-0.0013440926694235262,1.8065851038473468e-06,9.164922778193141e-05,0.005636024401166242,3.1764771050490914e-05,0.0002505346575225609
121,8.57602281276737e-05,1.158006722727182e-05,0.0001622211145964799,0.00015064104736920808,0.001910608049387498,3.65042311778474e-06,0.00013014718598258757,-0.0034478594609015684,1.1887734861604216e-05,0.00016428659793477074,-0.0043820136584146,1.9202043702426508e-05,0.00019222955987208135
122,0.0001537400360464014,1.413712970880591e-05,0.00017434057382122634,0.00016020344411242043,0.0046102505451196,2.125441008882234e-05,0.00016731534129565961,-0.002494931705236287,6.224684214184428e-06,0.0001589683893407079,0.003864232760027205,1.4932294823410963e-05,0.00019673799082731147
123,0.00018917390430273073,7.271563984453018e-05,0.0002628399516555839,0.00019012431181105371,0.013701084039370877,0.00018771970385367265,0.0002625477333584314,0.004353936437019583,1.895676249741296e-05,0.0002889126470949632,0.003386805749190783,1.1470453182504947e-05,0.00023705947451335696
124,0.00010845674602855127,5.130646942452799e-05,0.00016679409928181213,0.00011548762985728414,-0.005926007728013394,3.5117567592557464e-05,0.00015008259052640138,-0.009870240870571244,9.742165484472043e-05,0.00021064403018355993,-0.00462387130401299,2.1380185836306076e-05,0.0001396556771354751
125,8.529707686255605e-05,3.4329652786824205e-05,0.0001653274698697471,0.0001309978170829229,0.004569960719595292,2.0884540978927113e-05,0.00013658628807278195,0.004661049450380493,2.1725381978976444e-05,0.00018919738454936663,-0.007770394803516476,6.037903540256906e-05,0.00017019873698709276
126,2.124749835741291e-05,6.068899019625225e-06,0.00027153577162297715,0.00026546687260335194,0.0006638247724345279,4.406633286047068e-07,0.00022906381749088212,-0.0034990102961203464,1.224307305147665e-05,0.0002850622284821247,-0.0023500980146813916,5.52296067879432e-06,0.00030048126889592464
127,0.00020489497038367332,6.345081607628256e-05,0.0002731218592875173,0.00020967104321123475,-0.01067764844374755,0.0001140121762885915,0.00023163826870886695,0.008714540927914441,7.5943223584507e-05,0.00046122030401729575,0.0006301177323365374,3.970483557491633e-07,0.00012650700513638924
128,4.116199260939535e-05,2.9944222682098953e-05,0.00018879621393497192,0.00015885199125287297,-0.00493466064276698,2.4350875659440163e-05,0.00018921005806837865,-0.004931820809010041,2.4322856491565403e-05,0.00018919226055469363,0.006415523041417224,4.115893589529129e-05,0.0001879863231818435
129,7.023945370643325e-05,2.7217225510652494e-05,0.00032852408198328725,0.0003013068564726348,0.006026648137123408,3.632048776880392e-05,0.0002272057888285106,-0.006421791323605403,4.1239403804183006e-05,0.0003652371614083494,0.0020228160961558357,4.091784958970557e-06,0.0003931292957130017
130,2.5012367441124006e-05,1.481263931842521e-05,0.00018313066456465688,0.00016831802524623166,-0.00420212004125593,1.7657812840798925e-05,0.000198446941284236,0.002943303766061157,8.663037058931344e-06,0.00013386664801218195,-0.004256414929933269,1.811706805554536e-05,0.00021707840439755266
131,9.161929258882928e-05,3.047746594301663e-05,0.00027983665662297447,0.0002493591906799578,-0.0030832498852789336,9.50642985519945e-06,0.00033999783763538627,-0.003128069408927553,9.78481822710986e-06,0.00025941362179082716,-0.008493594630466495,7.214114974674057e-05,0.00024009851044271002
132,6.063526024524535e-05,6.6075509729257575e-06,0.000201194978610005,0.00019458742763707923,-0.0008219981454264642,6.75680950856794e-07,0.0002533598728926556,0.0043749947618442865,1.914057916652112e-05,0.0002248826736580556,7.995499476488096e-05,6.392801399357495e-09,0.00012534238927930375
133,0.0001781997742537067,6.793883275757473e-05,0.0003149551178705708,0.00024701628511299606,-0.012854811567588973,0.0001652461804382277,0.0002544458619958556,0.0006690580729818516,4.476387048812924e-07,0.0003581099960480172,-0.006174356576175489,3.81226791296152e-05,0.0003323094955678396
134,-3.2212830142003845,1.0,1.0,0.0,0.0,1.0,1.0,0.0,1.0,1.0,0.0,1.0,1.0
135,0.0002997286853972936,5.759494736201631e-05,0.00015875145461008433,0.00010115650724806802,-0.01196516767288847,0.0001431652374402903,0.0003219032622070461,-0.0016200315027882178,2.6245020700033095e-06,3.8850164820303235e-05,0.00519568114648163,2.6995102575755325e-05,0.00011550093680290363
136,0.00022099239848150098,5.083908201316175e-05,0.00017983934059773166,0.0001290002585845699,-0.011480476583838928,0.00013180134259183074,0.0002755500241057307,0.003272924846283417,1.0712037049165346e-05,0.000172717157360891,0.0031628889323564156,1.0003866398489158e-05,9.125084032657327e-05
137,0.00018600634116838766,6.542215321547751e-05,0.0003092410769766074,0.0002438189237611299,0.008553397062768718,7.3160601313349e-05,0.00012597342677256318,0.011093570080778452,0.00012306729713706943,0.00037739818009996373,0.00019637004833929371,3.856119601408636e-08,0.0004243516240572953
138,0.0006542314582026476,0.0002747503963461684,0.001207171475337813,0.0009324210789916447,-0.0002524919455429853,6.375218208898303e-08,0.00016666386644081932,0.014660346694362995,0.00021492576519888118,0.0007873211414141101,-0.02468322652445921,0.000609261671657535,0.0026675294181585096
139,-3.2212830142003845,1.0,1.0,0.0,0.0,1.0,1.0,0.0,1.0,1.0,0.0,1.0,1.0
140,5.5703481765201346e-05,1.3538274080497162e-05,0.00010535607383836225,9.181779975786508e-05,0.003630682019776617,1.3181851928889543e-05,0.0001279223030961063,-0.0016539468021598788,2.735540024612071e-06,7.45919523634786e-05,-0.004969650922164786,2.4697430287989874e-05,0.00011355396605550183
141,0.00012332297770811795,2.0803446072396408e-05,0.00033947321353355875,0.0003186697674611623,0.0021848407472508345,4.773529090784656e-06,0.00037331928473416376,-0.002135406896064034,4.559962611838664e-06,0.0003676525790274887,0.007285385817848815,5.30768465145659e-05,0.0002774477768390238
142,0.00027462971228553457,4.5877366181038916e-05,0.00025804562550672355,0.00021216825932568464,-0.008012207972841884,6.419547659974878e-05,0.00024444680404167585,-0.0029226646338745975,8.541968562036928e-06,0.00019225690197044454,-0.008055721779047814,6.489465338133105e-05,0.0003374331705080502
143,-2.020981815786021,4.140695692778085e-05,0.00016210668636477502,0.00012069972943699417,0.006285902510188044,3.951257036727274e-05,0.0001622025211270861,-0.006716253896584149,4.5108066403787284e-05,0.00016191815853250358,-0.006292871682421165,3.960023401228252e-05,0.0001621993794347354
144,0.00010472661337335154,4.914446781519496e-05,0.00027026598287342257,0.0002211215150582276,-0.008157984599522251,6.655271272593133e-05,0.00026280519793120405,-0.008814892377200286,7.77023276219424e-05,0.0002037042647373699,0.0017827964262122336,3.1783630977111343e-06,0.0003442884859516937
145,0.00040917569936926856,9.297647029286409e-05,0.00023000175565524028,0.00013702528536237618,-0.00894269460334396,7.997178676832917e-05,0.0002665278431984719,0.009165423202999175,8.400498249006016e-05,0.00024178937814445245,0.010721596971546496,0.00011495264162020291,0.0001816880456227965
146,1.3051317753864922e-05,1.1851193137772201e-05,0.0002991018327555735,0.0002872506396178013,0.003333992735283752,1.1115507558723259e-05,0.0002976085829952124,-0.0034140025861154498,1.1655413658107072e-05,0.0003226065364436703,0.003575284351954777,1.2782658196486274e-05,0.0002770903788278378
147,0.00015717838628093173,4.735364543044055e-05,0.00033921998379715657,0.000291866338366716,-0.0036543655561471363,1.335438761806973e-05,0.0005603211212107384,0.01119607116707469,0.00012535200957797255,0.00020548122811336889,0.0018315400884173234,3.354539095279385e-06,0.0002518576020673624
148,0.00010315006183669873,1.1197979490081464e-05,0.00012782894529835462,0.00011663096580827316,-0.0013838804109692847,1.915124992146744e-06,8.719080645014365e-05,-0.002613149585869156,6.828550758286589e-06,0.00014133517703440734,0.004985003783307151,2.4850262719811056e-05,0.00015496085241051283
149,0.00010456114025525487,3.919790412195331e-05,0.00017400628575000207,0.00013480838162804876,0.005804949422747703,3.369743780046175e-05,0.00019730900516767846,-0.008627931984336578,7.444121032629258e-05,0.00010642478179534454,-0.003074908818113943,9.455064239105582e-06,0.00021828507028698318
150,0.0001327859773920803,0.00010042023398859623,0.0002738125974132514,0.0001733923634246552,0.0070504033094667545,4.970818682636935e-05,0.0002556432713617385,-0.011376865693786384,0.00012943307301482854,0.0003157388511710879,0.011050766585402036,0.0001221194421245908,0.00025005566970692783
151,9.432443743528918e-05,2.6208954098216886e-05,0.00027258031993212156,0.0002463713658339047,0.0014973755757934763,2.2421336151046134e-06,0.0004342640849515078,0.001255755215398303,1.576921160872935e-06,0.0001842562798699543,-0.008649150681924038,7.480780751867311e-05,0.00019922059497490263
152,3.2031487611328124e-05,2.3406040512171284e-05,0.00027921985650436465,0.0002558138159921934,0.003994199134122139,1.5953626723241854e-05,0.00040824428973018634,0.005598466027313016,3.1342821858793e-05,0.0002321024969361707,0.004787658399931847,2.2921672954479e-05,0.00019731278284673692
153,3.297369741450673e-05,1.4242623607459612e-05,0.0003231807278435787,0.0003089381042361191,-0.003547917640946605,1.2587719586676371e-05,0.00041575932253301584,-0.003685171689188005,1.3580490379028198e-05,0.0003264870046483237,0.004069356319727671,1.6559660856674263e-05,0.00022729585634939653
154,0.000551617274021976,0.00015132926633306307,0.0003109088386040737,0.00015957957227101063,-0.005667027021939079,3.211519526757911e-05,0.00016263991905407504,0.018247316289405204,0.00033296455176579087,0.0005564713715481284,-0.00942910663667474,8.890805196581919e-05,0.00021361522521001763
155,0.00013109727556581685,2.821429197478557e-05,0.00020355261099906188,0.00017533831902427632,-0.004570887125489854,2.0893009114120176e-05,0.00013382676887196965,0.007327084917581206,5.3686173389522196e-05,0.0002270278171261353,-0.0031723324889458473,1.0063693420714337e-05,0.00024980324699908074
156,0.0001740784927161121,4.91547030634365e-05,0.00018180918670844073,0.00013265448364500423,0.005011108067443084,2.5111204063343884e-05,0.00016520163286437572,0.009981589481726255,9.963212858155046e-05,0.000316570134498928,-0.004766631572238697,2.2720776545415156e-05,6.365579276201849e-05
157,0.0001843568928217021,0.00013660783185442948,0.00040099491129104897,0.0002643870794366195,0.012847890638312529,0.00016506829385398714,0.000490727604419483,-0.009388406898061709,8.814218408392804e-05,0.0003553265345335177,-0.012514512280769254,0.00015661301762537327,0.0003569305949201462
158,6.770135621614326e-05,1.2386386333163024e-05,0.0002403249538453315,0.00022793856751216848,0.003345794600853352,1.119434151086729e-05,0.00025759828258031803,-0.001917306852163674,3.676065565505482e-06,0.0001993890932351361,0.0047210964746176275,2.22887519231163e-05,0.0002639874857205404
159,9.588265369631088e-05,3.434079377636253e-05,0.00013720052901851817,0.00010285973524215564,-0.009187864625604922,8.441685637883278e-05,0.00019030326759506,-0.0029357940450739856,8.618886675360038e-06,6.913895023297201e-05,0.0031601642797738708,9.986638274894766e-06,0.0001521593692275225
160,0.00020491866388117064,8.799730915128497e-05,0.00017070168349886394,8.270437434757898e-05,-0.012164182233234837,0.00014796732940325352,0.00023954853607111026,-0.0031277508383358967,9.782825306392517e-06,6.238471187236527e-05,-0.01030736497578304,0.00010624177274420887,0.0002101718025531163
161,0.00015744571343923042,4.7905906779684614e-05,0.0002499627537145832,0.0002020568469348986,0.0031252827096549494,9.767392015302967e-06,0.00032382195612579157,-0.007934165636692558,6.295098435038504e-05,0.000181201537347353,-0.008426110845061705,7.099934397336582e-05,0.00024486476767060505
162,-2.9954534056083477,2.2135470378881195e-06,0.0001654164843984581,0.00016320293736056998,-0.0014877993942878048,2.213547038110164e-06,0.00016541648439916123,0.0014877993942878055,2.2135470371109633e-06,0.0001654164843970518,-0.0014877993942878037,2.213547038443231e-06,0.00016541648439916123
163,9.671625368512515e-05,4.261315058521712e-05,0.00025920538442976887,0.00021659223384455176,-0.003454320004302567,1.1932326692165596e-05,0.00011978902046061446,0.009717134025056088,9.442269366100042e-05,0.000270011254554281,-0.00463513013871841,2.148443140248535e-05,0.0003878158782744112
164,7.629682085918965e-05,1.1735105347243646e-05,0.0003661276095472399,0.00035439250419999624,-0.004609914293019931,2.125130978891665e-05,0.00048089220882285844,-0.002895547248012672,8.384193865618172e-06,0.00027231937150629104,-0.0023600449967970307,5.569812387196116e-06,0.0003451712483125702
165,0.0001298708768663337,5.1136049986374076e-05,0.00023537990082878046,0.00018424385084240638,0.006014931657507447,3.617940284372789e-05,0.00026163585693461666,0.0005881117841309761,3.458754701535227e-07,0.00021015547873237672,0.01081123821054972,0.0001168828716452408,0.000234348366819348
166,0.0003430748892179203,0.0001557276093595202,0.00036796867570805986,0.00021224106634853965,-0.007886209122823248,6.219229432880002e-05,0.0003175109396557074,-0.0163397124177964,0.0002669862018963576,0.0004028223622911664,-0.011747524498953355,0.000138004331853403,0.0003835727251773058
167,0.00010313946273021735,5.101223505240189e-06,0.00027902689972699363,0.00027392567622175346,-0.0018221765237491296,3.3203272840065523e-06,0.0003547428418694265,0.003138775232044066,9.851909956837268e-06,0.0002546998218428964,-0.001459942901366568,2.1314332748767484e-06,0.00022763803546865802
168,0.0004412968009227525,0.00014286473872386166,0.0004387231183066535,0.0002958583795827918,-0.019819162386212518,0.00039279919769108496,0.0007889959129656621,0.0014330627147933438,2.0536687446170987e-06,0.00027839554032571545,-0.005808730475382993,3.374134973588294e-05,0.00024877790162858293
169,-3.1451713474222824,3.469348232224926e-05,0.0001660678358316181,0.00013137435350936885,-0.0058901173437117165,3.46934823224343e-05,0.00016606783583172913,-0.005890117343711721,3.46934823214351e-05,0.00016606783583072993,-0.005890117343711713,3.469348232287839e-05,0.00016606783583239526
170,0.00015847694526682776,7.827776550913453e-05,0.00016587527307158437,8.759750756244984e-05,0.008194664576493317,6.715252752176326e-05,0.0001702550964963745,0.012226012443825401,0.00014947538027632046,0.00021997662244532812,-0.004266777323587455,1.820538872931987e-05,0.00010739410027305052
171,0.00043104737153043526,0.0001604077981749441,0.0005713465217241179,0.0004109387235491738,0.004150410852437051,1.7225910244111908e-05,0.0008328594329848338,-0.00673920044290849,4.541682260972291e-05,0.00031319498127768686,-0.02045924391739168,0.0004185806616709975,0.0005679851509098333
172,5.270386058187082e-05,1.8297239904615143e-05,0.0004209712849115495,0.0004026740450069344,-0.0035884892336982242,1.2877254980114827e-05,0.0005335838334489251,0.00277273487719977,7.688058698662736e-06,0.00039703031618743,0.00585887412689511,3.432640603506787e-05,0.00033229970509829343
173,2.9174636729134562e-05,1.9412156726517082e-05,0.00019451059426859688,0.0001750984375420798,-0.005145814521843806,2.64794070938823e-05,0.00019526495654775822,-0.0025419831281977725,6.4616782243787085e-06,0.000221077377013712,-0.005029451745659262,2.5295384861290238e-05,0.00016718944924432044
174,0.00021176060724326096,0.00010558269121274666,0.00024407184990823025,0.0001384891586954836,-0.011749260120553471,0.00013804511338011416,0.00022764173730882575,-0.011692394748027937,0.00013671209494381387,0.00023504224781278893,-0.006480035903782161,4.1990865314311954e-05,0.00026953156460307603
175,-2.6054396695261546,1.3942354253041836e-05,0.0002477875761172088,0.00023384522186416698,0.003718913138272459,1.3830314930074472e-05,0.00024783148924667486,-0.003762245946584464,1.4154494562879094e-05,0.0002476929444792386,-0.0037205178762535476,1.3842253266171944e-05,0.00024783829462571294
176,-3.2212830142003845,1.0,1.0,0.0,0.0,1.0,1.0,0.0,1.0,1.0,0.0,1.0,1.0
177,0.00025235274570978294,8.034039267845738e-05,0.0002438102196194262,0.00016346982694096882,-0.003180972410523218,1.0118585476504016e-05,0.0003309763319078174,0.015168777990800679,0.00023009182573408005,0.0003326701474741789,0.0009004259130677856,8.107668247880895e-07,6.778417947628235e-05
178,0.00010847017629012079,3.3272294073312857e-05,0.00015855527251377546,0.0001252829784404626,-0.009381952001461408,8.802102335803141e-05,0.00028633992939064434,0.003250454191195585,1.056545244981777e-05,0.00015458476454355274,-0.0011092368602898658,1.2304064120893798e-06,3.474112360712933e-05
179,-3.2212830142003845,1.0,1.0,0.0,0.0,1.0,1.0,0.0,1.0,1.0,0.0,1.0,1.0
180,0.00022552872502412669,5.772776001748229e-05,0.0005330944080998989,0.00047536664808241663,0.002867217319191327,8.220935155622833e-06,0.00010439785547744496,0.007579149356398913,5.7443504966725456e-05,0.001070401416185307,-0.010369129178960377,0.00010751883993009859,0.00042448395263694483
181,0.00032747639313701615,0.00016836834013519061,0.0003406096151914821,0.00017224127505629147,-0.014179239065365421,0.00020105082047294776,0.00027824862562375596,-0.009068138429359442,8.223113457406228e-05,0.00034639438639982867,-0.014893725704415535,0.00022182306535856178,0.00039718583355086157
182,2.187686151389201e-05,7.497418441896701e-06,0.0001299966076381646,0.0001224991891962679,0.0012745598734405015,1.6245028704453546e-06,8.181523341388441e-05,-0.0006504540048899318,4.2309041214938503e-07,0.00012380224017516372,-0.004521577384414107,2.0444662043095363e-05,0.00018437234932544566
183,0.00028862113901406694,6.335781633896402e-05,0.00041308992104760467,0.00034973210470864063,0.005757930292625086,3.315376125512248e-05,0.000663232933360125,-0.010021249901627996,0.0001004254495907686,0.00030943233723101926,-0.007516264908252323,5.6494238171000966e-05,0.00026660449255166974
184,-3.2212830142003845,1.0,1.0,0.0,0.0,1.0,1.0,0.0,1.0,1.0,0.0,1.0,1.0
185,1.901353231636982e-05,7.641396146063073e-06,0.00019984963743376513,0.00019220824128770206,-0.002134551304729709,4.556309272540915e-06,0.00015182253561185632,0.003270893798938943,1.0698746244264257e-05,0.000257255256471689,-0.0027693199384351847,7.669132921384048e-06,0.00019047112021775003
186,0.013786679682773362,0.005389725109748074,0.013861163978195479,0.008471438868447406,-0.025818816765922712,0.0006666112991923212,0.0033174587135328393,-0.10783378100471915,0.011628124325773759,0.02627520709962805,0.06224499742371365,0.003874439704278143,0.011990826121425546
187,6.826669840420685e-05,1.901311570184916e-05,8.14453620385791e-05,6.243224633672995e-05,-0.006436566956189462,4.142939418116942e-05,7.26428654574951e-05,-0.0013298759201286166,1.768569962479205e-06,0.00012425931229353981,0.0037204009141411903,1.3841382961898852e-05,4.7433908364702404e-05
188,0.0002337268092180711,0.00018250925525531425,0.00036522919686884,0.00018271994161352573,0.014024016116553625,0.0001966730280374973,0.0005226113801399812,0.011977654340677421,0.00014346420350475064,0.00019668019445184814,-0.014401060177047151,0.0002073905342236948,0.00037639601601469064
189,0.00011940333163107386,3.928931829103958e-05,0.00027961881070862987,0.0002403294924175903,0.007348683666480527,5.4003151629955504e-05,0.00031851318928100003,-0.0017706532417062768,3.135212902072304e-06,0.0001802450577919057,-0.007792919243867714,6.072959034109093e-05,0.00034009818505298384
190,0.00021397460557659453,0.00010889939434429359,0.00028390497206154386,0.00017500557771725028,-0.013165769942782912,0.00017333749818659872,0.0003810072941299314,-0.0023709753826534545,5.621524265086997e-06,0.00011560718265268832,-0.012154799898854828,0.00014773916058119507,0.00035510043940201186
191,-3.2212830142003845,1.0,1.0,0.0,0.0,1.0,1.0,0.0,1.0,1.0,0.0,1.0,1.0
192,1.6919500358314465e-05,6.454487026926377e-06,0.0002185836048786601,0.00021212911785173372,-0.0035609420751580873,1.268030846202084e-05,0.0002766573834224184,0.0025850354681936447,6.682408371760928e-06,0.0002845801577874285,2.7280894767654676e-05,7.442469973639732e-10,9.451327342613336e-05
193,5.448385388151511e-05,2.244450541777354e-05,0.0001588828644878785,0.00013643835907010496,-0.0004933887756876032,2.4343248417046937e-07,0.00015661978884073946,-0.0055610949240691,3.092577675467556e-05,0.0001603407341609353,-0.006013676663607318,3.6164307014474595e-05,0.00015968807046196076
194,3.670045604498018e-05,6.861502376424393e-06,0.00014762005169262812,0.00014075854931620374,0.001226382626714228,1.5040143471756195e-06,5.961854437119829e-05,0.004222234495983221,1.7827264139458343e-05,0.00029976200151971,0.001119476950352924,1.2532286426392147e-06,8.347960918697606e-05
195,0.00013481585769803406,4.397268572642332e-05,0.000151777832507675,0.00010780514678125167,-0.003261148519314282,1.063508966470117e-05,0.00014281894691725583,0.01093846940350592,0.00011965011289150063,0.00023287352232570502,-0.0012778320011223702,1.6328546230681695e-06,7.964102828006414e-05
196,0.00014844929624135972,4.397809115186391e-05,0.00028842708243788834,0.00024444899128602443,0.008239134986910968,6.788334533258666e-05,0.0003430702523847806,0.0026263781837295138,6.897862363963725e-06,0.0002623321949528634,-0.007559964666540586,5.715306575904133e-05,0.00025987879997602104
197,0.00032095533158083,3.5854033067939106e-05,0.0002870623078439216,0.0002512082747759825,0.007726803744255638,5.970349610195935e-05,0.00043749925797842426,-0.005562231807771176,3.093842268320213e-05,0.0003006117810409048,-0.0041134146908766295,1.692018041865584e-05,0.00012307588451243578
198,0.0003513540899284795,0.00014505144606683876,0.000555799733475267,0.0004107482874084283,0.014599434434658913,0.00021314348581147335,0.0008360802644153953,-0.014773737490499598,0.0002182633194385275,0.0005373994225759127,0.001935854578939893,3.747532950515442e-06,0.00029391951343449296
199,-3.2212830142003845,1.0,1.0,0.0,0.0,1.0,1.0,0.0,1.0,1.0,0.0,1.0,1.0
200,0.00022096891884459957,8.884679624909797e-05,0.0003352316104078638,0.00024638481415876584,0.012806613413361692,0.00016400934711935378,0.00044161071732928825,-0.0004508616881489414,2.0327626193417103e-07,0.0002424019261727528,0.010115718727114788,0.00010232776536600596,0.00032168218772155033
201,9.057639146148322e-05,5.6676569428907676e-05,0.0001799396772781403,0.00012326310784923264,0.001044983155492466,1.091989795698467e-06,0.00011508451884523208,0.00933447901661235,8.713249851177718e-05,0.00021971939860043754,0.009044623816383112,8.180521997924739e-05,0.0002050151143887513
202,7.754714097696347e-05,1.8770665367928707e-05,0.00016802169831523864,0.00014925103294730993,0.0005585281183525465,3.119536593487737e-07,0.00017789774979382056,-0.005764435655814975,3.322871843003394e-05,0.00017994893243200583,0.004771930847634557,2.2771324014403405e-05,0.00014621841271988956
203,-3.2212830142003845,1.0,1.0,0.0,0.0,1.0,1.0,0.0,1.0,1.0,0.0,1.0,1.0
204,8.941408611917723e-05,4.3930939881050195e-06,0.00015984116496547962,0.0001554480709773746,-0.0013407566503040062,1.7976283954723726e-06,7.026950277710942e-05,0.00274092743070041,7.512683179999868e-06,0.00018639192875691268,-0.0019669698494834613,3.868970388842818e-06,0.00022286206336241676
205,0.00012982453489363,2.918933479426992e-05,0.00020467032304142632,0.0001754809882471564,-0.00158907688932099,2.5251653600344426e-06,0.00018006831935379886,-0.0001699133846164701,2.8870558499427545e-08,0.0002546059577716031,-0.009220301972510338,8.501396846427589e-05,0.00017933669199887703
206,0.00046554994305325614,0.000182239723444703,0.0009404807743552309,0.000758241050910528,0.008330429267000035,6.939605177236352e-05,0.0009967973899922544,-0.016322004874437534,0.00026640784312137455,0.0009089107813671227,-0.014522922413905532,0.00021091527544037092,0.0009157341517063156
207,3.884020433886359e-05,2.262381572393224e-05,0.0002576668498874464,0.0002350430341635142,-0.0021367258137486938,4.5655972036318104e-06,0.0003887362895528268,0.004985171673419942,2.4851936613390357e-05,0.00016942876712289223,-0.006201121943232942,3.845391335477455e-05,0.0002148354929866203
208,-3.1997051205905844,1.0907714768452573e-08,0.00015896945141343397,0.00015895854369866552,-0.0001044400059128951,1.090771561962356e-08,0.0001589694514146922,-0.00010444000591289509,1.090771473144514e-08,0.00015896945141302687,-0.00010444000591289514,1.0907713954289022e-08,0.00015896945141258279
209,3.7423115630708104e-05,7.3493835997714046e-06,0.00024708920429883374,0.00023973982069906233,0.0004010833757076106,1.6086787379965273e-07,4.2879609869039825e-05,0.004187197513644299,1.7532623018179372e-05,0.0003286426587669755,0.0020867821897156227,4.35465990733519e-06,0.0003697453442604859
210,0.00033144757054737184,0.00013778948746675143,0.00027286610451437987,0.00013507661704762844,0.002529605147928958,6.3989022048849264e-06,0.00012812265619521757,-0.011902216488112991,0.00014166275732996336,0.00033192397637626936,0.016288241245301295,0.000265306802865406,0.0003585516809716527
211,-3.2212830142003845,1.0,1.0,0.0,0.0,1.0,1.0,0.0,1.0,1.0,0.0,1.0,1.0
212,0.0002606020564595024,8.75304138682198e-05,0.00025156628548147114,0.00016403587161325134,0.0025776791500130222,6.644429800362062e-06,0.0002132518687472107,-0.015197181675860722,0.00023095433088882178,0.00030581418114694614,0.004999248034985785,2.4992480915475568e-05,0.00023563280655025665
213,3.749418193532694e-05,1.1634686611472489e-05,0.0002631404485858857,0.0002515057619744132,0.004784085484714165,2.2887473925092827e-05,0.00027204169892569574,-0.0013942381496976682,1.943900018286371e-06,0.00025523556973161554,-0.003173749500321677,1.0072685891038269e-05,0.0002621440771003458
214,-3.2212830142003845,1.0,1.0,0.0,0.0,1.0,1.0,0.0,1.0,1.0,0.0,1.0,1.0
215,0.000873005543888028,0.00037066801862776594,0.0014491963426874384,0.0010785283240596724,0.021901996795360715,0.0004796974636238627,0.0012484189894431674,-0.008597425928695711,7.391573259940554e-05,0.001861914054633096,-0.02363029537817859,0.0005583908596600295,0.001237255983986052
216,0.0002717299892237568,0.00015356933503533435,0.0003253573325244045,0.00017178799748907017,0.014011267817432236,0.00019631562585131768,0.0002736057345231746,-0.0033762486873342872,1.1399055198979546e-05,0.000293211156711326,-0.01590576386270328,0.00025299332405570585,0.00040925510633871287
217,-3.1843020158269306,5.982398345342569e-05,0.00017405588940733185,0.00011423190595390617,-0.007734596528211597,5.982398345349971e-05,0.0001740558894075539,0.007734596528211596,5.982398345416584e-05,0.000174055889408109,-0.007734596528211602,5.982398345261153e-05,0.00017405588940633265
218,0.0002116773441495079,0.00010275638093060202,0.00019043080208277127,8.767442115216925e-05,0.013231304662159443,0.00017506742306272471,0.0002496879148250475,0.010402026897494114,0.0001082021635760988,0.00019096523368833385,0.004999955615071883,2.499955615298255e-05,0.00013063925773493246
219,-3.2212830142003845,1.0,1.0,0.0,0.0,1.0,1.0,0.0,1.0,1.0,0.0,1.0,1.0
220,0.00019370201108093177,3.358335576442162e-05,0.0004735561961063765,0.0004399728403419549,-0.0073813101945874714,5.4483740188682184e-05,0.00035610243993255963,-0.006163945101405705,3.799421921302226e-05,0.0005640582960325657,-0.0028761272384086128,8.27210789156041e-06,0.0005005078523540041
221,0.0096362981288044,0.004430523291442963,0.005694333403081564,0.001263810111638601,-0.04836504360443572,0.002339177442858942,0.0034419873652172805,-0.08614465166016347,0.00742090100965076,0.00982357265711109,-0.05942635292375962,0.0035314914218191884,0.003817440186916321
222,-3.2212830142003845,1.0,1.0,0.0,0.0,1.0,1.0,0.0,1.0,1.0,0.0,1.0,1.0
223,3.0528471282376124e-05,3.712238531720461e-06,0.0003978466009064707,0.00039413436237475025,-0.002968026147710105,8.80917921330937e-06,0.00044798995751227366,-0.001366627631232766,1.8676710831222465e-06,0.0004315988650888114,-0.0006781336877408532,4.598652987297669e-07,0.0003139509801183271
224,0.000134594351407058,2.9543246926611033e-06,0.00012779681301574217,0.00012484248832308106,-0.0027844353470364014,7.75308020195542e-06,0.00028252611393897453,0.0005395720518780758,2.911379993753016e-07,5.225098836625364e-05,0.0009048513006925172,8.187558766525882e-07,4.86133367419983e-05
225,6.92102388959448e-05,3.218056282890588e-05,0.00021749529147134053,0.00018531472864243465,0.00036219400237712723,1.3118449537774524e-07,0.00014256863363670824,-0.006987721563807022,4.882825265317692e-05,0.0003061160156602183,0.00689798893430711,4.758225133816296e-05,0.00020380122511709509
226,2.9252268331836362e-05,9.061827338174844e-06,0.00012728511007135493,0.00011822328273318009,-0.004138464941009528,1.7126892068008992e-05,0.00014208965038764454,0.0006731223857964316,4.5309374629987076e-07,0.00015667033211141934,-0.0030992734954900735,9.605496200215669e-06,8.309534771500093e-05
227,-3.2212830142003845,1.0,1.0,0.0,0.0,1.0,1.0,0.0,1.0,1.0,0.0,1.0,1.0
228,-3.142338870445048,6.687961635609696e-07,0.00016116806542032514,0.00016049926925676417,-0.000817799586337045,6.687961643381257e-07,0.00016116806542054718,0.0008177995863370449,6.687961632279027e-07,0.00016116806542032514,-0.0008177995863370456,6.687961631168804e-07,0.0001611680654201031
229,9.954476567575199e-05,9.098274155923865e-05,0.0002902143231449106,0.00019923158158567195,-0.009791171626491351,9.586704181963057e-05,0.0003023826035599697,-0.00950692178335979,9.038156179519419e-05,0.0002958303698473719,-0.009311263129294381,8.66996210628912e-05,0.00027242999602739015
230,-3.079673281115981,8.368515564257292e-06,0.0001564459444354608,0.0001480774288712035,-0.002892838668899411,8.368515563739187e-06,0.00015644594443509074,0.0028928386688994107,8.368515564072254e-06,0.00015644594443509074,-0.00289283866889941,8.368515564960433e-06,0.00015644594443620097
231,-3.021505784950765,1.1643245216112301e-06,0.0002847229698280292,0.00028355864530641795,0.0009668703125920528,9.348382024043644e-07,0.0002770416219849414,0.001105374036327683,1.2218517595474765e-06,0.0002885258772280519,0.0011559773366463938,1.3362836028818492e-06,0.0002886014102710943
232,2.3031581205645857e-05,7.081893318476122e-06,0.00013532471452926131,0.0001282428212107852,-0.002545980149347337,6.4820149205946365e-06,0.00018934513186064095,0.0030009379964056953,9.005628857416959e-06,0.00014702484075734823,0.0023995908356119157,5.75803617741677e-06,6.960417096979477e-05
233,-3.2212830142003845,1.0,1.0,0.0,0.0,1.0,1.0,0.0,1.0,1.0,0.0,1.0,1.0
234,0.00030042135456653796,6.422160615819165e-05,0.00047146822889724643,0.00040724662273905476,0.006184250505200546,3.824495431092867e-05,0.0005561383430904288,0.010443417407345498,0.00010906496714391256,0.00036403274625040893,-0.006734604444209016,4.535489701973372e-05,0.0004942335973509016
235,-3.2212830142003845,1.0,1.0,0.0,0.0,1.0,1.0,0.0,1.0,1.0,0.0,1.0,1.0
236,2.9557120754697408e-05,4.169865295204171e-06,0.0002381325847456243,0.00023396271945042013,-0.0002322575650321585,5.394357660559734e-08,0.0002464340940585563,-0.002949421221490374,8.699085542018814e-06,0.0001130724547815376,0.0019381864633599675,3.756566766988101e-06,0.000354891205396779
237,0.0005002337186461592,0.0001259015218645724,0.0004881540285857448,0.0003622525067211724,-0.007708871566698924,5.9426700831921586e-05,0.0004934582580030655,-0.01530422407689298,0.00023421927459554848,0.0006311762304919144,-0.009168347188375102,8.405859016624717e-05,0.0003398275972622544
238,3.5871452206404086e-05,1.6422725728474734e-05,0.0002137366730653826,0.00019731394733690788,-0.0040693983195300674,1.656000268301927e-05,0.00014323064354238024,0.0035850637602112827,1.2852682164776752e-05,0.0002592161915497826,0.004455950217163549,1.9855492337628178e-05,0.000238763184103985
239,0.00012053959286084659,1.0048266969227745e-05,0.00020303632638629665,0.0001929880594170689,0.0028871231175936493,8.335479896315334e-06,0.0002085431313837427,0.004488993797882868,2.015106531738642e-05,0.00020826445510768732,-0.0012877327725898103,1.6582556939814808e-06,0.00019230139266745994
240,-3.2212830142003845,1.0,1.0,0.0,0.0,1.0,1.0,0.0,1.0,1.0,0.0,1.0,1.0
241,-3.158618726148946,3.559868422623828e-05,0.0002876640214610389,0.0002520653372348006,0.003290190691885988,1.0825354788579489e-05,0.00015708846157291845,0.007579981216853248,5.745611524721195e-05,0.0003219215294687494,0.006206011814638411,3.85145826429234e-05,0.00038398207334144896
242,0.00015874448598396373,1.863198058475272e-05,0.00010310646317024386,8.447448258549113e-05,0.0012538832425142952,1.572223185863919e-06,4.4375392853956974e-05,0.006490956497587609,4.213251625395653e-05,0.00014671949014710695,0.003491590227170858,1.219120231443771e-05,0.00011822450650966765
243,0.0001278209904623795,3.8042791763115424e-05,0.00016131551616664167,0.00012327272440352624,-0.009533528161170746,9.088815920010873e-05,0.00019728390529782924,-0.0029013418191058326,8.41778435145546e-06,8.65760261656856e-05,-0.0038499911346525674,1.4822431737782082e-05,0.00020008661703641017
244,2.890841536851152e-05,8.983610598090053e-06,0.00023755786741660087,0.00022857425681851082,-0.004723278040307346,2.2309355445448986e-05,0.0005364395000798661,-0.0007213571454146834,5.203561316280414e-07,1.884872295421225e-05,0.0020300542401003327,4.1211202171931305e-06,0.00015738537921572426
245,0.0012693099969619537,0.0004802936816054408,0.0010224399356623115,0.0005421462540568707,0.015823588461011423,0.00025038595178339396,0.00047887741187246924,-0.0324786171480882,0.001054860571852001,0.0014751394965279996,-0.011646223472907996,0.00013563452118092734,0.0011133028985864657
246,7.41325415357652e-05,1.630520599645487e-05,0.00027331431813733725,0.0002570091121408824,0.0069260864689003766,4.7970673774933026e-05,0.0002778147513763374,-0.0008048746165625146,6.478231483475483e-07,0.00024157928438961473,-0.0005450881269967738,2.9712106608403843e-07,0.0003005489186460597
247,2.4099307436631356e-05,1.3183959415963287e-05,0.00018542778265702906,0.00017224382324106577,0.00476343079955858,2.269027298262838e-05,0.00016183024597382634,-0.00328379612493478,1.0783316990337077e-05,0.00022016239822642003,-0.002465418478700797,6.078288274924404e-06,0.00017429070377084077
248,9.466335440577733e-05,1.226025101216018e-05,9.556351393191775e-05,8.330326291975758e-05,-0.0018040992957342426,3.2547742688793235e-06,6.14795879618768e-05,0.005781815846927832,3.3429394488027064e-05,0.00012378200372331616,-0.00031078011414842994,9.658427957415228e-08,0.0001014289501105603
249,0.00010661912343346014,3.0441259437408164e-05,0.00014779708907327235,0.00011735582963586419,-0.0074638534899674185,5.570910891972147e-05,0.0001885628293927244,0.004264003781519093,1.8181728248967133e-05,0.00019868484825980026,-0.00417527737323296,1.7432941143535885e-05,5.6143589567292373e-05
250,9.181540788616438e-05,5.205083839602646e-05,0.00025635864435195427,0.00020430780595592782,0.005726655017736046,3.279457769256311e-05,0.00017237923315527315,0.009109339401904185,8.298006433959948e-05,0.0003278256695767867,-0.006354358595155558,4.037787315591679e-05,0.0002688710303238029
251,-3.156630221668899,1.2848771895076124e-05,0.00016206932472236554,0.0001492205528272894,-0.0035845183630868658,1.2848771895668243e-05,0.00016206932472284663,0.0035845183630868658,1.2848771894002908e-05,0.00016206932472151436,0.0035845183630868645,1.284877189555722e-05,0.0001620693247227356
252,1.2292693972626445e-05,4.434145611575957e-06,0.0004565502245453083,0.00045211607893373235,-0.0033029816454321205,1.0909687750304542e-05,0.00015307785789453465,0.0010327985229094286,1.0666727889852012e-06,0.0002967043709098949,-0.0011515538613450307,1.3260762954381278e-06,0.0009198684448314953
253,0.0001382190063973221,2.0964081762997466e-05,0.000333664167240566,0.00031270008547756856,-0.006729444878520196,4.528542837312077e-05,0.0004933189684453998,0.00419601091824178,1.760650762627769e-05,0.00021697143444254774,-1.7586634796064042e-05,3.0928959393605737e-10,0.00029070209883375053
254,1.5244412333470514e-05,7.073395218511654e-06,0.00020001083372659748,0.0001929374385080858,0.0035527839408611567,1.2622273730777955e-05,0.00014196697762636212,-0.0008200016294244508,6.724026719862053e-07,0.000256571163840702,0.0028152280996197234,7.925509252770802e-06,0.00020149435971272833
255,0.00036358300254413223,0.00027427242431743437,0.0006963871516833345,0.00042211472736590017,0.01683869911824132,0.00028354178799461227,0.0006419275752143072,-0.01860035578454972,0.00034597323531160296,0.0010145439670568024,-0.013903317936586345,0.0001933022496460879,0.0004326899127788941
256,2.9688141717665317e-05,2.0840081309166556e-06,0.0003239172709104861,0.0003218332627795695,-0.00011347169585959224,1.2875825960989573e-08,0.0002748617542172038,-0.0014815639196262779,2.1950316487773236e-06,0.00033096436889823444,-0.0020109989850619044,4.044116918011653e-06,0.0003659256896160201
257,-3.2212830142003845,1.0,1.0,0.0,0.0,1.0,1.0,0.0,1.0,1.0,0.0,1.0,1.0
258,6.608176209677019e-06,2.3552934872069406e-06,0.0003212321005208185,0.0003188768070336116,0.001714415401911146,2.9392201701394782e-06,0.00033519994076791626,0.0013942845345718956,1.9440293628214533e-06,0.00030976377195635063,0.0014773729824313787,2.18263092865989e-06,0.00031873258883818867
259,0.00015596193710654127,7.345972093656765e-05,0.0005327070190904726,0.0004592472981539049,0.007260278168485731,5.2711639084046524e-05,0.00042905901598166984,-0.010792933856932413,0.0001164874212400413,0.0005336062502261374,0.007154027011801342,5.118010248561511e-05,0.0006354557910636105
260,8.831510386120289e-05,5.682656540365964e-06,0.0001724066543244973,0.00016672399778413136,0.0007387158134350885,5.457010521237038e-07,0.00017883207691959946,0.002556435364347707,6.5353617724195345e-06,0.0001770256934233716,0.0031570408290017065,9.966906796554653e-06,0.00016136219263052087
261,3.389105769413536e-05,8.895668401195008e-06,0.000145191787429814,0.000136296119028619,0.0010691743804879961,1.1431338557965631e-06,0.00012993042716169523,-0.0009212675396799343,8.487338793994326e-07,0.00019524225239642146,-0.004969420234685958,2.4695137468389028e-05,0.00011040268273132536
262,0.0012180659840834718,0.0006857389932450145,0.0018473713885674241,0.0011616323953224095,-0.029222174966153664,0.0008539355097526569,0.0022939891495358244,0.0003402291134829502,1.1575584957235208e-07,0.00011345576090127096,-0.03468667920301335,0.0012031657141328145,0.0031346692552651767
263,0.0004000128546791659,0.00011563234882028262,0.0004210526157774804,0.00030542026695719776,0.015920993520847408,0.00025347803469122354,0.0006022557986175014,-0.00682792963996933,4.662062316873605e-05,0.00028043679849876213,-0.006840934775381395,4.679838860088825e-05,0.0003804652502161776
264,6.875373233294901e-05,1.5878807370158416e-05,7.615278748640542e-05,6.0273980116247e-05,0.004842508153956718,2.3449885221182853e-05,7.380521837074827e-05,0.0026738409985289477,7.149425684693789e-06,7.277962388974046e-05,0.00412760356680664,1.703711120459861e-05,8.187352019872751e-05
265,-3.2212830142003845,1.0,1.0,0.0,0.0,1.0,1.0,0.0,1.0,1.0,0.0,1.0,1.0
266,6.576137120462011e-05,1.9801831758240834e-05,0.00021375097582232438,0.00019394914406408356,0.0023573969506921573,5.557320382987285e-06,0.00021945437562231884,-0.005343369332856809,2.8551595828041343e-05,0.0001639405410766015,0.0050295704650973215,2.529657906369387e-05,0.0002578580107680528
267,0.00034134447015865543,0.00013471373972736198,0.0004155181696546828,0.0002808044299273208,-0.009787559608071646,9.57963230813208e-05,0.0004891224658311044,-0.0005576211830774547,3.109413836410724e-07,0.0002428889518047983,-0.01755089612289859,0.000308033954717124,0.0005145430913281457
268,-3.2212830142003845,1.0,1.0,0.0,0.0,1.0,1.0,0.0,1.0,1.0,0.0,1.0,1.0
269,0.0001574809262123722,0.0001197760102140677,0.0002831807551116154,0.0001634047448975477,0.010525007307243277,0.0001107757788181285,0.0002514184001541908,0.012015705923422645,0.00014437718883819617,0.00031138967527999384,-0.010206618587231337,0.00010417506298587842,0.00028673418990066146
270,0.00015524998911287113,2.147243110324955e-05,0.00022759331427146812,0.00020612088316821856,0.006305308305530811,3.975691282731564e-05,0.0002580293248712895,-0.004235333109766501,1.793804655125797e-05,0.0001763139109159928,0.002592746407136539,6.722333931175051e-06,0.00024843670702712206
271,0.00010231578533526076,3.912900905037967e-05,0.00031739694054300216,0.00027826793149262247,0.0023911757630934857,5.717721529907571e-06,0.0002443101303396533,-0.009037251361662748,8.167191217400838e-05,0.0002263155397350669,0.005476987625257017,2.9997393447223075e-05,0.00048156515155428625
272,0.00011470041034788991,5.6319667225005844e-05,0.00026965884810270513,0.0002133391808776993,-0.006777762718637909,4.593806746999718e-05,0.0002519590880308842,0.004565436062002855,2.0843206436360617e-05,0.00011665020412010563,0.010108299944527648,0.00010217772776865974,0.0004403672521571256
273,-3.2212830142003845,1.0,1.0,0.0,0.0,1.0,1.0,0.0,1.0,1.0,0.0,1.0,1.0
274,3.1618485910822614e-05,1.0028834064164846e-05,0.0002796782882439712,0.00026964945417980635,0.003957439667978618,1.5661328726213064e-05,0.00027870755323611274,-0.0034913071584133882,1.2189225674363868e-05,0.00018182394117638445,-0.0014953085943000609,2.235947791917603e-06,0.0003785033703194163
275,3.6765771318947316e-05,2.907041414627424e-07,0.00016694826202386567,0.00016665755788240294,-0.0005875674000815464,3.452354491173537e-07,0.0001695368142176079,0.0005965075087602079,3.5582120871957557e-07,0.00016258593788487374,-0.0004135888859829491,1.7105576655129795e-07,0.00016872203396911534
276,3.6868606298257056e-05,1.4049888936680984e-05,8.968833576102526e-05,7.563844682434429e-05,0.0013637081231463,1.8596998453412894e-06,5.485885621892006e-05,-0.0019956774872779445,3.982728633444843e-06,7.413346559093092e-05,-0.006025548799173139,3.630723833125682e-05,0.00014007268547322482
277,7.487500385772172e-05,2.9016791461537277e-05,0.0003973175406769558,0.0003683007492154185,-0.0001701355024555356,2.894608941428345e-08,0.0003339889943863028,0.008521727084858792,7.261983250905768e-05,0.000487938588462411,0.0037949434496826165,1.4401595786139865e-05,0.00037002503918215357
278,-3.034912764619561,3.596186029545626e-05,0.0001559662311971429,0.00012000437090168664,0.007501224262468102,5.626836543570768e-05,0.00013178068737063064,-0.0069301020240582906,4.802631406364277e-05,0.0001679206279460166,0.0018949673843593362,3.5909013870183415e-06,0.00016819737827478143
279,0.00012093768268861549,4.3485810802120405e-05,0.0002376075040805281,0.0001941216932784077,0.007387529728215685,5.4575595485384376e-05,0.00020818765018115748,0.003986871597174569,1.5895145132449606e-05,0.00027112797733641614,0.007745107603427136,5.9986691788527224e-05,0.0002335068847240107
280,-3.2212830142003845,1.0,1.0,0.0,0.0,1.0,1.0,0.0,1.0,1.0,0.0,1.0,1.0
281,0.0002557605323504353,8.985356399053106e-05,0.00030723748142924556,0.0002173839174387145,-0.012973490119995938,0.0001683114458936874,0.00048169068005043947,0.006532970597262418,4.267970482496608e-05,0.0002610315598553514,-0.007653073974109605,5.856954125293967e-05,0.0001789902043819458
282,3.6836778270488146e-05,6.256169366891662e-06,0.00025507079605454247,0.0002488146266876508,0.002974071483649543,8.845101189813853e-06,0.00035403030512126676,-0.003026937761580512,9.162352212044311e-06,0.00023710685014599608,-0.0008723844903177706,7.61054698816821e-07,0.00017407523289636462
283,0.00025090456696608143,0.000116928632788967,0.0002375120417528557,0.00012058340896388871,0.006673867026180484,4.454050108326779e-05,0.0002801072943926508,-0.00932290394024891,8.691653787895604e-05,0.00014734438216090773,0.014809755548435492,0.00021932885940467717,0.0002850844487050086
284,0.00013219746079928818,2.1465730194532757e-05,0.00029230367082773895,0.0002708379406332062,-0.0011161929106239588,1.2458866143205682e-06,0.00010646092973021215,0.0074515727669568965,5.5525936701217304e-05,0.0005583253498715468,-0.0027614067552544893,7.625367268060401e-06,0.00021212473288145794
285,-3.16643992701367,2.4336833234217536e-05,0.0001619270982417357,0.00013759026500751817,-0.004966303389243831,2.4664169353427745e-05,0.0001619935101822012,-0.004684382421502355,2.194343867090165e-05,0.00016131877874125955,-0.0051383744198525245,2.6402891678323215e-05,0.0001624690058017464
286,2.93222293502593e-05,7.732317022779434e-06,0.0001628850625727818,0.00015515274555000236,0.0043125129729708524,1.8597768141948023e-05,0.0002166640990490798,-0.0008911759806311683,7.941946282841172e-07,0.00020959599875336465,-0.0019506379208382506,3.80498829810616e-06,6.239508991590093e-05
287,0.00790112467724191,0.0025419438160116936,0.004831728233227121,0.0022897844172154276,-0.03667698296618634,0.0013452010795020897,0.0036164570438866894,0.0031443073944441005,9.886668990599645e-06,0.000224947964565958,-0.07918802750127514,0.0062707436995423915,0.010653779691228715
288,3.9725203046625523e-05,7.989313049054184e-06,0.0002661942285587064,0.0002582049155096522,0.004097967832690117,1.679334035753488e-05,6.598373968058624e-05,0.0014608993913513986,2.134227031991287e-06,0.00037336325427228534,-0.0022450772275804235,5.040371757636386e-06,0.00035923569172324754
289,0.000870193092969318,0.00030654535254452203,0.0007512779811032674,0.00044473262855874535,-0.004140907963007945,1.7147118757887547e-05,0.0008221468197143755,-0.026161527755200576,0.0006844255344858885,0.0008943882213726662,-0.014766970047709552,0.00021806340438979,0.0005372989022227603
290,3.847935974776728e-05,2.029117570930457e-05,0.00013414778508365663,0.00011385660937435206,0.004262188496597236,1.8166250780438098e-05,0.00013367950468012868,-0.0046883431281221095,2.1980561287104905e-05,0.00010124424844215607,-0.004552660218000618,2.0726715060370715e-05,0.0001675196021286851
291,-3.2212830142003845,1.0,1.0,0.0,0.0,1.0,1.0,0.0,1.0,1.0,0.0,1.0,1.0
292,8.520897120445348e-06,2.0835758130684687e-06,0.00027780023013327754,0.0002757166543202091,0.0015745651294732249,2.479255347354048e-06,0.0002587485858058791,0.00181027226315999,3.2770856667196924e-06,0.00023480126415720282,-0.0007031261801250993,4.943864251316654e-07,0.0003398508404367506
293,0.00021670346250857175,7.714177845641323e-05,0.0006274426000110189,0.0005503008215546057,0.005454034014004752,2.974648702558369e-05,0.0004646407669899322,0.014161768760914867,0.0002005556944377762,0.0004478332269689522,-0.001059789557253956,1.1231539058798035e-06,0.0009698538060741724
294,-3.2212830142003845,1.0,1.0,0.0,0.0,1.0,1.0,0.0,1.0,1.0,0.0,1.0,1.0
295,-3.2212830142003845,1.0,1.0,0.0,0.0,1.0,1.0,0.0,1.0,1.0,0.0,1.0,1.0
296,0.0001173258392899168,3.325350888287263e-05,0.00016192314313182946,0.00012866963424895683,0.0006909110106563345,4.773580243311315e-07,0.00011451165194376056,0.009750621090989725,9.507461166025077e-05,0.00023061510429300824,0.00205147677655184,4.208556964035992e-06,0.0001406426731587196
297,5.204500769262488e-05,1.8650494638302224e-05,0.0002117307995412506,0.00019308030490294836,-0.005426060306923667,2.944213045386057e-05,0.00016986029004395498,0.001997289998889221,3.9891673391245774e-06,0.0002578097082204245,0.004745543817319536,2.2520186121921526e-05,0.0002075224003593723
298,7.950369549625247e-05,2.2763886876904966e-05,0.0001208651147663516,9.810122788944664e-05,-0.0025958752588998704,6.738568359532238e-06,4.438323518074494e-05,-0.0025705353482791816,6.6076519764646235e-06,0.00017155303013682843,-0.007412519159815125,5.494544029471804e-05,0.00014665907898148145
299,0.00026489847635979835,2.9444506866667847e-05,0.00011685406165018453,8.740955478351668e-05,-0.0030316716926436565,9.1910332518097e-06,3.970373578665587e-05,-0.004238207299359418,1.7962401112292525e-05,0.00011542144419385281,-0.007821770019356761,6.118008623590132e-05,0.0001954370049700449
300,1.6427491090986734e-05,6.1844146124201416e-06,0.0007489368992669906,0.0007427524846545704,-0.003963640102502106,1.5710442862304497e-05,0.0011796549841750492,-0.0007507754287535496,5.636637447903325e-07,0.00043501112031585354,0.0015096811683324397,2.2791372301655954e-06,0.0006321445933100689
301,8.297665918088892e-05,2.3991313541064468e-05,0.00026045179950455005,0.0002364604859634856,-0.007601228773123349,5.777867886136434e-05,0.0005330697623495695,-0.003543764165184831,1.2558264457118717e-05,0.0001277363482010685,0.001279451954788615,1.6369973047103414e-06,0.00012054928796301212
302,-3.2212830142003845,1.0,1.0,0.0,0.0,1.0,1.0,0.0,1.0,1.0,0.0,1.0,1.0
303,-3.2212830142003845,1.0,1.0,0.0,0.0,1.0,1.0,0.0,1.0,1.0,0.0,1.0,1.0
304,-3.2212830142003845,1.0,1.0,0.0,0.0,1.0,1.0,0.0,1.0,1.0,0.0,1.0,1.0
305,-3.2212830142003845,1.0,1.0,0.0,0.0,1.0,1.0,0.0,1.0,1.0,0.0,1.0,1.0
306,-3.0701218040794958,7.08772825349276e-06,0.00015557644711220822,0.00014848871885871545,-0.002662278770836925,7.087728253862835e-06,0.0001555764471125043,-0.002662278770836926,7.0877282533077235e-06,0.00015557644711228225,0.0026622787708369257,7.0877282533077235e-06,0.00015557644711183816
307,-3.2212830142003845,1.0,1.0,0.0,0.0,1.0,1.0,0.0,1.0,1.0,0.0,1.0,1.0
308,8.582553566294226e-05,4.606409553812677e-05,9.99223812774656e-05,5.3858285739338825e-05,0.005855527649095945,3.428720404863306e-05,9.48929568633794e-05,-0.008113477034537431,6.582850959024888e-05,9.662519877084996e-05,0.006170621765743251,3.807657297549838e-05,0.00010824898819816742
309,0.002291114928593352,0.0012900059623909277,0.003062405245176795,0.0017723992827858672,-0.030233963130334433,0.0009140925265664901,0.002227943537429722,-0.025961113498632605,0.0006739794140891986,0.0019497174153203511,0.047769717881907474,0.0022819459465170944,0.005009554782780312
310,0.00034859128415809515,9.75458140507109e-05,0.00045389715779631246,0.00035635134374560157,-0.009827016208194731,9.657024755604926e-05,0.0004568484676465978,-0.006404855530712673,4.102217436940947e-05,0.000541472568728496,-0.012451707522537346,0.000155045020226674,0.00036337043701384353
311,4.749311941454337e-05,7.778628429896036e-06,0.0001926599315399032,0.00018488130311000717,0.004305440134830809,1.8536814754610553e-05,0.0001796704024241702,0.0006359709934088523,4.0445910443054345e-07,0.0001777939789981975,-0.0020963328530094476,4.394611430647011e-06,0.00022051541319734191
312,-3.2212830142003845,1.0,1.0,0.0,0.0,1.0,1.0,0.0,1.0,1.0,0.0,1.0,1.0
313,4.076768361438443e-05,1.021494797633545e-05,8.197004171735707e-05,7.175509374102162e-05,-0.0015783063243340666,2.4910508537034914e-06,4.3676083609001104e-05,0.005304288337715608,2.813547476898659e-05,0.0001745235959421665,-0.0001353451385370973,1.8318306316267297e-08,2.7710445600903633e-05
314,-3.14848797189261,6.30201105097002e-05,0.0003207074340270862,0.000257687323517386,0.007919570401735573,6.271959534820404e-05,0.0003191781214721967,0.007984185190771619,6.374721316082521e-05,0.0003244076374021576,0.007911606854410912,6.259352302007137e-05,0.0003185365432069043
315,0.00011546534622786098,6.735060866872959e-05,0.00027198275576290065,0.00020463214709417105,0.010671793067182654,0.00011388716726890014,0.00038951325495251155,0.0079729299872498,6.35676125817497e-05,0.0002468498104676309,0.004959540921808482,2.4597046155538926e-05,0.00017958520186855953
316,-3.003432420807986,4.165323837031683e-06,0.00024791820257145475,0.00024375287873442306,-0.0021909796295669437,4.800391737891374e-06,0.00028183849833474106,-0.002140765678601631,4.58287769089516e-06,0.00020726502188495033,-0.0017642851475799647,3.112702082308516e-06,0.0002546510874946728
317,0.000141408126367093,3.806569225484058e-05,0.00017978149132584034,0.00014171579907099977,-0.010265994860487473,0.0001053906504755453,0.0003096176062418188,-0.00010520017371897781,1.1067076588489044e-08,0.00013901005719740844,-0.0029656970870545938,8.795359212387943e-06,9.071681053829384e-05
318,-2.9971878334815623,2.21354703759206e-06,0.00016541648439779197,0.00016320293736019992,0.001487799394287805,2.2135470375550526e-06,0.00016541648439782897,0.001487799394287805,2.2135470371109633e-06,0.00016541648439727386,0.001487799394287805,2.213547038110164e-06,0.00016541648439827306
319,0.00012916265001627902,8.569717142126176e-05,0.000739477825982271,0.0006537806545610092,0.009894290539270786,9.789698527551405e-05,0.0006197258957685303,0.007461293341604067,5.5670898329363006e-05,0.0009484569766535778,0.010174656291932649,0.00010352363065890824,0.0006502506055247048
320,7.704762509885832e-05,3.058249171028482e-05,0.00018550338602263405,0.00015492089431234923,-0.00021014244767798428,4.4159848111569033e-08,0.00017267031353040974,0.00547515880128867,2.997736389953598e-05,0.00012509273292338197,0.00785658649687447,6.172595138320691e-05,0.00025874711161411046
321,0.0002569013386410912,4.4207941567083374e-05,0.00029364994384635984,0.0002494420022792765,0.007032991912648741,4.9462975241998386e-05,0.00023077254470194042,0.006673071302817215,4.452988061287577e-05,0.0002589098530256795,-0.006215381633258993,3.863096884637596e-05,0.0003912674338114597
322,5.626365071353945e-05,3.0035058244948232e-05,0.00023057116936716268,0.00020053611112221445,0.005860600330328534,3.434663623180789e-05,0.0002671247360853668,-0.007466706900907711,5.575171194394102e-05,0.0003091995182594731,8.26229937409939e-05,6.826559095785001e-09,0.0001153892537566481
323,6.1238115355855e-05,5.2390605604172675e-06,0.00021572779364401976,0.0002104887330836025,0.0026310459589354612,6.922402837838959e-06,0.00022787915447131102,0.0024000468537706534,5.7602248999533145e-06,0.00028190002978289996,0.0017419971135597065,3.034553943459528e-06,0.0001374041966778483
324,9.25681207805118e-05,2.14794816724521e-05,0.0005710688565091863,0.0005495893748367342,0.008009482254717511,6.415180598873249e-05,0.0002869304251144067,0.00038486229186067915,1.4811898396693834e-07,0.0004325618150065047,0.000372182810580289,1.3852004465686463e-07,0.0009937143294066475
325,6.283057394518288e-05,2.7734459141096995e-05,0.00021750936940519625,0.00018977491026409926,0.002956536245983289,8.74110657378413e-06,0.00026819501371322385,-0.0066484128006247005,4.42013927676177e-05,0.00019898884049573962,0.005500988827632118,3.0260878081889153e-05,0.00018534425400662524
326,0.00012404310514158023,2.263194544401455e-05,0.00013654651869821066,0.00011391457325419611,0.005840394251227261,3.4110205009540984e-05,0.00014823511823147673,0.0036648343414147607,1.3431010749465067e-05,8.263967051047594e-05,-0.004511609532407732,2.0354620573037607e-05,0.00017876476735267932
327,6.521789553315394e-05,1.833169532176419e-05,0.0001925569107527799,0.0001742252154310157,0.003784481012354661,1.4322296532864875e-05,0.000245601896629033,0.006375312260074779,4.0644606413398066e-05,0.00021822188437725654,-0.00016787798839431415,2.8183019029626166e-08,0.00011384695125205013
328,0.00020738175827961225,0.00010192106157887644,0.0002034520223191949,0.00010153096074031846,-0.007773638578869458,6.0429456754773625e-05,0.00015414694926874084,-0.014263962431995058,0.00020346062426157552,0.0002849668875999356,0.006470943031774477,4.187310372028019e-05,0.00017124223008890826
329,-3.2212830142003845,1.0,1.0,0.0,0.0,1.0,1.0,0.0,1.0,1.0,0.0,1.0,1.0
330,-3.2212830142003845,1.0,1.0,0.0,0.0,1.0,1.0,0.0,1.0,1.0,0.0,1.0,1.0
331,9.318106881295307e-05,3.474560140807418e-05,0.00020694541077999803,0.00017219980937192386,-0.009652377979850626,9.31684006659772e-05,0.0003473215177491884,0.0033111770431710234,1.096389341137538e-05,0.0001575709848489204,-0.00032328029138955887,1.0451014686996274e-07,0.00011594372974188527
332,-3.0363491002574152,5.598566244339557e-05,0.0001711786125849398,0.00011519295014154424,-0.007482356743912417,5.598566244313652e-05,0.00017117861258442169,-0.007482356743912413,5.598566244413572e-05,0.0001711786125855319,-0.007482356743912418,5.5985662442914474e-05,0.00017117861258486577
333,-3.2212830142003845,1.0,1.0,0.0,0.0,1.0,1.0,0.0,1.0,1.0,0.0,1.0,1.0
334,-3.2212830142003845,1.0,1.0,0.0,0.0,1.0,1.0,0.0,1.0,1.0,0.0,1.0,1.0
335,0.0001648282200167328,9.368383961823785e-05,0.0022093371488541478,0.0021156533092359098,0.012513137927089444,0.00015657862078244378,0.0029998016779980707,0.004317869197660951,1.86439944082073e-05,0.000845578088181087,-0.01028731761267283,0.0001058289036640625,0.002782631680383285
336,3.392568119231498e-05,5.033215391099984e-06,0.0001202311983965106,0.00011519798300541062,0.0007706241674335526,5.938616063350111e-07,0.00010632009857636238,-0.002584686488863676,6.680604245801192e-06,0.00012451203481034234,0.0027973523769750084,7.82518032116375e-06,0.0001298614618028271
337,4.257327040835257e-05,1.3593444571894745e-05,9.055544692526674e-05,7.696200235337199e-05,-0.0037496493795206544,1.4059870469651514e-05,5.664174390151988e-05,-0.0012766698278522401,1.6298858497298951e-06,0.00012988347785747312,0.005009049550100285,2.5090577396302827e-05,8.514111901680721e-05
338,5.616536338692857e-05,2.088055303532214e-05,0.00015390843321083647,0.00013302788017551434,0.006957542179439931,4.8407393178573344e-05,0.00018765620149652218,-0.003582237741395518,1.2832427235265342e-05,0.00010741539512848508,0.0011839926909101512,1.4018386921277326e-06,0.00016665370300750215
339,2.0180155628879426e-05,8.931006243551032e-06,0.00022481992061629263,0.0002158889143727416,0.00031056373701749226,9.644983467449464e-08,0.00027745132454670696,0.003614771357173166,1.30665719649814e-05,0.000214835036853267,0.0036918825728042017,1.3629996930997201e-05,0.00018217340044890395
340,1.7968486669017736e-05,1.1862000563689357e-05,0.00030347832617734954,0.0002916163256136602,-0.004055691056418501,1.6448629945098325e-05,0.00037221455486402544,0.002761827296167352,7.627690013500832e-06,0.00024095541064539372,0.0033925921847596367,1.1509681732468913e-05,0.00029726501302262953
341,0.00013054501006215524,2.2348674715622074e-05,0.0001943677518964071,0.00017201907718078502,0.0009683704728011577,9.377413725530914e-07,0.0002731235691572076,0.005610391124838332,3.1476488573933814e-05,0.00017901797373398587,0.005884878435476362,3.463179420037932e-05,0.00013096171279802782
342,0.00025360880446789746,7.31222339616459e-05,0.0005831662554664311,0.0005100440215047852,-0.00825069627333539,6.807398899510986e-05,0.0006405838015693943,-0.008055405339075828,6.48895551771389e-05,0.0005275640272738302,0.009295329887244628,8.640315771268892e-05,0.0005813509375560688
343,-3.129452042371348,1.8285869824737528e-05,0.00016342395193028972,0.00014513808210555218,0.004276198057274322,1.8285869824774537e-05,0.00016342395193047476,0.0042761980572743235,1.8285869824663514e-05,0.00016342395193025272,-0.004276198057274319,1.8285869824774537e-05,0.0001634239519301417
344,0.00038771777211965563,0.00014819565180027952,0.0002664517055398126,0.0001182560537395331,-0.014539994948499542,0.00021141145310243914,0.0003272183836542375,-0.0146919272053416,0.00021585272500712627,0.00024157014587211645,-0.004162064066219812,1.7322777291273184e-05,0.00023056658709308397
345,0.0007521731181994173,0.00015869875639680972,0.0006260864967316074,0.0004673877403347977,0.01651629579722337,0.00027278802686137027,0.0007359566151889929,0.004949879290289704,2.4501304988544526e-05,0.0003922764569684878,-0.013371871123396746,0.00017880693734051434,0.0007500264180373417
346,3.131685662960404e-05,9.868868737698358e-06,0.0001249866601622518,0.00011511779142455343,0.0038201717102532375,1.4593711896604411e-05,7.313963474853136e-05,-0.00376141022921104,1.41482069127008e-05,0.00011848201432784755,-0.0009298856939949782,8.646874037898655e-07,0.00018333833141037648
347,-3.072328464928119,1.0907715323564085e-08,0.00015896945141391505,0.0001589585436985915,-0.00010444000591289486,1.0907714509400535e-08,0.00015896945141258279,-0.00010444000591289503,1.0907715841668164e-08,0.00015896945141435914,0.00010444000591289507,1.090771561962356e-08,0.00015896945141480323
348,0.0031152160143187446,0.0010497323777136265,0.0019064885002976206,0.0008567561225839941,-0.01217641946081299,0.0001482651908856214,0.0013755695607778895,0.047874319827498055,0.002291950498945483,0.0028622318403179747,-0.026626705453545778,0.0007089814433097752,0.0014816640997969976
349,0.0010918564775448392,0.0004816876719829777,0.003859743533771942,0.0033780558617889644,-0.003752178253116976,1.407884164295048e-05,0.0023342646309758575,-0.030831669682464473,0.000950591855408689,0.00520675680824445,-0.021917853884382728,0.0004803923188972936,0.0040382091620955185
350,0.0007555616070752391,0.00013703105058156714,0.0006516742988832055,0.0005146432483016383,0.0012466944417246757,1.5542470311880052e-06,0.0005195144817385922,0.018864674623157718,0.0003558759486377294,0.000793155965619019,-0.0073255003976564585,5.3662956075783974e-05,0.0006423524492920052
351,-3.2212830142003845,1.0,1.0,0.0,0.0,1.0,1.0,0.0,1.0,1.0,0.0,1.0,1.0
352,-3.2212830142003845,1.0,1.0,0.0,0.0,1.0,1.0,0.0,1.0,1.0,0.0,1.0,1.0
353,0.00018417168883777535,0.00011160907304963441,0.00023333498351911045,0.00012172591046947603,-0.004470456050230751,1.998497729693849e-05,0.00018141633033663673,-0.01234609108475732,0.0001524259650735882,0.00025334840078450327,0.012744264465960605,0.00016241627677837656,0.00026524021943619136
354,2.35537455803847e-05,1.5085688077102569e-05,8.672450838013528e-05,7.16388203030327e-05,0.0032884658006067705,1.081400732172444e-05,0.0001396127218750154,0.003935281471401394,1.5486440258838385e-05,6.873516773886479e-05,-0.004353919688133176,1.8956616650744884e-05,5.182563552652564e-05
355,0.00014277608909030182,5.631720689088422e-06,0.0003072821611267429,0.0003016504404376545,-0.004001032878723884,1.600826409653422e-05,0.00023688869228577492,-0.0009277771785626616,8.607704935492677e-07,0.0003541200141150558,-0.0001616399627794494,2.612747718178099e-08,0.000330837776979398
356,-3.1291228215780826,3.798286010677406e-06,0.00016389100003255663,0.00016009271402187922,-0.0019489191904127753,3.798286010270324e-06,0.00016389100003222357,-0.0019489191904127757,3.7982860107144134e-06,0.00016389100003255663,-0.001948919190412775,3.7982860110474803e-06,0.0001638910000328897
357,0.0001289073032604282,4.715401427857202e-05,0.0005454890247040822,0.0004983350104255102,0.0048162357107247285,2.319612642120994e-05,0.00036558972522693356,0.004423355359753475,1.9566072638865784e-05,0.000741640761146023,-0.009934779503124947,9.869984377564034e-05,0.0005292365877392902
358,0.0005315000853560736,0.000163951130800181,0.00039172405527121423,0.00022777292447103323,-0.01083782624021793,0.00011745847761301942,0.00023469829351863147,0.015043218890243432,0.00022629843457977472,0.0005430274680486846,-0.012169489726672774,0.0001480964802077489,0.0003974464042463266
359,0.0001638031540446283,5.6526350045567796e-05,0.0003702618506954414,0.0003137355006498736,0.002983634648256803,8.902075714356528e-06,0.0005457393542183109,-0.01096114979675418,0.00012014680486671647,0.0004212954681864778,-0.006366330933572209,4.053016955563038e-05,0.00014375072968153546
360,-2.9161822433231435,1.6192240183121598e-05,0.00016746696558293342,0.00015127472539981182,0.004023958272975142,1.6192240182122397e-05,0.0001674669655827854,-0.00402395827297514,1.6192240183343642e-05,0.00016746696558256335,0.00402395827297514,1.6192240183898754e-05,0.00016746696558345153
361,7.037519232699907e-05,2.1852098791389867e-05,0.0003343338992580029,0.000312481800466613,-0.00017670219425906274,3.122366565300183e-08,0.0002778302466546201,-0.002665578409171237,7.105308255428433e-06,0.0003548396310273372,0.007643282308882005,5.841976445308816e-05,0.00037033182009205134
362,2.4430893701632428e-05,6.731593414910364e-06,0.00010153076225830986,9.479916884339949e-05,0.0033486595064082733,1.1213520489938844e-05,6.12253239686833e-05,-0.002159616040493122,4.663941443383557e-06,0.00016440969142217376,0.002077815755029168,4.317318311408691e-06,7.895727138407249e-05
363,2.1409356234181054e-05,7.834454827696883e-06,0.00025396083221448,0.0002461263773867831,0.004609983774056241,2.12519503972608e-05,7.328688811936157e-05,-0.001006566394851361,1.0131759070608481e-06,0.00011682162736792456,-0.0011127615101947993,1.2382381787690022e-06,0.000571773981156154
364,-3.2212830142003845,1.0,1.0,0.0,0.0,1.0,1.0,0.0,1.0,1.0,0.0,1.0,1.0
365,-3.2212830142003845,1.0,1.0,0.0,0.0,1.0,1.0,0.0,1.0,1.0,0.0,1.0,1.0
366,0.0002115373118680708,2.6210163457163205e-05,0.00010710098097651184,8.089081751934864e-05,0.00232240118532251,5.393547265586385e-06,8.59179135921373e-05,-0.008548640939135259,7.307926190680547e-05,0.00020822708327727923,-0.00039709092002170076,1.576811990977589e-07,2.715794606011901e-05
367,-3.2212830142003845,1.0,1.0,0.0,0.0,1.0,1.0,0.0,1.0,1.0,0.0,1.0,1.0
368,0.00016596425185289032,4.0901439754807235e-05,0.0002607904206217704,0.00021988898086696315,0.0009637698956905216,9.288524122075259e-07,0.00013938967843651895,0.0015542019245989168,2.4155436222361715e-06,0.0003171421263961083,-0.01092519671357553,0.00011935992322997802,0.0003258394570326839
369,0.00022228310716387867,6.733158917641517e-05,0.0002469563840860056,0.00017962479490959044,-0.008487674125018583,7.204061205201562e-05,0.0002957543550149433,-0.0014011547919423964,1.9632347509901393e-06,0.00015514111007253195,0.011313307240858095,0.00012799092072623974,0.0002899736871705416
370,-3.2212830142003845,1.0,1.0,0.0,0.0,1.0,1.0,0.0,1.0,1.0,0.0,1.0,1.0
371,-3.00684176963299,1.6192240182455464e-05,0.00016746696558200824,0.00015127472539955278,0.004023958272975142,1.6192240182344442e-05,0.00016746696558167518,-0.004023958272975139,1.6192240183121598e-05,0.00016746696558245233,0.00402395827297514,1.6192240181900353e-05,0.00016746696558189722
372,0.0005039948667551197,0.0002636639249687193,0.001822815396255284,0.0015591514712865646,0.022429820620929047,0.0005030968530871371,0.0018320179433929384,-0.007157251978648275,5.1226255885938876e-05,0.0017632840429750996,-0.015384039324347749,0.0002366686659330819,0.001873144202397814
373,8.151793420541065e-05,3.1843226634409305e-05,0.00023225459100913634,0.00020041136437472704,0.0037108232130359012,1.3770208918351123e-05,0.00019518916978478185,0.007806924631062183,6.094807219447773e-05,0.000281974021556497,-0.004561951204274165,2.081139879039906e-05,0.00021960058168613017
374,0.00011755185464557005,1.2130133413797614e-05,0.00023177697699898006,0.00021964684358518244,-0.004992875622495436,2.4928806982238427e-05,0.00030475855287215303,0.0007564001021524998,5.721411147074917e-07,0.0001810701207187737,0.003299916990617124,1.088945214444692e-05,0.00020950225740601347
375,6.218090822229794e-05,2.3783089761290435e-06,0.00013437049054987327,0.00013199218157374423,0.002611686792307243,6.820907900606521e-06,0.00012900289581208035,-0.00020512167139835301,4.207489967544831e-08,0.0001398846315170399,-0.0005214826265019641,2.7194412810516155e-07,0.00013422394432049956
376,0.005023269242958817,0.0024171205327447876,0.003920416321590681,0.001503295788845893,0.051423541673888205,0.0026443806382862034,0.005199927466378873,-0.049841648833618385,0.0024841899584534533,0.0027126887082881135,0.046073756103608185,0.002122791001494706,0.0038486327901050554
377,5.2891744132921303e-05,3.0163633719992866e-05,0.00021979610179182854,0.00018963246807183567,0.00633448327336117,4.012567834033032e-05,0.0002971587948654708,-0.0010969779732756767,1.2033606738848235e-06,7.181945749024088e-05,-0.007011552049709671,4.916186214576346e-05,0.00029041005301977396
378,0.0002589584412190371,0.0001403381527756616,0.00028340334316175514,0.00014306519038609353,-0.011104244105179115,0.00012330423714745908,0.00023291535666736252,0.01109259153652341,0.0001230455869961622,0.00039528421349166454,0.013216074840264339,0.00017466463418336353,0.00022201045932623842
379,-3.2212830142003845,1.0,1.0,0.0,0.0,1.0,1.0,0.0,1.0,1.0,0.0,1.0,1.0
380,0.0001060362821534433,3.428390588688934e-05,0.00017225725269420789,0.00013797334680731854,-0.006031148345364699,3.637475036355475e-05,0.00015823570733863868,0.007589562348880275,5.7601456648015414e-05,0.00023417682910964466,-0.0029791795261733,8.875510649097862e-06,0.00012435922163434032
381,3.906453680879718e-05,4.286582269548885e-06,0.00019875736123009524,0.00019447077896054635,0.002504636519659764,6.273204095963436e-06,0.0002562720346095393,-0.002101999234504929,4.4184007826908456e-06,0.00010092130270022981,0.001472461181232893,2.168141929992373e-06,0.00023907874638051663
382,3.2746140743222796e-05,1.3088895099359435e-05,9.946235513058621e-05,8.637346003122677e-05,0.0012724181880369619,1.619048045520266e-06,0.00012878326513621197,-0.0041414019476327,1.7151210091825853e-05,7.394995300746832e-05,0.004527297997794965,2.049642716073219e-05,9.565384724807835e-05
383,-3.2212830142003845,1.0,1.0,0.0,0.0,1.0,1.0,0.0,1.0,1.0,0.0,1.0,1.0
384,0.00012156811851471439,0.00011200830549532952,0.0007945688479590318,0.0006825605424637023,-0.010354160388468779,0.00010720863735025343,0.0007524132451968146,-0.010414568730108764,0.00010846324183411138,0.0008073996068409528,-0.010970553190323739,0.00012035303730162372,0.000823893691839328
385,0.00022336162372482704,0.00018213680696791781,0.00036478712890108955,0.00018265032193317174,-0.014875674131819236,0.0002212856808758712,0.00037496395470792976,0.010371244501909193,0.00010756271251854965,0.0003837277676286277,0.01474998398338241,0.00021756202750933262,0.0003356696643667112
386,1.5275393080882438e-05,2.3505028992065746e-06,0.00012920222129397807,0.0001268517183947715,-0.0019360343963006426,3.7482291835866377e-06,0.00021609655186027865,0.001406753940308477,1.9789566486627663e-06,6.0028308090931404e-05,-0.0011507922772449456,1.3243228653703198e-06,0.00011148180393072415
387,0.00011611370129416265,6.470119470980418e-05,0.0004439316418745805,0.00037923044716477633,0.00776750603676636,6.033415003092735e-05,0.00044185883716496566,0.006654592485100783,4.428360114305807e-05,0.0002180417635969656,-0.009459695183027474,8.948583295542711e-05,0.0006718943248618103
388,3.419576166796556e-05,8.751373104594803e-06,0.00021080288420412727,0.00020205151109953245,-0.0010474451374640993,1.0971413160199006e-06,0.00018485581575988785,-0.004884775731357785,2.386103394613759e-05,0.00023748847076332513,0.001138395384732561,1.2959440516269183e-06,0.00021006436608916879
389,0.00012449861679075802,3.0036068971413716e-05,0.00029094091707996633,0.00026090484810855263,-0.002685158729256679,7.210077401120785e-06,0.0001161677521933635,-0.002419900159982926,5.855916784147652e-06,0.00019301142851912978,-0.008777369351288667,7.704221272897271e-05,0.0005636435705274057
390,0.00024250226189637125,0.00011537456880665135,0.0003300967247129953,0.00021472215590634391,-0.012537350309898757,0.00015718515279317113,0.0004726616317116683,-0.013304551192779701,0.00017701108244105868,0.00032671413923868187,-0.0034536171163160683,1.1927471185724237e-05,0.00019091440318863562
391,3.163391486638023e-05,5.198013158495367e-06,0.0001500508958407846,0.00014485288268228924,-0.0031370017258888247,9.840779828018675e-06,8.559918283312928e-05,0.0019959221878132604,3.983705379684288e-06,0.00019137217528886197,0.0013302459427055628,1.7695542677831355e-06,0.00017318132940036257
392,0.0007466095723476229,0.000290435224049775,0.0005715683922217588,0.0002811331681719838,-0.014068663212903234,0.00019792728459833153,0.00041696238771893324,0.01801447763205168,0.00032452140435579313,0.0007151352879862793,0.018677713543021984,0.0003488569831952004,0.000582607500960064
393,-3.2005731149807994,6.71697660680574e-05,0.00025597406596596556,0.00018880429989790815,-0.008195716324336574,6.716976606635505e-05,0.00025597406596444827,0.008195716324336568,6.716976606746528e-05,0.0002559740659655585,0.00819571632433656,6.716976607035186e-05,0.00025597406596788996
394,-3.2212830142003845,1.0,1.0,0.0,0.0,1.0,1.0,0.0,1.0,1.0,0.0,1.0,1.0
395,-3.2212830142003845,1.0,1.0,0.0,0.0,1.0,1.0,0.0,1.0,1.0,0.0,1.0,1.0
396,-3.2212830142003845,1.0,1.0,0.0,0.0,1.0,1.0,0.0,1.0,1.0,0.0,1.0,1.0
397,0.00013696166859167302,3.6410306422318683e-05,0.00017380572811391085,0.00013739542169159216,0.007871250925678183,6.195659113461538e-05,0.00024663247942624533,0.0015908141306614327,2.5306895983234767e-06,0.00011027507992866781,-0.006689068584931818,4.4743638534017194e-05,0.00016450962498681942
398,-1.389286607502974,5.434413351323997e-06,0.00010934821199485671,0.00010391379864353271,0.0023970965962403228,5.746072093137933e-06,0.00011244383036090877,-0.0023618727477161187,5.57844287707443e-06,0.00011062716557252994,0.002231305690236833,4.9787250837596275e-06,0.00010497364005113141
399,0.00015817760367597966,8.598549556593227e-05,0.0003176230198775887,0.0002316375243116564,0.005276097597764327,2.7837205861191983e-05,0.00012909613822409405,0.010788833417553833,0.00011639892651160721,0.00032624395375613346,0.01066397460261556,0.00011372035432499761,0.0004975289676525385
400,0.00015275681882409575,1.5767753277310764e-05,0.00021796781295472614,0.0002022000596774154,-0.0014534277667874573,2.112452273772547e-06,0.00021175744245705008,0.006706040156360069,4.497097457778487e-05,0.00024029645242484854,-0.00046886349805080744,2.1983298037486776e-07,0.00020184954398227983
401,0.000762554625985179,0.00024929242935608126,0.0005033100943900118,0.0002540176650339306,0.012280530477656657,0.00015081142881279153,0.00043085102676188036,0.0224518034996311,0.0005040834803859973,0.0008121797113314067,0.009642737104655621,9.298237886945504e-05,0.0002668995450767486
402,0.000256722753337435,0.00015256525113952849,0.0009796989106330607,0.0008271336594935322,-0.01500727913763375,0.00022521842711475948,0.0014386319371972878,0.0007133721645792485,5.088998450419879e-07,2.4449201881382443e-05,0.015230509724189996,0.00023196842645878402,0.001476015592820512
403,3.311575163877922e-05,6.9932435800742114e-06,0.00021902399948251863,0.0002120307559024444,0.002452630724435206,6.015397470027217e-06,0.00021284979430480355,0.0033485021905465834,1.121246692081801e-05,0.00024834285695141123,-0.001936973502593517,3.7518663493774085e-06,0.00019587934719134115
404,1.2336038348048639e-05,5.767146789015243e-06,0.00012508463090806407,0.00011931748411904883,0.0023359814837187014,5.456809493042947e-06,8.630570740009169e-05,-0.0015673242232109254,2.4565052210157035e-06,9.296205014042158e-05,0.0030640048388742708,9.388125652987078e-06,0.0001959861351836789
405,0.00019428598277460019,3.3422871609419445e-05,0.0002319881447726916,0.00019856527316327216,-0.007893184542351793,6.230236221915764e-05,0.0003266648986596232,0.0027682622936774435,7.663276126890217e-06,0.00013126115938677518,0.0055048139370821704,3.0302976482210475e-05,0.00023803837627167646
406,-3.2212830142003845,1.0,1.0,0.0,0.0,1.0,1.0,0.0,1.0,1.0,0.0,1.0,1.0
407,4.594428661675032e-05,2.1546763072236946e-05,0.0002981053231270921,0.00027655856005485513,0.00654997659223184,4.290219335933987e-05,0.00018298054563536947,0.00183867006329052,3.3807076018632642e-06,0.0003148816279469058,-0.004284552281811854,1.83573882555077e-05,0.0003964537957990011
408,0.00014929761465987124,0.00012410006342959226,0.00025715977624929387,0.0001330597128197016,0.010871851164322379,0.0001181971477400845,0.00039057476916160017,-0.011115645295649523,0.00012355757033821746,0.0001817864187791951,0.011425649750057975,0.00013054547221047486,0.00019911814080708634
409,2.97390569212741e-05,9.756671436396877e-06,0.0003735147710254294,0.00036375809958903255,-0.005395221307532269,2.9108412957334906e-05,0.0005760411231161555,-0.00014948136808866412,2.234467944006724e-08,0.00037653981966967454,-0.00037317110312928327,1.392566724156552e-07,0.00016796337029045816
410,-3.2212830142003845,1.0,1.0,0.0,0.0,1.0,1.0,0.0,1.0,1.0,0.0,1.0,1.0
411,0.00013741947680434574,4.049882493565674e-05,0.0005042061430667507,0.00046370731813109395,-0.009658540081805582,9.328739651148776e-05,0.0006606766970692624,-0.0028088594999170166,7.889691690299294e-06,0.00039019997545797214,-0.004507703029821084,2.0319386605183176e-05,0.00046174175667301753
412,6.64535605496841e-05,1.7775223603318697e-05,0.00010682255905717734,8.904733545385865e-05,-0.0039514560072557775,1.5614004577613194e-05,4.572455550133636e-05,0.005319797114075401,2.830024133537723e-05,0.00013806014409023515,0.003067804572822069,9.41142489696567e-06,0.0001366829775799605
413,6.220694042435859e-06,3.529598270509323e-06,0.00024712775487178984,0.0002435981566012805,-0.002092042661322477,4.376642497971872e-06,0.0002555502583299063,-0.0023811479220859676,5.669865425828036e-06,0.000378832798557438,0.0007364013094411305,5.422868877280607e-07,0.00010700020772802521
414,3.259208133110647e-05,6.738068671537552e-06,8.605211885196844e-05,7.931405018043089e-05,-0.0015636268127638825,2.444928809519631e-06,0.00010356796588784078,-0.003712435001988011,1.3782173643561713e-05,0.00012998105056871712,-0.001996773287389125,3.987103561531313e-06,2.4607340099347397e-05
415,0.00027235788177226716,0.00010725737230081005,0.0005078937338016676,0.0004006363615008575,-0.002976072960569703,8.857010266538623e-06,0.0001742552898444938,0.014272802660137694,0.00020371289577492124,0.0004243802103333083,0.010449986165584927,0.00010920221086097026,0.0009250457012272006
416,-3.2212830142003845,1.0,1.0,0.0,0.0,1.0,1.0,0.0,1.0,1.0,0.0,1.0,1.0
417,7.671344420545623e-05,1.6494394336411904e-05,0.0002196238656732019,0.00020312947133679002,0.005966453037262864,3.55985618459842e-05,0.00019419891496319508,0.003650260128117397,1.3324399002812015e-05,0.0002199118135893796,0.0007484798996358072,5.602221604394941e-07,0.00024476086846703105
418,-3.2212830142003845,1.0,1.0,0.0,0.0,1.0,1.0,0.0,1.0,1.0,0.0,1.0,1.0
419,1.1366371047594193e-05,1.6797816148420945e-06,0.0002368702729795095,0.0002351904913646674,-0.0007762596231379584,6.025790025843136e-07,0.00031774213587842937,0.0007782923691262278,6.057390123936912e-07,0.00023618652620194247,0.0019573009041533185,3.8310268295482786e-06,0.00015668215685815667
420,-3.2212830142003845,1.0,1.0,0.0,0.0,1.0,1.0,0.0,1.0,1.0,0.0,1.0,1.0
421,4.440275186046172e-05,9.750418936027572e-06,0.00010350034633247833,9.374992739645076e-05,-0.0045941909075937985,2.1106590094799316e-05,0.00014064228398169565,-0.00033403765922496116,1.1158115720277806e-07,8.216948471628793e-05,-0.0028342698453302758,8.033085556080621e-06,8.76892702994514e-05
422,-3.2212830142003845,1.0,1.0,0.0,0.0,1.0,1.0,0.0,1.0,1.0,0.0,1.0,1.0
423,6.996593639196913e-05,1.7816193976153787e-05,0.00016182569001236638,0.0001440094960362126,-0.003907699571498757,1.527011594082417e-05,0.00019163000683175557,-0.0022633134384238505,5.122587720562954e-06,0.00012537899260733898,0.0057494241683006,3.3055878267074235e-05,0.00016846807059800462
424,-3.2212830142003845,1.0,1.0,0.0,0.0,1.0,1.0,0.0,1.0,1.0,0.0,1.0,1.0
425,0.00020597463073213085,6.631242014731864e-05,0.0004359266635503752,0.00036961424340305654,0.010238301371830712,0.00010482281498069845,0.0007033240758400616,0.0089398305765424,7.992057073724634e-05,0.00025348258993262984,0.0037674759088639057,1.4193874724011124e-05,0.00035097332487843413
426,0.0002345245417333386,8.393802575397864e-05,0.0002912516315442722,0.00020731360579029356,-0.0039113526657396525,1.5298679675535e-05,0.00021535507234715645,0.006012694529107621,3.615249550037447e-05,0.00015097707485312029,0.014154960335018405,0.00020036290208602647,0.0005074227474325399
427,0.00012520242983093954,4.8421832052262616e-05,0.0002114991001167151,0.0001630772680644525,-0.008102738089202368,6.56543645422003e-05,0.00021326465789961446,-0.008340932500989849,6.957115498618105e-05,0.0001893338474748818,0.0031685922155121043,1.00399766284065e-05,0.00023189879497564903
428,-3.2212830142003845,1.0,1.0,0.0,0.0,1.0,1.0,0.0,1.0,1.0,0.0,1.0,1.0
429,0.0001155127711549575,9.377230973902269e-05,0.00026126905313128557,0.0001674967433922629,0.010238628944957178,0.00010482952267254486,0.00024711903806395874,0.00912895454007323,8.333781099478799e-05,0.0003050104972998069,0.009651403812405084,9.314959554973523e-05,0.00023167762403009107
430,-3.2212830142003845,1.0,1.0,0.0,0.0,1.0,1.0,0.0,1.0,1.0,0.0,1.0,1.0
431,5.908777907859264e-05,1.5104646254278839e-05,0.0004038891825052608,0.00038878453625098197,0.0038928783499438324,1.5154501847192137e-05,0.0003322741976469201,0.003648164988441065,1.3309107783188168e-05,0.0004073817037884009,0.004104915240650011,1.685032913245621e-05,0.0004720116460804613
432,3.694145250443537e-05,6.7945307887414446e-06,0.00015603808548340462,0.00014924355469466316,-0.00021521860458339825,4.631904781948748e-08,7.933842460072782e-05,-0.003784804726515523,1.432474681761775e-05,0.00020992101032257793,-0.0024520453707643367,6.0125265007870965e-06,0.00017885482152690813
433,-3.2212830142003845,1.0,1.0,0.0,0.0,1.0,1.0,0.0,1.0,1.0,0.0,1.0,1.0
434,1.8582708958159166e-05,1.1989451461265805e-06,0.00015169862012553992,0.00015049967497941333,-0.0017039889448852974,2.9035783242203905e-06,0.00013519389945426674,0.0008291363986133839,6.874671667489451e-07,0.0001454292646593247,7.609170204181754e-05,5.789947410406171e-09,0.0001744726962630283
435,0.00030885450855699936,0.00014836866918595723,0.0003353579882730366,0.00018698931908707936,-0.005544157007560387,3.0737676924741386e-05,0.00010697284684069164,-0.015370637636837688,0.00023625650136305243,0.0005056368604110517,-0.013345854385177314,0.00017811182927007785,0.00039346425756736636
436,0.0001623515507277462,5.536754018642398e-05,0.00031933896268054873,0.00026397142249412475,0.0120200996640698,0.00014448279593415325,0.00034480440706530224,0.002512758669528654,6.3139561311542636e-06,0.00032986667577783457,0.003912271526103229,1.5305868493964425e-05,0.0002833458051985094
437,0.0001189857294700003,3.2352156332719297e-05,0.0001821700983553424,0.0001498179420226231,0.0013096179995707889,1.7150993045778051e-06,0.00012641584949235618,-0.005059380122337097,2.5597327223070288e-05,8.149752999331294e-05,0.00835128986863309,6.97440424705098e-05,0.0003385969155803581
438,0.0007317083749198705,0.0002466373456334973,0.0005740568379460168,0.0003274194923125195,0.004123572673115828,1.70038515903137e-05,0.0003751471034803,-0.02675936729205846,0.0007160637378714751,0.0009442789770643945,0.0026161894883421277,6.84444743870305e-06,0.0004027444332933561
439,0.0001999545335262809,3.1602351840779676e-05,0.00018994009395575015,0.00015833774211497048,-0.007589796550615262,5.760501167995091e-05,0.00024726308054989765,0.0029723395192094563,8.83480221713917e-06,0.0001341547079850569,-0.005326090651246014,2.836724162524895e-05,0.00018840249333229586
440,-3.2212830142003845,1.0,1.0,0.0,0.0,1.0,1.0,0.0,1.0,1.0,0.0,1.0,1.0
441,0.00048361766782645255,0.0001407843902003029,0.0006862469809688632,0.0005454625907685603,-0.01948890893157233,0.00037981757134308847,0.001259089767196131,0.004931414421729181,2.431884819886765e-05,0.00032867857226859254,0.004268108604402759,1.8216751058952596e-05,0.000470972603441866
442,-2.92784262519427,4.633907024490883e-05,0.0001438148408724841,9.747577062757529e-05,0.008423786936867147,7.096018635832646e-05,0.00010553666696810904,-0.00824336475564304,6.795306249451905e-05,0.00010481010286234049,0.0003224312035483687,1.0396188188099842e-07,0.00022109775278700283
443,7.213358302504691e-05,8.931993821607401e-06,0.00032294346967417137,0.00031401147585256395,0.0024097979051528064,5.807125943668723e-06,9.432320088365032e-05,-0.003001321051664168,9.007928055360104e-06,0.00032850677877005463,-0.0034613476371710894,1.1980927465793378e-05,0.0005460004293688092
444,7.57496352764564e-05,2.8288862721474278e-05,0.00021323834552648227,0.000184949482805008,-0.005250760532153409,2.7570486167083352e-05,0.0003125981748568485,0.0013704602074244875,1.8781611793583508e-06,0.00011044050347741585,0.007444322723882639,5.5417940817981126e-05,0.0002166763582451825
445,-3.2212830142003845,1.0,1.0,0.0,0.0,1.0,1.0,0.0,1.0,1.0,0.0,1.0,1.0
446,0.00023875255751648616,9.143594054128457e-05,0.0003704763893807028,0.00027904044883941825,0.006539828970915041,4.2769362968875235e-05,0.00023492320914553222,0.010669795246130872,0.00011384453059459787,0.0004679838761093569,0.010848683240868373,0.00011769392806038059,0.00040852208288721936
447,7.406506937035484e-05,3.999089192278464e-06,0.00012460708115643224,0.00012060799196415377,0.0002196517474738068,4.824689037175034e-08,0.00017675032718078576,-1.4813614230106792e-06,2.1942447858691594e-12,3.1506626101629465e-05,0.0034567352360393095,1.1949018492218855e-05,0.00016556429018688146
448,0.0003573620073579198,9.98348718458016e-05,0.0006422428417512579,0.0005424079699054563,-0.002994296604334071,8.965812154482222e-06,0.0008658092206880186,-0.0015534974243433712,2.4133542476656444e-06,0.00019801352703230357,-0.016974258426657084,0.00028812544913525695,0.0008629057775334514
449,0.00022025601861042077,0.00012868007742935136,0.00042761167122062904,0.00029893159379127765,0.014106566229499705,0.00019899521078725613,0.00043985904193410974,0.01367079569601662,0.00018689065496158008,0.0007690323650463293,0.0003928950744265472,1.5436653921785393e-07,7.394360668144806e-05
450,0.00014307609426444934,3.352450122695583e-05,0.00022294630929435103,0.0001894218080673952,-0.006679790487414754,4.461960095558659e-05,0.00026948997963482935,0.002132569016164223,4.547850609326609e-06,0.00019499075076812034,-0.007169801400041142,5.140605211595428e-05,0.00020435819748010342
451,0.0001941019549039913,1.54280842177279e-05,0.00012477573230473826,0.00010934764808701036,-0.004868207550565319,2.3699444754998744e-05,0.00012806965697187422,0.003951167266516589,1.5611722768094083e-05,0.00016408843380488758,0.002640659979938726,6.9730851300908725e-06,8.216910613745299e-05
452,-3.2212830142003845,1.0,1.0,0.0,0.0,1.0,1.0,0.0,1.0,1.0,0.0,1.0,1.0
453,8.586389387132964e-05,4.27579221864427e-05,0.00035322834514546947,0.00031047042295902677,0.008794495595701177,7.734315278340453e-05,0.0003758830412450287,-0.005558504721757235,3.0896974741456695e-05,0.0003252673298838049,-0.004475895333274559,2.0033639034466866e-05,0.00035853466430757486
454,0.00013638436407337196,4.08289007844953e-05,0.00016846828565183122,0.00012763938486733592,-0.00817773066820359,6.687527888105116e-05,0.00025466070296731314,0.006753876525013997,4.56148481156049e-05,0.00017414413551264385,0.0031617361302103144,9.996575356829851e-06,7.660001847553666e-05
455,6.878758278772157e-05,1.653519049267989e-05,0.00011384153114305888,9.730634065037899e-05,-0.006007433638557216,3.608925892195636e-05,0.00011662270865786528,0.002690380512278589,7.238147301080744e-06,9.250239960978401e-05,-0.002505626718982493,6.278165255002577e-06,0.00013239948516152733
456,0.00013893992025271196,8.05013257806723e-05,0.00031508658026228414,0.00023458525448161183,0.002996133906546966,8.976818385852958e-06,0.0003681254772488485,0.009787266323658107,9.579058209063795e-05,0.00028980828981450824,-0.01169344161764029,0.00013673657686552598,0.00028732597372349566
457,5.9208621300821385e-05,1.5680754826645032e-05,0.00014352499170996089,0.00012784423688331586,0.0005568613780158233,3.1009459411368567e-07,0.00015531952262604065,-0.006789875736180319,4.6102412512571966e-05,9.307434139949056e-05,-0.0007935725380597209,6.297573732494399e-07,0.00018218111110435142
458,0.00014795403965028875,6.419440332209685e-05,0.00022739171895491683,0.00016319731563281997,0.007290481712341677,5.315112359793872e-05,0.00023130790806069612,-0.004965315968406117,2.4654362666409746e-05,0.00024511876825739076,0.010713436596254426,0.00011477772370194206,0.00020574848054666361
459,5.1359811707896164e-05,1.54771795635907e-05,0.00016514092956036267,0.00014966374999677196,-0.0046908638327408094,2.2004203497516528e-05,0.00021194430940874032,-0.0023660503415446096,5.598194218636721e-06,0.00011282795020362002,-0.004339255808828489,1.8829140974618852e-05,0.00017065052906872769
460,-3.038272355474641,1.090771517553435e-08,0.00015896945141439614,0.0001589585436992206,0.0001044400059128952,1.090771561962356e-08,0.0001589694514145812,-0.00010444000591289506,1.090771517553435e-08,0.0001589694514146922,0.00010444000591289502,1.090771473144514e-08,0.00015896945141391505
461,-2.932919221030722,4.9297768276742225e-05,0.00018074026241928406,0.00013144249414254183,-0.007021236947787445,4.9297768276557186e-05,0.00018074026241976515,-0.007021236947787447,4.9297768277001275e-05,0.000180740262418988,0.007021236947787447,4.929776827666821e-05,0.00018074026241909902
462,2.5784243339876944e-05,8.218369447273352e-06,0.00016193663165842143,0.00015371826221114807,-0.002007007132636836,4.02807763044688e-06,0.0001077472280416325,-0.003409291260889649,1.1623266901517049e-05,0.0003023609091258317,-0.003000627236047745,9.003763809856125e-06,7.570175780780009e-05
463,0.00021452032857782743,6.349869092192595e-05,0.0003158081312038726,0.00025230944028194663,-0.001723670217400899,2.971039018473398e-06,0.00016297090758887744,0.00013425369872775337,1.8024055470355904e-08,0.00044285947645561485,-0.01369331989299201,0.0001875070096918341,0.0003415940095671255
464,-3.2212830142003845,1.0,1.0,0.0,0.0,1.0,1.0,0.0,1.0,1.0,0.0,1.0,1.0
465,0.00016924132099072065,0.00011875634664818928,0.00036344116692854644,0.00024468482028035715,0.007702497441258909,5.932846683276427e-05,0.00024875093868736986,-0.012141025737506788,0.00014740450595740473,0.0004181988177898166,0.012228494067337722,0.00014953606715439882,0.00042337374430845287
466,6.12097962088276e-05,3.107897024512418e-05,0.00017751751346110437,0.00014643854321598018,-0.006298257175677379,3.966804345045816e-05,0.0001671387367013777,-0.0028500733127724163,8.122917888098158e-06,0.00019575038433261582,-0.006741361093805884,4.544594939681623e-05,0.0001696634193493196
467,0.0002501088906523563,5.0619958536279874e-05,0.0002647074989697111,0.0002140875404334312,0.007030774487096522,4.943178988658925e-05,0.00022501311092260057,0.007303647993363584,5.334327401085304e-05,0.00039977564213811156,0.007006055360294578,4.9084811711397336e-05,0.00016933374384842104
468,0.00040878189329218717,0.00010718396709541445,0.000428319764203063,0.00032113579710764856,0.004362137866496027,1.9028246766472634e-05,0.0003402280237144728,-0.008126558024668933,6.604094532836058e-05,0.00022596681424680298,0.0153779943162784,0.00023648270919141012,0.0007187644546479133
469,6.207311186090525e-05,2.0035562489750802e-05,0.0002541675030370838,0.000234131940547333,0.0021967219806162336,4.825587460732805e-06,0.00021789701140528805,-0.00456800315048848,2.0866652782780548e-05,0.0002633290787218412,0.005866382805936442,3.441444722573905e-05,0.00028127641898412215
470,4.257948362906827e-05,9.02505963518152e-06,0.00017130227875531792,0.0001622772191201364,-0.004487246594223288,2.0135381997299362e-05,0.0001487503260588774,0.0018687827754399805,3.4923490618288255e-06,0.00021689441493666362,0.0018567304183419368,3.447447846416374e-06,0.00014826209527041279
471,6.49584326203323e-05,1.8849464958670126e-05,0.00025192990869360443,0.0002330804437349343,-0.007061489612023083,4.98646355411303e-05,0.0003162116029882256,-0.0010086402564719382,1.0173551673320347e-06,0.0003323168968289991,-0.0023804210063255657,5.666404167548045e-06,0.00010726122626358858
472,0.0001284040799597319,3.059260866589142e-05,0.00019026209790162785,0.00015966948923573643,-0.0018645419919546221,3.4765168390737955e-06,0.00013420655915208357,-0.009378134488253934,8.794940647882665e-05,0.0002266747000204683,0.0005932138571003567,3.5190267977380785e-07,0.00020990503453233167
473,0.00011012813263566734,5.764671721394018e-05,0.0002908378958802101,0.0002331911786662699,0.005857925175565414,3.431528736241862e-05,0.0004182741205098761,0.008763775718222346,7.68037648399833e-05,0.00019922639283209698,-0.007862639470273642,6.18210994394186e-05,0.0002550131742986572
474,0.0002636808023285253,0.0001045554426155985,0.00028696754082306136,0.00018241209820746285,-0.004199359416301437,1.7634619507322924e-05,9.690523373284687e-05,0.005880369896104441,3.457875011492195e-05,0.00021901025999127022,-0.016169507049518327,0.0002614529582245506,0.0005449871287450669
475,8.993094059062123e-05,2.653250129476999e-05,0.00027591444287433653,0.00024938194157956656,0.005170956772529288,2.6738793943548167e-05,0.0003713671130524121,0.00027519743447150877,7.573362803547923e-08,0.00015555753130602756,0.007265189351475004,5.2782976312726326e-05,0.0003008186842645699
476,1.428595712005265e-05,3.141826177222029e-06,0.0001559244414555868,0.00015278261527836476,0.000285931347746402,8.175673538168837e-08,0.00012733485880034312,-0.0012025072020933202,1.4460235708835256e-06,8.607473811517163e-05,-0.00281028436740563,7.897698225400873e-06,0.0002543637274512456
477,-3.052815321364463,1.054070996819867e-06,0.00016413210600774164,0.00016307803501092177,0.0010266795981628354,1.0540709965978223e-06,0.00016413210600774164,-0.001026679598162836,1.0540709963757777e-06,0.00016413210600740857,0.001026679598162835,1.0540709974860007e-06,0.0001641321060080747
478,8.567315986640622e-06,4.344713793180688e-06,0.00018567424098681062,0.00018132952719362994,-0.0023464236390979888,5.505703893349256e-06,0.00019198620275751033,0.0009421262919222319,8.876019492731757e-07,0.00015598293194818424,0.0025769818659926143,6.6408355369196315e-06,0.0002090535882547373
479,9.895427777995014e-05,3.899470230321148e-05,0.00026067584829133256,0.00022168114598812108,0.005964413691281692,3.557423068067944e-05,0.00023407359726301813,0.009019171365116286,8.134545211346822e-05,0.00039285776193687116,0.0002538190605495921,6.442411548679416e-08,0.00015509618567410843
480,9.143995734373078e-06,2.442495210382608e-06,0.00029035400063966615,0.00028791150542928357,-0.0004102094478268722,1.6827179116774005e-07,0.0002726777994792595,0.0026211047904515015,6.870190322749714e-06,0.00022571337901911015,-0.0005376090751836711,2.89023517230369e-07,0.00037267082342062885
481,-3.2212830142003845,1.0,1.0,0.0,0.0,1.0,1.0,0.0,1.0,1.0,0.0,1.0,1.0
482,0.00022540374309953926,8.182251121942781e-05,0.00026424158222497035,0.00018241907100554255,-0.013319268161513643,0.00017740290435852568,0.0003558846377974545,-0.00037286264865690045,1.3902655515707352e-07,0.00016642321198256926,-0.008241699020508307,6.792560274460069e-05,0.00027041689689488724
483,0.00020719704298111097,0.00012412188592610582,0.00063262455424092,0.0005085026683148142,-0.006567338924204415,4.312994054556096e-05,8.978863410080695e-05,0.014340699219932935,0.00020565565411678755,0.0008920505582077354,0.011116657011701753,0.00012358006311596892,0.0009160344704142176
484,1.4024569352510952e-05,2.99998489228237e-06,0.00019645876033154894,0.00019345877543926657,-0.0023748750428998267,5.640031470632856e-06,0.00023670724864066628,-0.0003656765704908918,1.3371935381201183e-07,0.000164631113704794,-0.0017961636486583574,3.226203852402243e-06,0.0001880379186491865
485,0.003705725523379999,0.000945921080876988,0.0023453419738445427,0.0013994208929675547,0.03894626733742298,0.0015168117395177871,0.0025766241618914165,-0.03367010728601427,0.0011336761246518723,0.002939693713723379,-0.013684859460785318,0.0001872753784613046,0.0015197080459188328
486,3.3432931627608298e-06,1.0319617503492158e-06,9.435665106594104e-05,9.332468931559183e-05,0.001240664668224166,1.5392488191823261e-06,6.314610410163013e-05,-0.0009493573032566693,9.012792894225186e-07,0.00010694817107204102,0.0008095413161253868,6.553571424428029e-07,0.00011297567802415198
487,7.275575913245902e-05,2.2617999490104346e-05,0.00017466731794320753,0.00015204931845310318,0.002082467490295898,4.336670848203994e-06,7.237077034727424e-05,0.007610404595622427,5.79182581090798e-05,0.00027980686032869073,-0.0023662353038434118,5.599069513029242e-06,0.0001718243231536576
488,0.0001792406780706246,5.568462679121181e-05,0.00046751789013910194,0.0004118332633478901,0.0012127748977671564,1.470822952653883e-06,0.0004957044347343453,0.002027093047566845,4.109106223393333e-06,0.0003309278632509516,-0.012707240109392946,0.00016147395119758823,0.0005759213724320089
489,3.7942321955641845e-05,1.2593036480120409e-05,0.00011108608709287093,9.849305061275053e-05,-0.0006942867763868994,4.820341279465623e-07,7.680795383369077e-05,-0.0011335789923784998,1.2850013323406628e-06,0.00013857926736704496,0.00600100608066699,3.6012073980074e-05,0.00011787104007787708
490,5.957839589820768e-05,2.2705050066333204e-05,0.00017933065252969302,0.00015662560246335982,0.0035154266351028855,1.2358224426800568e-05,0.00027181816256549585,0.002249791288082728,5.06156084012499e-06,0.00013967457435370978,-0.0071200677617771204,5.069536493207405e-05,0.0001264992206698734
491,-3.2212830142003845,1.0,1.0,0.0,0.0,1.0,1.0,0.0,1.0,1.0,0.0,1.0,1.0
492,0.000196713292757833,3.223018020396632e-05,0.00026862818254465753,0.00023639800234069122,0.008286629491838273,6.866822833517805e-05,0.00020885104158174794,0.0016167143497951987,2.6137652888724716e-06,0.00032328586052232655,-0.005040689138185607,2.5408546987848446e-05,0.00027374764552989816
493,0.00014631118956276445,7.746864671124657e-06,0.0008660031931754612,0.0008582563285043365,-0.0006701452163265358,4.4909461049957855e-07,0.0004941357819916448,-0.0013938552824174662,1.942832547729978e-06,0.0008696977548254825,-0.004566034040044737,2.0848666855144415e-05,0.0012341760427092563
494,6.323455180834436e-05,1.12881202478284e-05,0.00038346731492196656,0.0003721791946741382,0.005646504790849495,3.1883016352818316e-05,0.00035232691774167435,-0.0006714900843142133,4.508989331908353e-07,0.00029397724869195674,0.0012371117402991312,1.5304454574760484e-06,0.0005040977783322687
495,0.00011773458624475541,4.050046606914511e-05,8.720357406625616e-05,4.670310799711105e-05,0.010515360042874627,0.00011057279683146515,0.00015870565871378695,0.002434798341736171,5.928242965191899e-06,4.3000383280089594e-05,0.002236148119171833,5.000358410778283e-06,5.9904680204891925e-05
496,1.1587146957814376e-05,2.0630177827903515e-06,9.321918737740613e-05,9.115616959461578e-05,9.764416857458994e-05,9.53438372697235e-09,0.00014271140548283157,-0.002484072640290852,6.170616882461566e-06,9.230462722553678e-05,9.43508474660596e-05,8.902082182515869e-09,4.4641529423850024e-05
497,0.0004998516289567156,0.00014985933986688682,0.0005459487340377933,0.0003960893941709065,-0.010220178103879624,0.00010445204047493384,0.00042642661474368015,0.00848317143938698,7.196419766997142e-05,0.0005676990245294666,0.016527606646329174,0.0002731617814557552,0.0006437205628402332
498,1.5892235787795528e-05,1.499401177181466e-06,0.00010886055764602887,0.0001073611564688474,-0.001304974997438369,1.702959743665744e-06,5.1976053333957495e-05,0.00130766821990825,1.7099961732158775e-06,4.4305219533691265e-05,0.0010417521849326661,1.0852476146627765e-06,0.00023030040007043784
499,8.604511829712891e-06,5.735610747089244e-06,0.0005045930169167064,0.0004988574061696172,0.0009135817111242872,8.346315427676387e-07,0.00024929863288647436,0.00285499635418165,8.151004181611299e-06,0.0005518255172387576,-0.0028672628962458455,8.221196516888796e-06,0.0007126549006248872
500,-3.2212830142003845,1.0,1.0,0.0,0.0,1.0,1.0,0.0,1.0,1.0,0.0,1.0,1.0
501,0.0007298504026082009,0.0002730330492510073,0.00044784656989449445,0.00017481352064348715,-0.01403483511907936,0.00019697659681994217,0.0004236636315697595,0.012899954839404591,0.00016640883485852243,0.0002580381179043689,0.02134745221507184,0.00045571371607455724,0.0006618379602093549
502,9.934369027442269e-05,3.090971016184163e-05,0.0003113020164197122,0.0002803923062578706,-0.00339684421963252,1.1538550652723245e-05,0.0003075100450451451,-0.0001399584396449156,1.958836470805636e-08,0.00020797174651188133,0.009009494517895136,8.117099146809359e-05,0.0004184242577021102
503,0.00016627105045396995,9.078959280435968e-05,0.00041977071788616244,0.00032898112508180277,-0.010227232046150267,0.00010459627532577453,0.00042051937618148294,0.01132674783420544,0.00012829521649926345,0.0005334839761839127,0.0062830953030761725,3.947728658804106e-05,0.00030530880129309157
504,0.0001542759418813322,9.66730243192974e-05,0.00019561849164362322,9.894546732432581e-05,0.01055998065456609,0.00011151319142477245,0.0002256000129434721,-0.00947074449802561,8.96950013468123e-05,0.00017762536365084625,-0.00942395247156767,8.881088018630745e-05,0.0001836300983365513
505,9.599853859232343e-05,4.895628105076414e-05,0.0001465464290415127,9.759014799074855e-05,0.007459026111620463,5.5637070534353406e-05,0.00015028114739179532,-0.004744615088019669,2.2511372333999802e-05,0.00011565600380669672,-0.008289776853676774,6.872040028393922e-05,0.000173702135926046
506,-3.2212830142003845,1.0,1.0,0.0,0.0,1.0,1.0,0.0,1.0,1.0,0.0,1.0,1.0
507,4.093736650867541e-05,1.7300556853080035e-05,0.0001802336695059248,0.00016293311265284474,0.005039784282468242,2.539942561319286e-05,0.0002056346442471657,0.002335366823552011,5.453938200505881e-06,0.00013535577803691634,-0.004587843365381738,2.1048306745541367e-05,0.0001997105862336923
508,-3.2212830142003845,1.0,1.0,0.0,0.0,1.0,1.0,0.0,1.0,1.0,0.0,1.0,1.0
509,2.1651418083856733e-05,8.082029268940971e-06,0.00022514991298105969,0.00021706788371211871,-0.004625121283243761,2.139174688475798e-05,0.0002635683808420719,0.0015090717470188206,2.2772975376561533e-06,0.00021041716114122977,0.0007596337171794342,5.770433844087819e-07,0.00020146419695987738
510,-3.2212830142003845,1.0,1.0,0.0,0.0,1.0,1.0,0.0,1.0,1.0,0.0,1.0,1.0
511,7.525385595619216e-05,3.149007292665059e-05,0.00023129711641241743,0.00019980704348576683,0.005237238873275057,2.7428671015572448e-05,0.00014603943947499864,0.006272646951913042,3.934609978284431e-05,0.0003520426072873839,-0.00526264648077983,2.7695447981535004e-05,0.00019580930247486972
512,-3.2212830142003845,1.0,1.0,0.0,0.0,1.0,1.0,0.0,1.0,1.0,0.0,1.0,1.0
513,9.713006252232148e-05,2.528738904916672e-05,0.00024405603326438374,0.00021876864421521702,-0.005412579477986725,2.929601660561776e-05,0.0002756494319064995,0.005210236162803827,2.714656087310363e-05,0.00028505221649088863,-0.004406766350561178,1.941958966877877e-05,0.0001714664513957631
514,-3.2212830142003845,1.0,1.0,0.0,0.0,1.0,1.0,0.0,1.0,1.0,0.0,1.0,1.0
515,0.00011176477513685779,2.9025152060491166e-05,0.00026561972014134866,0.0002365945680808575,0.005922955885741749,3.508140642449753e-05,0.0002435393672066688,0.005564893316107752,3.096803761981626e-05,0.00029979967522153483,0.004585412973447378,2.102601213715971e-05,0.0002535201179958424
516,-3.2212830142003845,1.0,1.0,0.0,0.0,1.0,1.0,0.0,1.0,1.0,0.0,1.0,1.0
517,0.00011985121439028745,3.061773227138372e-05,0.00014646976768288114,0.00011585203541149741,-0.005973615330038424,3.568408011100921e-05,0.00021167640459685,0.004845508821763545,2.347895574206227e-05,7.846598037664076e-05,0.005717531019704521,3.2690160961079684e-05,0.0001492669180751527
518,-3.2212830142003845,1.0,1.0,0.0,0.0,1.0,1.0,0.0,1.0,1.0,0.0,1.0,1.0
519,-3.2212830142003845,1.0,1.0,0.0,0.0,1.0,1.0,0.0,1.0,1.0,0.0,1.0,1.0
520,0.00010057666864504711,1.908824745922022e-05,0.00025048206497846337,0.00023139381751924315,0.0038563942494247434,1.4871776607194853e-05,0.00011400962709195994,-0.001158221103350071,1.341476124405716e-06,0.0002352816442873218,0.006407143641804557,4.105148964606009e-05,0.0004021549235561084
521,2.2725873897844195e-05,7.574323973839429e-06,0.0003929838006397161,0.00038540947666587666,-0.00036941942287357357,1.3647070984390552e-07,0.0003304985453997933,0.0031012325075169666,9.617643065618076e-06,0.0004451611527875876,0.003601230087913159,1.2968858146056306e-05,0.00040329170373176737
522,3.266376659594172e-05,1.8487514375350084e-05,0.0001811021892465329,0.0001626146748711828,0.004716030763166061,2.2240946159213237e-05,0.00020643565781175433,0.0014734741102767602,2.171125954464337e-06,0.0001492832518317222,-0.005572294950235204,3.105047101237268e-05,0.0001875876580961222
523,5.550955368682775e-05,1.3590999871341639e-05,0.0001207256070591874,0.00010713460718784576,-0.0021222967279681017,4.504143401695693e-06,0.00014889059804457094,-0.006002170447638181,3.602605008223847e-05,0.0001513048354941926,0.0004927536204093184,2.428061300907558e-07,6.198138763879868e-05
524,5.108470247439101e-05,1.549877239422533e-05,0.00020941056111704418,0.00019391178872281883,0.00304698796565111,9.28413566281261e-06,0.00020065997644580502,0.006077521656498389,3.693626948531037e-05,0.00016565321286587942,-0.0005252732949586236,2.759120345530164e-07,0.0002619184940394481
525,4.297665119912253e-05,1.3878201054806638e-05,9.533681979885984e-05,8.14586187440532e-05,0.005945877093003734,3.535345440497384e-05,0.00017901103891038161,-0.0011128472588104543,1.2384290215550209e-06,4.349640565948221e-05,0.0022456000841029663,5.042719737891055e-06,6.350301482671572e-05
526,0.00012317265416683654,1.138466420983845e-05,0.00016974087478257202,0.00015835621057273358,0.003358362626136433,1.1278599528985467e-05,0.00016941919252000393,0.0022106473014969793,4.886961492145403e-06,0.00016780496190360594,-0.004241277119933619,1.798843160838448e-05,0.00017199846992410617
527,0.0002231042445292042,7.310475649276633e-05,0.00023909698480228947,0.00016599222830952315,0.012138664955906578,0.0001473471869122278,0.00029372507478409027,0.004887966434520945,2.3892215865073396e-05,0.0002903126253430699,-0.006933604163845908,4.807486670099781e-05,0.00013325325427970824
528,0.00015492361345814665,5.0358934366741735e-05,0.00038340016162230484,0.0003330412272555631,-0.010576462291109805,0.000111861554595305,0.0006400031899577163,0.0008580746127642581,7.362920411146945e-07,0.00019081214141269953,0.006203140854745474,3.84789564638055e-05,0.00031938515349649865
529,0.00011914922115807691,8.921605906087038e-05,0.00024516625272134424,0.00015595019366047386,-0.006933425743145637,4.80723925354587e-05,0.00031829320935006233,0.010806201978497949,0.00011677400120002623,0.0001998554751890813,0.010139121433664137,0.0001028017834471262,0.000217350073624889
530,-3.2212830142003845,1.0,1.0,0.0,0.0,1.0,1.0,0.0,1.0,1.0,0.0,1.0,1.0
531,0.0005294176331291922,0.00022883549781312537,0.00039969139375772844,0.00017085589594460307,0.019440254169582477,0.00037792348217802196,0.0005463511879190142,0.01609553328142898,0.0002590661916138659,0.0005109797453790588,-0.007036818858526231,4.951681964748822e-05,0.0001417432479751124
532,0.0007739834563564862,0.00037359625352850756,0.0005443022396131406,0.00017070598608463306,-0.017786913768024118,0.0003163743013909759,0.0005428102605382623,-0.02738899901610959,0.0007501572671044787,0.0008004062057117567,-0.007365948146040469,5.4257192090068074e-05,0.00028969025258940295
533,0.0001752686270042325,7.293812282382905e-05,0.00028431963037197267,0.0002113815075481436,0.006656814393399751,4.431317786812716e-05,0.00036204335565503953,-0.009449904644576096,8.93006977918942e-05,0.00036809548712368745,0.009230411302402321,8.52004928114658e-05,0.00012282004833719107
534,0.00022477896342742998,0.0001008132598272482,0.000501696671882527,0.0004008834120552788,0.011374585791206331,0.00012938120192118596,0.0006681912484541863,-0.003592218155746372,1.2904031278182515e-05,0.0002318123441101827,0.0126552181444068,0.00016015454628237613,0.000605086423083212
535,2.556304700584988e-05,9.124433310766141e-07,0.00020059505129432775,0.00019968260796325113,0.00048238198875742326,2.3269238280665405e-07,0.0002281985538974407,0.0011031292183261276,1.216894072286756e-06,0.00016136660803245384,0.0011347878823015172,1.2877435381364322e-06,0.00021221999195308872
536,4.620013133727063e-06,2.2213534159876147e-06,8.373622885771148e-05,8.151487544172387e-05,-0.0005247614413548263,2.753745700356802e-07,0.00010013740379688496,0.001892609533966612,3.5819708475992584e-06,7.986753444566563e-05,-0.0016753252908729423,2.8067148303279055e-06,7.120374833058385e-05
537,-3.2212830142003845,1.0,1.0,0.0,0.0,1.0,1.0,0.0,1.0,1.0,0.0,1.0,1.0
538,4.789483666134409e-05,1.0938468691823466e-05,0.00022740641856999755,0.00021646794987817408,-0.0005715991174914855,3.2672555116963764e-07,5.5026844585137624e-05,0.0037975105162688307,1.4421086121263471e-05,0.00039979294845349234,-0.004250599299281136,1.806759440303729e-05,0.00022739946267136268
539,4.891784677896194e-05,1.1012094543942178e-05,0.0001818799601348934,0.00017086786559095124,-0.002862948110321565,8.196471881993794e-06,0.0001736362876512132,-0.002963951495326791,8.78500846657193e-06,0.0002492341579096724,0.004006844554429688,1.605480328326081e-05,0.00012276943484379466
540,0.0006097856201182639,0.0002566035920266163,0.0007123154408034127,0.0004557118487767964,-0.02189615695586238,0.00047944168943592214,0.00113029537241649,-0.014517862204110082,0.00021076832297717285,0.0003670850358378219,0.00892192600656206,7.960076366675395e-05,0.0006395659141559262
541,0.0005975820977701662,0.0001707458131821419,0.0006308531368255746,0.00046010732364343276,-0.0031031722830013467,9.629678218048277e-06,0.0004636488643521286,0.015144206765891809,0.00022934699856824725,0.0006497894099131152,0.016530600798517477,0.0002732607627601302,0.0007791211362114803
542,8.8566747731611e-05,3.568334553435045e-05,0.0002955167315750555,0.00025983338604070505,-0.00769911409708534,5.927635787972285e-05,0.00039825057295894695,0.006687576223369673,4.4723675743374436e-05,0.00036496648456596503,0.0017464257728646599,3.0500029799540584e-06,0.0001233331372002544
543,0.00020045005507052238,7.577688112877141e-05,0.00027701825388596707,0.00020124137275719567,0.0034496175397026206,1.1899861170228121e-05,0.0002623707577429357,0.009647033088056523,9.30652474021576e-05,0.00019243439231175774,0.01106189562480888,0.00012236553481392853,0.0003762496116032077
544,0.00020835044629241573,2.29632679823825e-05,0.00022705731746526978,0.00020409404948288728,-0.005033139629674501,2.533249453195996e-05,0.0002708896318353027,-0.0063597303390119705,4.0446169983998637e-05,0.00026365524300375753,-0.0017638422354315085,3.111139431188903e-06,0.00014662707755674909
545,0.00018058484591010338,3.299565238582917e-05,0.0002851224928801521,0.00025212684049432294,0.00298064792414622,8.88426204814774e-06,0.00014175804709604112,-0.0073922791841959145,5.4645791537022426e-05,0.00038278326701890464,0.005954569973783322,3.5456903572317344e-05,0.0003308261645255106
546,-3.2212830142003845,1.0,1.0,0.0,0.0,1.0,1.0,0.0,1.0,1.0,0.0,1.0,1.0
547,0.0001115939211716599,1.538098103163558e-05,0.00022884333782672664,0.00021346235679509107,-0.0062375104567746,3.890653669835764e-05,0.000480873445300789,0.0009454624274041848,8.938992019924541e-07,0.00015605286467690327,0.0025184334802597535,6.342507194556646e-06,4.960370350248766e-05
548,0.000259223638145456,8.378138360291369e-05,0.0001994529353618694,0.0001156715517589557,0.013117419719485315,0.00017206670009717318,0.00021669411414282358,-0.0031647097542557103,1.0015387829187539e-05,0.00013068100487878542,-0.008322383245401044,6.926206288238035e-05,0.0002509836870639992
549,0.00012016762802402603,4.719888649170242e-05,0.0004060954123360124,0.00035889652584431,0.010031424667205309,0.00010062948085409751,0.0004094057717174415,-0.004756584700396941,2.2625098011874734e-05,0.00027936294927088934,-0.004282765532802948,1.8342080609135003e-05,0.0005295175160197063
550,4.9369443342994757e-05,2.5555899563582212e-05,0.00014350797232454138,0.00011795207276095916,-0.005914174092749147,3.497745519953632e-05,0.00011665917809211557,-0.005025526186113786,2.5255913447486122e-05,0.0002273242749235571,-0.004053927730454799,1.6434330043724188e-05,8.654046395795145e-05
551,0.00011971861309079124,9.443586691730103e-05,0.000173893568749565,7.945770183226396e-05,0.009428888143355808,8.890393161919974e-05,0.00018718539919093669,-0.01024036168271966,0.00010486500739337323,0.00017269052042745425,-0.009462487080032207,8.953866173933012e-05,0.00016180478663030406
552,0.0001770009968595776,2.4064513868271575e-05,0.0001342997436897623,0.00011023522982149073,-0.008248399487897762,6.803609411176748e-05,0.0001041012561425747,0.0012424836926486454,1.5437657265859883e-06,0.00024230926406754172,0.0016166885186944457,2.613681766461262e-06,5.648871085917051e-05
553,-3.047971525863195,2.2785276982221583e-06,0.00016091303693617962,0.00015863450923795747,-0.0015094792805245,2.2785276982961733e-06,0.00016091303693577252,0.0015094792805245,2.2785276982961733e-06,0.00016091303693654968,0.0015094792805245003,2.2785276980741287e-06,0.0001609130369362166
554,0.00019680717531478376,3.104033983384694e-05,0.00031825667507490163,0.00028721633524105467,0.005155813057854543,2.658240828767866e-05,0.00030111359660944803,-0.008115779981025426,6.586588470069987e-05,0.0003661942168317056,-0.0008201990690760049,6.727265131623028e-07,0.00028746221178355125
555,1.6165772520615462e-05,1.1163949926247993e-05,0.00026113790602211306,0.0002499739560958651,0.0037198636421418405,1.3837385516080047e-05,0.00028403450445835254,0.0036854443432932094,1.358250000760286e-05,0.0003272091693148349,0.002464135600121941,6.071964255061069e-06,0.00017217004429315175
556,0.0010950730023482347,0.0002841205453127567,0.0008772726140842865,0.0005931520687715297,-0.025064632591106695,0.0006282358069269467,0.001459064524747422,0.0016081931245835207,2.5862851258384723e-06,0.0008165454984693232,-0.014884204509676877,0.00022153954388548502,0.000356207819036114
557,0.000178337871969525,4.8138194138958035e-05,0.00020717835767584494,0.0001590401635368869,0.0072798750564758005,5.299658083779413e-05,0.00012826664865872583,0.0038873915188666333,1.5111812821322346e-05,0.00019730906761050715,-0.008735341364686991,7.630618875775763e-05,0.00029595935675830187
558,0.00013196634147016884,4.016883406125308e-05,0.0001458876286175951,0.00010571879455634203,-0.0013620202000887785,1.8550990252830246e-06,0.00014361541468943528,-0.009768186681069092,9.541747103603004e-05,0.00017856794723425384,-0.004820158931242898,2.3233932122446177e-05,0.00011547952392909622
559,0.004698958399703357,0.00041217758052876824,0.0008636096604892988,0.00045143207996053053,-0.014930372919353157,0.000222916035511056,0.0006187445081737852,-0.027891568468400404,0.000777939591627308,0.0012990543157077594,-0.015351778869167455,0.00023567711444794082,0.0006730301575863518
560,0.00019215600697786162,6.227640271960766e-05,0.00032606823813737434,0.0002637918354177667,0.008618584772303744,7.428000347797781e-05,0.00012928263093581194,0.003072251430773617,9.438728853949918e-06,0.00039034946993732333,-0.010154332859782005,0.00010311047582689525,0.0004585726135389878
561,-3.2212830142003845,1.0,1.0,0.0,0.0,1.0,1.0,0.0,1.0,1.0,0.0,1.0,1.0
562,0.00018557847010713946,5.615372713074773e-05,0.00033171861982709644,0.0002755648926963487,0.012646675855389112,0.00015993841019124044,0.0005178183870329089,-0.0016671884772182903,2.779517418671773e-06,0.0001854076165761498,-0.0023965086652051534,5.7432537823309815e-06,0.0002919298558722305
563,2.9426336562110578e-05,1.0994470357720646e-05,0.0001697323269758133,0.00015873785661809267,-0.0038721387785297166,1.4993458720691244e-05,0.00015033885392479185,-0.004041588759485779,1.6334439701060077e-05,0.00019456838271381116,0.001286667265111884,1.6555126514106178e-06,0.00016428974428883691
564,2.1085821943045424e-05,5.237369845885927e-06,0.0005974357130481186,0.0005921983432022326,0.0004181767002063604,1.7487175263397603e-07,0.0002597288013330701,-0.0019141586121862483,3.664003192516141e-06,0.0011106087973499212,-0.003445756026281953,1.1873234592507664e-05,0.00042196954046136437
565,1.9082608271658863e-05,8.852917031935506e-06,0.00016085282629222744,0.00015199990926029194,-0.004274176006054602,1.8268580530556022e-05,0.00029384655010222804,-0.0028731059049445264,8.254737540625001e-06,0.0001679342864581157,0.00018823661830029575,3.543302462549747e-08,2.0777642316338607e-05
566,0.00020957682586697501,6.526216422853004e-05,0.00021977144742465113,0.0001545092831961211,-0.010621768417926475,0.00011282196432427227,0.0003343848203917199,-0.0019020755815331398,3.6178915178153304e-06,4.2397635597213323e-05,0.008907672919624457,7.934663684350252e-05,0.00028253188628502013
567,4.63514299875456e-05,7.744210269870303e-06,0.00022489686610153528,0.000217152655831665,-0.0007035654979414079,4.950044097951078e-07,0.00016277123500951785,0.0004677975260587633,2.1883452561155536e-07,0.00018076955959966945,-0.004745396914262334,2.2518791874204247e-05,0.0003311498036954186
568,0.00021888651029589035,0.0001093594293292884,0.0003026652710304371,0.00019330584170114873,-0.0022034309668644467,4.855108025614285e-06,8.621721347223943e-05,-0.012858252037825792,0.0001653346454678628,0.0004960593580579653,0.012565370447932076,0.0001578885344943881,0.00032571924156110654
569,0.00012121763546413256,2.674785485505075e-05,0.00025084931938301747,0.00022410146452796673,0.004961082783446278,2.461234238437804e-05,0.0001921852889628095,0.003309638074175704,1.0953704182026236e-05,0.0004527852705648039,-0.006684124325491502,4.467751799874797e-05,0.000107577398621439
570,0.00010387659791799564,5.001428260483406e-05,0.0002622465517238733,0.00021223226911903922,0.009046064588046344,8.183128453143063e-05,0.00027604109538414967,-0.007976140378224267,6.361881533378799e-05,0.0001618888475486413,-0.002143069749068158,4.592747949283549e-06,0.00034880971223882895
571,0.0006684579243922961,0.00018278171484516678,0.0011409831714421041,0.0009582014565969373,-0.016644530057111997,0.0002770403808218802,0.0016453154653000013,0.010241432358053934,0.0001048869367449301,0.0008473083649715996,-0.012900303367313681,0.00016641782696869,0.0009303256840547114
572,-3.2212830142003845,1.0,1.0,0.0,0.0,1.0,1.0,0.0,1.0,1.0,0.0,1.0,1.0
573,1.3258520714209965e-05,6.1090898625382195e-06,0.00027515567450871653,0.0002690465846461783,-0.0019082492097820534,3.6414150463848216e-06,0.0002842966790106427,0.0035536734590412384,1.262859505424263e-05,0.0002770535373515237,0.0014343149886208142,2.0572594869872063e-06,0.0002641168071639832
574,-3.2212830142003845,1.0,1.0,0.0,0.0,1.0,1.0,0.0,1.0,1.0,0.0,1.0,1.0
575,1.9389099619071537e-05,2.8521251320319982e-06,0.00027192100387381696,0.000269068878741785,-0.002854127583926204,8.14604426524479e-06,0.00022181652837183208,0.0006386769814721258,4.079082865926509e-07,0.0003636154660062729,-4.922240091296813e-05,2.42284425855388e-09,0.00023033101724334593
576,0.0001502536086382955,7.90862125639169e-05,0.000410637147884807,0.0003315509353208901,-0.011348838975967689,0.0001287961461021725,0.0004560539054297985,-0.003061771353950317,9.374443824095025e-06,0.0003391046852719848,-0.009954297954432074,9.908804776548319e-05,0.00043675285295263766
577,0.00017466444377423063,4.4713071325845157e-05,0.00014580779806279884,0.00010109472673695369,0.0006876883853014818,4.729153153526511e-07,0.00019219809910731023,-0.011322386896654409,0.00012819644503725414,0.00015488932017326817,0.0023387718197937874,5.469853624928689e-06,9.033597490781808e-05
578,0.0006474857578371296,0.0001999041407387455,0.0005704506792237144,0.0003705465384849689,-0.02379709514623201,0.000566301737399022,0.0010095301787886868,-0.0028825811380478617,8.309274017737067e-06,0.0005558593752955643,0.005010130816633354,2.5101410799477364e-05,0.00014596248358689223
579,0.00013120734822369418,3.4981663701527665e-05,0.00021066710388717436,0.0001756854401856467,-0.0032682086331766976,1.0681187669892012e-05,0.00021925867770544727,-0.009599472361146806,9.214986961203486e-05,0.00023116380100063338,0.001453937351685261,2.113933822656122e-06,0.00018157883295544242
580,-3.2212830142003845,1.0,1.0,0.0,0.0,1.0,1.0,0.0,1.0,1.0,0.0,1.0,1.0
581,8.331616191581404e-05,4.3236085483733255e-05,0.0003381808031925522,0.00029494471770881897,0.006674064951488225,4.454314297686057e-05,0.0004944311196746209,-0.0017428055063935428,3.0373710331321746e-06,9.825342802871617e-05,0.009062435789619253,8.212774244120702e-05,0.0004218578618743196
582,0.0011783859567653376,0.000408623686112608,0.0010627694986805232,0.0006541458125679152,0.03323420557453806,0.0011045124201705114,0.0015206183327320932,-0.010005498049873194,0.00010010999122578301,0.0011925962234620169,-0.00460962546651902,2.1248646941529614e-05,0.0004750939398474596
583,-3.1215913094273695,1.0907715212541783e-08,0.00015896945141395205,0.00015895854369873952,0.00010444000591289506,1.0907715397578954e-08,0.0001589694514141371,-0.00010444000591289505,1.090771473144514e-08,0.00015896945141335994,-0.00010444000591289512,1.0907715508601257e-08,0.00015896945141435914
584,0.00012765479167076155,4.0705177127065006e-05,0.0002465533792472459,0.0002058482021201809,0.002774866492353537,7.699884050471617e-06,0.00024578114846474097,-0.00898973290852509,8.081529776637897e-05,0.0002784950083604132,-0.005796580851174152,3.3600349564344434e-05,0.00021538398091658362
585,0.0001568519164760751,2.6394119861531767e-05,0.0004614540035754085,0.0004350598837138767,-0.005273765397191859,2.7812601464893838e-05,0.0005236336085109317,0.006641088372546156,4.410405477184298e-05,0.00046888037165626617,0.002695496864656813,7.2657033478584765e-06,0.0003918480305590277
586,5.519385020036349e-05,1.796868263999792e-05,0.00019624442309262857,0.00017827574045263064,-0.0019689050749682243,3.876587194584502e-06,0.00014006927478926734,-0.004477882134173064,2.0051428407108496e-05,0.0002147724822061381,-0.005475219842029133,2.9978032318300762e-05,0.00023389151228248029
587,-3.1824355917521148,5.63105657477303e-05,0.0001618923713578487,0.0001055818056101184,0.007504036630149108,5.631056574717519e-05,0.0001618923713574416,0.007504036630149105,5.631056574806337e-05,0.00016189237135855183,-0.007504036630149108,5.6310565747952346e-05,0.00016189237135755263
588,0.0003030756736424056,0.0001547683592060626,0.0005149741094181426,0.00036020575021208,-0.01328752886753884,0.00017655842340580374,0.0007043933091910315,0.0006937781426944848,4.813281112570067e-07,0.00010470470527723652,0.016948903389332234,0.0002872653261011271,0.0007358243137861598
589,0.0006282079201672675,0.00024197784210629644,0.0007240330857830971,0.00048205524367680064,0.0009238820586014363,8.535580582336166e-07,9.991515731144762e-05,0.01814147054728534,0.00032911295361803816,0.0010198591273294921,-0.01989891993658311,0.0003959670146426175,0.0010523249727083517
590,-3.2212830142003845,1.0,1.0,0.0,0.0,1.0,1.0,0.0,1.0,1.0,0.0,1.0,1.0
591,0.00021215662723761408,5.344573104174947e-05,0.00024429372373032293,0.00019084799268857347,-0.011940155725487673,0.00014256731874862094,0.00038790270694988305,-0.003341878898494058,1.1168154572249733e-05,0.00024248860662057226,-0.002569381210407129,6.601719804377737e-06,0.00010248985762051355
592,0.00011389804931194458,7.6202702380771354e-06,9.258604693962447e-05,8.496577670154733e-05,0.004042512494947845,1.634190727162199e-05,6.51751319048488e-05,-0.002001769583988856,4.007081467194418e-06,7.33586546718401e-05,0.0015848728576669645,2.511821975414996e-06,0.0001392243542421845
593,0.00024214059485194728,0.00012977004362069167,0.00033742948189878036,0.0002076594382780887,-0.013900576715449349,0.00019322603302251995,0.0005765105779559354,0.013986509718994792,0.0001956224541197482,0.00037486180574797245,-0.000679443684465111,4.6164371980683683e-07,6.091606199243316e-05
594,8.614382339122706e-05,5.9741868517759755e-05,0.00032399539806660105,0.0002642535295488413,-0.008351737746552818,6.975152338750679e-05,0.0004442483125125518,-0.006469412755012789,4.185330139427901e-05,0.00030620771421108195,-0.008223185561039563,6.762078077149347e-05,0.00022153016747616938
595,9.513762416946125e-05,6.1023827920503315e-05,0.00018761485789834756,0.00012659102997784424,-0.0074082091383418334,5.4881562637221215e-05,0.00018955046271595943,0.0074691981410622875,5.578892087099163e-05,0.00018357378462963148,-0.008508877731685058,7.24010002532971e-05,0.0001897203263494518
596,5.093009451340169e-05,2.4072043973810686e-05,0.00022530737199288886,0.00020123532801907817,-0.003504217399994776,1.2279539586823596e-05,0.00028208842985022464,0.0045032522244659885,2.0279280596890992e-05,0.0002785308533419517,0.0062974051590914265,3.965731173771747e-05,0.00011530283278649023
597,0.00017534652805106798,3.3013128712326235e-05,0.0003043489509175397,0.00027133582220521346,-0.007419632192133245,5.50509418663081e-05,0.000415330947527881,-0.005281767429506555,2.7897067179427637e-05,0.0003499826145429985,-0.004011405874791895,1.6091377091242975e-05,0.00014773329068173968
598,-3.2212830142003845,1.0,1.0,0.0,0.0,1.0,1.0,0.0,1.0,1.0,0.0,1.0,1.0
599,9.8299791955192e-06,4.214843744576591e-06,0.00011813605327800254,0.00011392120953342595,-0.00034144237338525627,1.1658289422733503e-07,5.21493598232281e-05,-0.0018659197948299297,3.481656680959233e-06,0.00023758796390271897,-0.003007705380957011,9.046291658543204e-06,6.467083610806057e-05
600,0.00022437299221977902,7.20764550943646e-05,0.0005559537651326218,0.00048387731003825724,0.008401575353679372,7.058646842372784e-05,0.0006802482866881121,-0.008672179147192984,7.520669116090062e-05,0.00034017487433080085,0.008392628056713617,7.043620569846532e-05,0.0006474381343789526
601,8.229897658673657e-05,2.5400333039327094e-05,0.0002272077962469643,0.0002018074632076372,-0.004557852112223659,2.077401587696759e-05,0.00021427312521371533,0.005228158199806872,2.7333638161652907e-05,0.00022793906615581339,-0.00530031556407392,2.8093345079360788e-05,0.00023941119737136418
602,3.8156076209716616e-05,1.9165197887138774e-05,0.0002305316864234704,0.00021136648853633164,0.0005460055294718458,2.9812203816703686e-07,6.246483836036543e-05,0.005362954066227881,2.8761276316457973e-05,0.000317736268408364,-0.005332559920568938,2.8436195306791312e-05,0.0003113939525016818
603,0.00017566473947883132,3.88229163330589e-05,0.00030011301598635115,0.00026129009965329225,-0.002005020829015172,4.0201085239610634e-06,0.00023880414210453171,0.005216616597030724,2.7213088719779677e-05,0.0002762337950684701,-0.009232310206848893,8.523555175543596e-05,0.00038530111078605156
604,-3.2212830142003845,1.0,1.0,0.0,0.0,1.0,1.0,0.0,1.0,1.0,0.0,1.0,1.0
605,0.0002837727034201709,0.00012118904199883336,0.00031320269585625543,0.00019201365385742208,0.0029548735330910984,8.731277596152331e-06,0.0001517985267083244,-0.01471987922705146,0.00021667484445930807,0.00035759506731802837,-0.011754190909660785,0.0001381610039410397,0.0004302144935424135
606,5.721868868568958e-05,7.235937257192108e-06,0.00013625069128161046,0.00012901475402441837,-0.0001980454792444182,3.92220116385289e-08,0.00015146224967288457,0.00216869532494256,4.703239412706672e-06,0.00014945797043963704,-0.004118901594762285,1.6965350347231123e-05,0.00010783185373230975
607,0.00010374567165105653,2.7340740475353027e-05,0.00048752760219294977,0.00046018686171759676,0.0075680857283400675,5.7275921591104506e-05,0.0005677466053345404,-0.004392063396840476,1.9290220881762465e-05,0.0005493869060082535,0.0023358251119399193,5.456078953192112e-06,0.0003454492952360555
608,0.0001653716059618615,3.8941173238438154e-05,0.0001902418191714883,0.00015130064593305015,0.0058190850642205316,3.386175098452071e-05,0.00019466957581704136,-0.006580527318615493,4.3303339790856654e-05,0.00020206187103410933,-0.006297493861852044,3.9658428939937096e-05,0.00017399401066331421
609,6.561348544076306e-05,3.865600255026358e-05,0.0007903958676858114,0.0007517398651355478,-0.0014983924651684147,2.245179979487588e-06,6.55245196430343e-05,-0.007089277732044452,5.025785876211497e-05,0.0009862042806002558,-0.007966490375911496,6.346496890918818e-05,0.001319458802814144
610,4.588232203395215e-05,2.4689477103212454e-05,0.000248462237544637,0.00022377276044142452,0.0036958482534334637,1.3659294312406978e-05,0.00024349885408891936,0.006613834778303759,4.374281047447859e-05,0.0003030144351438002,0.004082441245516879,1.6666326522751795e-05,0.0001988734234011913
611,-3.035324386715038,3.1985788950805727e-07,0.00016107569135770383,0.00016075583346819577,0.0005655598020378653,3.198578898411242e-07,0.00016107569135814792,0.0005655598020378653,3.1985788961907957e-07,0.00016107569135781485,-0.0005655598020378651,3.1985788906396806e-07,0.00016107569135714872
612,-3.2212830142003845,1.0,1.0,0.0,0.0,1.0,1.0,0.0,1.0,1.0,0.0,1.0,1.0
613,5.0105693303659216e-05,4.4079347927050705e-05,0.0006588419600435843,0.0006147626121165336,0.006011981532269118,3.6143921944398194e-05,0.000634319998755295,0.006837445302352593,4.6750658263317035e-05,0.0006231759284411886,-0.00702449027143031,4.9343463573436885e-05,0.0007190299529342692
614,0.00011626373796480571,3.674965459473286e-05,0.0005231577472442813,0.0004864080926495485,0.0063243415613999645,3.999729618542336e-05,0.0004715777694842549,-0.005812321518555384,3.3783081435090345e-05,0.0005222395375217292,0.006038922599586164,3.646858616368487e-05,0.0005756559347268597
615,0.00043867982819989493,0.00018536001908164845,0.00035981494631287525,0.0001744549272312268,-0.010021240698166936,0.00010042526513032168,0.0004179869105958023,-0.005061731790442145,2.56211287184005e-05,5.069035152704959e-05,-0.020737253034001087,0.0004300336633962232,0.0006107675768157739
616,5.7006449232455125e-05,2.964777393429004e-05,0.00018647564044519763,0.00015682786651090758,0.004247844802726169,1.8044185467913643e-05,0.00010481633437264826,-0.007328914140689205,5.371298248157963e-05,0.00012658886956995463,-0.004145618633433379,1.718615385337685e-05,0.00032802171739299
617,-3.0537642377560985,2.2237241437387627e-05,0.00016566579489811031,0.0001434285534607227,0.004715637967162596,2.223724143746164e-05,0.00016566579489807332,-0.004715637967162596,2.2237241437572663e-05,0.00016566579489818434,0.004715637967162596,2.2237241437128574e-05,0.00016566579489807332
618,-3.2212830142003845,1.0,1.0,0.0,0.0,1.0,1.0,0.0,1.0,1.0,0.0,1.0,1.0
619,-3.1659784030438196,6.230742874428301e-05,0.0001921534356974138,0.0001298460069531308,-0.00021594816788863668,4.663361097279051e-08,5.066534254594135e-05,0.009368737151702607,8.777323581832253e-05,0.00024198416543708134,0.009955019678688153,9.91024168035537e-05,0.0002838107991092187
620,0.0006027851222392133,7.036496889782178e-05,0.0008617210851209108,0.0007913561162230891,-0.00015203736347268201,2.3115359848446815e-08,0.00039937308292403717,-0.013005823186097696,0.0001691514367482272,0.0010387571469034906,-0.006474593005367264,4.1920354585389674e-05,0.0011470330255352046
621,0.0016720413232572673,0.0009468727372411445,0.006069265081250275,0.00512239234400913,0.004735835498239814,2.242813786634823e-05,0.0006443804320656055,-0.03464616757754642,0.0012003569278111748,0.007499076564245533,-0.040222296628187514,0.0016178331460459106,0.010064338247439686
622,4.473584118747098e-05,1.1846508189491031e-05,0.00036057884227824744,0.0003487323340887564,0.002290004231687939,5.244119380964918e-06,0.00039429020253023417,1.595017618747152e-05,2.54407939159762e-10,0.0002851309278810721,-0.005504103085831748,3.0295150779569013e-05,0.00040231539642343606
623,8.039703298212686e-05,4.489729121400406e-05,0.00016844714046315712,0.00012354984924915305,-0.004330549733677822,1.8753660996018162e-05,0.00011977645264604764,0.008368654920003406,7.003438517028115e-05,0.00019747535952929773,0.006775236340937005,4.5903827475712866e-05,0.00018808960921412599
624,-1.7026393149768353,4.0778013516614324e-06,0.00010950904001831112,0.00010543123866664969,0.0021162047622746865,4.478322596646045e-06,0.00011318622693468061,-0.001965743095482198,3.8641459161326e-06,0.00010756420404800515,0.0019725454474631607,3.8909355422056535e-06,0.00010777668907224758
625,0.00028632216204094174,7.893051438008965e-05,0.00017973963311738542,0.00010080911873729577,0.0027452964110682575,7.536652384732001e-06,0.00010556201382461161,-0.0013527729470301218,1.8299946469291228e-06,8.080788878284118e-05,0.01508061325373961,0.00022742489610860783,0.0003528489967447035
626,-3.2212830142003845,1.0,1.0,0.0,0.0,1.0,1.0,0.0,1.0,1.0,0.0,1.0,1.0
627,5.168852991965789e-05,1.3109217108286941e-05,0.00022883837809754373,0.0002157291609892568,-0.0029095025894382877,8.465205318497482e-06,0.00021922036539578915,0.004769274381185116,2.2745978122906685e-05,0.00010271429962815937,-0.0028489415373213777,8.116467883456657e-06,0.0003645804692686827
628,0.0002481412618209333,2.8338433696095677e-05,0.00028209789650912587,0.0002537594628130302,0.0005708914530925273,3.259170506808573e-07,0.00022105805756111874,-0.0026998300741989116,7.289082429751126e-06,0.0002638494821550763,0.00879774412037928,7.740030160785505e-05,0.00036138614981118256
629,7.75172356344278e-05,1.9345379430676008e-05,0.0001944209666776923,0.00017507558724701627,0.007026935395871971,4.9377821058183e-05,0.00029328141668016894,-0.002241573188332504,5.024650358564919e-06,0.00012867712075115278,0.0019062179506493426,3.633666875280106e-06,0.00016130436260175518
630,-3.2212830142003845,1.0,1.0,0.0,0.0,1.0,1.0,0.0,1.0,1.0,0.0,1.0,1.0
631,0.0005434211878060369,0.0002035310819421913,0.0007888015782296179,0.0005852704962874267,0.014529824904309813,0.00021111581174970695,0.0007213192808295243,-0.010515780717863023,0.00011058164410593374,0.0009323227850382976,0.016996934722796387,0.00028889578997093324,0.000712762668821032
632,0.00016251456157534427,6.771060600134031e-05,0.00032436285381802027,0.00025665224781667995,-0.008766998174822656,7.686025699726873e-05,0.0004584951497431655,0.0059469002501389735,3.5365622584992984e-05,0.00015611187283770533,0.00953446057319869,9.09059384217592e-05,0.0003584815388731899
633,5.859290344545354e-05,7.154186776732925e-06,0.0002039518927974641,0.00019679770602073116,-0.00432542658531256,1.8709315144360694e-05,0.00023752661218634508,0.000612441536524437,3.75084635684253e-07,0.00013130083834100859,0.0015421285777599586,2.3781605501538294e-06,0.00024302822786503864
634,-2.9751455347055384,3.7982860107144134e-06,0.00016389100003300072,0.0001600927140222863,-0.001948919190412775,3.798286011269525e-06,0.0001638910000334448,-0.0019489191904127753,3.7982860110474803e-06,0.00016389100003300072,-0.001948919190412776,3.798286009826235e-06,0.00016389100003255663
635,2.5096936259738634e-05,6.315929946487664e-06,0.00011668672500915929,0.00011037079506267163,-0.0032124121445726464,1.0319591786323024e-05,0.0001701290016679069,0.0013244859546315854,1.7542630440514628e-06,0.00010348822338379637,-0.0026218190267656,6.873935009088505e-06,7.644294997577461e-05
636,0.0007996662551716938,0.00020269345243166073,0.0011702293237871493,0.0009675358713554886,-0.009327117739361368,8.699512532384102e-05,0.0009796760289130235,0.0021593937255464336,4.662981261893684e-06,0.0004098143329602788,-0.022724925758056697,0.0005164222507092475,0.0021211976094881457
637,0.002093411350717278,0.0008791747462283025,0.0014611181083358609,0.0005819433621075584,0.016998229638632276,0.00028893981084754383,0.0008207600707450524,-0.03842240090674221,0.001476280891438364,0.002153774839895317,0.029534785193043752,0.0008723035363989995,0.0014088194143672128
638,4.555041284826089e-05,2.1634869716846694e-05,0.00017817163311980208,0.0001565367634029554,0.0043440368223254915,1.8870655913771905e-05,0.0001313468486386915,-0.0036421085652115098,1.326495480102885e-05,0.00010891580445215876,-0.00572442123145125,3.276899843573933e-05,0.00029425224626855595
639,0.00021913407052709388,0.00010914917063194658,0.00026610081518008144,0.00015695164454813487,-0.012581048521123607,0.00015828278189089495,0.00030882459030578957,-0.009746583579892948,9.499589147998755e-05,0.0002707772308778722,-0.008612133215720274,7.416883852495726e-05,0.00021870062435658255
640,4.9430530169924936e-05,9.83175791358093e-06,0.0001231449721544875,0.00011331321424090657,0.0007244618706136933,5.248450023476181e-07,6.567221676734292e-05,-0.002705974863884504,7.322299964362955e-06,0.00013470824056505126,-0.004652754965979649,2.1648128774032216e-05,0.0001690544591310683
641,6.762153576345131e-05,2.9016714264584742e-05,0.00021693704114259896,0.00018792032687801422,0.006585333954064971,4.336662328641161e-05,0.00029003618297296363,-0.004735780616034942,2.2427618043274755e-05,0.00020112543328887345,0.004610412287852389,2.125590146406786e-05,0.00015964950716595983
642,9.544432816954718e-05,2.9629463959901514e-05,0.0003715475629922915,0.00034191809903239,-0.0017240167871570857,2.972233882014841e-06,0.000362473672806396,-0.009250924633218527,8.55796065694081e-05,0.0004306618018197206,-0.000580130527214323,3.365514282815951e-07,0.000321507214350758
643,0.00017917926739408063,6.732383906767521e-05,0.0003513178590323814,0.0002839940199647062,0.00545105721227052,2.971402473161966e-05,0.00010385313746286151,-0.004355080806165767,1.8966728828062607e-05,0.0005768320197983012,0.012381064721717468,0.00015329076364334338,0.00037326841983598147
644,7.924374580281501e-05,2.776643153553267e-05,0.00021630391030110405,0.00018853747876557136,0.0026070982868544898,6.796961477206764e-06,0.0002917434260404361,-0.008744057769763709,7.645854628079984e-05,0.00022289261020713713,-0.00020925307320048374,4.3786848591409466e-08,0.00013427569465573885
645,3.0342361216906255e-05,5.757593260010315e-06,0.0001803343994624488,0.00017457680620243848,-0.0036926717622356425,1.3635824745117375e-05,0.00012257489591938064,0.0018314665174731487,3.3542696045163467e-06,0.0001850256757638391,-0.0005316817002960754,2.826854303972226e-07,0.0002334026267041267
646,0.00015959014061872612,5.6580331596648804e-05,0.00033983050935867026,0.00028325017776202144,0.0050170864427184925,2.5171156373349213e-05,0.00012634535699473926,0.0012499038113827372,1.5622595377351445e-06,0.0002685804901664257,0.01195857762773579,0.00014300757887886206,0.0006245656809148459
647,0.7257018161785683,0.36005297156334787,0.7415577497937299,0.38150477823038204,0.45305641113680584,0.20526011167216218,0.8176685729721386,-0.7246998374260528,0.5251898543653473,0.7389104874179973,0.5913619438656278,0.3497089486525342,0.6680941889910541
648,0.00018853537733432013,3.216846658656477e-05,0.0002118652519128942,0.00017969678532632943,-0.003211854681706251,1.031601049650277e-05,0.00021951151156307525,-0.009102417032256995,8.285399582919073e-05,0.000355914362695553,-0.0018263059529238363,3.3353934340007996e-06,6.016988148005442e-05
649,0.00012498081797707172,1.800448728928039e-05,0.0001754849760334428,0.0001574804887441624,-0.007294605990546725,5.321127655699698e-05,0.00025322248176984363,0.00011455405107049969,1.3122631203899005e-08,0.0001545498475082896,-0.0008882920006233241,7.890626796402955e-07,0.00011868259882219512
650,0.00018715175159933484,5.208258485815224e-05,0.0003235605653531352,0.00027147798049498295,-0.0032298410838581476,1.043187342719687e-05,0.0002582656214403789,-0.010639191097416205,0.00011319238720741698,0.0004104442691839072,0.005711697990978404,3.2623493939842874e-05,0.0003019718054351195
651,6.512904821243115e-05,2.624663315668278e-05,0.00018312738843503004,0.00015688075527834727,-0.005549922002914939,3.0801634238630804e-05,0.00014429615987954225,0.0030009802640468515,9.005882545265465e-06,0.0002942627279308718,0.006239581932013515,3.893238268615207e-05,0.00011082327749467602
652,0.00013051024676080658,4.696752289109115e-05,0.00014833515967234887,0.00010136763678125771,0.009821408396281426,9.646006288666076e-05,0.00029838545582938636,-0.004426150114370719,1.959080483515674e-05,5.4218301471786745e-05,-0.00498514803706398,2.4851700951455946e-05,9.240172171587346e-05
653,0.0003086080841923078,8.767739136698409e-05,0.0005153227714268885,0.00042764538005990444,0.0004820000837603382,2.3232408064011167e-07,0.00029877727291205414,0.005967831038282108,3.561500730164813e-05,0.0006234972666431249,-0.015072652146144729,0.00022718484271866402,0.0006236937747254867
654,-3.0801775916289555,1.1222493501161779e-07,0.00015974710788716853,0.00015963488295215691,-0.00033499990397538017,1.1222493467855088e-07,0.0001597471078869095,-0.0003349999039753802,1.1222493512264009e-07,0.00015974710788735358,0.00033499990397538017,1.1222493523366239e-07,0.00015974710788724256
655,0.0001327880897737943,1.7552209001348018e-05,0.0003091969520433076,0.0002916447430419596,0.0027514447540294847,7.570448234406335e-06,0.00030633886492326123,0.005124607641178842,2.6261603476185336e-05,0.0003575964037660917,0.004338729686556074,1.8824575293452384e-05,0.00026365558744056994
656,2.302045390512042e-05,8.488838352101643e-06,0.00011797354054014313,0.00010948470218804149,-0.0012752017941627769,1.6261396157402075e-06,0.00011606723839896471,-0.0019953621712497306,3.981470194980297e-06,0.00010355970308473239,-0.00445633316145466,1.9858905245584424e-05,0.00013429368013673226
657,0.00013808825958672166,0.0001058011268558016,0.0002967732331548752,0.00019097210629907357,-0.011328839468412379,0.00012834260370120365,0.0002791441273979345,0.010527516876569203,0.00011082861158628887,0.00034305112570132135,0.008844894871054288,7.823216527991228e-05,0.0002681244463653698
658,0.000416076951575195,0.0001258321616974071,0.00029830840471400943,0.00017247624301660233,-0.019208196963535273,0.00036895483058974055,0.0005081989530875131,-0.0020127589184481395,4.051198463805861e-06,0.00017629381158767998,0.0021190696162341088,4.490456038674928e-06,0.00021043244946683526
659,-3.05570098348547,2.2785276988142775e-06,0.0001609130369371048,0.0001586345092382905,-0.0015094792805244992,2.2785276990733294e-06,0.00016091303693743786,0.0015094792805244992,2.2785276991843517e-06,0.00016091303693788195,-0.0015094792805245003,2.278527698185151e-06,0.00016091303693599457
660,8.65663087337154e-05,2.8436403598175453e-05,0.0002543848460076307,0.00022594844240945527,0.0006495802535742292,4.219545060024643e-07,0.0001888360017774371,-0.000984280839952796,9.68808771650842e-07,0.00016020034254038418,-0.00916070125683365,8.391844751687305e-05,0.00041411819370507086
661,4.094050867564647e-05,9.006687768190839e-07,0.00013006742199195287,0.0001291667532151338,0.0008976799892908756,8.058293630153202e-07,0.00010519034546763173,0.001103850445931681,1.218485807030767e-06,0.00014004669285738736,-0.0008232199951873374,6.776911604111646e-07,0.00014496522765083952
662,0.00010089479385599898,1.8772892929989442e-05,0.0002330747832181753,0.00021430189028818586,-0.005690725345606427,3.2384354958892025e-05,0.0002596470994955524,-0.00032259874652518537,1.0406995121226004e-07,0.00020318653125084296,0.0048816241026578885,2.383025387986404e-05,0.00023639071890813046
663,4.262812435051888e-05,1.7860751864014663e-05,0.0001133294527405256,9.546870087651094e-05,-0.005645959250350475,3.187685585637201e-05,0.00012486619884977124,0.0045967700387770935,2.113029478933992e-05,9.018391075599208e-05,0.0007583567401768515,5.751049463320612e-07,0.00012493824861581349
664,-3.2212830142003845,1.0,1.0,0.0,0.0,1.0,1.0,0.0,1.0,1.0,0.0,1.0,1.0
665,-3.2212830142003845,1.0,1.0,0.0,0.0,1.0,1.0,0.0,1.0,1.0,0.0,1.0,1.0
666,-3.0732133019321797,1.6686747712120937e-05,0.0001623785638849388,0.00014569181617281785,0.005673482843418154,3.218840757412966e-05,0.00012398193627705112,0.004220691971179635,1.7814240715341434e-05,0.0001805267236233421,0.0002399892651047359,5.7594846891717566e-08,0.00018262703175442319
667,3.177849808477795e-05,3.385617208954509e-06,0.00015426850657015065,0.00015088288936119615,0.0027541650689963115,7.585425227274456e-06,0.00014407913750458246,0.0016016322576460108,2.5652258884845125e-06,0.00017876093757340783,7.874331967493675e-05,6.200511104559325e-09,0.00013996544463246163
668,0.00034968997570350435,0.00014448639284066664,0.0003096941993936027,0.00016520780655293607,-0.0081697125715683,6.674420350194499e-05,0.00025937801531061844,-0.015646444353833333,0.0002448112209177955,0.0003723795262595697,0.01104100331048846,0.0001219037541022594,0.00029732505661062003
669,0.00037395036386789204,0.00017578500583115275,0.0005585457447448242,0.00038276073891367146,-0.0032547854336075844,1.0593628218757978e-05,0.00018681963161348847,0.01391862644976917,0.0001937281622478304,0.000672489977272761,-0.017973125132443337,0.0003230332270268699,0.0008163276253482232
670,-3.2212830142003845,1.0,1.0,0.0,0.0,1.0,1.0,0.0,1.0,1.0,0.0,1.0,1.0
671,0.00039573096151568343,0.00016201213985774418,0.0003522691935956927,0.00019025705373794852,0.011169968888024073,0.0001247682049593246,0.00034060674498836985,0.018955938929519505,0.0003593276206996787,0.0005028824513600982,-0.0013930520142642715,1.940593914229183e-06,0.00021331838443860995
672,-3.2212830142003845,1.0,1.0,0.0,0.0,1.0,1.0,0.0,1.0,1.0,0.0,1.0,1.0
673,0.00010282646490222813,1.9449819391244756e-05,0.0002422359175759207,0.00022278609818467593,-0.0037898072017651203,1.4362638626752577e-05,0.00018835547100082284,-0.006630292030756338,4.3960772412865445e-05,0.00022575673004432417,-0.00016139124754959013,2.604713411624715e-08,0.0003125955516826151
674,0.00013461393564584423,4.836169471141479e-05,0.0002902301602509816,0.00024186846553956679,-0.0016595198596514706,2.754006164118472e-06,0.00023348959029367844,-0.010137045854289739,0.00010275969865247703,0.00032437023997677894,-0.006290578615470435,3.957137931764887e-05,0.00031283065048248737
675,0.000579741114198451,0.00017093761985224423,0.0010375467881043414,0.0008666091682520972,0.013821846375734803,0.00019104343723475026,0.00028961108809966163,-0.017029731610199203,0.00029001175871545826,0.00130456455382566,-0.005635393828874599,3.175766360652421e-05,0.0015184647223877024
676,2.1475388659597527e-05,4.2399563354352425e-06,0.00016191254762842888,0.00015767259129299363,0.002235488184905174,4.9974074248781974e-06,0.00017165404053554045,-0.0026716780183085615,7.137863433759328e-06,0.00018797999477115912,0.00076459018251152,5.845981476682027e-07,0.00012610360757858707
677,7.406120644126712e-05,2.286121878055288e-05,0.0004967398550639693,0.0004738786362834165,-0.004788315568539283,2.292796598379887e-05,0.0007341656613145675,-0.006756606842625842,4.565173602577577e-05,8.748832669502882e-05,6.288347704283864e-05,3.9543320839996454e-09,0.0006685655771823118
678,0.00014908567426408226,2.575347897463646e-05,0.00014001776315356965,0.00011426428417893318,0.007152296317878479,5.1155342619013666e-05,0.0002052102220453378,0.003011522348750022,9.069266857064662e-06,0.00011157170251618886,-0.004127448055127195,1.7035827447831053e-05,0.00010327136489918232
679,0.00028241488776303836,0.00013076706170937294,0.0002283645368558925,9.759747514651956e-05,0.005212925555707516,2.7174592849066315e-05,3.455804296925713e-05,-0.009831969427496833,9.666762282301011e-05,0.00023726715304406287,-0.016384717558031555,0.0002684589694560424,0.0004132684145543575
680,0.00015587122402083153,9.537621649972443e-05,0.000645521311003705,0.0005501450945039806,-0.011945572146091404,0.00014269669389754824,0.0006907618241742686,0.011764044926543241,0.00013839275303417775,0.0007863845243882839,-0.002244816822730613,5.039202567447276e-06,0.0004594175844485626
681,0.0003557275531881343,0.00014007159141915526,0.0005125138272188412,0.00037244223579968594,-0.010676709521644116,0.00011399212620943899,0.0005520507457916768,-0.017381611321342066,0.0003021204121259613,0.0004680992145011942,-0.002025397719561144,4.102235922065489e-06,0.0005173915213636526
682,0.00024982451451793786,6.988759669016946e-05,0.00021275153888851891,0.00014286394219834947,-0.012409139412601218,0.0001539867409608986,0.0003841808046598505,0.002854429862323245,8.147769839150776e-06,0.00012496080927615338,0.006894075664700762,4.7528279270458995e-05,0.00012911300272955284
683,0.00014002937156332163,7.454042597458226e-05,0.0002466069792779561,0.00017206655330337384,-0.001174619872568457,1.3797318449970675e-06,9.550337820751764e-05,0.00976667573140701,9.538795484231866e-05,0.00020174976805764633,0.011262929957897138,0.00012685359123643103,0.0004425677915687043
684,5.035288434163121e-05,1.8232629160711927e-05,0.00021704780604133353,0.0001988151768806216,0.0068927615454020845,4.751016172221956e-05,9.973178624755885e-05,0.002594214801965882,6.72995043871083e-06,0.00026422454347618807,0.0006765909557051372,4.577753212053892e-07,0.00028718708840025364
685,0.00024028866842940033,5.14938370513122e-05,0.0004548358990498584,0.00040334206199854616,-0.008003563602758374,6.405703034351173e-05,0.0005600662164814141,-0.002769663383910792,7.671035260226056e-06,0.0003809553411291411,-0.009096892081927235,8.275344555019881e-05,0.0004234861395390199
686,-3.2212830142003845,1.0,1.0,0.0,0.0,1.0,1.0,0.0,1.0,1.0,0.0,1.0,1.0
687,0.00011904228704417985,4.346729571369501e-05,0.00016775259926782304,0.00012428530355412803,-0.009837205643503676,9.677061487245453e-05,0.00026968645525693447,0.005618486283294021,3.1567388115272266e-05,0.00016293567000613685,-0.0014366224811567505,2.063884153358231e-06,7.063567254039782e-05
688,0.00022921961340083286,7.68744230953781e-05,0.0004312797454024316,0.00035440532230705346,-0.014749734130336176,0.0002175546569157527,0.00028378063887335436,-0.002639890683059907,6.969022818270609e-06,0.0005542165784464537,-0.002469734712881134,6.099589552110984e-06,0.00045584201888748677
689,-3.2212830142003845,1.0,1.0,0.0,0.0,1.0,1.0,0.0,1.0,1.0,0.0,1.0,1.0
690,0.00010695593625953403,1.5904942687476147e-05,0.00014303601631486065,0.00012713107362738452,0.006252434368881188,3.9092935537166085e-05,0.00022771814959454684,-0.0023539576816196625,5.541116766649701e-06,9.747908272894623e-05,-0.0017552138783945915,3.0807757586126527e-06,0.00010391081662108892
691,2.504040726858392e-05,1.0883468266387197e-05,0.00026802634338810954,0.00025714287512172235,-0.0016868172913864223,2.845352574554205e-06,0.00019876011627539825,-0.003053146894508722,9.321705959686177e-06,0.00038271604994943864,-0.004525853098003229,2.048334626492121e-05,0.0002226028639394917
692,0.0002721732876151961,5.308276782996687e-05,0.0004901916503336304,0.0004371088825036636,-0.003857730352186178,1.4882083470224572e-05,0.0003829061760680652,-0.00724337761258212,5.246651923818124e-05,0.00041720255337784895,0.00958643316263865,9.189970078149479e-05,0.0006704662215549773
693,0.007314911137076718,0.0047469124799652445,0.006581987252533339,0.0018350747725680945,-0.07036600777817967,0.0049513750506386955,0.006762682674265719,-0.07192316133566154,0.005172941136515674,0.005778753836876982,-0.06415934267697518,0.004116421252741365,0.007204525246457316
694,-3.0485350001645344,1.0540709977450529e-06,0.00016413210600888886,0.00016307803501114382,0.0010266795981628348,1.0540709974860007e-06,0.00016413210600818573,-0.001026679598162835,1.0540709972639561e-06,0.00016413210600818573,0.0010266795981628348,1.0540709984852015e-06,0.00016413210601029515
695,0.000269193760934483,9.433124621283095e-05,0.0004761409817415722,0.00038180973552874126,0.003898470987059453,1.5198076037004071e-05,0.0005894105006876149,0.00027011008545140886,7.295945814167482e-08,0.0003098597293653693,-0.016362234051112822,0.0002677227031433471,0.0005291527151717323
696,9.422091754118789e-05,2.7314562249765768e-05,0.0002428898935104377,0.0002155753312606719,-0.0009439464410117055,8.910348836543847e-07,0.00022568288513513668,-0.008912987169459824,7.944134028337047e-05,0.00025158235893685266,-0.0012693744847123043,1.6113115822724566e-06,0.00025140443645932375
697,-3.147248419475128,5.913256675612229e-06,0.00015563457628634905,0.00014972131961073681,0.002431718872774441,5.913256675649237e-06,0.000155634576285979,-0.0024317188727744406,5.913256675649237e-06,0.00015563457628642308,-0.0024317188727744415,5.913256675538214e-06,0.00015563457628664512
698,4.708349282556146e-05,1.9376673664991035e-05,0.0002679852574638912,0.00024860858379890016,-0.004703124040603435,2.2119375741591618e-05,0.0003971736715375762,0.00404604209740084,1.6370456653702625e-05,0.00017264895669533153,-0.004431725239566289,1.9640188599678865e-05,0.00023413314415876574
699,-3.2212830142003845,1.0,1.0,0.0,0.0,1.0,1.0,0.0,1.0,1.0,0.0,1.0,1.0
700,0.00010433951092914118,9.543809097160386e-06,0.00018311500949267737,0.000173571200395517,0.003307557849717915,1.093993892897771e-05,0.0001293713663732543,0.004135889159779595,1.7105579141918348e-05,0.0002565354172241463,0.0007654470723751056,5.859092205851013e-07,0.00016343824488063152
701,4.4311183003853394e-05,4.045883572278974e-06,0.0001622185817744167,0.00015817269820213772,0.0021149664428471954,4.473083053735394e-06,3.0906382316508996e-05,0.0018624974517901238,3.4688967578411223e-06,0.00022584197007635698,-0.002048333689959234,4.195670905260407e-06,0.0002299073929303841
702,6.81268992640538e-05,5.1206218192138366e-05,0.0004849714552441024,0.000433765237051964,-0.006544883134720203,4.2835495247861566e-05,0.0005236335103345757,-0.006597636334746742,4.352880520575031e-05,0.000568556542454135,0.008200875204674123,6.725435412280323e-05,0.0003627243129435964
703,0.0001970981977165165,0.00010067286350852929,0.00036319018728866076,0.0002625173237801315,0.0043528333563766205,1.8947158228477257e-05,0.000320933014913094,0.009674439234155735,9.359477449433218e-05,0.0003661010664932629,0.013765052045038277,0.00018947665780277845,0.0004025364804596254
704,0.00017156286559183442,5.486028749435157e-05,0.00020329627603621336,0.0001484359885418618,-0.010520830084073283,0.0001106878656578214,0.00040342202072107813,0.004594084669342694,2.110561394930155e-05,0.00015514938861227456,-0.005726026796671489,3.278738287593175e-05,5.131741877528739e-05
705,-3.2212830142003845,1.0,1.0,0.0,0.0,1.0,1.0,0.0,1.0,1.0,0.0,1.0,1.0
706,-3.0975956819186257,1.1249037384956454e-05,0.00016012324777544182,0.00014887421039048537,0.0033539584650243786,1.124903738602967e-05,0.00016012324777658904,-0.0033539584650243825,1.1249037384697402e-05,0.00016012324777525677,0.003353958465024381,1.124903738414229e-05,0.00016012324777447962
707,4.820133474259247e-05,2.7910365229200096e-05,0.000307864436246937,0.0002799540710177369,-0.00633903006237436,4.0183302132068555e-05,0.00041180962894071804,0.0063452449407456,4.026213335917017e-05,0.00037317125203839563,-0.0018126390142596828,3.2856601963615617e-06,0.00013861242776169735
708,-3.2212830142003845,1.0,1.0,0.0,0.0,1.0,1.0,0.0,1.0,1.0,0.0,1.0,1.0
709,2.8353028784788847e-05,4.805439290748541e-06,0.0003350163290313235,0.00033021088974057494,-0.002474224701858781,6.121787875512652e-06,0.00027407063171625,-8.371933026348845e-05,7.0089261061667685e-09,0.00028077122650804753,-0.0028788054937283853,8.287521070626802e-06,0.00045020712886967296
710,-3.2212830142003845,1.0,1.0,0.0,0.0,1.0,1.0,0.0,1.0,1.0,0.0,1.0,1.0
711,-3.2212830142003845,1.0,1.0,0.0,0.0,1.0,1.0,0.0,1.0,1.0,0.0,1.0,1.0
712,7.919780489962225e-05,2.1789357616171696e-05,0.00031022821997306327,0.0002884388623568916,-0.004913155373486318,2.413909572407391e-05,0.0005470527962556648,-0.005067658672164798,2.5681164417590274e-05,0.00019452351074256136,0.003943071481339546,1.5547812706850905e-05,0.00018910835292096362
713,0.00038297071185744436,0.00014793639043523635,0.00039095740634350246,0.0002430210159082661,0.006193214016557766,3.835589985501375e-05,0.0001655944888900862,-0.014651473444918425,0.00021466567410710624,0.0003479972009285959,-0.013812588365101923,0.00019078759734358908,0.0006592805292118253
714,8.521705903508092e-05,1.5156533415957204e-05,0.00010584022920956393,9.068369579360673e-05,0.005060674406209569,2.5610425446132012e-05,0.00010978371399239517,-0.002773682488400354,7.693314546308727e-06,0.00016015737537777852,-0.003487959325377154,1.2165860255430871e-05,4.7579598258518097e-05
715,0.0003374767110182475,7.269030710599367e-05,0.0003528081917634207,0.00028011788465742704,0.013440061543962163,0.0001806352543057832,0.0004945189518595905,0.005540870544920596,3.070124639559246e-05,0.0002264984355541122,-0.0025950762254811515,6.734420616605341e-06,0.00033740718787655943
716,0.00022786436060040494,0.00011818940957434669,0.00032565515086254343,0.00020746574128819673,0.00986935984483034,9.740426374649225e-05,0.000321365819598074,0.007302005247778326,5.331928063867508e-05,0.0002396869683171099,0.014277418686105802,0.00020384468433787273,0.0004159126646724465
717,0.00021873689634788196,4.161021061603135e-05,0.00020678998293703157,0.00016517977232100023,0.010873141503990274,0.00011822520616622256,0.0003094881384170245,0.001591475304777513,2.532793645593223e-06,0.00016413302624040949,0.00201807632077184,4.072632036278279e-06,0.00014674878415366077
718,5.915099551789815e-05,1.472470810666889e-05,0.00027000870197047,0.00025528399386380113,0.005284238889752273,2.7923180643929513e-05,0.0001374506035719536,0.003837047778575945,1.4722935654964964e-05,0.0003118794981056272,0.001236126215642032,1.5280080211121927e-06,0.0003606960042338292
719,6.385376048578806e-05,1.634390957043023e-05,0.0006629177105265116,0.0006465738009560814,0.0054369265208998405,2.956016999378086e-05,0.0005040231489559233,0.0012127144923537957,1.4706764400740369e-06,0.0006082987234976578,-0.004242744663270291,1.8000882277435792e-05,0.0008764312591259538
720,0.0002822548072226594,0.00011778416934830431,0.0003001978812144923,0.000182413711866188,-0.015730725949256202,0.0002474557388906229,0.0003426013675551509,0.0010294835802382883,1.0598364422742534e-06,0.0001547905102925462,-0.01023899080534916,0.00010483693271201577,0.0004032017657957798
721,3.1932930769307255e-05,1.934165198754408e-05,0.0003617906902913341,0.00034244903830379003,0.004378399479243803,1.9170381999611408e-05,0.00022545927158601486,-0.0027193932666968058,7.395099739460065e-06,0.0004792405428788449,0.0056088745950778765,3.145947422356077e-05,0.0003806722564091425
722,-3.2212830142003845,1.0,1.0,0.0,0.0,1.0,1.0,0.0,1.0,1.0,0.0,1.0,1.0
723,7.353208173721537e-05,2.757636600251671e-05,9.32754211279141e-05,6.569905512539738e-05,0.005116593574006672,2.6179529801551027e-05,0.0001223629890463318,0.004811529294831506,2.3150814155603605e-05,8.54715771032577e-05,-0.0057791655150453885,3.3398754050395496e-05,7.199169723415277e-05
724,9.88117639982855e-05,4.528848660693511e-05,0.00017133279186028658,0.00012604430525335147,0.008131735113525194,6.612511595616155e-05,0.00011458820217025156,0.007720795168542837,5.961067803450515e-05,0.0001637741001250248,-0.003182713595389322,1.0129665830138634e-05,0.00023563607328558334
725,0.00011276685181416113,3.2730789433258835e-05,0.00020779683403293614,0.0001750660445996773,-0.0037885747768369206,1.4353298839808737e-05,0.00017066882479754852,0.007191867896799058,5.172296384481356e-05,0.00025175813315703177,-0.00566710734102216,3.211610561515421e-05,0.00020096354414422812
726,0.00022992801389420947,7.349111833795015e-05,0.0006304835853352767,0.0005569924669973265,0.011233737092263692,0.00012619684905812445,0.0001586687121859498,-0.00010694135857546239,1.1436454450119982e-08,0.0005658554758485312,-0.00970902000725776,9.426506950127589e-05,0.0011669265679713492
727,0.00023513118084084184,0.00010476883047357462,0.00028676936203031467,0.00018200053155674006,-0.011906489211281828,0.00014176448533831376,0.00030323993977154906,0.0129355927718283,0.00016732956035847568,0.00038437991189121945,0.0022830781248311563,5.212445723934422e-06,0.0001726882344281755
728,1.3069339501403654e-05,8.266214728269716e-07,0.00030153518867629775,0.0003007085672034708,0.00011284698728965194,1.2734442944584146e-08,0.00026925804499100536,-0.0005700988707924983,3.2501272251295177e-07,0.0003037850835947431,0.0014635973672013712,2.142117253023379e-06,0.00033156243744314473
729,8.246885003315718e-05,3.4027172250798245e-05,0.00018000218395249531,0.00014597501170169708,-0.006864442243176455,4.712056731004388e-05,0.00013203509268167046,-7.941297923057906e-05,6.3064213851049544e-09,0.00025370365303289955,0.00741313988947854,5.4954643020965754e-05,0.0001542678061429159
730,-3.2212830142003845,1.0,1.0,0.0,0.0,1.0,1.0,0.0,1.0,1.0,0.0,1.0,1.0
731,8.113342050064531e-05,1.7613830757564248e-05,0.0001564426916987142,0.00013882886094114993,-0.004910544856828961,2.4113450790785862e-05,0.0001393689207567217,0.00018217634470618337,3.31882211712653e-08,0.0001594938218429931,-0.0053567577190733184,2.869485326073562e-05,0.0001704653324964278
732,0.00022351998241632032,0.00012838671430811152,0.00039383363730693954,0.000265446922998828,-0.014519051003752392,0.00021080284204955113,0.0004980767827560406,-0.01185320620384528,0.00014049849731068154,0.000548850997894923,0.005818831804087286,3.385880356410187e-05,0.00013457313126985504
733,7.184628465273235e-06,1.069560591130762e-06,6.898153423469851e-05,6.791197364356774e-05,0.001046104807292872,1.0943352682923901e-06,4.7043068704066826e-05,-0.0010877344455424921,1.183166223994725e-06,4.5736580575606034e-05,-0.0009649768292516617,9.311802811051706e-07,0.00011416495342442268
734,0.000158825316390665,0.00012472398374156293,0.00037094921914885653,0.0002462252354072936,-0.009938111332583602,9.876605686010009e-05,0.00029224410269312884,-0.011664172537622072,0.00013605292098761712,0.000411015730291342,-0.011804786036860778,0.0001393529733769716,0.00040958782446209874
735,0.0001225696564566281,3.0172906728909155e-05,0.0006005353519504449,0.0005703624452215358,-0.006630765467278597,4.396705068221429e-05,0.0006725327860891417,-0.001315171047420347,1.7296748839878973e-06,0.0005298580844923517,0.0066949230481734125,4.4821994620525274e-05,0.0005992151852698413
736,-3.2212830142003845,1.0,1.0,0.0,0.0,1.0,1.0,0.0,1.0,1.0,0.0,1.0,1.0
737,0.00018219640135108683,1.0251713867518811e-05,0.00018216811042167289,0.00017191639655415408,-0.0018016539017338695,3.245956781694481e-06,0.00019930344834873104,0.004466161685987418,1.994660020554484e-05,0.00017437238135353805,-0.0027500153845825452,7.562584615317114e-06,0.00017282850156274954
738,4.7220659431190803e-05,1.402053730522231e-07,0.00016137980710477043,0.0001612396017317182,0.0004164592613357986,1.7343831559823997e-07,0.00015706872063492305,-0.00033704940380838746,1.1360230178780739e-07,0.00015817213211533065,-0.00036547982414673896,1.3357550177062194e-07,0.0001688985685640576
739,0.00015934807416528862,2.9136629834799106e-05,0.0004693414852476134,0.0004402048554128143,0.002976219587171208,8.857883030288782e-06,0.00048629913877451525,0.00660834213283402,4.3670185745026124e-05,0.0004684175415653469,0.005906083366244129,3.488182072908241e-05,0.00045330777540297795
740,-2.918905062084062,3.719776874303952e-05,0.0001780173100530691,0.00014081954131002958,-0.006098997355537506,3.719776874322456e-05,0.00017801731005284704,-0.0060989973555375075,3.719776874200331e-05,0.00017801731005251398,0.006098997355537502,3.719776874389069e-05,0.00017801731005384624
741,6.94842085339209e-05,2.1634619113271764e-05,0.0003671905532152131,0.00034555593410194135,0.007879519205582872,6.208682291108936e-05,0.0001462321090880403,0.0014601053906615818,2.1319077516679386e-06,0.00048741177280320347,0.0008277237928585725,6.851266770580011e-07,0.00046792777775439554
742,6.375043799566882e-05,1.8869074376389367e-05,0.00017852114430401875,0.00015965206992762937,-0.006812697769531982,4.641285089945768e-05,0.0001527972338423167,-0.001755375825945955,3.0813442903898647e-06,7.330988528941873e-05,-0.0026670260476845567,7.11302793932056e-06,0.0003094563137803208
743,0.00034047821568483627,0.00014783605948017384,0.0002515264296288529,0.00010369037014867907,-0.014955522681384859,0.00022366765867365412,0.00032367095722973804,0.0020413988748963843,4.167309366143179e-06,0.00015136768619472551,-0.014685816640589117,0.00021567321040072418,0.00027954064546209523
744,0.0002079868648346972,5.299967301686248e-05,0.00018749003656914898,0.0001344903635522865,-0.00295734877541985,8.745911779683979e-06,0.0001317529257640615,0.012177131091421215,0.00014828252161747102,0.0002505454063530532,-0.001403775499689009,1.970585653432444e-06,0.0001801717775903322
745,-3.2212830142003845,1.0,1.0,0.0,0.0,1.0,1.0,0.0,1.0,1.0,0.0,1.0,1.0
746,0.00025805753484398064,9.56774029997239e-05,0.00046040771056406654,0.00036473030756434266,-0.005066166064279037,2.5666038590888007e-05,0.000385339330426393,0.007235759401872539,5.2356214121696e-05,0.0003964433481274954,0.014457176636063343,0.0002090099562865877,0.0005994404531383113
747,2.3212238541070462e-05,6.888369844785617e-06,0.00018441469220279819,0.00017752632235801258,0.0036501519713083297,1.3323609413973259e-05,0.00010837305851485457,0.0019089628177841693,3.644139039749028e-06,0.00017417656272933346,-0.0019228523293706456,3.6973610806345647e-06,0.00027069445536420655
748,0.00011668227178174284,2.0116649428284877e-05,0.0002072857523365649,0.00018716910290828004,-0.00033831525214693647,1.1445720982106167e-07,0.00026179399427406214,0.005041790665107414,2.5419653109870488e-05,0.00021410554347567334,0.0059004947220903155,3.481583796516308e-05,0.00014595771925995926
749,0.00020826923559347232,6.0170455506732466e-05,0.00028038084389066703,0.00022021038838393456,-0.01017855634921644,0.00010360300935419176,0.0002573338720592844,0.0013357038982643335,1.7841049033684442e-06,0.00018984710143421513,0.008667424776868628,7.512425226263719e-05,0.00039396155817850165
750,1.4847550471763782e-05,2.419237277617725e-06,0.0001424180859730025,0.00013999884869538479,-0.0015289045497846882,2.33754912226658e-06,0.0002221765481095206,0.0018661242755631713,3.482419811851045e-06,0.00010706552244543754,0.0011990591723957005,1.43774289873555e-06,9.801218736404937e-05
751,0.0002087061714280969,6.819112507020868e-05,0.00017801277550814434,0.00010982165043793567,0.011960306527234989,0.00014304893222538695,0.0002271396769605305,-0.007206462634394404,5.193310370088522e-05,0.00024939208550367464,-0.003096988744649164,9.59133928435385e-06,5.7506564060227916e-05
752,3.10260850403532e-05,1.1832492167629383e-05,0.00011740366298803225,0.00010557117082040286,0.002869566517634032,8.234411999152869e-06,0.0001244051626585474,-0.00519374666325002,2.697500440185241e-05,0.00011097278373717323,-0.0005367123081253765,2.880601018828699e-07,0.00011683304256837612
753,0.00011421121666466139,5.091971879348881e-05,0.0002070024044093325,0.0001560826856158437,0.009919867403364122,9.840376930037031e-05,0.0002643637833168455,-0.006903507935459516,4.765842181519986e-05,0.00025017680369732176,-0.0025878495445281185,6.696965264896271e-06,0.0001064666262138303
754,2.9152905397955564e-05,1.3705197236683434e-05,0.00010952070571986401,9.581550848318057e-05,-0.004865700463806496,2.367504100353468e-05,0.000140231584842887,0.002695994202285633,7.268384738967626e-06,0.00014820680391136598,0.003189383320880611,1.0172165967547997e-05,4.0123728405339065e-05
755,9.26822021543039e-05,5.6272452072366384e-05,0.00023533885323116324,0.00017906640115879685,-0.007758593750921686,6.019577699167833e-05,0.0002457920257930013,0.007712335830857063,5.9480123967170506e-05,0.000244339331684329,-0.007010096665379488,4.914145525825031e-05,0.00021588520221615948
756,0.0002099550375278536,0.00013282714628544875,0.0002848038403906091,0.00015197669410516032,-0.010100638747748808,0.0001020229031124531,0.00018912931926851062,-0.01188304410255342,0.0001412067371434622,0.0003384244434053718,0.012460007969521543,0.00015525179860043092,0.00032685775849794485
757,2.7758945054467965e-05,1.176020692128521e-05,0.0001620741864478322,0.000150313979526547,0.0036964826106551107,1.366398369073707e-05,0.000247911027525749,-0.0016163488951287403,2.612583750449815e-06,7.658075488525817e-05,0.004359363866750187,1.9004053322668746e-05,0.00016173077693248938
758,-3.2212830142003845,1.0,1.0,0.0,0.0,1.0,1.0,0.0,1.0,1.0,0.0,1.0,1.0
759,0.00010739299591422391,4.167664582921393e-05,0.00022674958169325668,0.00018507293586404275,-0.003425540995474065,1.173433111179012e-05,0.00018520869230298498,-0.005826482706597784,3.394790073019127e-05,0.00017361661601622558,-0.008907732912797929,7.93477056456604e-05,0.0003214234367605595
760,0.00026062999174014667,8.478692174688589e-05,0.0004523425480647732,0.0003675556263178873,-0.012583828013366974,0.00015835272747011242,0.0008107626403354162,-0.0052356410651047515,2.7411937362775696e-05,0.0001749752753853473,0.008282276281777901,6.859610040776953e-05,0.0003712897284735561
761,0.00020377152025896628,4.806035008086962e-05,0.00034404246968533503,0.0002959821196044654,-0.0003699496683461642,1.3686275701640938e-07,0.00013088038367625732,0.008386932729858146,7.034064061517409e-05,0.00025838616126971914,0.008585076986855435,7.370354687041836e-05,0.0006428608641100286
762,8.140305135917458e-05,5.4404474833032644e-05,0.00017303351200344727,0.00011862903717041462,-0.008778461762358598,7.70613909132356e-05,0.00013298000269756916,0.008869526859008221,7.866850670268377e-05,0.00014164020819329437,0.0027356035683351373,7.483526883178548e-06,0.00024448032511947826
763,0.00010011781565300026,2.3363405331563076e-05,0.00015042926633549816,0.00012706586100393508,0.004224775433852713,1.7848727467129066e-05,0.00013079925875836285,-0.0006389230835306868,4.0822270674922834e-07,0.00014147097739602987,-0.007199532333456048,5.1833265820810936e-05,0.0001790175628521018
764,0.0001444201761363617,1.5039663176360149e-05,0.00016887828032078703,0.00015383861714442687,0.003270989990402312,1.0699375517342347e-05,0.00022052119164006623,-0.0019151862525040484,3.667938381801683e-06,0.00015414805423574762,0.005545419337575066,3.0751675629936415e-05,0.00013196559508654726
765,-3.2212830142003845,1.0,1.0,0.0,0.0,1.0,1.0,0.0,1.0,1.0,0.0,1.0,1.0
766,1.4753499771424927e-05,3.415420277819159e-06,0.0001790554551021062,0.00017564003482428703,-0.0008934720060773442,7.982922262117498e-07,0.00017885403423567592,-0.002443134054650473,5.968904008724074e-06,0.00019162713683951171,-0.0018652250797816072,3.479064598521653e-06,0.00016668519423113093
767,0.00036412642035776877,9.144299105083113e-05,0.0003958822235217892,0.00030443923247095806,-0.016491728653007392,0.00027197711396453883,0.0006389690585054675,-0.0010470254724285462,1.0962623399057847e-06,0.00040548227252923397,0.0011205341797237286,1.2555968480487678e-06,0.0001431953395306662
768,0.00014518717178857443,3.324125399147467e-05,0.0002281563848381222,0.00019491513084664752,-0.000911407455812018,8.306635504995441e-07,0.000292790890660255,-0.008466827202014896,7.168716286853893e-05,0.00016620087773100423,0.005215930938532153,2.720593555538553e-05,0.00022547738612310742
769,0.00025133396186283186,7.855677153567608e-05,0.000669888851465017,0.0005913320799293409,0.012419779598655672,0.00015425092527920903,0.0006376066822468829,0.002158552675040281,4.6593496509927945e-06,0.0004632462129732229,-0.008761280709858764,7.676003967682643e-05,0.0009088136591749452
770,2.0437932823580418e-05,1.2401025636266105e-05,0.00011400676743259878,0.00010160574179633268,-0.0034129980589945774,1.1648555750642942e-05,0.0001033777743204567,0.0039855410480944325,1.5884537445942648e-05,0.0001524257085782077,-0.0031096597421193255,9.669983712212726e-06,8.621681939913195e-05
771,0.00043189857664760467,0.00016240278173843917,0.0002421685231018822,7.976574136344303e-05,0.00587889255491784,3.4561377672326365e-05,0.00016340043037677,-0.005317294473939568,2.8273620522711873e-05,4.656571403205412e-05,0.020600323954261333,0.0004243733470202793,0.0005165394248968225
772,-3.2212830142003845,1.0,1.0,0.0,0.0,1.0,1.0,0.0,1.0,1.0,0.0,1.0,1.0
773,1.7706164406106062e-05,1.2178685269518634e-06,0.00018368236807708715,0.0001824644995501353,0.0007663940364563527,5.873598187822182e-07,0.0001832135277224367,0.0005087118962691034,2.587877931947702e-07,0.0001715597928226842,-0.0016755470656272242,2.8074579688786017e-06,0.00019627378368614057
774,0.00020966142259104537,8.27707756521819e-05,0.000402805913791567,0.0003200351381393851,-0.01006152257024167,0.00010123423643193519,0.00042090936026983883,-0.011895744373119988,0.00014150873419027654,0.0005201346973646714,0.0023599483753087326,5.569356334333975e-06,0.00026737368374019077
775,6.12872831813327e-05,1.813884187151782e-05,0.00026800255597943706,0.00024986371410791924,-0.0002569821024323555,6.603980107211527e-08,4.5022440096964544e-05,0.002209350485371039,4.881229567432754e-06,0.0001108799698834595,-0.0070334384369405865,4.946925624604859e-05,0.0006481052579578872
776,6.270458206802942e-05,2.1405537882990266e-05,0.00018068590846638996,0.0001592803705833997,-0.005106078589213006,2.6072038559088462e-05,0.00013256526431149052,0.005240899475465143,2.746702731271089e-05,0.00023403838205171557,0.003267651722160161,1.0677547777171448e-05,0.00017545407903596377
777,3.1413839399752064e-05,1.2350105254762175e-05,0.00021679006800956468,0.0002044399627548025,0.004392577922288818,1.9294740802311416e-05,0.0001300861120443475,-0.0012000478472927179,1.440114836048778e-06,0.0002507598463385996,-0.004039240043152383,1.631546012592633e-05,0.00026952424564574695
778,1.3854805012147864e-06,2.4594941239186596e-07,0.00012855690550972465,0.00012831095609733278,-0.0004087053204862254,1.6704003946710344e-07,0.00016652590991195204,9.933660352916235e-05,9.867759720449953e-09,0.00014889894695813144,-0.0007489595707321416,5.609404379880445e-07,7.024585965909047e-05
779,0.0007255192504062036,0.00031325795642237847,0.0005266682864450978,0.0002134103300227193,0.02537637299727224,0.0006439603064964938,0.0007629882168771474,0.015125647935360009,0.0002287852254647671,0.0005338945251102123,0.008187083565343409,6.702833730587443e-05,0.0002831221173479337
780,-2.8618433796519884,1.711957556601214e-05,0.00016131102131418848,0.00014419144574817633,0.0049562180048369825,2.4564096911428024e-05,0.00017458368089784404,-0.005164426323963384,2.667129925548739e-05,0.0001547200789919767,-0.00035118446874583684,1.233305311210131e-07,0.00015462930405274466
781,0.0001916082090624993,6.92214086419618e-05,0.00022480993901278593,0.00015558853037082412,0.008958560820100577,8.025581196768883e-05,0.0003121906359180304,0.0031926302341096246,1.0192887811677487e-05,0.00017922694237693104,0.010826611942175705,0.00011721552614651909,0.00018301223874339634
782,7.117634325681799e-05,1.9215389432244063e-05,0.00016440445636167755,0.00014518906692943348,0.006629927395469821,4.395593726957969e-05,0.00023470736947972526,0.0005547330563645459,3.0772876336016e-07,4.682765743291295e-05,0.003658210254196997,1.338250226379234e-05,0.00021167834217239445
783,3.661503862517623e-05,1.0270703400427905e-05,0.0001163179488968454,0.00010604724549641749,-0.0030950192851077907,9.579144375604365e-06,0.00016293072130446618,-0.0017423741531977382,3.0358676892383585e-06,4.330155395915192e-05,0.004265805684332935,1.8197098136440992e-05,0.0001427215714269181
784,-3.2212830142003845,1.0,1.0,0.0,0.0,1.0,1.0,0.0,1.0,1.0,0.0,1.0,1.0
785,0.00016815560471639124,7.917673272224886e-05,0.00013025540187598197,5.107866915373312e-05,0.008767001620539795,7.68603174149396e-05,0.00011594613969256873,-0.011922970799956472,0.00014215723269650482,0.00023663131911766389,-0.0043026326888403075,1.8512648055302172e-05,3.818874681771334e-05
786,-3.2212830142003845,1.0,1.0,0.0,0.0,1.0,1.0,0.0,1.0,1.0,0.0,1.0,1.0
787,0.00017487331497456626,5.4715275852360946e-05,0.00031164835949985353,0.00025693308364749257,-0.001983035665364026,3.932430450159785e-06,0.0003572416116935928,0.009314428068137409,8.675857023654476e-05,0.00019526428374949667,-0.008570579144372762,7.34548268703783e-05,0.00038243918305647107
788,5.86206219692631e-05,3.4243124529006096e-05,0.00018123758491054667,0.00014699446038154057,0.006391769995556218,4.085472367632015e-05,0.00019781162429699517,-0.0035581347389943875,1.2660322820878811e-05,0.0001012835366596132,-0.00701529237381744,4.921432708981932e-05,0.00024461759377503167
789,0.00018260002517211937,6.311678463980878e-05,0.00043980285065514657,0.0003766860660153378,-0.011822804750046377,0.00013977871215742343,0.0004160947850724295,0.003989758787040974,1.5918175178764038e-05,0.0003224345628648484,0.005801160796186355,3.365346658323887e-05,0.0005808792040281618
790,1.3353659203185764e-05,4.7644292131184445e-06,0.00013023411547955868,0.00012546968626644023,-0.002144735031977371,4.5998883571041205e-06,0.00015325596927573404,0.002639181651428991,6.965279789827861e-06,0.00014227735021765664,-0.001651701998736545,2.728119492423353e-06,9.51690269452854e-05
791,0.0002755290215007422,7.562949519224205e-05,0.00024150651335400988,0.00016587701816176784,0.007578020354647742,5.7426392495396605e-05,0.000236162765883563,0.013013833066775313,0.00016935985108990081,0.00024097995241700865,-0.0003197530160146344,1.0224199142871981e-07,0.00024737682176145803
792,0.00010863336134558921,6.138551267705535e-05,0.00018621829615924254,0.00012483278348218718,-0.00977113421191963,9.547506378726478e-05,0.00023344763523391876,-0.008043513521727266,6.469810977449697e-05,0.0002436730825899902,0.004897281334498534,2.39833644694043e-05,8.153417065381863e-05
793,-3.2212830142003845,1.0,1.0,0.0,0.0,1.0,1.0,0.0,1.0,1.0,0.0,1.0,1.0
794,0.0029518606867201536,0.0009489183857554299,0.005622077268625958,0.004673158882870528,0.0034602530515018626,1.1973351180527558e-05,0.0004446071205306268,0.04502139685067912,0.0020269261743863787,0.014241501077658869,0.02842280126411675,0.0008078556316993835,0.002180123607688378
795,0.00028479451132390476,8.875247985421868e-05,0.00040015708295252733,0.00031140460309830864,0.0061165135957360825,3.741173856686153e-05,0.0004390483429885794,-0.005565923858170221,3.0979508394923805e-05,0.0004511151434676286,-0.014066491837021605,0.00019786619260087068,0.0003103077624013739
796,7.877656818633394e-05,1.2699089098881325e-05,0.0002015076909644975,0.00018880860186561618,-0.005520481295290398,3.0475713731936693e-05,0.00030844659660134166,0.00245377638303611,6.021018537860634e-06,0.00010677021490046457,0.0012651225340650448,1.60053502684665e-06,0.00018930626139168627
797,1.1792341200300704e-05,1.166854798488141e-06,6.434722025068969e-05,6.318036545220154e-05,-0.001852580571398566,3.432054774155091e-06,1.887148949453188e-05,-5.570725503203269e-05,3.103297951945194e-09,8.988400498766147e-05,-0.00025574659929521155,6.54063233573865e-08,8.428616626987573e-05
798,3.463577889328828e-05,2.0793735170091903e-05,0.00013024830485900787,0.00010945456968891597,0.004241495093995702,1.7990280631985378e-05,0.0001158258440724369,0.004823841062146878,2.3269442593121248e-05,0.00013688137353362606,0.0045958113848246825,2.112148228516908e-05,0.0001380376969709607
799,8.327460256807306e-05,5.1152706913100886e-05,0.00015310383697938099,0.0001019511300662801,-0.008739691432303763,7.6382206331993e-05,0.00015433801635045263,0.005009411935265533,2.5094207937614854e-05,0.00016080945848084838,-0.007209834011194458,5.19817064696948e-05,0.00014416403610684192
800,-3.2212830142003845,1.0,1.0,0.0,0.0,1.0,1.0,0.0,1.0,1.0,0.0,1.0,1.0
801,3.686142021686045e-05,1.7806390705995174e-05,0.00021077640393255917,0.00019297001322656399,-0.004112003655693822,1.690857406522195e-05,0.00020404250006522684,-0.004477862019338618,2.0051248263874832e-05,0.0002091043805081405,0.004057012421506682,1.6459349788888744e-05,0.0002191823312243102
802,0.00018499686780937274,9.458640651723489e-05,0.0002807257396256017,0.00018613933310836683,0.00910191491127612,8.28448550519445e-05,0.0003226124947852682,0.008332824961409371,6.943597183761696e-05,0.00018907383841759717,-0.01146640277776808,0.00013147839266214323,0.0003304908856739397
803,0.00013316724164702531,7.14197025273311e-05,0.0002822129872904385,0.00021079328476310738,0.011050711681823377,0.00012211822867402855,0.00045496697759150884,0.009311270439146348,8.669975719055589e-05,0.0003038097071921264,0.002332621211798823,5.441121717408848e-06,8.786227708768024e-05
804,-3.2212830142003845,1.0,1.0,0.0,0.0,1.0,1.0,0.0,1.0,1.0,0.0,1.0,1.0
805,7.192159143643018e-05,3.018038134368813e-06,0.00016672589875751007,0.00016370786062314124,-0.0012204798286833134,1.4895710122031502e-06,0.00015878082474396482,0.0023089944361632886,5.3314553060124226e-06,0.00020070941917660345,-0.0014943520619270438,2.2330880848908663e-06,0.0001406874523519619
806,0.000113663363741634,3.54668528557515e-05,0.00021491571386815048,0.00017944886101239899,-0.005279615958259081,2.787434466655636e-05,0.00028397296569204755,0.0034091634249691716,1.1622395257981921e-05,0.0001665998930961976,-0.008179475450333876,6.690381864271622e-05,0.0001941742828162063
807,1.8598220535515075e-05,6.425187787040265e-06,0.00017717876700621785,0.00017075357921917758,0.0002877525582687564,8.28015346288069e-08,0.00035186017441635187,0.0010896908720210417,1.1874261962585564e-06,7.959464149576156e-05,-0.004243269450523879,1.8005335630233432e-05,0.00010008148510654014
808,2.4472736688818664e-05,1.0251122621244649e-05,0.00012583305663375435,0.0001155819340125097,0.003497377288648766,1.2231647899318965e-05,0.00010159406962262363,-0.004271730170325862,1.8247678648219967e-05,0.00010203858584312275,0.0005234895567459253,2.7404131619501726e-07,0.0001738665144355167
809,-3.2212830142003845,1.0,1.0,0.0,0.0,1.0,1.0,0.0,1.0,1.0,0.0,1.0,1.0
810,8.168793786100803e-05,2.1249332479896427e-05,0.0002374122206063959,0.00021616288812649948,0.0008400628686974574,7.05705623493813e-07,0.00016048884368768945,0.00014294057013069156,2.0432006420101345e-08,0.0003273000267063342,0.00793863085235333,6.302185980977537e-05,0.00022444779142516413
811,0.0003018276602073655,0.00010174903486911042,0.0003530504249041518,0.00025130139003504137,-0.014535285727275759,0.00021127453117353312,0.0004105858408952612,0.004624890450966116,2.1389611683408916e-05,0.00042024954689467986,-0.00851956347182475,7.258296175038925e-05,0.00022831588692251437
812,3.9517921193610306e-05,8.505641779380882e-06,0.0002960284320543405,0.0002875227902749596,-0.0017189467746139358,2.9547780142635816e-06,0.00026635296111066076,-0.0036330720793921484,1.3199212734238408e-05,0.00021406987571170877,0.003059891270830841,9.362934589640659e-06,0.00040766245934065193
813,2.6084300847384334e-05,8.927875046693678e-06,0.00012982587156880795,0.00012089799652211428,0.002836122559011833,8.043591169570874e-06,8.25125990427944e-05,-0.002385268602594427,5.689506306749692e-06,0.00017591986687637284,-0.0036125514064359035,1.305052766376047e-05,0.0001310451487872566
814,0.00011035784703672391,4.879394394382193e-06,0.00012003600574942801,0.00011515661135504582,0.0028585052434071017,8.171052226613185e-06,0.0001073231218128301,-0.0023672625433235903,5.6039319492606765e-06,9.397770565533481e-05,0.0009290850377889496,8.631990072727191e-07,0.0001588071897801191
815,0.00014207336539895365,6.15490211851218e-05,0.00031791562735861145,0.00025636660617348966,0.01112396115383347,0.0001237425117515123,0.00042872430321083677,-0.0015193995613578524,2.3085750268103666e-06,0.00016151314253076698,-0.007654800897337417,5.859597677704276e-05,0.0003635094363342306
816,0.026153974516466283,0.010637502490932574,0.04828823285141437,0.0376507303604818,-0.07187944983857644,0.005166655309096213,0.017697770169618487,0.12520614572589536,0.015676578927534157,0.07754118925290066,-0.10521061370492685,0.011069273236167354,0.04962573913172397
817,-3.167626615480499,4.6408207022730075e-05,0.00016729204126431085,0.00012088383424158078,-0.0068123569359616575,4.640820702239701e-05,0.00016729204126442188,0.006812356935961653,4.640820702339621e-05,0.00016729204126475494,-0.006812356935961656,4.640820702239701e-05,0.00016729204126375574
818,5.435471063219843e-05,1.2795690771061352e-05,0.00024313086019008465,0.0002303351694190233,0.0020475505559056193,4.192463278096525e-06,0.0002308328495342904,0.0016479517231467436,2.715744881975901e-06,0.00023440299027044365,-0.005610602833304532,3.147886415311163e-05,0.00026415674076551987
819,0.00044582384084246307,0.0001381297942173824,0.00043801530512203407,0.00029988551090465165,0.013422614188923572,0.0001801665716647527,0.0005804937368427687,-0.003999877470547796,1.599901977922258e-05,0.00027435726697666585,-0.014772399642858355,0.00021822379120817192,0.0004591949115466676
820,0.00011596801012148106,4.234079529811622e-05,0.0002719150553802674,0.00022957426008215118,0.0045201798564264645,2.0432025934269404e-05,0.0002600130280767665,0.008886597907304936,7.897162236614186e-05,0.0003162296451332258,0.005255353232016339,2.7618737593937404e-05,0.00023950249293080983
821,0.00012570277738754854,6.954987365318892e-05,0.00025782012741948357,0.00018827025376629464,0.008961227805319322,8.030360377853096e-05,0.0002403040089151709,0.008997369125400096,8.095265117824546e-05,0.0003099594122918381,0.006884283986168242,4.7393366002790316e-05,0.0002231969610514417
822,5.2195019581868785e-05,1.2044377178425473e-05,0.0001714648976060736,0.00015942052042764815,0.00397189230833277,1.577592850909859e-05,0.00021929956276278695,0.004444714810166307,1.975548974331165e-05,0.00012671789130291877,0.0007757017999707418,6.017132828661786e-07,0.0001683772387525151
823,-3.2212830142003845,1.0,1.0,0.0,0.0,1.0,1.0,0.0,1.0,1.0,0.0,1.0,1.0
824,5.303092605102311e-05,1.912335977927171e-05,0.00015786861647004713,0.00013874525669077542,0.004300317014488184,1.8492726425400896e-05,0.00011450167167581515,0.005605033857277256,3.1416404541406706e-05,0.00020205526134431384,-0.0027314736629254727,7.460948371007525e-06,0.0001570489163900124
825,3.9092983342925436e-05,8.702270186973967e-06,0.0006356944886870183,0.0006269922185000443,0.004744544888634792,2.2510706200185027e-05,0.0002742205195707115,0.0008362337459192987,6.9928687762566e-07,0.0005946920187960281,-0.0017020039608747477,2.8968174831112137e-06,0.0010381709276943152
826,-3.03532093440196,1.0907715027504613e-08,0.00015896945141358199,0.00015895854369855447,-0.00010444000591289506,1.0907715508601257e-08,0.00015896945141424812,-0.00010444000591289506,1.0907714842467442e-08,0.00015896945141324892,-0.00010444000591289503,1.090771473144514e-08,0.00015896945141324892
827,0.00019359964339693558,0.0001222660157260321,0.00029003228871434433,0.00016776627298831223,-0.013849799075334951,0.00019181693442749115,0.00035786487368405506,0.010722724695837849,0.00011497682490313466,0.00028863732313311186,0.007746243466814871,6.000428784747047e-05,0.00022359466932586614
828,0.0003179839864613232,0.00019809031566986324,0.0003936526798738275,0.00019556236420396428,-0.006477487919036332,4.195784974125871e-05,0.00027842416709999984,-0.017575853162576847,0.00030891061439275447,0.0005000328661096676,0.015601361571203788,0.00024340248287557653,0.0004025010064118151
829,0.0008435064927959646,0.00033774729227849704,0.0010267807267390812,0.0006890334344605842,-0.01418789241458545,0.00020129629116794057,0.0003877068098901981,-0.024475422161621848,0.0005990462899895244,0.0023273979364371034,0.0145910690382222,0.00021289929567802623,0.00036523743388994223
830,-3.2212830142003845,1.0,1.0,0.0,0.0,1.0,1.0,0.0,1.0,1.0,0.0,1.0,1.0
831,-3.2212830142003845,1.0,1.0,0.0,0.0,1.0,1.0,0.0,1.0,1.0,0.0,1.0,1.0
832,0.0,1.0,1.0,0.0,0.0,1.0,1.0,0.0,1.0,1.0,0.0,1.0,1.0
833,7.129321576382353e-05,3.264785803439955e-05,0.00020306134795622377,0.00017041348992182423,-0.0016689462592913706,2.7853816164657985e-06,9.745430650520692e-05,-0.007762722985080235,6.0259868142953366e-05,0.0001626146533505457,0.0059074803718584794,3.4898324343779485e-05,0.0003491150840129187
834,0.00031562167219023607,7.681607971850764e-05,0.000164582335194563,8.776625547605536e-05,-0.006011182658738623,3.613431695681513e-05,0.00017214025069167693,0.010064443349951484,0.00010129301994354911,0.0001598859708941136,-0.009644734431562779,9.302090225515869e-05,0.00016172078399789847
835,3.5175123421771204e-06,3.7483096941108113e-07,0.00017582290185399105,0.00017544807088457998,0.00045334578511358554,2.0552240065363492e-07,0.00017569027868846732,-0.0005822983970414311,3.3907142305000804e-07,0.00018332425549993925,-0.0007615110535620238,5.798990845296004e-07,0.00016845417137356655
836,7.950722872129834e-05,3.624788377524594e-05,0.00039864072186109506,0.0003623928380858491,0.002850296671828195,8.12419111706486e-06,0.00035901543361016586,0.008522776793132849,7.263772426535642e-05,0.00036276750280073156,0.005289776549462562,2.7981735943316544e-05,0.0004741392291723878
837,-3.2212830142003845,1.0,1.0,0.0,0.0,1.0,1.0,0.0,1.0,1.0,0.0,1.0,1.0
838,0.00016127083777850437,5.907725943199438e-05,0.0002808486288748598,0.0002217713694428654,-0.0003007878074579168,9.047330540301601e-08,0.00022522833665283848,0.010686571472255626,0.00011420280983198694,0.00024203408818346261,0.007933378546286849,6.293849515859318e-05,0.0003752834617882783
839,0.00017695999859912437,5.331409817603087e-05,0.0003450797577737215,0.00029176565959769063,-0.0022200534417883165,4.928637284407067e-06,0.00020347657824493215,0.012239094532836966,0.00014979543498394587,0.0006227165770726906,0.002284342850807683,5.218222259739669e-06,0.0002090461180035419
840,0.0012000517149183265,0.0006906175454223599,0.0008642054230198667,0.00017358787759750682,-0.027715460296577035,0.0007681467394509145,0.0008680180703436458,-0.019057386755432525,0.0003631839899460587,0.0006994358459253558,-0.030667929614992512,0.0009405219068701065,0.0010251623527905984
841,9.445721757517234e-05,3.355075916688932e-05,0.00013245404404878722,9.89032848818979e-05,-0.0070513427203936965,4.972143416004382e-05,0.00011086342534316618,-0.005944901706211984,3.534185629705533e-05,0.0002487928473423606,-0.003948289128796532,1.5588987043568814e-05,3.770585946083482e-05
842,-3.2256208982892076,6.033205177606119e-05,0.0003049172541923865,0.0002445852024163253,0.008122772201852198,6.597942824326797e-05,0.000329555055363584,-0.007327972018664294,5.369917390662948e-05,0.00027691920810080095,0.007830552546172645,6.131755317828613e-05,0.0003082774991127746
843,6.721140301391149e-05,2.7520983620206902e-05,0.0003390804565049921,0.0003115594728847852,-0.0008259588513603632,6.822080235169281e-07,9.854128473851809e-05,-0.008022998604915435,6.436850661406535e-05,0.00048190748992960053,-0.0041847623855097126,1.7512236223038435e-05,0.0004367925948468576
844,1.0963997208013332e-05,1.932169177358093e-06,0.0001001803487136188,9.824817953626071e-05,0.00023920015514700723,5.721671403335904e-08,6.34331553168721e-05,-0.0006188541350103168,3.8298044013895804e-07,0.00015193062932439272,0.0023143704064395184,5.356310377901963e-06,8.51772614995916e-05
845,-3.196137976418755,4.845100831984972e-06,0.0001565359626622224,0.00015169086183023742,0.0022011589747119556,4.84510083187395e-06,0.00015653596266196335,0.002201158974711955,4.84510083187395e-06,0.00015653596266240744,-0.002201158974711955,4.845100832207017e-06,0.0001565359626622964
846,0.00048450426554658144,0.0001739694707745635,0.0009389186158947534,0.00076494914512019,0.0203094280621889,0.0004124728682131096,0.0013084386912188828,0.003740088808566611,1.3988264296216357e-05,0.0005353345157415035,-0.009769712371098102,9.544727981436463e-05,0.000972982640723874
847,0.00015878022327608932,6.078845484758233e-06,0.00019968782708560764,0.0001936089816008494,-0.0035264413782741394,1.243578879406293e-05,0.0001856687012877778,-0.0006288669431148342,3.9547363217540266e-07,0.00015208749536776978,0.002324924520801384,5.4052740280363665e-06,0.0002613072846012754
848,-3.2212830142003845,1.0,1.0,0.0,0.0,1.0,1.0,0.0,1.0,1.0,0.0,1.0,1.0
849,9.412217262483313e-05,2.245329790084849e-05,0.00016751090959832293,0.00014505761169747444,-0.0008989746019868179,8.081553348748827e-07,0.00013693875659426258,0.0006261300211412425,3.920388033096245e-07,0.0001810020302361881,0.008133861294857587,6.615969956436096e-05,0.00018459194196451811
850,7.11593908802044e-05,1.931891316423832e-05,0.000435617539510047,0.00041629862634580866,-0.004308879818470502,1.856644529030227e-05,0.00043848140064051133,-0.005134370712637139,2.6361762616167184e-05,0.0004186734713649276,0.0036095057259676916,1.3028531586245506e-05,0.00044969774652470207
851,0.00015878125241519658,5.383458469857919e-05,0.0001359738484257115,8.213926372713232e-05,-0.0028978695016433414,8.39764764848372e-06,6.65469484869563e-05,0.009475182225313069,8.977907820306719e-05,0.00013582359208452743,-0.0079578281110197,6.332702824418668e-05,0.0002055510047056508
852,2.5117171455590892e-05,6.351402433028379e-06,0.00034399690201562344,0.00033764549958259504,0.0024781447216120672,6.141201261855578e-06,0.0005490480690271138,-0.0032910757605000983,1.0831179661052737e-05,0.00010505432446117347,0.0014428535532235904,2.0818263761768208e-06,0.000377888312558583
853,-3.2212830142003845,1.0,1.0,0.0,0.0,1.0,1.0,0.0,1.0,1.0,0.0,1.0,1.0
854,0.00019383573871800674,5.281618327590554e-05,0.00019687523985619423,0.0001440590565802887,-0.004061984843694738,1.6499720870477574e-05,0.00019664793950258108,-0.008610530304831446,7.414123213034252e-05,0.00022995679240267464,0.008234536831333095,6.780759682689652e-05,0.00016402098766332696
855,6.442418396812588e-05,4.456880752819655e-05,0.0003515215260737614,0.0003069527185455649,-0.0077867532298999806,6.063352586305193e-05,0.00031688642275096157,0.00434119895518358,1.884600836876693e-05,0.00025070639993729493,-0.007363890843350859,5.4226888352770786e-05,0.00048697175553302774
856,0.0001274565153461804,1.4725277491985564e-05,0.0002389824334370072,0.00022425715594502163,0.005177938941516171,2.6811051681674414e-05,0.000299668517044549,-0.0004862961964242047,2.3648399094522432e-07,0.00017228511437417104,-0.004138634654440994,1.712829680333705e-05,0.00024499366889230156
857,0.0001242921913692241,3.722540851676855e-05,0.0001277435165816243,9.051810806485575e-05,0.005057476291192402,2.5578066435993918e-05,0.00011796527476992669,-0.004550048690340308,2.0702943084649483e-05,0.00011114362451614124,0.008086730861698466,6.539521602966225e-05,0.000154121650458805
858,0.0002896868701505184,9.541178124268986e-05,0.0003713876283786277,0.00027597584713593787,-0.007928589373783488,6.286252945797433e-05,0.00037338489574911815,-0.013640578756537671,0.00018606538881338341,0.0006039611674304446,-0.00610798047284305,3.730742545671184e-05,0.0001368168219563204
859,0.00012508946635958473,4.2357968134676405e-05,0.0002194110286013832,0.0001770530604667068,-0.005097447180299149,2.5983967755993653e-05,0.00014790917233287182,-0.002560120650311949,6.554217743981461e-06,0.00031292606785893184,0.009722948056232243,9.45357189040541e-05,0.00019739784561234597
860,-3.2212830142003845,1.0,1.0,0.0,0.0,1.0,1.0,0.0,1.0,1.0,0.0,1.0,1.0
861,5.2598121426106204e-05,2.195287667653793e-05,0.000225365848839069,0.00020341297216253107,0.006550770225821466,4.2912590551336116e-05,0.00033250557984465523,-0.0038678873735164283,1.4960552733644938e-05,0.00022112800749574113,0.0028258603549246256,7.98548674463273e-06,0.00012246395917681063
862,2.0561444364464165e-05,1.1108306659327976e-06,0.00033934516354091243,0.0003382343328749796,0.0008419496307273277,7.088791806886263e-07,0.0003313515367815434,0.001034375338756109,1.0699323416130113e-06,0.0003675218416036019,0.001246467197953252,1.5536804754967548e-06,0.00031916211223759205
863,-3.2212830142003845,1.0,1.0,0.0,0.0,1.0,1.0,0.0,1.0,1.0,0.0,1.0,1.0
864,-3.037510068518338,4.5594928309096915e-05,0.00016941158454120142,0.0001238166562321045,0.0035812721358803416,1.2825510110836547e-05,0.0001348678350381327,-0.009166312754948296,8.402128952134102e-05,0.00020332494096009235,0.006319650725669285,3.9937985295113165e-05,0.0001700419776253792
865,0.00010358838845803131,7.971274672487667e-05,0.00015050317787616377,7.07904311512871e-05,0.009667591984769576,9.346233478424448e-05,0.00019149132454232554,-0.00793171269156039,6.291206622177636e-05,0.00010902081774755157,-0.009097463337061847,8.276383916860919e-05,0.00015099739133861423
866,0.00013984317129955848,6.337545703742158e-05,0.0002805150198495661,0.00021713956281214453,-0.009139958606775335,8.353884333345274e-05,0.00015244116246104777,0.007949945059676451,6.320162645190308e-05,0.00039708537885752015,-0.0065867975015928065,4.338590132690889e-05,0.0002920185182301305
867,0.0001084467471210715,3.5796055270561254e-05,0.00013278006191304778,9.698400664248652e-05,0.005563704124222569,3.095480358206171e-05,5.164293532555764e-05,-0.008665976182624545,7.509914319736577e-05,0.0002041157015898465,-0.0011550839936345409,1.3342190322562786e-06,0.0001425815488237392
868,-3.2212830142003845,1.0,1.0,0.0,0.0,1.0,1.0,0.0,1.0,1.0,0.0,1.0,1.0
869,0.0001255862664866214,1.476107531646805e-05,8.199945916046818e-05,6.723838384400013e-05,-0.00498094100810813,2.4809773326639473e-05,8.635919038291195e-05,0.002085025406794067,4.347330947451766e-06,7.435626585716726e-05,0.00388923150196546,1.5126121675312909e-05,8.52829212413253e-05
870,8.443682870828972e-05,2.4203178034754025e-05,0.00018964369912459014,0.00016544052108983612,0.0025941612837971817,6.729672766270234e-06,0.00016738050110531866,0.007692379922243314,5.9172708868016066e-05,0.00031187665741760906,-0.0025898170726549557,6.7071524699757745e-06,8.967393885084274e-05
871,-3.2212830142003845,1.0,1.0,0.0,0.0,1.0,1.0,0.0,1.0,1.0,0.0,1.0,1.0
872,4.8312579242093534e-05,1.9066389233361274e-06,9.193414476497501e-05,9.002750584163888e-05,-0.000986051200011949,9.72296968937414e-07,5.9042016125943064e-05,-0.0019843505157553605,3.9376469692653515e-06,7.724809532672072e-05,-0.0008999849064441001,8.099728318056165e-07,0.00013951232284226123
873,-3.2212830142003845,1.0,1.0,0.0,0.0,1.0,1.0,0.0,1.0,1.0,0.0,1.0,1.0
874,8.823777688837797e-05,6.008449000549643e-05,0.0002637032295682203,0.00020361873956272386,-0.008216411608241233,6.750941971545021e-05,0.0002460689541478045,0.007029066193656529,4.940777155504339e-05,0.0002892466317141462,0.007958409310006794,6.333627874599568e-05,0.0002557941028427102
875,-3.2212830142003845,1.0,1.0,0.0,0.0,1.0,1.0,0.0,1.0,1.0,0.0,1.0,1.0
876,-3.2212830142003845,1.0,1.0,0.0,0.0,1.0,1.0,0.0,1.0,1.0,0.0,1.0,1.0
877,-3.2172868369938623,1.0907715027504613e-08,0.00015896945141391505,0.00015895854369888754,0.00010444000591289507,1.090771561962356e-08,0.00015896945141447016,0.0001044400059128951,1.0907714176333627e-08,0.0001589694514126938,-0.00010444000591289507,1.0907715286556652e-08,0.0001589694514145812
878,0.00011743149394738417,7.203894257812316e-05,0.0005289189526292241,0.0004568800100511009,-0.00800430142166831,6.406884124954271e-05,0.00047476416950409384,-0.007533004669034315,5.674615934492255e-05,0.0004635836279914818,-0.009762265471664122,9.53018271399042e-05,0.0006484090603920967
879,3.844723633827929e-05,9.23841949196369e-06,0.00021195391876179434,0.00020271549926983065,0.003178817653057567,1.0104881671080257e-05,0.00023709445226172132,-0.0032951174568105635,1.0857799054408979e-05,0.00023618573542893984,0.00259857225228135,6.752577750401834e-06,0.00016258156859472184
880,-3.2212830142003845,1.0,1.0,0.0,0.0,1.0,1.0,0.0,1.0,1.0,0.0,1.0,1.0
881,-3.2212830142003845,1.0,1.0,0.0,0.0,1.0,1.0,0.0,1.0,1.0,0.0,1.0,1.0
882,-3.2212830142003845,1.0,1.0,0.0,0.0,1.0,1.0,0.0,1.0,1.0,0.0,1.0,1.0
883,0.00014873258295255987,4.8918697278262556e-05,0.0004726074572510841,0.00042368875997282157,0.005570730490416103,3.103303819684822e-05,0.00037442616370930715,-0.006614588778667732,4.3752784711026393e-05,0.00038357067432970293,0.008483529273055759,7.197026892691305e-05,0.0006598255337142422
884,-3.2212830142003845,1.0,1.0,0.0,0.0,1.0,1.0,0.0,1.0,1.0,0.0,1.0,1.0
885,-3.0010668966881475,3.7197768742410396e-05,0.00017801731005243995,0.00014081954131002955,-0.006098997355537503,3.7197768743557624e-05,0.00017801731005340216,0.0060989973555375075,3.71977687424474e-05,0.0001780173100521809,0.006098997355537509,3.7197768741226156e-05,0.00017801731005173682
886,6.296257648585879e-06,1.3064325646109747e-06,0.00039755213143847595,0.00039624569887386496,-0.00010331468373268727,1.0673923744874969e-08,0.00031654685359905343,-0.0019770238938819408,3.908623477100193e-06,0.0005430560003628626,5.406191610696395e-07,2.929878561985788e-13,0.00033305354035351176
887,-3.2212830142003845,1.0,1.0,0.0,0.0,1.0,1.0,0.0,1.0,1.0,0.0,1.0,1.0
888,9.452669766552013e-05,2.7700251219379506e-05,0.00030505320833884575,0.0002773529571194662,0.0012495299985101115,1.5613252172252956e-06,0.00011734588135070556,-0.008990490398356718,8.082891760308186e-05,0.00035611319817641096,-0.0008429180492286068,7.105108378313574e-07,0.0004417005454894207
889,0.00024161539571709856,7.809220140523691e-05,0.00038481958284723267,0.00030672738144199574,0.00715145099554295,5.1143251341589924e-05,0.00014711884656670726,-0.00015398538514590764,2.3711498764455996e-08,0.00023926861356493578,-0.013531801113510043,0.00018310964137535635,0.0007680712884100549
890,8.283416666388099e-05,1.8259085220462268e-06,0.00020650113685549698,0.00020467522833345075,0.001989864358999713,3.9595601665221025e-06,0.000210923192134449,-0.0012314801883927008,1.5165434541497547e-06,0.00021078858675904755,-4.027338615138687e-05,1.6219454668231492e-09,0.0001977916316729944
891,0.00013061254790525112,4.4878581095549506e-05,0.00023992624664707454,0.00019504766555152503,-0.00030682571471149554,9.414201918023224e-08,0.00018310527288212253,-0.002028161417295812,4.113438735298125e-06,0.000305377034489962,0.011420514985427024,0.00013042816253217016,0.00023129643256913912
892,0.006834901354267009,0.006364792161871617,0.026437881813143955,0.020073089651272337,-0.07712824961012503,0.005948766887921897,0.023524020199094164,-0.07955336839402145,0.006328738422834657,0.025511231246020727,0.08256434566359573,0.006816871174858297,0.030278393994316977
893,-3.2212830142003845,1.0,1.0,0.0,0.0,1.0,1.0,0.0,1.0,1.0,0.0,1.0,1.0
894,0.00016140165307543253,0.00013427096838199612,0.0008100324823527849,0.0006757615139707888,-0.010043952286963781,0.00010088097754279435,0.0005995495384572003,-0.01220937538983063,0.000149068847410061,0.0009078256844020638,0.012363780982904759,0.000152863080193133,0.0009227222241990907
895,0.000159391544918841,6.193605769755361e-05,0.00011377686155948179,5.184080386192817e-05,-0.0055481701974876285,3.078219254049053e-05,5.0187774016441367e-05,-0.00738909353667786,5.459870329360683e-05,9.165615746231648e-05,0.010021341090817912,0.00010042727725856349,0.0001994866531996875
896,0.00016704799760214328,6.871016431383066e-05,0.00026087514132159634,0.0001921649770077657,-0.011543137160123663,0.00013324401549763554,0.0003306492764703073,0.007203897668900942,5.189614162404155e-05,0.0001176663300584968,-0.004581521125101102,2.099033581981491e-05,0.00033430981743598487
897,0.0002998631838958543,0.0001448272298254505,0.0006743463448099322,0.0005295191149844817,0.016018585101368027,0.0002565950686499452,0.0006376412600950232,-0.008109872938686653,6.577003908170287e-05,0.0005223585229024996,-0.010588511781376547,0.0001121165817447034,0.0008630392514322738
898,0.0002632908099113873,6.509821081542484e-05,0.001523321221256091,0.0014582230104406662,0.0013737328204384057,1.887141862000341e-06,0.0008368366027333707,0.0020453040632095717,4.183268710655774e-06,0.0007361962694590884,0.013755879538350406,0.00018922422187361843,0.0029969307915758137
899,3.292093884865732e-05,6.02706657052791e-06,0.0001855438339043077,0.0001795167673337798,-0.0008701741580256317,7.572030655822459e-07,0.00019855900676324367,-0.004127857165963258,1.703920478268728e-05,0.00023812796977806805,-0.0005336589391074388,2.8479186331420436e-07,0.00011994452517161136
900,-3.2212830142003845,1.0,1.0,0.0,0.0,1.0,1.0,0.0,1.0,1.0,0.0,1.0,1.0
901,5.9205795485239854e-05,4.8860057291396274e-05,0.0001521734992096698,0.00010331344191827352,-0.007413227561176396,5.495594287407979e-05,0.00014523637316643523,0.006256602948171843,3.914508045133047e-05,0.0001673098234881154,-0.007244249343376449,5.2479148548778554e-05,0.00014397430097445874
902,0.00013612153796305204,3.86567983191588e-05,0.00020467911398699043,0.00016602231566783163,0.010673418443044204,0.00011392186126024662,0.0003264366645323591,-0.0007585854725728804,5.754519193379437e-07,0.00014747138294235462,-0.0012137058037466446,1.4730817778918492e-06,0.00014012929448625755
903,0.00015094429253492692,4.046318650252623e-05,0.00016728172842087977,0.00012681854191835354,-0.0014984869022521877,2.245462994765468e-06,0.0001287896645488784,0.010549661936188996,0.00011129536696752318,0.000318645533165296,-0.0028015584137015504,7.848729545290034e-06,5.440998754846493e-05
904,8.030887462506797e-05,3.241635966037363e-05,0.0002582859462354481,0.00022586958657507447,-0.005237670133485344,2.743318842690634e-05,0.00016126821076245523,-0.007324110971298749,5.3642601519743316e-05,0.0003844319084863601,-0.00402160279432815,1.617328903447124e-05,0.00022915771945752894
905,-3.2212830142003845,1.0,1.0,0.0,0.0,1.0,1.0,0.0,1.0,1.0,0.0,1.0,1.0
906,-3.2212830142003845,1.0,1.0,0.0,0.0,1.0,1.0,0.0,1.0,1.0,0.0,1.0,1.0
907,7.615631814428259e-05,2.2189290645346915e-05,0.00041351671165745785,0.00039132742101211093,-0.006736488311572373,4.538027477196671e-05,0.0007292654578502367,-0.004490193410084273,2.016183686015527e-05,0.00023805671073129364,-0.0010127982544729187,1.0257603039187657e-06,0.00027322796639084324
908,1.8502248598673e-05,8.405842453429457e-06,0.00010969895360131894,0.00010129311114788948,-0.0028467643512038025,8.10406727114188e-06,5.862365805309189e-05,0.0018402976220315685,3.3866953378369757e-06,5.4406178130794736e-05,-0.0037049648785763972,1.3726764751309517e-05,0.00021606702462007021
909,0.00011846737640242022,0.00010305769136579694,0.0003526498733991505,0.00024959218203335354,-0.00984475632485116,9.691922709564871e-05,0.00036721593697219834,-0.009849851307524709,9.701957078067647e-05,0.00035693954320803467,-0.010734722922422361,0.00011523427622106563,0.0003337941400172184
910,5.8068186593374094e-05,2.6651444067475143e-05,0.00023891788460224847,0.00021226644053477334,-0.005307084836446235,2.8165149461134575e-05,0.00024656805971190465,-0.003873671933687445,1.5005334250028923e-05,0.00019717294801135932,0.006064968960471217,3.678384849126193e-05,0.0002730126460834814
911,-3.043089061406852,2.2785276988142775e-06,0.00016091303693695677,0.00015863450923814248,0.001509479280524499,2.278527698851285e-06,0.00016091303693699377,0.001509479280524499,2.2785276998504855e-06,0.000160913036938104,0.0015094792805245005,2.2785276977410618e-06,0.00016091303693577252
912,0.0006145382943195665,0.000298831058129075,0.0016631024510517973,0.0013642713929227224,-0.004171752622267929,1.7403519941061596e-05,0.0008104276872764604,-0.022930215916299256,0.0005257948019683489,0.0021637117507865566,-0.018796139297140278,0.00035329485247781456,0.002015167915092375
913,-3.385948561473164,6.426971512762947e-06,0.00014746850965619007,0.00014104153814342713,0.0005498762407917335,3.0236387948967547e-07,0.0001413393296382237,-0.000556168584351049,3.093234937079359e-07,0.00014134727567527428,0.0043207901088375454,1.866922716509123e-05,0.00015971892365507223
914,0.00029348911393778376,7.33201518302214e-05,0.00021771102993743222,0.0001443908781072108,-0.008785960593454697,7.719310354981079e-05,0.0003190391230915024,0.0070534397697327895,4.975101258508641e-05,0.00017219053401518192,-0.009644497879914442,9.301633935576703e-05,0.00016190343270561236
915,-3.2212830142003845,1.0,1.0,0.0,0.0,1.0,1.0,0.0,1.0,1.0,0.0,1.0,1.0
916,0.00042027824180523865,0.00013371314346677377,0.0015478911803519975,0.0014141780368852237,-0.011762808395235311,0.00013836366134267752,0.0022592025400987037,0.015165765065425102,0.000230000430019639,0.00033462062638112133,0.005724975025114789,3.277533903800478e-05,0.0020498503745761676
917,0.00013585467925070205,5.369790703883363e-05,0.0010374175111157458,0.000983719604076912,0.0016619445411379292,2.7620596579902568e-06,0.0004092961295251163,0.011548441054867825,0.0001333664907976484,0.001261962579681697,0.004996515852170973,2.4965170660862235e-05,0.001440993824140424
918,-2.956121596361077,9.12556139254228e-06,0.0001636662249544877,0.00015454066356194543,0.004725402264067932,2.2329426558997945e-05,0.00016037221745146546,0.0021273569869281186,4.525647750663886e-06,0.0001626991305001546,0.000722225635119986,5.216098679650116e-07,0.0001679273269118431
919,-3.2212830142003845,1.0,1.0,0.0,0.0,1.0,1.0,0.0,1.0,1.0,0.0,1.0,1.0
920,8.251460125685561e-05,1.783610342838878e-05,0.0002126581671950678,0.00019482206376667902,-0.0027370170191099094,7.491262162817591e-06,7.132885113303455e-05,0.00677976523896426,4.596521669597564e-05,0.0004702997880969839,0.00022766516250495697,5.183142637310567e-08,9.634586235518494e-05
921,0.00028873766210513185,0.0002294435404175029,0.0005472441038294104,0.00031780056341190743,-0.014694146184625272,0.00021591793209485566,0.0005327259663748807,-0.015713390442797032,0.00024691063920800893,0.0005871208035592712,-0.01501672567338277,0.00022550204994964407,0.0005218855415540791
922,-2.5927367690091088,3.629395970909203e-06,0.00016106284171424345,0.00015743344574333426,-0.0012076171772370677,1.45833924680705e-06,0.00016119310566575784,0.0022606924146171196,5.110730192936508e-06,0.00016101678959157262,-0.0020782488957781617,4.3191184729840515e-06,0.0001609786298853999
923,8.003241164666886e-05,9.09526464413594e-06,0.0001615295081965155,0.00015243424355237956,0.000529697772344817,2.805797300053925e-07,0.00018030908938959644,0.0012982999419249143,1.6855827389417044e-06,0.00020732266113887565,0.00503186162998109,2.5319631463460723e-05,9.695677406107439e-05
924,8.907320837803212e-06,4.052657532634581e-06,0.0001783276209615566,0.00017427496342892201,0.00035176147557388715,1.2373613544891526e-07,0.00017012053347864597,0.002620559340384776,6.867331256543707e-06,0.00017210234316866746,0.002273082753730162,5.166905205911121e-06,0.00019275998623735635
925,7.848190283943346e-05,2.059922766310211e-05,0.00013639949344949423,0.00011580026578639212,0.007838211354949531,6.143755724508093e-05,0.00015677845666606238,-0.0002644743142932779,6.99466626841172e-08,7.300867606829797e-05,-0.0005386827280524477,2.9017908154127525e-07,0.00017941134761412236
926,3.75613578895706e-06,1.3018073340050524e-06,0.000533032764760503,0.0005317309574264979,-0.0009278465686891306,8.608992553282846e-07,0.0010828336566066632,-0.001265280537570514,1.6009348388079658e-06,0.0003830231630340686,-0.001201494031519294,1.4435879078789071e-06,0.0001332414746407773
927,-3.090779201606045,1.090771465743027e-08,0.00015896945141347096,0.00015895854369881354,0.00010444000591289516,1.0907713954289022e-08,0.0001589694514126938,-0.00010444000591289514,1.0907714953489744e-08,0.00015896945141380403,0.0001044400059128951,1.0907715064512047e-08,0.00015896945141391505
928,-3.1298503649627554,1.2722047311915693e-07,0.00015938743996120794,0.00015926021948808877,-0.00035667979021207486,1.2722047282309745e-07,0.00015938743996135596,-0.000356679790212075,1.2722047282309745e-07,0.00015938743996068983,-0.0003566797902120749,1.2722047371127587e-07,0.000159387439961578
929,-1.684482717865793,1.000780522875111e-05,0.0002860661463793823,0.0002760583411506312,0.00319241094052622,1.0191487615052175e-05,0.0002883380049079065,-0.00313999570627793,9.85957303578644e-06,0.0002841768130658062,0.003157903582433434,9.972355035414715e-06,0.00028568362116443424
930,-3.2212830142003845,1.0,1.0,0.0,0.0,1.0,1.0,0.0,1.0,1.0,0.0,1.0,1.0
931,6.076681862587918e-05,2.9540581383602493e-05,0.00014747055031871792,0.00011792996893511543,0.0008910000561665509,7.938810996366286e-07,0.00011795750627840995,0.007470933353575534,5.581484517280799e-05,0.00016973030354916485,-0.00565800476128699,3.201301787836286e-05,0.00015472384112857895
932,-3.2212830142003845,1.0,1.0,0.0,0.0,1.0,1.0,0.0,1.0,1.0,0.0,1.0,1.0
933,0.00013983290108277036,3.0135114043557582e-05,0.0002199005575979814,0.00018976544355442382,0.007767349184660138,6.033171335650955e-05,0.00035272141291797787,0.005416942046902022,2.9343261139680443e-05,0.00018221031024423517,-0.0008546154891615484,7.303676344827537e-07,0.00012476994963173116
934,0.0002993411540493929,0.00010087724068782074,0.00027318521472652346,0.00017230797403870274,0.0085949044059867,7.387238174794142e-05,0.00036314959706285066,0.006860347996655166,4.706437463541935e-05,0.0001966629959004873,0.013479427498230107,0.00018169496568010146,0.0002597430512162324
935,3.7290268909750957e-05,1.9786172671990936e-05,0.0002542769361723411,0.00023449076350035017,0.004364990335560531,1.9053140629554655e-05,0.00038842351331258573,-0.00461581991617138,2.130579349823858e-05,0.0001799934868980113,-0.004358851211984251,1.8999583888179572e-05,0.00019441380830642618
936,0.0002738375223635403,9.381943473226369e-05,0.0004843686310628259,0.00039054919633056223,0.0050123264342082354,2.5123416282912814e-05,0.00039514795503758915,0.012949030923071226,0.00016767740184664426,0.00032188852734416074,-0.009415810430721143,8.8657486067234e-05,0.0007360694108067278
937,-3.16981185320404,2.27852769862924e-06,0.00016091303693651268,0.00015863450923788344,0.0015094792805244992,2.2785276987402625e-06,0.00016091303693677173,-0.0015094792805244997,2.2785276990733294e-06,0.00016091303693699377,-0.0015094792805245003,2.2785276980741287e-06,0.00016091303693577252
938,0.0003000496859523194,0.00013027098892163616,0.00040859505798622003,0.00027832406906458385,-0.01607390901750003,0.0002583705511022272,0.0006718337124275164,0.003236074228353026,1.0472176412146261e-05,7.000795844480656e-05,0.011044013729172922,0.00012197023925053507,0.00048394350308633705
939,0.0003124090345734132,9.565798001446672e-05,0.0005026371477299859,0.0004069791677155192,0.0086790268400186,7.532550688960082e-05,0.00027282991304522497,0.012582155409133737,0.00015831063473992213,0.0006413799445991186,-0.007303273130151012,5.33377984138772e-05,0.000593701585545614
940,8.352126216970568e-06,3.379921975891579e-06,0.00029157777220541653,0.00028819785022952493,0.002111824040152802,4.459800776679401e-06,0.00028442165500242034,0.002210996586668897,4.88850590607548e-06,0.00036217562868678943,-0.0008896399525086929,7.914592449198565e-07,0.00022813603292703988
941,0.00016588812400541997,4.3814625472093915e-05,0.0002572488452602754,0.0002134342197881815,0.00887667170848987,7.87953006208264e-05,0.00036080978001218345,0.003203095051266843,1.0259817907476432e-05,0.00021751951336868025,0.006510664934393102,4.238875788797891e-05,0.0001934172423999625
942,-3.1885460883516243,5.631056574602796e-05,0.00016189237135603532,0.00010558180561000735,0.007504036630149115,5.63105657457319e-05,0.00016189237135566525,-0.007504036630149112,5.6310565746398034e-05,0.00016189237135677548,-0.007504036630149113,5.6310565745953944e-05,0.00016189237135566525
943,0.00020334532880006417,8.471776997294918e-05,0.00024575792945835673,0.00016104015948540756,0.003894239436880818,1.5165100791469932e-05,0.00011417426261717267,0.008728929990400182,7.619421877769206e-05,0.0003781521969737911,0.012759074823423897,0.00016279399034968556,0.0002449473287841064
944,-3.2212830142003845,1.0,1.0,0.0,0.0,1.0,1.0,0.0,1.0,1.0,0.0,1.0,1.0
945,-3.2212830142003845,1.0,1.0,0.0,0.0,1.0,1.0,0.0,1.0,1.0,0.0,1.0,1.0
946,1.2062039253413204e-05,2.966018306109023e-06,0.0002432409048523191,0.0002402748865462101,0.0016530570649882777,2.7325976599268387e-06,0.0002941629482045016,0.00020583379016928118,4.236754924669128e-08,0.00023428472695263824,0.002474487767105195,6.12308970915354e-06,0.0002012750393998175
947,8.906288459131773e-05,3.445601064892371e-05,0.00013165500226216173,9.719899161323803e-05,-0.004269657589647984,1.8229975933148346e-05,0.00015009522900732986,-0.0004678750706204975,2.189070823499506e-07,0.00012394632326928612,0.00921515864927843,8.491914893127284e-05,0.00012092345450986919
948,0.0002567623508465955,0.00014591913685298627,0.0003846798054615297,0.00023876066860854342,0.004417390053451826,1.9513334883924927e-05,0.00011685474165334941,0.013696196441195022,0.00018758579695576927,0.000387101451007954,0.015187438188156339,0.0002306582787192646,0.0006500832237232856
949,5.023475609822192e-05,1.3475971502955689e-05,5.628566948812086e-05,4.280969798516517e-05,0.0004363767970134448,1.9042470889019114e-07,8.081547965665958e-05,0.004836072315841759,2.338759544384672e-05,5.0720763701161964e-05,-0.00410486228226828,1.6849894356130157e-05,3.732076510654103e-05
950,0.0001446130567875903,4.7408806933916615e-05,0.00023968324816233308,0.00019227444122841647,0.011297043621424103,0.0001276231945844808,0.0004390964732696734,0.0035152300475788456,1.235684228739764e-05,0.00011481134155066908,-0.0014987941586393693,2.2463839298714205e-06,0.00016514192966665675
951,0.000327428504408922,9.570119710596477e-05,0.000567763681116995,0.0004720624840110303,-0.016656810244735067,0.00027744932752882256,0.001033472728857232,-0.0030916899698423014,9.558546869237183e-06,0.0003233192478149238,-0.00030938151138955853,9.571691983456532e-08,0.00034649906667882924
952,0.0006419918279079173,0.0002836374954386193,0.0009437821806940935,0.0006601446852554742,0.01908736504531828,0.0003643275043736516,0.0009512399183904119,-0.017570890460972908,0.0003087361915915521,0.0010408463680924296,0.013335996038941172,0.00017784879035065426,0.0008392602555994388
953,0.06893847837688039,0.021209490773644684,0.07856497068519168,0.05735547991154699,-0.01857655794016739,0.000345088504904667,0.0009166798080939564,0.01417975665043,0.00020106549866538703,0.002149587153177035,-0.25116193644213675,0.063082318317364,0.23262864509430403
954,0.0010089529861746493,0.00022497722278195612,0.0008910237207916024,0.0006660464980096463,0.003202443285929413,1.0255642999723591e-05,0.00016818315950450913,-0.010695390601057033,0.00011439138010926886,0.0008075670877887298,0.023458146670973217,0.0005502846452368759,0.0016973209150815682
955,-2.9077002897841226,5.0520143282291784e-05,0.0002821138722867896,0.0002315937290044978,-0.008904190719809834,7.92846123752744e-05,0.0003205220172087797,-0.0001896838806535143,3.597997422222221e-08,0.00017513482865194607,-0.008499402184729722,7.223983749737872e-05,0.000350684770999643
956,-3.2212830142003845,1.0,1.0,0.0,0.0,1.0,1.0,0.0,1.0,1.0,0.0,1.0,1.0
957,7.184856877950896e-05,5.849452919030421e-05,0.00015432063077021793,9.582610157991372e-05,0.00794549868964069,6.313094942689279e-05,0.00016315708610181723,-0.0074376993186478,5.5319371154993746e-05,0.00014749967845528733,0.007552037274100162,5.703326698902611e-05,0.0001523051277535492
958,0.00018019035369865044,9.68041374832899e-05,0.00034562807948716284,0.0002488239420038729,0.012627800608504101,0.0001594613482082119,0.00039520663626257946,-0.006350811729787067,4.033280962711938e-05,0.0002892274321654176,0.00951936209072882,9.061825461453843e-05,0.00035245017003349144
959,8.07557087940669e-05,1.001008527072115e-05,0.00014503096632208687,0.00013502088105136573,0.003170908583087892,1.0054661241154506e-05,0.0001436804716916651,0.0026348035596949837,6.942189798131437e-06,0.0001505103396339802,0.0036101807119596823,1.303340477287751e-05,0.0001409020876406153
960,0.00023732297667378166,0.00015093379647712624,0.0013876697999122278,0.0012367360034351016,-0.01290964554090379,0.00016665894799205994,0.0019613998602688865,-0.012604542686139203,0.00015887449632656647,0.0010918325299463794,0.01128130954776104,0.0001272679451127523,0.0011097770095214177
961,0.007284911817611706,0.005738152804236063,0.025891591871563497,0.020153439067327434,-0.07111427097592818,0.005057239536437774,0.023513361666929078,-0.08533347215538528,0.0072818014700942735,0.030688718765843226,-0.06982418926257696,0.004875417406176141,0.02347269518191819
962,0.00010305440789504239,4.466646747058878e-05,0.00020655541002016312,0.00016188894254957434,0.004240912111783083,1.7985335540315894e-05,0.00014663436819162268,-0.0045622132562576296,2.081378979545967e-05,6.993066573590667e-05,-0.00975706293286764,9.520027707599077e-05,0.00040310119613296
963,0.0002518732572622806,5.391964728714468e-05,0.0004807717970313208,0.0004268521497441761,0.0070735151391338414,5.0034616423499934e-05,0.000508193643247612,-0.00263471592652321,6.941728013076798e-06,0.00038062267367922065,0.010236337109769273,0.0001047825974248573,0.0005534990741671297
964,0.00014306959556187326,4.727815024048917e-05,0.00020622072280936563,0.00015894257256887645,0.0061997230537361525,3.843656594304523e-05,0.0002144682785610863,0.0003967582403343475,1.5741710124306252e-07,0.00023504500602122835,-0.010160731650694525,0.0001032404676771792,0.0001691488838457822
965,0.00038146048536080723,0.0001823488691710858,0.00038507242018970267,0.00020272355101861686,0.016202315319392372,0.00026251502170837604,0.00042769875822890047,-0.013500208621079953,0.00018225563281260015,0.0004075027848394752,-0.010113157419539233,0.0001022759529922812,0.0003200157175007323
966,7.165235607553555e-05,1.5719316797742817e-05,0.0003175034304842376,0.0003017841136864948,-0.0018105083476214101,3.277940476831276e-06,0.00020891475009676697,-0.005449586622248685,2.9697994353261592e-05,0.0005274077758591345,0.0037659016932507137,1.4182015563135586e-05,0.0002161877654968114
967,2.005089353673828e-05,1.8344943621591743e-06,0.00031679203388716254,0.0003149575395250034,0.000699584027703677,4.894178115000258e-07,0.0003896276548851496,0.0019897452569093772,3.959086187332872e-06,0.00024059235310269766,0.001027121749111112,1.0549790876446252e-06,0.0003201560936736403
968,0.00023362085457989679,3.951256305393761e-05,0.0003495008142268737,0.00030998825117293605,0.003282511369781396,1.0774880892849836e-05,0.0003390072983747716,0.010204936701718025,0.00010414073308551153,0.0002720929401542893,-0.0019031750269266688,3.6220751834514786e-06,0.00043740220415156017
969,6.0345007847462107e-05,2.9078872820849828e-05,0.00016862602925038495,0.0001395471564295351,-0.00770799712472108,5.941321967473101e-05,0.0001884305533248476,-0.004958400400643494,2.4585734533122405e-05,0.00019229821786337364,0.0017993510648419042,3.237664254696071e-06,0.0001251493165629336
970,0.00012753691035705117,2.5548737651222748e-05,0.00029277166428235785,0.0002672229266311351,-0.008679906779058472,7.534078169302294e-05,0.00020407476091333088,-2.935300600366241e-05,8.615989033344817e-10,0.00024445465609646,0.0011421775963373264,1.3045696617419722e-06,0.0004297855758372826
971,1.3894464659380823e-05,5.656992642396237e-06,0.00024628307239271674,0.0002406260797503205,-0.00274728888438262,7.5475962140192365e-06,0.00029051915785349713,0.0022239129083856516,4.945788624310943e-06,0.00026956376791253955,-0.002116032393167446,4.477593088858534e-06,0.00017876629141211353
972,0.0002630243481896999,5.1689119554221286e-05,0.00015867161978951513,0.00010698250023529385,0.010184718637375568,0.00010372849372219939,0.00032469760297626493,-0.004473652940639123,2.0013570633192757e-05,4.5263064570422173e-05,-0.005596900419615005,3.132529430727171e-05,0.00010605419182185827
973,0.00015904418045253887,6.424389102943628e-05,0.00039369194160387977,0.0003294480505744435,-0.004538039062328437,2.059379853103227e-05,0.0004935003089355794,-0.011829245221758228,0.00013993104251641686,0.0002496871548275381,-0.005675106346164922,3.220683204085972e-05,0.0004378883610485218
974,0.00025847899214359593,8.20302050161444e-05,0.00025900308980986164,0.00017697288479371726,-0.01454450194684779,0.00021154253688171476,0.00026885510829499637,-0.004184585933918106,1.751075943823288e-05,0.000352491151340506,0.004127628705256661,1.7037318728485573e-05,0.00015566300979408254
975,-3.7070156112680763,1.2281899736972987e-05,0.00021728067348329252,0.00020499877374631953,-0.0035203962844000524,1.2393189999126974e-05,0.00021751531008729064,0.0035305727265546242,1.2464943777712456e-05,0.00021762566116334536,0.003462306374891739,1.1987565434079528e-05,0.0002167010491992416
976,0.00018172090749091208,5.423963438899726e-05,0.0002993079853365055,0.00024506835094750823,-0.010075889591310163,0.0001015235510560819,0.00033180542337341024,-0.0075959870612444325,5.769901943430966e-05,0.00021733361957665398,-0.0018698483032192088,3.496332676600211e-06,0.00034878491305945225
977,3.815934514972419e-05,2.700528142958921e-06,0.00011751730513013629,0.00011481677698717738,-0.002821952935294132,7.963418368950315e-06,0.00010538121182523952,-0.0003582879379935139,1.2837024565559574e-07,9.304883452088131e-05,-9.897380564212821e-05,9.795814270852077e-09,0.00015412186904428804
978,6.152175917306657e-05,2.2052453520345534e-05,9.130432427580566e-05,6.925187075546013e-05,-0.0058509485899933145,3.423359940302184e-05,0.00015708111096923716,0.0008645248147460688,7.474031553655891e-07,2.7927718996845208e-05,-0.005583579318210814,3.1176358002649174e-05,8.890414286133463e-05
979,8.286237301025068e-05,2.0424717799394365e-05,0.00015708175914545355,0.0001366570413460592,0.0013226087954201133,1.7492940257435308e-06,0.00012740224078644502,0.004911143598123065,2.4119331441307956e-05,0.00016875879385569448,-0.005950254442547282,3.540552793113161e-05,0.0001750842427942212
980,8.500892689222717e-06,8.456608951249814e-07,0.0001142864019291201,0.00011344074103399511,-0.00117427620053634,1.3789245948414575e-06,0.00021690834302401374,-0.0009383268319720745,8.804572440013203e-07,4.154537420952842e-05,-0.0005268783984457299,2.7760084653216666e-07,8.440548855381813e-05
981,3.554774175462683e-05,2.44025729041845e-05,0.00025535389775444006,0.00023095132485025557,-0.0051449731748055534,2.6470748969664726e-05,0.00027367429527835885,0.005481454458206537,3.0046342977652074e-05,0.00036621642386414077,0.00408541635152392,1.6690626765236694e-05,0.00012617097412082057
982,-3.2212830142003845,1.0,1.0,0.0,0.0,1.0,1.0,0.0,1.0,1.0,0.0,1.0,1.0
983,9.168134052939259e-05,5.589121119398133e-05,0.0002948753240042586,0.00023898411281027726,-0.004428468390107238,1.961133228223222e-05,0.0002601427055283212,0.009511940705796508,9.047701599074198e-05,0.00030414512127519,0.007588496907098785,5.758528530896978e-05,0.0003203381452092646
984,0.00019435071085727174,5.9239605551394035e-05,0.0002189317943895134,0.00015969218883811936,0.006805357269645693,4.6312887567956373e-05,0.00012125887518121825,0.004533118511445156,2.0549163438743356e-05,0.0002646597293702868,0.010528853956973068,0.00011085676564748237,0.0002708767786170352
985,0.0005205780654410352,0.00012975405555944638,0.0011690061784536132,0.001039252122894167,0.019288826413518333,0.00037205882441093685,0.001649689615009775,-0.0009445906588879428,8.922515130072028e-07,0.0009857495785201564,0.004038699141359438,1.6311090754395074e-05,0.0008715793418309081
986,0.00010948567235413709,1.2227936661668437e-05,0.00020948195502175823,0.0001972540183600898,0.0011900820963423448,1.416295395850753e-06,0.0003092792982380965,0.0002473142900760139,6.116435813385834e-08,0.00012072476280955424,0.005933493931158328,3.52063502310207e-05,0.0001984418040176239
987,-3.2212830142003845,1.0,1.0,0.0,0.0,1.0,1.0,0.0,1.0,1.0,0.0,1.0,1.0
988,0.0001495914503704121,7.660762766089253e-05,0.00013689671126286088,6.0289083601968344e-05,0.007566001565013741,5.724437968168683e-05,9.855050024076828e-05,0.004805190300008886,2.3089853819380224e-05,7.981586185756839e-05,0.012226555094611576,0.00014948864948161056,0.00023232377169024598
989,-3.2212830142003845,1.0,1.0,0.0,0.0,1.0,1.0,0.0,1.0,1.0,0.0,1.0,1.0
990,-3.2212830142003845,1.0,1.0,0.0,0.0,1.0,1.0,0.0,1.0,1.0,0.0,1.0,1.0
991,0.0006386936311530977,7.381952355611787e-05,0.00023284415932030753,0.00015902463576418965,0.0013003953105822533,1.6910279642123882e-06,0.00011594590269747851,-0.010328728385716506,0.00010668263006530232,0.0002647933454299478,0.010634139017250884,0.00011308491263883891,0.0003177932298334962
992,2.8294024913666505e-05,9.047740942384289e-06,0.00012704417016373704,0.00011799642922135274,0.00042639995563709566,1.8181692229557456e-07,7.400702286886052e-05,0.0037584991292752344,1.4126315705187409e-05,0.0001488963580817959,-0.0035826094121444332,1.2835090199669885e-05,0.00015822912954055468
993,1.3817650528769043e-05,1.1263788869989947e-05,0.0003582828274715603,0.00034701903860157035,-0.0032704139554932503,1.0695607440491806e-05,0.0003857628471819474,0.0034967923074020455,1.2227556441146703e-05,0.0003408126983968085,-0.003296695728709459,1.0868202728331333e-05,0.000348272936835925
994,-3.2212830142003845,1.0,1.0,0.0,0.0,1.0,1.0,0.0,1.0,1.0,0.0,1.0,1.0
995,0.00012869450300190266,4.411412245190297e-05,0.0003294229397929153,0.0002853088173410123,-0.0056168967056551816,3.154952860173754e-05,0.00048696114112145583,0.009631959477464718,9.277464337531516e-05,0.00037896177655782903,-0.002831641816809019,8.018195378656223e-06,0.00012234590169946102
996,8.43567843041848e-05,6.569943704922328e-06,0.00014736131638840946,0.00014079137268348713,0.003769563867750693,1.4209611753579487e-05,0.00013634616282709455,-0.0021471767659566564,4.61036806387316e-06,0.00014485382397833035,0.000943319297825741,8.898512973143369e-07,0.0001608839623598035
997,-3.2212830142003845,1.0,1.0,0.0,0.0,1.0,1.0,0.0,1.0,1.0,0.0,1.0,1.0
998,5.7834863038341844e-05,1.4784896382957768e-05,0.00020878464931606278,0.000193999752933105,-0.0034389983250177523,1.18267094793012e-05,0.00017026062455938185,-0.005281548262324719,2.7894752047230575e-05,0.00031930450414097145,-0.002152493350018713,4.633227622341529e-06,0.00013678881924783504
999,0.00011443957207923905,5.4192609233412924e-05,0.00021910369309100877,0.00016491108385759584,0.009701061849526979,9.411060100827928e-05,0.00037161273404873185,0.0058263638893714985,3.394651617139033e-05,0.00015559436552881056,-0.0058754327943228825,3.452071052056915e-05,0.00013010397969548393
1000,0.00023419688399950456,4.3678872808021e-05,0.00029416535984605474,0.0002504864870380337,0.00539567387123288,2.9113296524441168e-05,0.00027556893346869504,-0.007929083614674575,6.287036696883685e-05,0.0003019260736343288,0.0062492363477966014,3.905295493078498e-05,0.0003050010724351404
1001,-3.2212830142003845,1.0,1.0,0.0,0.0,1.0,1.0,0.0,1.0,1.0,0.0,1.0,1.0
1002,-3.2212830142003845,1.0,1.0,0.0,0.0,1.0,1.0,0.0,1.0,1.0,0.0,1.0,1.0
1003,0.0005763312655329145,0.00026041760858138324,0.0007882800729024734,0.0005278624643210901,0.01501976784432408,0.0002255934260972925,0.0008988262211689912,0.0065464942592329545,4.285658708635953e-05,0.0008374669177708682,0.022645149868360387,0.0005128028125604978,0.0006285470797675607
1004,0.0001308400581616631,3.21810998134738e-05,0.0003620411192903905,0.00032986001947691673,-0.002205096890483703,4.862452296472419e-06,0.0003439652562882145,0.00935793118726907,8.757087610566927e-05,0.0002904859911440072,0.0020273063503244513,4.109971038279703e-06,0.00045167211043894984
1005,0.00010014903585731094,4.555007584376251e-06,0.0001839336637959136,0.00017937865621153737,0.001260419650022357,1.5886576939516672e-06,0.00017707289403323667,-0.0017930280011238654,3.2149494135769174e-06,0.00021186723417410125,-0.0029768130014633113,8.861415645600168e-06,0.00016286086318040294
1006,-3.142451790401255,3.203059048073609e-05,0.00016300270501627226,0.00013097211453553617,-0.0056595574456492345,3.2030590480180976e-05,0.00016300270501568015,-0.00565955744564923,3.203059048040302e-05,0.0001630027050159022,0.0056595574456492275,3.2030590481624266e-05,0.00016300270501723446
1007,0.00023459741968467895,0.00011055582378738382,0.00039389508491135167,0.00028333926112396785,0.014912105290324548,0.00022237088418930462,0.0007180522091848607,-0.0004621269115976385,2.1356128254712559e-07,0.00012923370154960256,0.010444281971005736,0.00010908302589029972,0.0003343993439995918
1008,0.00020026225069780246,3.067684047874941e-05,0.00018991325393088085,0.00015923641345213144,0.001809840409375492,3.275522307166767e-06,0.00014061525088981952,-0.005067556148666419,2.5680125320781677e-05,0.0002036918770329521,0.007941969139241025,6.307487380829979e-05,0.0002254326338698709
1009,0.005427026943983004,0.0021837529694666755,0.002452088584359191,0.00026833561489251557,0.03996646499792594,0.0015973183244305522,0.001896348469255682,-0.031398625376457025,0.000985873675530935,0.0012384706677079915,0.06299259407611896,0.003968066908438539,0.0042214466161139
1010,2.0137792172358893e-05,5.646623443637347e-07,0.00014996672158714328,0.00014940205924277955,0.0007810287375750524,6.10005888468379e-07,0.00013186933443420923,-0.0007059883219761414,4.984195112189838e-07,7.918937358786238e-05,0.0007652199899862021,5.855616334038416e-07,0.0002388414567393582
1011,0.00014669896121455306,2.5448576922770805e-05,0.0003636089565882313,0.0003381603796654605,0.0015201567326062488,2.310876491051772e-06,0.0001427852430605503,0.005708911502197373,3.2591670540149664e-05,0.00026113208671019184,-0.006437638055759302,4.144318373711098e-05,0.0006869095399939518
1012,7.518432545539078e-06,2.5806329816043436e-06,0.00014582239599303382,0.00014324176301142946,0.001820076412383472,3.3126781467940347e-06,0.00012435674963839904,-0.000260552877084793,6.78878013804507e-08,0.00019258221156637223,0.0020883804721383804,4.361332996638545e-06,0.00012052822677433017
1013,-2.8547290941344956,2.310325702307529e-05,0.00016522228711635112,0.00014211903009327584,-0.0018183721752391138,3.3064773681257265e-06,0.0001606315413379411,-0.006131819192637236,3.7599206611727e-05,0.00016908087530564941,-0.005329548488266849,2.8404087089373142e-05,0.00016595444470546283
1014,-2.973736755812553,3.090996390360997e-06,0.0001587434135047842,0.00015565241711442318,0.0027136294868624197,7.363784992220346e-06,0.00015714515510534266,-0.00039406939700273113,1.552906889745742e-07,0.00015850739156209048,0.0013243539894812922,1.7539134898880704e-06,0.00016057769384691944
1015,5.15801037340724e-05,1.964582904020092e-05,0.0001159865283851073,9.634069934490638e-05,0.004042198816772757,1.6339371274320946e-05,3.4536251372729865e-05,0.004014431207789336,1.61156579220334e-05,0.00015855338124337592,-0.005146110951418647,2.6482457924248415e-05,0.0001548699525392161
1016,0.0001663625223082832,5.357508666784897e-05,0.0003455739426549235,0.00029199885598707453,0.0072825589901196666,5.303566544445637e-05,0.00013868988663934267,-0.009907886768240157,9.816622021263655e-05,0.0005691581194293693,-0.003085996491673121,9.523374346454005e-06,0.0003288738218960585
1017,-3.2212830142003845,1.0,1.0,0.0,0.0,1.0,1.0,0.0,1.0,1.0,0.0,1.0,1.0
1018,3.951148897773926e-05,2.1361785820905865e-05,0.0005990562982387537,0.0005776945124178479,0.0009958184258457973,9.916543368682085e-07,0.0008316663421861215,-0.004983430555166586,2.483458009838735e-05,0.00028699128765807824,0.00618539594748473,3.825912302746204e-05,0.0006785112648720615
1019,0.0015917359041249801,0.0005448910732721579,0.001636544352323151,0.0010916532790509932,-0.007855410776718055,6.1707478471007e-05,0.00015134434919017448,0.03639790168331352,0.0013248072469481675,0.004415910625854558,-0.015753047146425933,0.0002481584943972992,0.0003423780819247213
1020,0.0008316343500062162,0.0002623670073800266,0.0004260132839237392,0.0001636462765437126,0.010519471129876883,0.00011065927285225374,0.0003754463374675554,0.0149785962900348,0.00022435834681966416,0.0003367688513011835,-0.021262252996058054,0.0004520834024681619,0.0005658246630024788
1021,-2.847545072102056,2.8890307526470888e-05,0.00024234170944673986,0.00021345140192026896,0.0015948831776603097,2.5436523507504916e-06,0.00019106606514518454,-0.006624836525758783,4.388845899261362e-05,0.00027537317716397336,0.0063434069107527555,4.0238811236048555e-05,0.0002605858860310617
1022,0.0002203605116202212,0.00010207106047684562,0.0004754283563365158,0.0003733572958596702,0.009681083333218784,9.372337450475055e-05,0.00044253445389630386,-0.011095847896111193,0.0001231178405336486,0.0004318916361605307,0.009453674755998356,8.937196639213774e-05,0.0005518589789527129
1023,-3.2212830142003845,1.0,1.0,0.0,0.0,1.0,1.0,0.0,1.0,1.0,0.0,1.0,1.0
1024,0.00019044058643491457,0.00011585112381251594,0.0003312362677277599,0.00021538514391524394,0.011219585314607886,0.00012587909463157576,0.00038644763999162723,0.009408043608767694,8.851128454490098e-05,0.0002875076059039028,-0.011539627041672188,0.0001331629922610711,0.0003197535572877497
1025,0.0014176659557394444,0.0006390436321399573,0.0012122588389184747,0.0005732152067785175,-0.025125480450325307,0.0006312897678596441,0.001122547355599246,0.028985354000890577,0.0008401507465570779,0.0011895953001180848,-0.021111380390752662,0.0004456903820031499,0.0013246338610380937
1026,0.0002858631655103805,1.6897763998824367e-05,0.00046860236799591465,0.0004517046039970903,0.0023501039481098537,5.522988567152609e-06,0.0007424175175131387,0.006151404591877167,3.783977845273068e-05,0.0005377926780893993,0.0027074942246699957,7.330524976589814e-06,0.00012559690838520599
1027,-3.2212830142003845,1.0,1.0,0.0,0.0,1.0,1.0,0.0,1.0,1.0,0.0,1.0,1.0
1028,0.00020300478930879162,4.504422371727953e-05,0.0002271048470668576,0.00018206062334957807,0.004446747557072852,1.9773563836422703e-05,0.00017640539312124837,0.010591839346245328,0.00011218706073623519,0.000403448931197925,0.001781024025523244,3.1720465791806873e-06,0.00010146021688139939
1029,-3.0829419199548695,4.845100831910957e-06,0.00015653596266225941,0.00015169086183034847,0.0022011589747119543,4.84510083287315e-06,0.00015653596266351766,0.002201158974711956,4.8451008299865705e-06,0.000156535962660187,0.002201158974711955,4.84510083287315e-06,0.00015653596266307357
1030,0.00013747777543826611,7.069669115311594e-05,0.00023401759797207303,0.00016332090681895708,-0.009626405593435678,9.266768464921693e-05,0.00027807134899160424,0.009215963330702322,8.493398011311104e-05,0.0001387223375222124,-0.005872683262136955,3.448840869701986e-05,0.00028525910740240246
1031,-3.2212830142003845,1.0,1.0,0.0,0.0,1.0,1.0,0.0,1.0,1.0,0.0,1.0,1.0
1032,2.7493808444245538e-05,3.76416630128625e-06,0.00016370019928690915,0.0001599360329856229,-0.0017748723757515551,3.150171950738745e-06,0.00020754408028822446,-0.002389804090882011,5.711163592714286e-06,0.000154841734895661,-0.0015592188301972244,2.4311633604057192e-06,0.000128714782676842
1033,2.708524816097402e-06,3.90149292502547e-07,0.0003522964963866467,0.00035190634709414415,0.00014033034833616553,1.9692606767485188e-08,0.00025247954111229376,-0.0010503764887098295,1.1032907679675574e-06,0.0004284925376459858,0.0002178634954321478,4.7464502772598394e-08,0.0003759174104016605
1034,0.000584849748673788,0.00016089180156927027,0.0005262738252045743,0.00036538202363530403,-0.011833730836568182,0.00014003718551247601,0.0004765464227575178,-0.017835090596716164,0.0003180904565927012,0.0006348348153407679,0.0049545698705767156,2.4547762602633583e-05,0.0004674402375154374
1035,0.00012868362902651587,8.45751810805521e-05,0.000307057642058813,0.00022248246097826086,-0.006281080441931971,3.945197151788982e-05,0.000246838946214023,0.01017506662264288,0.00010353198077561743,0.0004204072841467177,0.010523383056186962,0.00011074159094814906,0.00025392669581569827
1036,0.0001062277805415901,3.27146019439839e-05,0.00023611473985085674,0.00020340013790687284,0.0059524951745011405,3.543219880286497e-05,0.00021625492078325426,-0.0066970329532988595,4.4850250377592715e-05,0.00013253898872456205,-0.004226269827100218,1.786135665149402e-05,0.0003595503100447539
1037,0.004538128985348888,0.0031833234203940317,0.0059581289034574825,0.0027748054830634508,-0.048747631008151805,0.0023763315289065945,0.005286838071925759,0.060921681185929055,0.003711451238520236,0.006658751415969388,-0.05884035599616386,0.0034621874937552644,0.0059287972224773
1038,0.00018618011187465644,7.190257535882871e-05,0.0010395614790184027,0.000967658903659574,-0.012748311883353677,0.00016251945587530958,0.0017927720666103264,0.003674220071934389,1.34998931370367e-05,0.0005800165281597547,-0.0062998711942565035,3.968837706413986e-05,0.000745895842285127
1039,2.2299598068098447e-05,1.646514684098636e-05,0.00020515242628171837,0.00018868727944073202,0.003647515431566165,1.3304368823519042e-05,0.0001835677770568589,-0.0047203166270575825,2.228138905913113e-05,0.00025457816937268785,-0.0037161381352824683,1.3809682640308907e-05,0.00017731133241560837
1040,-3.2212830142003845,1.0,1.0,0.0,0.0,1.0,1.0,0.0,1.0,1.0,0.0,1.0,1.0
1041,0.00013478570921832134,5.948889902255653e-05,0.0002684213753443669,0.00020893247632181036,-0.007105654179878174,5.0490321323870546e-05,0.00030240217049770646,-0.006069688598485079,3.684111968305093e-05,0.0002450637479950446,-0.009546478725737965,9.113525606074813e-05,0.00025779820754034954
1042,7.02968567559692e-05,2.1992217724179735e-05,0.00014046337010575893,0.0001184711523815792,-0.005206743915902894,2.711018220635797e-05,0.0001466491232295919,0.0036410490283308055,1.3257238026587181e-05,0.00013189543652070146,0.005060556584029557,2.560923293959405e-05,0.00014284555056698345
1043,-2.796408360142505,2.755989465282512e-05,0.0003005317423337243,0.0002729718476808992,0.0024171471717828997,5.8426004500011786e-06,0.0003642137405578394,-0.00837720188195321,7.017751137106121e-05,0.0002575562626982997,0.0025806146819881953,6.659572137412972e-06,0.0002798252237450338
1044,0.0002015811894811037,9.314985192676595e-05,0.00023169682215140597,0.00013854697022464002,0.011980159458226749,0.00014352422064456416,0.0002557710191389839,0.0007372593038207981,5.435512805407328e-07,0.00018561731315136498,0.011635367800575903,0.00013538178385519295,0.000253702134163869
1045,-2.9413472240179903,7.900820222987251e-06,0.00014691248798570644,0.0001390116677627192,-0.0022856358094101707,5.2241310526390805e-06,9.138780226158882e-05,0.0033598330728660335,1.1288478277360348e-05,0.00011934656985390646,-0.0026813898147717945,7.1898513389623275e-06,0.00023000309184162404
1046,-3.2212830142003845,1.0,1.0,0.0,0.0,1.0,1.0,0.0,1.0,1.0,0.0,1.0,1.0
1047,-3.2212830142003845,1.0,1.0,0.0,0.0,1.0,1.0,0.0,1.0,1.0,0.0,1.0,1.0
1048,4.97526719577257e-05,1.4095626633348068e-05,0.00013454344090776024,0.00012044781427441217,-0.00029720755772403163,8.833233233751514e-08,0.00013288278120460184,-0.000667816156564233,4.4597841897253687e-07,0.00017591568736285979,-0.006461622795292157,4.175256914873415e-05,9.483185415581907e-05
1049,0.00012815454252834702,5.2109927572467164e-05,0.00029802635288352547,0.0002459164253110583,0.003969707363626515,1.575857655311541e-05,0.00021132892730979513,-0.008464080610462823,7.164066058029661e-05,0.0003867773060605151,0.00830244214575901,6.893054558398948e-05,0.00029597282528026625
1050,6.1006429947774166e-05,1.8132094529943465e-05,0.0002406561010960632,0.00022252400656611973,0.0005867854899410767,3.4431721096517265e-07,0.0001148832821225021,0.0028493556373905215,8.118827548142526e-06,0.0004304056839802284,-0.006777399119910485,4.59331388307227e-05,0.00017667933718545914
1051,1.807231541006704e-05,1.1392420934027332e-06,0.00019291043400589589,0.00019177119191249314,-0.0008706269999918526,7.579913737787436e-07,0.0002540699477231456,-0.0010725978721581474,1.1504661957539852e-06,0.00010981714079705274,0.0012285229793610344,1.509268710675471e-06,0.00021484421349748928
1052,0.00014004839134151847,6.707632877811509e-05,0.0002689716188334727,0.0002018952900553576,-0.0022180871866681003,4.919910768230729e-06,0.00017753275181708883,-0.011384569110421622,0.000129608413829696,0.00023730561466595024,0.00816704730833616,6.670066173641853e-05,0.000392076490017379
1053,2.945875086379779e-05,1.545213490287504e-05,0.00025814148429877576,0.00024268934939590073,0.0017620831089082993,3.104936882714071e-06,5.60129597242387e-05,0.004570311429308906,2.088774656094916e-05,0.0003940917814355682,0.004729029632459741,2.236372126496189e-05,0.0003243197117365204
1054,-3.2212830142003845,1.0,1.0,0.0,0.0,1.0,1.0,0.0,1.0,1.0,0.0,1.0,1.0
1055,0.00030017044964614215,0.00011660628599574618,0.0005953512558213673,0.0004787449698256211,-0.007869816060624405,6.193400482779055e-05,0.00045671095480648294,0.01519972220948088,0.0002310315552456199,0.0009144876861152396,0.0075401125929005445,5.6853297913828094e-05,0.00041485512654237944
1056,0.00010590150989975289,7.126474220453538e-05,0.00020699685494966294,0.00013573211274512756,0.0068087292441343684,4.635879391912123e-05,0.00014620014725574837,-0.008186626219185008,6.702084885223947e-05,0.00019963521678423302,0.01002070775156949,0.00010041458384224544,0.00027515520080900746
1057,0.00017577367882171124,3.70769986296852e-05,0.000159285452555021,0.0001222084539253358,-0.008879929341003909,7.885314510158725e-05,0.00022197373833499068,-0.004377686623191374,1.916414017066881e-05,0.00013798022308697533,0.0036350667968045283,1.3213710616799546e-05,0.00011790239624309695
1058,9.009672746163044e-05,3.6342096384293456e-05,0.0004513932962637209,0.0004150511998794274,0.005547914375787832,3.07793539209289e-05,0.0005838172706640332,0.008629499241990257,7.446825716805883e-05,0.0003271879114061793,-0.001943882214559055,3.7786780638926487e-06,0.00044317470672095016
1059,0.0002226821309352367,3.569581454717271e-06,0.0002750013175120876,0.00027143173605737037,-0.0013697148495882888,1.8761187690063963e-06,0.00026831989605957673,-0.002680233960787636,7.183654083919855e-06,0.0002849890956047041,0.0012841228569285925,1.648971511225561e-06,0.0002716949608719821
1060,-2.4835507780935577,2.7064387494076434e-06,0.00019824326165955122,0.00019553682291014357,0.0017383730340154203,3.0219408052589714e-06,0.00019592526659006904,-0.0015424512078416222,2.37915572931513e-06,0.0002001505023228045,-0.0016487024333133574,2.7182197136488284e-06,0.00019865401606578015
1061,0.00011586501606131172,3.661569664092923e-05,0.0002896873625436817,0.0002530716659027525,0.006636158620339308,4.4038601234475117e-05,0.0002728580104500722,0.003029524256504469,9.178017220667911e-06,0.00021015033518456683,-0.007525322017525671,5.663047146764466e-05,0.0003860537419964061
1062,-3.1455812540004793,1.1249037385844632e-05,0.00016012324777607093,0.0001488742103902263,-0.003353958465024378,1.124903738602967e-05,0.00016012324777625597,-0.0033539584650243803,1.124903738558558e-05,0.00016012324777581188,0.003353958465024379,1.1249037385918648e-05,0.00016012324777614495
1063,1.7723956142523534e-05,7.506804190852516e-06,0.00010017391164873768,9.266710745788516e-05,-0.002810529337758208,7.899075157968838e-06,9.007965402763052e-05,0.0029025682618773296,8.424902515402621e-06,0.0001158700820403924,0.0024892639272818713,6.196434899186087e-06,9.457199887819012e-05
1064,0.00041552357503571447,0.0002508857696850904,0.0006046654934437345,0.00035377972375864414,-0.019427219142170753,0.00037741684359759997,0.0009445808623039786,-0.019211452718675887,0.00036907991556178743,0.0006951924303110202,0.002482045506401555,6.160549895883882e-06,0.00017422318771620482
1065,0.0003130518623875034,0.00011602980646733634,0.00027891715194786987,0.00016288734548053352,-0.00526302384651148,2.769942000879766e-05,0.00010919797613184734,0.015838040609990434,0.0002508435303637535,0.00046224001351835575,0.00833945256170736,6.954646902945782e-05,0.00026531346619340646
1066,0.0001863412825122701,3.294840457509126e-05,0.0007684070286458899,0.0007354586240707987,-0.002114632377003499,4.471670090211433e-06,0.0011287127839906264,0.00872146121586156,7.606388573988543e-05,0.00035716863111812103,0.004278978604202206,1.8309657895176912e-05,0.0008193396708289225
1067,0.0005848336515043018,0.00022188625492310562,0.0005338907253502242,0.00031200447042711854,0.008301005793146802,6.890669717818376e-05,0.00025467399551770686,-0.012946300872767647,0.00016760670628868102,0.0005623597243142875,-0.02071582393490943,0.00042914536130245207,0.0007846384562186781
1068,-3.2212830142003845,1.0,1.0,0.0,0.0,1.0,1.0,0.0,1.0,1.0,0.0,1.0,1.0
1069,0.00012169919991722455,2.4961669248368956e-05,0.00017257711670263612,0.00014761544745426716,0.00822074192203144,6.758059774836234e-05,0.0002599360957765695,-0.002092823514574038,4.379910262697351e-06,0.00010876901676748485,0.0017101168772780133,2.9244997340471812e-06,0.00014902623756385402
1070,0.00021865198553538967,9.624703840949156e-05,0.00028043168370868915,0.0001841846452991976,0.004407164271594992,1.9423096916937332e-05,5.743813684233601e-05,0.01402591297536202,0.0001967262347921661,0.00047512038321306793,-0.008520081192046952,7.259178351937123e-05,0.00030873653107066357
1071,0.00019605169005332268,5.3112315065143946e-05,0.00013349666808341412,8.038435301827018e-05,-0.007273380614849681,5.290206556896049e-05,0.00013869167825886208,0.004755545393374671,2.2615211988763484e-05,9.983508765565308e-05,0.009155308167337286,8.381966763770787e-05,0.00016196323833572723
1072,-3.2212830142003845,1.0,1.0,0.0,0.0,1.0,1.0,0.0,1.0,1.0,0.0,1.0,1.0
1073,8.502404108368111e-05,1.3469733116740675e-05,0.0005117669200310019,0.0004982971869142612,-0.0018283477780198824,3.342855597443517e-06,0.0011922720360548755,-0.005586176669437449,3.120536978218347e-05,0.0001701202353819875,0.002420944850878243,5.86097397059504e-06,0.00017290848865614272
1074,9.69698051866974e-05,4.483108974754717e-06,0.0002897444089814405,0.00028526130000668576,0.000705921037501296,4.983245112111234e-07,0.0003073215823190534,-0.003299239954278628,1.0884984275927323e-05,0.0002326340201986854,0.0014373649977880074,2.0660181371257025e-06,0.0003292776244265827
1075,0.0001123142007263267,3.9212975904145964e-05,0.000305882332034139,0.00026666935612999304,0.006646172425797877,4.417160791336805e-05,0.00015763027705950616,-0.0066193447803438365,4.381572532141664e-05,0.000620892698549036,0.005445327765827056,2.9651594477653198e-05,0.00013912402049387484
1076,-3.1909163225168538,8.354256128798958e-05,0.00026292351299554245,0.00017938095170755286,0.00899073173468203,8.083325712537892e-05,0.0002699465171892568,0.009618096162809994,9.250777379699038e-05,0.0002895699383174133,0.008791282781350983,7.728665294159942e-05,0.00022925408347995724
1077,-2.917100337866438,3.4438558192369705e-05,0.00017324505135551949,0.00013880649316314977,-0.005868437457475022,3.44385581928508e-05,0.00017324505135585255,0.00586843745747502,3.443855819207364e-05,0.00017324505135518642,-0.005868437457475021,3.4438558192184665e-05,0.00017324505135551949
1078,0.00020833967499611639,9.221376095066199e-05,0.0004082749863210851,0.00031606122537042314,-0.005832702562208197,3.4020419179214834e-05,0.0003888538768617167,0.011507348640490604,0.00013241907273398024,0.00041012387192862487,0.010497704079401666,0.0001102017909387909,0.0004258472101729138
1079,-3.2212830142003845,1.0,1.0,0.0,0.0,1.0,1.0,0.0,1.0,1.0,0.0,1.0,1.0
1080,6.409858624578657e-05,3.0085222123184725e-05,0.00022840528036927044,0.0001983200582460857,0.005381072524799034,2.8955941516750627e-05,0.00033009714288434466,0.002211113325876291,4.889022139797916e-06,0.0001239656306148973,-0.007510705873191905,5.6410702713005634e-05,0.00023115306760856935
1081,0.00016521806594327337,0.00010490271043902173,0.00031798811304621183,0.0002130854026071901,-0.011437956921033589,0.00013082685852749965,0.0003817020241659863,-0.006551434942684455,4.292129980765225e-05,0.00017429397509849398,0.011872656525876945,0.00014095997298191332,0.00039796833987415514
1082,-3.168320026657967,2.9474014370737638e-05,0.0001606325625630086,0.00013115854819227096,0.005428997547586749,2.9474014371033697e-05,0.00016063256256226843,-0.005428997547586745,2.9474014371366763e-05,0.00016063256256326763,-0.00542899754758675,2.947401436981245e-05,0.00016063256256348968
1083,-3.2212830142003845,1.0,1.0,0.0,0.0,1.0,1.0,0.0,1.0,1.0,0.0,1.0,1.0
1084,0.00017056059979891902,1.822534959261546e-05,0.00021218836050092746,0.000193963010908312,0.004550889786653142,2.0710597850248647e-05,9.48440445427412e-05,-0.004910848918268961,2.4116437098431476e-05,0.0003744092140200994,-0.0031383138511572838,9.849013829166253e-06,0.00016731182293994173
1085,-3.2212830142003845,1.0,1.0,0.0,0.0,1.0,1.0,0.0,1.0,1.0,0.0,1.0,1.0
1086,-3.030354627471711,1.1222493619585568e-07,0.00015974710788831578,0.00015963488295211992,0.0003349999039753795,1.1222493767615305e-07,0.00015974710788979607,-0.00033499990397538017,1.1222493478957318e-07,0.0001597471078869095,-0.00033499990397538006,1.1222493612184081e-07,0.00015974710788824176
1087,9.121530313016546e-05,1.538320743747305e-05,0.00020586113208831414,0.0001904779246508411,-0.00036437134176372073,1.3276647481408332e-07,0.0001587097764822465,-0.006013722600275414,3.6164859512966e-05,0.00020389537679765812,0.0031387889901525103,9.851996324639067e-06,0.0002549782429850378
1088,0.0005164415429709246,1.485327612171794e-05,0.000347630466306,0.00033277719018428204,0.0022799455446545543,5.198151686425234e-06,0.00033483271121259595,0.0038732629331592852,1.500216574956692e-05,0.00031946758481948834,-0.004935535526057003,2.4359510929161665e-05,0.0003885911028859157
1089,-3.0518508939852333,1.1222493571475904e-07,0.0001597471078874276,0.00015963488295171285,-0.0003349999039753801,1.1222493678797463e-07,0.00015974710788879687,-0.0003349999039753803,1.1222493434548397e-07,0.0001597471078860213,-0.0003349999039753801,1.1222493601081851e-07,0.0001597471078874646
1090,-3.134650680781138,7.087728253751813e-06,0.0001555764471124673,0.00014848871885871548,-0.002662278770836926,7.0877282533077235e-06,0.00015557644711217122,-0.002662278770836924,7.0877282533077235e-06,0.00015557644711194918,0.0026622787708369244,7.087728254639991e-06,0.00015557644711328145
1091,-3.2212830142003845,1.0,1.0,0.0,0.0,1.0,1.0,0.0,1.0,1.0,0.0,1.0,1.0
1092,-3.2212830142003845,1.0,1.0,0.0,0.0,1.0,1.0,0.0,1.0,1.0,0.0,1.0,1.0
1093,-3.2212830142003845,1.0,1.0,0.0,0.0,1.0,1.0,0.0,1.0,1.0,0.0,1.0,1.0
1094,-3.2212830142003845,1.0,1.0,0.0,0.0,1.0,1.0,0.0,1.0,1.0,0.0,1.0,1.0
1095,0.0001297869627920889,4.416202388742481e-06,0.0001728605351345077,0.0001684443327457652,0.003503081967036139,1.2271583268219644e-05,0.0001882778142244801,0.0007231118619471674,5.228907649090786e-07,0.00020591843821904376,0.0006738940076424284,4.5413313309872194e-07,0.0001243853529599992
1096,7.261579670336804e-05,2.7906084927975527e-05,0.00035879606944533293,0.0003308899845173574,-0.006846359392086038,4.687263692626509e-05,0.0002935508238294249,0.0012507349873424692,1.564338008575028e-06,0.0004916420099755348,0.005939804697904357,3.5281279849086467e-05,0.00029119537453103916
1097,-3.0904506250814485,7.087728254158894e-06,0.00015557644711287436,0.00014848871885871545,-0.0026622787708369252,7.087728253529768e-06,0.00015557644711228225,0.002662278770836924,7.087728254862036e-06,0.00015557644711339247,-0.0026622787708369244,7.08772825408488e-06,0.00015557644711294838
1098,-3.2212830142003845,1.0,1.0,0.0,0.0,1.0,1.0,0.0,1.0,1.0,0.0,1.0,1.0
1099,-3.6581269715921394,5.719789912520905e-06,0.0001504803848982513,0.0001447605949857304,-0.0005398804345485177,2.9147088487224693e-07,0.00015063354544064822,0.003588683078085772,1.2878646234226743e-05,0.0001512095855292772,-0.001997311347532439,3.989252618463723e-06,0.00014959802372482844
1100,6.426276673032749e-05,2.4733153486759345e-05,0.00022877450845293357,0.00020404135496617423,-0.007711414101043838,5.946590743777236e-05,0.0001940291922755133,0.00281813128869143,7.941863960692075e-06,0.00030303459915959063,0.0026060869252448886,6.7916890618135994e-06,0.00018925973392369677
1101,7.252183159722758e-05,3.1541082719151646e-05,0.00029013579268570105,0.00025859470996654943,-0.006784552505730982,4.603015270288058e-05,0.00031156387627628845,0.00619728769314906,3.840637475160946e-05,0.0002309585259798741,0.0031916642528428386,1.0186720702964891e-05,0.00032788497580094056
1102,2.5959816763676535e-05,1.038428346041472e-05,0.0007273405000143655,0.0007169562165539507,-0.004669558524958962,2.1804776818123983e-05,0.0012055364672335367,-0.0030352562086733295,9.212780251455222e-06,0.00037653496175282797,0.0003678223912213371,1.352933116649524e-07,0.0005999500710567318
1103,-3.2212830142003845,1.0,1.0,0.0,0.0,1.0,1.0,0.0,1.0,1.0,0.0,1.0,1.0
1104,9.858435729892534e-05,3.8449904946132506e-05,0.00023356763296518887,0.00019511772801905636,-0.007207873920024441,5.1953446446595386e-05,0.00027433829820022737,-0.007749473443361447,6.005433864930687e-05,0.0003315278579288927,-0.0018280945661230505,3.341929742495253e-06,9.483674276644649e-05
1105,0.00022664009440998,6.20323091283052e-05,0.00029470261835592054,0.00023267030922761534,-0.007848225546376868,6.159464422672567e-05,0.00012786708647549716,0.010289956563194737,0.00010588320607252122,0.0003949674242329504,-0.0043149828604193245,1.8619077085668678e-05,0.00036127334435931413
1106,5.074778332025964e-05,1.908298986882014e-05,0.00021581391619322302,0.00019673092632440287,0.005687405468311723,3.234658096118448e-05,0.0002953140982127067,-0.004900549167323142,2.401538214136245e-05,0.00026217366810166176,0.0009418102271246396,8.8700650391349e-07,8.99539822653006e-05
1107,-3.118386247065568,9.674560806397873e-06,0.00012866240571744272,0.00011898784491104485,-0.003165995518098939,1.0023527620584005e-05,0.00012736824134074176,0.002444040690995108,5.97333489948948e-06,0.0001233219812657449,-0.003609268610077772,1.3026819899120134e-05,0.00013529699454584154
1108,0.0002613109375247946,5.181198923476238e-05,0.00023513017044707318,0.0001833181812123108,0.005468021570348253,2.9899259893828578e-05,0.00019472236262196851,0.011204103201672661,0.00012553192855357942,0.0003165242836757898,-6.913216835111e-05,4.779256879139382e-09,0.00019414386504346126
1109,0.00013171662782351934,1.5129434373576759e-05,0.00013646091234805388,0.00012133147797447712,0.00022160208408162556,4.910748385711372e-08,0.00017101164251698275,0.006054045366798643,3.6651465303072506e-05,0.00013677414815915778,-0.002947495603699095,8.687730333800658e-06,0.00010159694636802108
1110,0.0001397829518637872,5.038117762464397e-05,0.0003539622681072811,0.00030358109048263715,-0.003135733652940125,9.832825542122059e-06,0.00017230530988976422,0.011715658307630014,0.00013725664958119665,0.00045669562034145184,0.002013469083522201,4.0540577506131825e-06,0.0004328858740906272
1111,-3.2212830142003845,1.0,1.0,0.0,0.0,1.0,1.0,0.0,1.0,1.0,0.0,1.0,1.0
1112,0.00015244063736197244,4.3680785206741866e-05,0.00018922352264886624,0.00014554273744212437,-0.0044947901501301325,2.020313849349087e-05,0.0001092289785696865,-0.006193366787517346,3.835779216465607e-05,0.00017022712474912272,-0.008513602349289577,7.248142496207866e-05,0.00028821446462778955
1113,0.00040886130090556083,0.00017955991030049745,0.0008292399365139591,0.0006496800262134617,0.014876645212095117,0.00022131457276675093,0.0011695437755607774,-0.0013155227991036656,1.7306002351169525e-06,0.00018579010857755485,0.01776610699899903,0.00031563455789962447,0.001132385925403545
1114,0.00027631421124729716,3.0088758770085988e-05,0.00023066341181306646,0.00020057465304298047,0.0052630098214232375,2.7699272380443674e-05,0.00022925408557072924,-0.006432161841968738,4.137270596105136e-05,0.0003278347700954587,-0.004603726530633966,2.1194297968762932e-05,0.00013490137977301142
1115,0.0001477618397476288,4.846774605989553e-05,0.00048269739307330955,0.00043422964701341404,-0.0012101213787906388,1.4643937512603955e-06,0.0007815369923417359,0.011235820341534577,0.0001262436587472493,0.0004395652328397226,0.004206564593731078,1.7695185681176895e-05,0.0002269899540384701
1116,0.0002141481236408449,0.00012280402684676042,0.00029365777325104,0.00017085374640427956,0.007057589498815967,4.980956953459792e-05,0.0003348071938373831,-0.011821759822419523,0.0001397540052988644,0.0002589239943995292,0.013373425354317356,0.00017884850570681898,0.0002872421315162077
1117,0.00020544362093810609,8.45916060505288e-05,0.000403785916478198,0.0003191943104276692,-0.00871127665471011,7.588634095467839e-05,0.00038199226775970097,0.007547534908900108,5.696528320053851e-05,0.00030160685897562267,-0.010996508263826617,0.00012092319399636953,0.0005277586226992703
1118,-3.2212830142003845,1.0,1.0,0.0,0.0,1.0,1.0,0.0,1.0,1.0,0.0,1.0,1.0
1119,0.0001733511535907395,6.677479160018447e-05,0.0003143164478340473,0.0002475416562338628,0.007940490432103743,6.305138830253743e-05,0.00041797571993551497,-0.006932853335141391,4.8064455366536585e-05,0.0003387802515153471,-0.009445026793600939,8.920853113147942e-05,0.00018619337205127984
1120,9.508038271044406e-06,3.8577294509215916e-06,0.00021748624030818822,0.00021362851085726664,0.00025839468484923614,6.676781316716784e-08,0.00016631488231233504,-0.003036021174718083,9.217424573271238e-06,0.00022535593092187778,-0.0015129428165769794,2.288995966326368e-06,0.00026078790769035187
1121,0.00019574619390327896,7.667376634116578e-05,0.00046271690913239166,0.00038604314279122587,-0.0017482749023610765,3.0564651344322513e-06,0.0004411670849079341,0.006608020271292509,4.36659319057453e-05,0.0003865996675797012,-0.013538792486153622,0.00018329890198331977,0.0005603839749095396
1122,-3.2212830142003845,1.0,1.0,0.0,0.0,1.0,1.0,0.0,1.0,1.0,0.0,1.0,1.0
1123,9.372574086652374e-05,5.87910637820747e-06,0.0003667940337758561,0.00036091492739764863,0.0024242630459026413,5.877051315383852e-06,0.00014850742146210738,0.00043760876718906914,1.915014333775389e-07,0.0005743617947394641,-0.0034012889300360136,1.1568766385861018e-05,0.0003775128851259968
1124,-3.0178853267023413,6.338065776286447e-07,0.00016266266873021795,0.0001620288621525893,-0.0007961197001003495,6.338065767774737e-07,0.00016266266872932977,0.0007961197001003495,6.338065783317859e-07,0.0001626626687309951,-0.0007961197001003496,6.338065777766744e-07,0.00016266266873032897
1125,4.1507857930112024e-05,1.0396012087965367e-05,0.00017882374530201842,0.00016842773321405305,-0.0027266991879719886,7.434888461776978e-06,0.0001423316777787731,0.002049736825783545,4.201421054728094e-06,0.0001609713945643909,-0.004421733455036565,1.955172674739103e-05,0.00023316816356289127
1126,-3.220494278771149,8.313712009588858e-05,0.0008124153875151974,0.0007292782674193088,0.009117955916586516,8.313712009611063e-05,0.0008124153875150864,-0.009117955916586512,8.31371200954445e-05,0.0008124153875147533,0.009117955916586516,8.313712009611063e-05,0.0008124153875157525
1127,7.749731165485052e-05,5.00443677646049e-06,0.00011303180746998394,0.00010802737069352344,-0.001170355473582881,1.3697319344307957e-06,0.00010671549616458886,-0.003464001190859057,1.1999304250553955e-05,0.00012872560709764613,0.001282292534633042,1.644274144396718e-06,0.00010365431914771683
1128,0.00021024488441490075,0.0001223784498944521,0.00039866088172294906,0.000276282431828497,-0.013703413366374095,0.00018778353788961866,0.0007301937719045304,-0.007661323288552261,5.869587453155578e-05,0.00016367765552405267,0.010984349651312304,0.00012065593726218182,0.00030211121774026406
1129,0.00010765146718427765,4.4645820981773866e-05,0.0001626067283524435,0.00011796090737066964,0.006936980148404482,4.812169357937268e-05,0.00016225693882399028,-0.005659459113357437,3.202947745595264e-05,0.00020909713863503931,0.0073339138193643655,5.378629190999629e-05,0.0001164661075983009
1130,5.296187459458146e-05,1.712267832520986e-05,0.0004399856280200565,0.0004228629496948466,0.004839462286006748,2.3420395217521595e-05,0.00028135911905646793,0.005258308040646115,2.7649803450158217e-05,0.0004938768704929597,0.0005457438117364973,2.9783630794977256e-07,0.0005447208945107418
1131,0.00024262599860902512,0.0001273394567630944,0.0003969180583690927,0.00026957860160599834,-0.005592254518530935,3.127331059993299e-05,0.0003118986585234351,0.010621223171871466,0.00011281038166655044,0.0003753173897236284,-0.015425131377811261,0.00023793467802279977,0.0005035381268602146
1132,0.002082583149882411,0.0003598608843425888,0.0026813573474207355,0.0023214964630781467,0.01819585170579829,0.0003310890192992355,0.0035718662641686105,0.018959019601116994,0.00035944442423507805,0.003054161160393809,0.01972433039405309,0.0003890492094934528,0.0014180446176997874
1133,3.99022022400386e-05,4.043675882988336e-06,0.0001319274613873859,0.00012788378550439755,0.003122994846643827,9.753096812281647e-06,0.0001735392569731653,-0.0015228782299611034,2.319158103336605e-06,0.00011965721289752818,-0.0002424308844736634,5.877273334675692e-08,0.00010258591429146424
1134,0.00019325708106221473,3.1203968530513215e-05,0.0001837251066182377,0.0001525211380877245,-0.0012137006774997937,1.473069334401167e-06,0.00015608364969743604,-0.00898760621658208,8.0777065504134e-05,0.0002415856235606917,-0.003370722586201039,1.1361770753004485e-05,0.0001535060465965854
1135,7.256508831787745e-05,2.1559048338041602e-05,0.00016926884736482664,0.00014770979902678505,-0.004089959683690503,1.6727770213886828e-05,0.00016417535205859313,-0.0023321673024587664,5.4390043268126576e-06,0.00018594341671085424,-0.006519997735684236,4.251037047342532e-05,0.0001576877733250326
1136,2.731004222578104e-05,9.839174231437061e-06,0.0002866568817130692,0.00027681770748163215,-0.001423180897310598,2.025443866515708e-06,0.00020975049879146113,0.004732772244794701,2.2399133121520087e-05,0.0002495788869973925,0.0022567555708250357,5.092945706275387e-06,0.0004006412593503539
1137,0.00036237522533877353,7.876816322853013e-05,0.0005436211707264826,0.0004648530074979525,0.009323551550550717,8.692861351589087e-05,0.0002745887074360187,-0.00976150988835945,9.528707530048752e-05,0.0008068333448156828,-0.007354508880218269,5.408880086921197e-05,0.0005494414599277464
1138,0.00010978918645854208,3.358524343014905e-05,0.00015361529779737518,0.00012003005436722614,0.009663349803650774,9.338032942740604e-05,0.00029143719307356264,0.0007674449432225047,5.889717408225081e-07,7.478895527746054e-05,0.0026050775654288664,6.786429122218607e-06,9.461974504110238e-05
1139,5.358995088777796e-05,8.906894388704956e-06,0.00012701987589188354,0.00011811298150317859,0.003841258476575177,1.4755266683597057e-05,0.00014090505746189308,-0.0027425755555725135,7.521720677972077e-06,0.00013569304919303082,-0.0021080075437173613,4.443695804545733e-06,0.0001044615210207267
1140,0.00012101369094508208,2.417025970180564e-05,0.0002838224098548799,0.00025965215015307425,-0.007630938562717617,5.823122334802644e-05,0.0002178837812214507,0.0024842769324017137,6.171631877216477e-06,0.00021460124521210933,-0.002847441637823062,8.107923880174006e-06,0.0004189822031310797
1141,0.0001053122338571244,1.1088538182805566e-05,0.00012415167691467074,0.00011306313873186517,0.00045679009264542404,2.0865718808327216e-07,8.807064495974792e-05,-0.004420196472372313,1.9538136854513333e-05,0.00017428151028420213,-0.0036767948685956066,1.3518820505820095e-05,0.00011010287550006215
1142,0.0006349145172406256,0.00020885502612958776,0.0011263458011725829,0.0009174907750429951,0.022242532429607317,0.0004947302488821359,0.0017854488270264701,-0.002723822547858598,7.419209272274685e-06,0.0008286489338177327,-0.011154175013606622,0.0001244156202343527,0.0007649396426735455
1143,0.00035571435082248914,6.635198535565046e-05,0.0004347905983012786,0.00036843861294562813,0.01017497042902339,0.00010353002323149063,0.0004223812273992378,0.00692881063158636,4.800841676833034e-05,0.00018983930223859247,-0.00689329500799053,4.7517516067130394e-05,0.0006921512652660056
1144,0.00011390343662120994,4.7463827247962165e-05,0.00020909395035362266,0.0001616301231056605,0.006646628147935582,4.417766573683313e-05,0.00017110029110700697,0.003946989947275889,1.557872964430551e-05,0.0002609507304230929,0.00909038428026069,8.263508636274786e-05,0.0001952308295307681
1145,0.00035150234901115684,1.3685376708649777e-05,0.00015545633770353007,0.0001417709609948803,-0.001086964789368817,1.1814924534281346e-06,0.00011868123593028468,0.002414581732381594,5.830204942491868e-06,0.0001672633206877272,0.005834760726024225,3.404443273002933e-05,0.00018042445649257832
1146,4.253909680107526e-05,7.757571060233262e-06,0.00023376674724573387,0.00022600917618550062,0.002501224645943118,6.256124729042689e-06,0.0001698698277308175,0.0018234149749835845,3.3248421704712428e-06,0.0002737718561088842,-0.003700235976452533,1.3691746281185857e-05,0.0002576585578974999
1147,4.034069939817808e-05,1.1906814747423647e-05,0.0003215889569813853,0.0003096821422339616,0.002466266501353668,6.082470455748279e-06,0.00016181439602735992,-0.0025362318421941754,6.4324719576402956e-06,0.00014921334521000862,-0.004817208925207274,2.320550182888237e-05,0.0006537391297067874
1148,-3.2212830142003845,1.0,1.0,0.0,0.0,1.0,1.0,0.0,1.0,1.0,0.0,1.0,1.0
1149,0.0001789759197886598,2.4896208206337533e-05,0.00014268377443774996,0.00011778756623141243,0.0014649717281072215,2.1461421647606116e-06,0.00015585614356894428,0.007258546801984341,5.268650167744582e-05,0.0001656007507531143,-0.004456005024312497,1.985598077680617e-05,0.00010659442899119131
1150,8.133711808278044e-05,3.847074300740901e-05,0.0001691353037457747,0.0001306645607383657,-0.004960566932471084,2.460722429109552e-05,0.00015772637607058826,-0.00829762823285378,6.885063429018512e-05,0.00018477178397202643,-0.004685549107708454,2.195437044094639e-05,0.00016490775119470946
1151,8.135308172407818e-05,2.1761434659706147e-05,0.00017439638853707548,0.00015263495387736933,0.0031106456527871884,9.676116377144162e-06,0.00013093294106358844,-0.007383059105900787,5.4509561761117986e-05,0.00011817363180044449,0.0010481535386770008,1.0986258408562932e-06,0.0002740825927471935
1152,5.636932637775871e-05,9.38861665444879e-06,7.501370651386008e-05,6.562508985941129e-05,0.0022232651590515184,4.94290796826391e-06,5.803649830615765e-05,0.0012033661918176087,1.4480901924240897e-06,2.4834310302535023e-05,0.004666353158811821,2.1774851802658368e-05,0.00014217031093288757
1153,0.00015540399169089447,2.7534580997875164e-05,0.00032094248362050476,0.0002934079026226296,0.004239019681761645,1.7969287862240613e-05,0.0003918472581435628,0.006262201497252242,3.921516759219923e-05,0.0002323225171045884,0.0050417544108387535,2.5419287539185653e-05,0.000338657675613363
1154,-3.2212830142003845,1.0,1.0,0.0,0.0,1.0,1.0,0.0,1.0,1.0,0.0,1.0,1.0
1155,5.040746673701246e-05,9.78928576789162e-06,0.0002876663417807901,0.00027787705601289847,-0.00029263896059957006,8.563756126456212e-08,0.00037054152890381165,0.004541918547597468,2.062902409283307e-05,0.0002331410825786584,0.002941631460514861,8.653195649577228e-06,0.00025931641385990023
1156,-3.2212830142003845,1.0,1.0,0.0,0.0,1.0,1.0,0.0,1.0,1.0,0.0,1.0,1.0
1157,0.0002927301657997816,0.00028335340881772514,0.0015470309146116505,0.0012636775057939253,-0.016511146948735646,0.0002726179735619283,0.0014188410598053869,-0.016947013151939375,0.00028720125477132985,0.0016704162629441743,-0.017036460844922868,0.0002902409981199172,0.0015518354210853902
1158,-3.2212830142003845,1.0,1.0,0.0,0.0,1.0,1.0,0.0,1.0,1.0,0.0,1.0,1.0
1159,-3.2212830142003845,1.0,1.0,0.0,0.0,1.0,1.0,0.0,1.0,1.0,0.0,1.0,1.0
1160,3.832219542310167e-05,1.6703224371010055e-05,0.00020643659224225028,0.00018973336787124023,-0.004299189923933543,1.8483034002092502e-05,0.00022110658407004102,1.176109376674757e-05,1.383234637941655e-10,0.0001425975480577879,0.005623744374300815,3.1626500787473866e-05,0.0002556056445989219
1161,-3.0346100159672673,1.122249355667293e-07,0.00015974710788720556,0.00015963488295163883,-0.00033499990397538017,1.1222493601081851e-07,0.0001597471078879087,-0.00033499990397538006,1.122249356777516e-07,0.00015974710788735358,0.00033499990397538017,1.1222493501161779e-07,0.00015974710788635438
1162,-2.8494481575690873,3.6815375277073535e-05,0.0001699670276777976,0.00013315165240072405,0.006412127698670313,4.111538162465678e-05,0.00017395458044688894,0.002640919782279897,6.974457295250147e-06,0.00015781811710624538,-0.007896599705623926,6.235628691131367e-05,0.00017812838548025844
1163,1.4601719377949074e-05,1.0994316362385645e-05,0.00035329983657091574,0.0003423055202085301,0.0037103204616115515,1.3766477928722765e-05,0.00036878815859542335,-0.0030550626665712026,9.333407896772172e-06,0.0002811953274409751,0.0031437339682981766,9.883063261661995e-06,0.00040991602367634883
1164,-3.2212830142003845,1.0,1.0,0.0,0.0,1.0,1.0,0.0,1.0,1.0,0.0,1.0,1.0
1165,-3.2212830142003845,1.0,1.0,0.0,0.0,1.0,1.0,0.0,1.0,1.0,0.0,1.0,1.0
1166,3.4728669611183705e-05,1.5811217402905697e-05,0.00038949224823433176,0.00037368103083142606,0.002202462173308588,4.850839626091563e-06,4.6488317096415877e-05,0.0036389689925238012,1.3242095327936632e-05,0.00032288412708747494,-0.00541670723362565,2.9340717254688897e-05,0.0007991043005191045
1167,-3.104614652092044,1.4554822138930964e-05,0.00016344378601277723,0.00014888896387384626,-0.0038150782611493504,1.4554822138745926e-05,0.0001634437860125182,-0.003815078261149352,1.4554822138634904e-05,0.00016344378601285126,0.003815078261149349,1.455482213941206e-05,0.00016344378601296228
1168,1.5361756941056903e-05,8.597408971411369e-06,9.75397588386014e-05,8.894234986719003e-05,0.0004998610275552107,2.4986104685265076e-07,4.664010745092373e-05,0.0034529356180943694,1.1922764382887863e-05,0.0001297177683683426,0.003690474425351453,1.3619601484493593e-05,0.0001162614006965379
1169,0.0001264951434053474,4.3093905567226365e-05,0.000275988826859271,0.00023289492129204464,0.010743347521283954,0.0001154195159632776,0.00019583408980716754,0.002663131977572456,7.092271929964866e-06,0.0002827310893156465,0.0026019086857968126,6.769928808436632e-06,0.00034940130145499904
1170,-3.2212830142003845,1.0,1.0,0.0,0.0,1.0,1.0,0.0,1.0,1.0,0.0,1.0,1.0
1171,9.757375351793218e-05,3.4823525648097764e-05,0.0004447924960790939,0.0004099689704309961,-0.009401613182273314,8.839033042928879e-05,0.0006554382330101749,0.0020472976614769193,4.1914277143506595e-06,9.602001968445073e-05,-0.0034480166474019458,1.1888818800653844e-05,0.000582919235542656
1172,-3.2212830142003845,1.0,1.0,0.0,0.0,1.0,1.0,0.0,1.0,1.0,0.0,1.0,1.0
1173,0.00012546857081752183,5.634848266833359e-05,0.00012605142853076382,6.970294586243023e-05,-0.00747071921107517,5.581164553059015e-05,0.00011081685497027483,-0.008996690851126416,8.094044627093844e-05,0.00016069810466201595,0.005682724364607731,3.229335620347218e-05,0.0001066393259600007
1174,5.6403013046768535e-05,2.3377070370922404e-05,0.00010998564100354417,8.660857063262177e-05,-0.0031179490518541395,9.721606290091778e-06,3.818491626894627e-05,-0.0027970292318705366,7.823372523918515e-06,9.783221983927781e-05,-0.0072516365255642645,5.258623229875692e-05,0.00019393978690240843
1175,0.0012049081320791855,0.000801078862004867,0.004584378027761238,0.003783299165756371,0.028859047991864117,0.0008328446509966447,0.004295657652558349,0.0262372201392685,0.0006883917206361723,0.004417193791064089,0.02969848841915229,0.000882000214381784,0.005040282639661275
1176,6.679141979959446e-05,1.2584308476541276e-05,0.00012936671917103867,0.00011678241069449739,0.004370723463868994,1.910322359754968e-05,0.00018291144648041602,-0.002264653938346271,5.128657460051755e-06,8.806915839532081e-05,0.0036770972752584135,1.3521044372022395e-05,0.00011711955263737917
1177,5.322380926964243e-05,2.6365375720168355e-05,8.126082981951832e-05,5.489545409934997e-05,-0.005004633294692409,2.5046354413915672e-05,5.296308163293961e-05,0.005226130809733683,2.731244324016835e-05,4.2233987570416964e-05,-0.005170815168502809,2.6737329506421048e-05,0.00014858542025519839
1178,-3.1760120550068622,1.284877189585328e-05,0.00016206932472303168,0.0001492205528271784,0.0035845183630868645,1.2848771895446198e-05,0.00016206932472262459,-0.003584518363086865,1.2848771895668243e-05,0.00016206932472306868,-0.0035845183630868653,1.2848771896445399e-05,0.00016206932472340174
1179,0.0003195648844762644,0.00010962939993367875,0.00025323367790504775,0.000143604277971369,0.01749710638640902,0.00030614873189793723,0.0005737955842967102,-0.0001514247846057124,2.2929465770538116e-08,0.00010832937076910021,0.004766186991529873,2.271653843732846e-05,7.757607864933291e-05
1180,0.00026841538407551546,0.00013574290727702554,0.0003840120568871693,0.00024826914961014374,-0.009254455007974902,8.564493749430024e-05,0.0003450974867227341,-0.015135501013525631,0.00022908339093019592,0.0004278263562669249,0.009617712483055103,9.250039340658045e-05,0.0003791123276718489
1181,-3.2212830142003845,1.0,1.0,0.0,0.0,1.0,1.0,0.0,1.0,1.0,0.0,1.0,1.0
1182,0.00016527838938995565,7.593267799554937e-05,0.00034428517328892,0.00026835249529337063,-0.003390292824918874,1.1494085438767954e-05,9.06153440380919e-05,-0.01025957035491754,0.00010525878386768994,0.0004179270902430199,0.010537796955731595,0.00011104516468019021,0.0005243130855856482
1183,-3.2212830142003845,1.0,1.0,0.0,0.0,1.0,1.0,0.0,1.0,1.0,0.0,1.0,1.0
1184,0.00018857236255331866,6.788556315673322e-05,0.00019682639124707357,0.00012894082809034035,-0.007934396932491962,6.295465468264538e-05,0.0002161561131477363,-8.571543276145534e-05,7.347135677626682e-09,0.00010474026779083712,-0.011861479151096848,0.00014069468765187665,0.0002695827928026473
1185,-3.2212830142003845,1.0,1.0,0.0,0.0,1.0,1.0,0.0,1.0,1.0,0.0,1.0,1.0
1186,0.0004161807705540532,0.00011992496128095571,0.0007026447799561852,0.0005827198186752295,0.016852236446006898,0.00028399787323218906,0.0015763297726459902,-0.008702085060763278,7.572628440455365e-05,0.00023915305932464825,0.00022522478999493345,5.072620612445178e-08,0.0002924515078979173
1187,2.605320543680456e-05,9.701960244190566e-06,0.0007409837880032466,0.000731281827759056,0.002241402864444859,5.023886800681332e-06,0.0008217536201194919,-0.0043377882326732665,1.8816406751942516e-05,0.0005781286588050216,0.0022946867278863157,5.26558717994785e-06,0.0008230690850852262
1188,-3.0270796547467826,2.0793302051883938e-05,0.00013935726509661794,0.000118563963044734,-7.836719915589423e-05,6.141418262828324e-09,0.0001981385698460736,0.00527607976096929,2.7837017642418083e-05,0.00010600009925465503,-0.005876797350208605,3.45367470949709e-05,0.00011393312618912521
1189,0.0014452201645929197,0.0006654156464645696,0.004017224366037242,0.0033518087195726722,0.02412282353557369,0.0005819106153285292,0.0038271622959902274,0.01013453241752178,0.00010270874732154489,0.000874613012942671,-0.036216399279110564,0.0013116275767436347,0.0073498977891788275
1190,2.8476936054122604e-05,6.539917070151151e-06,0.0003518169816569827,0.00034527706458683155,-0.0031480847901384002,9.910437846261111e-06,0.0004006379405917526,0.0004837118276062054,2.3397713178052726e-07,0.00025651977741003584,0.00307820340978428,9.475336232411813e-06,0.0003982932269691597
1191,0.0003261979303703644,4.3969283685811135e-05,0.0006306042644811752,0.0005866349807953641,0.01026042127111987,0.00010527624466083463,0.000574925203845944,0.004966411545234672,2.4665243636645684e-05,0.0006437221608688315,0.001402270573044633,1.9663627599530997e-06,0.0006731654287287503
1192,0.00019584472951006404,6.361260107408857e-05,0.00023977957458506025,0.00017616697351097166,0.001591131385048468,2.531699084706851e-06,0.00016494997383753596,0.012859554628586116,0.0001653681452450373,0.000408546909206553,0.004789358922906002,2.2937958892521593e-05,0.00014584184071109174
1193,9.058081164947662e-05,6.887783548281678e-05,0.0007418084396116909,0.0006729306041288741,0.00951012742398747,9.044252362089278e-05,0.0008557242836950696,0.005145632954681876,2.647753850426593e-05,0.00046529295242137003,-0.009471718129403714,8.971344432329165e-05,0.0009044080827186329
1194,0.00012025156369188661,5.0898820889785e-05,0.00018901802964355063,0.00013811920875376563,-0.0025132102605272045,6.316225813041143e-06,0.00011807574776112606,-0.009064718254381045,8.216911703151641e-05,0.0002730255054138597,-0.00801318412523853,6.421111982479744e-05,0.00017595283575566611
1195,7.674769323684494e-05,2.3385062323355577e-05,0.00019056282303449765,0.00016717776071114207,0.00010679764661533562,1.1405737243563863e-08,0.0001901013059870671,0.006400196420759736,4.096251422502917e-05,0.00018621332490909026,0.005401968808498269,2.9181267007794e-05,0.00019537383820733556
1196,0.0001673948796252489,6.133941643278924e-05,0.00019456995410438438,0.00013323053767159515,-0.012753342936927673,0.0001626477560667805,0.0002513193932895952,0.0041487145887549055,1.7211832738950328e-05,0.0001568613726884438,-0.0020392794052331827,4.158660492636912e-06,0.00017552909633511415
1197,0.00012789099128673875,6.140968340014503e-05,0.00027329850168204367,0.00021188881828189865,0.007451534279039708,5.552536311170808e-05,0.00023412006587886225,0.011095613948264032,0.0001231126488890899,0.00015460812378464972,0.002364537629072641,5.591038199637133e-06,0.000431167315382619
1198,0.00015869546667801604,0.00012263499358874017,0.0002120320581566378,8.939706456789764e-05,0.01249876767815222,0.0001562191934721957,0.00024086829310920876,0.012048863282329758,0.00014517510639633358,0.00023600455220473826,-0.008155408076694359,6.651068089769119e-05,0.00015922332915596638
1199,2.1857285818938088e-05,8.15123814409032e-06,0.0002228789115595505,0.00021472767341546017,-0.00181075085959099,3.278818674901096e-06,0.0002118267987633038,0.0032384402454852575,1.0487495223587828e-05,0.00018628001920084625,-0.0032691589949067814,1.0687400533782032e-05,0.00027052991671450144
1200,6.003803556420273e-05,3.291604950513468e-05,0.0002333650599688486,0.0002004490104637139,-0.004763090299338158,2.2687029199497388e-05,0.0002616796644645536,0.006035898150819661,3.6432066486402626e-05,0.0002315833888045793,0.006295161064598285,3.962905282950402e-05,0.0002068321266374129
1201,-3.2212830142003845,1.0,1.0,0.0,0.0,1.0,1.0,0.0,1.0,1.0,0.0,1.0,1.0
1202,0.0003533570885809745,7.81578737052054e-05,0.0004165755724671409,0.0003384176987619355,0.010165840854723317,0.00010334432028358265,0.000521905902274078,0.005202188479304336,2.7062764974217224e-05,0.00042914907796243185,0.01020130069440779,0.00010406653585781633,0.0002986717371649128
1203,0.00013670167273893696,7.59116863049784e-05,0.00021306315189369615,0.00013715146558871777,0.010375610495677007,0.00010765329315798322,0.00025546938806708663,0.010930826804790671,0.0001194829746359316,0.00028735965093651394,0.0007738159477217214,5.987911210203478e-07,9.636041667748785e-05
1204,7.56125048464451e-05,2.3085840879140857e-05,0.00019812219237691497,0.0001750363514977741,-0.004931861038157305,2.4323253298930148e-05,0.000199809372133819,-0.006701423886174173,4.4909082102195796e-05,0.00021135284366957663,0.00015870487128534876,2.5187236296631e-08,0.0001832043613273493
1205,0.0002238665106895077,6.885234740039436e-05,0.0002106644552744378,0.00014181210787404344,0.0038555355876617563,1.4865154667975666e-05,0.0001398617726817708,0.013843341131186621,0.0001916380936731743,0.0002970270453321877,-0.00023193503296662835,5.3793860033124474e-08,0.00019510454780935493
1206,0.0029304754674106537,0.0014073445187057592,0.0030191971075253696,0.0016118525888196105,0.025959800346490997,0.0006739112340298226,0.0009729576319944533,0.029413304241519465,0.0008651424664039009,0.001593543833195099,0.05179748889360659,0.002682979855683554,0.006491089857386556
1207,7.861291659116976e-05,2.698846430911524e-05,0.00010357512307523908,7.658665876612385e-05,0.003598492685208784,1.2949149604701837e-05,8.418812394972441e-05,-0.007660276963633114,5.8679843159992195e-05,0.0001459920752349131,-0.0030555523498210636,9.336400162651692e-06,8.054517004107975e-05
1208,0.00020401563496752484,0.00010720816127870088,0.0004235379543122327,0.0003163297930335318,-0.005195404715142654,2.6992230154232466e-05,0.00023847271488919297,0.01378674335715255,0.00019007429239603635,0.0004278677596761815,-0.010225358736281158,0.00010455796128583383,0.0006042733883713236
1209,8.446839248377191e-05,1.0923428874691036e-05,0.0002302257792385909,0.00021930235036389986,-0.0026461450457790515,7.002083603269149e-06,2.9184262190118382e-05,-0.003364308021139636,1.131856846137147e-05,0.0004130200736516265,0.0038012674938213815,1.444963455943249e-05,0.00024847300187402777
1210,-3.155025120532728,4.845100832429061e-06,0.00015653596266225941,0.00015169086182983035,0.0022011589747119543,4.845100832429061e-06,0.0001565359626622964,-0.0022011589747119547,4.845100832651106e-06,0.00015653596266262948,-0.002201158974711955,4.845100832207017e-06,0.00015653596266185232
1211,0.00018072612785202669,0.00014201286588337117,0.00035387847098115416,0.000211865605097783,0.013400698934845847,0.00017957873194296425,0.00040061973847771437,-0.010539693118264939,0.00011108513102719986,0.00036331845236647897,-0.01163506487649087,0.00013537473467994943,0.0002976972220992691
1212,0.00014335032126544522,5.546681948535396e-05,0.00023328707461763484,0.0001778202551322809,-0.0006224980925888756,3.875038754319604e-07,0.00020821472016507858,0.011892286867332468,0.0001414264869346038,0.00024753730571602794,0.004958474326458462,2.4586467646026122e-05,0.00024410919797179798
1213,2.1467737248537233e-05,7.670966268376786e-06,0.0003834879926663722,0.0003758170263979954,0.004048081844625669,1.63869666208738e-05,0.00018184343465899033,-0.002126098842965476,4.5202962902779475e-06,0.0005265461673311655,-0.001451080939856986,2.105635893978608e-06,0.0004420743760089607
1214,7.736307247419028e-05,2.231638635397104e-05,0.00022113151971721776,0.00019881513336324672,-0.003336055576885484,1.1129266811349403e-05,0.0001929681017958096,0.007171068238712484,5.142421968418187e-05,0.00027845318654473594,-0.0020965859305926266,4.3956725663818474e-06,0.0001919732708111077
1215,0.00028454844800496204,0.000107766024448952,0.0005775111293536325,0.00046974510490468047,0.015765526715413054,0.00024855183261451863,0.0007756020416845866,-0.006355956058491715,4.039817741730012e-05,0.0008291505216974082,-0.005860722081360814,3.434806331503726e-05,0.0001277808246789025
1216,0.0006297574203639744,0.0002682649006112703,0.0004832395273928943,0.000214974626781624,0.012376698267101855,0.00015318265999497704,0.0003129893411047968,0.0200862014142614,0.0004034554872544005,0.0005271015768961718,0.015752985576850648,0.0002481565545844333,0.0006096276641777143
1217,0.00017785428077288223,6.755077636462954e-05,0.00026002769909779416,0.00019247692273316463,-0.012447928476394024,0.00015495092335415794,0.00028110266238656756,0.0057823414094677564,3.3435472175491476e-05,0.0001902814735625924,-0.0037770270801628036,1.426593356423922e-05,0.0003086989613442226
1218,5.878339942777533e-05,2.7175832356710988e-05,0.0005885322737043305,0.0005613564413476195,0.006737172088441114,4.5389487749125657e-05,0.0003538002860319356,-0.004658839131260113,2.1704782050768756e-05,0.0010559152533343719,-0.00379910874685081,1.4433227270238547e-05,0.0003558812817466839
1219,-3.2212830142003845,1.0,1.0,0.0,0.0,1.0,1.0,0.0,1.0,1.0,0.0,1.0,1.0
1220,0.0007736987258945005,0.0003317466143654875,0.0018564477498726288,0.0015247011355071414,0.026717578794439062,0.0007138290166370798,0.003667079327301259,0.008552001660932684,7.313673240827434e-05,0.001264808610999979,0.014431704474911872,0.00020827409405110853,0.0006374553113166481
1221,0.00010297121779134777,1.9226933435811944e-05,0.00021657146431338278,0.00019734453087757084,0.0016304629431010797,2.6584094087178656e-06,0.00016656234973511097,0.0034862198632290326,1.2153728934261032e-05,0.0002159735003285368,0.006547416434335622,4.286866196445693e-05,0.00026717854287650056
1222,3.2890582547517866e-05,1.3698473360153804e-05,0.0001787689781004298,0.00016507050474027599,-0.004715782372897882,2.223860338868011e-05,0.0001364664974317087,-0.004188757213373619,1.7545686992304077e-05,8.657251428789703e-05,-0.0011450457191423266,1.3111296994772204e-06,0.0003132679225816837
1223,3.609155483252913e-05,1.2858024196149564e-05,0.00015647704774753488,0.0001436190235513853,0.0021896805977345613,4.794701120025557e-06,0.00024055324000338274,0.0023646761753523928,5.591693414186416e-06,0.00012583913142150127,0.005309206913857718,2.818767805423672e-05,0.00010303877181772059
1224,-3.2212830142003845,1.0,1.0,0.0,0.0,1.0,1.0,0.0,1.0,1.0,0.0,1.0,1.0
1225,0.6244384778611745,0.32061091654863955,0.35666397606858496,0.03605305951994542,0.5229280516380362,0.27345374718995274,0.30326573324940465,0.27836546386032485,0.07748733147017373,0.08426869125677017,0.7815955929928163,0.6108916709857921,0.6824575036995799
1226,0.0001456668679484796,4.905628019565474e-05,0.00037189684562192554,0.0003228405654262708,0.004052892540227522,1.6425937942488034e-05,0.00029309553599565774,0.011147659141862878,0.00012427030434314368,0.00046554749419058794,-0.002544130166007927,6.4725983013325106e-06,0.0003570475066795309
1227,-3.2212830142003845,1.0,1.0,0.0,0.0,1.0,1.0,0.0,1.0,1.0,0.0,1.0,1.0
1228,9.595096271719505e-05,3.679966941912601e-05,0.00011742180006446556,8.062213064533955e-05,-0.007328190386560902,5.3702374341990655e-05,9.058978000830997e-05,0.004808367499149651,2.312039800700383e-05,7.875808411317298e-05,-0.005794500488268777,3.3576235908383545e-05,0.00018291753607191374
1229,2.921665006772045e-05,8.497179052232203e-07,0.0001446515957428766,0.00014380187783765336,-0.0006530616273301588,4.264894892802573e-07,0.0001445966925556208,0.001107669400518092,1.2269315003976544e-06,0.00019352912902836916,0.000946431574690227,8.957327259917491e-07,9.582896564463983e-05
1230,0.0002675487243498642,7.968279403188412e-05,0.00019475530042922795,0.00011507250639734383,0.0038945078582058048,1.5167191458331786e-05,0.00014206002160777054,0.01183232774082967,0.00014000397976676737,0.00032838432630710734,-0.009158450243950128,8.387721087055322e-05,0.00011382155337280597
1231,7.754833803297334e-05,2.599600704648412e-05,0.0002742545815831073,0.00024825857453662315,0.004568763018326284,2.0873595517945098e-05,0.00024513495967515286,-0.00644323980019684,4.151533912355454e-05,0.0002891901119312923,0.003949567887591035,1.559908649795272e-05,0.00028843867314287674
1232,-3.2212830142003845,1.0,1.0,0.0,0.0,1.0,1.0,0.0,1.0,1.0,0.0,1.0,1.0
1233,0.00017527957670793182,6.427702553457593e-05,0.000319473353093791,0.00025519632755921506,-0.00659649072121608,4.3513689834906444e-05,0.0003129960165413337,-0.007827348884492383,6.126739055956065e-05,0.00040110958150385567,-0.009383495948162906,8.804999620926068e-05,0.0002443144612361836
1234,0.00015417037908838083,5.23254822275554e-05,0.0003553367909924961,0.0003030113087649407,0.0007313916048289518,5.349336794635562e-07,0.00013822695311516142,0.003303273350215534,1.0911614826580873e-05,0.0005518148316955296,-0.012063577337449841,0.00014552989817662176,0.00037596858816679735
1235,1.2857535190535785e-05,8.533262146078377e-06,0.0003301745362879564,0.00032164127414187804,-0.002903090004442311,8.427931573962155e-06,0.000428283195767043,-0.003503687021259458,1.2275822743101905e-05,0.00034141061360781766,-0.002212697928132262,4.896032121171068e-06,0.0002208297994890085
1236,0.00018065507773834533,2.7362759875212046e-05,0.00016279285341129027,0.0001354300935360782,-0.005525562635394028,3.0531842437286905e-05,0.0001629076894359427,-0.005447170166370425,2.967166282119571e-05,0.00011615060675840283,0.004678116540538298,2.1884774367153526e-05,0.0002093202640395253
1237,-3.2212830142003845,1.0,1.0,0.0,0.0,1.0,1.0,0.0,1.0,1.0,0.0,1.0,1.0
1238,0.0003368190803135773,0.00029943174111550047,0.000917408369494277,0.0006179766283787764,0.015629032523868224,0.00024426665763166433,0.0005370239714616032,0.017993484502115183,0.00032376548452772713,0.0009830238031386385,-0.01817314175334081,0.0003302630811871099,0.0012321773338825892
1239,0.00019203732907990823,7.113419609320697e-05,0.00022434911553011658,0.00015321491943690962,0.008012286471818005,6.419673450619445e-05,0.0003274886005751876,-0.004502555143408549,2.0273002819370944e-05,0.00019132880791550289,-0.01135486023490959,0.0001289328509540555,0.00015422993809965924
1240,-2.73601700634052,7.270884234097015e-05,0.00027303637404008096,0.00020032753169911083,0.008528843043752699,7.274116366540184e-05,0.00027174661989060045,0.008527385709874066,7.271630704497323e-05,0.00027361232931599755,0.008524614731003048,7.26690563125354e-05,0.0002737501729136449
1241,2.2616096153948995e-05,9.41635580313053e-06,0.00022632519716814237,0.00021690884136501184,6.607167856632752e-05,4.365466987898969e-09,0.00012982149582707603,0.003316695824293302,1.1000471190958372e-05,0.00023625459875598054,0.004152617337399401,1.7244230751445322e-05,0.00031289949692137053
1242,0.00028384420331517557,0.000109051725011781,0.0005080987974719712,0.00039904707246019017,0.014033711383521717,0.00019694505519551875,0.0006738480967067861,-0.004873227525491496,2.3748346514973484e-05,0.00040441765973164845,-0.010318031465577138,0.00010646177332485074,0.00044603063597747905
1243,0.00016584300197730606,5.91779517456296e-05,0.00017341192834148997,0.00011423397659586038,-0.009036693232156067,8.16618245729206e-05,0.00019181357288200473,0.008486417592414126,7.201928355249354e-05,0.0002124020686752326,-0.004883927426963763,2.385274711147467e-05,0.00011602014346723255
1244,2.8569373680675803e-05,1.1406483660418113e-05,9.873550984925335e-05,8.732902618883523e-05,0.0013727002670723765,1.8843060232143216e-06,0.00011220038868742233,-0.005121485679771463,2.622961556808523e-05,7.810907669747458e-05,0.0024709369457378144,6.105529389954789e-06,0.00010589706416286315
1245,2.564141521543828e-05,1.2130774003453009e-06,0.0003492179064221353,0.00034800482902179,-0.00020371389214519822,4.149934940134159e-08,0.000321608947454477,-0.0007555856369899054,5.709096546624437e-07,0.00041167576131539985,-0.0017397767661086541,3.026823196972117e-06,0.0003143690104965291
1246,6.088496348521932e-05,2.5736326319895458e-05,0.0002133936363396908,0.00018765731001979535,-0.003673552549931794,1.349498833724816e-05,0.0001384917261338936,-0.003093027515137511,9.566819209383404e-06,7.322625783978687e-05,-0.007358476161088692,5.4147171413054807e-05,0.00042846292504539196
1247,5.721121264623541e-05,1.254948953111068e-05,0.00029029620984329557,0.0002777467203121849,-0.0018686034327846037,3.4916787887695477e-06,0.0003237188494470411,0.005662301490004419,3.2061658163717865e-05,0.00025733521515525215,0.0014474569564509833,2.0951316408446274e-06,0.0002898345649275935
1248,-3.2212830142003845,1.0,1.0,0.0,0.0,1.0,1.0,0.0,1.0,1.0,0.0,1.0,1.0
1249,0.0016368129910551144,0.000716588934787136,0.001481593520987608,0.0007650045862004721,0.005637858371662918,3.178544701876174e-05,0.0009852688371551066,0.038573460889371546,0.0014879118849839834,0.002072547016285453,-0.0251011846803835,0.0006300694723586631,0.0013869647095222648
1250,2.7961747736893194e-05,7.985276770076469e-06,0.0002398272342882072,0.00023184195751813075,-0.003797410630836629,1.4420327499098384e-05,0.00018236850780428693,0.002922484301502541,8.540914492316531e-06,0.00023741161817802947,-0.0009972904886779985,9.945883188144933e-07,0.00029970157688230525
1251,0.00015373938062546166,3.7349307903592845e-05,0.0003023762847766213,0.00026502697687302845,-0.008946108739458333,8.003286157831635e-05,0.00038289897613164037,0.00020705391910070308,4.287132526759052e-08,0.00022172042716173124,-0.00565439570662166,3.19721908071946e-05,0.0003025094510364923
1252,-2.995983436596946,2.213547037777097e-06,0.00016541648439823606,0.00016320293736045896,0.0014877993942878048,2.2135470386652756e-06,0.00016541648439916123,0.001487799394287805,2.2135470379991418e-06,0.000165416484398051,0.0014877993942878052,2.213547036666874e-06,0.0001654164843974959
1253,9.609835999213612e-05,3.525008850472725e-05,0.00023742387986591673,0.00020217379136118949,-0.005452727601352073,2.9732238294721824e-05,0.00021782580599516432,0.003211826361386279,1.0315828575691022e-05,0.0002485089981328903,0.008105689276274142,6.570219864376892e-05,0.0002459368354696956
1254,0.0004097366126156743,0.00012290453268282153,0.0009838800493101225,0.000860975516627301,-0.016873567034249404,0.0002847172644592222,0.002231267193709474,0.0009155870135230594,8.382995793088099e-07,0.00013796457631798376,-0.009119102697627926,8.31580340099336e-05,0.0005824083779029099
1255,0.00014947732827808036,9.759146203306793e-06,0.00025079599659601676,0.00024103685039270997,-0.0031228926575701055,9.752458550615906e-06,0.0004182954445054454,0.00022852052629759566,5.222163079743325e-08,0.00027979994740623404,-0.004412794854578192,1.9472758428507042e-05,5.429259787637086e-05
1256,2.4574838131785626e-05,4.060957097151707e-06,0.00030544415879751874,0.00030138320170036703,-0.0020316477499812344,4.127592580394079e-06,0.00027727867427218555,0.0028381621045038973,8.055164131604009e-06,0.00044320266154740384,1.0704195323355324e-05,1.1457945703341466e-10,0.00019585114057296682
1257,0.00016908691340677962,6.715274719811444e-05,0.0003750758770096896,0.00030792312981157516,-0.009112372881970365,8.303533954023834e-05,0.00037051722417358324,-0.007233693704536561,5.232632461105169e-05,0.00039592453155690155,-0.008129980162553768,6.60965774430533e-05,0.00035878587529858397
1258,5.186246930133365e-05,1.1718535964340878e-05,0.0004204251785955293,0.00040870664263118844,0.0035593021108728533,1.2668631516721263e-05,0.0002490095234013445,-0.002806955343185294,7.878998298904705e-06,0.0004266600798463749,-0.0038220384715017264,1.4607978077396666e-05,0.0005856059325388685
1259,0.00012436334661003468,4.0488511180436504e-05,0.0008070428325232711,0.0007665543213428346,-0.004106000396251088,1.6859239254096714e-05,0.0005401925415607911,0.000869854329723972,7.566465547448331e-07,0.0010304771680134106,0.010190664734585483,0.00010384964773246796,0.0008504587879956116
1260,-3.2212830142003845,1.0,1.0,0.0,0.0,1.0,1.0,0.0,1.0,1.0,0.0,1.0,1.0
1261,-3.2212830142003845,1.0,1.0,0.0,0.0,1.0,1.0,0.0,1.0,1.0,0.0,1.0,1.0
1262,2.0767390423115373e-05,8.277813959844948e-07,0.0002451632302726825,0.000244335448876698,-0.0003404798760484847,1.1592654536318747e-07,0.00026052068695459063,-0.0006672324158377696,4.45199096366089e-07,0.0002637140749298661,0.0013864409639574406,1.922218546224208e-06,0.00021125492893359077
1263,-3.2212830142003845,1.0,1.0,0.0,0.0,1.0,1.0,0.0,1.0,1.0,0.0,1.0,1.0
1264,8.486597950363439e-05,1.8720631925761566e-06,8.910139387104572e-05,8.722933067846957e-05,-0.002131476182795189,4.5431907185200515e-06,7.853895454579263e-05,-0.0001710125962458517,2.924530861925234e-08,0.00011287496536016572,-0.0010216425745635143,1.043753550589166e-06,7.589026170717883e-05
1265,-3.2212830142003845,1.0,1.0,0.0,0.0,1.0,1.0,0.0,1.0,1.0,0.0,1.0,1.0
1266,0.00011665642708691415,4.496916564418937e-05,0.00018394340795509687,0.0001389742423109075,-0.0059299738184431395,3.516458948737977e-05,0.00015065717986795235,-0.009981971699729454,9.963975901416955e-05,0.00027456744056897353,-0.0003211672937272052,1.0314843101877358e-07,0.0001266056034283647
1267,2.325466493757755e-05,1.6122156557514995e-05,9.4220891700821e-05,7.809873514330601e-05,0.003325388725235793,1.1058210173220395e-05,7.794598551846832e-05,0.004334967157982105,1.8791940260443063e-05,8.476180997629701e-05,-0.004303059288387311,1.851631923888153e-05,0.00011995487960769768
1268,6.867035287716483e-05,1.7102114345394586e-05,0.00012678404560425202,0.00010968193125885743,0.007062896617422539,4.988450862930538e-05,0.00018238724062646927,0.001084649508151874,1.1764645559964038e-06,7.97195186512667e-05,0.0004953482116508198,2.453698508819713e-07,0.00011824537753502007
1269,6.372645823304879e-05,1.079898210132324e-05,0.00030078193201917475,0.0002899829499178515,-0.0025994068985453903,6.756916223871201e-06,0.00020055374431615647,0.003125902892892419,9.771268895786278e-06,0.00033993735585191587,0.003983561369457826,1.586876118431224e-05,0.00036185469588945196
1270,-3.2212830142003845,1.0,1.0,0.0,0.0,1.0,1.0,0.0,1.0,1.0,0.0,1.0,1.0
1271,0.00012066489160489358,5.030559728791406e-05,0.0002689659007420649,0.00021866030345415083,-0.004331434152610686,1.8761321818328014e-05,0.0003950001548076454,-0.007897333508200108,6.236787653957077e-05,0.00019696883254027853,0.008353896905382697,6.97875935058434e-05,0.0002149287148782708
1272,-3.2212830142003845,1.0,1.0,0.0,0.0,1.0,1.0,0.0,1.0,1.0,0.0,1.0,1.0
1273,3.210842986900442e-05,1.108347900017718e-05,0.00012271176858184388,0.00011162828958166669,-0.0029518018082073747,8.713133914817206e-06,0.00010237596014361916,0.000611113816813368,3.734600968474666e-07,0.00012385934762837447,0.004915673197913639,2.4163842988866868e-05,0.00014189999797353803
1274,1.8773278386396974e-05,4.471197774284323e-06,0.00017191949596861988,0.00016744829819433557,0.0034053210923511556,1.1596211742070928e-05,0.0002096680936826134,0.0012332535962195795,1.5209144322847479e-06,0.0001707626479960922,-0.0005444879688094243,2.964671484972925e-07,0.00013532774622715404
1275,0.0003597380557995855,0.00010857148710289681,0.00022615101363017884,0.00011757952652728203,-0.015669843529309797,0.00024554399623311074,0.00032110677664087817,0.006964718078867991,4.8507297918054526e-05,0.00013133952765198575,-0.005627003390556592,3.166316715752515e-05,0.00022600673659767256
1276,2.1701492928238864e-05,5.266704709387208e-08,0.00022847941580232214,0.00022842674875522828,0.00014979095308678345,2.2437329549873652e-08,0.00024400960916359793,-0.00033357266103631984,1.1127072085947987e-07,0.00023711487233557538,-0.00015586241023513942,2.4293090872262724e-08,0.00020431376590779315
1277,3.9805669214687533e-05,6.387582406267948e-06,0.00014123956782707836,0.00013485198542081042,-0.0040055382923312385,1.6044337010190368e-05,0.00013987094641620956,0.0011814318507633952,1.3957812187159746e-06,0.00012846840779989765,-0.001312489614706471,1.7226289898975011e-06,0.00015537934926512786
1278,6.712846406942141e-05,3.184724733051869e-05,0.0005329188949356745,0.0005010716476051558,-0.007336051581341428,5.381765280487727e-05,0.0005853940247244616,-0.005841094037769494,3.4118379558356615e-05,0.0006846676732664703,0.0027578451059613192,7.605709628322188e-06,0.00032869498681609155
1279,-3.4627428524082093,6.81153416171032e-06,0.0001542947921314708,0.00014748325796976047,0.002523607200452477,6.368593303163195e-06,0.0001539651341043724,0.0034488401084219323,1.1894498093245609e-05,0.00015341778868205314,0.0014736047938812996,2.1715110887221556e-06,0.00015550145360798684
1280,0.00013279896312123896,2.430153913886753e-05,0.00018522126448439202,0.00016091972534552448,0.006947965159660417,4.827421985986735e-05,0.0002830793455967928,0.0006379167582805923,4.069377904647453e-07,0.00017174372151351758,0.00492173341074254,2.4223459766270494e-05,0.00010084072634286567
1281,0.0002593778195070229,6.721804078050712e-05,0.00024438194457202894,0.0001771639037915218,-0.0052988329003154245,2.8077630105260987e-05,6.19893872297883e-05,-0.011976620074677423,0.00014343942841310575,0.0003292180710573467,0.0054897234742132825,3.013706382315462e-05,0.0003419383754289518
1282,9.717856877100584e-05,4.132684506848635e-05,0.00037863210443363676,0.00033730525936515043,0.00652153458155438,4.2530413298269565e-05,0.0003023807216505636,0.0042058635164385315,1.7689287918898344e-05,0.0003714234975342734,0.007985038133188039,6.376083398829113e-05,0.0004620920941160733
1283,0.0006655355025296794,0.0002421463671990661,0.00038988190240855464,0.00014773553520948854,0.01844255419353456,0.00034012780518155594,0.000542344481866186,-0.011532608218325685,0.00013300105231761616,0.0002003906340627415,-0.015915723172332533,0.00025331024409802616,0.00042691059129673636
1284,0.0002309142961933741,0.000125886167296733,0.0002527639993972948,0.00012687783210056183,-0.013817763153959307,0.0001909305785779969,0.00027836388451185634,-0.013402452157786907,0.00017962572384166986,0.00026213366050531484,0.0026649952102504493,7.1021994705322555e-06,0.00021779445317471335
1285,0.00014740743643204546,6.264258492194585e-05,0.0002027450909586707,0.00014010250603672483,-0.011678316317602975,0.00013638307201491173,0.0002738432296431892,0.002731874713538116,7.463139449881417e-06,0.00016895104016356743,0.0066393932931518886,4.408154330104441e-05,0.00016544100306925547
1286,0.00013130785713599824,5.4655756901630013e-05,0.00018163380204013388,0.00012697804513850386,0.00572271055098954,3.274941605047044e-05,0.00013188976217304305,0.009354544129074249,8.750749586317053e-05,0.00031053669087599545,-0.006611381004842991,4.371035879124907e-05,0.00010247495307136312
1287,-3.2212830142003845,1.0,1.0,0.0,0.0,1.0,1.0,0.0,1.0,1.0,0.0,1.0,1.0
1288,0.0003373345628894242,0.0002902021271019943,0.0007077423205181047,0.00041754019341611043,0.018193684233694527,0.00033101014599601353,0.0007880556759556345,0.015109197568567647,0.00022828785116502104,0.0005907698250975368,0.01764393335243945,0.0003113083841449482,0.0007444014605011429
1289,0.0009375770940818207,0.0003226777632237739,0.0035919526102368518,0.0032692748470130777,0.006230743155884846,3.8822160274398776e-05,0.0011300736888112395,0.0075894527790376955,5.759979348485267e-05,0.004144103632123142,-0.029523064473596854,0.0008716113359120703,0.0055016805097761745
1290,9.663499409118259e-05,3.576570819659638e-05,0.00014118525741309748,0.0001054195492165011,0.006509091002772814,4.236826568226881e-05,0.0001565597177104472,-0.006660204161172394,4.435831946825175e-05,0.00016190740617771926,-0.004535475657442346,2.0570539439268565e-05,0.00010508864835112597
1291,3.524620614880902e-05,1.1183397630509795e-05,0.00020200673807961125,0.00019082334044910146,0.005399191921626562,2.9151273406635703e-05,0.00020334224418228075,-0.0014617565995851526,2.1367323566057195e-06,0.00019068474592154327,-0.001504056889971235,2.2621871282879624e-06,0.00021199322413500976
1292,-3.2212830142003845,1.0,1.0,0.0,0.0,1.0,1.0,0.0,1.0,1.0,0.0,1.0,1.0
1293,-3.2212830142003845,1.0,1.0,0.0,0.0,1.0,1.0,0.0,1.0,1.0,0.0,1.0,1.0
1294,0.00014279643381809315,4.062566731011241e-05,0.00038193109060461844,0.000341305423294506,-0.003520732329892681,1.2395556138522501e-05,0.00019562658432137336,-0.006685462119906823,4.469540375762193e-05,0.00017991130537953204,0.008048977701177363,6.47860420341928e-05,0.0007702553821129499
1295,-3.148821491825566,3.44385581918886e-05,0.0001732450513551124,0.0001388064931632238,0.005868437457475023,3.443855819196262e-05,0.0001732450513546313,-0.005868437457475022,3.4438558191740576e-05,0.00017324505135529744,-0.005868437457475023,3.443855819196262e-05,0.00017324505135540846
1296,6.002199023069643e-05,2.4898724795570832e-05,0.0002536223948214067,0.00022872367002583585,0.004447048453070394,1.9776239943869456e-05,0.0002501587729399901,0.0008643577538274103,7.4711432684893e-07,0.00011548741589451073,0.007360218754641345,5.4172820115994114e-05,0.00039522099562971924
1297,0.00011190950470896244,1.899086513571883e-05,0.0002506609620714177,0.00023167009693569887,0.002867421497888223,8.22210604634055e-06,0.00018585951032723536,-0.0017149174704872473,2.9409419302073303e-06,0.00028227018679549687,0.006768275070507619,4.580954743060861e-05,0.0002838531890915208
1298,0.002339419222373351,0.00030118232950678464,0.0011070862388872227,0.0008059039093804381,0.018813991120229627,0.00035396626187222946,0.0013964134104860193,-0.02318481899020259,0.0005375358316087597,0.0016961979513352432,-0.0034705756063318836,1.2044895039364789e-05,0.00022864735484040555
1299,-3.2212830142003845,1.0,1.0,0.0,0.0,1.0,1.0,0.0,1.0,1.0,0.0,1.0,1.0
1300,-3.2212830142003845,1.0,1.0,0.0,0.0,1.0,1.0,0.0,1.0,1.0,0.0,1.0,1.0
1301,0.00021859354508124706,6.802467971944726e-05,0.00021014229021169376,0.0001421176104922465,0.005464979307295395,2.9865998828926266e-05,0.00011439117968381485,0.013174898859335078,0.00017357795995376346,0.0004331419879051168,-0.0007937760235626968,6.300803756520423e-07,8.289370304614962e-05
1302,-3.2212830142003845,1.0,1.0,0.0,0.0,1.0,1.0,0.0,1.0,1.0,0.0,1.0,1.0
1303,5.19307502251376e-05,1.919422329936064e-05,0.0005454115729061071,0.0005262173496067465,0.003057438585916439,9.347930706726792e-06,0.0006259104595789378,-0.0010057093904864962,1.0114513779857504e-06,0.0002613148878809479,-0.006871920242075116,4.7223287813369375e-05,0.0007490093712584356
1304,4.7905903073464096e-05,2.6852831921312752e-05,0.00023469268052026906,0.00020783984859895632,-0.0019342740006201044,3.741415908975476e-06,0.00036577394123171736,0.005697486257558272,3.2461349655399374e-05,0.0001111750843860726,0.006660009774753443,4.4355730199563403e-05,0.00022712901594301727
1305,1.0060958757107663e-05,2.512964472956014e-06,0.00019369417996332552,0.0001911812154903695,-0.0007255314774486339,5.263959245160876e-07,9.234824457016177e-05,-0.0025840318960898634,6.677220840245468e-06,4.758363909651564e-05,0.0005790307886273537,3.3527665410648666e-07,0.0004411506562232992
1306,8.774729050409213e-05,2.2382463494545018e-05,0.0002199163374602501,0.0001975338739657051,0.0013762048153162787,1.8939396938533193e-06,0.0003309663806214669,-0.0076127433089215974,5.795386068740971e-05,0.00012424752759832014,-0.0027017753612533775,7.299590102372022e-06,0.00020453510416096332
1307,0.00015523033376252382,2.632925414440083e-05,0.00016061919584349957,0.00013428994169909875,-0.003978792385745683,1.583078884892508e-05,0.00023390376529353052,0.0026632678188211662,7.092995474966557e-06,5.6811632521136524e-05,-0.0074875882705397944,5.606397810931085e-05,0.00019114218971583163
1308,0.0001362486346689895,4.7065180943920794e-05,0.00026576296717351067,0.00021869778622958988,-0.0111176442253446,0.00012360201312155983,0.0002692902628497196,0.0012303358275022713,1.5137262490139136e-06,0.0003179570493991868,0.004009963024975102,1.6079803461188646e-05,0.00021004158927162564
1309,-3.2212830142003845,1.0,1.0,0.0,0.0,1.0,1.0,0.0,1.0,1.0,0.0,1.0,1.0
1310,-3.2212830142003845,1.0,1.0,0.0,0.0,1.0,1.0,0.0,1.0,1.0,0.0,1.0,1.0
1311,0.0001190483511472884,4.844002477829198e-05,0.00019172973121558043,0.00014328970643728844,0.005399703571954377,2.915679866544174e-05,0.00016659384740747019,0.00886466367152475,7.858226201040708e-05,0.0002375876967544155,0.006130335525855525,3.758101365902711e-05,0.00017100764948485558
1312,7.458832896745093e-05,5.424741948045764e-05,0.00027076128013362827,0.00021651386065317063,0.007238808554368719,5.240034928699622e-05,0.0002660053153894504,-0.007287080734567591,5.3101545632538993e-05,0.00027521425720455905,0.007565736152020699,5.72403635218377e-05,0.0002710642678068753
1313,9.896156180666527e-05,2.3064713735143627e-05,0.00024448111002128847,0.00022141639628614485,-0.005454092846841498,2.9747128781343335e-05,0.00027137976965307953,-0.005533975213301682,3.0624881660834546e-05,0.0002914459084456533,-0.0029702071920231702,8.822130763253e-06,0.00017061765196513257
1314,4.8121611588514135e-05,2.6905112583778628e-05,0.0005665138175245943,0.0005396087049408157,-0.002440551780162763,5.956292991604606e-06,0.00042931261896983486,-0.006580738423181287,4.330611819436392e-05,0.00055943949978432,0.0056082908773966746,3.1452926565367356e-05,0.0007107893338196281
1315,6.51354272883653e-05,2.132525061371293e-05,0.00011944556509702053,9.81203144833076e-05,-0.0028349262591005502,8.036806894762272e-06,7.418308329787404e-05,-0.0065173799125719314,4.247624092490465e-05,0.00018550597621791454,-0.00366915576405848,1.3462704021471872e-05,9.864763577527302e-05
1316,0.00025850901662316517,0.00019249793941078508,0.0004634153140854469,0.0002709173746746618,-0.011502573719463052,0.00013230920217199849,0.0004075324991541507,-0.015180013843392893,0.0002304328202858974,0.00053509623689596,0.014654412160655168,0.00021475179577445935,0.00044761720620623
1317,0.00016690724752277397,5.019916502598439e-05,0.0002869194787316065,0.0002367203137056221,0.008358985742559713,6.987264264424198e-05,0.0003010918460973899,0.0020190508558481876,4.0765663584796386e-06,0.00031788331308091333,-0.008754900689064385,7.664828607523155e-05,0.00024178327701651625
1318,3.973473365781466e-05,1.5351763702708965e-05,0.00044395190721480127,0.0004286001435120923,0.004185677907333089,1.751989954423827e-05,0.0004810984643434102,-0.004329706808350825,1.8746361046817483e-05,0.0004635160733470478,0.003128742641576751,9.78903051707114e-06,0.0003872411839539458
1319,0.00020351721941136436,9.38687630080981e-05,0.00029756167035340414,0.00020369290734530604,0.012844559504940968,0.00016498270887599364,0.00032032090005584823,0.010775234137485582,0.00011610567071718148,0.0003008026959815391,0.0007196592466022473,5.17909431119179e-07,0.00027156141502282516
1320,0.0005861539766265356,0.00017050102451776628,0.0003887471735734005,0.00021824614905563422,-0.017674975188628043,0.0003124047479187153,0.0005693372282616904,-0.006801683612188522,4.62628999603476e-05,0.00023234975020780535,0.01236266256412232,0.00015283542567423591,0.0003645545422507057
1321,4.062320979369982e-05,2.032681770162507e-06,0.00021399291469426096,0.00021196023292409846,0.0015213731295345284,2.3145761991472114e-06,0.0002984959942252674,-0.0018409955790933555,3.3892647220978844e-06,0.00014243349714471165,-0.0006278569810839795,3.942043892424252e-07,0.00020104925271280383
1322,1.8366247825252202e-05,1.1477828932848766e-06,0.00012758305689145968,0.0001264352739981748,0.00171633979513877,2.9458222923217647e-06,2.6657519004547048e-05,-0.0005010781014189513,2.5107926382439416e-07,0.00015561955622356294,0.0004964344108483022,2.464471237084709e-07,0.0002004720954462691
1323,7.341645905156735e-05,2.927283427385981e-05,0.00034534090061744127,0.0003160680663435815,0.005851023642130612,3.4234477661043705e-05,0.0002542678455070835,-0.004161237017363131,1.73158935147244e-05,0.0004876881536766131,0.006022302852404246,3.626813164581133e-05,0.0002940667026686272
1324,0.00018523402812620215,5.943770660747175e-05,0.0002530443985766147,0.00019360669196914296,0.003807968548958052,1.4500624469837575e-05,0.00012924192375540766,0.01203733244707318,0.00014489737244149925,0.0005063143006037718,-0.004349151976105257,1.891512291107844e-05,0.0001235769713706647
1325,0.0005966815128650715,0.0003046360097870293,0.0030150724513595684,0.002710436441572539,-0.01932578307234585,0.0003734858913593264,0.002538438728407977,0.017349695588850838,0.0003010119370253639,0.0042913503469457215,0.01547288599377324,0.00023941020097639765,0.002215428278725007
1326,0.00024042194969975395,7.467952004143925e-05,0.0002193644323280249,0.00014468491228658564,0.0050004328946677565,2.5004329133992975e-05,0.00017812158977581483,0.013642082414880338,0.00018610641261451732,0.00036102885747490987,0.0035955275517956077,1.2927818375807476e-05,0.00011894284973335001
1327,0.00023070464451724337,7.682225970991514e-05,0.00026293329462575193,0.0001861110349158368,0.0067942366614259266,4.616165181137166e-05,0.00019619837911555305,-0.000284856485274616,8.114321736751862e-08,0.00014349310373651392,0.013572913618718123,0.00018422398410100627,0.0004491084010251889
1328,1.782163971764117e-05,1.0798087344277008e-06,0.000191313490959207,0.0001902336822247793,-0.00079397293306418,6.303930184525797e-07,0.00021158896005946115,0.00034489631176777465,1.1895346607726509e-07,0.00019731053888893957,0.0015779986435395944,2.4900797187532575e-06,0.00016504097392922024
1329,-3.2212830142003845,1.0,1.0,0.0,0.0,1.0,1.0,0.0,1.0,1.0,0.0,1.0,1.0
1330,0.0001114702202130724,3.9584485672169066e-05,0.0001967306388050242,0.00015714615313285513,0.006606372472148849,4.36441572407853e-05,0.00022966531201817908,-0.008646196366129223,7.475671160162012e-05,0.0002300506535187763,0.000593791355790708,3.5258817410177556e-07,0.00013047595087811725
1331,0.00016068700311633322,3.2405088808714254e-05,0.0003312088445955504,0.00029880375578683616,-0.002331620415091845,5.436453759499749e-06,0.0004894684874720001,-0.009200147841064153,8.464272029773401e-05,0.00020059136267092104,0.0026713465459237435,7.136092368908997e-06,0.0003035666836437301
1332,8.959875575476062e-05,2.8753309052979386e-05,0.00019924261891871944,0.00017048930986574007,0.004447537343021096,1.9780588417672718e-05,0.0002094227693919537,0.007106231992619209,5.049853313310315e-05,0.0001841158254874964,-0.003997599980939983,1.5980805608162285e-05,0.00020418926187670827
1333,0.00016366042525939317,6.475498270489914e-05,0.00022526575209462033,0.0001605107693897212,-0.007702558558044666,5.932940834019185e-05,0.00015876616202115112,-0.009897773422921304,9.796591873167948e-05,0.00045199866009904,0.006080264882596142,3.6969621042826084e-05,6.503243416366988e-05
1334,5.9826924431627404e-05,6.214805183701877e-06,0.0001505842790306966,0.00014436947384699472,-0.002618074963869995,6.854316516480274e-06,0.0001724256160152704,-0.002039158898540359,4.158169013335211e-06,0.0001197067812314101,0.002762594798653838,7.631930021290145e-06,0.0001596204398454093
1335,-3.2212830142003845,1.0,1.0,0.0,0.0,1.0,1.0,0.0,1.0,1.0,0.0,1.0,1.0
1336,0.00011455031126839099,1.931442247001443e-05,0.0001576129932901645,0.00013829857082015007,0.0023010074305390435,5.294635195607356e-06,0.00016587580455651452,-0.007243691534232759,5.2471067042869635e-05,0.00019380115122757946,-0.00042138482635342846,1.7756517156630736e-07,0.00011316202408639953
1337,0.0001000826302436364,2.423533276237529e-05,0.00021408577484353467,0.00018985044208115937,0.0054512487054769595,2.971611244884098e-05,0.00015257173774430033,0.005006014209915155,2.506017826997553e-05,0.0001242399467237254,0.004234348541188749,1.792970756830936e-05,0.0003654456400625783
1338,0.0003244493153130579,8.196912725799699e-05,0.00035737960713707234,0.00027541047987907535,-0.009232193530256129,8.523339738020219e-05,0.0003318984094532462,-0.006623919939142862,4.387631536018066e-05,0.0004261355182149096,-0.010807297027169774,0.00011679766903360811,0.0003141048937430613
1339,-3.2212830142003845,1.0,1.0,0.0,0.0,1.0,1.0,0.0,1.0,1.0,0.0,1.0,1.0
1340,3.174582736020781e-05,9.215977366657432e-06,0.00012305806428532703,0.00011384208691866961,0.004491981649931387,2.0177899143547506e-05,6.61232702366954e-05,-0.00027015421335142343,7.298329907090562e-08,0.00012714980426131728,-0.0027197517639092144,7.3970496573538824e-06,0.0001759011183579684
1341,0.0024555880219366832,0.0010882803920987765,0.0027117357763513836,0.0016234553842526072,-0.046059278505746794,0.0021214571364699397,0.0030017960396744314,0.0006160753079357086,3.7954878495671807e-07,0.0024511935405030494,0.03380834942793685,0.0011430044910414328,0.0026822177488766696
1342,-3.2212830142003845,1.0,1.0,0.0,0.0,1.0,1.0,0.0,1.0,1.0,0.0,1.0,1.0
1343,9.728414542553576e-05,3.87978383969978e-05,0.00025479100336556204,0.00021599316496856424,0.001999116958240063,3.996468612710302e-06,0.0002558899480131771,-0.009656514401263187,9.324827038226235e-05,0.00020211395662661502,-0.004375931466109911,1.9148776196020734e-05,0.000306369105456894
1344,3.37264224181677e-06,2.511234083753718e-06,0.00021795940645260212,0.0002154481723688484,-0.001548602286394065,2.398169042683307e-06,0.0002651336241965563,-0.0016073982852847024,2.583729248106792e-06,0.00012183836919998914,-0.00159743668446899,2.551803960471055e-06,0.0002669062259612609
1345,4.112933317368395e-06,1.5453524937480978e-06,0.0006803056270121935,0.0006787602745184455,-0.0006090175869387809,3.709024208875533e-07,0.0012235943180035624,-0.0015546824942686932,2.4170376577981045e-06,0.00019596420391476688,-0.0013594548180762948,1.8481174025586355e-06,0.0006213583591182514
1346,5.9280410238726766e-05,2.9142983985005106e-05,0.00027747687170676105,0.00024833388772175596,-0.005308178283131616,2.8176756685427407e-05,0.00033250014091157354,-0.00037470562984703783,1.404043091790541e-07,0.00013673750922271743,-0.007688419275801115,5.911179096040886e-05,0.0003631929649859922
1347,-3.05587672731831,8.543008398439097e-06,0.00015640407510716012,0.000147861066708721,0.00395615282039113,1.5651145139683464e-05,0.0001400806729663362,0.0028452421765110814,8.09540304369527e-06,0.00014045457287936713,-0.0013720338962213124,1.8824770119385548e-06,0.000188676979475777
1348,8.903753267452963e-06,2.0658943306791264e-06,0.00032208927880972293,0.0003200233844790438,0.0024464245778626752,5.984993215801815e-06,0.000213425204421136,0.00020289683133244818,4.1167123043805987e-08,0.00035640127522662546,0.0004141529351737019,1.7152265319175797e-07,0.00039644135678140735
1349,4.321933682349677e-05,1.4614272676941967e-05,0.0003366410859831174,0.00032202681330617544,-0.005943831840018409,3.532913694237472e-05,0.000245062658983497,-0.0029001243421345304,8.410721199503257e-06,0.000183946847669203,0.00032087363374740655,1.0295988894792885e-07,0.0005809137512966522
1350,2.235203598055513e-05,9.518537223122495e-06,0.0002540716432039754,0.0002445531059808529,0.0017656013042116764,3.1173479656532166e-06,0.00028190402714645124,0.0019286672509044355,3.7197573647951288e-06,0.00014374425778240774,-0.0046603118284981844,2.171850633891914e-05,0.0003365666446830673
1351,3.843013567184084e-05,7.372490426260647e-06,0.00022752938937579495,0.0002201568989495343,0.004537561841633042,2.0589467466525235e-05,0.0002143462867115753,0.0011955631829163767,1.4293713240798311e-06,0.00014523083346851262,-0.0003140580965921417,9.86324881768752e-08,0.00032301104794729696
1352,1.7921372468587826e-05,3.6419032903856063e-06,0.00012918218636592815,0.00012554028307554255,0.0015486887672268967,2.3984368974216963e-06,9.258456820249172e-05,-0.000424667857920503,1.8034278936873704e-07,8.248119773945906e-05,-0.0028891054297651517,8.346930184366386e-06,0.00021248079315583368
1353,-3.2212830142003845,1.0,1.0,0.0,0.0,1.0,1.0,0.0,1.0,1.0,0.0,1.0,1.0
1354,9.880151881802579e-05,5.662080053851308e-06,8.14308246176824e-05,7.576874456383109e-05,0.002987819475490483,8.927065217934071e-06,8.613749303976181e-05,0.0028151816165724037,7.925247535012225e-06,9.543748905616045e-05,0.0003659609396071259,1.3392740860762586e-07,6.271749175712493e-05
1355,0.00011376728222489696,3.7308648309530845e-05,0.0002814839203159429,0.00024417527200641204,-0.005834589326769163,3.404243261195816e-05,0.0005115411349339016,0.007279468196780233,5.2990657228635385e-05,0.00019553760778978635,-0.0049892740041298745,2.489285508799899e-05,0.0001373730182241406
1356,0.00019576986248648343,8.782858428775982e-05,0.0003346313434413606,0.0002468027591536008,0.0005794619818192893,3.357761882982757e-07,7.077305980596194e-05,-0.01104699692235128,0.00012203614100270155,0.0004721781837123684,-0.011879134466463371,0.00014111383567227964,0.0004609427868057514
1357,9.12474673682162e-05,4.325036124042114e-05,0.00012370616582287516,8.045580458245402e-05,0.005457933075107191,2.9789033452298774e-05,6.511805703424134e-05,0.009011771153400117,8.121201932098643e-05,0.00011036219247262391,0.004330130592454183,1.8750030947978225e-05,0.00019563824796176021
1358,-3.2212830142003845,1.0,1.0,0.0,0.0,1.0,1.0,0.0,1.0,1.0,0.0,1.0,1.0
1359,0.00012583062632631759,6.0448077478218266e-05,0.00017440471685303827,0.00011395663937482,0.0074591728235969094,5.5639259212258985e-05,0.00016893196837330926,0.01080977089354531,0.00011685114677106867,0.00029898292135188687,-0.0029755380102802903,8.853826451327151e-06,5.529926083391867e-05
1360,0.02243929175732462,0.009383856381921185,0.045718243053891904,0.03633438667197072,0.1349802725346736,0.018219673973534856,0.0899739514033977,-0.09964808845247362,0.00992974153223214,0.04705656214277043,-0.0014675285334181474,2.1536399965604858e-06,0.00012421561550757243
1361,0.00010295686410433103,6.512919923296057e-05,0.0002598767519309912,0.00019474755269803062,0.0086622341568969,7.503430058952709e-05,0.00033994607266019106,0.006821645448578618,4.653484662608953e-05,9.949402040587696e-05,0.008591766435564866,7.381845048326507e-05,0.0003401901627269055
1362,2.104283220538683e-05,5.692979419213984e-06,0.00019843161311424348,0.0001927386336950295,0.001692791426558656,2.865542813923483e-06,0.0002327636476171513,0.0016485464803632996,2.7177054980898063e-06,0.00023113911369665452,0.0033905294491616213,1.1495689945628662e-05,0.0001313920780289246
1363,9.845463321278558e-05,1.661551377844332e-05,0.00022699067665599149,0.00021037516287754818,-0.0043054098791710654,1.8536554228121283e-05,0.0002945192247616468,-0.0016255757473948049,2.642496510829595e-06,0.00020938723344066101,-0.005354203077656133,2.8667490596379075e-05,0.00017706557176566662
1364,-3.2212830142003845,1.0,1.0,0.0,0.0,1.0,1.0,0.0,1.0,1.0,0.0,1.0,1.0
1365,-3.2212830142003845,1.0,1.0,0.0,0.0,1.0,1.0,0.0,1.0,1.0,0.0,1.0,1.0
1366,-3.2212830142003845,1.0,1.0,0.0,0.0,1.0,1.0,0.0,1.0,1.0,0.0,1.0,1.0
1367,2.468291290735891e-05,3.2490242158160023e-06,0.00024409876487134033,0.00024084974065552434,-0.002292273578121196,5.254518157027377e-06,0.00027578482965318063,-0.0017604800079879176,3.099289858088383e-06,0.00039706110278969753,-0.0011803663125284074,1.3932646323322473e-06,5.9450362171142856e-05
1368,-3.1058390854759805,3.3156693766800416e-05,0.00016180305302926357,0.00012864635926246315,0.006946351944182857,4.825180533274409e-05,0.00016185091495823922,0.004458031465931733,1.9874044552614656e-05,0.00016175382862548826,0.005598591913669662,3.13442314150425e-05,0.00016180441550406321
1369,0.0005623788189181855,0.0002531232240360337,0.0006034902113101944,0.0003503669872741607,-0.01265296214109367,0.00016009745094403005,0.0006207575909860097,0.014064733136701786,0.0001978167182066226,0.0004912128538652194,0.02003635453263243,0.0004014555029574485,0.0006985001890793541
1370,0.0001629598058868753,3.0138400554657885e-05,0.0002189111006009048,0.0001887727000462469,0.0038294425407298153,1.4664630172633863e-05,4.457917775357867e-05,-0.006850423558084273,4.6928302925297594e-05,0.000554633595065801,0.005368637496236587,2.8822268566042197e-05,5.752052898333471e-05
1371,0.0003041676539192739,8.566855761575158e-05,0.0002065361227487165,0.00012086756513296491,0.010180835485644444,0.0001036494111859021,0.00017912066437886232,0.0011992440125704346,1.4381862017964764e-06,8.738852814282883e-05,-0.012325505079288443,0.00015191807545955616,0.00035309917572445837
1372,-3.2212830142003845,1.0,1.0,0.0,0.0,1.0,1.0,0.0,1.0,1.0,0.0,1.0,1.0
1373,-3.2212830142003845,1.0,1.0,0.0,0.0,1.0,1.0,0.0,1.0,1.0,0.0,1.0,1.0
1374,-3.2212830142003845,1.0,1.0,0.0,0.0,1.0,1.0,0.0,1.0,1.0,0.0,1.0,1.0
1375,0.0001650852358622279,6.963393485437397e-05,0.0002904566432421947,0.00022082270838782075,-0.008715528510179944,7.596043721169732e-05,0.0005669945924861031,-0.005295923592048805,2.804680669277193e-05,0.00011578680979051903,-0.010241804560638947,0.00010489456065865266,0.00018858852744996213
1376,1.9541714963655643e-05,8.162803861141063e-06,0.0002181254743551797,0.00020996267049403863,-0.0031164386742814935,9.712190011335053e-06,0.00021257868019664006,0.003362955582552766,1.1309470249631914e-05,0.00019671588007719176,0.0018619214060798088,3.4667513224562185e-06,0.0002450818627917073
1377,-3.2212830142003845,1.0,1.0,0.0,0.0,1.0,1.0,0.0,1.0,1.0,0.0,1.0,1.0
1378,0.00010408467728906245,3.739744618199333e-05,0.0002942041783695985,0.0002568067321876052,0.0067217249768941716,4.518158666522165e-05,0.00014559364975552658,-0.0032871231384640457,1.080517852736218e-05,0.0004171336851567231,0.007497037638520433,5.6205573353396154e-05,0.00031988520019654576
1379,0.00016397735414985792,6.386423747580435e-06,0.0004581185556596183,0.00045173213191203787,0.003201111870816733,1.0247117209538636e-05,0.00030129655668897914,0.0015261039279895916,2.328993199074425e-06,0.0004922494405510403,0.0025657671044144303,6.583160834128243e-06,0.0005808096697388354
1380,-3.2212830142003845,1.0,1.0,0.0,0.0,1.0,1.0,0.0,1.0,1.0,0.0,1.0,1.0
1381,9.947448055347419e-05,2.705804047120619e-05,0.00021001545094589957,0.00018295741047469338,0.00869667019049081,7.563207240235403e-05,0.00028039690149161967,0.002160159186949797,4.666287712451478e-06,7.994228837437944e-05,0.0009358211892358665,8.757612988130603e-07,0.0002697071629716996
1382,9.845227515015154e-06,1.6160680748426397e-06,0.00013398546992012447,0.00013236940184528184,0.0009905760302081322,9.812408714449106e-07,7.910310418068889e-05,0.001615272564924129,2.6091054595722696e-06,0.00017792896446577888,0.0011215426398442899,1.2578578935107387e-06,0.00014492434111390562
1383,0.00016511282874509536,9.857498289319218e-05,0.0003366131196667066,0.00023803813677351443,-0.007915695557382009,6.265823615625443e-05,0.0003125122170607453,-0.011773998976742046,0.0001386270519035948,0.00035962177498005676,0.009718007029211361,9.44396606197273e-05,0.00033770536695931774
1384,-3.2212830142003845,1.0,1.0,0.0,0.0,1.0,1.0,0.0,1.0,1.0,0.0,1.0,1.0
1385,2.7360619083927062e-05,9.607206817789185e-06,0.000386031298299024,0.0003764240914812348,-0.0013166730525499602,1.7336279275470545e-06,0.0004912023645021746,0.004814842468210151,2.318270799372968e-05,0.00027080088261988156,0.0019761792762351777,3.905284532090825e-06,0.0003960906477750159
1386,0.0001906132433193708,0.00017454260025558574,0.000250578454943066,7.603585468748028e-05,-0.012593016248246314,0.00015858405822866128,0.0002430011471801219,-0.013347086847064068,0.00017814472730282027,0.00022944945689329366,0.013671101463865696,0.00018689901523527563,0.00027928476075578246
1387,0.0003015235513086356,0.0001316036255895788,0.0003528998203182014,0.00022129619472862258,0.01154580437365373,0.00013330559863466984,0.0002269618210392066,-0.0003094836592192785,9.578013526745366e-08,9.768942308130413e-05,0.016168163099100307,0.0002614094979987991,0.0007340482168340934
1388,-3.2212830142003845,1.0,1.0,0.0,0.0,1.0,1.0,0.0,1.0,1.0,0.0,1.0,1.0
1389,9.78757432897881e-05,4.6765293722568955e-05,0.00025964298908479994,0.00021287769536223097,0.006406874089800202,4.104803560278647e-05,0.00026291281588752824,-0.009875110619506189,9.751780974776025e-05,0.0003423337611587751,-0.0013153082593724108,1.730035817160136e-06,0.0001736823902080964
1390,7.189968079357456e-05,2.109420366554667e-05,0.0002541256209534308,0.0002330314172878841,0.0009796808016993518,9.597744732303681e-07,0.00028499537728909896,0.00670677087824721,4.4980775613212565e-05,0.0002843467379346487,0.0041643800151044364,1.7342060910197077e-05,0.0001930347476365446
1391,6.109334241377606e-05,2.110299388694929e-05,0.00023544885908111102,0.00021434586519416174,-0.00663042424565836,4.396252567728798e-05,0.00032691336546242233,-0.004379699574099313,1.9181768359133322e-05,0.00033886136988625637,0.00040581723039004514,1.646876244265627e-07,4.057184189465435e-05
1392,5.3519546146296726e-05,1.284147759013828e-05,0.0003609081838186941,0.00034806670622855584,-0.0027120898959816214,7.355431603794926e-06,0.000433951569227653,0.0044313084731120184,1.9636494783981107e-05,0.0004456708510298668,0.003395954414162756,1.1532506382638807e-05,0.00020310213119856257
1393,-3.2212830142003845,1.0,1.0,0.0,0.0,1.0,1.0,0.0,1.0,1.0,0.0,1.0,1.0
1394,0.00021414777378903072,8.082116281752742e-05,0.0003117940049947032,0.00023097284217717579,0.0087465845017254,7.650274044612715e-05,0.0003147119019653033,0.0038315195867319775,1.4680542343437075e-05,0.000336395888792973,0.0122996018497613,0.00015128020566301803,0.00028427422422583337
1395,-3.2212830142003845,1.0,1.0,0.0,0.0,1.0,1.0,0.0,1.0,1.0,0.0,1.0,1.0
1396,-2.8996644082043477,9.325983788614305e-05,0.0001947984294011773,0.00010153859151503426,-0.009683633850653578,9.377276455357908e-05,0.00019492527403008886,0.0095856826086619,9.188531107395814e-05,0.00019344299186596636,0.009701620381727019,9.41214380308919e-05,0.0001960270223074767
1397,2.29447480318834e-05,1.66932881295138e-05,0.0001705437970965784,0.00015385050896706462,-0.0035301506315806317,1.2461963481702476e-05,0.0001497444205488252,0.003908452179197902,1.527599843742511e-05,0.00018601983188748505,0.004726722169670472,2.234190246941381e-05,0.00017586713885342498
1398,0.00018670518652141865,1.300756568615539e-05,7.191134797435161e-05,5.8903782288196226e-05,-0.002246733952818261,5.047813454672756e-06,5.494205396772145e-05,-0.0058281016859295705,3.3966769261262186e-05,0.00011632581242237983,-9.007964492383413e-05,8.114342531229113e-09,4.4466177532953566e-05
1399,0.00011346243246446175,6.0744151202348405e-05,0.0002760905267255402,0.00021534637552319177,-0.006175971348985713,3.81426221034431e-05,0.00015533702874881428,0.010284961471227974,0.00010578043246467494,0.00040411884962010536,-0.006189458703228807,3.830939903892716e-05,0.00026881570180770087
1400,-3.2212830142003845,1.0,1.0,0.0,0.0,1.0,1.0,0.0,1.0,1.0,0.0,1.0,1.0
1401,6.766805076086069e-05,1.533366238600416e-05,0.0002781097169755424,0.00026277605458953823,0.0022142057398028426,4.902707057996558e-06,0.0002075068977763772,0.0062887894933110625,3.954887329116197e-05,0.00028466148658234935,0.0012447517059582123,1.5494068088539592e-06,0.0003421607665679005
1402,0.00023947961318404598,6.915568548223246e-05,0.00020422648890587128,0.0001350708034236388,0.01281942452098103,0.00016433764504919512,0.00029228201798003894,0.0038637801673878825,1.4928797181568143e-05,0.0001599504068673374,0.005310425050408113,2.8200614215934117e-05,0.0001604470418702375
1403,2.7869368362187785e-05,8.9760343539765e-06,0.0002171552192064737,0.0002081791848524972,-0.005108931885377687,2.6101185009119732e-05,0.0002966015060502647,-0.0005580632412086761,3.114345810129038e-07,0.00025364606311628624,-0.0007179717764221676,5.154834717968626e-07,0.00010121808845287017
1404,9.295690006927426e-05,5.100893414096882e-05,0.0002470293344722189,0.0001960204003312501,0.007144687045753495,5.1046552981492965e-05,0.00026285285518967694,-0.0032827223241349885,1.077626585721525e-05,0.00022120972547390316,0.009550077674263645,9.120398358419823e-05,0.0002570254227530766
1405,4.899288183568551e-05,1.1713905104312102e-05,0.00012225182364226464,0.00011053791853795254,0.004488667387920885,2.0148134919573124e-05,0.00017533392556501326,0.0025933489155713957,6.725458597922618e-06,9.509957272990643e-05,-0.002875434192590418,8.268121795440564e-06,9.632197263187425e-05
1406,-2.972151793165991,4.92977682766312e-05,0.00018074026241906202,0.0001314424941424308,-0.007021236947787447,4.9297768276557186e-05,0.00018074026241921004,-0.0070212369477874485,4.929776827644616e-05,0.00018074026241909902,0.007021236947787446,4.929776827689025e-05,0.00018074026241887697
1407,3.713732027255112e-05,1.2381884558987366e-05,0.00031650597749603254,0.0003041240929370452,0.003190854395859855,1.018155177523461e-05,0.0003713625092519601,0.004180156877547138,1.7473711520721302e-05,0.00030890867508504005,-0.003080647720977012,9.490390381006186e-06,0.0002692467481510974
1408,5.3001810859765186e-05,3.22167191308953e-05,0.0005787692741853571,0.0005465525550544618,0.00682888014693757,4.6633604061430134e-05,0.0008304856916989678,0.007046372738138292,4.965136876566856e-05,0.000776797092881587,-0.0006043050271534152,3.651845655872066e-07,0.00012902503797551645
1409,0.0001978028959158662,6.188246430642123e-05,0.00022930821516335223,0.000167425750856931,0.012625154663436583,0.00015939453027569161,0.00030061611463771953,-0.00461639539471911,2.13111064405469e-05,0.0001970075482218281,-0.00222300611849475,4.941756203025172e-06,0.0001903009826305091
1410,-3.1798714616951456,1.6367188115225712e-05,0.0001639183885843535,0.00014755120046912779,-0.004045638159211836,1.6367188114596587e-05,0.0001639183885833173,-0.004045638159211835,1.6367188114152498e-05,0.00016391838858242913,0.004045638159211831,1.6367188116928055e-05,0.0001639183885873141
1411,2.632665114699062e-05,7.306306569051142e-06,0.0003090597270819136,0.00030175342051286247,-0.0015718209047797937,2.4706209565961146e-06,0.0004810255998640711,-0.0019393477422281176,3.7610696653755937e-06,4.880617761748862e-05,0.003960710679303697,1.568722908518172e-05,0.0003973474037641811
1412,0.00013514366513345255,4.0188540880836676e-05,0.00022282951836013107,0.0001826409774792944,-0.003933272275790616,1.5470630795877405e-05,0.0001013063430010952,-0.006544412054706795,4.282932914212445e-05,0.000401529735938988,0.007890859440145176,6.226566270450817e-05,0.00016565247614030998
1413,2.2902505820820984e-05,8.022021941315552e-06,0.0001733528298633047,0.00016533080792198915,-0.0003335434145101851,1.1125121002208971e-07,0.00022061925034100316,0.00208242425368091,4.336490772249846e-06,0.00016456810942633293,0.00442925770775273,1.9618323841674723e-05,0.00013487112982257798
1414,7.58709185931794e-05,2.379852417315013e-05,0.0003413561044292764,0.00031755758025612624,-0.0015760122575708647,2.483814635967363e-06,0.0004139235855296075,0.00766635471662772,5.8772994641409504e-05,0.00022114881499013528,0.0031841424657670925,1.0138763242073523e-05,0.0003889959127680864
1415,3.6048891989048926e-05,4.193060532083533e-06,7.340640665269109e-05,6.921334612060756e-05,-0.003129866448021575,9.796063982325798e-06,0.0001576836745799115,0.0016254624256818353,2.6421280973076833e-06,4.0883893786203274e-05,0.00037548570787296646,1.4098951661711823e-07,2.1651651591958476e-05
1416,0.0002621383931434851,0.00011456306928222156,0.0006114431865020068,0.0004968801172197852,0.006365054514754068,4.0513918975970675e-05,0.0003944495483522159,0.009417245071299974,8.868450473298317e-05,0.0011047792052779615,-0.014645503888156048,0.00021449078413771083,0.0003351008058758431
1417,2.3197476411995765e-06,2.1771809307254605e-07,0.00016145738643820925,0.0001612396683451367,0.0005246342755976007,2.752411228934548e-07,0.00017184975930306656,-0.00040454901406048436,1.636599041843212e-07,0.00018584103532937046,-0.00046287498569420974,2.1425325213986213e-07,0.0001266813646821907
1418,4.821657573161886e-05,1.475292574511696e-05,0.00037039938710514697,0.00035564646136003003,-0.00014700516321337505,2.1610517819681263e-08,0.0004379212668568222,-0.003819828555006261,1.4591090189641776e-05,0.00020166463954418568,0.005444821074028486,2.964607652788942e-05,0.00047161225491443304
1419,4.8662010338262895e-05,1.0342762477577594e-05,0.00045794472666149666,0.00044760196418391907,0.0028286023945168787,8.000991506218469e-06,0.0003612014371432437,0.002473390636061806,6.117661238147498e-06,0.0007293680201221342,-0.004112132620507179,1.6909634688366815e-05,0.00028326472271911207
1420,6.321124435637593e-05,3.2149813879889244e-05,0.00031710736090051483,0.0002849575470206256,0.00042861198594918343,1.8370823473556896e-07,0.00025106804328201004,-0.005855823227103434,3.4290665667402465e-05,0.0003273615284532516,0.007872424514590822,6.19750677375297e-05,0.00037289251096628284
1421,0.00019114467284564451,3.4227689326001474e-05,0.0003636854200386915,0.00032945773071269,0.0004908417899160516,2.4092566275335514e-07,0.000255254225803192,-0.009980509593473803,9.961057174523447e-05,0.00040076711088887773,0.0016827271228243483,2.831570570016595e-06,0.00043503492342400474
1422,7.488068975436413e-06,1.6074483364751184e-06,0.000337675226922185,0.00033606777858570985,-0.0016590393847796096,2.7524116804622523e-06,0.00021166368007485836,-0.0007335597763109737,5.381099454915272e-07,0.0004312381488528194,-0.0012376685273673461,1.5318233834715755e-06,0.0003701238518388772
1423,2.960769781146233e-05,1.3323990878758944e-06,0.00016725451146863227,0.00016592211238075638,0.0007800955228880667,6.085490252827341e-07,0.00017513478116903958,0.001535431640475427,2.3575503224071426e-06,0.00015910895265158764,0.0010154299165556209,1.0310979159378064e-06,0.0001675198005852696
1424,0.0001247727655808717,6.324273624565742e-05,0.0004820006641683694,0.000418757927922712,-0.007363612237656855,5.4222785186630595e-05,0.0006467811085736352,0.009577904905563496,9.173626237968246e-05,0.0006142146577359231,-0.0066158265674441715,4.376916117065921e-05,0.00018500622619554985
1425,-3.0466287603761977,1.2722047174988185e-07,0.0001593874399599867,0.00015926021948823682,0.000356679790212075,1.2722047348923127e-07,0.00015938743996180005,-0.000356679790212075,1.2722047204594134e-07,0.00015938743995991267,0.00035667979021207545,1.2722046971447298e-07,0.00015938743995824733
1426,7.702279368726472e-05,2.213915937051188e-05,0.0003914946145648172,0.00036935545519430535,-0.0022286064119936603,4.966686539598086e-06,0.0006296450709278867,0.007806560892838953,6.094239297405046e-05,0.000242712846036941,0.000713020755976315,5.083985978870942e-07,0.0003021259267296239
1427,4.720484953590898e-06,3.6505969462178694e-07,0.00017754081089904616,0.00017717575120442439,0.0005772473570400497,3.3321451087253706e-07,0.0001901110292502617,-3.532694736981161e-05,1.2479921540631267e-09,0.00019442085042409296,-0.0008721906785207506,7.607165808387606e-07,0.00014809055302278384
1428,1.6757421106072812e-05,5.669374086414436e-06,0.0001829209433013753,0.00017725156921496085,-0.0007256485973555889,5.265658866715484e-07,4.341802630736247e-05,0.0033182766691142777,1.101096005295954e-05,0.000476240878947376,0.002338930593188608,5.47059631961222e-06,2.910392464938738e-05
1429,-3.2212830142003845,1.0,1.0,0.0,0.0,1.0,1.0,0.0,1.0,1.0,0.0,1.0,1.0
1430,4.268031713983156e-05,3.3542362444608878e-06,0.00016359233187250113,0.00016023809562804026,-0.0017791637436693993,3.1654236262168567e-06,0.00016391390515235749,0.001240999074643138,1.5400787022334939e-06,0.00015401779271739802,-0.002314563977324583,5.357206404932313e-06,0.00017284529774774793
1431,0.00017178206824386422,5.932541101320391e-05,0.00033561644618529396,0.00027629103517209003,-0.008107384099960698,6.572967694451481e-05,0.0003915459395653631,-0.010581476387821271,0.00011196764254628455,0.0004696718880563555,0.0005281226644522197,2.789135488123762e-07,0.00014563151093416327
1432,-3.107542993486419,3.883260720908647e-06,0.00015798958933862148,0.00015410632861771284,-0.0019705990766494706,3.8832607212047066e-06,0.0001579895893383254,-0.0019705990766494697,3.883260720760617e-06,0.00015798958933854745,-0.0019705990766494706,3.883260720760617e-06,0.00015798958933899154
1433,-3.2212830142003845,1.0,1.0,0.0,0.0,1.0,1.0,0.0,1.0,1.0,0.0,1.0,1.0
1434,0.0007333010221257652,0.00027507225681810965,0.0007721884519866032,0.0004971161951684936,0.006257763937836067,3.915960950162667e-05,0.0004944818712847576,-0.013011109257795172,0.0001692889641183859,0.0003788611630397565,0.024834818236385295,0.0006167681968343164,0.0014432223216352957
1435,2.699264104344401e-05,9.670067241100236e-06,0.0001921994624584089,0.00018252939521730868,0.005192102948047924,2.6957933023541436e-05,0.00019578553705767998,-0.0014290905021446744,2.0422996631630497e-06,0.00022613293809337076,-9.98450623066573e-05,9.969036596224612e-09,0.00015467991222417599
1436,3.784019411456896e-05,1.5414822115348652e-05,0.00017586312706659632,0.00016044830495124768,0.0031242776484852754,9.761110825401431e-06,0.00017863023814412848,-0.004839224593385034,2.341809466521738e-05,0.00018012235438513713,0.003614589998206733,1.3065260855427141e-05,0.00016883678867052332
1437,0.00020402187480172973,6.256838880521383e-05,0.0005812268693331882,0.0005186584805279744,0.00546011543215351,2.9812860532496543e-05,0.00019917052493600984,-0.002097878935820468,4.401096029282847e-06,0.0006290581549869279,0.012389156946865812,0.0001534912098538621,0.0009154519280766271
1438,0.00011094120368670968,1.3908544496010755e-05,0.00027804276222827734,0.0002641342177322666,0.0034429456183596753,1.1853874530953767e-05,0.0003748380724709621,-0.005230381970025974,2.7356895552332894e-05,0.00013451984396517513,0.0015858320859770047,2.5148634047456042e-06,0.0003247703702486948
1439,-3.2212830142003845,1.0,1.0,0.0,0.0,1.0,1.0,0.0,1.0,1.0,0.0,1.0,1.0
1440,0.00016873418099128124,6.139681996997215e-05,0.00038797524595009697,0.0003265784259801248,0.00151076759430959,2.282418724353086e-06,0.00021710935996333003,0.0037519550374856877,1.4077166603065905e-05,0.00016953149561271807,-0.012954955599411363,0.00016783087458249746,0.0007772848822742429
1441,0.0003669861490428472,0.0002032801247823605,0.0004386063234815829,0.00023532619869922242,0.014301190648782984,0.00020452405397275442,0.00039553890796639735,-0.009961348942858982,9.922847276122582e-05,0.00045403099452090423,0.017495366461229647,0.00030608784761310126,0.00046624906795744714
1442,0.0001592806938208735,2.6974008934033122e-05,0.0002441596959057435,0.00021718568697171037,0.006968220265107808,4.855609366349878e-05,0.00032546013051393263,0.0026394850928104217,6.966881556103033e-06,0.00010118012791160425,-0.0050397471745490235,2.5399051582497556e-05,0.0003058388292916936
1443,9.590340127407782e-05,4.3144061365666765e-05,0.00025937117369045914,0.00021622711232479239,0.007247913378019725,5.253224833567938e-05,0.00024242476381830524,0.004402584883584756,1.93827536575375e-05,0.00017571963506479715,0.007584008313810113,5.7517182103783426e-05,0.00035996912218827504
1444,-3.2212830142003845,1.0,1.0,0.0,0.0,1.0,1.0,0.0,1.0,1.0,0.0,1.0,1.0
1445,1.8138613137153037e-05,6.476458128087022e-06,0.00015248440534635735,0.00014600794721827032,-0.0011121247927922216,1.2368215546176842e-06,0.00018874708678562335,0.004201685255141329,1.7654158983138046e-05,0.00015585171566101508,-0.0007337532600650044,5.383938465053362e-07,0.00011285441359243364
1446,0.0003600145084196038,5.662807559536631e-05,0.0004545704459438804,0.0003979423703485141,0.010486738639766374,0.00010997168729898199,0.0005890613010659518,0.0053677888073622665,2.8813156680462804e-05,0.00039826485029526015,-0.00557668206074251,3.109938280665414e-05,0.0003763851864704293
1447,0.0003672869478844598,0.00027595113021894324,0.0014258489411034618,0.0011498978108845186,0.016233842685281854,0.0002635376483305363,0.0009087432499308434,0.01647174774409642,0.00027131847374495255,0.002507970699607842,-0.01711716298283821,0.0002929972685813409,0.0008608328737716997
1448,5.0014176084078876e-05,2.4733231874833155e-05,0.0004551674126350343,0.0004304341807602011,0.004347649990025042,1.8902060436087886e-05,0.00020261867455240168,0.005069599795887566,2.5700842090303766e-05,0.0006029191385401589,0.005440293475384051,2.959679309810781e-05,0.0005599644248125424
1449,4.5303413117925295e-05,1.8819157801404824e-05,0.00020000408382059298,0.00018118492601918815,-0.0065866867157390934,4.3384441891003434e-05,0.0002979681554156066,-0.0034741072793498984,1.2069421388649637e-05,0.0001401635270251722,-0.0010018034361805798,1.0036101245614049e-06,0.00016188056902100012
1450,-28.960217226150984,9.155947368111317e-05,0.00019527871647743536,0.00010371924279632219,0.009568710911709393,9.156022851208867e-05,0.00019527900083415872,-0.009568542193191688,9.155699970309072e-05,0.0001952777845830589,0.009568761300630465,9.156119282816011e-05,0.0001952793640150885
1451,6.583004252158631e-05,1.7828332922372365e-05,0.000247903927676707,0.00023007559475433462,0.0034383416609440427,1.1822193377586387e-05,0.00020374150036162053,-0.006353615935706099,4.0368435458404406e-05,0.00015697880530007868,-0.0011377037976120956,1.2943699311263046e-06,0.00038299147736842176
1452,-3.2212830142003845,1.0,1.0,0.0,0.0,1.0,1.0,0.0,1.0,1.0,0.0,1.0,1.0
1453,0.00014285098320987455,6.40988678933807e-05,0.0005297003893142138,0.0004656015214208331,-0.006624958779879899,4.3890078835318036e-05,0.0008497985988823453,-0.011814473783526859,0.0001395817907816621,0.0005058347610613634,-0.0029706453950645658,8.824734063161976e-06,0.00023346780799893274
1454,4.005710862875489e-05,4.402558673769856e-06,0.00023712399402975315,0.0002327214353559833,0.00042570515164025956,1.8122487532856724e-07,0.00011695037554637633,-0.0029160835714992363,8.503543396098934e-06,0.000332976714166322,0.002126712897905696,4.522907749882066e-06,0.0002614448923765611
1455,9.231712784552037e-05,3.433923230663124e-05,0.00021872267956820254,0.0001843834472615713,0.0032012201324584156,1.0247810336427854e-05,0.00020107759184384566,0.005987506111092461,3.585022943031202e-05,0.00013853078521630646,-0.007544511723972347,5.6919657153153835e-05,0.0003165596616444555
1456,1.9022193388673614e-05,9.528192800571192e-06,0.00011863993987104582,0.00010911174707047462,0.0035879149245201295,1.2873133505508783e-05,0.00014509388205086182,0.0008379744181662823,7.022011248025706e-07,0.00011857298927775428,0.003874176528181817,1.5009243771402225e-05,9.225294828452135e-05
1457,0.00030573932736699394,0.00021390192337774247,0.0003258662980231142,0.0001119643746453717,-0.014555980787642982,0.00021187657669041737,0.00029527170430998506,0.015854036261708004,0.00025135046578772524,0.00041379041462041855,-0.01335959309466061,0.00017847872765508477,0.0002685367751389389
1458,-3.2212830142003845,1.0,1.0,0.0,0.0,1.0,1.0,0.0,1.0,1.0,0.0,1.0,1.0
1459,-3.2212830142003845,1.0,1.0,0.0,0.0,1.0,1.0,0.0,1.0,1.0,0.0,1.0,1.0
1460,3.539111353578761e-05,1.3201113636673867e-05,0.00025804997959118686,0.000244848865954513,-0.005217553569506422,2.7222865250697836e-05,0.0002519709731962916,0.0025600660661421,6.55393826309858e-06,0.00028171308996038924,-0.002413822155089482,5.826537396225184e-06,0.00024046587561687982
1461,0.00010634675425857942,2.8514483007298825e-05,0.00037867537689155,0.0003501608938842512,0.0028012137086843277,7.846798240840336e-06,0.00036999141244575817,-0.002055768695001332,4.226184927014209e-06,0.0003757064607839977,0.008571491460313125,7.347046585404193e-05,0.0003903282574448941
1462,0.0001202533798654315,5.996703900360926e-05,0.00017671959998077913,0.00011675256097716988,-0.01085394430748511,0.00011780810703021505,0.00021954176203009546,0.007512395674034409,5.643608876315653e-05,0.0001513495400293774,-0.0023784283082502185,5.656921217456201e-06,0.00015926749788286454
1463,-2.9656259781656744,2.4688229694295554e-05,0.00015722639453793116,0.00013253816484363562,-0.0033166603192684146,1.1000235672797842e-05,0.0001410464992175342,0.0074699806603529895,5.5800611065248695e-05,0.00019131638614722224,0.0026951516367578233,7.263842344840121e-06,0.00013931629824903702
1464,-2.899703761038611,2.923908429075528e-05,0.0001660733636131099,0.00013683427932235462,0.005407317661350048,2.9239084291421413e-05,0.00016607336361396108,-0.0054073176613500485,2.9239084290866302e-05,0.000166073363613517,-0.005407317661350052,2.9239084289978123e-05,0.00016607336361185165
1465,6.89785645288099e-05,2.6539701155958717e-05,0.00014504955875471737,0.00011850985759875865,0.004720658670339902,2.2284618282797375e-05,0.00015516094054390805,0.004594873394110805,2.1112861507632807e-05,0.00015780912776874878,-0.006018440302665292,3.622162367744597e-05,0.00012217860795149527
1466,5.186157170700145e-05,3.496924843967205e-05,0.0003493327030598496,0.00031436345462017756,0.005585477255051835,3.1197556166095985e-05,0.00035475727831324466,-0.006157721035081291,3.7917528346476104e-05,0.00034584473492071943,-0.005982696783653983,3.5792660806444054e-05,0.0003473960959455846
1467,0.0002612392386018847,0.00016295437259002585,0.0002457150929925748,8.276072040254898e-05,-0.004795608343057344,2.2997859379869645e-05,0.00022340830652489707,0.01571920225799326,0.00024709331962735614,0.0002720053919187393,0.014790941104700155,0.00021877193876285173,0.00024173158053408805
1468,1.3802977796073534e-05,9.137086385391235e-06,0.0003277309353893291,0.0003185938490039379,-0.0011921472444794163,1.4212150529768763e-06,0.0003172094131412839,-0.003682404996511133,1.3560106557508611e-05,0.0003792715755764897,-0.0035256116555199865,1.2429937545688219e-05,0.0002867118174502137
1469,6.158517054355439e-05,1.786204447784545e-05,0.000206724666550732,0.00018886262207288654,0.004793553993964833,2.29781598931611e-05,0.00014821222146810253,-0.0031438973433682025,9.884090505840604e-06,0.00027623876085358656,-0.004552349177569868,2.072388303453465e-05,0.0001957230173305069
1470,6.114653781641444e-06,2.0459534428122574e-06,0.0004159836309524471,0.00041393767750963484,0.001999934743459083,3.999738978133216e-06,0.0005022273356933837,-0.0002558674943758849,6.546817432617758e-08,0.0002509204162287615,0.0014396712041083184,2.072653175977379e-06,0.0004948031409351961
1471,0.0002773933420031627,0.00013048508880671625,0.00023673312347135175,0.0001062480346646355,0.00997218400059272,9.944445374188149e-05,0.00023395107588186637,-0.014647246320213194,0.00021454182476510208,0.0003264534705360589,0.008801646886431523,7.746898791316514e-05,0.00014979482399612998
1472,-3.2212830142003845,1.0,1.0,0.0,0.0,1.0,1.0,0.0,1.0,1.0,0.0,1.0,1.0
1473,4.772175334111228e-05,6.647158672897409e-06,0.00014041855093949174,0.00013377139226659432,-0.0036394178501636906,1.3245362288083484e-05,0.00013214426889285313,-0.00032213003699954184,1.0376776082843264e-07,0.00014959538531611472,0.0025675564200437454,6.592345969780311e-06,0.00013951599860950736
1474,-3.0515682539759137,1.099057608625979e-06,0.00016172081811756853,0.00016062176050894256,-0.001048359484399529,1.0990576083669268e-06,0.00016172081811760552,-0.0010483594843995307,1.0990576068126146e-06,0.00016172081811582917,-0.0010483594843995283,1.0990576106983951e-06,0.00016172081811927086
1475,0.0022883834063740505,0.0009242171639933424,0.0016100514963761265,0.0006858343323827841,-0.03833392625822332,0.0014694899023711683,0.0026573887806159435,-0.01606858989795418,0.0002581995813087934,0.0005942535639744673,0.032325872119710025,0.0010449620083000655,0.001578512144537969
1476,-3.160741208799103,4.3320052248200604e-05,0.0001700437582777825,0.0001267237060295819,-0.006581797037899172,4.3320052248052576e-05,0.00017004375827711637,-0.006581797037899171,4.3320052247941554e-05,0.00017004375827789353,-0.006581797037899167,4.332005224860769e-05,0.00017004375827833762
1477,0.00035521974059704586,0.00012540384841778587,0.0003541852508981795,0.0002287814024803936,0.018171603854148503,0.0003302071866320144,0.000672280439661721,6.626039227521193e-05,4.390439678481073e-09,0.00014475641211297852,0.006782327637434137,4.599996818166474e-05,0.00024551890091983886
1478,-3.2212830142003845,1.0,1.0,0.0,0.0,1.0,1.0,0.0,1.0,1.0,0.0,1.0,1.0
1479,7.860766173328759e-05,9.217336118398181e-06,0.0002064194200041003,0.00019720208388570212,0.003415838995444597,1.1667956043570626e-05,0.0002508296407008892,0.003141139261186476,9.866755858012333e-06,0.00023504111134320382,-0.0024733168931693537,6.117296453611587e-06,0.00013338750796820786
1480,-3.2212830142003845,1.0,1.0,0.0,0.0,1.0,1.0,0.0,1.0,1.0,0.0,1.0,1.0
1481,0.00022898588729014513,0.00011441198203635909,0.0002868951156190051,0.000172483133582646,-0.012087348327238992,0.0001461039895842564,0.00021159074262899757,0.010541473928206292,0.00011112267257840092,0.00040843398092904604,-0.00927411903884851,8.600928394641993e-05,0.00024066062329897164
1482,6.679136392295781e-05,1.062336665783962e-05,0.0001415028776744857,0.00013087951101664608,-0.00017969743588282133,3.229116851688474e-08,9.866354344789663e-05,-0.0033793459075683223,1.1419978762750027e-05,0.00023277222449025192,0.0045186093040152355,2.041783004225195e-05,9.307286508530854e-05
1483,-3.2212830142003845,1.0,1.0,0.0,0.0,1.0,1.0,0.0,1.0,1.0,0.0,1.0,1.0
1484,0.00011119430809081177,3.6504997859935585e-05,0.0002818704006444239,0.0002453654027844883,-0.009321609442020361,8.689240258952236e-05,0.0003197741660744269,0.004536176010691712,2.0576892800105995e-05,0.00030822458040813405,0.0014302790601501323,2.0456981901784133e-06,0.00021761245545071084
1485,2.3433709049780482e-05,1.2554903715248736e-05,0.00015032321563934747,0.00013776831192409875,-0.003979792899681325,1.5838751524444028e-05,9.707512347534308e-05,0.004427277552486907,1.96007865270742e-05,0.0003083752136376905,-0.0014917014091704863,2.2251730942279835e-06,4.5519309805008845e-05
1486,4.9857772510764065e-05,3.940810049081941e-05,0.00031321084753936174,0.00027380274704854235,-0.005557716970803098,3.0888217927738104e-05,0.00032411124274334124,0.0064249318799885465,4.127974966217085e-05,0.000296894693230243,0.006786481701311112,4.605633388254926e-05,0.00031862660664450093
1487,0.0001366868816603528,2.4142289586211636e-05,0.00019078191102680128,0.00016663962144058964,-0.000501404302550172,2.5140627391007087e-07,0.0002487073579240384,-0.00199764797012175,3.990597412295571e-06,0.00017651206305679956,-0.008257412734760983,6.818486507242927e-05,0.00014712631209956584
1488,0.00020666601994390188,7.316300120641106e-05,0.00036062913177522155,0.0002874661305688105,-0.00895564296919464,8.020354099180782e-05,0.0005042803103111337,0.0003244597654983626,1.0527413962790888e-07,0.00026639242736603563,0.011797465341663465,0.00013918018848779745,0.0003112146576484953
1489,9.095768158629003e-05,4.06868207072734e-05,0.0004942475352834874,0.000453560714576214,-0.0027583199715114017,7.60832906543385e-06,0.0002755995370415931,-0.00688304494884338,4.73763077677436e-05,0.000563373705739445,0.008189983228842635,6.707582528864275e-05,0.0006437693630694241
1490,0.0001429501660200616,4.386735551475951e-05,0.0002463872403825433,0.00020251988486778377,0.0033542387639238468,1.1250917685390327e-05,0.00015556933617022484,-0.010907686910740223,0.00011897763374268955,0.0003129942087906068,0.0011719706122803569,1.3735151161986536e-06,0.00027059817618679816
1491,3.464968468114282e-05,8.989056032378725e-06,0.0003533874426439043,0.0003443983866115256,0.0015230138042602746,2.319571048459146e-06,0.0002892905801533674,0.0018762339295741142,3.520253758826364e-06,0.0002972022985068268,0.004596448986942702,2.1127343289850664e-05,0.00047366944927151877
1492,0.00015430706187569143,5.302013005577718e-05,0.00014710980100340887,9.408967094763168e-05,-0.007910531215847998,6.257650411711779e-05,0.0001933459304328533,0.009759233629327124,9.524264103122349e-05,0.00014791754797005563,-0.0011141117623532184,1.2412450189902557e-06,0.00010006592460731767
1493,0.00010453851451996954,1.8073035895590135e-05,0.00015602825501837003,0.0001379552191227799,-0.007084610474169221,5.019170557041264e-05,0.00010314215405327065,0.0006903895781215809,4.766377694753743e-07,0.0002172352494863583,0.001884347193939899,3.5507643468823957e-06,0.00014770736151548114
1494,0.00017734354584264533,0.00014567656042337637,0.00021768170372038487,7.20051432970085e-05,0.012931874850605457,0.000167233387151966,0.00022425291447225604,0.011440660203959768,0.00013088870590172164,0.0002200151756874824,-0.011785906338342996,0.00013890758821644145,0.00020877702100141615
1495,-3.1714315438801455,1.4554822138893956e-05,0.0001634437860124812,0.00014888896387358724,0.0038150782611493486,1.4554822138856949e-05,0.00016344378601240717,-0.0038150782611493512,1.4554822139190016e-05,0.0001634437860126292,0.0038150782611493512,1.4554822138634904e-05,0.00016344378601240717
1496,0.00025606098442743086,7.708431388601482e-05,0.0003608346996371026,0.00028375038575108774,0.008564335618630986,7.334784458834509e-05,0.00014534520920039817,-0.009798702482361808,9.601457033792116e-05,0.0008038421125675654,-0.007867053243229727,6.18905267317782e-05,0.0001333167771433441
1497,-2.4943982550283317,1.697849939567379e-06,0.00017532005484214666,0.0001736222049025793,0.0005997288169427036,3.596746549483498e-07,0.00018330087353435331,0.0018229178121206004,3.3230293509101116e-06,0.00021949648263164256,-0.001187790306563377,1.4108458128436752e-06,0.00012316280836044413
1498,5.0919027779317005e-05,1.5105102329863543e-05,0.0006884565586967225,0.000673351456366859,0.0005763395533419061,3.321672807921061e-07,0.0013238507389087273,-0.0060190277555369626,3.622869512209803e-05,0.0006008386159912504,0.002958791068477413,8.754444586700494e-06,0.0001406803211901897
1499,0.00015562730475160436,3.364598547661579e-06,0.00018404001338667708,0.0001806754148390155,-0.0020509642475970325,4.206454343624877e-06,0.00018178798994950007,-0.0020759938791030004,4.309750585740346e-06,0.00018156588664974826,-0.0012560217807966337,1.5775907136195144e-06,0.0001887661635607829
1500,-3.2212830142003845,1.0,1.0,0.0,0.0,1.0,1.0,0.0,1.0,1.0,0.0,1.0,1.0
1501,0.00018917365239423667,7.079988684473755e-05,0.00020938341035806976,0.0001385835235133322,0.011298434575482585,0.00012765462385655457,0.0002511196203014432,-0.003850870195056384,1.4829201258947933e-05,0.0001857037647640114,-0.008361568956763979,6.991583541871016e-05,0.00019132684600875471
1502,-3.2212830142003845,1.0,1.0,0.0,0.0,1.0,1.0,0.0,1.0,1.0,0.0,1.0,1.0
1503,5.875489731532735e-05,3.374244895493206e-05,0.00025587104005050004,0.00022212859109556798,-0.005363863576559944,2.8771032468122293e-05,0.0002024355086016616,-0.004141015411506438,1.7148008639278345e-05,0.00022525841959242232,0.007436955409089762,5.530830575739554e-05,0.00033991919195741627
1504,8.054397858670015e-05,1.3801952800281589e-05,0.00037309777287401297,0.0003592958200737314,0.005132472502544912,2.6342273989454768e-05,0.000280278623158714,-0.003740168322623547,1.398885908132641e-05,0.00040104895788528605,0.0010366896017381935,1.0747253300635862e-06,0.0004379657375780388
1505,1.2885165836196144e-05,3.6355257981105873e-06,0.00014945229968958232,0.00014581677389147174,-0.002718246432496161,7.388863668245094e-06,0.00018421794716283468,0.0004123524560980817,1.7003454833020015e-07,0.0001005206052957508,-0.0018296664116799598,3.3476791777564685e-06,0.0001636183466101615
1506,2.0978523403991645e-05,6.348346475356277e-06,0.00010592647188785904,9.957812541250277e-05,0.0008194883250132682,6.71561115050956e-07,6.749682081841346e-05,-0.0030333430273195017,9.201169921424501e-06,7.501468016235524e-05,-0.003028581910647405,9.172308389593375e-06,0.00017526791468280845
1507,4.7453571049071996e-05,1.346982180353932e-05,0.0002856340343837527,0.00027216421258021334,-0.00048205882835429043,2.3238071422682083e-07,0.00021599033247965416,-0.006224341693609551,3.874242951873441e-05,0.00021280788493327485,-0.001197770920530682,1.4346551776567296e-06,0.000428103885738329
1508,-3.2212830142003845,1.0,1.0,0.0,0.0,1.0,1.0,0.0,1.0,1.0,0.0,1.0,1.0
1509,-3.2212830142003845,1.0,1.0,0.0,0.0,1.0,1.0,0.0,1.0,1.0,0.0,1.0,1.0
1510,0.0002045984252303512,3.121838856445791e-05,0.00017680290089202208,0.00014558451232756417,0.006195930721193271,3.838955750201656e-05,0.00023856365890007059,-0.007431359952449739,5.522511074285141e-05,0.00018941862071042426,-0.0002012397786052406,4.049744850576076e-08,0.00010242642306557137
1511,-3.2212830142003845,1.0,1.0,0.0,0.0,1.0,1.0,0.0,1.0,1.0,0.0,1.0,1.0
1512,-3.2212830142003845,1.0,1.0,0.0,0.0,1.0,1.0,0.0,1.0,1.0,0.0,1.0,1.0
1513,0.00011405968107680575,5.5647704014856934e-05,0.000176542869650409,0.00012089516563555205,-0.0019491867887382196,3.799329137299523e-06,0.00013641250484019984,0.008023043620892813,6.436922894292874e-05,0.000189670265534847,-0.009938538824405263,9.877455396434254e-05,0.00020354583857618014
1514,-3.2212830142003845,1.0,1.0,0.0,0.0,1.0,1.0,0.0,1.0,1.0,0.0,1.0,1.0
1515,-3.2212830142003845,1.0,1.0,0.0,0.0,1.0,1.0,0.0,1.0,1.0,0.0,1.0,1.0
1516,0.00014377949101984644,5.0316438743277146e-05,0.00024651378835249815,0.000196197349609221,0.006077110664350321,3.693127402681906e-05,8.058835060553715e-05,-0.010589238464120214,0.00011213197124981811,0.00038735549611279563,-0.0013733429844871067,1.8860709531942632e-06,0.0002715975183391617
1517,-3.2212830142003845,1.0,1.0,0.0,0.0,1.0,1.0,0.0,1.0,1.0,0.0,1.0,1.0
1518,0.0001494964701796997,9.673631832159597e-05,0.0014902527709916107,0.0013935164526700148,-0.007441381141897116,5.5374153299037054e-05,0.0007076416854159273,-0.01176216225386749,0.0001383484608861174,0.0019037555004711715,0.009822746091572862,9.648634077963347e-05,0.001859361127087733
1519,-3.1565967717777106,5.598566244383966e-05,0.00017117861258571695,0.0001151929501418773,0.007482356743912411,5.59856624440247e-05,0.00017117861258608702,0.0074823567439124125,5.5985662443358564e-05,0.0001711786125849768,0.007482356743912413,5.598566244413572e-05,0.00017117861258608702
1520,0.0002754032392341399,9.063227092646435e-05,0.0005337606857922506,0.0004431284148657862,-0.014054869306281992,0.00019753935121680222,0.000840796777393793,-0.0063169630980049254,3.9904022781644954e-05,0.00035682250766178036,0.005869705169857059,3.4453438780945866e-05,0.0004036627723211783
1521,-3.2212830142003845,1.0,1.0,0.0,0.0,1.0,1.0,0.0,1.0,1.0,0.0,1.0,1.0
1522,9.037542471179716e-05,2.1456701287836388e-05,0.00032427073134111417,0.0003028140300532778,-0.003347791001882804,1.1207704591953416e-05,0.00045497164640073695,0.006579416566837305,4.328872235970227e-05,0.00016784055223506567,-0.003142240746912848,9.87367691185348e-06,0.0003499999953875399
1523,4.7781803844348936e-05,1.120771978143272e-05,0.00026107546378935825,0.00024986774400792555,-0.00044593312712742976,1.9885635393901424e-07,0.00024187723790414228,-0.0056265858568085745,3.1658468403805706e-05,0.00023940483911077948,0.0013288470893056885,1.7658345865534386e-06,0.00030194431435315305
1524,0.001019535347847489,0.00011575991555542083,0.0004116032540198618,0.000295843338464441,0.0031893223071074216,1.017177677864467e-05,0.0004060162510532983,0.006014298983927618,3.617179226800271e-05,0.00021779582554193322,0.017347512144960314,0.0003009361776196151,0.000610997685464354
1525,0.00038836011244103297,0.00012480565489329334,0.00032097424134266045,0.0001961685864493671,0.011402594897981892,0.00013001917040733613,0.00023608849355305495,0.008137085182527355,6.62121552675865e-05,0.0004513888939180477,0.01334861936700414,0.00017818563900495743,0.00027544533655687875
1526,-3.2212830142003845,1.0,1.0,0.0,0.0,1.0,1.0,0.0,1.0,1.0,0.0,1.0,1.0
1527,5.3614336959384445e-05,5.04769758559546e-05,0.0005648654193008973,0.0005143884434449427,-0.007096024355805153,5.035356165827842e-05,0.0005703594330207507,-0.007192101652125335,5.1726326174783566e-05,0.0006398640863174432,-0.00702502951843161,4.9351039734801816e-05,0.00048437273856449803
1528,0.00020123979370201273,5.7551239836269495e-05,0.0004544016157161934,0.00039685037587992394,0.008238744045179,6.787690344189912e-05,0.0005229647680006222,0.009374702464585069,8.788504629952953e-05,0.0006964659017116848,-0.004109959825510962,1.6891769767379827e-05,0.0001437741774362733
1529,9.952550580827335e-05,1.551258020674832e-05,0.00017833123501668582,0.0001628186548099375,-0.004227404153812998,1.787094587979432e-05,0.0001836914768371667,0.002253977198478075,5.0804132112336475e-06,0.00021541234168920287,0.004856581259372076,2.3586381529216993e-05,0.00013588988652368794
1530,9.488112330635623e-05,3.641529285732433e-05,0.00028055941384245536,0.00024414412098513105,0.0004808601149551558,2.3122645065321024e-07,7.453027794546152e-05,0.008958394016122515,8.025282334833683e-05,0.00048055798608359623,0.005363005572718642,2.8761828772982945e-05,0.0002865899774983083
1531,9.736328255716131e-05,4.904914288454224e-05,0.0002856492739442551,0.00023660013105971286,-0.008284051736273763,6.862551316944021e-05,0.00030694092669369955,0.00734693219432765,5.397741266743861e-05,0.00030225217153945216,0.004954240892101275,2.4544502816747915e-05,0.0002477547235996136
1532,0.00018306372960652517,5.428170539349223e-05,0.00021569421390073748,0.00016141250850724526,0.0017272203738042996,2.9832902194160127e-06,0.00023479815414817473,0.009596650293515061,9.20956968560871e-05,0.00018396853001778624,0.00823201853163326,6.77661291049736e-05,0.00022831595753625145
1533,2.5934450683329224e-05,1.4047112531538156e-05,0.00017302185057714117,0.00015897473804560303,0.0030340853893082486,9.2056741499702e-06,0.00013996721393250144,-0.0038444936455941862,1.4780131391112228e-05,0.00016659850740519122,-0.0042609308904383286,1.8155532053532042e-05,0.00021249983039373088
1534,-3.2212830142003845,1.0,1.0,0.0,0.0,1.0,1.0,0.0,1.0,1.0,0.0,1.0,1.0
1535,7.166656440993346e-05,4.629204799277975e-05,0.00022609372370922345,0.0001798016757164437,0.0075808725244507465,5.7469628231388015e-05,0.000245554244124202,-0.004919725460419481,2.4203698606006796e-05,0.00019506894206755554,0.0075632544014778294,5.720281714094444e-05,0.00023765798493591284
1536,0.00015668145363323394,4.62921971467282e-05,0.000213594539316501,0.0001673023421697728,-0.009314252474788785,8.675529916424285e-05,0.00019958730153457616,-0.0020095333617790047,4.03822433192591e-06,0.00026374031952791643,0.0069341955513159146,4.8083067944015845e-05,0.00017745599688701041
1537,0.0002241761642657325,0.00010563192153238236,0.0003370428423338234,0.00023141092080144105,-0.008127667146704749,6.605897324707399e-05,0.0004523807095051513,-0.01406333813396738,0.00019777747947058444,0.00035391043217125606,-0.007284182306869569,5.3059311879488646e-05,0.0002048373853250629
1538,3.3611898766272574e-05,1.4165284192069194e-05,0.0002201135532164574,0.0002059482690243882,-0.0015421996095874102,2.3783796357923492e-06,0.00014925545053878775,0.004534670696672111,2.056323832722029e-05,0.0002890974677164371,-0.004422017029935527,1.9554234613194943e-05,0.00022198774139414734
1539,-3.2212830142003845,1.0,1.0,0.0,0.0,1.0,1.0,0.0,1.0,1.0,0.0,1.0,1.0
1540,0.00011000053519216735,3.654572297055273e-05,0.00012056250903857979,8.401678606802707e-05,-0.005044932564232387,2.54513445778759e-05,7.22377170719879e-05,-0.000974069446703982,9.488112869826537e-07,0.0001542900995552543,0.00912343208704383,8.323701304679965e-05,0.00013515971048849718
1541,-3.2212830142003845,1.0,1.0,0.0,0.0,1.0,1.0,0.0,1.0,1.0,0.0,1.0,1.0
1542,-3.2212830142003845,1.0,1.0,0.0,0.0,1.0,1.0,0.0,1.0,1.0,0.0,1.0,1.0
1543,0.00024607504603779695,0.00011338311075555681,0.00022826965502235433,0.00011488654426679752,0.009811650706959824,9.626848959476408e-05,0.00014502065722155066,-0.012854729926211094,0.00016524408147600145,0.000359088765601423,-0.00886773709554468,7.86367611959049e-05,0.00018069954224408935
1544,4.72041850791971e-05,1.8776206212970752e-05,0.00018284958624203984,0.0001640733800290691,0.0023298182195976235,5.4280529365735575e-06,0.00015036911643795392,0.0025189735512720236,6.34522775222468e-06,0.0001205368953257624,-0.006674978498092362,4.4555337950114016e-05,0.0002776427469624032
1545,5.7951152990676214e-05,2.5585024713355626e-05,0.00033478584434802155,0.00030920081963466595,0.0019235009425133003,3.699855875671787e-06,9.40488100351633e-05,-0.006538424229319136,4.2750991402717986e-05,0.0004990653302455739,0.005504927507402334,3.0304226861677108e-05,0.00041124339276332744
1546,0.00010422026987155775,4.053653960637652e-05,0.0001486918755940018,0.00010815533598762528,-0.0007993128501774233,6.389010321905531e-07,0.00017331465260583823,-0.009714453424025996,9.437060532779817e-05,0.0001374975221617447,0.005157529685675748,2.6600112459140846e-05,0.00013526345201442247
1547,-3.2212830142003845,1.0,1.0,0.0,0.0,1.0,1.0,0.0,1.0,1.0,0.0,1.0,1.0
1548,6.031992408916942e-05,1.3039508167334013e-05,0.00015080389343739378,0.00013776438527005977,0.0025001617776933558,6.250808914365358e-06,0.00014608310385599843,-0.0010124805742777456,1.0251169129116278e-06,0.00011205928689250744,0.005642924656197796,3.184259867472505e-05,0.0001942692895636755
1549,0.0002609033360905233,0.00010329970259148613,0.00018682829253206337,8.352858994057724e-05,0.005819816750527399,3.387026701007212e-05,6.76504397726374e-05,-0.012479695325167541,0.0001557427954086421,0.00032096953955751406,0.010967499503337292,0.00012028604535574416,0.00017186489826603868
1550,5.5212194602471953e-05,1.896935496640643e-05,0.000277925160704721,0.00025895580573831456,-0.0021611892953481825,4.670739170320459e-06,0.00028917941260730995,-0.007010687525281938,4.9149739577591944e-05,0.0003087279795425113,-0.0017571528536865677,3.087586151306887e-06,0.00023586808996434172
1551,0.0002452911277170955,0.00015700944600564407,0.0004302044928154632,0.0002731950468098191,0.013557977553477114,0.00018381875534001502,0.00048366878684702463,-0.011352511590441323,0.00012887951941098486,0.0004029241358624036,0.012582927452134855,0.00015833006326593235,0.0004040205557369614
1552,-3.2212830142003845,1.0,1.0,0.0,0.0,1.0,1.0,0.0,1.0,1.0,0.0,1.0,1.0
1553,6.695043244664411e-05,2.7354808540769326e-05,0.0003640084365201061,0.0003366536279793368,-0.005981871930896339,3.5782791796945546e-05,0.00033533697829302156,0.0055529117674967664,3.083482909760349e-05,0.000385770719808165,-0.003930242324262278,1.5446804727758945e-05,0.0003709176114591317
1554,0.00010038414624735648,3.1215167030936484e-05,0.00032153667049480045,0.000290321503463864,-0.005163353428899702,2.666021863173551e-05,0.00016718070234922333,0.008057021896919954,6.491560184751499e-05,0.00012183446553781785,0.0014386384582391384,2.069680613558944e-06,0.0006755948435973602
1555,4.694823709128215e-05,2.3317702733782752e-05,0.00017631720176029356,0.0001529994990265108,-0.006827139903117474,4.660983925663942e-05,0.00028836573708479474,-0.004226018188366888,1.7859229728300896e-05,6.25835391362406e-05,0.002341802557077577,5.484039216407943e-06,0.00017800232905984537
1556,-3.2212830142003845,1.0,1.0,0.0,0.0,1.0,1.0,0.0,1.0,1.0,0.0,1.0,1.0
1557,0.0004067696926761677,0.00010808057669002095,0.0003863850419008423,0.0002783044652108213,-0.0015346298554739653,2.3550887935375187e-06,0.0004693496923174889,-0.008104216412188362,6.567832365567128e-05,0.00024427396826642855,-0.01600650860185265,0.00025620831762085405,0.0004455314651186093
1558,-2.832523103917893,6.681487169102329e-05,0.0002122120624712028,0.00014539719078017951,0.008174036438099871,6.681487169135636e-05,0.00021221206247179492,-0.008174036438099871,6.681487169135636e-05,0.00021221206247090674,-0.008174036438099875,6.681487169035716e-05,0.00021221206247090674
1559,0.00019446514340637489,7.374383465115948e-05,0.00032833166728544566,0.0002545878326342862,-0.0042281473632171905,1.787723012502962e-05,0.0003349868246389498,-0.006723619716376659,4.5207062090324435e-05,0.00019665222172771113,0.01257565949515953,0.0001581472117381244,0.000453355955489676
1560,8.346801909531187e-06,2.2150477356393714e-06,0.00028656875053726755,0.0002843537028016282,-0.0005456694973349665,2.9775520038466396e-07,0.00026198884779693454,0.0015620650380808476,2.4400471829721937e-06,0.0003405563014796664,0.001976699477261863,3.907340823561256e-06,0.0002571611023352016
1561,5.375710932353783e-05,1.661371542131344e-05,0.00019126993265498418,0.00017465621723367075,-0.006636476961058537,4.4042826454648853e-05,0.000171706325860832,0.0014737029987375134,2.171800528527612e-06,0.0003767571730585173,0.0019043422173542779,3.6265192807638513e-06,2.534629904560326e-05
1562,-3.2212830142003845,1.0,1.0,0.0,0.0,1.0,1.0,0.0,1.0,1.0,0.0,1.0,1.0
1563,0.00013649632525536415,1.7118514215856234e-05,0.00016040561495522798,0.00014328710073937176,0.003128146719279161,9.78530189732485e-06,0.0001725837251125295,-0.0009323258800166972,8.692315468517009e-07,0.00014188378043900052,0.006379734258061084,4.070100920339215e-05,0.00016674933931415392
1564,1.507426170554993e-05,5.189412544459593e-06,0.0001909574961023545,0.0001857680835578949,-0.00024072103884015695,5.794661850355709e-08,0.0001438537123694683,-0.001204881698825792,1.4517399079538862e-06,0.00022602941692395628,-0.0037494734440406212,1.4058551106921335e-05,0.0002029893590136389
1565,5.5180351303807385e-06,9.540730212531656e-07,0.00013507154632449078,0.00013411747330323762,0.0008097541565646971,6.557017944164301e-07,9.317136878062016e-05,0.001470834198621323,2.163353239992283e-06,0.0002520297809905925,0.00020775954550539166,4.3164029350784006e-08,6.0013489202259684e-05
1566,5.069633898613368e-05,2.07998488212698e-05,0.00024252923020543862,0.0002217293813841688,-0.0012118563061301523,1.46859570615554e-06,0.00014998555306477979,0.006734144096480981,4.534869671224406e-05,0.0002935938121080284,-0.003947436389059764,1.5582254045409805e-05,0.00028400832544350774
1567,2.9293611817471366e-05,1.8360528126537545e-05,0.00013017902826473193,0.00011181850013819439,-0.005283387890873433,2.791418760506037e-05,0.00018698244645776185,0.003097549951881091,9.594815704283555e-06,9.932177457794289e-05,0.004191966253457198,1.757258107026871e-05,0.00010423286375849106
1568,0.0001022802075900664,2.837647990735122e-05,0.00019408361142144356,0.00016570713151409233,0.004076378765353068,1.6616863838581075e-05,0.00028930703902141364,0.0012080438912099962,1.459370043588315e-06,0.0001465049686331099,-0.008188602190844154,6.705320583988428e-05,0.00014643882660980712
1569,-3.2212830142003845,1.0,1.0,0.0,0.0,1.0,1.0,0.0,1.0,1.0,0.0,1.0,1.0
1570,4.086748488940639e-05,2.1566162366556025e-05,0.0001469474638045032,0.00012538130143794715,-0.005594350142604366,3.129675351776218e-05,0.0001298035075094628,0.0039072213724577936,1.5266378853628915e-05,0.0001585586990096033,0.004258562518963013,1.8135354728276987e-05,0.00015248018489444348
1571,8.994628955427686e-05,3.0249372056904516e-05,0.00029549733304323755,0.000265247960986333,0.005413705519011242,2.9308207446288037e-05,0.0002999611782041889,0.005396911654837502,2.9126655411326752e-05,0.00028125959421676505,0.005684474761374515,3.2313253313098755e-05,0.0003052712267087587
1572,-3.2212830142003845,1.0,1.0,0.0,0.0,1.0,1.0,0.0,1.0,1.0,0.0,1.0,1.0
1573,7.01209372262479e-05,1.6112374153554043e-05,0.00018433607654518477,0.00016822370239163073,-0.004985159136909425,2.485181162037442e-05,0.00014696955660176148,0.001400787595474457,1.962205888217383e-06,0.00021758214082900906,-0.004639300049838327,2.1523104952070327e-05,0.00018845653220478376
1574,3.308264461554522e-05,1.0324586881475343e-05,0.00021248044097325428,0.00020215585409177894,-0.00284104642724427,8.071544801868669e-06,0.00015915361818408247,-0.000456593257348465,2.0847740245244495e-07,0.00028826941971549225,0.004763794542207483,2.2693738440104916e-05,0.00019001828502018814
1575,0.00011985145337545244,3.791206669138495e-05,0.0002638953910755193,0.00022598332438413435,-0.010325534745043372,0.00010661666777067591,0.0005692153518052079,-0.0024924201980276927,6.212158443763549e-06,3.104152249155945e-05,-0.000952561735358972,9.073738597153991e-07,0.00019142929892979055
1576,1.3603984447607687e-05,1.3274081694936157e-06,0.0002669561313936401,0.0002656287232241465,-0.0019007635061169695,3.6129019053143807e-06,0.00031938592700242463,0.0005494006487686678,3.0184107313591113e-07,0.0002808983961241074,-0.00025977207297290074,6.748153003055535e-08,0.00020058407105438825
1577,0.0001340297733871676,3.428808485335851e-05,0.00023296448945916057,0.00019867640460580205,-0.0040418407116954895,1.6336476338807415e-05,0.00022921922807106476,0.00862344886031673,7.436387024706281e-05,0.00024861183073587867,0.0034876794541285204,1.2163907974205301e-05,0.00022106240957053824
1578,-3.1382283814867273,3.1985788987813163e-07,0.00016107569135825894,0.00016075583346838082,0.0005655598020378651,3.1985788928601266e-07,0.00016107569135725974,-0.0005655598020378645,3.198578918395256e-07,0.00016107569136025734,0.0005655598020378654,3.1985788850885655e-07,0.00016107569135725974
1579,5.794603853859215e-06,1.035724398098144e-06,0.00011062589527514415,0.000109590170877046,0.00036358839351515875,1.3219651995299841e-07,0.000107068815478506,0.0008962684733840067,8.032971763327623e-07,4.324711861680708e-05,-0.001473661934742531,2.1716794980086718e-06,0.00018156175173011935
1580,0.00046357891203197,0.00014185456984598202,0.0006053802097989077,0.0004635256399529257,0.003971313753397254,1.577133292773869e-05,0.0007113630303205998,0.01428707544261255,0.0002041205247030886,0.0007438958157766073,0.014341263957785604,0.00020567185190711879,0.0003608817832995159
1581,0.00013253356648934567,6.137170305953177e-06,0.0001571961429471432,0.00015105897264119003,0.003881723969371252,1.5067780973709866e-05,0.0001720578450635779,-0.0016581100264599895,2.749328859685818e-06,0.00015327543811183286,-0.0007709741143526054,5.94401084463847e-07,0.00014625514566601883
1582,5.074849373010171e-05,3.575078390342471e-05,0.0001207603371273791,8.50095532239544e-05,0.0066428428943766365,4.4127361719326075e-05,0.00010670764655318354,0.003659585021528153,1.3392562528857788e-05,0.00014042258252700002,0.007052122195667948,4.973242746209028e-05,0.00011515078230195375
1583,-3.2212830142003845,1.0,1.0,0.0,0.0,1.0,1.0,0.0,1.0,1.0,0.0,1.0,1.0
1584,6.117776802128105e-05,3.7457563711762454e-05,0.00015306416211202656,0.0001156065984002641,0.006688688368197823,4.473855208675381e-05,0.00018953948960565015,-0.007277899396129045,5.296781962138564e-05,0.00020179820637533652,-0.003829663095835339,1.4666319427147911e-05,6.785479035509301e-05
1585,7.186169249617791e-05,2.937554475105723e-05,0.00016037818114500446,0.00013100263639394724,-0.004360606029828018,1.9014884947488042e-05,0.0001913854265549464,0.0033774185414970656,1.1406956003545687e-05,0.0001799387752910997,-0.007596367112106896,5.770479330213796e-05,0.0001098103415889673
1586,0.00014429077772626364,2.7843287836633774e-05,0.00023276159541563146,0.00020491830757899768,0.0007024083872947761,4.933775427096165e-07,0.00019419592845726363,0.006441689471865357,4.1495363250709794e-05,0.00034967313597522587,-0.006445240314847492,4.1541122716481915e-05,0.00015441572181440488
1587,-3.2212830142003845,1.0,1.0,0.0,0.0,1.0,1.0,0.0,1.0,1.0,0.0,1.0,1.0
1588,5.777161671438602e-05,4.1936456481761475e-05,0.0001291821994206336,8.724574293887213e-05,-0.006907524553610665,4.771389545854543e-05,0.00011655622078454719,-0.005110621591806586,2.6118453054224666e-05,0.00015260874567235572,-0.007209509063271515,5.197702093251433e-05,0.00011838163180499794
1589,-3.2212830142003845,1.0,1.0,0.0,0.0,1.0,1.0,0.0,1.0,1.0,0.0,1.0,1.0
1590,-3.1924630192692414,1.6367188115336735e-05,0.00016391838858387242,0.00014755120046853568,0.0040456381592118345,1.6367188115373743e-05,0.0001639183885843165,0.0040456381592118345,1.6367188115928855e-05,0.00016391838858453855,0.004045638159211836,1.636718811470761e-05,0.0001639183885827622
1591,9.008766237394994e-05,2.2220439810742103e-05,0.0005283061556505819,0.0005060857158398399,0.0011077518644499853,1.2271141923703155e-06,0.0007596586146940698,0.0015955158569567786,2.5456708496740532e-06,0.0007074900941238527,-0.007930229151194533,6.288853439018194e-05,0.00011776975813382329
1592,-3.019555814411297,5.808287916594009e-06,0.00016139622677358023,0.0001555879388569862,0.0024100389865377467,5.808287916853061e-06,0.00016139622677369125,-0.002410038986537743,5.8082879162979495e-06,0.00016139622677358023,-0.002410038986537744,5.808287916631016e-06,0.0001613962267734692
1593,0.000226880349809222,6.229104257249318e-05,0.00017091597074684697,0.00010862492817435379,0.005023776283083402,2.5238328142385136e-05,0.0001409464821342521,-0.0004036577593662088,1.6293958671198538e-07,0.00015033428179245245,-0.012707157824954726,0.00016147185998838243,0.0002214671483138364
1594,0.00014256187248695706,2.352473506957627e-05,0.0003182271954570807,0.00029470246038750447,0.002783859105206296,7.74987151741513e-06,0.00031191126644292133,-0.007445866330766633,5.544092541576173e-05,0.00030978117045354914,0.00271724277085481,7.38340827555195e-06,0.00033298914947477165
1595,0.00010362830539223378,6.683375001907225e-06,0.00047167555058151106,0.0004649921755796038,-0.0034059074831267865,1.1600205783279804e-05,0.00046028163996802984,0.0023311119492464252,5.434082919197891e-06,0.00046772721093746306,0.0017366163372539328,3.0158363032439794e-06,0.0004870178008390402
1596,6.105159797176185e-05,1.725338937730303e-05,0.00030570056733884393,0.0002884471779615409,-0.004931431903592231,2.4319020619834042e-05,0.0002456086419024839,-0.000996747484064592,9.935055473864196e-07,0.0002819872050078276,-0.0051427270940647505,2.644764196468863e-05,0.00038950585510622027
1597,-3.0010635925466875,6.68148716915784e-05,0.00021221206247183191,0.0001453971907802535,0.00817403643809987,6.681487169246658e-05,0.00021221206247246105,-0.008174036438099871,6.68148716915784e-05,0.0002122120624716839,0.008174036438099871,6.681487169069023e-05,0.00021221206247135083
1598,2.5653417021875846e-05,2.5030246427008387e-06,9.16597829290211e-05,8.915675828632026e-05,0.0025732130539445276,6.621425420183513e-06,9.06524427753963e-05,-0.0009297349715410198,8.644071171071133e-07,9.47258749945945e-05,-0.0001524512733755647,2.3241390811890028e-08,8.960103101707251e-05
1599,-3.1869282954675944,5.982398345416584e-05,0.000174055889408146,0.00011423190595398017,-0.007734596528211596,5.982398345449891e-05,0.00017405588940844208,0.007734596528211598,5.982398345361073e-05,0.000174055889407998,0.007734596528211593,5.9823983454387886e-05,0.000174055889407998
1600,0.00020239583966286112,5.898055847704716e-05,0.0004716555671639237,0.00041267500868687656,0.007002065844285709,4.902892608771303e-05,0.0002266045478852563,0.0035471000034558,1.258191843434009e-05,0.00013601251150630045,0.010739219287697613,0.00011533083090908836,0.0010523496421002143
1601,8.066012092422525e-05,3.251530946316953e-05,0.00024100797299971463,0.0002084926635365451,-0.005918631059160096,3.503019361406068e-05,0.0002331115547596907,-0.004888366911418193,2.3896131059686354e-05,0.00024092063419667298,-0.006214467291306322,3.8619603715761563e-05,0.0002489917300427802
1602,0.0001993016645803758,8.395573495822983e-05,0.00020125995896835835,0.00011730422401012852,0.009565025921575916,9.148972088035556e-05,0.00022985281414855674,-0.004628757112275379,2.1425392404683663e-05,0.00011282169254267504,-0.011787794178283465,0.00013895209158965027,0.0002611053702138433
1603,-3.2212830142003845,1.0,1.0,0.0,0.0,1.0,1.0,0.0,1.0,1.0,0.0,1.0,1.0
1604,0.00022418469173979272,1.4376662943941613e-05,0.0004894051727240001,0.00047502850978005845,-0.003225105693889018,1.040130673601869e-05,0.0004714946774240225,-0.004203001376076265,1.766522056834141e-05,0.0004978383741223169,0.0038811675469087445,1.5063461527464739e-05,0.0004988824666256608
1605,3.827677096279736e-05,1.2153628321927753e-05,0.0002210418646986604,0.00020888823637673265,-0.0029312720540382864,8.5923558545975e-06,0.00029414249441384044,-0.001666887492759848,2.7785139137259662e-06,0.00023964294471245928,0.005008993431557187,2.5090015197459792e-05,0.00012934015496968154
1606,5.685766348617616e-05,2.824759365009181e-06,0.0011490792367804998,0.0011462544774154906,0.0020027272823969337,4.010916568208955e-06,0.001308520408292102,-0.0018778777951482888,3.5264250127786667e-06,0.0010055930795360712,0.0009679548100697364,9.369365140399211e-07,0.0011331242225133265
1607,6.854970256320314e-05,2.482144326088065e-05,0.00019955224720898576,0.0001747308039481051,0.003303081870747038,1.0910349845016931e-05,6.550053501241937e-05,0.002487788549986826,6.189091869224228e-06,0.00032166447243375806,0.007573961187440832,5.736488806840079e-05,0.00021149173418077982
1608,0.00010764303146382215,2.5118536249461403e-05,0.00028571962550805186,0.00026060108925859044,0.005781677386216046,3.3427793398432826e-05,0.00022060348741759217,-0.00581708450063945,3.383847208748847e-05,0.0002487275688825008,-0.0028441770800225726,8.089343262462911e-06,0.0003878278202240626
1609,1.7746332734547288e-05,1.5965799427715883e-06,0.0002051622513424093,0.00020356567139963772,-0.0009740938735104837,9.488588749162474e-07,0.00014556903611206984,-0.0019416990803424199,3.770195318164582e-06,0.00024634232929532374,-0.00026586770234637413,7.068563523393578e-08,0.0002235753886198344
1610,-3.2212830142003845,1.0,1.0,0.0,0.0,1.0,1.0,0.0,1.0,1.0,0.0,1.0,1.0
1611,-3.2212830142003845,1.0,1.0,0.0,0.0,1.0,1.0,0.0,1.0,1.0,0.0,1.0,1.0
1612,3.1893842349584034e-05,9.771190988735098e-06,0.00025757136814948584,0.00024780017716075076,0.003531305696700404,1.247011992344671e-05,0.00042920886019437443,-0.002957298740961939,8.745615842964405e-06,8.976167996399553e-05,-0.0028456699035333006,8.097837199794178e-06,0.0002537435642900876
1613,-3.2212830142003845,1.0,1.0,0.0,0.0,1.0,1.0,0.0,1.0,1.0,0.0,1.0,1.0
1614,8.902488296358424e-05,3.0283414207040355e-05,0.0003475460314378287,0.00031726261723078836,-0.0062082857896490345,3.854281244608515e-05,0.00029767283438564274,0.007197718735430202,5.1807154993643856e-05,0.0006281838557526953,0.0007073013373900767,5.002751813920625e-07,0.00011678140417514804
1615,8.07711771441122e-05,5.909121208521236e-05,0.0002345868458880259,0.00017549563380281352,0.0075181595717540226,5.652272334655262e-05,0.0002404653199199469,-0.008899345767699842,7.91983550930686e-05,0.0002586946085432196,0.006446127350258775,4.1552557816015856e-05,0.00020460060920091117
1616,0.00013580852736416738,6.051589236451734e-05,0.0002762379301481932,0.00021572203778367585,0.0008214303230853162,6.747477756530174e-07,0.00024105464302481838,-0.01010092808514808,0.00010202874818177055,0.0002854154947036225,0.00887942459489798,7.884418113612846e-05,0.00030224365271613873
1617,0.0001236541954225956,6.773600279330605e-05,0.00023104703088664783,0.00016331102809334178,0.010437196577662717,0.00010893507240106182,0.00019210371962341544,0.009468498238042295,8.965245888370443e-05,0.0002520257734652809,0.002149529505541403,4.620477095151898e-06,0.0002490115995712472
1618,2.5788973149309946e-05,8.415755594737284e-06,0.00024167893223558945,0.00023326317664085217,-0.0006143279710378968,3.7739885627718905e-07,0.000379964944038913,0.004830825528870787,2.3336875290547177e-05,0.00016348581765879278,-0.0012381407988557947,1.532992637387487e-06,0.00018158603500906256
1619,0.0001008862761778806,8.287742428621699e-05,0.0002765543983808498,0.0001936769740946328,0.008281111412896076,6.857680623362228e-05,0.00027605266807417816,0.00950396010484981,9.032525767560529e-05,0.0002806707131889352,-0.009472603071425886,8.97302089494234e-05,0.0002729398138794359
1620,-3.2212830142003845,1.0,1.0,0.0,0.0,1.0,1.0,0.0,1.0,1.0,0.0,1.0,1.0
1621,0.00023679392614361916,1.257143133629827e-05,0.0004850938755367462,0.0004725224442004479,-0.003553126744560856,1.2624709663011657e-05,0.0004789179069609739,0.0013599996020432288,1.8495989169142746e-06,0.00043629738292816356,0.0048207868060402715,2.323998542896888e-05,0.0005400663367211012
1622,-3.2212830142003845,1.0,1.0,0.0,0.0,1.0,1.0,0.0,1.0,1.0,0.0,1.0,1.0
1623,0.00012129050442089007,2.7209327935392064e-05,0.000330705588384439,0.00030349626044904693,-0.007876653772372665,6.204167464973764e-05,0.0004973033002104721,0.0005114549867322627,2.6158620358707196e-07,0.00030987592281583876,0.004395989416814092,1.932472295285148e-05,0.00018493754212700608
1624,0.00030961866975121044,0.0001603139736485737,0.0007227541493396439,0.0005624401756910702,-0.017297337966967398,0.0002991979007435086,0.0005867744497314309,-0.010831333198334877,0.00011731777885326533,0.0008224050815197614,-0.00802659587556835,6.442624134894714e-05,0.0007590829167677393
1625,0.00020585694196695314,5.933750742511309e-05,0.00023837388981677124,0.00017903638239165814,0.009600510903018403,9.216980959902976e-05,0.00024735882808468723,0.009046103722186592,8.183199255229479e-05,0.00022651375482485303,-0.002002678237865812,4.0107201240147106e-06,0.00024124908654077348
1626,3.275226450261126e-05,8.999463751546699e-06,0.0005604015598836091,0.0005514020961320624,0.000478554462413989,2.2901437346511955e-07,0.00045384707791185086,-0.005170481716152805,2.673388117668818e-05,0.0007061683097542293,0.00018840303777504724,3.549570448679873e-08,0.0005211892919847472
1627,0.00022962675870730198,6.755745076177562e-05,0.0001689229459280369,0.00010136549516626127,-0.013455179402057529,0.00018104185274214757,0.00028447775866879965,-0.00262035590953475,6.866265092830837e-06,8.767950405086378e-05,-0.003842425594593866,1.4764234450348468e-05,0.0001346115750644472
1628,-3.1432123483371397,4.6113294793685235e-05,0.00018407718683011165,0.00013796389203642642,0.006790677049724959,4.611329479364823e-05,0.00018407718683055574,0.0067906770497249596,4.611329479375925e-05,0.00018407718683000063,-0.006790677049724958,4.611329479364823e-05,0.00018407718682977858
1629,-3.1370612504183963,3.203059048014397e-05,0.0001630027050154581,0.00013097211453531413,-0.005659557445649231,3.2030590480292e-05,0.0001630027050154581,0.005659557445649231,3.203059048040302e-05,0.0001630027050159022,-0.00565955744564923,3.203059047973689e-05,0.00016300270501501402
1630,-3.2212830142003845,1.0,1.0,0.0,0.0,1.0,1.0,0.0,1.0,1.0,0.0,1.0,1.0
1631,9.302160061008813e-05,4.010481476546257e-05,0.0003158042514059452,0.00027569943664048263,0.004314113145996549,1.8611572236260088e-05,0.00039242199001687794,0.009367300878208877,8.774632574271024e-05,0.0004851234789335912,-0.0037358461313582014,1.3956546317417384e-05,6.986728526736652e-05
1632,-3.000183309345153,1.2911632213064017e-05,0.000154752007831808,0.000141840375618744,-0.00420480740411325,1.7680405305475766e-05,0.00014532392032673425,0.004584582319305619,2.1018395043870264e-05,0.00018009993636869392,0.0001899902350085525,3.6096289846021534e-08,0.00013883216679999588
1633,0.00018984141192168735,5.425215474937536e-05,0.00024879517718793637,0.000194543022438561,0.0030733562525501004,9.445518655337715e-06,0.00030876735543416967,2.802854485261891e-05,7.85599141295279e-10,0.0001932759665164152,-0.01238184800397782,0.00015331015999364705,0.00024434220961322417
1634,-3.2212830142003845,1.0,1.0,0.0,0.0,1.0,1.0,0.0,1.0,1.0,0.0,1.0,1.0
1635,0.0001400251987753176,4.9340404393453476e-05,0.00019299844662849322,0.00014365804223503975,-0.011723261073446359,0.00013743485019612756,0.0002676157331101825,0.001932736253872587,3.73546942744607e-06,0.00018577432776056835,0.002617421165319823,6.850893556786808e-06,0.00012560527901472884
1636,0.0005332490977205673,0.00015691598492006964,0.0008783609559901798,0.0007214449710701102,-0.009530465055823027,9.082976418051114e-05,0.00080220648039242,0.015578998943753232,0.0002427052080894443,0.0014310454138075634,-0.011713794538503495,0.0001372129824902535,0.0004018309737705561
1637,-3.2212830142003845,1.0,1.0,0.0,0.0,1.0,1.0,0.0,1.0,1.0,0.0,1.0,1.0
1638,0.00012895035023829937,0.00010433219145788986,0.0001400466917817663,3.5714500323876436e-05,-0.009330646121334708,8.706095704191785e-05,0.0001303270770321996,-0.01074590782729663,0.00011547453503280014,0.00014853201380671255,-0.010510046731513172,0.00011046108229895157,0.0001412809845063867
1639,0.0006227044366474699,0.0003101637478365449,0.0032942804770860943,0.0029841167292495494,-0.01499602043695972,0.00022488062894587824,0.0022256217159242198,0.01435773359546881,0.0002061445139984741,0.0021210290659389175,0.022348738232056187,0.0004994661005652823,0.005536190649395145
1640,0.0006549106408318961,0.00027215763123641007,0.0010642613992672967,0.0007921037680308867,-0.001112373256266056,1.2373742610538585e-06,0.0006948161891985327,0.020594386205920003,0.00042412874319852634,0.0010836236648369413,0.019776419702506706,0.00039110677624965007,0.001414344343766416
1641,5.4469908045251536e-05,3.66010855202085e-05,0.00021755553434880484,0.00018095444882859635,0.006263093783369569,3.922634373976219e-05,0.00016160742126070105,-0.007264486778201216,5.27727681505219e-05,0.0002450776010985978,-0.0042194957838729485,1.7804144670341415e-05,0.00024598158068711573
1642,-3.2212830142003845,1.0,1.0,0.0,0.0,1.0,1.0,0.0,1.0,1.0,0.0,1.0,1.0
1643,0.00036471208373778374,9.205470171484247e-05,0.00023112898315521177,0.00013907428144036932,-0.009123489841873821,8.32380668948085e-05,0.00014906716790141772,-0.01352573889005164,0.00018294561252185648,0.00029794803235527745,-0.003159181179973532,9.980425727862396e-06,0.0002463717492089401
1644,-2.9517165186343797,5.8082879161499195e-06,0.00016139622677321017,0.00015558793885706024,-0.002410038986537746,5.808287916519994e-06,0.00016139622677380228,-0.0024100389865377467,5.808287915409771e-06,0.00016139622677258103,0.0024100389865377454,5.808287916519994e-06,0.00016139622677324716
1645,0.00015376444434822556,3.584490371821847e-05,0.00017048627023978172,0.00013464136652156325,0.006186869497275386,3.82773541759418e-05,0.00027862148605695136,0.005432297851842755,2.950985995087141e-05,0.00011717260671517682,0.006304561604734132,3.9747497027842194e-05,0.000115664717947217
1646,-3.2212830142003845,1.0,1.0,0.0,0.0,1.0,1.0,0.0,1.0,1.0,0.0,1.0,1.0
1647,0.0002190600570783907,0.0001494036044645449,0.0004880101359168905,0.00033860653145234565,0.008227755669342753,6.76959633538754e-05,0.0003879553004181302,-0.012921299804991841,0.0001669599886502393,0.0005308254725853168,0.01461351639371969,0.00021355486138951996,0.0005452496347472247
1648,1.2478127427995034e-06,4.767930909347721e-07,0.00030729622884650976,0.00030681943575557497,0.0007471324374845281,5.582068790532801e-07,6.367627133074816e-05,-0.0009164202725386615,8.398261158726328e-07,3.847715916793781e-05,-0.00017985070945586911,3.2346277878403384e-08,0.0008197352560408433
1649,-3.2212830142003845,1.0,1.0,0.0,0.0,1.0,1.0,0.0,1.0,1.0,0.0,1.0,1.0
1650,0.0001412742394917288,1.790354347275258e-05,0.0004518204753921247,0.00043391693191937214,0.0007472031502801826,5.583125478603179e-07,0.0006584842922006118,-0.0023810100315978283,5.669208770431311e-06,0.00013033305732124134,-0.006890798872415182,4.7483109099966114e-05,0.0005666440766545211
1651,0.00047683809250720355,0.00031344343586274065,0.00075211658569041,0.0004386731498276693,-0.014221735765447894,0.00020225776818227903,0.0005847628695265783,-0.021659379875239526,0.00046912873658011556,0.0008606158640803718,-0.016399506176277934,0.0002689438028258273,0.0008109710234642797
1652,1.0150085384519336e-05,3.2607232529254424e-06,0.0001690881353918853,0.00016582741213895985,-0.0005768183104624968,3.327193631719183e-07,0.0003308181812734512,-0.0013714941799101005,1.8809962855081963e-06,3.3886985039588424e-05,0.0027510823524685125,7.568454110096212e-06,0.00014255923986261632
1653,-3.2212830142003845,1.0,1.0,0.0,0.0,1.0,1.0,0.0,1.0,1.0,0.0,1.0,1.0
1654,3.075235490090922e-05,7.433485454400035e-06,0.00022996158561446509,0.00022252810016006505,-0.0040935785875506015,1.67573856519887e-05,0.0002282150373129621,-0.0021065619349032545,4.437603185580841e-06,0.0003565843042336869,-0.0010514121579895546,1.1054675256305657e-06,0.0001050854152967462
1655,-3.2212830142003845,1.0,1.0,0.0,0.0,1.0,1.0,0.0,1.0,1.0,0.0,1.0,1.0
1656,0.00019862825523730976,0.00015317506465832112,0.00047664459550230315,0.000323469530843982,0.013488639690442972,0.00018194340069843662,0.0004300277415049125,0.013909112461009423,0.00019346340945303186,0.0005391943708342728,-0.00917160748307986,8.41183838234949e-05,0.0004607116741677242
1657,0.0004755444842335921,0.0001622909454398099,0.0004568462462728092,0.0002945553008329993,-0.010295548639440759,0.0001059983217870375,0.0003646523474452046,-0.019473513440449564,0.00037921772571547496,0.0008203316180189768,-0.0012871630887100762,1.6567888169172207e-06,0.0001855547733542462
1658,8.192029899656283e-05,1.4328296787269323e-05,0.00029446626642119317,0.00028013796963392384,-0.0011720438075691873,1.373686687067277e-06,0.00020083206938681375,0.00643033005274209,4.1349144587199405e-05,0.0004264107595557398,0.0005119170708332586,2.620590875412887e-07,0.0002561559703210259
1659,0.00027427460190787567,0.00010405451060076694,0.0003297201848936708,0.00022566567429290385,-0.006127860774520857,3.75506776719714e-05,0.00027575242210031714,0.014664393205530337,0.00021504442808650825,0.0003826655929067835,-0.007718058437455337,5.9568426043821177e-05,0.00033074253967391165
1660,1.3832778873124063e-05,5.620445427068077e-06,0.0002168046579506718,0.00021118421252360373,-0.002871075057173772,8.243071984104233e-06,0.00037886067580295,-0.002647853858976114,7.011130058742765e-06,3.894795094183667e-05,-0.0012677279828021673,1.607134238357233e-06,0.0002326053471072287
1661,0.0001991366366278502,0.00014277021343937305,0.0002934816681461709,0.00015071145470679784,0.012275923401219293,0.00015069829535252488,0.00030821396723468286,0.011061787811136776,0.00012236314957903005,0.0003179766034302478,0.012459903506317921,0.00015524919538656423,0.0002542544337735819
1662,6.0340554729920726e-05,2.4276784924448513e-05,0.00011883143127759214,9.455464635314363e-05,0.006505175582224645,4.2317309355777155e-05,7.729363938191458e-05,-0.00550898734663582,3.034894158504553e-05,0.0001511238214685351,-0.000405097311847621,1.6410383252285499e-07,0.00012807683298232675
1663,1.371590079612961e-05,8.837771377908274e-06,0.00026249625786045616,0.0002536584864825479,0.003291011137885649,1.0830754309520962e-05,0.00023514268078905776,-0.0025720060472276597,6.615215106697825e-06,0.00029642152677256117,0.0030112032011338163,9.067344717506032e-06,0.00025592456601974956
1664,0.00011812707593195082,2.8721268921912586e-05,0.00025283057291432726,0.00022410930399241466,7.423347100896518e-05,5.510608191983124e-09,0.00025090423941587225,0.00803268117958669,6.452396693268359e-05,0.00025471920000075254,0.004651271785745676,2.1634329224862192e-05,0.000252868279326357
1665,8.6176218799916e-05,4.476828504240693e-05,0.00018890706439049035,0.00014413877934808342,-0.0032387792252908574,1.0489690870141288e-05,0.00012347510763199843,-0.007283023286662572,5.3042428194038926e-05,0.0002588584670368821,0.008412653330741678,7.077273606304058e-05,0.00018438761850259056
1666,-3.207945694675426,3.4693482322915394e-05,0.0001660678358325803,0.00013137435350966492,0.005890117343711713,3.469348232287839e-05,0.00016606783583272833,0.005890117343711712,3.4693482324210656e-05,0.00016606783583372753,0.005890117343711718,3.469348232165714e-05,0.00016606783583128504
1667,0.00020361032822446834,8.793582895327834e-05,0.0002607384781750192,0.00017280264922174088,-0.009741935671657601,9.490531063038876e-05,0.0004408427267859061,0.012943479421671067,0.00016753365953969812,0.0003043368813373526,-0.0011698361806683614,1.3685166897481338e-06,3.703582640179892e-05
1668,0.0012891495079171422,0.0009371247579451995,0.0015648441155573511,0.0006277193576121517,-0.02901930164429803,0.0008421198679228192,0.0014006603338000412,-0.029244993883586718,0.0008552696672513571,0.0015142563587512425,-0.0333764099127132,0.0011139847386614221,0.0017796156541207697
1669,-3.2212830142003845,1.0,1.0,0.0,0.0,1.0,1.0,0.0,1.0,1.0,0.0,1.0,1.0
1670,-3.1609713312152135,1.1553163716593318e-05,0.00020829698938495955,0.00019674382566836623,0.004178443430487668,1.7459389499263622e-05,0.000304495672928784,0.0026148996186824507,6.837700015971393e-06,0.0001300572281762724,0.003219068441624453,1.0362401634544938e-05,0.00019033806704982226
1671,0.00033599697911546045,0.00013576118587425393,0.0007654594509248769,0.000629698265050623,0.009892526056398438,9.786207177653328e-05,0.0007267331000627708,-0.017578402146771022,0.0003090002220335064,0.001351913692623219,-0.0006490483900240547,4.212638127221169e-07,0.00021773156008864092
1672,0.00025565647563641214,0.00011964451334400827,0.0004684997684026859,0.00034885525505867765,-0.015944993274568393,0.0002542428105259953,0.0009207155290796853,0.0010776545648424093,1.1613393609000155e-06,5.8987781622610314e-05,0.010174939319005392,0.00010352939014512952,0.0004257959945057621
1673,0.0004721374334389905,0.00016681062341850073,0.0004450809556176087,0.00027827033219910796,0.011238620101207622,0.0001263065817794784,0.00034528286523394236,-0.002106237223253743,4.436235240490305e-06,0.00044625981598633846,0.01922729968652699,0.00036968905323553347,0.0005437001856325452
1674,0.0003075334074379432,6.442776125855272e-05,0.0006472514693007803,0.0005828237080422275,-0.013673547338749195,0.00018696589682487552,0.00047121281225370737,-0.0007208442442789577,5.196164244436474e-07,0.0006094422873116345,-0.002407856002010833,5.797770526339008e-06,0.0008610993083369989
1675,-3.1366429639593782,1.636718811555878e-05,0.00016391838858405747,0.00014755120046849868,0.004045638159211835,1.63671881151517e-05,0.00016391838858342833,-0.004045638159211834,1.636718811570681e-05,0.00016391838858409447,-0.004045638159211834,1.6367188115817832e-05,0.00016391838858464958
1676,5.263944853184377e-05,1.0263295263287139e-05,0.00018272743718861229,0.00017246414192532514,0.0035629696786148224,1.2694752930753062e-05,0.0002672124190447045,0.003336829890400838,1.1134433717363557e-05,8.643478082348555e-05,-0.002638313692909608,6.960699141744797e-06,0.0001945351116976468
1677,0.00020932560734276962,1.2397328085852108e-05,0.00018872204463016296,0.00017632471654431084,-0.003689982557870443,1.361597127758074e-05,0.00013763733249894106,-0.0017929606338173364,3.2147078340427626e-06,0.0002315527141414364,-0.004512350290718001,2.0361305145932818e-05,0.0001969760872501114
1678,0.00015677535271063636,6.339208553300206e-05,0.000242739742097949,0.00017934765656494694,-0.0006569052736646999,4.3152453854666817e-07,0.00016196377770916204,-0.006262516273240666,3.9219110072874486e-05,0.00020167363380740877,-0.012268888376197202,0.000150525621987585,0.00036458181477727614
1679,0.0017070724791015124,0.0006316087070021478,0.0019146575439838998,0.0012830488369817519,0.008768941693100624,7.689433841706617e-05,0.0017923926598469864,0.04125381389421682,0.001701877160818599,0.003479094033209895,-0.010772865067873321,0.00011605462177077808,0.0004724859388948177
1680,0.0017833596835151733,0.0009376699526704538,0.0014332658553756206,0.0004955959027051667,-0.04070460841246312,0.0016568651460121542,0.0025939296310979465,0.027989753797168813,0.0007834263176264011,0.0012109932182555738,0.01930591604593299,0.0003727183943728063,0.0004948747167733414
1681,7.564762466005792e-05,3.5782726070817304e-05,0.00012540017956593394,8.961745349511663e-05,0.007345095082992824,5.395042177813725e-05,0.00017154166752963995,-0.007306575374193963,5.338604369931055e-05,0.00010942817989123554,-0.00010822538933124911,1.1712735004110186e-08,9.52306912769263e-05
1682,0.005460193665680291,0.0016378819964336655,0.006048158778567274,0.004410276782133608,0.010993366812585469,0.0001208541138760788,0.001635408081513079,-0.06835103614522299,0.004671864142125726,0.01585900049045208,-0.010996714659346195,0.00012092773329919204,0.0006500677637366614
1683,-3.1864735135918867,5.631056574680512e-05,0.0001618923713568495,0.00010558180561004438,0.007504036630149105,5.6310565747397234e-05,0.0001618923713573306,-0.00750403663014911,5.6310565747397234e-05,0.0001618923713573306,0.007504036630149114,5.631056574562088e-05,0.0001618923713558873
1684,0.0068123111146198845,0.0018276134233471038,0.002322392050228883,0.0004947786268817793,-0.02494487079958284,0.0006222465792077303,0.0011733289448603301,0.06873522045665066,0.004724530531224347,0.0051784644675452185,0.011664611421267424,0.00013606315960923432,0.0006153827382811006
1685,0.00012797632308270135,4.9284170798894834e-05,0.0004066274657815727,0.00035734329498267786,-0.011232638959112279,0.0001261721779866054,0.0004070536574086736,-0.0034379158731990974,1.1819265551715752e-05,0.0006110517916577685,-0.00314023388592005,9.861068858363353e-06,0.00020177694827827608
1686,6.824315603681796e-05,2.7271127167383113e-05,0.0003049908994353645,0.0002777197722679814,0.004818051690322312,2.321362209090072e-05,0.00030254663217388345,-0.006163356364682667,3.798696167855997e-05,0.0003346264276662403,-0.004540131906822413,2.0612797732688648e-05,0.0002777996384659698
1687,0.0004768727092672176,0.00025029911564196833,0.0003592551586547958,0.00010895604301282746,-0.019027426732225444,0.0003620429680505355,0.00045034525064235886,0.013362022989832162,0.00017854365838065878,0.0002497020314555787,-0.014502093659004183,0.00021031072049471078,0.0003777181938664498
1688,0.00018767446808809485,4.642779366818376e-05,0.00015389192930063503,0.00010746413563245127,0.005668150245082982,3.212792720086455e-05,0.00013707998184808723,0.008810090781611369,7.761769958047893e-05,0.00013732928721899018,-0.0054348646922666825,2.9537754223207813e-05,0.0001872665188348277
1689,-1.569571100264712,3.824482552354051e-06,0.0001455488665969377,0.00014172438404458365,-0.0019971289929215036,3.988524213904832e-06,0.00014539008706959677,0.002192822238083127,4.808469368566826e-06,0.0001454614706488666,0.0016359871861858664,2.6764540745904952e-06,0.00014579504207234972
1690,2.114170658551462e-05,7.018427490327698e-06,0.00035271994956272607,0.00034570152207239835,0.000627228767556667,3.934159266139048e-07,0.0008737951777358921,0.0004397129691228433,1.9334749512545102e-07,4.894558751833422e-05,0.004524214743946602,2.046851904924374e-05,0.00013541908343395193
1691,0.000239925749827119,0.00013142592028244268,0.0004123764504532594,0.0002809505301708167,-0.013557516721171583,0.00018380625964475872,0.0005373114961705339,0.014205053275176066,0.0002017835385504929,0.000468324954131738,0.002947535012847223,8.687962652076386e-06,0.0002314929010575062
1692,4.324080849726908e-05,1.3846858241313894e-05,0.00023510156988966932,0.00022125471164835542,-0.00047725196433663945,2.2776943775504321e-07,0.00020170342284442366,-0.0001991117628662004,3.964549388779659e-08,0.00019195512890235467,-0.0064244190237561045,4.127315979229884e-05,0.0003116461579222296
1693,-3.2212830142003845,1.0,1.0,0.0,0.0,1.0,1.0,0.0,1.0,1.0,0.0,1.0,1.0
1694,0.0008979379113961405,0.00016424791690313376,0.0008159401154894294,0.0006516921985862956,0.01234409207774647,0.00015237660922373664,0.0010191125831683356,-0.018111119994011594,0.0003280126674374273,0.0010220389469435265,-0.003514893177357107,1.2354474048237307e-05,0.0004066688163564258
1695,0.00024960686099018137,0.000128982787774512,0.00039168500688957497,0.000262702219115063,-0.00994761296815276,9.895500376422284e-05,0.0003425997433820216,-0.015256393076638583,0.0002327575297088602,0.0006141390480555176,0.007432081125137856,5.5235829850452944e-05,0.00021831622923118577
1696,-3.2212830142003845,1.0,1.0,0.0,0.0,1.0,1.0,0.0,1.0,1.0,0.0,1.0,1.0
1697,-3.2212830142003845,1.0,1.0,0.0,0.0,1.0,1.0,0.0,1.0,1.0,0.0,1.0,1.0
1698,-3.2212830142003845,1.0,1.0,0.0,0.0,1.0,1.0,0.0,1.0,1.0,0.0,1.0,1.0
1699,-3.2212830142003845,1.0,1.0,0.0,0.0,1.0,1.0,0.0,1.0,1.0,0.0,1.0,1.0
1700,0.0001587826853667318,6.370748447100578e-05,0.0010710305904279756,0.0010073231059569698,0.012234142199891893,0.00014967423536726976,0.001258669583367067,-0.004860666486007796,2.362607868822142e-05,0.0009680345500855392,-0.004221627572111095,1.782213935752619e-05,0.0009863876378313208
1701,0.00018697681280011036,5.041696192242817e-05,0.00028391755516436284,0.00023350059324193467,0.0005831723824269027,3.4009002747303896e-07,0.00020210319229396756,-0.012284513609392922,0.0001509092746191376,0.00047143940081018076,-3.900154251071545e-05,1.521120673864118e-09,0.00017821007238894016
1702,6.821884749386165e-05,5.3429866932167926e-05,0.00016679379277454812,0.0001133639258423802,-0.008047906110237323,6.476879275807423e-05,0.00015733432707443207,-0.005412616225365113,2.9296414403856552e-05,0.00016213327308767234,0.008137837159566083,6.6224393634573e-05,0.00018091377816153997
1703,-2.9043490116139674,5.258855749368241e-05,0.00017557118777759376,0.00012298263028391135,0.00725179684584993,5.25885574941265e-05,0.00017557118777788983,-0.007251796845849932,5.258855749279423e-05,0.00017557118777666858,-0.0072517968458499235,5.25885574941265e-05,0.0001755711877782229
1704,0.00024718183640060065,7.206169084313559e-05,0.0005619303985078631,0.0004898687076647275,0.0031099551803713487,9.671821224022104e-06,0.00016454697594403545,-0.006658032820098684,4.432940103349381e-05,0.0005421081722724042,-0.012735142334178527,0.00016218385027189086,0.0009791360473071498
1705,0.00010916230564039786,3.1628185454546376e-05,0.0003609872140029058,0.0003293590285483594,8.481095999627256e-05,7.192899054153656e-09,0.0004439836624983151,-0.00675313846257752,4.56048790945518e-05,0.00023785922300545437,0.007019436186061946,4.9272484370033176e-05,0.0004011187565049479
1706,0.0011405958365521274,0.000491284609077732,0.0008491265682978311,0.0003578419592200991,0.0018017537984166285,3.2463167500829115e-06,0.0003019842098599401,0.03052558334080568,0.0009318112382964427,0.0014242003069494524,-0.023211985528749302,0.0005387962721866701,0.0008211951880841006
1707,-3.2212830142003845,1.0,1.0,0.0,0.0,1.0,1.0,0.0,1.0,1.0,0.0,1.0,1.0
1708,8.984221410202053e-05,1.1873612305183615e-05,0.00023086496171472368,0.00021899134940954007,0.0011856262923669915,1.4057097049713363e-06,0.0003031664309914861,0.00254995268158583,6.502258678819928e-06,0.00019396684962946775,-0.005264301333670768,2.7712868531759582e-05,0.00019546160452321715
1709,0.00014496926327822734,5.905900493582047e-05,0.00029031496175135896,0.00023125595681553848,-0.007553325067647443,5.705271957789915e-05,0.00029902998899666855,-0.00811289664088294,6.581909190572777e-05,0.0003172235777116894,0.007369206424302851,5.430520332383448e-05,0.0002546913185457189
1710,-3.1794320012955266,7.087728253233709e-06,0.00015557644711172713,0.00014848871885849343,-0.0026622787708369252,7.087728252974657e-06,0.00015557644711128304,0.002662278770836925,7.087728252863634e-06,0.00015557644711183816,-0.0026622787708369257,7.087728253862835e-06,0.0001555764471120602
1711,0.00015727934468978688,1.990105267886862e-05,8.740550360564203e-05,6.750445092677342e-05,0.0029880138439498174,8.928226732263234e-06,5.86139286993248e-05,0.0004162506643152371,1.7326461498878842e-07,6.324287464931633e-05,0.007113484848426256,5.060166668935384e-05,0.00014035970746828497
1712,8.811963592092464e-05,2.4128240322089194e-05,0.0006484055453458796,0.0006242773050237904,-0.0034943947091980662,1.2210794383626933e-05,0.0003596957225243669,0.000596980037116161,3.563851646015692e-07,0.0004388988710177788,0.0077341800740601055,5.981754141803908e-05,0.0011466220424954932
1713,0.00044086602252868534,0.00020244782246677437,0.0003962677333165428,0.00019381991084976843,-0.011903505854911973,0.00014169345163750346,0.00028267447122265477,-0.01663763304446086,0.00027681083332276035,0.0003957413175329494,0.013741876962034973,0.00018883918244005926,0.0005103874111940243
1714,0.00012389610624630176,2.8505173435592706e-05,0.0003828038454857981,0.0003542986720502054,0.0028708912175823436,8.242016383053219e-06,0.0008105578520499757,-0.007677932903247743,5.895065366678942e-05,0.0001829453897237432,-0.004280519858284703,1.8322850256935475e-05,0.0001549082946836755
1715,9.300738102135941e-05,2.7508466881783395e-05,0.000244271370125763,0.0002167629032439796,-0.0002005658948213678,4.0226678321708675e-08,0.00029654589755134797,-0.008857880171657504,7.846204113526323e-05,0.0001581821817812079,-0.00200577487064376,4.023132831765253e-06,0.00027808603104473306
1716,0.0006093745239031945,0.0002336903206272556,0.0005289632143179087,0.0002952728936906531,0.02297480104554647,0.0005278414830823808,0.0008491847838040245,-0.009664834420535527,9.340902437626752e-05,0.00030472670292025494,0.008934229369295318,7.982045442311847e-05,0.0004329781562294466
1717,0.0009721332012837536,4.005974393095357e-05,0.0005855004765277968,0.0005454407325968432,0.004937861956816135,2.4382480704687737e-05,0.0003606082506777408,-0.00978576189330493,9.57611358324284e-05,0.0006013712997635645,0.00018872004579036062,3.561525574458102e-08,0.0007945218791420849
1718,0.00014833608857189873,2.7330056429852867e-05,0.00021543743914339183,0.00018810738271353897,0.008246577829526692,6.800604589862758e-05,0.0002781810525014361,0.00165786083043404,2.7485025335671764e-06,0.0002299917775822058,-0.003351957764879862,1.1235620857363848e-05,0.00013813948734653358
1719,4.673219030526532e-05,1.9819078224606972e-05,0.0003047950070688514,0.0002849759288442444,-0.0012105958774887699,1.4655423792309108e-06,0.00025170573654254014,0.006489591248661589,4.211479457438827e-05,0.000541703246330183,-0.003984582502582329,1.5876897720201733e-05,0.00012097603833383097
1720,6.924137311414835e-05,2.205466744897855e-05,0.0002953639984600853,0.00027330933101110677,0.007774246301398319,6.0438905554516253e-05,0.0005682110785939498,-0.0023868413074023516,5.697011426941678e-06,0.0002591811622603135,0.00016758688683302136,2.8085365477714674e-08,5.869975452599263e-05
1721,-3.2212830142003845,1.0,1.0,0.0,0.0,1.0,1.0,0.0,1.0,1.0,0.0,1.0,1.0
1722,1.9939816519487508e-05,4.660133715583825e-07,0.00017957032855941968,0.0001791043151878613,0.000882863598752411,7.79448134036187e-07,0.00023655029027702668,-0.0006163703343761894,3.7991238877044253e-07,0.00023349477549505782,0.0004885484536974522,2.3867959186851806e-07,6.866591990617454e-05
1723,4.59370547672977e-05,1.4132465934069138e-05,0.0004447962648991277,0.0004306637989650586,-0.00062275919103752,3.878290100178816e-07,0.0005960773444536605,-0.0005089815396654057,2.590622077969229e-07,0.00039180508748837273,-0.006461463192215036,4.175050658439261e-05,0.00034650636275534996
1724,1.4389315602048036e-05,8.876639498630231e-07,0.0003858553150309178,0.0003849676510810548,0.0011149543693078161,1.243123245675548e-06,0.0005203330775993553,0.0005974330145110626,3.5692620758975835e-07,0.0001596427077941165,0.001030990977740715,1.0629423963237628e-06,0.00047759015969928154
1725,1.0372206821429586e-05,3.2160605244839027e-06,0.00010880886839507535,0.00010559280787059144,0.0024126914855885175,5.821080204304607e-06,0.00011321152732179929,0.0016651504965336304,2.772726176436535e-06,0.00010818062093864711,0.0010268277328142731,1.054375192710566e-06,0.00010503445692477964
1726,4.601982470497923e-05,1.6194333054331267e-05,0.00022953126849904285,0.00021333693544471158,0.0005598046664623062,3.1338126493807295e-07,0.0002768044339425124,0.004317603651296844,1.864170128962339e-05,0.00024265798616973644,0.005443153186185546,2.9627916608432336e-05,0.0001691313853848797
1727,0.00018980746240304658,4.946960427772614e-05,0.00031841717800692077,0.00026894757372919464,-0.008873775664706316,7.874389454731734e-05,0.00029446777055497364,0.003185618022940027,1.0148162188028387e-05,0.0004632928103113221,-0.0077147103703152425,5.951675609783269e-05,0.00019749095315446663
1728,0.00018366577697481734,0.00013050022057303767,0.00026664758240250536,0.00013614736182946768,-0.011118075738366593,0.000123611608123797,0.000275027035843034,0.013457446596225268,0.0001811028688897265,0.0002512294753899136,-0.009315910299354014,8.678618470558952e-05,0.0002736862359745684
1729,-3.2212830142003845,1.0,1.0,0.0,0.0,1.0,1.0,0.0,1.0,1.0,0.0,1.0,1.0
1730,0.0005119190730117351,0.00010364998666878567,0.0003730128954473333,0.00026936290877854763,-0.006667621747502445,4.4457179767753985e-05,0.00034080206411279956,-0.003925857428791782,1.5412356551225415e-05,0.0004060348440264594,0.01584551746353545,0.0002510804236873776,0.0003722017782027409
1731,2.346244684803267e-05,9.11340541135767e-06,0.0001594233585560841,0.00015030995314472645,0.0037930990822994787,1.4387600647758347e-05,6.118980953540021e-05,-0.0008726529661316967,7.615231994995142e-07,6.927635957210132e-05,0.003491574485340119,1.219109238681515e-05,0.0003478039065607508
1732,0.0004707122701623767,0.00013715158432174115,0.0005361393255596999,0.00039898774123795877,-0.012304591909857294,0.00015140298206794967,0.0004893314060644416,0.008967907237891292,8.042336022728858e-05,0.0004382490283598717,-0.01340255239385073,0.00017962841066998525,0.0006808375422547863
1733,-3.0570652719384626,4.026775777817478e-05,0.00027423009692639777,0.00023396233914822298,0.0065514702542171805,4.2921762493319804e-05,0.00030086009239738143,0.006105128498602132,3.727259398556004e-05,0.0002476592128323185,0.006372512601552613,4.0608916855644495e-05,0.0002741709855494934
1734,0.00015611092942713345,3.6070318139939474e-05,0.0002110016316264248,0.00017493131348648533,0.0013601207700656597,1.849928508823595e-06,7.090485298488769e-05,0.0046139254526238035,2.128830808290072e-05,0.00015200651866276171,-0.009223487292133702,8.507271782809411e-05,0.00041009352323162496
1735,0.000230418738012661,9.120803131479338e-05,0.00022704482225340458,0.0001358367909386112,-0.010373918198411679,0.00010761817878746083,0.00025403715149530104,0.012861984289640478,0.00016543063986684814,0.0003974213425451678,0.0007584690436578969,5.752752900711755e-07,2.967597271974487e-05
1736,7.777156652466477e-05,4.1742542033077847e-05,0.00019331878465559763,0.00015157624262251979,0.004764693749584162,2.270230652701155e-05,0.00013577504174933086,0.008564160884863871,7.334485166210492e-05,0.00019120029939645455,-0.005401894844395727,2.918046791011708e-05,0.0002529810128210075
1737,4.479073595853311e-05,1.2282112481683724e-05,0.00028705273354986033,0.0002747706210681766,0.0032490644125981907,1.0556419556828622e-05,0.00018752140316868893,-0.004921132118689796,2.42175413295298e-05,0.0003105425661531491,-0.0014395751311235057,2.0723765586927456e-06,0.000363094231327743
1738,6.586221175597373e-05,1.8203482566647722e-05,0.00022598296078439142,0.0002077794782177437,-0.0018658986041707102,3.4815776011054567e-06,0.000135717188497253,0.006872033253245057,4.7224841034254617e-05,0.00011115489620339147,-0.0019758616005130167,3.904029064583092e-06,0.0004310767976525298
1739,0.0004977977957737467,0.00010889368177572727,0.00022360016115260026,0.00011470647937687299,0.016585806165984426,0.0002750889661755629,0.00041527423529419405,-0.006697194312438454,4.4852411658968805e-05,0.00012351970681945268,0.002596086957800416,6.739667492650092e-06,0.00013200654134415402
1740,-3.2212830142003845,1.0,1.0,0.0,0.0,1.0,1.0,0.0,1.0,1.0,0.0,1.0,1.0
1741,7.377370944738892e-05,1.5282264671771333e-05,0.00010272865176919055,8.744638709741921e-05,-0.004738444779884575,2.2452858932098252e-05,0.0001265207367660004,-0.0003792564517276364,1.438354557681265e-07,8.12356454401586e-05,0.004821835711335209,2.3250099627447618e-05,0.00010042957310141265
1742,0.00011231280017409695,3.2989037884845196e-05,0.0002837419099497677,0.0002507528720649225,-0.005288332338448069,2.7966458921668824e-05,0.00012671902689265213,-0.007163889850758152,5.132131779383986e-05,0.0003438542936061717,-0.004436139869162478,1.9679336939026904e-05,0.0003806524093504793
1743,0.00013159377049554166,3.731780537441498e-05,0.0001785342765332857,0.00014121647115887073,0.0064985946237746195,4.223173208439679e-05,0.00030532193662768936,0.008196797775080611,6.718749376499744e-05,0.00013876156512460103,-0.0015919140283016605,2.5341902738507116e-06,9.151932784756678e-05
1744,6.406331959918354e-06,2.2776457647699644e-06,0.00027360529368514186,0.0002713276479203719,-0.002188743296770387,4.790597218917725e-06,0.0003146762210546328,-0.00035426058429207036,1.2550056138760368e-07,0.00015533691245750436,0.0013844997342254473,1.9168395140045646e-06,0.00035080274754328844
1745,0.00015136546911043158,5.7093005865131254e-05,0.00020515840595998944,0.0001480654000948582,-0.010471020446768696,0.00010964226919685238,0.0002779193593488438,-0.0068960207519430244,4.7555102211216393e-05,0.0002671910129325994,0.003752551956692056,1.4081646187324992e-05,7.036484559852507e-05
1746,2.1380447706942363e-05,1.499537558162049e-06,0.00024287202211281667,0.00024137248455465463,0.001563983161381682,2.4460433292183836e-06,0.0002668862902968083,-0.0014313787350620306,2.048845083035822e-06,0.0002392863230605835,-6.102673275232152e-05,3.724262231941111e-09,0.00022244345298105817
1747,0.00020790685694838107,9.747972021934004e-05,0.0005157188490092132,0.0004182391287898731,0.012908025337254804,0.00016661711810761481,0.000552073096614647,-0.011213775113124694,0.00012574875228743565,0.0005205542538768704,-0.0002707217452357842,7.329026296964969e-08,0.000474529196536122
1748,2.906420390336173e-05,1.0069039230472162e-05,0.00042577396583790933,0.0004157049266074372,0.004918950564308154,2.4196074653870525e-05,0.0002995956493064833,0.0019821647056299163,3.928976920031246e-06,0.0005499040586032233,0.0014429366297368433,2.0820661175147137e-06,0.0004278221896040213
1749,0.001674403252749368,0.0006581653466424253,0.0012733972672108,0.0006152319205683747,-0.03739608855935638,0.0013984674395394192,0.0021266284701983995,0.004836762150385897,2.3394268099496962e-05,0.00036131510786630017,0.02350817586049924,0.0005526343322883598,0.0013322482235677002
1750,6.401226626062684e-05,2.1870798792715067e-05,9.22052642429912e-05,7.033446545027613e-05,0.0023528325473241673,5.535820995938856e-06,7.997994414477017e-05,0.0033705731938405994,1.1360763655376971e-05,0.00011131722999779825,-0.00697967131938956,4.871581172682937e-05,8.531861858640521e-05
1751,3.6779220015881187e-05,1.637154026220185e-05,0.0002676341358933317,0.00025126259563112985,0.00041622135274982966,1.7324021484022012e-07,0.00021951500963446335,0.006031619128721185,3.638042931353169e-05,0.0003670546762597482,0.0035441432332914274,1.2560951258233644e-05,0.00021633272178578355
1752,2.974703827129943e-05,7.573412657039628e-06,0.00031237230536000177,0.0003047988927029621,0.004469351075072155,1.997509903284289e-05,0.0003923928565437995,0.0007107645019264487,5.051861771132593e-07,0.0002634028571805169,0.0014966471734202812,2.2399527611627335e-06,0.0002813212023556888
1753,3.963006058838037e-05,1.136322202247945e-05,0.000276430371051332,0.00026506714902885253,-0.0033616968373267582,1.1301005625741212e-05,0.00010903594959010832,0.0045826576297801225,2.100075095179399e-05,0.000512341793379445,-0.0013371273275322722,1.78790948990315e-06,0.00020791337018444267
1754,9.606733917888466e-05,3.0876796530317684e-05,0.00012749858758139462,9.662179105107693e-05,-0.005172126030787795,2.6750887678339552e-05,0.00011683733959766407,-0.004160485107409128,1.730963632839977e-05,0.00015688333149677103,-0.006969208390026185,4.856986558421372e-05,0.00010877509164974875
1755,9.305335644138601e-05,2.4271179672741283e-05,0.00014930398240509124,0.00012503280273234996,-0.0029070037149847186,8.45067059884741e-06,8.757031642880886e-05,0.0035002471905492536,1.225173039476335e-05,0.0002228693492988265,0.007218804473373034,5.211113802461309e-05,0.00013747228148763835
1756,0.0001352854883162058,3.3467007662009905e-05,0.0003620154065946772,0.0003285483989326673,0.004373125104455187,1.9124223178734745e-05,0.00038565806186841023,-0.00890609956109066,7.931860939169866e-05,0.000421665169626273,-0.0013993535706639045,1.958190415596306e-06,0.00027872298828934827
1757,-3.2212830142003845,1.0,1.0,0.0,0.0,1.0,1.0,0.0,1.0,1.0,0.0,1.0,1.0
1758,-3.2212830142003845,1.0,1.0,0.0,0.0,1.0,1.0,0.0,1.0,1.0,0.0,1.0,1.0
1759,4.766179244353186e-05,1.6822672072221618e-05,0.00021950666597481128,0.00020268399390258965,-0.002445912959600044,5.982490205336255e-06,0.00018747837380717058,0.0026889957868399088,7.230698341742503e-06,0.00015961725628055312,-0.006103673293124598,3.72548276695861e-05,0.0003114243678367101
1760,-3.2212830142003845,1.0,1.0,0.0,0.0,1.0,1.0,0.0,1.0,1.0,0.0,1.0,1.0
1761,-3.2212830142003845,1.0,1.0,0.0,0.0,1.0,1.0,0.0,1.0,1.0,0.0,1.0,1.0
1762,1.3052711194783129e-05,5.291408611755403e-06,7.412597857148207e-05,6.883456995972666e-05,-0.0025620437242221154,6.564068045000759e-06,0.00010295416709216187,-0.0025320321672076362,6.411186895816101e-06,3.8872091216557436e-05,0.0017026364539832197,2.8989708944493486e-06,8.055167740572688e-05
1763,0.0008612033270610775,0.0002492549293866923,0.0004906015550822188,0.0002413466256955265,-0.011697637648094724,0.00013683472654624218,0.0004016576728975707,0.020804987283181666,0.00043284749585337234,0.0006402646499318321,-0.013344757988086941,0.00017808256576046233,0.00042988234241725376
1764,3.0889980581205734e-05,8.579121712296947e-06,0.00033603432509665687,0.0003274552033843599,-0.002552741989802039,6.516491666608282e-06,0.0003553665067881351,0.0021572469113747945,4.653714236524387e-06,0.0004096427826116855,-0.003816694804907337,1.4567159233758176e-05,0.00024309368589015
1765,9.392448239231577e-05,3.1427663139608576e-05,0.0007497163207904981,0.0007182886576508896,-0.00046915672369880946,2.201080313568582e-07,0.0003789189798386605,0.009444063562044192,8.919033656373809e-05,0.0004084655369371859,-0.002207384158645445,4.8725448237307845e-06,0.001461764445595648
1766,-3.2212830142003845,1.0,1.0,0.0,0.0,1.0,1.0,0.0,1.0,1.0,0.0,1.0,1.0
1767,6.703581147826654e-05,2.8154605871170506e-05,0.00018924792337182694,0.00016109331750065645,-0.0051840048881216716,2.6873906679991677e-05,0.00018225407841843122,-0.007584008911458699,5.7517191169309534e-05,0.00022077709946444202,0.0002696660234363056,7.271976421030502e-08,0.0001647125922326076
1768,0.0002879776837551029,0.00021616694219232327,0.000465774314134193,0.00024960737194186977,-0.01683712243118063,0.00028348869176242353,0.0006056751443279662,-0.013422359792601382,0.00018015974240215282,0.00035192714506937506,-0.013596043263093806,0.00018485239241239348,0.00043972065300523777
1769,0.00015977488753082802,5.364670219439501e-05,0.00020495979466865025,0.00015131309247425523,0.0035831262458239253,1.2838793693514816e-05,0.00020658318784660956,-0.005159047641101002,2.6615772563243212e-05,7.64099373155025e-05,0.011022047918884732,0.000121485540326427,0.0003318862588438387
1770,2.4626858158405263e-05,1.6408209471611517e-05,0.00013980301075407672,0.00012339480128246522,-0.004110799350569073,1.6898671300724644e-05,0.00015981894102223837,-0.0033764524269652044,1.1400430991459487e-05,0.00010990425174151053,-0.0045744427117311165,2.0925526122650417e-05,0.00014968583949848124
1771,7.49699168334228e-05,3.482570585485364e-05,0.0003832145400622193,0.00034838883420736566,-0.002030918488778737,4.124629908064392e-06,0.00022705206476447692,-0.005885543828652856,3.46396261590165e-05,0.0005567147701459607,0.008106346988478487,6.571286149748001e-05,0.00036587678527622014
1772,0.0002732094751007885,0.0001633004371528838,0.0014897018066808803,0.0013264013695279964,-0.01537231813535203,0.00023630816485420425,0.001843399367080556,-0.014049507790012846,0.00019738866914120745,0.0017436597412201493,-0.007496964549954427,5.6204477463239755e-05,0.0008820463117419353
1773,-3.2212830142003845,1.0,1.0,0.0,0.0,1.0,1.0,0.0,1.0,1.0,0.0,1.0,1.0
1774,-2.867640939366545,4.039910684735156e-05,0.00030365934576200476,0.0002632602389146532,-0.006459733961108616,4.172816284753189e-05,0.0003094103761730471,0.006401160895470247,4.0974860810005787e-05,0.0003066944885374845,-0.00620437723589551,3.8494296884517e-05,0.00029487317257548273
1775,1.7934922968976252e-05,1.0204827922725515e-05,0.00021618357040109615,0.00020597874247837064,0.003381822383392299,1.1436722633373364e-05,0.00025509102148690843,-0.002704225643522713,7.312836331152539e-06,0.0002057097986950529,-0.003444550014668941,1.1864924803650645e-05,0.0001877498910213271
1776,0.0005283648890962445,0.0001917830821065817,0.0004003443006450613,0.00020856121853847961,0.01778735322688774,0.0003163899348184174,0.0005614881686575313,0.015861578815358972,0.0002515896825160402,0.00038338781299807057,0.002714706058713638,7.369628985287591e-06,0.00025615692027958215
1777,0.0005173214048438401,0.0002465877315710463,0.0005888380616494437,0.00034225033007839745,-0.0017953245125537133,3.223190105372531e-06,0.0005391653774473593,0.019797589297203794,0.000391944541980882,0.0004947154012074906,-0.018563282646846337,0.00034459546262688434,0.0007326334062934814
1778,0.0001031761844861867,3.326333233966139e-05,0.00022995733669280613,0.00019669400435314474,-0.002715855340367229,7.375870229253678e-06,8.391996415957337e-05,-0.009414107607090444,8.862542203791346e-05,0.0005856491195200819,0.0019464595429011706,3.788704751817029e-06,2.0302926398763077e-05
1779,0.0001095465389512329,6.338975451913864e-05,0.0003132999141108132,0.00024991015959167456,0.0088195061409838,7.778368857092044e-05,0.00021437220119080447,-0.005646882256202435,3.188727921532575e-05,0.00036464156291893257,-0.008972084249012397,8.049829577116974e-05,0.0003608859782227025
1780,0.0001525256691030652,3.042534354358306e-05,0.0001443057526952322,0.00011388040915164913,0.007661382410463953,5.8696780438793894e-05,0.00019017944115606866,0.00479558824461079,2.2997666610513612e-05,0.00014254391732959615,-0.003095413313398486,9.581583581441677e-06,0.00010019389960003178
1781,0.00023671070824182738,0.0001140448106514332,0.00043298328162733046,0.0003189384709758973,0.01353154562626384,0.00018310272703581099,0.0004946435348537337,-0.011258065525683137,0.0001267440393808439,0.000503507186650376,0.005682223643772887,3.228766553764473e-05,0.00030079912337788173
1782,2.1708484827520635e-05,7.2742015456706e-06,0.00025783958161699577,0.00025056538007132517,0.002379742325411776,5.6631735360079816e-06,0.0002992290567772615,0.0021781356808046053,4.744275044044066e-06,0.00025286398622004214,0.0033786322759844617,1.1415156056959752e-05,0.0002214257018536836
1783,0.0001245989516145407,4.306988581355883e-05,0.00019686592161893834,0.0001537960358053795,0.002473645171255726,6.118920432673924e-06,0.00014681243234360153,0.0015259152435446524,2.328417329722221e-06,0.00022340266495468608,-0.0109891910383963,0.00012076231967828033,0.00022038266755852742
1784,-3.2212830142003845,1.0,1.0,0.0,0.0,1.0,1.0,0.0,1.0,1.0,0.0,1.0,1.0
1785,3.8190933965509544e-05,1.242551556294528e-05,0.00022354220491993537,0.0002111166893569901,0.001600784385188621,2.5625106475635206e-06,0.00031064009837422635,0.0022045521114191346,4.860050011656902e-06,0.00015716933596221505,-0.0054638801258467444,2.985398602961542e-05,0.00020281718042336472
1786,-3.2212830142003845,1.0,1.0,0.0,0.0,1.0,1.0,0.0,1.0,1.0,0.0,1.0,1.0
1787,0.00026628780498594296,9.259680787369422e-05,0.00035693818780668796,0.0002643413799329937,-0.011568948971445836,0.00013384058030407875,0.0005276473991489006,0.010464131325594551,0.00010949804439930322,0.00025446705560705496,0.005869565479485775,3.445179891770067e-05,0.00028870010866410833
1788,6.449132805108615e-05,2.1516039360699086e-05,0.0002126813084847301,0.000191165269124031,0.004654664964089683,2.1665905927448215e-05,0.0002055706279729952,0.006209923582937246,3.856315090622342e-05,0.0002687510711854024,-0.0020782351282974914,4.319061248425626e-06,0.0001637222262957927
1789,0.00015979832377133185,5.233516523883708e-05,0.00015846145739388065,0.00010612629215504357,-0.01215223760512613,0.00014767687881189762,0.0002774633299188478,0.001666902887625971,2.7785652366718594e-06,0.00011084406473405028,0.0025593068724841504,6.550051667941759e-06,8.707697752874388e-05
1790,6.0396465800360843e-05,1.9244454068497358e-05,0.0003183785473823327,0.00029913409331383534,0.005759647945944271,3.317354446141785e-05,0.0004598353407578859,0.002762432466903969,7.631033134503085e-06,0.00010476234398493212,0.004114460427516626,1.6928784609571146e-05,0.00039053795740418007
1791,-2.8477191853193204,7.456592318929219e-05,0.00035074846906935075,0.0002761825458800586,-0.008635156234224844,7.456592318899613e-05,0.0003507484690691287,-0.008635156234224839,7.456592318955124e-05,0.0003507484690696838,-0.00863515623422484,7.45659231893292e-05,0.00035074846906923973
1792,6.687961635609696e-07,6.687961631538878e-07,0.0001611680654202511,0.00016049926925709723,0.0008177995863370453,6.687961628948358e-07,0.00016116806541999207,-0.0008177995863370447,6.687961641160811e-07,0.0001611680654212133,-0.0008177995863370453,6.687961624507466e-07,0.00016116806541954798
1793,0.0005173563013766147,0.0004051460219897107,0.0007454148936729688,0.00034026887168325803,-0.017184850942579735,0.00029531910191893385,0.0004903958304321998,-0.020159452149991246,0.00040640351098841787,0.0007756502527459519,0.02266529181505993,0.0005137154530617805,0.0009701985978407546
1794,6.879901114831277e-05,8.017536371511072e-06,0.00014479141358506956,0.0001367738772135585,-0.0023597030803645972,5.5681986275146755e-06,0.00013965413577121666,-0.0027397443063098383,7.506198863249658e-06,0.00014035693617020506,-0.0033133384409593514,1.0978211623768885e-05,0.00015436316881378698
1795,0.00016741870319814112,6.657294369982747e-05,0.0002604522874860941,0.00019387934378626664,0.006889199143694459,4.746106484154744e-05,0.00018260829772365206,-0.012337581401353267,0.00015221591483516317,0.000480310817221552,0.000204576204624647,4.185142277179921e-08,0.00011843774751307823
1796,-3.2212830142003845,1.0,1.0,0.0,0.0,1.0,1.0,0.0,1.0,1.0,0.0,1.0,1.0
1797,0.00013089063604820872,3.966030025722341e-05,0.0003233991565358603,0.00028373885627863693,0.0036431705304119676,1.3272691513521728e-05,0.0003546573167890754,0.0074618497203640275,5.567920124915915e-05,0.0002711598017821615,0.0070731186904168745,5.002900800898935e-05,0.0003443803510363441
1798,0.0003818600911346115,0.00014573340097541929,0.0004912773319420971,0.0003455439309666778,-0.012307910100193838,0.00015148465103465014,0.0005975570798112395,-0.0034067779982803257,1.1606136329778138e-05,0.00024032750350966303,0.016556250045274973,0.00027410941556182955,0.0006359474125053888
1799,0.0001391769722224323,4.243596820759551e-05,0.0003216850596277447,0.0002792490914201492,0.0013676626159397725,1.8705010310648973e-06,0.00017953331056563826,0.009125887061458324,8.328181465844242e-05,0.0005157095240128085,0.006492733548626288,4.21555889332792e-05,0.0002698123443047873
1800,2.3844315388821258e-05,9.44151670663936e-06,0.00013933332980671972,0.00012989181310008036,0.002910339060518282,8.470073446731341e-06,7.472774175021346e-05,-0.0013624199748652442,1.8561881883760734e-06,0.00017490276590581555,0.004242438978274178,1.7998288484810665e-05,0.00016836948176413014
1801,1.9433586266548453e-05,6.477797823182622e-06,0.0001573247014166427,0.0001508469035934601,0.0017839545472853684,3.1824938264701785e-06,0.00016824609241072874,0.004026842306561038,1.6215458962132168e-05,0.00013071701335176655,-0.000188256954198575,3.544068094551989e-08,0.00017301099848743284
1802,-2.9907911574888364,5.2588557493756426e-05,0.00017557118777763078,0.00012298263028387435,0.007251796845849931,5.25885574931273e-05,0.00017557118777711267,-0.0072517968458499366,5.2588557493460364e-05,0.00017557118777689062,0.007251796845849924,5.258855749468161e-05,0.00017557118777888903
1803,0.0003929402368851864,0.00014671389983863156,0.00043162719989435033,0.0002849133000557188,0.009064732842997046,8.216938151495157e-05,0.00022205594265867212,-0.015367281788229742,0.00023615334955895406,0.0006428227770229888,-0.011037163061313048,0.00012181896844198903,0.00043000288000139
1804,8.837619016077713e-05,6.378130381401448e-06,0.00017387374345556594,0.0001674956130741645,-0.002968077154560562,8.809481995331048e-06,0.0001394559869273282,0.003070633401473966,9.428789486176647e-06,0.0001827916194019341,0.0009466359715864791,8.961196626966483e-07,0.00019937362403743553
1805,4.3571059576641424e-05,1.19649042985559e-05,0.00033709508879834854,0.00032513018449979264,0.00217281548913273,4.721127149887039e-06,0.0003610068758798102,-0.005477493380401288,3.0002933732564685e-05,0.000424229842293955,-0.0010819667338983724,1.1706520132159781e-06,0.0002260485482212804
1806,8.365054566816799e-05,3.1246875072240186e-05,0.0002288764534169596,0.00019762957834471942,0.00023041786055845415,5.3092390706055426e-08,0.0003010602617022906,-0.007529666297850541,5.669587455714442e-05,0.00020447485745100913,0.006082076805577924,3.6991658268870076e-05,0.0001810942410975791
1807,9.651241155994583e-05,9.310581875920931e-06,0.0002731223193788897,0.00026381173750296877,-0.003449044045777108,1.1895904829417603e-05,0.00026390928063213526,-0.000780364941570345,6.089694420952085e-07,0.00024230179603412783,0.0039277056097720454,1.5426871356249983e-05,0.00031315588147040607
1808,-3.2212830142003845,1.0,1.0,0.0,0.0,1.0,1.0,0.0,1.0,1.0,0.0,1.0,1.0
1809,-3.2212830142003845,1.0,1.0,0.0,0.0,1.0,1.0,0.0,1.0,1.0,0.0,1.0,1.0
1810,-3.2011914287372187,4.3320052248237616e-05,0.0001700437582778195,0.00012672370602958188,0.0065817970378991685,4.332005224827462e-05,0.0001700437582782266,0.0065817970378991755,4.3320052247941554e-05,0.00017004375827744944,-0.00658179703789917,4.3320052248496665e-05,0.0001700437582777825
1811,0.00034612270744005524,4.278712315619604e-05,0.00022966147780482485,0.0001868743546486288,-0.0066546319168121195,4.42841259479243e-05,0.00019884297586669764,0.004840843929994125,2.3433769954395167e-05,0.00014952814564894723,-0.0077873919617816,6.0643473566268646e-05,0.0003406133118988297
1812,9.336034982021513e-05,1.5266742861045717e-05,0.00020566316762264206,0.00019039642476159635,-0.0005535417408299242,3.0640845871676703e-07,0.0002643112267693981,0.0032172041707026,1.0350402675940451e-05,0.0001928643029788235,-0.005928188378243607,3.514341744847993e-05,0.00015981397311970458
1813,0.0004609253810893277,0.0001857593243794383,0.0005126593638558052,0.0003269000394763669,0.010223325414506266,0.00010451638253117235,0.000504521540489633,-0.008371904821724887,7.008879034398063e-05,0.000399481829840731,0.019562024441850647,0.00038267280026316186,0.0006339747212370517
1814,6.598030413096367e-05,5.657363352062905e-05,0.00033856548607121467,0.0002819918525505856,-0.00735073310902776,5.403327723962903e-05,0.0003454816324609533,-0.0070992413419009295,5.039922763105942e-05,0.00027368725108178893,0.008080123494788512,6.528839569119871e-05,0.00039652757467090183
1815,0.000204098128886554,6.174917300483251e-05,0.00025940413818936747,0.00019765496518453496,-0.0016668324521576315,2.7783304235029505e-06,0.00017326033723674694,-0.012348503234433721,0.00015248553213076388,0.00040261222161463994,0.005475733417566057,2.9983656460230712e-05,0.00020233985571671553
1816,-3.2212830142003845,1.0,1.0,0.0,0.0,1.0,1.0,0.0,1.0,1.0,0.0,1.0,1.0
1817,0.00010964093742416026,3.993386426152471e-05,0.000563339627368209,0.0005234057631066843,0.0036959234066159617,1.3659849827374337e-05,0.000641325622642408,0.0014702605195525973,2.1616659953149764e-06,0.00039609458069389536,0.010197062173112366,0.00010398007696188483,0.0006525986787683236
1818,0.00018125792726431111,4.8946093376874465e-05,0.0011012180154657363,0.0010522719220888619,-0.006100941700506927,3.722148963336558e-05,0.00134036200125065,-0.003932986709564093,1.5468384457206774e-05,0.0007907147143949578,0.00970301015355341,9.414840604005104e-05,0.0011725773307516008
1819,-3.074318411912415,7.456592318921818e-05,0.00035074846906972085,0.00027618254588050267,0.00863515623422484,7.456592318844102e-05,0.00035074846906935075,-0.008635156234224839,7.456592319010635e-05,0.00035074846906990587,0.00863515623422484,7.456592318910715e-05,0.00035074846906990587
1820,9.009179090047059e-05,2.9402078299267664e-05,0.0004616105469445649,0.0004322084686452972,-0.008018725384240243,6.42999567881386e-05,0.00040081248683743187,0.004202552228127339,1.7661445230521267e-05,0.0006598550440323203,-0.0024989663620747834,6.244832879143125e-06,0.0003241641099639425
1821,1.8678809775796168e-05,5.741371484383843e-06,0.00018729940407576548,0.00018155803259138165,-0.002841419200916384,8.073663075536253e-06,0.00026078763282977313,0.002974787654627426,8.849361590290705e-06,0.00023594882961952557,-0.0005487164906724498,3.0108978732457103e-07,6.516174977799771e-05
1822,9.14670875046264e-05,3.5107952368496065e-05,0.00015211497477788752,0.00011700702240939145,0.0034189403635544982,1.1689153209815117e-05,0.0001225582622936816,0.002104592155778686,4.429308141484789e-06,0.00015028346513235036,0.009444860811814726,8.920539575418829e-05,0.00018350319690763062
1823,8.540547526636466e-05,2.8557145804482726e-05,0.00018030115927714085,0.00015174401347265812,-1.7537374914419603e-05,3.0755942237448153e-10,0.00014067983463361688,0.009239610653605297,8.537040502998305e-05,0.00025082655126029696,-0.0005483838290369523,3.007248240427529e-07,0.00014939709193750872
1824,0.0004040742082412896,0.00012173612623515388,0.00043000149385271264,0.00030826536761755874,0.003610282146341444,1.3034137176015648e-05,0.0003332413732578532,0.0067983490057237465,4.6217549203753094e-05,0.00030144959509981195,0.01749161777325861,0.0003059566923256929,0.0006553135132004728
1825,6.13275798213575e-05,2.0008214812886987e-05,0.0001611074069414927,0.00014109919212860572,0.004591317063667992,2.108019237956338e-05,0.00016959498266877482,0.0038760208980883263,1.502353800209022e-05,0.00014562934388917537,-0.004890901149822974,2.392091405700736e-05,0.00016809789426652788
1826,-3.2212830142003845,1.0,1.0,0.0,0.0,1.0,1.0,0.0,1.0,1.0,0.0,1.0,1.0
1827,6.202754832429491e-06,9.844729717730278e-07,0.00012638612432687898,0.00012540165135510595,-0.0015131787014182427,2.289709782443694e-06,0.00016822241336167387,0.0005616944377961585,3.155006413901873e-07,0.00015477526246687745,0.0005900919347067935,3.482084914852024e-07,5.6160697152085604e-05
1828,-3.2212830142003845,1.0,1.0,0.0,0.0,1.0,1.0,0.0,1.0,1.0,0.0,1.0,1.0
1829,-3.207263069397582,6.34437168950767e-05,0.0002030908217931134,0.00013964710489803672,0.007965156426274083,6.344371689426254e-05,0.00020309082179237326,-0.007965156426274078,6.344371689503969e-05,0.0002030908217931504,-0.007965156426274078,6.344371689592787e-05,0.00020309082179381654
1830,0.00010041326999221667,4.881306446113953e-05,0.00012495566118360854,7.614259672246901e-05,0.00918148342426195,8.429963786982242e-05,0.00012893499885491266,-0.007737980181380854,5.9876337287323445e-05,0.00012428203409398098,-0.001504399622989838,2.263218226272734e-06,0.00012164995060193196
1831,-3.2212830142003845,1.0,1.0,0.0,0.0,1.0,1.0,0.0,1.0,1.0,0.0,1.0,1.0
1832,-3.2212830142003845,1.0,1.0,0.0,0.0,1.0,1.0,0.0,1.0,1.0,0.0,1.0,1.0
1833,0.0001689854365185539,6.0979368575297954e-05,0.0005752806852831563,0.0005143013167078584,-0.003639577777663273,1.3246526399557368e-05,0.0002997819723803419,0.007453187991540769,5.555001123691561e-05,0.0009180285180936387,0.010683705728338702,0.00011414156808942089,0.0005080315653754885
1834,-3.196180382010013,5.6310565746398034e-05,0.0001618923713564054,0.00010558180561000738,-0.007504036630149108,5.6310565746509056e-05,0.0001618923713563314,0.007504036630149111,5.631056574662008e-05,0.00016189237135677548,0.007504036630149111,5.631056574606497e-05,0.00016189237135610934
1835,-3.2212830142003845,1.0,1.0,0.0,0.0,1.0,1.0,0.0,1.0,1.0,0.0,1.0,1.0
1836,-3.2212830142003845,1.0,1.0,0.0,0.0,1.0,1.0,0.0,1.0,1.0,0.0,1.0,1.0
1837,0.00011247476517439736,7.435658313625915e-06,0.0002556213851533003,0.0002481857268396744,0.0038950983443854312,1.5171791112655875e-05,0.00022464691261936398,0.0026594165102250874,7.072496175042353e-06,0.00030173331610738874,0.0002503750242307588,6.268765317951619e-08,0.00024048392673314822
1838,1.706452362004729e-05,3.9956966687200907e-07,0.0001964379586381071,0.00019603838897123507,0.0008235606034888988,6.782520676207326e-07,0.00015108587784762317,0.00025423885325677643,6.463739454787287e-08,0.00021185107544841042,0.0006751440872759851,4.5581953844742173e-07,0.00022637692261828768
1839,-3.2212830142003845,1.0,1.0,0.0,0.0,1.0,1.0,0.0,1.0,1.0,0.0,1.0,1.0
1840,-3.2212830142003845,1.0,1.0,0.0,0.0,1.0,1.0,0.0,1.0,1.0,0.0,1.0,1.0
1841,0.0002529316735263576,0.00013869077696519275,0.00041513436664601205,0.0002764435896808193,0.015615802752432907,0.00024385329560283608,0.0005565342995194067,0.0031660563894153606,1.0023913060930312e-05,0.000262745943726328,-0.012735584879850008,0.00016219512223181187,0.00042612285669230143
1842,5.0396110146788686e-05,8.678692574703994e-06,0.00014478601299590851,0.00013610732042120452,-0.0008779608383953117,7.708152343077757e-07,0.0002132247603016113,0.004412510786259461,1.9470251439113184e-05,0.0001397128319463592,-0.0024072829186701596,5.7950110506910235e-06,8.142044673975501e-05
1843,0.00023984498107176844,8.193911076918396e-05,0.00030568429007797143,0.00022374517930878746,0.011421322511200012,0.00013044660790495488,0.00027513789922894993,0.003178903344987328,1.0105426476836321e-05,0.00044591550173622707,-0.01025988781254259,0.00010526529792576067,0.00019599946926873724
1844,0.00017515261842659946,2.891254666759213e-05,0.0002703956665893366,0.00024148311992174448,0.002784202233425721,7.75178207668148e-06,0.0001664497884095173,0.00849480678949883,7.216174239133011e-05,0.0003969395409741949,-0.002612300812478058,6.8241155347648075e-06,0.0002477976703842977
1845,0.0001926081596941298,9.656413782617908e-05,0.00038682686663138455,0.0002902627288052055,-0.010475115224786034,0.0001097280389723565,0.00026017207616824134,0.009595630316311728,9.207612116746144e-05,0.0004493804709959637,0.009374873510551565,8.78882533387193e-05,0.0004509280527299486
1846,-3.024028180306302,1.0907715434586388e-08,0.00015896945141447016,0.0001589585436990356,-0.00010444000591289498,1.0907715064512047e-08,0.0001589694514141371,-0.000104440005912895,1.0907716174735071e-08,0.00015896945141524732,0.00010444000591289513,1.0907715064512047e-08,0.00015896945141402608
1847,4.518274769194086e-05,1.4146912314309349e-05,0.0002192195059985691,0.00020507259368425976,-0.002858115346493232,8.168823333654096e-06,0.00022892170093236075,0.005005860990533183,2.5058644256392704e-05,0.0002073871684763473,0.003035336777495747,9.213269352881248e-06,0.00022134964858699924
1848,7.31011476112764e-05,2.0913764287551945e-05,0.00014338696633734807,0.00012247320204979612,-0.005704260547846385,3.253858839757928e-05,0.00012985439412727118,-0.004454044176041508,1.9838509522140946e-05,0.00020598153204687275,0.0032193469746696654,1.0364194942935612e-05,9.432497283790031e-05
1849,2.8436678644050417e-05,1.5724120186836703e-05,0.0001412639245469786,0.0001255398043601419,-0.001648155995111713,2.7164181835015455e-06,0.00023846039912556183,-0.005218578704565271,2.7233563696271723e-05,7.533320847608049e-05,0.00414998538320474,1.722237868073684e-05,0.00010999816603929347
1850,2.8452598772599202e-06,4.7274631572354525e-07,0.00019107202951322103,0.00019059928319749747,-0.001116573053857836,1.2467353840417417e-06,0.00021728232540907388,-0.00033578681971885505,1.1275278832822977e-07,0.00018193647793340872,0.0002423855903764567,5.8750774800664374e-08,0.0001739972851971805
1851,3.987987902531742e-05,8.203105944811403e-06,0.0005307733496355457,0.0005225702436907342,0.001239457424545534,1.5362547072239607e-06,0.0007572381104200554,-0.00104601599681977,1.0941494656968587e-06,0.0005020712364534052,0.004688167409700492,2.197891366151339e-05,0.0003330107020331763
1852,0.007072101631746652,0.0067676326515905645,0.029015103291702427,0.02224747064011186,-0.0840786415811889,0.007069217970138042,0.031136890963264108,0.0786579408033819,0.006187071651428067,0.024338665429949335,-0.08394407860716055,0.007046608333205584,0.031569753481893836
1853,7.882539299219893e-05,1.846715046834498e-05,0.000257867391127838,0.00023940024065949303,-0.004126110235197929,1.7024785673114273e-05,0.0001586808318936317,-0.0007645050599473287,5.844679870081748e-07,0.00017716314790583443,0.0061475359083814855,3.779219774491249e-05,0.000437758193584048
1854,-3.185254897320987,3.746268989816374e-05,0.0001689260293784948,0.00013146333948033107,0.006120677241774201,3.746268989834878e-05,0.00016892602937879087,0.006120677241774204,3.746268989734958e-05,0.00016892602937723655,0.006120677241774198,3.746268989879287e-05,0.000168926029379457
1855,-3.2212830142003845,1.0,1.0,0.0,0.0,1.0,1.0,0.0,1.0,1.0,0.0,1.0,1.0
1856,7.946613658604829e-05,1.53465065514391e-05,0.00011896890474812534,0.00010362239819668624,0.004424597835280052,1.957706600397291e-05,6.157541206375239e-05,0.005070913144939716,2.571416012320249e-05,0.00021817681687896773,-0.0008650396101062536,7.482935271418967e-07,7.715448530165592e-05
1857,-3.0884166222448286,1.1249037384845432e-05,0.00016012324777529377,0.00014887421039044835,-0.003353958465024378,1.1249037386140692e-05,0.00016012324777625597,-0.0033539584650243803,1.124903738414229e-05,0.00016012324777503473,-0.0033539584650243825,1.1249037384253313e-05,0.00016012324777459064
1858,0.00013027104325125105,5.927682751971641e-05,0.00017201101881817818,0.00011273419129846177,-0.002655352817085822,7.050898583105258e-06,6.268849039747781e-05,0.01137426201366233,0.0001293738363556951,0.0002503376551307168,-0.006434729801687475,4.1405747620348876e-05,0.00020300691092633993
1859,-3.2212830142003845,1.0,1.0,0.0,0.0,1.0,1.0,0.0,1.0,1.0,0.0,1.0,1.0
1860,4.727994874609287e-06,1.918057136081804e-07,0.0003628275157567436,0.00036263571004313544,4.65580512714249e-05,2.167652057849523e-09,0.00040748068302220997,0.0005015197862830118,2.5152209637280265e-07,0.00021321887164860165,-0.0005672101831942112,3.2172739239388903e-07,0.00046778299259941925
1861,-3.0119333381129794,1.0907714694437706e-08,0.000158969451413693,0.00015895854369899856,-0.0001044400059128951,1.0907713732244417e-08,0.0001589694514131379,-0.00010444000591289516,1.0907713954289022e-08,0.00015896945141324892,-0.000104440005912895,1.0907716396779676e-08,0.0001589694514146922
1862,9.187355765172267e-05,3.1894074881947766e-05,0.0003732289820002806,0.0003413349071183328,-0.004701359459607299,2.210278076852923e-05,0.0005895213291989831,-0.007404606386320927,5.482819573654485e-05,0.00024652213035114556,-0.004330271139422079,1.8751248140769228e-05,0.00028364348645071313
1863,0.00023674844969789888,4.2551886185737686e-05,0.0002467789725005091,0.00020422708631477143,-0.0029027758465332604,8.426107615866485e-06,0.0002516363940197053,0.0008703098470727925,7.57439230336665e-07,0.00017297695323437168,0.010884489501654326,0.00011847211171100991,0.00031572357024745035
1864,9.200529959774162e-05,4.688097302703772e-05,0.0002514258716433219,0.0002045448986162842,0.005826048715161335,3.39428436314515e-05,0.0002708012951916361,0.009507493742807469,9.039243726960411e-05,0.00019734266604531925,-0.0040382716822781745,1.6307638180057538e-05,0.00028613365369301036
1865,-3.2212830142003845,1.0,1.0,0.0,0.0,1.0,1.0,0.0,1.0,1.0,0.0,1.0,1.0
1866,0.001076240780188309,0.00025701813269936774,0.0006535799609321454,0.0003965618282327777,0.0005345951143188248,2.8579193633859745e-07,0.00010567778900638647,-0.022953772713464927,0.0005268756817815579,0.0010298614310029208,-0.01561707156864928,0.00024389292438020682,0.0008252006627871289
1867,-3.076006820919398,2.2135470379621345e-06,0.00016541648439860612,0.00016320293736064398,-0.0014877993942878055,2.213547038443231e-06,0.0001654164843990502,-0.001487799394287804,2.213547038443231e-06,0.00016541648439938328,-0.0014877993942878061,2.213547036999941e-06,0.00016541648439738488
1868,0.00119357147809529,0.00026780243108370794,0.0007938770721046909,0.000526074641020983,0.004642809751342222,2.1555682386931174e-05,0.0005134121508189038,-0.020338326598045766,0.0004136475288092356,0.0007041497590647428,-0.019188644612237377,0.000368204082054957,0.0011640693064304264
1869,1.68089209319211e-05,7.233437054147511e-06,0.00034610069493971424,0.0003388672578855667,-0.001704644376270952,2.905812449549572e-06,0.0002625939284129908,0.0030335423042781476,9.202378911665754e-06,0.0002042534881984137,-0.003097114754288162,9.592119801227206e-06,0.0005714546682077382
1870,-3.2212830142003845,1.0,1.0,0.0,0.0,1.0,1.0,0.0,1.0,1.0,0.0,1.0,1.0
1871,0.00018611077865227088,8.27346239300845e-05,0.0005107176582786291,0.0004279830343485446,-0.012553154282223844,0.0001575816824334053,0.0004406231430409413,0.009466183661673564,8.960863311668898e-05,0.0003897220481785535,0.0010067553030966671,1.0135562401591969e-06,0.0007018077836163927
1872,5.4297233567202063e-05,1.768200092185553e-05,0.00025846827323827704,0.0002407862723164215,0.003960295658703018,1.5683941704258686e-05,0.0003269289794272101,0.0010363717993272328,1.074066506623339e-06,0.0001900764858402404,0.006023951739029652,3.6287994554684566e-05,0.0002583993544473806
1873,6.877940661897952e-05,2.3989808499787674e-05,0.00028892170778978726,0.0002649318992899996,0.0046863719935924236,2.196208246241227e-05,0.0003142763407331106,-0.003334657508276473,1.1119940697801312e-05,0.000254969432273211,-0.0062359764543196165,3.8887402339149446e-05,0.0002975193503630402
1874,-3.2212830142003845,1.0,1.0,0.0,0.0,1.0,1.0,0.0,1.0,1.0,0.0,1.0,1.0
1875,0.0001267097215994495,0.00010668334545756626,0.00020890261762840368,0.00010221927217083741,0.010503486763487786,0.00011032323419091217,0.00021615946170261413,-0.009676944466627733,9.364325421012953e-05,0.00024602543950169586,0.010774207533347685,0.0001160835479716571,0.00016452295168090103
1876,8.252415699261384e-05,3.596772736935705e-05,0.00026772987688331956,0.0002317621495139625,-0.008458910393731155,7.155316504880993e-05,0.0002887380693266106,-0.0057251100056538535,3.277688457692385e-05,0.00030638417436579246,-0.0018902731237943787,3.573132482337371e-06,0.00020806738695755556
1877,-3.2212830142003845,1.0,1.0,0.0,0.0,1.0,1.0,0.0,1.0,1.0,0.0,1.0,1.0
1878,0.00022907046008902032,0.00018824925710544024,0.0004175500311979959,0.00022930077409255564,-0.013882849414931552,0.00019273350787762933,0.000441851944114946,0.014409989324265739,0.0002076477923245168,0.00041526983461859235,-0.012820548783663946,0.00016436647111417457,0.00039552831486044937
1879,0.0001603759403447924,1.5028430662922254e-05,0.0005319827741643302,0.0005169543435014079,0.003759906007073752,1.41368931821928e-05,0.00022343225592980076,-0.005408547725981997,2.9252388504041882e-05,0.0007211669012154864,-0.001302309603157665,1.6960103025320805e-06,0.0006513491653477033
1880,0.00023456416186684592,9.274502791164115e-05,0.0004708593048610525,0.00037811427694941135,-0.0060036839733946315,3.604422125258466e-05,0.0005226025395623779,-0.012690595702413843,0.00016105121928211563,0.0006150845063386257,-0.009007754614781892,8.113964320022315e-05,0.00027489086868215384
1881,-2.175216320734396,4.636074430782363e-05,0.0002603083881138983,0.00021394764380607464,-0.006716239358617082,4.510787112310677e-05,0.0002502256009083714,0.006837346786493194,4.674931107895297e-05,0.00026270041793874377,0.006872048509825618,4.7225050721411144e-05,0.0002679991454945796
1882,0.00050574998876185,0.00013054836028425498,0.0002525309162007365,0.0001219825559164815,0.01476973152336265,0.00021814496927219373,0.00032020116597641923,-0.011748081746566165,0.00013801742472407952,0.0003110532523846743,0.005956734579980369,3.5482686856491696e-05,0.00012633833024111585
1883,-3.2212830142003845,1.0,1.0,0.0,0.0,1.0,1.0,0.0,1.0,1.0,0.0,1.0,1.0
1884,7.528472142459552e-05,2.145363152935194e-05,0.000265251296350022,0.00024379766482067003,0.002201151092536618,4.84506613207536e-06,0.0003477857641659421,0.0006572333809048054,4.3195571697296486e-07,0.00012114916918715135,0.007686603459187319,5.9083872739007504e-05,0.0003268189556969725
1885,-3.0303666502254094,1.5906227520308864e-08,0.0001588721872984126,0.00015885628107089228,0.0001261198921495899,1.5906227890383207e-08,0.00015887218729848662,0.00012611989214958988,1.5906227335271694e-08,0.0001588721872983756,0.00012611989214958994,1.5906227335271694e-08,0.0001588721872983756
1886,-3.2212830142003845,1.0,1.0,0.0,0.0,1.0,1.0,0.0,1.0,1.0,0.0,1.0,1.0
1887,0.0001841388840677638,7.535003607439528e-05,0.00031120905608506,0.00023585902001066472,0.007476102027928056,5.589210153189583e-05,0.00034215569584539196,-0.012294237684465366,0.00015114828024220817,0.00044940130621751173,-0.004360014501025901,1.9009726449081832e-05,0.0001420701661922763
1888,0.0001597923401326362,7.172824005200844e-05,0.0002864120547646139,0.00021468381471260545,0.010070720718905146,0.00010141941579810965,0.0002503660250590123,-0.010646755165126504,0.0001133533955456345,0.0003089993490784648,0.0006418012247204505,4.119088122811476e-07,0.00029987079015636464
1889,1.7040219028929826e-05,5.385117379833974e-06,0.00023896520242868333,0.00023358008504884936,0.0006565100968245664,4.3100550684016525e-07,0.0001832392684530948,-0.0019448361934112255,3.782387819506461e-06,0.00027958311660081225,0.0034557139368658904,1.1941958813155296e-05,0.0002540732222321429
1890,1.0039475016876409e-05,4.939072592321144e-06,0.0002214550356296844,0.00021651596303736326,0.0024852290209999755,6.176363287035969e-06,0.0002047038429316972,-0.0009718054236221805,9.444057816887508e-07,0.00031839542990852454,-0.0027742474129093422,7.696448708238712e-06,0.00014126583404883153
1891,0.00011008290726344239,1.940630228939681e-05,0.00011624841052885564,9.684210823945882e-05,0.006054406705518964,3.665584055601023e-05,0.00010748096831803,-7.272197909388534e-05,5.288485982468671e-09,0.00014823366723371034,-0.004643035410844257,2.155777782619772e-05,9.303059603482655e-05
1892,8.473295696065364e-05,2.2454333792147157e-05,0.00021085572854125564,0.0001884013947491085,0.003379420271515361,1.1420481371815505e-05,0.00030898605209639385,0.0037187402198344435,1.3829028822187617e-05,0.0001296394762251296,0.006489490826109708,4.2113491182438345e-05,0.00019394165730224344
1893,2.5557854849922457e-05,5.027817397381303e-06,0.0001678797755336007,0.0001628519581362194,0.0031147687752240776,9.701784523086232e-06,0.0001950979539883102,0.001900692379026301,3.6126315198226067e-06,0.00013936238084621966,-0.0013300511828463974,1.7690361492350704e-06,0.00016917899176627227
1894,0.005189461110098992,0.0024181559710053646,0.011235393706949334,0.00881723773594397,0.06949141484640334,0.004829056737354898,0.020995064328730773,-0.04726993361422174,0.0022344466238927163,0.011809812396286201,0.013818992429566633,0.00019096455176847993,0.0009013043958310263
1895,0.08693421098524046,0.08192296101110626,0.42244764433431725,0.340524683323211,-0.2905345373341576,0.08441031738397331,0.435129738826624,0.28722899843810007,0.08250049754375399,0.42424017769321143,0.2808167874354937,0.07885806810559148,0.40797301648311635
1896,0.00012072566383825034,4.875330002929168e-05,0.00026298179949331885,0.00021422849946402717,-0.008983770175357427,8.070812656368886e-05,0.0003381629353411686,-0.002148154557737733,4.61456800393556e-06,0.00014862090055689503,-0.0078062286361803394,6.0937205520250615e-05,0.000302161562581893
1897,6.333262155100439e-05,2.2141878917099806e-05,0.0001886680591886014,0.0001665261802715016,-0.005712446202796466,3.2632041619851115e-05,0.00015825462880725283,-0.0015640653795011262,2.4463005113828373e-06,0.00020438715178261457,-0.0055988654762070995,3.134729462006547e-05,0.00020336239697593683
1898,7.966485465837891e-05,1.4043708612391606e-05,0.0001600716034950711,0.0001460278948826795,0.003948335608359783,1.5589354075973283e-05,0.000169792376876865,0.0009600851428188745,9.217634813207809e-07,0.00014840106819524745,-0.005061621111886035,2.5620008279880757e-05,0.00016202136541310086
1899,0.00011253074561556886,5.273033966513019e-05,0.00016317428354299204,0.00011044394387786186,0.007091286818371888,5.0286348740380404e-05,0.00022964878237652364,0.004234756354485989,1.7933161381877838e-05,0.00011151501304151878,-0.009485331247418698,8.997150887313232e-05,0.00014835905521093373
1900,-3.2212830142003845,1.0,1.0,0.0,0.0,1.0,1.0,0.0,1.0,1.0,0.0,1.0,1.0
1901,6.56911082240752e-05,2.36439903195107e-05,0.0001952102966949291,0.0001715663063754184,0.0031522775161202496,9.93685353856133e-06,0.00016080067693347022,-0.005761604549062879,3.319608697949228e-05,9.93659597803287e-05,-0.005272478586057639,2.779903044047849e-05,0.0003254642533709884
1902,-3.2212830142003845,1.0,1.0,0.0,0.0,1.0,1.0,0.0,1.0,1.0,0.0,1.0,1.0
1903,0.00012961619786699963,4.334846345236768e-05,0.0002658667635740593,0.00022251830012169163,0.011218487823697727,0.000125854469050668,0.0003890701015643039,0.0010727326119855727,1.1507552567513457e-06,0.0001665007434205057,0.00174360719472773,3.0401660496837124e-06,0.0002420294457373684
1904,0.00010262189896226293,3.168707045941854e-05,0.00030717054425288826,0.0002754834737934697,-0.00021750161577178934,4.7306953132597584e-08,0.00021759153816025556,-0.00973731069293592,9.481521953091931e-05,0.00032126552435385314,-0.00044574083737330684,1.986848942037156e-07,0.00038265457024455607
1905,-3.2212830142003845,1.0,1.0,0.0,0.0,1.0,1.0,0.0,1.0,1.0,0.0,1.0,1.0
1906,-3.2212830142003845,1.0,1.0,0.0,0.0,1.0,1.0,0.0,1.0,1.0,0.0,1.0,1.0
1907,9.8248905284537e-05,4.744692734744612e-05,0.0001336213611779676,8.617443383052148e-05,-0.00900195077856864,8.103511781976103e-05,0.0001463972140497427,-0.0010351235004750462,1.0714806613076888e-06,0.00010189359555201616,-0.00776106845488831,6.023418356126964e-05,0.00015257327393214393
1908,-3.2212830142003845,1.0,1.0,0.0,0.0,1.0,1.0,0.0,1.0,1.0,0.0,1.0,1.0
1909,-3.2212830142003845,1.0,1.0,0.0,0.0,1.0,1.0,0.0,1.0,1.0,0.0,1.0,1.0
1910,-3.093903066237977,7.08772825423291e-06,0.0001555764471126523,0.0001484887188584194,-0.002662278770836925,7.0877282547510134e-06,0.0001555764471126153,-0.002662278770836924,7.087728254306924e-06,0.0001555764471130594,0.002662278770836924,7.08772825364079e-06,0.00015557644711228225
1911,-3.2212830142003845,1.0,1.0,0.0,0.0,1.0,1.0,0.0,1.0,1.0,0.0,1.0,1.0
1912,0.00010907995116116176,1.8555069486299775e-05,0.00024522866492819134,0.00022667359544189156,0.007178938182184154,5.153715342376408e-05,0.00028949970022085214,0.0011919479211538444,1.4207398463250698e-06,0.00013983790700755616,-0.001645392107954571,2.7073151888101776e-06,0.00030634838755616567
1913,0.07275626578077887,0.03693892715959827,0.040088016192907215,0.0031490890333089466,-0.08654077733516595,0.0074893061417746765,0.009647655990803083,-0.24459744142144524,0.05982790834991747,0.0625789391742615,0.2085654980745916,0.04349956698710267,0.04803745341365706
1914,3.343952404899486e-05,8.699726624428195e-06,0.0003268445436365915,0.0003181448170121633,-0.00198069880371559,3.92316775110757e-06,9.99480560837096e-05,0.004639467005691862,2.152465409666071e-05,0.00040353261849068733,-0.0008070675469509516,6.513580255163021e-07,0.0004770529563353776
1915,0.00010209585218134976,2.804233928839957e-05,0.00013596952785136876,0.00010792718856296919,0.0004969978514102528,2.4700686418466233e-07,0.00013399938100822073,0.0027471374140248276,7.546763971411075e-06,4.4989781142090735e-05,0.008736890009001545,7.633324702960298e-05,0.00022891942140379484
1916,-3.2212830142003845,1.0,1.0,0.0,0.0,1.0,1.0,0.0,1.0,1.0,0.0,1.0,1.0
1917,0.0002156491307302444,5.962873174795528e-05,0.00032003003740865843,0.00026040130566070313,-0.0025234351948606264,6.367725182587769e-06,0.0002573025045710109,0.0045058479391924065,2.0302665651450447e-05,0.00019672338122433963,-0.012337576926198681,0.00015221580440982763,0.0005060642264306248
1918,-3.2212830142003845,1.0,1.0,0.0,0.0,1.0,1.0,0.0,1.0,1.0,0.0,1.0,1.0
1919,-3.2212830142003845,1.0,1.0,0.0,0.0,1.0,1.0,0.0,1.0,1.0,0.0,1.0,1.0
1920,5.603586552715978e-05,2.2566877062775898e-05,0.00041772168683066696,0.0003951548097678911,0.005729831338064469,3.2830967162444935e-05,0.0004266237565716535,-0.0002886139538061099,8.329801470807752e-08,0.0004213233472819544,-0.0058979967795353225,3.4786366011174685e-05,0.0004052179566383929
1921,0.00018396456727176602,6.33451798032203e-05,0.000536333397630632,0.00047298821782741174,-0.013329691291352218,0.00017768066992263076,0.0010645462175504772,-0.0021544683306951415,4.6417337878912335e-06,0.000373460857362673,0.0027772532652158765,7.713135699138896e-06,0.00017099311797874606
1922,0.0001756703508263291,4.599037194708e-05,0.00020269990262689053,0.00015670953067981053,0.00997398187227451,9.948031438855587e-05,0.00022863939611572626,-0.0031422267844214047,9.873589164266505e-06,0.00015075426190624963,-0.005349505798481555,2.8617212288417626e-05,0.0002287060498586957
1923,0.00016678017468918505,9.700034547355241e-05,0.0015134944141651137,0.0014164940686915612,-0.009714140920054303,9.436453381461707e-05,0.0012544982426471174,0.012398876203286658,0.00015373213110436712,0.0019359492429789071,0.006550142861186036,4.290437150167303e-05,0.0013500357568693166
1924,-3.2212830142003845,1.0,1.0,0.0,0.0,1.0,1.0,0.0,1.0,1.0,0.0,1.0,1.0
1925,4.4092242989624e-05,1.783625583329229e-05,0.00044716738681778906,0.00042933113098449677,0.0011660497983638426,1.3596721324393712e-06,0.00031038591405041505,0.00624814208192532,3.903927947634944e-05,0.0005862178889457503,-0.0036207479739416137,1.3109815891088061e-05,0.00044489835745720185
1926,3.8369927543802085e-05,2.6180730142932873e-05,0.0001363631987239359,0.00011018246858100303,-0.005621383753099735,3.1599955299776994e-05,0.00011381658475861922,-0.004153049674383461,1.7247821597288215e-05,0.00013746973479067393,0.005449258071652031,2.969441353173341e-05,0.0001578032766225146
1927,3.862302112456195e-05,5.888576114572904e-06,0.00050136685145911,0.000495478275344537,-0.0021938669823912487,4.813052336460899e-06,0.00039162021982530604,0.0028280436376843035,7.997830816841578e-06,0.0007591270825861862,0.002203371323814984,4.854845190416235e-06,0.0003533532519658378
1928,0.0006630129722539069,0.0002225247747827952,0.0007516452453257827,0.0005291204705429875,-0.005838200776183025,3.40845883030072e-05,0.0003965119681794693,0.024784695520643787,0.0006142811320510866,0.0014713692668322231,0.004382762142084502,1.9208603994291806e-05,0.00038705450096565563
1929,0.0003846012273334143,1.0168846155937198e-05,6.640106773577366e-05,5.623222157983646e-05,0.005389872666509627,2.90507273610352e-05,5.9689190911482726e-05,0.0001677313125442383,2.813379329502652e-08,7.337930766371237e-05,-0.0011948545155469296,1.427677313481368e-06,6.61347046321259e-05
1930,-3.1356382325370324,1.828586982503359e-05,0.00016342395193003068,0.0001451380821049971,0.004276198057274317,1.828586982588476e-05,0.00016342395193080783,0.004276198057274322,1.828586982488556e-05,0.00016342395193036374,-0.0042761980572743235,1.8285869824330447e-05,0.00016342395192892045
1931,-3.2212830142003845,1.0,1.0,0.0,0.0,1.0,1.0,0.0,1.0,1.0,0.0,1.0,1.0
1932,-3.2212830142003845,1.0,1.0,0.0,0.0,1.0,1.0,0.0,1.0,1.0,0.0,1.0,1.0
1933,-3.2212830142003845,1.0,1.0,0.0,0.0,1.0,1.0,0.0,1.0,1.0,0.0,1.0,1.0
1934,0.0004970730235437371,0.00011943201492677542,0.0004415618105823027,0.0003221297956555273,-0.012911690549758647,0.00016671175285276618,0.0005216130158407495,0.013811482425634982,0.00019075704679361039,0.00048171384897599534,0.0009095301721725093,8.272451339497167e-07,0.0003213585669301633
1935,0.00024128796693545507,0.00012389453891977395,0.0003916566871406957,0.0002677621482209217,-0.012069956617995635,0.00014568385276070295,0.0004262083788254545,0.009927548811427624,9.855622540322351e-05,0.0004076228061669074,-0.011289089360766403,0.00012744353859539537,0.0003411388764297252
1936,3.9599433245940396e-05,1.358186468114475e-05,0.00041238117290946324,0.0003987993082283185,0.004845498502743717,2.3478855740166615e-05,0.0004953357013434134,-0.0010424285797507177,1.0866573439960447e-06,0.00023151505900753655,0.0040224471356649265,1.6180080959271592e-05,0.0005102927583774397
1937,6.66274556067048e-05,2.591701715474552e-05,0.0001399316925466317,0.00011401467539188619,-0.0035656112760691135,1.2713583772194781e-05,5.5152832052596246e-05,-0.007496037324304611,5.619057556749407e-05,0.00015951668376601447,-0.002974372559945683,8.8468921245477e-06,0.00020512556182128439
1938,-3.2212830142003845,1.0,1.0,0.0,0.0,1.0,1.0,0.0,1.0,1.0,0.0,1.0,1.0
1939,4.799642967912021e-05,1.1995616059912173e-05,0.0003023756588333611,0.0002903800427734489,-0.000833195078572765,6.942140391430485e-07,0.00022755095900117706,0.00532980810154321,2.8406854398976833e-05,0.0003746060887690472,0.0026240769314351824,6.885779741616638e-06,0.00030496992872985906
1940,8.102919822072785e-05,1.6119809013614983e-05,7.150637067239914e-05,5.538656165878415e-05,-0.0034889060270754816,1.217246526552529e-05,0.00011903002259439077,-0.005915219283102529,3.498981916749688e-05,7.030573227950754e-05,-0.0010941401227291688,1.1971426078227765e-06,2.5183357143299112e-05
1941,8.341160331848396e-05,2.879175270945981e-05,8.7115970041259e-05,5.832421733179918e-05,0.0058277752088234285,3.3962963884581754e-05,6.502359619753317e-05,0.00491434750388198,2.4150811388512494e-05,0.00011269818906611828,0.0053161530127666095,2.826148285528518e-05,8.362612486012555e-05
1942,0.00012492697020238808,1.901253736639556e-05,0.00019962613642713714,0.0001806135990607416,-0.000932000280367002,8.686245225320022e-07,0.00012929786616877603,0.006698699983323511,4.487258146634865e-05,0.0002619025732979452,0.003361012661575644,1.1296406110306023e-05,0.00020767796981469022
1943,-3.2212830142003845,1.0,1.0,0.0,0.0,1.0,1.0,0.0,1.0,1.0,0.0,1.0,1.0
1944,3.324456568198908e-05,1.4809462884938599e-05,0.00024938483738416267,0.00023457537449922408,-0.002048758777545671,4.197412528439415e-06,0.00014089747724455037,-0.005451182702532758,2.9715392856233258e-05,0.0003858469865929415,0.0032427740084408282,1.0515583270143125e-05,0.0002214100483149961
1945,0.00010546471114902811,9.914031367001344e-06,0.00018380363914031564,0.0001738896077733143,0.005271152629688785,2.7785050045081583e-05,0.00034012269352889923,0.0009605697147975715,9.226941770634767e-07,9.811532351655661e-05,-0.001017029929862949,1.0343498788589756e-06,0.0001131729003754911
1946,6.985956967431317e-05,1.8104660767348513e-05,0.0003630159415594821,0.00034491128079213357,0.004008198033398212,1.6065651474939102e-05,0.00018853513132566224,0.0058774224325821006,3.454409445124984e-05,0.0006122723040959954,-0.0019246392846078485,3.7042363758565955e-06,0.00028824038925678863
1947,5.373961690746665e-05,1.2968132651391961e-05,0.00018701453698077852,0.00017404640432938656,0.0036647477533497015,1.3430376095358021e-05,0.00020718626268800833,0.00462065594573475,2.135046136875207e-05,0.0001860283370970217,0.00203065518744656,4.123560490065792e-06,0.00016782901115730553
1948,-3.2212830142003845,1.0,1.0,0.0,0.0,1.0,1.0,0.0,1.0,1.0,0.0,1.0,1.0
1949,-3.2212830142003845,1.0,1.0,0.0,0.0,1.0,1.0,0.0,1.0,1.0,0.0,1.0,1.0
1950,8.191360408504877e-05,2.1032896038312526e-05,0.000255537552989978,0.00023450465695166547,-0.0003363942807989752,1.1316111203640844e-07,0.0002541350681987131,0.006673757464477332,4.4539038694613176e-05,0.00024724908667705936,-0.004294937520880893,1.844648830828799e-05,0.00026522850409416154
1951,7.373685549916242e-05,2.1835031848271846e-05,0.0002583638915992041,0.00023652885975093224,0.003890693444805877,1.513749548132104e-05,0.00017954686367949169,-0.005866993472503328,3.442161240629904e-05,0.0001559389992720206,0.003993242749605078,1.594598765719546e-05,0.0004396058118460999
1952,0.00011651365602105557,1.6461717455470055e-06,0.00025281726498482815,0.00025117109323928116,-0.0011963267556126499,1.431197706458498e-06,0.00020374423705804556,0.0017986993324473387,3.2353192885858917e-06,0.0002912719510316242,0.0005215345071927997,2.719982415966271e-07,0.0002634356068648147
1953,0.00012841753872250283,5.70204813449271e-05,0.0002492938234573601,0.00019227334211243302,0.008747078169101455,7.651137649578033e-05,0.0001525838142908409,0.006563149850549382,4.3074935960008e-05,0.0002895421839754775,-0.007174617173036843,5.147513157899297e-05,0.00030575547210576204
1954,-3.2212830142003845,1.0,1.0,0.0,0.0,1.0,1.0,0.0,1.0,1.0,0.0,1.0,1.0
1955,1.5740630403660028e-05,5.1448377973809895e-06,0.000158523135691054,0.00015337829789367302,-0.0036306799894990837,1.3181837185682888e-05,0.00016523499527409946,8.92655476699697e-05,7.96833810046138e-09,0.0002471886724989547,0.0014982349175328134,2.244707868359619e-06,6.31457393001078e-05
1956,-3.2212830142003845,1.0,1.0,0.0,0.0,1.0,1.0,0.0,1.0,1.0,0.0,1.0,1.0
1957,-3.2212830142003845,1.0,1.0,0.0,0.0,1.0,1.0,0.0,1.0,1.0,0.0,1.0,1.0
1958,0.00026537830767325854,0.00010542475124764028,0.0002477292995419396,0.00014230454829429934,0.004795620746266823,2.2997978341821046e-05,0.0002144376440930129,-0.01408476463808475,0.00019838059491006366,0.00041929175967170274,0.00974144139698523,9.489568049103614e-05,0.00010945849486110326
1959,0.00025823106166722454,0.00010344142091870771,0.00026398005716443684,0.00016053863624572912,0.008413759180175286,7.079134354159855e-05,0.0002716320727148558,-0.015350452238205862,0.00023563638391699282,0.00028983378036806506,-0.001973964360742028,3.896535297531756e-06,0.00023047431841038968
1960,7.625888020568183e-05,4.9182684412008015e-05,0.000353866352188259,0.000304683667776251,-0.005562563980191471,3.094211803345015e-05,0.0002875264672955735,-0.007942434479169038,6.308226545570506e-05,0.00043233112139251517,-0.007315987270834938,5.352366974686884e-05,0.00034174146787668835
1961,0.000531933875154933,0.0002825883455592759,0.0005614851257076762,0.00027889678014840025,0.019483455646695035,0.00037960504393685923,0.000928412580373239,0.008518416935403549,7.256342708550356e-05,0.00017921212846638834,0.0198896094897638,0.00039559656565546497,0.0005768306682834012
1962,-3.2212830142003845,1.0,1.0,0.0,0.0,1.0,1.0,0.0,1.0,1.0,0.0,1.0,1.0
1963,0.00016467779588702491,0.00013315618321755687,0.0002921403844079462,0.00015898420119038933,-0.010366586195960469,0.00010746610935941092,0.0002631409293389897,0.011462201733637191,0.00013138206858265278,0.00027207238786108867,-0.01267360926135051,0.00016062037171060695,0.00034120783602376026
1964,0.0006512000035184817,0.0002162519002877709,0.0003422531792172112,0.00012600127892944032,0.006761668051582607,4.572015483961245e-05,0.00017175063715946237,-0.02313228054105719,0.0005351024030303408,0.0006960861222590209,-0.008242156452849283,6.79331429933594e-05,0.00015892277823315037
1965,0.0003156620045442482,6.196783786786379e-05,0.00013683316040820812,7.486532254034432e-05,0.008881584167560404,7.888253732479811e-05,0.00013879087948165392,-0.0027650168250837616,7.645318043425497e-06,7.52571657283152e-05,0.009968734033747805,9.937565823536776e-05,0.0001964514360146552
1966,0.0005889014889361999,0.00019355374942124173,0.0003998271764091843,0.00020627342698794257,-0.023010759957671413,0.000529495073829378,0.0006915071423539976,-0.0006196251944730673,3.839353814871771e-07,0.00012579496477571617,0.007126165803052992,5.0782239052860056e-05,0.00038217942209783917
1967,-3.2212830142003845,1.0,1.0,0.0,0.0,1.0,1.0,0.0,1.0,1.0,0.0,1.0,1.0
1968,0.00029720974550140333,0.00010443778282849998,0.0005130877447909743,0.00040864996196247433,0.0028491931887120237,8.117901826421026e-06,0.0001201499137145623,-0.014964389888773171,0.00022393296474332303,0.0011247687550027807,0.00901457053418583,8.126248191575591e-05,0.00029434456565557987
1969,4.328209967652263e-06,1.3864514226691327e-06,0.0001845575456123442,0.00018317109418967506,0.0014006261304864887,1.9617535575999767e-06,0.00018655098897890632,-0.0014757295912081934,2.1777778260734237e-06,0.0001942331265837316,0.00014079376539454977,1.9822884333997592e-08,0.0001728885212743947
1970,1.3644465910456205e-05,4.196352680526279e-06,0.0003291136320997534,0.00032491727941922716,0.0014957003457972845,2.2371195242953945e-06,0.0003417663753219058,0.0029209442125229827,8.531915092424569e-06,0.0002940055914362194,0.001349082438000086,1.8200234248588743e-06,0.00035156892954113506
1971,0.0007352515843644936,0.0001304240874438293,0.0005819272700831416,0.00045150318263931233,-0.017594996469893983,0.0003095839007756229,0.00045814359607820876,-0.008639201647621362,7.463580510824741e-05,0.0006543844962785261,0.0026556649727673726,7.052556447617597e-06,0.00063325371789269
1972,7.729988364935103e-05,2.859348307981957e-05,0.00023965522358300925,0.00021106174050318968,0.002482114074712745,6.160890280160203e-06,0.00010777276727946816,0.008756737989678468,7.668046021969133e-05,0.00040713429267558165,-0.0017143799869524011,2.939098739607182e-06,0.0002040586107939779
1973,0.00011729635392887516,2.843447314230622e-05,0.00013887871607853874,0.00011044424293623252,0.00518093395970209,2.684207669412242e-05,0.00014413844320237956,-0.007036804598040001,4.951661895147286e-05,0.00017160752999367812,0.0029907731076106174,8.944723781323383e-06,0.00010089017503955855
1974,0.0003137350863944288,0.00025255738556103263,0.0007690279478629325,0.0005164705623018999,0.015372215231663686,0.00023630500112881148,0.00035728424651404467,-0.016613501805216306,0.0002760084422318565,0.0010373283128412014,-0.015663930328063277,0.00024535871332243,0.0009124712842335514
1975,-3.2212830142003845,1.0,1.0,0.0,0.0,1.0,1.0,0.0,1.0,1.0,0.0,1.0,1.0
1976,-2.9812363695536246,5.5985662443210536e-05,0.00017117861258486577,0.00011519295014165523,0.007482356743912415,5.598566244313652e-05,0.00017117861258464373,0.007482356743912419,5.598566244280345e-05,0.00017117861258419964,0.0074823567439124125,5.598566244369163e-05,0.00017117861258575395
1977,4.995034861865477e-05,2.3764605331414817e-05,0.0002781766429311346,0.00025441203759971975,0.0034928621624647927,1.2200086085267792e-05,0.0002982253266980983,0.006671908230327255,4.451435943397808e-05,0.00023565943542736,-0.003818294184060073,1.4579370474998576e-05,0.0003006451666679455
1978,0.0003958956341741926,0.0003059509594354563,0.0005627798160598255,0.0002568288566243692,0.01782949533775417,0.0003178909039993627,0.0005084664342404066,0.01810681816857354,0.00032785686418979054,0.0006113949979991151,-0.01649560881317145,0.0002721051101172156,0.000568478015939955
1979,0.0002568674155092321,7.762576114382173e-05,0.00023683871772273157,0.00015921295657890983,0.012316052655013177,0.0001516851530012353,0.00022466915868357695,0.007011488574396762,4.9160972028783334e-05,0.00029820238922162456,-0.005659607619006668,3.203115840144655e-05,0.0001876446052629932
1980,0.00011301046748168897,6.551591721219256e-05,0.00020290178432654424,0.0001373858671143517,-0.00656954761338532,4.315895584461327e-05,0.0001928614500320558,-0.007555622880234721,5.7087437108194194e-05,0.00020450932940196953,-0.009813325566991705,9.630135868377021e-05,0.00021133457354560736
1981,2.696340762331495e-05,9.670898466374034e-06,0.00032993651975650923,0.0003202656212901352,0.0017790820904878993,3.1651330850701598e-06,0.0005177094068172794,0.002706766413680744,7.326584417710613e-06,0.0001960276543587769,0.004303600573540391,1.852097789634133e-05,0.00027607249809347145
1982,-3.1429869264334522,3.614312645228157e-05,0.00021536712722114437,0.0001792240007688628,0.006046771982830783,3.656345141234141e-05,0.00022275787523162727,0.006180698917680881,3.8201039110563606e-05,0.0002050054372871868,0.005802145192437927,3.36648888339397e-05,0.00021833806914461906
1983,3.810234068646334e-05,8.593235656458495e-06,0.00014802884053233267,0.00013943560487587417,-0.003092893886788333,9.56599259482882e-06,0.00024312749066501826,-0.0012761053796830149,1.6284449397829803e-06,6.65990793711213e-05,-0.0038190665658692016,1.4585269434763681e-05,0.00013435995156085845
1984,-3.2212830142003845,1.0,1.0,0.0,0.0,1.0,1.0,0.0,1.0,1.0,0.0,1.0,1.0
1985,-3.2212830142003845,1.0,1.0,0.0,0.0,1.0,1.0,0.0,1.0,1.0,0.0,1.0,1.0
1986,0.0005499447417979253,0.0001773708952730324,0.0006671199688219979,0.0004897490735489655,0.000655083840032302,4.291348375540238e-07,0.00013498005573153726,0.001478869419051529,2.1870547585178812e-06,0.00029945737611591916,0.0230107908647871,0.0005294964962230253,0.0015669224746185373
1987,0.0010365493558792682,0.0003970619267045598,0.000819977891912016,0.00042291596520745617,-0.01601125013073466,0.00025636013074903374,0.00039363493264710225,0.006388007896635359,4.0806644887592114e-05,0.00031211880382264745,0.029900150576158017,0.0008940190044770535,0.0017541799392662982
1988,-2.893106584238141,3.911623751762239e-05,0.00017110454829283306,0.00013198831077521067,-0.00042451246168227075,1.8021082992536464e-07,0.0001472551209695805,-0.008102432359208716,6.564941013542658e-05,0.00019140573666776017,-0.007177680097872797,5.151909158751522e-05,0.00017465278724115851
1989,0.0002319508582968588,6.463822811653142e-05,0.00039223549692960863,0.0003275972688130772,-0.013281264291078764,0.00017639198116903287,0.0005458363091503937,0.003814636047602767,1.4551448176081117e-05,0.0003998607311592739,0.0017237328691791073,2.9712550044802555e-06,0.00023100945047915822
1990,4.2055191918355384e-05,9.899008001301723e-06,0.0001236605386317017,0.00011376153063039998,-0.0008293539675305506,6.878280033317807e-07,0.00011470827511761428,-0.004427471771163728,1.960250628407767e-05,0.00021298598351804365,-0.0030670327217648965,9.40668971649572e-06,4.328735725944721e-05
1991,0.0001300012057343647,4.4971944326843705e-05,0.00017109508168207851,0.0001261231373552348,-0.010409169655941278,0.00010835081292615012,0.00017433412671141735,-0.0009754306614403113,9.514649754738258e-07,0.0001327962964784435,0.0050609836078690925,2.561355507890717e-05,0.00020615482185637468
1992,0.00014594105331910967,4.992373048854729e-05,0.00023043445544127886,0.00018051072495273157,0.010775629244103366,0.00011611418560608655,0.00024825061079147837,0.0003250846967936548,1.0568005959221694e-07,0.00017264375900061246,0.005792350628176299,3.3551325799963116e-05,0.00027040899653174577
1993,0.00015893536933686558,5.821426261380195e-05,0.00018418250499644775,0.0001259682423826458,0.01062227099601477,0.00011283264111316971,0.00014981460690033366,-0.007770409906284915,6.0379270111932115e-05,0.00019925305749135536,-0.0011961925498381535,1.4308766163040332e-06,0.00020347985059765428
1994,7.741484024437195e-05,3.599215875775089e-05,0.0003527238292051482,0.0003167316704473973,-0.005288748690866129,2.797086271533189e-05,0.00037488522483952735,0.003121361274987288,9.742896208808638e-06,0.00033227357602172436,-0.008382285926192444,7.026271734911216e-05,0.00035101268675419295
1995,1.558801747336691e-05,4.721165801487477e-06,0.0002296032163901692,0.00022488205058868171,0.003243535741393725,1.0520524105661622e-05,0.00019591642706418,0.0014116041604315846,1.9926263056246896e-06,0.0002600545910141916,-0.0012846583178344607,1.6503469931761217e-06,0.00023283863109213598
1996,7.311602325033029e-06,2.134872748619602e-06,0.0002769120326826524,0.0002747771599340328,0.0007775883685968041,6.04643671131555e-07,0.0003955519825360465,0.002408283693433359,5.799830347874568e-06,0.00028239226448956156,1.2009447232609568e-05,1.4422685268300484e-10,0.00015279185102234916
1997,3.249940238259086e-05,1.6951794123605996e-05,0.00041656041327953197,0.000399608619155926,-0.004835879636462578,2.3385731858116543e-05,0.0006938724213843006,0.004901447725447051,2.402418980518295e-05,0.0005161771801406312,-0.00185619522341386,3.4454607075184995e-06,3.963163831366412e-05
1998,5.161847726598001e-05,2.2537189184768103e-05,0.0001582632982673656,0.0001357261090825975,0.003881256735176378,1.5064153845223416e-05,0.00013721281722045564,0.003337794312763887,1.1140870875059328e-05,0.0001545991513589584,0.006434791592125683,4.1406542834021565e-05,0.00018297792622268272
1999,4.194601113338692e-05,1.5554211425442926e-05,0.00016874473301572065,0.00015319052159027774,-0.0015522756360707207,2.4095596506956696e-06,0.00022087980328422407,0.005559200786270433,3.090471338218492e-05,0.0001551183283197144,0.003653540918496738,1.3348361243448181e-05,0.00013023606744322347
2000,0.001085988330622345,0.00022460831725449695,0.0016655664543346511,0.001440958137080154,-0.004623310381214586,2.1374998880996365e-05,0.0017629676685348983,-0.017064088623362374,0.0002911831205462123,0.001041440733676624,0.01900702060651339,0.0003612668323362822,0.0021922909607924312
2001,-5.6180822487177275,5.2697371816419945e-05,0.0005162902530517766,0.00046359288123535663,0.0006240773182659701,3.894724985853415e-07,0.00044351419607768783,-0.01253124382190091,0.00015703207172423905,0.0007122929501961472,-0.0008188841354079251,6.705712264354347e-07,0.0003930636128814946
2002,0.00018024803954674873,8.993584104636614e-05,0.0003205792733361375,0.00023064343228977136,-0.007842262920508075,6.150108771418861e-05,0.00020105673713122219,0.012172641854780083,0.00014817320972471126,0.0005227381925608787,-0.007754561605915642,6.013322570019852e-05,0.00023794289031631166
2003,0.00019683563166139617,4.264627539951604e-05,0.00041020965186118935,0.0003675633764616733,-0.005074320179281429,2.574872528171568e-05,0.00024733904829821185,-0.007647407834802757,5.84828465912679e-05,0.00048486080363696615,0.006611146218728328,4.370725432556455e-05,0.0004984291036483901
2004,-2.4067069767253497,1.671370133556523e-05,0.0002809759103869676,0.0002642622090514024,-0.004043270121882561,1.634803327865697e-05,0.0002863291926805678,-0.004112211023100474,1.6910279499016134e-05,0.0002796250505162634,0.0041088673901073045,1.6882791229022587e-05,0.00027697348796407173
2005,0.0001291463913566382,8.534422931176048e-06,0.00010533384680858997,9.679942387741391e-05,0.0021235418794546064,4.509430113430746e-06,0.00011977272142149609,-0.004486806258551789,2.0131430401915118e-05,8.515180187340654e-05,-0.0009810240967049661,9.624082781822807e-07,0.00011107701713086726
2006,0.0001027683110739197,4.235123091493135e-05,0.00021030354920921943,0.00016795231829428808,0.003325708385023322,1.1060336261858872e-05,0.0002015772102363922,0.0053374896089832275,2.8488795325687377e-05,0.00022743242734868385,0.00935438726789704,8.75045611572478e-05,0.0002019010100425822
2007,6.461222728282312e-05,2.300440945731304e-05,0.00042852790261778867,0.00040552349316047565,-0.0017708785840507494,3.136010959470248e-06,0.00033218477253249556,0.006273169586260579,3.935265665799825e-05,0.0004436401330167872,0.00515020006930931,2.6524560754470627e-05,0.0005097588023040833
2008,5.6250280138003816e-05,1.5993234550260027e-05,0.00021395357934839154,0.00019796034479813152,0.004334830131854366,1.8790752272068723e-05,0.0001648266417521027,0.0037351822841988624,1.3951586696259177e-05,0.00021984099071714613,-0.003903506716113777,1.5237364682452181e-05,0.0002571931055759258
2009,0.00013687620559776903,3.1779130381067354e-05,0.00022136527842109288,0.00018958614804002552,0.0058049308312754875,3.369722195578628e-05,0.00015194027151888,0.007697168433880778,5.924640189913788e-05,0.00026603529556068484,0.0015471804317852371,2.3937672882778926e-06,0.0002461202681837138
2010,0.00015163411858076792,2.8933314050738623e-05,0.0005364686295089202,0.0005075353154581815,0.006006481694646888,3.607782234804624e-05,0.0005223305029963266,0.006607478494951317,4.365877206125024e-05,0.00046247944347688197,0.0026576959462867433,7.06334774291939e-06,0.0006245959420535518
2011,2.7371543021348366e-05,4.080089988645064e-06,0.00017342771750402294,0.00016934762751537788,-0.0009978378179052662,9.95680310866831e-07,0.00017014215814137312,0.003335547180383263,1.1125874992634621e-05,0.00020854077596732523,0.00034454994126028216,1.1871466243373874e-07,0.00014160021840337045
2012,0.00031602129473651264,0.00013532883730049683,0.000665637028983812,0.0005303081916833152,0.008473281053495655,7.179649181154879e-05,0.0011907246445761466,-0.010877167698838393,0.00011831277714891009,0.0004580410169590099,0.014692761583208525,0.0002158772429410316,0.0003481454254162797
2013,4.8181796359236806e-05,2.451689710351405e-05,0.00016157852412268525,0.0001370616270191712,0.006087254147887923,3.705466306092031e-05,0.00023955404981901296,-0.005400444262792255,2.916479823533713e-05,0.00013212803484430324,0.002707624422671334,7.3312300142847064e-06,0.00011305348770473955
2014,9.155177239095202e-06,2.965302645948261e-06,0.0002201774829923009,0.00021721218034635262,0.002352780558297465,5.535576355186755e-06,0.00023900221577943803,0.0017660766872320108,3.119026865228136e-06,0.0001423635520131361,-0.0004912277651939088,2.41304717429891e-07,0.0002791666811843285
2015,0.00012975484015154137,5.0976884650684916e-05,0.00041707557111921495,0.00036609868646853005,-0.008394348148313408,7.046508083508041e-05,0.00016728022872136705,-0.0071374041978962246,5.0942538684095595e-05,0.000545816811855393,0.005614537775527003,3.152303443287874e-05,0.0005381296727808849
2016,0.00016435596149988463,5.8494402342771736e-05,0.0003001166689045783,0.00024162226656180655,0.0019388165529899543,3.7590096269024542e-06,0.00019086697325543245,-0.00939883785298129,8.833815298714409e-05,0.00024134134098729998,-0.009131595940166845,8.338604441426867e-05,0.00046814169247100246
2017,-3.2212830142003845,1.0,1.0,0.0,0.0,1.0,1.0,0.0,1.0,1.0,0.0,1.0,1.0
2018,1.6898526338127162e-05,4.664817601048495e-06,0.00012751401298438658,0.00012284919538333808,0.002351803716924437,5.530980723422729e-06,0.00012405649099578309,-0.00031626270816607866,1.000221001579149e-07,0.0001478768210569914,0.0028919629976650275,8.363449979564841e-06,0.00011060872690038526
2019,4.332566816256378e-05,3.425888907226948e-05,0.000306492562977471,0.00027223367390520153,-0.0058420439846745605,3.412947791858745e-05,0.0003118342518606543,0.005658357888220886,3.201701399069279e-05,0.0003026892689981242,0.006052286783314417,3.663017530752821e-05,0.0003049541680736345
2020,0.000146800869733954,5.810397712506058e-05,0.00014316864086505454,8.506466373999397e-05,-0.010016566372156645,0.00010033160188793744,0.00015432632901890564,0.006234418913890914,3.886797919383511e-05,0.00011404931734593227,-0.005925567508148995,3.51123502934092e-05,0.00016113027623032572
2021,6.218902283794403e-05,2.5887208608669592e-05,0.0003885862053727059,0.0003626989967640363,0.007213203055035917,5.203029831368777e-05,0.0005471181267794334,-0.0029026860059078964,8.425586049076728e-06,0.0003139999720644937,0.004147980407826121,1.7205741463244273e-05,0.0003046405172741906
2022,0.0010931246908926218,0.0003274008624432427,0.0006188548869784372,0.0002914540245351945,-0.023262735180726052,0.0005411548480885875,0.0007969295218513972,-0.004612158286028546,2.1272004055328253e-05,0.00032720145477849183,0.020488429300108163,0.00041977573518581224,0.0007324336843054224
2023,-3.1004272979900023,1.0907715878675598e-08,0.0001589694514146552,0.00015895854369877654,-0.00010444000591289501,1.0907716063712769e-08,0.00015896945141524732,0.00010444000591289502,1.0907716285757374e-08,0.0001589694514146922,-0.00010444000591289513,1.0907715286556652e-08,0.00015896945141402608
2024,0.0003529413279546034,0.00013715301008402717,0.0004385438503441789,0.0003013908402601517,-0.01201510556497389,0.00014436276173734885,0.00028378836266296226,-0.01568036832726645,0.00024587395087871666,0.0009239578171671425,0.0046067686761909355,2.1222317636016008e-05,0.00010788537120243191
2025,0.00011212710676433701,2.7810073947883335e-05,0.000178958956260337,0.00015114888231245366,-0.002723827224706309,7.419234750116743e-06,0.0001457904731332338,0.0004898709468218711,2.399735443692208e-07,0.00020987729119592569,-0.008704654705928301,7.577101354916405e-05,0.00018120910445185157
2026,0.0013672069710457535,0.0003355633363057627,0.0016808594558844387,0.0013452961195786761,-0.031650928508338776,0.001001781275439817,0.0031025340284931424,-0.0008821770477398666,7.782363435904216e-07,0.0008927631324390228,-0.0020323624513693614,4.130497133880695e-06,0.0010472812067211512
2027,7.424106943465514e-05,1.5103122284624662e-05,0.0004138335192612752,0.0003987303969766505,-0.0017010345888463809,2.8935186722200967e-06,0.000499620234784004,0.005771593106960956,3.3311286992687705e-05,0.00015264877521081743,-0.0030173765407734937,9.104561188966187e-06,0.0005892315477890042
2028,-17.694208718970813,1.512496539494516e-06,0.00015312501424743127,0.00015161251770793677,-0.0011595152180715117,1.3444755410096931e-06,0.0001530891059845496,-0.0014850469230689868,2.2053643643493714e-06,0.000153244483245496,-0.0009938056718362736,9.876497131244832e-07,0.00015304145351224818
2029,0.0002086417956667086,4.4268796913919196e-05,0.00024918591932754364,0.00020491712241362445,-0.006517094567659912,4.247252160416437e-05,0.0002824695429635149,0.0031449037837911163,9.89041980914429e-06,0.00025118213288555236,-0.008969027223078489,8.044344932844893e-05,0.00021390608213356366
2030,-3.2212830142003845,1.0,1.0,0.0,0.0,1.0,1.0,0.0,1.0,1.0,0.0,1.0,1.0
2031,0.00014266517584082816,4.45482392275783e-05,0.0001659781249048938,0.0001214298856773155,0.0023744768034987874,5.638140090469257e-06,0.0002338216732976628,0.011239757561573806,0.00012633215004265175,0.00023614044371012,-0.001293996734926174,1.6744275496138883e-06,2.7972257706898596e-05
2032,-3.2212830142003845,1.0,1.0,0.0,0.0,1.0,1.0,0.0,1.0,1.0,0.0,1.0,1.0
2033,0.00030177993628877076,8.77544053149067e-05,0.0002921522720753522,0.00020439786676044552,-0.01384919536598764,0.00019180021228504263,0.00048670042486509413,-0.002863816920919371,8.201447356803726e-06,0.00014870295709668024,0.007953713365673312,6.326155630287378e-05,0.00024105343426428227
2034,3.954256467386674e-05,7.79674016337939e-06,9.761763204019225e-05,8.982089187681286e-05,-5.49007004191301e-05,3.014086313868347e-09,3.0479686890738655e-05,-0.004819660416162876,2.322912652696907e-05,0.00023551377608221902,0.0003975926018383898,1.5807987685523273e-07,2.6859433147619072e-05
2035,2.6360266460967452e-05,2.0214407381535793e-05,0.0004571163725952306,0.0004369019652136948,0.004292380814507318,1.8424533057670445e-05,0.0004364378435481875,0.005063518153656866,2.5639216092998574e-05,0.0005606424662977227,0.004071789900368289,1.657947299393836e-05,0.00037426880793978157
2036,-3.013811928159532,2.6331418791306995e-06,0.00016963943141464397,0.00016700628953551327,-0.0018201147672985616,3.312817765332987e-06,0.00017646035543295024,-0.0021115248123619633,4.458537033014132e-06,0.0001694742596012322,0.0003578698625573749,1.280708390449803e-07,0.00016298367920974943
2037,4.960531202991003e-05,1.9314005172928656e-05,0.0002816437350219673,0.0002623297298490387,0.006341615988316872,4.021609334314835e-05,0.0003734361215008697,-0.0019603383894600305,3.842926601271834e-06,0.00019823135373553402,0.0037259892075348316,1.3882995574365786e-05,0.0002732637298294982
2038,0.00010420541784939008,2.871671735675078e-05,0.0001535284705626768,0.00012481175320592602,0.001255194845737334,1.5755141006268403e-06,0.00010414138649650351,-0.008352992557967849,6.9772484673436e-05,0.0002960530909836834,0.003847356663565167,1.4802153296189502e-05,6.039093420784347e-05
2039,0.00011564177719580737,1.7155770791754676e-05,0.0001683706525968572,0.00015121488180510254,-0.00656588667141652,4.3110867781526174e-05,0.00017166707194526953,-0.0025098326946232604,6.299260155051556e-06,0.0001259902436050453,0.0014342888267596836,2.057184438686299e-06,0.00020745464224025678
2040,0.00019508960842773426,6.719786653667607e-05,0.0003477011514081048,0.00028050328487142873,0.007314069588164299,5.3495613940524045e-05,0.00030409682842469365,-0.0023908222755895576,5.716031153291112e-06,0.00021454740044957177,-0.011932390980710094,0.00014238195451621305,0.0005244592253500491
2041,-3.2212830142003845,1.0,1.0,0.0,0.0,1.0,1.0,0.0,1.0,1.0,0.0,1.0,1.0
2042,-3.208597069643905,7.494081161589043e-05,0.00045827548604597074,0.0003833346744300803,0.00865683612046154,7.494081161585342e-05,0.0004582754860458227,0.008656836120461534,7.494081161607546e-05,0.0004582754860462668,-0.008656836120461538,7.49408116157424e-05,0.0004582754860458227
2043,-3.2212830142003845,1.0,1.0,0.0,0.0,1.0,1.0,0.0,1.0,1.0,0.0,1.0,1.0
2044,9.955593065547053e-05,6.507631761613435e-05,0.0008596148022425032,0.0007945384846263689,0.005901320061413523,3.482557846756773e-05,0.0008967002114751432,-0.009814622434130862,9.632681352444994e-05,0.0008996355822272761,0.008004783623354285,6.407656085638536e-05,0.0007825086130250902
2045,3.323407318500671e-05,5.241918520212015e-06,0.00015669053078167425,0.00015144861226146222,-0.0015302936371969131,2.3417986160234605e-06,7.634107180976013e-05,-0.0035789307396813384,1.280874523990061e-05,0.0002693918934312256,0.0007584271253722712,5.752117047119754e-07,0.00012433862710403698
2046,-3.2212830142003845,1.0,1.0,0.0,0.0,1.0,1.0,0.0,1.0,1.0,0.0,1.0,1.0
2047,0.0006037623710594131,0.0003303021854478283,0.0008296560582914022,0.0004993538728435739,-0.01959270727533176,0.00038387417837670856,0.0010262369321007991,-0.024013620254324797,0.0005766539577187757,0.0009074410656416676,0.005511662203723446,3.0378420248000637e-05,0.0005552901771317398
