expert_id,decode_r2,encode_linear_r2,encode_periodic_r2,periodic_gain,dim0_corr,dim0_linear_r2,dim0_periodic_r2,dim1_corr,dim1_linear_r2,dim1_periodic_r2,dim2_corr,dim2_linear_r2,dim2_periodic_r2
0,2.9261166780258918e-05,1.3978161645167297e-05,9.558199409650155e-05,8.160383245133425e-05,0.00029217580991327337,8.536670392800261e-08,0.00014722594761285013,0.004115652917820617,1.6938598939697513e-05,7.43909554676847e-05,-0.004991043908037968,2.4910519291876376e-05,6.512907920896982e-05
1,9.113653617498496e-05,3.1530097167239056e-05,0.0001113944173171862,7.986432014994715e-05,-0.009098433525635956,8.278149261997658e-05,0.00014269159601965065,-0.0001007532024118559,1.0151207763264836e-08,3.545325176657066e-05,-0.0034349159631212353,1.1798647673977314e-05,0.00015603840416533732
2,0.00013359348304575747,1.996865104654984e-05,0.00022188198663138556,0.0002019133355848357,0.004782617851667413,2.2873433515147035e-05,0.00015001083283350258,0.005511730449843318,3.03791725514424e-05,0.0001477263288780506,-0.0025794082797115443,6.65334707306009e-06,0.00036790879818260347
3,-3.2212830142003845,1.0,1.0,0.0,0.0,1.0,1.0,0.0,1.0,1.0,0.0,1.0,1.0
4,-3.147073943565088,3.46934823224343e-05,0.00016606783583180315,0.00013137435350936885,0.0058901173437117165,3.4693482322212255e-05,0.00016606783583128504,-0.005890117343711717,3.469348232210123e-05,0.00016606783583139606,-0.005890117343711713,3.469348232298941e-05,0.00016606783583272833
5,-3.2212830142003845,1.0,1.0,0.0,0.0,1.0,1.0,0.0,1.0,1.0,0.0,1.0,1.0
6,2.2401653720249826e-05,1.0320203552220223e-05,0.0006754063773235878,0.0006650861737713676,0.00224058969663451,5.020242188513713e-06,0.0006396070878638138,-0.0022006652830561294,4.842927687875864e-06,0.0006697722933574068,0.004593195051373049,2.1097440780271093e-05,0.0007168397507495428
7,3.843299682049217e-05,7.5868519830620445e-06,0.00017294969060725288,0.00016536283862419082,0.001872713475199003,3.5070557599103935e-06,0.00010054019817484772,-0.0009821844660228036,9.646863252665838e-07,0.0001385696602405062,0.0042765422789882886,1.8288813864009157e-05,0.00027973921340640473
8,-3.2212830142003845,1.0,1.0,0.0,0.0,1.0,1.0,0.0,1.0,1.0,0.0,1.0,1.0
9,0.00011947341215678975,2.616211770338032e-05,0.0001637101142194878,0.0001375479965161075,0.0014560713505519499,2.1201437786499966e-06,0.0002497155657211758,-0.008604219253962982,7.403258897020759e-05,0.00016262705767366992,-0.0015276191806638225,2.333620361283373e-06,7.878771926361772e-05
10,6.369500425862373e-05,7.079222757888637e-06,0.00011997409394611432,0.00011289487118822568,-0.0024030992656708587,5.77488608066723e-06,7.750546957685511e-05,-0.0037720847707713263,1.4228623518186545e-05,0.00010629853830235181,0.0011109269443234948,1.2341586748121358e-06,0.00017611827395913604
11,3.8879166427863154e-05,1.2422009213586271e-05,0.00019294124345607214,0.00018051923424248587,0.0012889637386459462,1.6614275200055317e-06,0.00030486538634710847,-0.00099611201897646,9.922391545069686e-07,9.00975565795159e-05,0.0058832270877712855,3.4612360966246314e-05,0.00018386078744159207
12,5.367500527375668e-05,2.7859753513307755e-05,0.00019171506113520773,0.00016385530762189998,0.007260392504284769,5.27132993167756e-05,0.00030935053974534554,0.0015757379875307779,2.482950205440204e-06,7.457679339273326e-05,0.005327570836449162,2.838301101770746e-05,0.00019121785026754434
13,1.028631812027836e-05,4.224515160096883e-06,0.0002028231860921048,0.00019859867093200792,0.0008628122441738477,7.444449694471444e-07,0.0002705563598099925,-0.002920713681726335,8.530568410325401e-06,0.00010667524431240416,-0.00184351080839923,3.3985321005181035e-06,0.0002312379541539178
14,-3.2212830142003845,1.0,1.0,0.0,0.0,1.0,1.0,0.0,1.0,1.0,0.0,1.0,1.0
15,2.98350391144675e-05,9.29984948897881e-06,0.0002870665971979787,0.0002777667477089999,-0.0049653896629621155,2.465509450522152e-05,0.00020465889489962308,-0.001305677382056805,1.7047934260938646e-06,0.0003134509754791903,0.0012408305829022125,1.5396605356210458e-06,0.00034308992121512283
16,8.248013072198468e-06,3.252618223648085e-06,0.00040706625011281233,0.00040381363188916425,-0.001971239701826106,3.8857859619989554e-06,0.000616871852311518,0.001428414514701769,2.0403680258684886e-06,0.0003573770960030309,0.001957473035041873,3.831700683076811e-06,0.00024694980202388805
17,0.00032631183099085526,5.53154047250685e-05,0.00018182231731493173,0.00012650691258986324,-0.010387193261054787,0.00010789378384234993,0.0002537099053402381,-0.004319283553208869,1.865621041252652e-05,8.299099828801282e-05,0.006276640814958709,3.9396219920329045e-05,0.00020876604831654433
18,0.001835526330353221,0.0006993637085867347,0.0010409849056260227,0.00034162119703928806,-0.03269315235651344,0.0010688422110064488,0.001421367711812782,0.02798947967581019,0.0007834109725225469,0.0010379275834256907,-0.01567922007726438,0.00024583794223120847,0.0006636594216395952
19,1.7102467017249268e-05,5.9795810881298666e-06,0.00014927800669939373,0.00014329842561126385,-0.002496982501595755,6.234921613446076e-06,0.00024619625443311755,0.0006486256335342958,4.207152124457991e-07,6.768624239139598e-05,-0.0033590335571807746,1.1283106438497725e-05,0.00013395152327366766
20,0.00017505347675417227,3.7342324712419384e-06,0.00027461124719948177,0.00027087701472823983,0.0006484120699575815,4.2043821257831127e-07,0.00026247570936155373,-0.003144047924261493,9.88503734966617e-06,0.0003521862968234313,-0.0009472179538355933,8.972218514813335e-07,0.00020917173541346035
21,6.871653989282134e-05,3.182835437280188e-05,0.0001792358301853092,0.00014740747581250732,-0.0046932245379940896,2.202635656423091e-05,0.0002090193221762071,-0.0036611003961355706,1.3403656110466677e-05,0.00022403087103683994,0.00774951936852928,6.005505044370807e-05,0.00010465729734288054
22,-2.5173540204881264,3.50593900173927e-05,0.0001668167706752044,0.0001317573806578117,0.00749667336937661,5.620011160722971e-05,0.0001781015226597349,-0.006917474337203038,4.7851451205893625e-05,0.00017645896942219963,0.0010614175608839407,1.1266072390547777e-06,0.00014588981994367867
23,6.44808026728505e-06,1.0803016246378287e-06,0.00018446589614270112,0.0001833855945180633,0.0003037427419117612,9.225965247328105e-08,0.0002828750058351259,0.0014621357055419112,2.1378408217032074e-06,0.00011776007132491273,-0.0010053876861379337,1.0108043997369975e-06,0.00015276261126806467
24,3.62335433093941e-05,1.4116616922188463e-05,0.00014682724831120245,0.00013271063138901398,0.0003904349979959287,1.5243948792154072e-07,3.987397633109513e-05,0.0033695048297224246,1.1353562797244976e-05,0.00019102227424938611,0.005553723839157051,3.084384848139887e-05,0.00020958549435312612
25,0.00012659644165380346,3.445881107381569e-05,0.00014373059606198613,0.00010927178498817044,0.008430161813523225,7.106762820208168e-05,0.00014499438937376485,0.0004551018429808322,2.0711768700110156e-07,0.00012711469285897614,-0.005665835095801648,3.210168733236429e-05,0.00015908270595321738
26,-3.2212830142003845,1.0,1.0,0.0,0.0,1.0,1.0,0.0,1.0,1.0,0.0,1.0,1.0
27,9.486403950786926e-05,6.665543788327473e-05,0.00027255908410546886,0.00020590364622219415,0.008618648877086169,7.428110846630087e-05,0.00027566534945522303,-0.009021943762879403,8.139546926144714e-05,0.0002248819474717223,0.006655053412427083,4.428973592207619e-05,0.0003171299553894613
28,0.00010836062204766517,4.273485686530817e-05,0.00025911652515205513,0.00021638166828674696,-0.005612796070349857,3.150347972824541e-05,0.0003194150336147672,0.005664216197550256,3.2083345132161156e-05,0.000206434232326691,0.008038516389011981,6.461774573551793e-05,0.00025150030951470725
29,5.217904631960035e-05,1.2648760617498903e-05,0.00011642942489757206,0.00010378066428007315,-0.0023229123352995307,5.395921717332719e-06,0.00010668730260277037,-0.00466038337068355,2.171917316151628e-05,0.00011909427204925827,-0.003291076871412537,1.083118697364771e-05,0.00012350670004068753
30,-3.1864186646756085,5.631056574562088e-05,0.00016189237135577628,0.0001055818056101554,-0.00750403663014912,5.63105657437335e-05,0.00016189237135399992,0.007504036630149108,5.631056574662008e-05,0.00016189237135655343,-0.007504036630149114,5.6310565746509056e-05,0.00016189237135677548
31,0.00013737329305052448,4.523391352802738e-05,0.00014758960433088517,0.00010235569080285778,-0.006867908307462588,4.716816451955097e-05,0.00014986536543393214,0.00021442201088767008,4.597679881257477e-08,8.312725592329873e-05,0.009406784746457621,8.848759926571859e-05,0.0002097761916354246
32,-3.1873234550575305,5.98239834539808e-05,0.00017405588940773894,0.00011423190595375815,-0.007734596528211595,5.9823983454387886e-05,0.00017405588940822003,-0.0077345965282116,5.982398345305562e-05,0.0001740558894069988,0.007734596528211594,5.982398345449891e-05,0.000174055889407998
33,1.3324894868937953e-05,7.052796162865249e-06,0.00017978563292338676,0.0001727328367605215,0.0025759179260140042,6.63535316147712e-06,0.0002243794500055296,0.0019356530025302309,3.7467525459966566e-06,0.00020664999073605195,0.003282724901831584,1.077628278112197e-05,0.00010832745802857868
34,0.00027407615918917383,6.294601863066074e-05,0.0005464482949885848,0.0004835022763579241,-0.01126959307006619,0.00012700372796514703,0.0004468379821678248,0.003129806524671164,9.795688882263676e-06,0.0006794971716547193,-0.007213781189146226,5.203863904457151e-05,0.0005130097311432102
35,-2.963433365021879,5.5985662443099514e-05,0.0001711786125849398,0.00011519295014184028,-0.007482356743912414,5.598566244269243e-05,0.00017117861258464373,0.007482356743912416,5.5985662442914474e-05,0.0001711786125849768,-0.007482356743912414,5.598566244369163e-05,0.00017117861258519884
36,0.0004258607239661094,0.0001790236396349195,0.0004150498843911536,0.0002360262447562341,0.005026056498910804,2.5261243930430055e-05,0.00018526728554346672,-0.013047793053583083,0.00017024490356887245,0.0005198946184075126,-0.01848147102925936,0.00034156477140545594,0.0005399877492224814
37,-3.0650147759548343,4.750129097545279e-06,0.00016256901028629164,0.00015781888118874637,-0.00217947908847526,4.750129097508271e-06,0.00016256901028699478,-0.0021794790884752595,4.750129098285427e-06,0.00016256901028621762,-0.0021794790884752608,4.750129096842137e-06,0.0001625690102856625
38,2.6385640121917575e-05,7.650459453537964e-06,0.00018700335506764235,0.0001793528956141044,0.003840518776668407,1.4749584474449406e-05,0.0003178349899537469,-0.0016137519286135065,2.6041952869704232e-06,0.00015742918764094505,0.002365924470320181,5.597598599194065e-06,8.57458876082351e-05
39,3.7548741445014855e-06,7.196169343748338e-07,0.00026758978840139375,0.0002668701714670189,0.00020140241280821653,4.0562931902243804e-08,8.438536871302471e-05,-0.0010207188434514752,1.04186695726316e-06,0.00041867589019839446,-0.001037507067631522,1.0764209139590974e-06,0.000299708106292762
40,0.00022917142751432973,0.00020472287714364454,0.00038327362312525387,0.00017855074598160933,-0.014250958637335302,0.00020308982208327997,0.0003641469892018412,0.014130502065680164,0.00019967108862872784,0.00037140394615697847,0.014539866599071413,0.00021140772071892577,0.000414269934016942
41,-3.2212830142003845,1.0,1.0,0.0,0.0,1.0,1.0,0.0,1.0,1.0,0.0,1.0,1.0
42,0.000123601681590646,1.4784210695265957e-05,9.988249744456261e-05,8.509828674929665e-05,0.0030506301782665408,9.306344484372175e-06,7.745627842548064e-05,0.005840810956374452,3.411507262851554e-05,0.00018957990230894506,0.0009649948049758729,9.312149729101549e-07,3.2611311599262116e-05
43,-2.9285944456735904,2.446487332219416e-05,0.00016476143900841697,0.0001402965656862228,0.004946197865225081,2.446487332130598e-05,0.0001647614390076768,-0.004946197865225078,2.4464873323526426e-05,0.00016476143900923113,-0.004946197865225083,2.446487332175007e-05,0.00016476143900834295
44,-3.2212830142003845,1.0,1.0,0.0,0.0,1.0,1.0,0.0,1.0,1.0,0.0,1.0,1.0
45,0.0016659094112237982,0.0004209765267459235,0.0006249869723184235,0.00020401044557249998,0.029459507456152757,0.0008678625795591755,0.0011803556280121086,-0.0195842290356306,0.0003835420269202583,0.000482194006551917,0.0033948451744106396,1.152497375833672e-05,0.00021241128239124496
46,0.00021377981057935092,8.647974327343395e-05,0.0004084025463014414,0.00032192280302800746,-0.011216178873074426,0.00012580266851314192,0.0005908593726119404,-0.006023817028000943,3.628637158648029e-05,0.0003359406675979004,0.009866619974467581,9.735018972067966e-05,0.0002984075986944834
47,0.00022927699152397452,8.491311724057038e-05,0.00045967017140857713,0.00037475705416800675,0.014844405387380844,0.00022035637130479735,0.0007210486869825283,-0.00384372099453167,1.4774191083866128e-05,0.00014095329051433403,0.004428181266938767,1.960878933304766e-05,0.000517008536728869
48,0.0003785763412387233,0.0002083569410031109,0.00035393099996979444,0.00014557405896668355,-0.017131613099809213,0.00029349216740137685,0.0004491893461384677,0.002718810562154524,7.391930872735486e-06,0.00012673373885285777,0.018005186051115993,0.00032418672473522037,0.00048586991491805787
49,0.00016688385970264896,0.0001418131734656214,0.0004238518375653995,0.0002820386640997781,-0.012656772398003007,0.0001601938875349651,0.0004742644067605717,-0.009921694014714865,9.844001212266917e-05,0.00031144529474402827,-0.012915325034213177,0.0001668056207392299,0.00048584581119159864
50,0.00020206888948248736,0.0001039561231821103,0.0004371571840182664,0.00033320106083615614,-0.008699835822065039,7.568714333094917e-05,0.0003721530739918544,0.013167993331621665,0.00017339604838162437,0.0005564422890419474,0.007923709852975197,6.278517783375737e-05,0.0003828761890209975
51,3.124564513290462e-05,1.4714017121719714e-05,0.0001700015097855223,0.0001552874926638026,0.00362861114023695,1.3166818806586988e-05,0.00021281601924516558,-0.0007495851203090128,5.618778520233292e-07,0.00013927908965027935,-0.00551483043313384,3.0413354706548823e-05,0.000157909420461122
52,0.00018497551416907232,7.142965945150515e-05,0.0003267196279666725,0.00025528996851516733,0.0030138718799205947,9.0834237083115e-06,0.000248144154840757,0.012742817154558382,0.00016237938903496119,0.0003687179286034903,-0.00654417035316651,4.282616561124275e-05,0.0003632968004557702
53,3.7109386278322276e-05,1.8587473394893195e-05,0.00022932739992820306,0.00021073992653330986,0.003354631204079797,1.1253550515233357e-05,0.00021615806749430977,-0.005556749281287729,3.087746257535162e-05,0.00026705021661910244,0.003692073549401505,1.3631407094094605e-05,0.00020477391567119696
54,3.284001810111015e-05,1.4442915913718638e-05,0.0004568809901930315,0.00044243807427931287,-1.5999344872668706e-05,2.559789047396066e-10,0.00032992668598008645,-0.005557570020583524,3.088658453365145e-05,0.0004834602094678786,0.0035273087799535217,1.2441907228599725e-05,0.0005572560751311295
55,0.00029806257993636454,3.100603272258399e-05,0.0003509295992195997,0.0003199235664970157,0.004379043602754843,1.9176022874711762e-05,0.0001889669728430965,-0.0004307159570507799,1.85516235484684e-07,0.0004968563800445969,0.008582339952350106,7.365655905755553e-05,0.0003669654447711057
56,0.00021485736824666812,8.614314695187808e-05,0.00021023775277758303,0.00012409460582570495,0.0052675494886060955,2.77470776149924e-05,0.00016716893779655795,-0.00721246761786031,5.201968913881583e-05,0.00014877096322096772,0.013366475754734042,0.000178662674101826,0.0003147733573152234
57,2.898716330479445e-05,1.2869859156790694e-05,0.00019981115955243953,0.00018694130039564882,0.001373650519953533,1.8869157507594991e-06,8.632767704874755e-05,-0.0038438436570871455,1.4775134060340811e-05,0.00027375946701724274,0.00468481885017061,2.194752765927177e-05,0.00023934633459132826
58,-3.2212830142003845,1.0,1.0,0.0,0.0,1.0,1.0,0.0,1.0,1.0,0.0,1.0,1.0
59,1.1538840679059525e-05,3.3175735072073684e-06,0.00016184276066329625,0.00015852518715608888,-0.0020772966957828907,4.315161561629921e-06,0.00013873484148108073,-0.0012453099951962683,1.5507969838290947e-06,0.00021556452983229057,-0.0020215741332538693,4.086761976163089e-06,0.00013122891067651743
60,-3.2212830142003845,1.0,1.0,0.0,0.0,1.0,1.0,0.0,1.0,1.0,0.0,1.0,1.0
61,0.00023690798190278972,8.78041309075502e-05,0.001201953318871703,0.001114149187964153,0.005148327946262182,2.6505280642519224e-05,0.0012954776837625914,0.009251118024718858,8.558318470719417e-05,0.001825844718930325,0.012301379084204027,0.0001513239273729372,0.000484537553922193
62,-3.2212830142003845,1.0,1.0,0.0,0.0,1.0,1.0,0.0,1.0,1.0,0.0,1.0,1.0
63,4.534564502256533e-05,1.5604755989310586e-05,0.00024123478777722993,0.00022563003178791935,-0.005433921826341039,2.9527506415383264e-05,0.00019742200776629026,-0.004047759949721915,1.6384360610244286e-05,0.00021131664848050846,-0.0009499478627519877,9.024009423042045e-07,0.000314965707084891
64,0.00016153947872632468,8.430333755441814e-05,0.00020616310382726155,0.00012185976627284341,0.011154528356305754,0.00012442350285135628,0.00026132465430028784,0.007973115832970152,6.357057608608052e-05,0.00025704399284742774,0.008057042492476477,6.491593372581761e-05,0.00010012066433406908
65,-3.1055763297099377,2.4464873321379994e-05,0.00016476143900782483,0.00014029656568644483,0.004946197865225081,2.4464873321417002e-05,0.00016476143900789886,-0.0049461978652250846,2.446487332130598e-05,0.00016476143900800988,0.004946197865225085,2.4464873321417002e-05,0.0001647614390075658
66,0.00018537014452479905,3.4559364323098286e-05,0.00020200263622216497,0.0001674432718990667,0.007930128854793488,6.288694365363945e-05,0.00015960268558712354,0.005244951043089082,2.7509511444478996e-05,0.0003281227241849205,0.003644398149416081,1.3281637871176422e-05,0.00011828249889445086
67,0.00025284154217963817,9.450781030784228e-05,0.00033255616175098535,0.00023804835144314307,-0.013821496577091726,0.0001910337676304108,0.00031524368053970075,0.0017489084560032547,3.0586807876487043e-06,0.0001580109081745773,0.009456795572772077,8.943098250546733e-05,0.000524413896538678
68,0.0001331998813417501,3.688953967891558e-05,0.00020618915590468281,0.00016929961622576722,0.00806652807947593,6.506887525725702e-05,0.0002897397628416343,0.006477605224880654,4.195936944961787e-05,0.0002341439903720266,0.0019079765012256947,3.640374329871854e-06,9.46837145003876e-05
69,0.00026736718285202965,0.00013165038257245687,0.00041504727983865397,0.0002833968972661971,-0.001517872557934185,2.3039371014332843e-06,0.00011355031210358302,-0.01619455771898533,0.0002622636997141603,0.0007396935015659967,0.01141855993121099,0.00013038351090177702,0.0003918980258463822
70,-3.2212830142003845,1.0,1.0,0.0,0.0,1.0,1.0,0.0,1.0,1.0,0.0,1.0,1.0
71,0.0001216984779429664,1.8693734449996374e-05,0.0007282566206159302,0.0007095628861659339,-0.003913327036906578,1.5314128497645463e-05,0.0005335921505524865,-0.0015316967032434014,2.346094790439679e-06,0.0008591477043966567,-0.006198465944263105,3.8420980061903975e-05,0.0007920300068986474
72,5.937764376806598e-05,3.081419286199427e-05,0.0002790513945841733,0.000248237201722179,-0.0031861442842799443,1.01515154002918e-05,0.0002479686444969431,-0.006883262098786075,4.73792971203979e-05,0.0003287390686823599,-0.005908617948825344,3.4911766065293115e-05,0.0002604464705732168
73,-2.8606320336535958,7.456592318966226e-05,0.00035074846906986884,0.0002761825458802066,0.00863515623422484,7.456592318955124e-05,0.0003507484690695728,-0.00863515623422484,7.456592318955124e-05,0.0003507484690701279,-0.008635156234224842,7.456592318988431e-05,0.00035074846906990587
74,0.00013412551096914083,1.9310463289031372e-05,0.00021952634501280302,0.00020021588172377164,-0.005378469503632567,2.892793420117279e-05,0.000240634702888598,0.003003366870245263,9.020212557775409e-06,0.00019768741886116992,0.004470262084866402,1.998324310814592e-05,0.00022025691328864117
75,5.328697243067726e-05,2.439564366988704e-05,0.0002688448967943143,0.0002444492531244272,0.004203898444499111,1.767276213160418e-05,0.00037182781961597744,0.002870848040376364,8.241768471028976e-06,0.00026858809333507594,-0.006875492739240322,4.727240040702796e-05,0.00016611877743188952
76,0.0005720656177516936,0.0002795343924160883,0.004808715093862419,0.0045291807014463305,0.012658267639943231,0.0001602317396441899,0.001094417731625219,-0.018870489116276874,0.0003560953594873295,0.007421007624769493,-0.017952049412716723,0.0003222760781167455,0.005910719925192542
77,-3.2212830142003845,1.0,1.0,0.0,0.0,1.0,1.0,0.0,1.0,1.0,0.0,1.0,1.0
78,0.00020238320624865747,0.00011150592259293972,0.0002510716309149415,0.00013956570832200177,0.01163609561199022,0.00013539872109158413,0.00023249201650077378,0.012057478534067032,0.0001453827885988801,0.00031708196523383414,-0.00733050189881484,5.3736258088354916e-05,0.00020364091101021664
79,4.8105158956257554e-05,1.6643581176774742e-05,0.00025175379436659373,0.00023511021318981898,-0.0062840392953118504,3.948914986495744e-05,0.00021294903189228442,-0.0013511127885958926,1.8255057676608288e-06,0.0001386563760753523,0.0029353173419034316,8.61608789770596e-06,0.00040365597513214446
80,-3.2212830142003845,1.0,1.0,0.0,0.0,1.0,1.0,0.0,1.0,1.0,0.0,1.0,1.0
81,2.5470832229590457e-05,3.465087962858012e-06,0.00013337599864345537,0.00012991091068059735,0.0021855985904207084,4.77684119837285e-06,0.0001304850966603599,0.0019524881480060465,3.81220996825693e-06,0.00013481565968753717,-0.0013439541369630814,1.8062127219442559e-06,0.000134827239582469
82,1.3033939331275057e-05,6.039097921813526e-06,0.0003626837758940275,0.000356644677972214,0.0023301339975026827,5.429524446820544e-06,0.00037780466400449964,-0.0029230673982107917,8.54432301489183e-06,0.0003181606006860127,-0.0020355457016641093,4.143446303728204e-06,0.0003920860629915701
83,6.1030304864484464e-05,2.810636720710728e-05,0.0002286837556965867,0.00020057738848947942,-0.004212960071332079,1.774903256279714e-05,0.0001241050196095772,-0.005074080088231777,2.574628874296714e-05,0.0003095853868425591,-0.006389348974315961,4.0823780315557556e-05,0.00025236086063762375
84,7.799426537968834e-05,6.824501685986917e-07,3.58571878295022e-05,3.517473766090351e-05,0.0009472564728029554,8.972948244423407e-07,3.92380689691052e-05,0.0005424524201782076,2.942546281081704e-07,3.3440268131568196e-05,-0.0009250951587441522,8.55801053245564e-07,3.489322638783321e-05
85,0.00022147460896693172,6.40071566348673e-05,0.0001762643813969141,0.00011225722476204682,0.008217670563000823,6.753010948179483e-05,0.00013172299087393924,0.011130430246787847,0.0001238864774791848,0.00021142375003457836,-0.0007777422088918543,6.048829436222647e-07,0.0001856464032822247
86,0.00011221281600259925,1.0580905056123413e-05,0.0001568765395323727,0.0001462956344762493,-0.003256833500441438,1.0606964450543543e-05,0.00016103278999202164,-0.0045956454540627,2.1119957138604484e-05,0.000170221328741893,-0.0001256725087855826,1.5793579222211918e-08,0.00013937549986320352
87,0.00027867870524778127,5.3196675614430866e-05,0.0001967646323151051,0.00014356795670067424,-0.001536841061906726,2.361880449330833e-06,0.0001634482661887482,0.00808042033708713,6.529319282433388e-05,0.00017262769612236273,0.009588271667484497,9.193495356962789e-05,0.0002542179346342044
88,-3.2212830142003845,1.0,1.0,0.0,0.0,1.0,1.0,0.0,1.0,1.0,0.0,1.0,1.0
89,9.73675444307931e-05,2.5128030347635704e-05,0.0003231646114985424,0.0002980365811509067,-0.008592763267600726,7.383558057338924e-05,0.00030437653298487355,0.0010949006992762448,1.1988075412361354e-06,0.0002066349204881135,0.0005913568535897383,3.4970292828173655e-07,0.00045848238102264016
90,5.0798473111401954e-05,3.277125311710686e-05,7.188747299450664e-05,3.911621987739978e-05,0.005609014234793469,3.146104068763034e-05,6.67943255518999e-05,-0.005575167751126587,3.108249545324959e-05,7.06480766253792e-05,0.005980821282300682,3.5770223210440655e-05,7.82200168062408e-05
91,-0.12446067808932781,1.3052166388397938e-05,0.0002661978819142134,0.00025314571552581544,-0.00370258590073888,1.370914235088172e-05,0.0002766629573923707,-0.0036071329618888475,1.3011408206309305e-05,0.0002656301206579448,0.00352646403726111,1.243594860800279e-05,0.0002563005676923247
92,3.590090848792915e-05,1.1250980162450889e-05,0.0001176204227005447,0.0001063694425380938,0.003638028007695737,1.323524778462648e-05,0.00011132937750413241,-0.0018609290791048684,3.4630570373561653e-06,8.906658572027659e-05,-0.004129725858389401,1.705463566537002e-05,0.0001524653048772251
93,7.669155876954825e-05,3.0007449383788003e-05,0.0002724530436249613,0.00024244559424117332,0.003272043970010513,1.0706271741933726e-05,0.00024345555935789687,0.0066449485176533225,4.415534080215444e-05,0.00014874463602720933,-0.005929648860370293,3.516073560727584e-05,0.0004251589354897778
94,4.2500709524162517e-05,8.39127719916751e-06,0.00014991501707450894,0.00014152373987534142,0.0011027090006888404,1.2159671404221584e-06,0.00014189397721386943,-0.002174361442116504,4.727847681240682e-06,0.00010003040818418185,0.004385204302630288,1.9230016775839687e-05,0.00020782066582547554
95,2.653300124910718e-05,1.3629636125019514e-05,0.00010733041922813176,9.370078310311225e-05,0.00242643276819755,5.887575978746895e-06,3.8112189978956046e-05,0.003792001809966136,1.437927772707237e-05,0.00014310020067342943,0.0045411512493197135,2.0622054669239276e-05,0.0001407788670320098
96,8.550375504734475e-06,3.5175127911143043e-06,0.00023481295274696556,0.00023129543995585125,0.0007238612591375809,5.239751220686983e-07,0.00018942376592734345,0.0023797898675372163,5.663399813560233e-06,0.00035627199563048606,0.0020892973550829907,4.365163437713981e-06,0.00015874309668306719
97,-2.8608535689576233,8.710399752431819e-05,0.0003272689945935288,0.00024016499706921063,0.009342972081348988,8.729112731353794e-05,0.0003279315529413074,-0.009257598845483609,8.570313638378568e-05,0.0003226869529389109,-0.009397751266947965,8.831772887563094e-05,0.0003311884779003682
98,0.00025088738901968277,8.286015173079402e-05,0.00018863847608678133,0.00010577832435598732,-0.015734912684664922,0.00024758747719422214,0.0004083379417894051,3.552061374494878e-05,1.2617142886028887e-09,7.14518520152918e-05,0.0009958495285790389,9.917162838712912e-07,8.612563445564714e-05
99,-2.3003607311872636,3.078475889672916e-05,0.0001687391668329837,0.00013795440793625455,-0.005597284293479039,3.132959146290304e-05,0.00016896183398018572,0.0048573987899561836,2.3594323004583195e-05,0.00016694993644139622,0.006118035814101853,3.743036222270124e-05,0.00017030573007736916
100,0.00010537212500960624,3.396858991233653e-05,0.00018004755002705894,0.0001460789601147224,-0.008220572827916002,6.757781761901338e-05,0.00020073441235057832,-0.005591450799896073,3.126432204736407e-05,0.00014234708801852403,0.0017503228476159244,3.0636300706321506e-06,0.00019706114971207445
101,0.0018515797553734226,0.0005750601459605745,0.0011827641425328956,0.0006077039965723211,0.02297374708221401,0.0005277930549977272,0.0010293001718139072,0.018559084972989113,0.0003444396350348322,0.0014569881431845122,0.029205269179534792,0.0008529477478491643,0.0010620041126002677
102,-2.9828400468402085,5.808287916112913e-06,0.00016139622677309914,0.00015558793885698624,0.002410038986537745,5.808287916519994e-06,0.00016139622677313614,0.0024100389865377445,5.808287916519994e-06,0.0001613962267734692,-0.0024100389865377462,5.808287915298749e-06,0.00016139622677269205
103,0.00015091737576489184,0.00011339315249566291,0.00039124099424795816,0.00027784784175229527,-0.01184519014857405,0.0001403085296557416,0.00040021734744821735,-0.00843121167898009,7.108533037547549e-05,0.0005119346933464275,-0.01134837422083083,0.00012878559745577167,0.0002615709419492296
104,9.48886140563765e-05,3.677072892257124e-05,0.00030478642607793355,0.00026801569715536233,-0.0062721502877472355,3.933986923176924e-05,0.0003428327570336176,0.007623150030131266,5.8112416381650434e-05,0.0004206489762401677,-0.0035860704335492514,1.2859901154294029e-05,0.00015087754496001526
105,1.7633333606270618e-05,2.5310377661883856e-06,0.00024881263631741185,0.00024628159855122345,0.0011338160453045764,1.2855388245025523e-06,0.0002609311038561657,0.0010173413732070475,1.0349834697054305e-06,0.000269013733656176,0.0022962123168719707,5.2725910043571744e-06,0.00021649307143989382
106,1.709090783119649e-06,5.332688017833931e-07,0.0002158620745166262,0.0002153288057148428,-0.0002893212774479614,8.370680137925746e-08,0.00025447598241190583,0.0005396075857733772,2.9117634681163906e-07,0.00017705909081311422,0.0011067625117380762,1.2249232571592827e-06,0.00021605115032485855
107,0.0002129110735253903,2.3862505704334385e-05,0.00026852096553046473,0.0002446584598261303,0.0006316465251896483,3.9897733306037964e-07,0.0002941594330729824,-0.005437984841326317,2.9571679135198536e-05,0.00027292158087233176,-0.006451113132220709,4.1616860644744236e-05,0.00023848188264607995
108,7.638372349449973e-05,2.8826311400590814e-05,0.00010345929908857816,7.463298768798735e-05,0.006690122403126126,4.475773776879688e-05,0.00012310079460364776,-0.005306270794377803,2.8156509743304525e-05,0.00010582173425977004,-0.003683026838006774,1.3564686689671035e-05,8.145536840231671e-05
109,4.1972543672219587e-05,1.463434295171743e-05,0.00020982266739037284,0.00019518832443865541,-0.0026482787872786876,7.013380535325631e-06,0.00021330493245153015,0.005594413783297325,3.129746557872792e-05,0.00010551084850562997,-0.002364779639042311,5.592182741098739e-06,0.0003106522212139584
110,1.6399346991602393e-05,2.25429948582286e-06,0.00017281721549818516,0.0001705629160123623,-0.0016215026413549578,2.629270815734941e-06,0.00024317227513426243,-0.0014157242339643515,2.0042751065485476e-06,0.00012301429979189038,-0.0014592301172917752,2.1293525351850917e-06,0.00015226507156840263
111,-2.9236328255081903,6.30988195415479e-05,0.00018323514215183115,0.00012013632261028324,0.007943476540037384,6.30988195430282e-05,0.0001832351421525713,0.007943476540037398,6.309881954069674e-05,0.00018323514215090597,0.007943476540037388,6.309881954091878e-05,0.0001832351421520162
112,0.00020239005074196292,8.639158254460562e-05,0.00029804328676508174,0.00021165170422047613,-0.01390044275442621,0.00019322230876928081,0.0002902918233291807,0.005057668700894506,2.5580012688153353e-05,0.0003486754654844493,0.006353929978893747,4.03724261763827e-05,0.00025516257148161525
113,0.0001597442128101756,1.3126626033070169e-05,0.0001594134962545161,0.00014628687022144593,-0.0022160113871017005,4.910706467353698e-06,0.00011470784948364177,-0.004132645759882525,1.7078760976008134e-05,0.00018160580249793057,0.004170181129805688,1.7390410655848676e-05,0.00018192683678197596
114,9.364861571148353e-05,3.397469672746419e-05,0.00014672148295806023,0.00011274678623059603,-0.004635668577533259,2.1489423160159227e-05,0.00013451214405524325,-0.005985070318228913,3.5821066713959127e-05,0.00014309841004500612,0.006679341308000165,4.4613600308274215e-05,0.00016255389477393134
115,3.816206928075605e-05,7.277041851586989e-06,0.00031464777259363846,0.00030737073074205146,0.0034868772324277604,1.2158312834076312e-05,0.00023889360416284866,-0.00033603203130635985,1.1291752610720351e-07,0.0005521478364676202,0.003091908018458357,9.55989519457745e-06,0.00015290187715044645
116,0.00010322140696872317,4.1892291799368785e-05,0.0001473999800459073,0.0001055076882465385,-0.008971311481244007,8.048442969377234e-05,0.0001796198756366385,-0.0002071011052636825,4.289086774633688e-08,7.433770311704446e-05,0.006719341845469792,4.514955483658767e-05,0.00018824236138403894
117,0.00015326017908279255,6.463825107294596e-05,0.00018232141994630377,0.00011768316887335781,0.008854862470347552,7.840858936869477e-05,0.0002085867771535188,0.009717422944963628,9.442830869121899e-05,0.00023296290525876007,-0.004591062530510227,2.107785515892413e-05,0.0001054145774266324
118,4.0474145893143465e-05,2.7641412044069704e-06,8.713463588823818e-05,8.43704946838312e-05,0.001659208735136982,2.7529736268405713e-06,7.426704783508598e-05,-0.00225132646766006,5.06847086356732e-06,5.8590341021846903e-05,-0.0006862791874845528,4.7097912281302e-07,0.00012854651880778167
119,0.00019457451313753538,8.188082883868002e-05,0.00028480045242595953,0.0002029196235872795,0.012127855023474056,0.0001470848674707259,0.00021533794739969636,-0.0033302333626897044,1.1090454249851334e-05,0.0003638973312040106,0.009352388186758128,8.746716479546279e-05,0.00027516607867417164
120,8.066112597826525e-05,4.217712595215121e-05,0.00018284980041227694,0.00014067267446012574,-0.0074479966736441,5.547265445082772e-05,0.00015722523889016848,-0.008190102977481007,6.707778678149978e-05,0.00032533202248807847,-0.001995228464111102,3.98093662412613e-06,6.599213985858388e-05
121,7.45196916303037e-05,4.456462453328314e-05,0.00023936074576095626,0.00019479612122767312,-0.0006343707221662242,4.0242621290875746e-07,0.00031535359528245266,0.007863123165584351,6.182870591775469e-05,0.0001917889170094389,-0.008453563832408768,7.146274146918596e-05,0.00021093972499097724
122,2.104314003370522e-05,5.284807773324e-06,0.00016440554037167043,0.00015912073259834644,0.0004833406127457272,2.3361814771583056e-07,0.00023043914729059534,-0.0032509546715793576,1.0568706276692375e-05,0.00014239277094896252,-0.0022476874550185727,5.052098895563795e-06,0.00012038470287545344
123,2.392965542574732e-05,6.2961950018832385e-06,0.0001185501667289035,0.00011225397172702027,-0.0023698146076421896,5.616021274579275e-06,0.00016560251719632824,-0.0033693961446465918,1.1352830379118828e-05,9.918227683158864e-05,-0.0013855444243539735,1.9197333519516135e-06,9.086570615879364e-05
124,5.018270907941602e-05,1.9623724505479778e-05,0.00024870310775130616,0.00022907938324582638,0.002301129093906273,5.295195108057094e-06,0.00011557029891318127,0.0069390364791328445,4.81502272586809e-05,0.0004900681853577948,-0.002329324183071615,5.425751149701341e-06,0.00014047083898294233
125,0.00015998163649844077,2.01324872323901e-05,0.000202306582479402,0.0001821740952470119,0.0006433855121544417,4.1394491689938917e-07,0.00026727944848359275,-0.0059973120261597596,3.5967751538801274e-05,0.00013396078939331701,0.004900588254723188,2.4015765241469644e-05,0.00020567950956129621
126,7.511612163901837e-05,2.77771067871783e-05,0.0002297194607398708,0.0002019423539526925,-0.008014610562361867,6.423398246602208e-05,0.00017990876461793093,0.003679352279640672,1.3537633198001942e-05,0.00024059469948101153,-0.0023579026056744236,5.559704697510881e-06,0.0002686549181206699
127,4.766630763763935e-05,1.094716519852342e-05,0.00029729240855166,0.0002863452433531366,0.00032885352858244717,1.0814464346253772e-07,0.00034544471334263527,-0.0025898254013064633,6.7071956095787755e-06,0.0002480761781329388,-0.0051015836112321125,2.6026155342528945e-05,0.000298356334179406
128,0.00025648262235378194,5.183136394648624e-05,0.00029084887694926415,0.0002390175130027779,-0.009083736512840177,8.251426903482795e-05,0.0004611719492365607,0.004499213590042051,2.0242922928792595e-05,0.00012755678477582855,0.007262017617425287,5.2736899875838184e-05,0.00028381789683540326
129,9.032236933048665e-06,7.424739000653583e-07,6.15118495445044e-05,6.076937564443904e-05,0.0005182706312474843,2.686044474620175e-07,8.67519237617298e-05,-0.0013985241000547212,1.9558696583432678e-06,6.401292475444187e-05,-5.429175246625067e-05,2.9475943907897317e-09,3.377070011734151e-05
130,5.321785571765769e-05,2.8509313341566294e-05,0.00017909190640027126,0.00015058259305870497,-0.005008337957705625,2.5083449097351718e-05,0.00019386108616292752,-0.006904859044289712,4.767707842034952e-05,0.00021391441324514204,-0.003573151621061337,1.2767412506997644e-05,0.00012950021979274418
131,0.00027563136249331155,7.472779551613111e-05,0.0004725659168267615,0.0003978381213106304,0.013578455177256267,0.00018437444500052358,0.0008382548455870831,-0.006028866304828097,3.634722892154052e-05,0.0001726819597975826,0.0018605678236513388,3.4617126263292164e-06,0.0004067609450956189
132,7.291548539578585e-05,2.4437247335288664e-05,0.00020088469842024134,0.0001764474510849527,-0.001418705895653831,2.0127264183100735e-06,0.0002769886891128559,-0.004095946562982787,1.6776778247185042e-05,0.0001404788484022923,-0.007383917479246685,5.452223734037087e-05,0.0001851865577455758
133,0.00012911673399562673,3.721831131005734e-05,0.00037609410914189273,0.0003388757978318354,0.009244988777625997,8.546981749879556e-05,0.00039225776115492383,0.0048029797163393305,2.306861415524164e-05,0.00035133795930808454,0.0017653617975194474,3.1165022761348027e-06,0.00038468660696266976
134,-2.8667499150087616,2.2620597289746414e-06,0.00015644702431179733,0.0001541849645828227,0.0001635452402307085,2.674704668859107e-08,0.00015754086127706124,-0.0009749886257604406,9.506028199046668e-07,0.00015591795097447125,-0.0024101513067566176,5.808829320330666e-06,0.00015588226068385946
135,0.0004413208629900911,0.00020135184624947566,0.0005963646385472124,0.0003950127922977368,-0.010058964395234581,0.00010118276470483245,0.00015167275336158692,-0.014736382688603132,0.00021716097474533402,0.0011847655309001892,-0.01690301154524125,0.0002857117992982605,0.0004526556313798613
136,-3.2212830142003845,1.0,1.0,0.0,0.0,1.0,1.0,0.0,1.0,1.0,0.0,1.0,1.0
137,8.045762679542712e-06,3.85107771105897e-06,0.00014990238204863152,0.00014605130433757255,-0.00212034697642924,4.495871301246623e-06,0.0001108689380726613,0.0007059839010184221,4.984132688790055e-07,0.00022148207089156546,0.0025610444280907713,6.558948563051281e-06,0.00011735613718166782
138,5.937981257442271e-05,3.3041261148225587e-06,8.782951419095131e-05,8.452538807612875e-05,0.0014826140123486875,2.198144309795147e-06,7.166174037431805e-05,0.001940099270217953,3.7639851778736855e-06,4.5481434116312336e-05,-0.0019875232970109125,3.950248856798844e-06,0.00014634536808222354
139,3.15141952753617e-05,7.257242464679218e-06,8.435742033482037e-05,7.710017787014115e-05,0.00115459713839806,1.3330945518585935e-06,4.2814436742477646e-05,-0.002957348259182139,8.74590872601555e-06,8.943220133939e-05,-0.0034194625478784968,1.1692724116163511e-05,0.00012082562292259347
140,3.347829450284223e-05,8.613993770982079e-06,0.0003441554146353572,0.0003355414208643751,-0.001937268935004851,3.7530109263661515e-06,0.0004342209128348484,0.004582321210525353,2.0997667676270204e-05,0.0004352361027458729,-0.0010446543495758916,1.0913027103098827e-06,0.00016300922832535036
141,-3.2212830142003845,1.0,1.0,0.0,0.0,1.0,1.0,0.0,1.0,1.0,0.0,1.0,1.0
142,-3.0451285628780287,1.099057608811016e-06,0.00016172081811764252,0.0001606217605088315,-0.00104835948439953,1.0990576089220383e-06,0.0001617208181174945,0.0010483594843995294,1.0990576085889714e-06,0.00016172081811782757,-0.0010483594843995292,1.0990576089220383e-06,0.00016172081811760552
143,-3.2212830142003845,1.0,1.0,0.0,0.0,1.0,1.0,0.0,1.0,1.0,0.0,1.0,1.0
144,-4.347097715748134,9.104738195560754e-06,0.0002564275619749701,0.00024732282377940934,-0.0017412551450758057,3.0319694813707443e-06,0.00023538612451967644,-0.003243952542847141,1.052322809980133e-05,0.0002625871881585251,0.0037093148971037862,1.3759017005510188e-05,0.0002713093732467087
145,9.839021861124397e-05,1.6031187842990846e-05,9.517772799253847e-05,7.914654014954763e-05,0.004929495621387913,2.4299927081306016e-05,0.00010677831338234967,-0.0035256252254427067,1.243003323048164e-05,2.3744746319054322e-05,-0.0033709943959337584,1.1363603217184881e-05,0.00015501012427621141
146,0.00023551845242142377,8.98334824764128e-05,0.00025608445396448537,0.00016625097148807255,0.012154508009227247,0.0001477320649467817,0.0003897587698461491,0.010969538313443545,0.00012033077081086141,0.00029577360979538003,-0.0011990044502365738,1.4376116715952847e-06,8.272098225192703e-05
147,0.00012890222738048962,3.111523685535763e-05,0.00017640363162170955,0.00014528839476635191,0.00030414827150086163,9.25061701684271e-08,0.00018029642423744718,-0.006449859089840585,4.1600682278430945e-05,0.00017179829724789375,0.0071869689102732745,5.165252211747351e-05,0.0001771161733797877
148,4.709151832671399e-05,1.6379358158051065e-05,0.0001900487876345854,0.00017366942947653435,0.002251422623554278,5.06890383056291e-06,0.0001021816235474704,-0.005623134597778892,3.161964270526063e-05,0.0003207140820905563,-0.003528388858773657,1.2449527938329652e-05,0.0001472506572657295
149,0.0001266381272148065,7.33971050590106e-05,0.0005185821718206954,0.00044518506676168484,0.003803794505945459,1.4468852643334529e-05,0.0004090717315503589,-0.010238899454794214,0.00010483506204539417,0.0006697790048970642,-0.010044272023815259,0.00010088740048830314,0.0004768957790146633
150,5.5396171692589924e-05,2.8461562785834598e-05,0.00024310146728712123,0.00021463990450128664,-0.00678609939294239,4.6051144970804536e-05,0.0002074207484834556,0.005948436244699211,3.5383893757012785e-05,0.00029071247453005267,-0.0019873725441741457,3.949649629686469e-06,0.00023117117884785543
151,0.00011494807394996087,5.874201985759756e-05,0.00023616378880538433,0.00017742176894778677,0.00798026018264491,6.368455258276562e-05,0.00015123592271382158,0.0027894182595425815,7.780854226813183e-06,0.00013363900717400234,0.010235265153535265,0.00010476065276321389,0.00042361643652832903
152,7.033260339228686e-05,1.3156679975256935e-05,0.00021066243505507565,0.0001975057550798187,-0.006132349304440087,3.760570799116181e-05,0.0002671442684086811,-0.0013594542266259732,1.848115794289562e-06,0.00025418427339596317,0.00012734261053773806,1.621614031943608e-08,0.00011065876336058267
153,0.00024237451477060468,9.746763884758518e-05,0.00026571149650689296,0.00016824385765930777,-0.004678906837192493,2.1892169190573796e-05,0.00029968618821107906,0.010353321503830597,0.00010719126616176577,0.00021004218019871068,0.012779651059034601,0.00016331948119041595,0.00028740612111088915
154,1.1006727260065574e-05,1.4920316721382203e-06,0.00017943197893806792,0.0001779399472659297,0.0002513823828086388,6.319310208446893e-08,5.942095806032999e-05,0.000869431320693739,7.55910822047845e-07,0.000134946158469873,-0.001912326094808161,3.6569910922823468e-06,0.00034392882028400074
155,0.0004163928685040341,0.0002551152485711361,0.0004608744154945832,0.0002057591669234471,0.011993629800128101,0.00014384715578230622,0.00042824251537121327,0.018246465392019497,0.0003329334993020794,0.0005539913203889135,0.016987203731900734,0.0002885650906290227,0.0004003894107236228
156,0.000283173288653793,0.00011775022078068058,0.00048338985869422757,0.000365639637913547,0.012328831511767138,0.00015200008644533636,0.00046013326135130317,0.010950536590408184,0.00011991425161805846,0.0005191594052128545,0.009018665326881113,8.13363242786469e-05,0.000470876909518525
157,0.00018520352137330054,7.154115744882154e-05,0.0002572884345728073,0.00018574727712398576,-0.012027196018068004,0.00014465344405678593,0.00018800893557457954,-0.002354968702413935,5.545877589274717e-06,0.00024304158419286015,0.008026465641873998,6.442415070040397e-05,0.0003408147839509823
158,5.436155609905846e-05,1.8354447934335976e-05,0.00021121240770194394,0.00019285795976760797,0.0036124421849778126,1.304973854054925e-05,0.000276117983854518,0.004212539606448612,1.7745489935938608e-05,0.00017303209344032844,0.004926267890243662,2.4268115326520068e-05,0.00018448714581098535
159,1.7526402563250443e-05,4.4942203369554195e-06,0.00046501012701686645,0.00046051590667991105,0.0032953180654414684,1.0859121152284601e-05,0.0004950680933225593,0.0014069110884376585,1.9793988111915795e-06,0.0007423738103000677,-0.0008025839814609748,6.441410473900788e-07,0.00015758847742797233
160,-3.2212830142003845,1.0,1.0,0.0,0.0,1.0,1.0,0.0,1.0,1.0,0.0,1.0,1.0
161,0.00010273968835061709,3.563804469678781e-05,0.0002962611077665933,0.0002606230630698055,-0.0076799861416754185,5.898218713606962e-05,0.00022648241719069873,0.0032064070750883788,1.0281046331162003e-05,0.0003031328952405321,-0.006136032971154723,3.765090062313181e-05,0.0003591680108685491
162,6.27524706494631e-05,1.5373369777120043e-05,0.00014765789721523279,0.00013228452743811275,0.004150186519676114,1.7224048147967963e-05,0.00011666882965455372,-4.438432097687577e-05,1.9699681885754217e-09,0.00017399269274143148,-0.005375322428904299,2.8894091215203588e-05,0.00015231216924971314
163,7.369495333398035e-05,2.2879536005326884e-05,0.00034260082111540563,0.00031972128511007875,0.0005539847403387341,3.0689909269465687e-07,0.00031019750227212484,0.006378979699482208,4.0691382006463606e-05,0.00023492271163039202,-0.005257406862442809,2.764032691682239e-05,0.0004826822494437
164,9.487853735323792e-05,5.022204253154102e-05,0.00033515477061267046,0.00028493272808112946,-0.008244876330161993,6.797798569957436e-05,0.00038974790241452784,0.0024569806005623716,6.036753671057049e-06,0.0002049555265816183,0.008755077853693206,7.665138822399165e-05,0.0004107608828418652
165,0.00016196072191776434,7.428331262648857e-05,0.0003343647354913844,0.00026008142286489583,-0.011849303948998977,0.00014040600407572157,0.00041979967232741444,0.0010205539320441376,1.0415303283162203e-06,0.0001946944188968569,-0.009022328051861308,8.140240347542793e-05,0.0003886001152498819
166,4.8152466614492795e-05,7.428674267099626e-06,0.00018105209874652584,0.00017362342447942622,0.0026877603267540964,7.224055575738575e-06,0.00021222327969727672,-0.0025585298376304797,6.54607493000281e-06,0.00012273954018149347,-0.002918200180877531,8.515892295557492e-06,0.00020819347636080732
167,0.00021301018169483932,6.370206070075805e-05,0.00034117390051321045,0.0002774718398124524,0.011274320294094045,0.00012711029809397978,0.0006335326159152554,-0.0007234332104873929,5.233556100714409e-07,0.00016500811537034643,0.00796696481718109,6.347252839822293e-05,0.00022498097025402952
168,-2.0658372757660826,2.120875384277928e-06,0.00015547118471933205,0.0001533503093350541,-0.0008333384678794413,6.944530023256235e-07,0.0001552073403122689,0.0013344087014260052,1.7806465820724426e-06,0.00015535421344581302,-0.001971681153009228,3.887526568435717e-06,0.0001558520003999142
169,6.246695925993251e-05,2.2453173223542972e-05,0.0002101673524208906,0.00018771417919734762,0.0033338524772688915,1.1114572340042983e-05,0.0002345174885285406,-0.007495452358278034,5.618180605415635e-05,0.00021949443382374145,-0.0002512792796697367,6.314127642959022e-08,0.00017649013491038978
170,0.00018283247858608132,3.448227068329294e-05,0.0004846514064466752,0.00045016913576338225,0.004101952865861733,1.682601731356481e-05,0.00015920429942151149,0.007875824975420656,6.202861904336388e-05,0.00077693675661894,0.0049590498780469165,2.4592175692950136e-05,0.0005178131632995742
171,9.849280782403547e-05,1.8914910694685833e-05,0.0002034891112925319,0.00018457420059784604,0.0023429118141950057,5.489235768263434e-06,0.00016543973037552728,0.006407556242327813,4.105677699905996e-05,0.0002463723855776756,0.0031935433795690304,1.0198719316734106e-05,0.00019865521792439278
172,7.887260941885632e-05,4.4394813840072565e-05,0.00027090149663363167,0.0002265066827935591,0.0045112974194598185,2.0351804406626428e-05,0.0003224389020131113,-0.007363425467587144,5.422003461652558e-05,0.0002456700173313342,-0.007655886787127379,5.861260249706568e-05,0.00024459557055644954
173,8.124585194280165e-05,3.366094764275148e-05,0.0001135392341951776,7.987828655242613e-05,-0.007251084711874977,5.257822949855662e-05,7.871860698605015e-05,-0.006574238265678377,4.322060877415268e-05,0.00013155519899121781,0.002276840937604944,5.184004655545138e-06,0.00013034389660826484
174,8.122204809346556e-05,2.1519975145397236e-05,9.435985425150968e-05,7.283987910611245e-05,0.0008039990867483931,6.464145307916169e-07,0.00012890797833220446,0.0026702346536413703,7.130153105383563e-06,7.41204174279364e-05,-0.007535473296402513,5.678335780001653e-05,8.005116699438819e-05
175,0.00010349681305599212,3.351218105344481e-05,0.00014280902641724177,0.00010929684536379697,0.0013571950980027626,1.8419785342560502e-06,0.00011894919016541827,0.0025122076558240394,6.311187306318189e-06,0.00018878801611554863,0.009611627194172629,9.238337731976021e-05,0.0001206898729707584
176,-3.2212830142003845,1.0,1.0,0.0,0.0,1.0,1.0,0.0,1.0,1.0,0.0,1.0,1.0
177,3.392182801342791e-05,1.3251872191403594e-05,8.81381617343265e-05,7.48862895429229e-05,0.0037312238690042315,1.3922031560698045e-05,6.039910457933395e-05,0.00255529855485836,6.529550704570397e-06,0.00011303408255447511,0.004393635659509259,1.930403430894234e-05,9.098129806917044e-05
178,0.00017486529478294432,4.954037215620932e-05,0.0002542532724917705,0.00020471290033556116,-0.012118409909015053,0.00014685585872309392,0.0002963957759349878,0.0012876836791652418,1.6581292573425443e-06,0.00010801933200088598,-0.000327304885785936,1.0712848819149912e-07,0.00035834470953943764
179,0.00038179435713414644,0.00013839168322989556,0.0006134936342061156,0.00047510195097622,0.012684598463534955,0.00016089903818117257,0.0006376709741138242,-0.005039447758109035,2.5396033706659438e-05,0.0006240698985927606,0.01512877978561637,0.00022887997780185465,0.0005787400299117618
180,-3.2212830142003845,1.0,1.0,0.0,0.0,1.0,1.0,0.0,1.0,1.0,0.0,1.0,1.0
181,0.00030900351324747444,0.00012581329861542181,0.0003155629943445426,0.0001897496957291208,0.00789266223754587,6.229411719571587e-05,0.0002720879046718139,-0.010120290766829998,0.00010242028520524027,0.00028300947858028724,-0.01458511204774192,0.00021272549344530933,0.0003915915997815267
182,-2.9167424296400832,7.456592318921818e-05,0.0003507484690694618,0.0002761825458802436,-0.008635156234224839,7.45659231893292e-05,0.00035074846906979484,0.008635156234224842,7.456592318888511e-05,0.00035074846906879564,-0.008635156234224842,7.456592318944022e-05,0.00035074846906979484
183,0.00010576951385199429,4.507563313086808e-06,6.517263096868693e-05,6.0665067655600126e-05,-0.0010806290637987385,1.1677591738035176e-06,4.252023354389678e-05,-0.0019036105174620461,3.6237330016675173e-06,5.693326501321483e-05,0.0029548600243252377,8.731197763789389e-06,9.60643943489492e-05
184,1.620520984468854e-05,4.341864068687269e-06,0.0004357341048386587,0.00043139224076997146,-0.0020937685693392916,4.38386682199976e-06,0.000435826180413712,0.002093446039778564,4.3825163211774765e-06,0.00043568122055548386,0.0020637851299777957,4.2592090628845725e-06,0.00043569491354678025
185,-3.2212830142003845,1.0,1.0,0.0,0.0,1.0,1.0,0.0,1.0,1.0,0.0,1.0,1.0
186,5.80895999490183e-05,7.713619876392741e-06,0.00024184941967061077,0.00023413579979421803,0.00103499423359031,1.0712130642520634e-06,0.00024249959308431102,0.004637992737852249,2.1510976636385237e-05,0.0003015606375366131,0.0007474422576224797,5.586699285409225e-07,0.00018148802839090816
187,0.0002096667795521423,6.20563606954135e-05,0.00023454797873656563,0.00017249161804115215,-0.008171939627602568,6.678059727682761e-05,0.00022952317101965214,0.010916768218702386,0.00011917582834097828,0.0002359616199072434,0.0004611469056891075,2.1265646843460217e-07,0.00023815914528280135
188,8.473249274776329e-06,7.745115699157404e-07,0.00015317035440975957,0.00015239584283984384,0.000537543789407344,2.889533249339493e-07,0.00019898449684774278,-0.000264938435270938,7.019237424632507e-08,0.00014604682360463972,-0.001401566627300746,1.964389010566947e-06,0.00011447974277689621
189,5.1399694858234035e-05,1.716966122011776e-05,0.00010938439542266624,9.221473420254848e-05,0.0009935556152302091,9.871527606453157e-07,4.886460688069416e-05,0.006337024138729421,4.015787493505396e-05,0.00020937204518645114,-0.003219309858511275,1.0363955964654004e-05,6.991653420085342e-05
190,5.040207466744384e-05,4.319574695155204e-06,0.00022377858273096388,0.00021945900803580867,0.003192423786569889,1.0191569633111186e-05,0.00022756745886753915,-0.0008142170432994867,6.629493937149178e-07,0.00022024183134994324,-0.001450587832157873,2.104205058639508e-06,0.00022352645797540927
191,9.31869233210536e-05,4.040071642319454e-05,0.0003298784160747914,0.00028947769965159686,0.006762315969461053,4.572891727039341e-05,0.0004372664386782521,0.0021686775185428427,4.70316217981992e-06,0.0002480289752304632,0.00841249486297765,7.077006981937028e-05,0.0003043398343156589
192,0.0001256368015092324,4.455148579833127e-05,0.0001443665065269384,9.981502072860712e-05,-0.007459864982468641,5.564958555603905e-05,0.00014557454953312288,-0.007643348377514174,5.842077441997606e-05,0.00017014205752852174,-0.004425392346357497,1.9584097418978708e-05,0.00011738291251917055
193,0.0003072513232373897,7.098956412421309e-05,0.00023677645464788752,0.00016578689052367443,0.0031530904242512633,9.941979223659914e-06,0.00014702163633817378,-0.001722217319581396,2.9660324954994266e-06,0.00011191150301126385,-0.014144280846103698,0.00020006068065347993,0.0004513962245942249
194,-3.1670589479876936,3.626722900373913e-05,0.0003158626881892834,0.0002795954591855443,-0.0060491346228238084,3.659202968409048e-05,0.0003168366724797256,-0.00599818263261606,3.5978194894314974e-05,0.00031479215364582647,-0.0060192576313864,3.6231462432811945e-05,0.00031595923844229823
195,0.0002312280733312022,6.743579338160573e-05,0.00019492307270452258,0.00012748727932291687,-0.012567732687349766,0.00015794790490075705,0.0003163158340325767,-0.006477107120720704,4.195291665343159e-05,0.00010348878109101012,0.001551308670389973,2.406558590628549e-06,0.00016496460298998095
196,0.0002641132765403009,0.00011708967096446532,0.00041021711006032174,0.0002931274390958564,0.00961997505364185,9.254392003266165e-05,0.0004890857770970536,-0.014802983754583943,0.0002191283280383871,0.0005527733909218568,-0.00629259603203794,3.95967648223472e-05,0.00018879216216205474
197,2.0750050876983117e-05,7.4263136812247055e-06,0.0002509177180782067,0.00024349140439698197,-0.0009288441458682226,8.627514473946718e-07,0.00035158738785556753,-0.002460843695877944,6.055751696099065e-06,8.978540199211515e-05,0.0039192394542835645,1.536043790018038e-05,0.0003113803643869373
198,3.466972706434035e-05,1.2076730758425747e-05,0.0001373593954383523,0.00012528266467992655,-0.00164935472559868,2.72037101090028e-06,0.00014433522637091745,-0.005762645938200262,3.320808820894694e-05,0.0001450607374284818,-0.00054930233570873,3.0173305543002016e-07,0.00012268222251565764
199,0.000693712036389238,0.0001171338772526509,0.0004809916030250975,0.0003638577257724466,0.009393639378585613,8.824046077504644e-05,0.0007828020832022498,0.015477079062356248,0.00023953997630243862,0.00038645254447711164,-0.004860164058987363,2.362119468046764e-05,0.00027372018139593113
200,3.978408032923042e-05,3.3226187847253584e-05,0.00023190935689250866,0.00019868316904525507,0.005746024576062389,3.3016798428930905e-05,0.00022295555979079396,0.0059268687078624736,3.5127772679999225e-05,0.0002074745907074682,0.0056155135502435165,3.1533992432830615e-05,0.0002652979201792638
201,3.4012289938489815e-05,1.677649548115223e-05,0.0001911467926007937,0.00017437029711964147,-0.005599997040317863,3.135996685177389e-05,0.0001209518095779405,-0.0027769178595365373,7.711272798749391e-06,0.00019749143598568608,-0.003355331100357922,1.1258246792933413e-05,0.00025499713223875453
202,2.8732387889918165e-05,1.0989221223149196e-05,0.00014338881453235253,0.00013239959330920334,0.003380552322141112,1.1428134002677837e-05,0.00022826395926101029,0.004629488592571989,2.143216462890951e-05,0.00011279254142659845,0.00032766604610140037,1.0736503786024088e-07,8.910994290944885e-05
203,6.379870662409637e-05,1.6223404471567744e-05,0.00022182617965205154,0.00020560277518048378,0.0024168507411950857,5.841167505238332e-06,0.00015087876138841771,0.00557966590657335,3.113267162846434e-05,0.0002897061294043768,-0.0034199962398219004,1.1696374281000566e-05,0.0002248936481633601
204,-3.001720692019153,2.679882093973666e-05,0.00016472240430476237,0.00013792358336502572,-0.005176757763287566,2.6798820939810675e-05,0.0001647224043048734,-0.0051767577632875665,2.6798820938811474e-05,0.00016472240430398521,-0.005176757763287563,2.679882094058783e-05,0.0001647224043054285
205,8.62634533030926e-05,2.499118657739441e-05,0.0001673385200508711,0.0001423473334734767,-0.0033099213025912766,1.0955579028970597e-05,0.0001012747943069936,0.0023791265693576787,5.660243232896711e-06,0.000254297039757434,-0.007639223617001989,5.835773747031592e-05,0.00014644372608818568
206,5.1875409163959496e-05,5.286671511968895e-06,0.00010848571762104668,0.00010319904610907779,0.0012472272764386273,1.5555758789975727e-06,0.0001291456199846719,-0.0025340050654853925,6.421181671822929e-06,8.752126942446203e-05,0.0028077138360287756,7.883256985086184e-06,0.00010879026345400611
207,0.0001431718308902985,3.0152318990432175e-05,0.00020773773764089695,0.0001775854186504648,0.00905833115391535,8.205336329414337e-05,0.0003630208292709769,0.0006042485842953852,3.6511635170821677e-07,0.000205059175358957,-0.002835220860091462,8.038477325444937e-06,5.513320829275692e-05
208,4.991869139203686e-05,2.5602325909350004e-05,0.00018926431954779943,0.00016366199363844944,0.0036058209380142574,1.3001944636936713e-05,0.00015403037267291975,0.004656131664114023,2.167956207310695e-05,0.00018471311207768348,-0.006490413778641019,4.2125471018006344e-05,0.00022904947389279506
209,3.976192420918068e-05,2.2587471989687913e-05,0.00013392197242108791,0.0001113345004314,0.0043280914361817245,1.873237547966866e-05,7.854161151210626e-05,-0.006229644858518332,3.8808475062546144e-05,0.00011235624765260077,-0.003197118300362037,1.0221565426848933e-05,0.0002108680580985567
210,-3.2212830142003845,1.0,1.0,0.0,0.0,1.0,1.0,0.0,1.0,1.0,0.0,1.0,1.0
211,0.00011238099781285538,8.306537899704924e-05,0.00023929482456941376,0.0001562294455723645,-0.008161432905298499,6.660898706822849e-05,0.00020297107734268405,-0.008615107824394537,7.422008282609305e-05,0.00021639749950863596,0.01040995038882232,0.0001083670670968262,0.00029851589685692126
212,6.923081366438932e-05,3.3915025575074566e-05,0.00021986716861651287,0.0001859521430414383,-0.001931861243165074,3.732087863750344e-06,0.00013808265303327794,-0.007590538997737064,5.761628227640703e-05,0.00030219673302744887,0.006355840352365322,4.039670658506633e-05,0.00021932211978881178
213,0.0001328103593021268,5.248526946621812e-05,0.0004456144854484793,0.0003931292159822612,-0.007283215796746442,5.3045232342285864e-05,0.0003659311007656596,0.0018875652656757077,3.5629026321482016e-06,0.0004869108057737881,0.010042294231103005,0.0001008476734242203,0.0004840015498059902
214,9.198256629283641e-05,2.5871616089171805e-05,0.0004925113645943835,0.00046663974850521167,0.0058436430833703175,3.414816448576996e-05,0.000565483278404999,0.0010658319905021655,1.1359978316916042e-06,0.0004279974261597319,0.006506203651145116,4.233068595005385e-05,0.00048405338921841956
215,0.0011582871892119595,0.0006491417652421486,0.0014800568886604488,0.0008309151234183002,-0.031224021390610087,0.000974939511801054,0.0019870895840783387,-0.018367370260556667,0.0003373602902884132,0.0012315961227733485,0.025201696245234446,0.0006351254936369788,0.0012214849591296595
216,9.609860820736227e-05,1.657326690370405e-05,0.00015988714190136774,0.00014331387499766368,-0.006675721268760104,4.4565254457729075e-05,9.729153531790047e-05,-0.0013359536532291355,1.7847721632824332e-06,0.00013846919298221572,-0.0018356944435699827,3.3697740901006412e-06,0.000243900697403987
217,-1.0034544879123488,0.00012207679362552515,0.00037144223658854464,0.0002493654429630195,-0.011046777814504473,0.00012203130008270335,0.0003716109475608853,-0.01103902650937934,0.00012186010627479593,0.00037211709313100805,0.011060695028754869,0.00012233897451907616,0.0003705986690737406
218,5.2571438671322746e-05,1.7390218409333674e-05,0.0001822226432307931,0.00016483242482145943,0.0021258198263110458,4.5191099343755425e-06,0.00011953404425346648,0.00370239467831648,1.3707726354006411e-05,0.0002445301424195412,-0.005826132416892144,3.3943818939619064e-05,0.00018260374301937166
219,0.00022607734757185138,8.512738303060689e-05,0.00020784753563581523,0.00012272015260520835,0.0039275314575119,1.542550334954207e-05,0.00019881269185373363,0.011988940641608012,0.00014373469770834202,0.00027486788428610076,-0.009809278670428526,9.622194803393658e-05,0.0001498620307676113
220,-3.2212830142003845,1.0,1.0,0.0,0.0,1.0,1.0,0.0,1.0,1.0,0.0,1.0,1.0
221,5.875304985725194e-05,8.844106942721789e-06,0.00030534548665276756,0.00029650137971004575,-0.000995995520333957,9.920070751512355e-07,0.0004979415069410464,6.432002791925433e-05,4.1370662451356566e-09,0.00017304826087649605,0.005053333225339487,2.5536176686768997e-05,0.00024504669214076014
222,2.203843407899697e-05,3.89929438101196e-06,0.0003095937428558478,0.00030569444847483584,0.001327312699065192,1.7617590011287376e-06,0.0005024577138974529,0.0014472344076514113,2.0944874306039196e-06,6.0441397241373096e-05,-0.002800292254624113,7.841636711303224e-06,0.00036588211742871746
223,0.00019938873651914601,3.719094639372441e-05,0.0003830903430576127,0.0003458993966638883,0.0025193285869523955,6.347016529018035e-06,0.00014372680780116998,-0.00307505580010749,9.455968173588403e-06,0.00036673957605226626,0.009786207359275666,9.576985447856678e-05,0.0006388046453194018
224,0.0001906995012787016,3.284057468152154e-05,0.00104074801634572,0.0010079074416641984,0.006567784470502868,4.313579285075697e-05,0.0011063103296042875,0.003213245785253088,1.0324948476303497e-05,0.00028845488275930364,-0.006712747777003113,4.506098271750414e-05,0.0017274788366735683
225,0.00022210092156116357,6.922822371853894e-05,0.0002651636422215109,0.00019593541850297197,-0.007625232170405127,5.814416565219638e-05,0.00021518812725795922,0.012219162106525404,0.0001493079225859395,0.0002807323673309492,-0.00048226851155531406,2.3258291748096127e-07,0.0002995704320756243
226,9.055681555902861e-05,4.331782179722854e-05,0.0002537826283705395,0.00021046480657331096,0.0006045954659590889,3.6553567661634645e-07,0.00016075485982636195,0.0069542448330991435,4.8361521198914126e-05,0.0002518655991128327,-0.00901256947358931,8.122640851615515e-05,0.0003487274261724238
227,3.2578535221094995e-05,2.137128800013451e-05,0.00039005734281353604,0.00036868605481340155,0.005130986743519663,2.6327024962191636e-05,0.00034570406622969063,-0.002294785477804447,5.266040389306781e-06,0.0003768351559726435,0.005702700995931008,3.2520798648905114e-05,0.00044763280623827395
228,-3.2212830142003845,1.0,1.0,0.0,0.0,1.0,1.0,0.0,1.0,1.0,0.0,1.0,1.0
229,0.00013305115484674168,3.6156226318584395e-05,0.0003035474851971938,0.00026739125887860943,0.0040225398804860455,1.618082708987334e-05,0.00028580688496804285,0.004119981629307688,1.6974248625678534e-05,0.0002792340584079067,0.008678341041894536,7.531360324020131e-05,0.00034560151221563196
230,0.0006579541406809275,0.0003048455561954026,0.0027040816595635953,0.002399236103368193,0.009220776578508026,8.502272071064798e-05,0.001404018424979836,-0.023380567227048215,0.0005466509238586381,0.003861838154211039,0.016818532159991406,0.00028286302401692165,0.0028463883994999106
231,-3.2212830142003845,1.0,1.0,0.0,0.0,1.0,1.0,0.0,1.0,1.0,0.0,1.0,1.0
232,-3.2212830142003845,1.0,1.0,0.0,0.0,1.0,1.0,0.0,1.0,1.0,0.0,1.0,1.0
233,-3.2212830142003845,1.0,1.0,0.0,0.0,1.0,1.0,0.0,1.0,1.0,0.0,1.0,1.0
234,5.5533385081463216e-05,1.82268401854128e-05,0.00034049174478245625,0.00032226490459704343,0.002932915444491343,8.601993004231367e-06,0.00023955380747897603,0.005116915373117389,2.618282293598284e-05,0.00029471095278643666,-0.004460460135049267,1.989570461602419e-05,0.00048721047408195606
235,0.00017774282511684447,3.19006018669743e-05,0.00029932249487322576,0.00026742189300625146,-0.008914898069223886,7.947540758479477e-05,0.0004361396622776237,0.004001011038192932,1.600808932744613e-05,0.00021587819242596673,-0.000467235153673813,2.183086886820007e-07,0.0002459496299160868
236,0.00047884916287543877,0.00019237858825301343,0.0003116892090618088,0.00011931062080879537,-0.020877716906020784,0.00043587906320785574,0.0006214986321012583,-0.0002424215163514384,5.876819142436318e-08,0.0001391542540557511,0.011882673662095897,0.00014119793335976016,0.00017441474102841692
237,0.00012357582816657775,4.2361996074620954e-05,0.00016808740787347767,0.0001257254117988567,0.001961628657027298,3.8479869884922024e-06,8.363038830128122e-05,-0.009318604566319538,8.683639106354946e-05,0.0001901697140220815,-0.006033374691827317,3.64016101718212e-05,0.00023046212129707033
238,0.00010437288315778837,3.612524353924229e-05,0.00013414710525413062,9.802186171488833e-05,-0.007318768627233988,5.356437421888405e-05,0.00017554690727583644,0.005562645534168637,3.094302533834803e-05,0.00010234707169398671,0.004885522598462661,2.3868331060494796e-05,0.00012454733679256869
239,0.00017586932222490859,5.8733042208454954e-05,0.00023620677588872171,0.00017747373368026675,0.00025131745078635646,6.316046152754495e-08,8.398301762446714e-05,-0.0018036978679194355,3.2533259985978447e-06,0.00014454527732554734,0.013148484329599561,0.00017288264016523947,0.00048009203271615064
240,0.00021653607206806313,5.4852700838751524e-05,0.00019732312396221938,0.00014247042312346786,0.012218887659718188,0.0001493012156408291,0.0001781824298840995,0.0019584299371899322,3.835447818900661e-06,0.00029745959002158706,-0.0033795619622227,1.1421439056524818e-05,0.00011632735198097155
241,0.00016404926874136194,0.00010655692774356555,0.00016358754132820655,5.7030613584640996e-05,-0.010125963510557787,0.00010253513701685701,0.00015649691599273208,-0.009250585063782384,8.557332402181483e-05,0.00013182920314547264,-0.011470061996011366,0.0001315623221920248,0.00020243650484641496
242,6.968638335425048e-05,6.0278126099729455e-05,0.0011703053994447006,0.0011100272733449712,0.00795910136032324,6.334729446333398e-05,0.0011995935988584616,-0.007379709652370153,5.446011455312316e-05,0.0011016899473997865,0.007938952656555373,6.302696928273122e-05,0.0012096326520758538
243,-3.2212830142003845,1.0,1.0,0.0,0.0,1.0,1.0,0.0,1.0,1.0,0.0,1.0,1.0
244,0.00021866669679027062,0.00010416426349694567,0.000154798055086706,5.063379158976032e-05,0.01173772077035426,0.00013777408888304699,0.00018944564172740375,0.0015780739987229855,2.490317545622567e-06,3.7496878670828515e-05,-0.013123581220949846,0.00017222838406216745,0.00023745164486188575
245,4.6551273009010075e-05,1.912086501680103e-05,0.00022747579463030151,0.0002083549296135005,0.006085490169515751,3.7033190603330546e-05,0.00030459025623930103,0.0030601408049074023,9.36446174570893e-06,0.00012071249460021694,0.003311335486140939,1.0964942701363611e-05,0.00025712463305138655
246,0.00011137181607223656,3.7719725869300724e-05,0.00023836523807415264,0.0002006455122048519,2.575892497598577e-05,6.635224591988731e-10,0.00015591953120808189,0.009845065956646028,9.69253236905443e-05,0.00023473065291357287,-0.004029043359717563,1.6233190394898678e-05,0.0003244455301008031
247,0.00025837301812103863,0.00011688051051805814,0.00038548698264299447,0.0002686064721249363,0.005814038743281599,3.380304650824062e-05,0.000189597457232904,-0.011267899458582021,0.00012696555820868038,0.0006278874056122596,0.013779438553051023,0.00018987292683725343,0.0003389760850838197
248,9.056332164980585e-05,2.4832891303949722e-05,0.00015371599695486923,0.0001288831056509195,0.0049922782384223645,2.4922842010499657e-05,0.00021917056558817816,-0.005768218941174219,3.3272349753921127e-05,0.00010090843877841316,-0.004037757068866232,1.6303482147428383e-05,0.00014106898649801636
249,6.0674129822579914e-05,2.7621584242039827e-05,0.00018014775052555,0.00015252616628351015,-0.005101111900536684,2.602134262186251e-05,8.975534127830809e-05,-0.0074978373069838865,5.621756428220159e-05,0.00012680257100128323,-0.000791104179167241,6.25845822055382e-07,0.00032388533929705865
250,6.192936532944948e-05,2.2241217068915315e-05,0.0001407392352943034,0.0001184980182253881,0.005256700960685736,2.7632904990304574e-05,0.0001501830977329588,-0.005375930496245338,2.8900628700534448e-05,0.0001959182119244396,-0.003192196346701222,1.0190117515906927e-05,7.61163962255118e-05
251,0.00010540514084989017,1.3862275551520161e-05,0.00026326958924357174,0.0002494073136920516,0.0055386462599675956,3.067660239230996e-05,0.00018575273707865936,-0.0030838509619145714,9.510136756207821e-06,0.000296337835537841,-0.0011832529335597357,1.400087506042702e-06,0.00030771819511421494
252,-3.2212830142003845,1.0,1.0,0.0,0.0,1.0,1.0,0.0,1.0,1.0,0.0,1.0,1.0
253,4.3629236084918865e-05,9.286748166840534e-06,0.00022446892853763187,0.00021518218037079134,0.0014006339458233746,1.961775450420866e-06,0.0002530321995345419,0.004921540194074132,2.4221557882064815e-05,0.00011692224046311317,0.0012949560486855978,1.6769111680359217e-06,0.0003034523456152405
254,-3.2212830142003845,1.0,1.0,0.0,0.0,1.0,1.0,0.0,1.0,1.0,0.0,1.0,1.0
255,5.065220356803568e-05,3.414294438878566e-06,0.0002892041127524614,0.0002857898183135828,-0.002356144171904037,5.551415358850953e-06,0.000288058763470489,0.001287407377382217,1.6574177551520464e-06,0.00028471386512640695,0.0017418525205119273,3.0340502026326988e-06,0.0002948397096604882
256,3.255854498396271e-05,6.286624180858643e-07,0.00012704217662743803,0.00012641351420935215,0.0003267767182265601,1.0678302264643946e-07,0.00012608828396754035,-0.0004523450722932213,2.0461606498045626e-07,0.0001264161901718408,0.0012548259506572237,1.5745881666306971e-06,0.00012862205574293295
257,0.00024703878447773775,0.00013702696815813079,0.00035227020221047695,0.00021524323405234616,-0.014484760760873001,0.00020980829429984027,0.0002830980614018097,-0.013718063011689005,0.00018818525279229448,0.00029776505418566135,-0.0036176452814538755,1.3087357382257636e-05,0.00047594749104395984
258,0.000248938394225795,8.584668543173042e-05,0.0003332153049763938,0.0002473686195446634,-0.009197404815721795,8.459225534418469e-05,0.0003373103792672083,0.010078866804963447,0.00010158355607226,0.00041875837727223253,0.008447736080059979,7.13642448787466e-05,0.0002435771583897406
259,7.157273422042643e-05,2.8235266205508165e-05,0.000328000654924665,0.00029976538871915687,-0.0009108909719564088,8.297223624831318e-07,0.00017024842553670094,0.006074038156377335,3.68939395247736e-05,0.00031157699022632546,-0.006854351663643748,4.6982136729267765e-05,0.0005021765490109686
260,0.00010984569290639623,2.8418266241965934e-05,0.00019618798832684212,0.00016776972208487617,0.004651095167023999,2.163268625265946e-05,0.00014209688665967057,-0.005725225150828934,3.2778203027716835e-05,0.00017639706679906109,0.005553729327716528,3.084390944552151e-05,0.00027007001152179466
261,7.776783341628679e-05,2.4313695228891003e-05,0.000813849111089134,0.000789535415860243,0.0016357183996795542,2.6755746830309235e-06,0.001076070983665689,0.0014519832191452018,2.108255268806758e-06,0.0006970418755632979,0.008255740774434467,6.815725573483533e-05,0.0006684344740384152
262,-3.2212830142003845,1.0,1.0,0.0,0.0,1.0,1.0,0.0,1.0,1.0,0.0,1.0,1.0
263,0.00011395296958882639,3.2174354556898287e-05,0.00016367954468636073,0.00013150519012946244,0.005833029643207997,3.4024234817797705e-05,0.0001356673588991386,-0.005005361172257965,2.505364046445635e-05,0.0001513137755985161,0.006119247371065072,3.74451883884408e-05,0.0002040574995614275
264,4.8040813905636526e-05,2.4884337401294882e-05,0.00022895577971589662,0.00020407144231460173,-0.00593332398908049,3.5204333558969125e-05,0.0001567967735822684,0.0007535116222278016,5.677797643155458e-07,0.00017345400906354502,0.006235454985865545,3.888089888059998e-05,0.0003566165565018764
265,8.32365715964789e-05,1.0524893809223576e-05,0.00015482240445259995,0.00014429751064337637,0.002122889872125689,4.506661409053869e-06,0.00016986031526711187,0.00456577993584401,2.08463464230757e-05,0.00013895541388031507,0.002494328285445,6.221673595541155e-06,0.0001556514842103729
266,0.00019006326019610498,4.671312907700287e-05,0.00022487719934908648,0.00017816407027208361,0.0006918656573978161,4.786780879451058e-07,0.00012576041438105978,0.011208830486871322,0.00012563788088304495,0.00023508269356542488,0.003744706698787295,1.402282826001855e-05,0.0003137884901007748
267,-3.2212830142003845,1.0,1.0,0.0,0.0,1.0,1.0,0.0,1.0,1.0,0.0,1.0,1.0
268,-3.2212830142003845,1.0,1.0,0.0,0.0,1.0,1.0,0.0,1.0,1.0,0.0,1.0,1.0
269,0.00017022701053481804,8.600489174067268e-05,0.0014394521023216589,0.0013534472105809863,0.008557257257168632,7.322665176523468e-05,0.0013957260545552908,-0.01060171401974606,0.00011239634015713929,0.0016724745815894781,0.008508330229814554,7.239168329964407e-05,0.0012501556708202077
270,0.0004786527200338897,0.000194274567376825,0.0005804352195563448,0.0003861606521795198,0.013087551692287187,0.00017128400929844467,0.0004908049184061403,-0.019692989081656266,0.00038781381897001754,0.0010000162361885057,-0.004870921253930567,2.3725873862012747e-05,0.0002504845040743886
271,6.352526685038384e-05,5.412872474649018e-06,0.00021018090092868777,0.00020476802845403874,-0.0008774841135646122,7.699783696191176e-07,0.00020047096449560264,0.000193426556023873,3.7413833364752236e-08,0.0002042623439275637,-0.003928259820861446,1.5431225220963185e-05,0.00022580939436289693
272,-3.14059359608261,2.7023753995214506e-05,0.00015948248526824008,0.00013245873127302557,-0.005198437649524263,2.7023753995325528e-05,0.00015948248526853614,0.005198437649524262,2.7023753995103483e-05,0.00015948248526853614,-0.005198437649524263,2.7023753995214506e-05,0.00015948248526764797
273,0.00022076152157246565,7.738644340582468e-05,0.0003036759427631486,0.0002262894993573239,0.004284489654020438,1.8356851595346946e-05,0.0002752643530299359,0.01061746833105424,0.0001127306337607159,0.00048410047507541076,-0.010053449401158715,0.00010107184486141119,0.00015166300018409906
274,-8.922613108932563,6.241675353901854e-06,0.00014782089770267368,0.00014157922234877182,-0.002412705437552021,5.821147528117798e-06,0.00014608338305932556,-0.0025411732938234763,6.4575617104711824e-06,0.00014869417759111325,-0.0025389597914588996,6.446316823116582e-06,0.0001486851324575822
275,0.00019904056654818092,8.310573265927583e-05,0.0006637966281510069,0.0005806908954917311,-0.0011541147337871917,1.3319808186418314e-06,0.0006690426114019932,-0.007196127285680797,5.1784247911967896e-05,0.0006925755301133707,0.014007175634210667,0.00019620096924721775,0.000629771742937657
276,0.00032575386548427954,2.8851534410160678e-05,0.00016834108919080068,0.00013948955478064,0.0019032815937556691,3.622480825749008e-06,0.00013639326582304268,0.004901025942365836,2.4020055287898856e-05,0.0001826877809187888,-0.0076754196703578415,5.8912067116834166e-05,0.00018594222083057055
277,0.0002098480505769995,4.887120602359296e-05,0.0004130397502903523,0.0003641685442667593,0.0029590387183894215,8.755910136160061e-06,0.0003047919750224226,-0.011498664584276503,0.00013221928722106924,0.0005686007922396374,0.0023745358942943344,5.638420713549586e-06,0.00036572648360899684
278,0.0002489678789036054,7.369597935998524e-05,0.00023797849685861885,0.0001642825174986336,-0.008621987524989161,7.433866888106877e-05,0.0001597266571079503,-0.009643959242295682,9.300594986705324e-05,0.0003347374628339672,-0.00733098351736737,5.374331933183374e-05,0.00021947137063393907
279,5.556316020527419e-05,1.3773789703575012e-05,0.00011873399176461537,0.00010496020206104036,-0.0027258001337392584,7.429986368823194e-06,0.0001233984834069224,-0.0033775058241464094,1.1407545592256874e-05,9.927682750499045e-05,-0.0047417124701247,2.248383714964497e-05,0.00013352666438193328
280,0.00017455428919521676,0.00010221744052829607,0.00045913731708539335,0.0003569198765570973,-0.012811169211854368,0.0001641260565748981,0.0004095344007229995,-0.00029869153014508795,8.921663008365499e-08,0.0005312141243387636,-0.011934699341830718,0.00014243704837990645,0.0004366634261944169
281,0.00023959081256530457,1.2449243823893971e-05,0.00035001061565490915,0.0003375613718310152,-0.0003990344597710262,1.5922850027383362e-07,0.0003307128126279757,-0.0023218165288239638,5.390831993468126e-06,0.00042488407522645044,0.005638942363412036,3.179767097793995e-05,0.00029443495911030126
282,0.00036365749418898474,8.351622723323793e-05,0.00045068932509092124,0.0003671730978576833,-0.013538756358040922,0.00018329792372240306,0.000676490379307837,0.007990984197971514,6.385582845236382e-05,0.0004175308255528476,0.0018425334527862357,3.3949295249469102e-06,0.00025804677041207924
283,6.922404290843343e-05,1.7189498184596214e-05,0.00016501835468799944,0.00014782885650340322,0.006491581898279232,4.21406355418652e-05,0.00015109498307186442,0.0018318229392789325,3.3555752806391226e-06,0.00015838212884788927,-0.0024642004243711317,6.0722837312843225e-06,0.00018557795214424466
284,9.182481780056762e-05,1.6275145635957777e-05,0.00014171949667655484,0.00012544435104059706,0.006551411503267199,4.292099268499161e-05,6.112322687057414e-05,-0.002185819513512866,4.77780694563279e-06,0.00025929251917111706,-0.0010614317109455317,1.126637277248932e-06,0.00010474274398797334
285,0.00022129687887750826,7.164058604680612e-05,0.00026894359795130257,0.00019730301190449645,7.397838283044336e-05,5.472801212214051e-09,0.00012497618744922168,-0.0008946985574435133,8.004855083232343e-07,0.00011062784873383524,0.014632696259775648,0.00021411579983088291,0.0005712267576708507
286,5.9496479868248464e-05,1.5383436309209426e-05,0.0005311187022205935,0.0005157352659113841,0.0010006815867041922,1.001363637898045e-06,0.0008142473657541949,0.0019159366001557366,3.670813055856037e-06,0.0005525637677222806,-0.006440351871903238,4.14781322338742e-05,0.0002265449731853053
287,-3.2212830142003845,1.0,1.0,0.0,0.0,1.0,1.0,0.0,1.0,1.0,0.0,1.0,1.0
288,-3.2212830142003845,1.0,1.0,0.0,0.0,1.0,1.0,0.0,1.0,1.0,0.0,1.0,1.0
289,1.1049091707460157e-05,1.4314930166052047e-06,9.9046491478146e-05,9.761499846154079e-05,0.0016621729543363762,2.7628189308570583e-06,9.915584316955162e-05,-0.0011934609433655178,1.4243490232823675e-06,0.00010820367546249265,-0.00032758372349303875,1.0731109567618802e-07,8.977995580239373e-05
290,6.645307568931003e-05,9.720312491912075e-06,0.0001646860232590308,0.00015496571076711874,-0.0023886686295645954,5.705737821992685e-06,0.00010162344862063577,-0.004757377054809968,2.263263644131097e-05,0.0002739185576342562,-0.0009069527068657237,8.225632124325699e-07,0.00011851606352220045
291,-6.233420824193276,8.32136763458576e-06,0.00014448071772662127,0.0001361593500920355,-0.003040159519262036,9.242569902867537e-06,0.00014409709643525836,-0.002842548545517637,8.080082234074304e-06,0.00014456594273282164,-0.002764317414480864,7.641450766815439e-06,0.00014477911401178378
292,0.00015761116232371197,5.97428548432255e-05,0.0001539464796534625,9.4203624810237e-05,0.006471566236422088,4.188116955261556e-05,0.00013006228862344482,-0.007791599941124589,6.0709029642391776e-05,0.0001572530822328,-0.008754334088606406,7.663836533466917e-05,0.00017452406810414267
293,3.189666476222097e-05,9.779217253943115e-06,0.00015420832567258902,0.0001444291084186459,0.003201348564391667,1.024863263021647e-05,0.0001480211028924705,0.0037398746344726136,1.3986662281806339e-05,0.00014841244492724837,0.0022588397130505473,5.102356849806533e-06,0.0001661914291980482
294,0.0001668781167216693,4.762274519021226e-05,0.00023569649885857302,0.00018807375366836077,0.005753392175149674,3.3101521521805566e-05,0.00021645861682018097,-0.007709606094115857,5.943802612640159e-05,0.0002524532970582527,0.007094271486365839,5.0328687922429616e-05,0.0002381775826972854
295,0.0007031057763804416,0.0001934741600821225,0.0009387066762795252,0.0007452325161974027,-0.005615878401326394,3.1538090218719006e-05,0.000241635058042311,0.011312624127615935,0.0001279754646527076,0.0006729177303058664,0.020516065055823686,0.00042090892537494096,0.0019015672404903983
296,-3.0880708833405057,1.590622737227913e-08,0.00015887218729811656,0.0001588562810707443,0.00012611989214958986,1.590622900060623e-08,0.0001588721872993748,-0.00012611989214959,1.5906226447093275e-08,0.00015887218729748742,-0.00012611989214959,1.590622666913788e-08,0.00015887218729748742
297,0.00010595252302558755,2.566708083950875e-05,0.0001862192452640373,0.00016055216442452855,0.0007534247429721181,5.676488433747906e-07,0.00019525980063461734,0.0026822002358929354,7.194198105464622e-06,0.00018216275582672026,-0.008321021305686183,6.923939556968683e-05,0.00018123517933077427
298,6.274175536458149e-05,3.098204649165659e-05,0.00023604194509803852,0.00020505989860638193,-0.0051965350338885885,2.700397635957419e-05,0.00022188397870770427,-0.005698906224404291,3.247753215485094e-05,0.0002413020399103516,-0.005784862224932553,3.346463096054464e-05,0.0002449398166760597
299,7.319780887027338e-05,3.794006655570096e-05,0.00014498037699565516,0.00010704031043995421,-0.00640357382351549,4.1005757713152846e-05,7.814800874550443e-05,0.007786181507176117,6.062462246281264e-05,0.000233539539698846,-0.003491392199518425,1.21898194911374e-05,0.0001232535825426151
300,0.00014392152833964111,7.815568896052394e-05,0.0002990936055523215,0.00022093791659179757,0.0022995064325143796,5.287729832548216e-06,0.00015573277206992753,0.010749605204552476,0.00011555401205309845,0.0003777661752878414,0.01065951804707323,0.00011362532499592515,0.00036378186929919565
301,0.0003412373784006384,0.00010691408394532716,0.0003170185750888492,0.00021010449114352203,0.011463602907699605,0.00013141419162532308,0.000324434122200179,-0.0037285754770023196,1.3902275087573912e-05,0.00020639595341731543,-0.013244839943295787,0.0001754257851230845,0.00042022564964905307
302,0.0001099404673504667,4.404225625168993e-05,0.000188573953771883,0.00014453169752019307,0.006561486189387713,4.305310101360149e-05,0.00010394768816790467,0.009314158005928662,8.675353935938546e-05,0.00025036946685408346,0.001523196763970847,2.3201283820828422e-06,0.00021140470629366082
303,0.0001188233896480817,4.245420330358426e-05,0.00035696090302565303,0.0003145066997220688,0.004232140138569811,1.7911010152249496e-05,0.00016598710820348028,0.002212989218202621,4.8973212798397725e-06,0.0002525532735307978,0.010225178652645462,0.0001045542784786635,0.0006523423273426809
304,0.00010093671612310118,3.0150164246567357e-05,0.00011998886546826792,8.983870122170057e-05,0.0005875165061573531,3.4517564551084234e-07,0.00011234191314712927,0.006877785133061275,4.7303928336295265e-05,0.00010278136041386166,-0.0065422770315690165,4.2801388757895964e-05,0.00014484332284381285
305,-3.0705128126335755,4.750129096916152e-06,0.00016256901028536644,0.00015781888118845028,0.0021794790884752603,4.750129096842137e-06,0.00016256901028555149,0.0021794790884752608,4.750129096731115e-06,0.00016256901028532944,-0.0021794790884752608,4.750129097175204e-06,0.00016256901028521842
306,3.7803721445905936e-05,1.2327408387006559e-05,0.00018519933196115002,0.00017287192357414347,0.0017475036667096593,3.053769065286538e-06,0.0002128982602344065,-0.003491371418754528,1.2189674383877858e-05,0.00011656410839933073,0.004662486644698088,2.1738781711855282e-05,0.0002261356272497128
307,0.00016669887072728873,3.3376598878661255e-05,0.00018469075049213726,0.000151314151613476,0.005051515831162725,2.5517812192399347e-05,0.00016736640985814955,-0.0068802865391766645,4.733834286152483e-05,0.00019365168306051395,-0.005222417216489686,2.7273641582059582e-05,0.00019305415855774832
308,-3.2212830142003845,1.0,1.0,0.0,0.0,1.0,1.0,0.0,1.0,1.0,0.0,1.0,1.0
309,0.00018791799181605562,7.946783637532058e-05,0.00019232593460934608,0.0001128580982340255,-0.012473558644600483,0.00015558966526041385,0.00028919818748107673,-0.005162338325040076,2.664973698163209e-05,0.00012039440612143792,0.007494271604647668,5.616410688391582e-05,0.00016738521022552355
310,-3.183757232973387,5.631056574699015e-05,0.0001618923713563684,0.00010558180560937824,0.007504036630149107,5.631056574706417e-05,0.0001618923713563314,-0.007504036630149111,5.631056574706417e-05,0.00016189237135577628,-0.0075040366301491095,5.631056574684212e-05,0.00016189237135699752
311,2.563246406883657e-05,5.206569756592098e-06,0.00021577381786079078,0.0002105672481041987,0.0033796439315865266,1.1421993104554495e-05,5.503123883110472e-05,0.0008194021358862415,6.714198602653099e-07,0.0003113663067052519,0.0018778435252233133,3.526296304956489e-06,0.00028092390804601575
312,-3.2212830142003845,1.0,1.0,0.0,0.0,1.0,1.0,0.0,1.0,1.0,0.0,1.0,1.0
313,-3.2212830142003845,1.0,1.0,0.0,0.0,1.0,1.0,0.0,1.0,1.0,0.0,1.0,1.0
314,0.0001891807360084874,0.00011934105172291727,0.00029739884331862293,0.00017805779159570567,0.011129282325559072,0.00012386092508331892,0.0003312222571171253,0.012537283136365011,0.00015718346844140196,0.0002788587515332175,-0.008773754136248452,7.697876164403095e-05,0.000282115521305526
315,0.0037268243429030568,0.0016096690326629821,0.002328974236031104,0.000719305203368122,-0.020437098691063162,0.00041767500290834647,0.0007187671933948092,0.0443430923977225,0.001966309843392966,0.0022655073867193787,-0.04944716626549853,0.002445022251687634,0.004002648127979125
316,0.00013886600039325625,4.9846309312151504e-05,0.00016585616555871616,0.00011600985624656465,0.011217579589416035,0.0001258340918449674,0.000301500703148605,0.004505052587871668,2.0295498819322688e-05,8.064092427007008e-05,0.0018464390790390594,3.4093372721644144e-06,0.00011542686925747336
317,5.9073373964046993e-05,2.2384619354294994e-05,0.00019216111106760506,0.00016977649171331005,0.0024311412998638798,5.910448020229886e-06,0.0001963317077152693,0.003428390109734147,1.175385874396806e-05,0.0001031784835444638,0.007034881043673711,4.948955129868704e-05,0.0002769731419430821
318,6.37759801497273e-05,5.593275663591986e-06,6.991494863054874e-05,6.432167296695676e-05,-0.0026141186514651157,6.8336163238091885e-06,6.658889054622641e-05,0.0006468265000069477,4.1838452136122584e-07,8.251166483075334e-05,0.0030867176977625865,9.527826145605545e-06,6.0644290514666466e-05
319,0.0005113873324626983,0.00012008670740818832,0.00045518963738159596,0.0003351029299734076,-0.012523525844765829,0.00015683869958471597,0.000610994823655675,0.01344965488094904,0.00018089321641656664,0.0004384153632197574,0.00474638875605381,2.2528206223282332e-05,0.0003161587252693554
320,-3.2212830142003845,1.0,1.0,0.0,0.0,1.0,1.0,0.0,1.0,1.0,0.0,1.0,1.0
321,8.447332984851119e-05,4.485390869291006e-05,0.00023433888028046024,0.00018948497158755018,0.003932697717121772,1.5466111334294652e-05,0.00010826276414910296,0.00662998553350801,4.395670817358699e-05,0.00034134555883469364,-0.008668270102534834,7.513890657084854e-05,0.0002534083178575841
322,6.728953929235892e-05,2.6138841604887258e-05,0.00021923569099876103,0.00019309684939387378,0.004086136610625022,1.669651240021608e-05,0.00010500049774342379,0.006762324043410066,4.572902646782229e-05,0.00043503262385757857,-0.003998873084539648,1.5990985946623404e-05,0.0001176739513952807
323,3.807474408834555e-05,7.461274439476047e-06,0.0004442501590026608,0.00043678888456318476,-0.001032008776671357,1.06504211550007e-06,0.0002789047598436012,-0.0009716629818164312,9.441289504641404e-07,0.000224457459124916,0.004513829001159176,2.0374652252463932e-05,0.0008293882580394651
324,-3.2212830142003845,1.0,1.0,0.0,0.0,1.0,1.0,0.0,1.0,1.0,0.0,1.0,1.0
325,-3.2212830142003845,1.0,1.0,0.0,0.0,1.0,1.0,0.0,1.0,1.0,0.0,1.0,1.0
326,0.00037552212650882044,0.000200867300819955,0.0007408159884501794,0.0005399486876302244,0.013006200445343865,0.00016916125002452986,0.0007929735719148789,-0.012036241746749329,0.00014487111538619146,0.0006801426095005558,-0.016987334606965044,0.0002885695370491437,0.0007493317839351032
327,0.00010861238236037352,4.382531155163368e-06,9.762237065980006e-05,9.32398395046367e-05,0.0013377488647058735,1.789572025678865e-06,9.831751631017571e-05,0.0014519510687592172,2.1081619062668366e-06,9.79271293881645e-05,0.0030413581724484683,9.249859533544402e-06,9.662246628105997e-05
328,-3.1655934032593462,4.3320052247941554e-05,0.00017004375827767149,0.00012672370602972993,0.006581797037899171,4.3320052247497465e-05,0.00017004375827667229,0.006581797037899169,4.332005224860769e-05,0.00017004375827833762,-0.006581797037899169,4.332005224771951e-05,0.00017004375827800455
329,0.0009304714322383445,0.0003446010765394414,0.0012971805394670355,0.0009525794629275941,-0.01839564562500409,0.0003383997779606851,0.0008661236241742643,-0.025681911381787447,0.000659560572221829,0.002084134578616559,0.00598689230201123,3.5842879435810104e-05,0.0009412834156102834
330,-3.2212830142003845,1.0,1.0,0.0,0.0,1.0,1.0,0.0,1.0,1.0,0.0,1.0,1.0
331,0.0003232076818121543,0.00023970455979482885,0.00031075401553463483,7.104945573980598e-05,0.01755888414997483,0.0003083144125923809,0.0003520382955093382,-0.014513951143514154,0.00021065477779624864,0.0003347280558456678,0.014147243158860718,0.00020014448899585702,0.00024549569524889847
332,4.3671559587954434e-05,6.297836121049727e-06,0.00019861841226890645,0.00019232057614785672,-0.0018933962365057916,3.584949308077512e-06,0.00023740070958833126,0.0035982166816410682,1.2947163288479224e-05,0.00021130417215264874,-0.0015366833657490828,2.3613957665924445e-06,0.00014715035506573937
333,1.892003843084744e-05,5.4226069423994145e-06,0.0003346161436077096,0.00032919353666531015,-0.0009324378397056855,8.694403247355709e-07,9.232051122953777e-05,0.0013229591631961361,1.750220947505099e-06,0.0006649601050799925,0.0036943415590400554,1.3648159554957573e-05,0.00024656781451359855
334,8.998673269056123e-05,5.279706781702309e-05,0.0002593794212143082,0.0002065823533972851,-0.0070258035295064905,4.9361915234191756e-05,0.00021380198120068972,0.007946522795464619,6.314722453903965e-05,0.00015800422612000098,-0.00677363002226381,4.588206367783787e-05,0.0004063320563222339
335,0.00018668857014980667,7.027612827733194e-05,0.0001706747757711513,0.00010039864749381937,0.003114639401866229,9.70097860364394e-06,0.00010153271100576955,0.011340573094729835,0.00012860859811691938,0.00014116152592225095,0.008515797561663858,7.251880811143252e-05,0.00026933009038543343
336,0.00019506579483519193,2.2916707330159863e-05,0.00015601181011655937,0.00013309510278639952,0.003090127919353404,9.548890558042089e-06,8.746602010156757e-05,0.0016311381951299522,2.6606118116445643e-06,0.00020006092510660434,-0.007519349680706199,5.654061962079293e-05,0.0001805084851415062
337,0.00021220475234906555,0.00015885094779962325,0.0003827932381832803,0.00022394229038365707,0.014264130089370986,0.00020346540720617146,0.00044850817324249004,0.011185717102717981,0.00012512026710242985,0.000364184162855441,-0.012164175643689974,0.0001479671690902684,0.0003356873784519099
338,0.00023022758760382622,7.702055275297474e-05,0.0004510813461315877,0.0003740607933786129,0.0033288463956633522,1.1081218325825759e-05,0.000576581733893855,0.0052717566344845125,2.779141801323437e-05,0.0004180363800476705,0.013863225523661038,0.0001921890219198641,0.0003586259244532375
339,1.1555400091234347e-05,5.83486801871332e-06,0.0002510520760012902,0.0002452172079825769,-0.0030854959653800703,9.520285352282443e-06,0.0003311503936850313,0.0021616872193543565,4.672891633528131e-06,0.00028277517419794673,0.0018197326921636212,3.311427070329387e-06,0.00013923066012089258
340,0.0004170866115337235,0.00020098276610206836,0.0005494630981646154,0.000348480332062547,0.01362521224465187,0.00018564640871199245,0.0007415286693231993,0.014127411771377732,0.00019958376335782457,0.0005685898637451947,-0.014755274522562591,0.0002177181262363881,0.0003382707614254521
341,0.0003035105728197429,6.908889553295754e-05,0.0006592817139664161,0.0005901928184334586,0.004273430619844,1.826220926304245e-05,0.0005756299880257387,-0.01242205744011616,0.00015430751104594798,0.0007338428314237477,-0.005890413083105255,3.469696628988217e-05,0.0006683723224497617
342,0.00020483122189440817,7.973380142593338e-05,0.0005624189449358793,0.0004826851435099459,0.008368797917041915,7.003677857664314e-05,0.000432162408003145,0.007473047507069388,5.584643904243958e-05,0.0006421121500043148,-0.010645101533497105,0.0001133181866587174,0.000612982276800178
343,9.620866414694618e-05,3.2226461688100727e-07,0.00010539676914570843,0.00010507450452882743,-0.0006145820815966935,3.777111340363959e-07,0.00010709404160724745,-0.0006634609036278406,4.401803704867646e-07,0.00010398900578789672,0.00038587866729280465,1.489023461198613e-07,0.00010510726004198112
344,0.00018705677150565592,7.92860994917044e-05,0.00015580081315761754,7.651471366591314e-05,0.00904174213120758,8.175310076741216e-05,0.00012290120817859407,0.006958743502886395,4.842411113881173e-05,0.00011010377413345207,-0.010376949771901876,0.0001076810865688893,0.0002343974571608065
345,6.040987819166954e-05,2.0345919454101136e-05,0.0001321282436992366,0.00011178232424513546,-0.00010586056749795292,1.1206460204249424e-08,0.00013940063261208557,0.0070777823726766425,5.0095003315431264e-05,0.00010411921847852668,0.0033062892472425476,1.0931548586667894e-05,0.00015286488000709753
346,5.0769385862681204e-05,1.650189053777525e-05,0.00027729599146312606,0.0002607941009253508,0.002155272784909905,4.645200777475544e-06,0.00020410386995539653,0.0014648422255609523,2.1457627459309236e-06,0.00023849667254605134,0.006535649018217293,4.2714708089919284e-05,0.00038928743188793025
347,0.000488592364275342,0.00017342733963832124,0.00032814333454352546,0.0001547159949052042,0.004359400368985128,1.9004371577202583e-05,0.00016146669867067587,-0.020726603730417327,0.0004295921021976179,0.0006101458233025436,-0.008466731668131493,7.168554514014325e-05,0.00021281748165735692
348,0.00021411947591376546,2.4156239267214552e-05,0.0008335267329082999,0.0008093704936410854,0.005772857542642304,3.332588420790206e-05,0.0011364682584358299,0.001591727152637846,2.533595328424454e-06,0.00023910878977595473,-0.006050556855813287,3.6609238265317146e-05,0.0011250031505131153
349,7.530853241310975e-05,1.6164381795709854e-05,0.0002932621636082174,0.00027709778181250755,0.0012559724626148181,1.577466826940821e-06,0.000299261018711916,0.003984736174374742,1.5878122379020532e-05,0.0002805932055834903,0.0055711359865426476,3.103755618116821e-05,0.00029993226652924587
350,0.0001527252275451696,5.4195876833640355e-05,0.0002226711500232422,0.00016847527318960184,-0.004607262142456941,2.122686444971933e-05,0.00020149563783400382,0.011751333081698036,0.0001380938291968281,0.00029216786054442334,-0.0018074669718036924,3.2669368543736255e-06,0.0001743499516912994
351,0.0005542168108880752,0.00034886753360141576,0.0008430595405941599,0.0004941920069927441,-0.01717764234970609,0.0002950713966946017,0.0009473640801132,0.01526613088026125,0.0002330547520531523,0.000589690058581338,0.022770077998472044,0.0005184764520564933,0.0009921244830879417
352,6.7956060767482285e-06,2.358235226318506e-06,0.00020687007261369997,0.00020451183738738146,0.000983109521817102,9.665043321227529e-07,0.0001934069860745069,0.0021439163317008196,4.596377237708893e-06,0.0002481983125950382,-0.0012295625681267804,1.5118241091238716e-06,0.0001790049191715548
353,4.192998206076215e-05,1.0939347840170182e-06,0.00014246978815909048,0.00014137585337507347,0.0005528432060196317,3.0563561048690957e-07,0.00014340385475963835,-0.0013274795923293543,1.7622020690444273e-06,0.00013124047291046548,-0.001101801557433166,1.2139666725197173e-06,0.00015276503680716758
354,0.008240418955841489,0.0028859297472324887,0.0034524926477413898,0.000566562900508901,-0.07393742893770773,0.005466743397918417,0.005838439432335529,-0.03918574271207233,0.0015355224318968075,0.0020945054260842477,-0.040688123720346275,0.0016555234118822426,0.0024245330848043922
355,5.053048306635777e-05,6.331836414445272e-07,0.0002267457869613576,0.0002261126033199131,-3.507148819348876e-05,1.2300087615102484e-09,0.00024114973933675454,0.0012146263235927376,1.4753171048154101e-06,0.0002132599058022322,0.0006503874319927498,4.230038107566614e-07,0.0002258277157450861
356,0.00014111515123982343,2.4118111799031894e-05,0.00021373186597288077,0.00018961375417384888,0.0013468744797970277,1.8140708645253412e-06,0.00018329191181709614,-0.005177393519178197,2.6805403652074844e-05,0.00015981250550511916,0.006613233768759276,4.3734860880495496e-05,0.00029809118059642703
357,-3.2212830142003845,1.0,1.0,0.0,0.0,1.0,1.0,0.0,1.0,1.0,0.0,1.0,1.0
358,-3.2212830142003845,1.0,1.0,0.0,0.0,1.0,1.0,0.0,1.0,1.0,0.0,1.0,1.0
359,0.0001790526466540765,5.242801552141074e-05,0.00021691500930598462,0.00016448699378457388,0.011711103225420882,0.00013714993875646453,0.00035429284011079254,0.004410927646266643,1.9456282700835992e-05,0.00013614807826445308,-0.000823301346308467,6.778251069317065e-07,0.00016030410954270824
360,0.00015269850665011742,9.103505365441282e-05,0.00025054855087395617,0.00015951349721954333,0.0014737218924609698,2.171856216093282e-06,0.00016664266216193102,-0.011295163091614973,0.00012758070926666143,0.0002914931830998446,0.011972994424154062,0.00014335259548048374,0.0002935098073600928
361,-3.0915447220296377,4.929776827707529e-05,0.00018074026241965413,0.00013144249414257883,0.007021236947787448,4.929776827644616e-05,0.0001807402624195431,0.007021236947787444,4.929776827689025e-05,0.00018074026241921004,0.007021236947787443,4.929776827788945e-05,0.00018074026242020924
362,0.007481937496385704,0.006438897697143268,0.011983875583178963,0.005544977886035695,-0.07406244239827817,0.005485245373998415,0.010477758252214753,0.07986982351437426,0.006379188708217631,0.011663676996399697,-0.08632646760532534,0.0074522590092137575,0.013810191500922442
363,1.4354663009363833e-06,1.1405467241025018e-06,0.00012964057546608712,0.00012850002874198463,-0.0009647364601989503,9.307164378080657e-07,0.00019265630243281429,-0.0010424990753637666,1.0868043222034274e-06,5.24005923162596e-05,0.0011849554471631064,1.4041194122960121e-06,0.0001438648316491875
364,0.0002012376592172016,6.331142996803447e-05,0.00022942964536224833,0.00016611821539421384,0.0036897143051582526,1.3613991653227409e-05,0.0001332437960475108,0.005906218766079114,3.488342011304102e-05,0.000297792393782359,-0.011892723747646196,0.000141436878137835,0.0002572527462568752
365,0.00022645288590661394,8.520346517334094e-05,0.0002258628001729305,0.00014065933499958955,-0.013569539772725504,0.00018413240964321176,0.0003146842899582891,-0.003754873934451401,1.4099078263218878e-05,0.00021250180007748032,-0.007574886640328543,5.737890761359221e-05,0.0001504023104830221
366,0.00017685052123039835,1.95467788548509e-05,0.00019632717254861967,0.00017678039369376877,0.00022117008107771827,4.891620419833487e-08,0.0001391696541137577,0.005010613569007712,2.5106248338291337e-05,0.0003324115127880667,0.005786637367455747,3.3485172022063026e-05,0.00011740035074403465
367,0.0003460996730527688,0.00010741190927487931,0.0005608564548620724,0.00045344454558719305,-0.006593633642456931,4.347600461096501e-05,0.000532742502223682,-0.004030354026776934,1.6243753581002274e-05,0.0007898965896454557,0.016202344572094567,0.00026251596963267065,0.00035993027271707945
368,4.0964609156035614e-05,1.6792238895909268e-05,0.00022751650953208488,0.0002107242706361756,0.003973484510062159,1.5788579151521098e-05,7.917204045737591e-05,-0.0004513675799460869,2.037326916060067e-07,0.0003311519667466012,-0.0058638216927151335,3.43844048446007e-05,0.0002722255213922775
369,4.740571233163848e-05,6.7523058829473586e-06,0.00020612523175034259,0.00019937292586739522,-0.003065056618289837,9.39457207360661e-06,0.00021006212758944987,-0.002809603744997868,7.893873203879131e-06,0.0001734937251607338,0.0017229255269571248,2.9684723713563343e-06,0.0002348198425008441
370,0.00016918262997944744,0.00012365281988343155,0.0007240553024200717,0.0006004024825366401,-0.012163927093093285,0.00014796112232606795,0.0005080005483137917,0.009514693798111198,9.052939807141502e-05,0.000822354162056782,-0.011509471719091866,0.00013246793925281164,0.0008418111968896413
371,-2.7138746004771006,4.721168771001002e-05,0.0003692820423275567,0.0003220703546175467,-0.004210550358374603,1.772873432015487e-05,0.00030793634799519687,-0.006669982823563452,4.4488670865705515e-05,0.00040648332734982695,0.008911658540595089,7.941765794416966e-05,0.0003934264516376462
372,-3.2212830142003845,1.0,1.0,0.0,0.0,1.0,1.0,0.0,1.0,1.0,0.0,1.0,1.0
373,-3.2212830142003845,1.0,1.0,0.0,0.0,1.0,1.0,0.0,1.0,1.0,0.0,1.0,1.0
374,5.7250880063697274e-05,2.7814853955643315e-05,0.0002992296418427391,0.0002714147878870958,-0.004708329527698915,2.2168366941799356e-05,0.0003196172815773668,-0.007342084011769328,5.390619763534499e-05,0.0002594584781985265,-0.002714773892850171,7.3699972897856014e-06,0.0003186131657523239
375,8.839311799446747e-05,3.692984108705222e-05,0.00017998714773007998,0.00014305730664302777,-0.0056711619067255315,3.2162077372110964e-05,0.0003661763865657752,0.0021312837577798483,4.54237045544037e-06,7.482630163035964e-05,-0.008607268755713427,7.408507543360532e-05,9.895875499410511e-05
376,3.100669004008072e-05,7.0131151321447165e-06,0.0001355457311481567,0.00012853261601601199,0.00166913460333911,2.786010324107302e-06,0.00020389190185232664,-0.0034045012957835963,1.1590629073077174e-05,0.0001292907980904312,0.0025812218035686043,6.662705999249674e-06,7.345449350171229e-05
377,-3.1467180711425122,2.947401437125574e-05,0.0001606325625640818,0.00013115854819282605,0.005428997547586743,2.9474014371810853e-05,0.0001606325625645999,-0.005428997547586744,2.9474014371033697e-05,0.0001606325625640448,-0.005428997547586749,2.9474014370922674e-05,0.0001606325625636007
378,0.0003523013349103765,5.8460016031084784e-05,0.0003083598724015572,0.0002498998563704724,-0.011921354702841799,0.00014211869795099918,0.0003004366701012673,0.0005950587032446801,3.540948605440519e-07,0.000437248183618566,0.005736484575205401,3.290725528171112e-05,0.0001873947634848383
379,-3.2212830142003845,1.0,1.0,0.0,0.0,1.0,1.0,0.0,1.0,1.0,0.0,1.0,1.0
380,7.607032527445767e-05,3.250027307336959e-05,8.467041419154182e-05,5.217014111817223e-05,0.0017898614996402589,3.2036041871519316e-06,4.0533490130556515e-05,-0.005940100573964094,3.5284794828394084e-05,7.701819448757696e-05,0.007681954191828223,5.9012420204562765e-05,0.000136459557956492
381,9.222345941362065e-06,3.525998524267493e-07,0.00033999901948419026,0.0003396464196317635,0.00021361786337997405,4.563259170531353e-08,0.0003599630957628053,-0.0006837665906372848,4.6753675120303484e-07,0.00034210031768000526,0.0007379906602417444,5.446302143718995e-07,0.0003179336450097603
382,7.412689513497384e-05,3.592127392644991e-05,0.0002255979241799766,0.00018967665025352667,0.006303275172033246,3.973127789458353e-05,0.00014252823146654325,-0.00664212900643684,4.411787773772602e-05,0.00032459572889820265,-0.004890262380210068,2.3914666147040187e-05,0.00020966981217518388
383,-3.2212830142003845,1.0,1.0,0.0,0.0,1.0,1.0,0.0,1.0,1.0,0.0,1.0,1.0
384,-3.2212830142003845,1.0,1.0,0.0,0.0,1.0,1.0,0.0,1.0,1.0,0.0,1.0,1.0
385,4.5230778389027115e-05,1.5662927112007157e-05,0.000162529870730214,0.00014686694361820685,-0.001335423678215078,1.7833563997760038e-06,9.163116549371075e-05,0.002769795787261927,7.671768703088055e-06,0.00012630309634209524,-0.006126471760614161,3.753365623315741e-05,0.000269655350354836
386,9.198340359950485e-05,9.550154432121557e-06,0.0001758878173932684,0.00016633766296114683,-0.00018660047816123718,3.481973875896216e-08,0.0001828099181173659,0.0030645655066152563,9.391561744287458e-06,0.00016660372277566005,0.004384527547318558,1.922408181331825e-05,0.0001782498112867792
387,0.00023175252853768757,0.00012192819703960023,0.0004195250637170078,0.0002975968666774076,-0.002206844691251269,4.870163491377255e-06,0.00014753600895678343,0.014803393241511822,0.00021914045146287364,0.0008005315869443752,0.01190688776148866,0.0001417739761645498,0.0003105075952498648
388,-3.2212830142003845,1.0,1.0,0.0,0.0,1.0,1.0,0.0,1.0,1.0,0.0,1.0,1.0
389,6.763807290499635e-05,2.0337591521720395e-05,0.00012523186036524545,0.00010489426884352505,-0.0007694159387343553,5.920008866455717e-07,6.156404496548973e-05,0.007342910825971333,5.391833939782931e-05,0.00012980919733707186,0.00254998711378745,6.502434280686309e-06,0.00018432233879317472
390,0.0003574409829001368,0.00011631603776781259,0.00046771664167991983,0.00035140060391210726,0.017857014947710047,0.0003188729828426107,0.0005238797346971413,0.005455711632844041,2.9764789421071747e-05,0.0005003572025901182,-0.0005570826149117104,3.1034103975535743e-07,0.00037891298775249993
391,0.0006054659413385899,0.0003036835374515823,0.0007399410568440512,0.00043625751939246893,0.018335176028311667,0.0003361786799888078,0.0010229801614972667,-0.017028465578871273,0.0002899686399709944,0.0007215089154708476,0.016879078541057933,0.0002849032923949446,0.00047533409356403933
392,-3.1981780232123205,4.2625147011661944e-05,0.00017871131931398074,0.00013608617230231879,-0.001632413707547785,2.664774513050361e-06,0.0001355289136177884,-0.008013697971245827,6.421935517419985e-05,0.00020129231682197712,0.0078096934221561064,6.099131134773561e-05,0.00019931272750217666
393,9.333265221933562e-05,4.280242588794447e-05,9.914440719767843e-05,5.634198130973396e-05,0.007829497976015893,6.13010385563939e-05,0.00012472494012905067,-0.007935842866026596,6.297760199436286e-05,0.00010813108370921753,0.002031904799310026,4.12863711307665e-06,6.457719775476711e-05
394,-3.2212830142003845,1.0,1.0,0.0,0.0,1.0,1.0,0.0,1.0,1.0,0.0,1.0,1.0
395,-3.2212830142003845,1.0,1.0,0.0,0.0,1.0,1.0,0.0,1.0,1.0,0.0,1.0,1.0
396,-3.2212830142003845,1.0,1.0,0.0,0.0,1.0,1.0,0.0,1.0,1.0,0.0,1.0,1.0
397,0.0002710409383639423,0.00012452954609576405,0.00022335626181935186,9.882671572358781e-05,-0.011701893946602425,0.0001369343219377317,0.00027312107801447105,0.012509843632898962,0.00015649618771940155,0.00022795795315389,0.008953107205327606,8.015812863015892e-05,0.00016898975428969454
398,1.598762482102334e-05,4.195601804017161e-06,0.00015858434022279302,0.00015438873841877587,-0.0014516875373314342,2.1073967062523735e-06,0.00015026124044115186,-0.002361777793561636,5.5779943463063475e-06,0.00014099793764099644,0.0022139138103698655,4.901414359492762e-06,0.0001844938425862308
399,-3.2212830142003845,1.0,1.0,0.0,0.0,1.0,1.0,0.0,1.0,1.0,0.0,1.0,1.0
400,-3.068429381933253,3.0277363430123807e-06,0.00015958612893052226,0.0001565583925875099,0.0017400391785869851,3.0277363418651504e-06,0.0001595861289297451,-0.0017400391785869847,3.027736343863552e-06,0.0001595861289311884,0.0017400391785869856,3.0277363433084403e-06,0.00015958612893063329
401,0.0002580454373655172,0.0001229583510443666,0.0008204498036901153,0.0006974914526457487,-0.011886917898903115,0.00014129881713520476,0.0009333887176622424,0.006349965521768218,4.032206212767342e-05,0.00042441828648032143,-0.013684084692446712,0.00018725417387022159,0.0011035424069277822
402,7.080858878993901e-05,2.8168802185405777e-05,0.00023767498641676563,0.00020950618423135986,0.00017202439980046127,2.9592393757660318e-08,0.0001504145818891356,-0.006970524688833565,4.8588214437872423e-05,0.0002798618496138161,0.005990709450836929,3.5888599724587245e-05,0.00028274852774734516
403,-3.2212830142003845,1.0,1.0,0.0,0.0,1.0,1.0,0.0,1.0,1.0,0.0,1.0,1.0
404,-3.2212830142003845,1.0,1.0,0.0,0.0,1.0,1.0,0.0,1.0,1.0,0.0,1.0,1.0
405,-3.2212830142003845,1.0,1.0,0.0,0.0,1.0,1.0,0.0,1.0,1.0,0.0,1.0,1.0
406,3.236317722576931e-05,2.1921410978601823e-05,0.0002776050570089487,0.0002556836460303469,-0.003763786704929344,1.4166090360090422e-05,0.0002741969811390632,-0.004470158208498968,1.998231440891729e-05,0.0002535349377021934,-0.005622795405024494,3.1615828166797755e-05,0.0003050832521855895
407,-3.2212830142003845,1.0,1.0,0.0,0.0,1.0,1.0,0.0,1.0,1.0,0.0,1.0,1.0
408,5.770034495122811e-05,2.006594117764937e-05,0.00016853191482872157,0.0001484659736510722,0.005057084086594659,2.557409945858069e-05,0.0002651733326367589,0.0014720503192328974,2.1669321421668997e-06,7.715278573705575e-05,-0.00569708626690189,3.2456791932200524e-05,0.00016326962611235007
409,0.00044670449153305647,0.00014789603461447717,0.00034511001743475767,0.0001972139828202805,0.002342675002910378,5.488126169295171e-06,0.00011888274912408292,0.014728345835497236,0.00021692417105023676,0.00030976844228591816,0.01487534223553053,0.00022127580662389956,0.0006066788608942719
410,7.105500478443716e-05,2.5014895643549195e-05,0.00042321688192196544,0.00039820198627841624,-0.00036578790564443023,1.3380079200153716e-07,0.00040107245458076424,0.008041294039051844,6.46624098226134e-05,0.000489989871929275,0.0032013241504082954,1.0248476316032651e-05,0.000378588319255857
411,0.00024379380527317362,4.4815811468756905e-05,0.0001409930282037323,9.61772167349754e-05,-0.006469397727091429,4.18531069509287e-05,0.00014180327160040473,-0.00958499365710914,9.187210340699803e-05,0.00013175447211644098,-0.0008498376600179101,7.22224048343989e-07,0.00014942134089435122
412,-2.4290090038122805,9.044823851767081e-05,0.00025614498925589463,0.00016569675073822382,0.00968350512929204,9.377027158863349e-05,0.0002658866496026979,-0.009168947986393672,8.406960717655121e-05,0.00023746787796408153,-0.009669789903994173,9.350483678782773e-05,0.0002650804402009044
413,0.00024279511771430062,8.072882061845495e-05,0.0003110532462626085,0.00023032442564415356,0.0005886408885521475,3.464980956602304e-07,7.291747470239418e-05,-0.014693112557364253,0.00021588755662360626,0.0004462575103797439,0.005094350511711208,2.5952407136098365e-05,0.0004139847537056873
414,0.00022209040430332117,8.07390991014086e-05,0.00029785423768087976,0.00021711513857947118,0.006676375112912587,4.457398464796647e-05,0.0003089926896076012,-0.008574931344761514,7.352944756722213e-05,0.00023319424377965525,-0.011140640245917576,0.0001241138650890372,0.0003513757796553829
415,6.085158157553838e-05,2.6760955192495217e-05,0.0001772714117957245,0.0001505104566032293,0.005161015175517064,2.663607764186171e-05,0.0001321555351746495,0.0011083538301384739,1.2284482129309993e-06,7.388370734628946e-05,-0.007240051085645561,5.241833972269294e-05,0.00032577499286623457
416,5.141507117500943e-06,1.787059251949034e-06,0.00012155649169776073,0.00011976943244581169,0.00010302716576502874,1.061459742324189e-08,9.086660149748571e-05,0.001236727600807046,1.5294951576372284e-06,8.141630033398073e-05,0.001954755228037869,3.8210680007866316e-06,0.00019238657326181574
417,-3.2212830142003845,1.0,1.0,0.0,0.0,1.0,1.0,0.0,1.0,1.0,0.0,1.0,1.0
418,7.823888094882214e-05,3.750756340407483e-05,0.0001472900637794483,0.00010978250037537349,-0.000453119425975701,2.053172142302273e-07,0.00011084291056029372,0.007906084516078932,6.250617237568701e-05,0.00013668599447125285,-0.00705770505351093,4.981120062230726e-05,0.00019434128630679837
419,6.499758442213288e-05,2.60333923175482e-05,0.0004205740783691884,0.0003945406860516402,-0.003668177419110131,1.3455525577632521e-05,0.0004782462080636929,-0.005208959910303915,2.713326334691235e-05,0.0002637954647876084,-0.0061246541149870375,3.7511388028099724e-05,0.0005196805622562639
420,0.00010245479626902476,1.6325688836027474e-05,0.00012923858335023297,0.0001129128945142055,0.0033006057498795693,1.0893998316108267e-05,0.00010138094024991773,0.00014886028063074275,2.2159382884190393e-08,6.970872742295686e-05,0.0061693523816308505,3.8060908809089966e-05,0.00021662608237782432
421,0.0001326874898823771,5.9998053582440335e-05,0.00020293758992077451,0.00014293953633833417,-0.011315666335075822,0.00012804430460766625,0.00023097354398937675,-0.005129627507452433,2.631307836531427e-05,0.000279602701195647,-0.005063277374885501,2.563677777434048e-05,9.823652457729981e-05
422,-3.2212830142003845,1.0,1.0,0.0,0.0,1.0,1.0,0.0,1.0,1.0,0.0,1.0,1.0
423,0.00018170923877469658,4.4218375614931325e-05,0.00027339898945288876,0.00022918061383795743,0.008477663043587842,7.187077068082637e-05,0.00021679029477117417,-0.00528426977723803,2.792350707825353e-05,0.00023595873572723747,0.0057324383194086925,3.286084908571407e-05,0.00036744793786025465
424,7.710803461935534e-05,6.238424218836987e-06,0.00013923327076829453,0.00013299484654945754,0.0037859197574533457,1.4333188409820785e-05,0.00015830851390841172,-0.0005339145961807942,2.8506479532453e-07,0.0001268194416474966,0.0020241095453462205,4.097019451365647e-06,0.00013257185674897531
425,0.00011024636362166884,2.0242651574853276e-05,0.00015959705806030863,0.00013935440648545536,0.007742482085297025,5.9946028841073584e-05,0.00016779008411493823,0.00071399721072103,5.097920168228853e-07,0.00014814996566847594,-0.0005216645159453999,2.721338666633599e-07,0.0001628511243975117
426,4.7806930911553636e-05,2.0147645982904194e-05,0.00024673679095651063,0.00022658914497360644,-0.004821787082227505,2.3249630666355436e-05,0.0001960168496069059,-0.002181316199004096,4.758140359717444e-06,0.00037189390071179496,0.005695188049803795,3.24351669226397e-05,0.0001722996225508311
427,-3.2212830142003845,1.0,1.0,0.0,0.0,1.0,1.0,0.0,1.0,1.0,0.0,1.0,1.0
428,-3.2212830142003845,1.0,1.0,0.0,0.0,1.0,1.0,0.0,1.0,1.0,0.0,1.0,1.0
429,0.00040641893737614065,0.00019717870186623335,0.0011317594575400343,0.0009345807556738009,-0.01544250809612828,0.0002384710562992609,0.0015569817110243633,-0.00207216729798731,4.293877311267735e-06,0.00013090192700482284,-0.01867541624671758,0.0003487711719881714,0.0017073947345909168
430,6.116326797001026e-05,4.38285458059795e-05,0.00020855287408709047,0.00016472432828111097,0.007325167773311652,5.3658082907248605e-05,0.00023674998432343664,-0.006227869711382076,3.8786361141962544e-05,0.00015845653537960303,0.006248295236993643,3.9041193368727356e-05,0.00023045210255823179
431,8.123792556913312e-05,3.798341377199884e-05,0.0003070394765299171,0.00026905606275791827,-0.0026980863290105824,7.279669839488356e-06,0.0002714249494211174,0.005144388937648669,2.6464737541309624e-05,0.0003000917956527127,-0.008955770984931204,8.020583393519853e-05,0.0003496016845159211
432,1.925127229729373e-05,6.576562570193012e-06,0.00017787299357086006,0.00017129643100066705,0.0037267581883671155,1.3888726594468714e-05,0.0001283006286040278,-0.0006525903663980854,4.258741865825755e-07,0.00019321327749655115,0.0023270339338543103,5.415086929527746e-06,0.00021210507461200123
433,1.6587309971338726e-05,7.86768087124301e-06,0.0002582549200244033,0.0002503872391531603,0.0013450473244981651,1.8091523051877445e-06,0.000268917200272889,0.0030090459437883015,9.054357491877774e-06,0.00016920921129015554,0.003569248214466874,1.2739532816663512e-05,0.0003366383485101654
434,5.22128594699911e-05,2.353624714923619e-05,0.0001728353381773573,0.0001492990910281211,-0.004625300703834954,2.13934066010113e-05,0.00013764936826921037,0.007012027155921753,4.9168524835385696e-05,0.00014097406961077752,-0.0002163562136309184,4.681001131157103e-08,0.000239882576652084
435,0.0005032869540051443,0.0001315513421825306,0.0003928596100322516,0.00026130826784972105,0.01892982123555248,0.0003583381320098056,0.000685692039035124,-0.005242009582667442,2.7478664465285796e-05,0.0004210605235940301,-0.0029727478992801833,8.837230072500368e-06,7.182626746760068e-05
436,6.738900613634247e-05,4.425834111169517e-05,0.00023191076827192939,0.00018765242716023423,0.00695159477999248,4.8324669985611024e-05,0.00023842941642349125,0.006003929301165553,3.6047167053299134e-05,0.00022306863544696576,-0.00695723984759659,4.840318629617535e-05,0.00023423425294533118
437,0.00011494490172148097,4.402530450327754e-05,0.00019003629089460924,0.0001460109863913317,-0.009403934002971223,8.84339747320162e-05,0.00012927115194072414,0.006293981340757803,3.9614201117976755e-05,0.0001804431811733842,0.002006922434994698,4.027737659839659e-06,0.00026039453956971936
438,5.289389994622695e-05,1.7148887950716823e-05,0.00014082130602414514,0.00012367241807342833,-0.0019479089334547308,3.7943492133818424e-06,0.00018760907649573166,0.006641526590530428,4.4109875452447156e-05,0.00012052060121903185,-0.0018821368671298989,3.5424391863214666e-06,0.00011433424035767192
439,-3.2212830142003845,1.0,1.0,0.0,0.0,1.0,1.0,0.0,1.0,1.0,0.0,1.0,1.0
440,0.00010991127815185298,5.503661976417422e-06,6.395314610785352e-05,5.84494841314361e-05,-0.002844834792284648,8.09308499571948e-06,6.118047190306619e-05,-0.0028218894368304713,7.963059993731925e-06,5.6984549500427306e-05,-0.0006744189645327223,4.5484093980086016e-07,7.369441692006706e-05
441,5.16008254030087e-05,2.8471271255529434e-05,0.00014093632117306854,0.0001124650499175391,0.007020338129071952,4.928514744606538e-05,0.0002355266287736857,-0.0030189622706315376,9.114133191823193e-06,0.0001085012169614874,0.005197550685538256,2.7014533128699725e-05,7.878111778403252e-05
442,9.764950044910403e-05,3.1034589920005594e-05,0.0002974244378061523,0.0002663898478861467,0.004146909432883792,1.71968578442927e-05,0.0003051091868412348,-0.008407090684949705,7.067917378522637e-05,0.00020035801556961275,-0.0022864247485446087,5.2277381304977055e-06,0.0003868061110076093
443,0.0005432859408330826,0.00012728427150147473,0.00044425583891357273,0.000316971567412098,-0.00796272800591238,6.340503729618252e-05,0.00043921456659912206,0.017612131215162377,0.0003101871659401123,0.0007022673813317226,0.0028741279143788575,8.26061126812938e-06,0.00019128556880987357
444,-3.2212830142003845,1.0,1.0,0.0,0.0,1.0,1.0,0.0,1.0,1.0,0.0,1.0,1.0
445,0.0003796007027178083,9.837247683967358e-05,0.0003404285435562038,0.00024205606671653018,-0.010240970737656823,0.00010487748164955679,0.0003414424674198502,-0.012350861725589949,0.00015254378536455615,0.0004559381572442067,-0.00613972014873258,3.769616350490779e-05,0.00022390500600455443
446,3.393499779835718e-05,1.0992063781708103e-05,0.00017385010952064572,0.0001628580457389376,0.0025018081538691604,6.25904403872557e-06,0.00017757805906482016,0.0025406089778272655,6.454693978530379e-06,0.00013928242923944012,-0.004501383490513077,2.0262453327868357e-05,0.0002046898402576769
447,0.047189741280715625,0.028868447696935456,0.034038365341017264,0.005169917644081808,0.16026130191136867,0.025683684890326797,0.029562506957445445,-0.1669752582258284,0.027880736859582034,0.03327653108293316,-0.1817716186342012,0.03304092134089753,0.039276057982673196
448,0.0003449390404416386,0.00013070856781919696,0.0003063797121012346,0.00017567114428203764,0.00791257658311668,6.260886818365563e-05,0.00021576186709137968,4.198701015088416e-06,1.7628898341115473e-11,0.0001653569281824252,-0.018152598096286814,0.00032951681764503693,0.0005380203410298989
449,0.00019374104700353723,6.827951312271541e-05,0.00026988007478412346,0.00020160056166140805,0.001830573448890955,3.350999151718881e-06,7.242415214225861e-05,-0.013329729084302784,0.00017768167746101682,0.0005635572642214148,0.004879125203909195,2.3805862755410523e-05,0.00017365880798869693
450,2.0929461119312265e-05,2.93795413260541e-06,0.00012064496229228598,0.00011770700815968058,0.0016331368600204644,2.6671360033869718e-06,9.992836553152085e-05,-0.0023385709040858846,5.468913872763714e-06,0.00011777937909285274,0.0008232937028694929,6.77812521665544e-07,0.00014422714225248434
451,-3.2212830142003845,1.0,1.0,0.0,0.0,1.0,1.0,0.0,1.0,1.0,0.0,1.0,1.0
452,4.936033348490465e-05,7.608159121523054e-06,0.00019364451313741426,0.00018603635401589122,-0.0007357741897329622,5.413636583462278e-07,0.00014946716560770845,0.0033575964042585763,1.1273453613847018e-05,0.00014705902030054396,0.0033180807844587204,1.1009660092375917e-05,0.0002844073535039904
453,4.171931107133098e-05,1.1868999694223762e-05,0.00016164347868100984,0.00014977447898678609,0.00020038389690746051,4.015370580479072e-08,0.00011056404985410051,-0.0014413108526936105,2.0773769742188364e-06,0.00014324616786132172,-0.00578700858842812,3.348946840264766e-05,0.00023112021832760732
454,0.00012485909369885917,6.785111259322019e-05,0.0005000302414240135,0.00043217912883079335,0.00783306225372958,6.135686427111153e-05,0.0009187731725559534,-0.008773547723731259,7.697513966020697e-05,0.000346665739089258,-0.008075972625522386,6.522133384834206e-05,0.00023465181262682933
455,-3.2212830142003845,1.0,1.0,0.0,0.0,1.0,1.0,0.0,1.0,1.0,0.0,1.0,1.0
456,4.6496971240928e-05,1.4784601072329965e-05,0.0003950004048605867,0.0003802158037882567,0.0033634711840355136,1.131293840583858e-05,0.0004965687255904516,0.0021443596894326635,4.598278477430107e-06,0.00040232591847200183,0.005333159132605125,2.844258633372121e-05,0.00028610657051930666
457,0.00020771768344363117,9.904054948014125e-07,0.0002110641097463247,0.00021007370425152327,-0.0012387398083867822,1.5344763136804218e-06,0.0001950539535643392,0.0011834050532518999,1.4004475199502764e-06,0.00022422737518368319,0.00019050629983117948,3.629265077353949e-08,0.00021391100049095169
458,0.000153717036560308,5.618703034086329e-05,0.00019423431818773226,0.00013804728784686898,-0.007424987286630066,5.5130436206418665e-05,0.0002573171734880919,-0.007931030798335957,6.290124952368359e-05,0.00018354296238121126,-0.007108403849824715,5.052940529248762e-05,0.0001418428186938936
459,0.0006472221630077213,0.0002465368255212634,0.0006415158485052844,0.00039497902298402105,0.005597659552571071,3.133379246633705e-05,0.0006436422757556404,-0.02532410738533133,0.000641310414863594,0.0010738695046319524,0.00818329207801506,6.696626923385907e-05,0.0002070357651282606
460,-23.17811559515264,4.766319081010255e-06,0.00017055596740937298,0.00016578964832836274,0.0018596235568112906,3.458199772654602e-06,0.00017063585537524517,0.0025664103414813275,6.586462041768826e-06,0.00017047899847133507,0.002062594344212088,4.254295428607335e-06,0.00017055304838153873
461,7.948342579311429e-05,2.7739599765652656e-05,0.00013699791211463364,0.00010925831234898098,-0.0017441049400577955,3.041902042033584e-06,0.00011618826603054799,0.0018558494231165387,3.4441770815352157e-06,0.00010779803006344402,-0.008759721466696103,7.673272017338917e-05,0.0001870074402499089
462,0.03251852507356279,0.011578860591759535,0.013693664190608615,0.00211480359884908,0.05472577095886652,0.0029949100070424395,0.006657099194859573,-0.07099354147897269,0.005040082931726864,0.00665566796508299,0.16340620807212133,0.026701588836509305,0.027768225411883285
463,0.00010586855729943778,4.550238933772229e-05,0.00015929265424863281,0.00011379026491091052,-0.0035135380819057557,1.2344949852804987e-05,8.637116900789277e-05,-0.007398417362492787,5.47365794700827e-05,0.00019168449423834222,0.008332204911686921,6.942563869027918e-05,0.00019982229949966346
464,6.546993788347777e-05,2.4214415568213354e-05,0.00020525117857217445,0.0001810367630039611,0.0046626885754349505,2.1740664751357386e-05,0.0001180965266402989,0.003186528447434693,1.0153963546088995e-05,0.00027088215744175415,0.006383464451775771,4.074861840719368e-05,0.0002267748516344703
465,4.7101483753309026e-05,7.276982866325869e-06,0.00036685322352159044,0.00035957624065526456,0.0033223104859526568,1.1037746964537298e-05,0.000530196655390669,0.0016809113132828142,2.8254628431367834e-06,5.6095605672323856e-05,0.0028227183336174163,7.967738791303525e-06,0.0005142674095017785
466,0.00011288362849182221,6.207859490814371e-05,0.0003257458583646085,0.0002636672634564648,-0.007711413811357479,5.946590297023491e-05,0.0003276840090548072,0.0067147137770582335,4.508738110764465e-05,0.0003355565409653982,0.00903783716638203,8.168250064655158e-05,0.00031399702507362015
467,-3.120518184389634,1.099057607959845e-06,0.00016172081811671735,0.0001606217605087575,-0.0010483594843995305,1.0990576079228376e-06,0.0001617208181169394,0.0010483594843995305,1.099057607700793e-06,0.00016172081811616223,0.001048359484399531,1.0990576082559045e-06,0.0001617208181170504
468,0.0003529096338238391,0.00011779274063594691,0.00040911998574536906,0.00029132724510942215,-0.0050045321407580995,2.5045341947915745e-05,0.0002318187270627936,0.012126171033331827,0.00014704402392962113,0.000536732211353308,-0.013464355017239978,0.00018128885603030387,0.0004588090188200056
469,4.677345253556453e-05,1.4490343637763026e-05,9.908205390836884e-05,8.459171027060582e-05,0.001260212413670926,1.588135327024176e-06,6.830294652671043e-05,0.00606272486553653,3.675663279467667e-05,0.00015298716082812192,0.0022641251714927823,5.126262791588232e-06,7.59560543702742e-05
470,0.00022466196932102722,6.704329733198122e-05,0.0002765485370129772,0.000209505239680996,-0.005182085311105723,2.6854008171706134e-05,0.00018340232980440518,-0.009481102183117754,8.989129860692557e-05,0.00032115419668576894,0.009186108273762122,8.438458521731196e-05,0.0003250890845487575
471,1.0527301548046708e-05,3.594284201935416e-06,0.00011699344634578483,0.00011339916214384942,-0.0018692964466843068,3.4942692057615687e-06,0.00024969521558659835,0.001820733179154881,3.3150693096173356e-06,3.8892951788049857e-05,0.001993367525135636,3.973514090427344e-06,6.239217166270628e-05
472,6.529865240534338e-05,2.958301670959636e-05,0.00016285460404052987,0.0001332715873309335,0.0071403007425246716,5.098389469371245e-05,0.00013430143241510706,-0.003727732475630812,1.3895989409817844e-05,0.000201330809051381,0.004885608050711582,2.3869166025258792e-05,0.00015293157065510155
473,-3.0992556032777836,2.2785276984812106e-06,0.00016091303693654968,0.00015863450923806846,-0.0015094792805245,2.27852769862924e-06,0.0001609130369366607,-0.0015094792805245003,2.2785276980741287e-06,0.0001609130369362166,0.0015094792805245003,2.2785276987402625e-06,0.00016091303693677173
474,7.821347013492463e-05,2.0673946519056408e-05,0.00015637368670651242,0.000135699740187456,-0.004690831633099473,2.2003901410161397e-05,0.00025978223838307724,-0.006139663103076335,3.769546301901627e-05,0.000131464757894606,0.0015239669051026986,2.3224751279915523e-06,7.787406384185402e-05
475,0.00019292663941827826,6.647226181011323e-05,0.00029835316850098287,0.00023188090669086964,-0.0096504878069619,9.313191491211459e-05,0.00022161786019958551,-0.009028943964337987,8.152182911147499e-05,0.00032505380199221445,0.004976247723616705,2.476304140675012e-05,0.0003483878433111487
476,0.00015504771015417695,7.149231265065244e-06,0.00017182225412089766,0.0001646730228558324,-0.0014865747907401618,2.2099046083079443e-06,0.00014410951560817065,-0.0014896826168991676,2.219154298988002e-06,0.0001732575397326297,0.004125364818697453,1.7018634887899786e-05,0.0001980997070218926
477,4.2840293447587996e-05,3.583842514716847e-06,0.0001529285221976521,0.00014934467968293524,-0.0019710326918416224,3.884969873468869e-06,0.0001865459099621436,-0.0011045807093844767,1.22009854364169e-06,0.0001277167375032251,0.0023762279198109126,5.646459127039982e-06,0.00014452291912758763
478,0.00010201971914869379,2.4249395234413978e-05,0.00013991404220266754,0.00011566464696825356,-0.001593474322990116,2.539160418035813e-06,0.00019832122776997085,0.0022437849931222194,5.034571095352547e-06,5.108957076471743e-05,-0.008073069688152091,6.517445418985357e-05,0.0001703313280733143
479,0.0006121402199261716,0.000319719481282658,0.0008535949014317756,0.0005338754201491176,-0.01760321013469197,0.00030987300704632403,0.0008697561351458383,-0.02159025750617537,0.00046613921918270407,0.0012178548095651553,-0.01353315253809582,0.00018314621761894578,0.0004731737595843333
480,0.002875963308035967,0.0008597861971926616,0.003156934556730717,0.0022971483595380557,0.004224015428726783,1.784230634205297e-05,0.0003299974178289089,-0.05015895463355749,0.0025159207299311204,0.007655030732738988,0.006752448097164429,4.559555530481152e-05,0.001485775519624255
481,8.819426733563951e-05,2.5121260293821852e-05,0.0002693774197450131,0.0002442561594511913,-0.007764261644302929,6.028375888245119e-05,0.000577512757843901,-0.0027020705874726794,7.301185458663539e-06,0.00010738387598085986,0.002789056568165647,7.77883654035083e-06,0.00012323562541027844
482,0.00017437938553954702,0.0001194301078975742,0.00032594764477026733,0.00020651753687269314,0.011770102207481044,0.00013853530597474073,0.0002942675397247241,-0.007093779308016363,5.0321704870404105e-05,0.0003990952761706579,-0.013016655209677897,0.0001694333128475778,0.00028448011841542
483,0.004038512638509517,0.0027492455277623082,0.00439405739489392,0.001644811867131612,-0.04917511511755643,0.002418191946824799,0.003639141079350483,0.056235622970242885,0.003162445290851079,0.005468440725079127,-0.051643967175375526,0.002667099345611046,0.004074590380252152
484,-3.164515216458809,2.7023753996509765e-05,0.0001594824852697944,0.00013245873127328461,-0.00519843764952426,2.7023753996213706e-05,0.00015948248526997943,0.005198437649524259,2.702375399643575e-05,0.00015948248526942432,0.00519843764952426,2.702375399687984e-05,0.00015948248526997943
485,0.0001252128992585977,4.2882257370739176e-05,0.00035979775213645926,0.00031691549476572006,0.01090302615237809,0.0001188759792795091,0.0003354858916125858,-0.00042934421522797863,1.8433645487814232e-07,0.00029756284005022504,-0.0030962003128951116,9.586456377830288e-06,0.00044634452474656694
486,6.274428259311904e-05,1.9127789626205427e-05,0.00020667914046923475,0.00018755135084302932,-2.833883887331252e-05,8.030899278921311e-10,0.00016886244942182493,-0.0062450059184538656,3.900009892132683e-05,0.00013958013513459822,-0.0042874779145186705,1.8382466867361558e-05,0.0003115948368512811
487,0.0001465128456230591,3.741905896263257e-05,0.00032781359480386446,0.00029039453584123187,-0.006439534633853436,4.1467606299860904e-05,0.0003349516605588576,-0.0036946753061244883,1.3650625617200873e-05,0.0003034214498863763,0.007559030689855877,5.7138944970835936e-05,0.0003450676739663594
488,5.0413481370470414e-05,1.6231560004113337e-05,0.0001754599085464307,0.00015922834854231738,-0.000759708018813654,5.771562736622826e-07,0.0001232816011641491,-0.00018660273877546044,3.482058175130476e-08,0.00011270876374058769,0.0069341692477623,4.808270315692642e-05,0.00029038936073455535
489,5.487252548708188e-05,1.784830744266941e-05,0.0001847045676168039,0.0001668562601741345,-0.00042865732697580357,1.837471041987726e-07,7.566535127068175e-05,-0.006488970639799917,4.210673996385417e-05,0.00022779706598941019,-0.0033547630705840657,1.1254435259955287e-05,0.0002506512855903198
490,0.00013158183825190406,2.386687969220998e-05,0.0001799335743316588,0.0001560666946394488,-0.0053565655893818495,2.8692794912688058e-05,0.00016190945575011995,0.006515564513676876,4.245258093193982e-05,0.0002841629103080834,0.0006747319703853526,4.5526323200206775e-07,9.372835693677306e-05
491,9.002709862815372e-06,5.901698689377473e-06,0.00013817391665911968,0.0001322722179697422,-0.0002814481842733043,7.921307987324155e-08,0.00021419529666100168,-0.0029588352846576195,8.754706241620447e-06,0.00010625386438867235,-0.002978452072284796,8.871176746638731e-06,9.4072588927685e-05
492,4.998149101598237e-05,2.3727830094596076e-05,0.000231823814406081,0.0002080959843114849,-0.004634956880851212,2.1482825287244545e-05,0.00022200111340764384,0.005464887036309021,2.986499031987222e-05,0.00029234874644001874,-0.0044537259319108085,1.9835674676671466e-05,0.00018112158337058037
493,-3.2212830142003845,1.0,1.0,0.0,0.0,1.0,1.0,0.0,1.0,1.0,0.0,1.0,1.0
494,6.83507455767618e-05,1.33427943616408e-05,0.00020394937998728194,0.00019060658562564115,0.001021493130758388,1.0434482158316882e-06,0.00019374283857032104,0.0039324796113897305,1.546439589428239e-05,0.00027552557380572384,0.004849797828241733,2.3520538974808325e-05,0.00014257972758580095
495,8.242751868647868e-05,4.471679023835643e-05,0.0003157138152873514,0.0002709970250489949,0.0037165078377518037,1.381243050768699e-05,0.0002738734474030391,0.008710997564541578,7.588147856985028e-05,0.0003498116163922482,-0.006667567895182657,4.445646163753203e-05,0.00032345638206676686
496,-3.2212830142003845,1.0,1.0,0.0,0.0,1.0,1.0,0.0,1.0,1.0,0.0,1.0,1.0
497,4.529986670631647e-05,1.4827932700689495e-05,0.0001628749152387717,0.0001480469825380822,0.0011252071761176906,1.266091188223406e-06,5.3071864673626123e-05,-0.0047960876575268594,2.3002456819187778e-05,0.00022957383758193117,-0.004496137241499577,2.02152500946573e-05,0.0002059790434607578
498,6.745224876480993e-05,2.6259690783699458e-05,0.00014215187095423243,0.00011589218017053297,0.005375094261936256,2.8891638324868296e-05,0.00012575956482352435,-0.005887460694324552,3.46621934271818e-05,0.00010145244304515799,0.0039019534337543715,1.5225240599048284e-05,0.00019924360499401494
499,1.042091305913928e-05,3.96089036058811e-06,0.00032035057892458124,0.00031638968856399313,0.0017575280006190315,3.0889046730431247e-06,0.000242642940622817,-0.0028300379536743163,8.009114819573782e-06,0.00031004252295441237,-0.0008858056159688906,7.846515891474226e-07,0.0004083662731965143
500,6.224165924506586e-05,2.053987252426115e-05,0.00022215808648255267,0.00020161821395829152,0.0006890522374985076,4.74792986149275e-07,0.0001930917156608425,0.0009061114647787789,8.210379864870276e-07,0.00010392537413539404,-0.007766838906544721,6.0323786600147145e-05,0.0003694571696514215
501,0.00231755782313936,0.0011330775278154774,0.002394669641531788,0.0012615921137163106,-0.03460819396078108,0.001197727089226941,0.002188352517205505,0.04689166680102377,0.0021988284153778848,0.004198956555390709,-0.0016361781203963368,2.677078841606395e-06,0.0007966998519991497
502,-3.2212830142003845,1.0,1.0,0.0,0.0,1.0,1.0,0.0,1.0,1.0,0.0,1.0,1.0
503,0.0003411014367672438,6.69684543532408e-05,0.0005034562960078981,0.0004364878416546573,0.01029004090423516,0.00010588494181074104,0.0004013299641899559,-0.0020192313650326107,4.0772953054935e-06,0.00040040405887853403,-0.009536410537694594,9.094312594348786e-05,0.0007086348649552043
504,0.00436605758161579,0.0016448842884570676,0.00630350162472515,0.004658617336268082,0.05491608077965773,0.003015775928198128,0.009316127958601816,0.035142220348831965,0.001234975651046244,0.006043503842497855,0.026151506383514926,0.0006839012861268312,0.0035508730730757776
505,2.429444882345866e-05,1.9473376870656387e-06,0.0002997000429125392,0.0002977527052254736,0.002222743676625537,4.940589451774002e-06,0.000503391244256024,-0.00091185045012712,8.314712426349402e-07,9.395287417035547e-05,-0.0002644850978606292,6.995236678797312e-08,0.0003017560103112382
506,0.00022414311238205809,8.170711104460437e-05,0.0003648885174759216,0.00028318140643131723,-0.013901703501521688,0.00019325736024411455,0.0006635553336520328,0.0063601958576649,4.0452091347953356e-05,0.000304861391650868,-0.0033781476495082824,1.1411881541745217e-05,0.00012624882712486407
507,-3.2212830142003845,1.0,1.0,0.0,0.0,1.0,1.0,0.0,1.0,1.0,0.0,1.0,1.0
508,7.849880993782143e-06,2.4786057550111687e-06,0.0001611368926299391,0.00015865828687492794,-0.0004427077148572539,1.9599012068827193e-07,0.00020631675454041432,0.0025632337552427237,6.570167284225548e-06,0.00014624180326128222,0.0008183274773364833,6.696598601196868e-07,0.00013085212008812075
509,0.0002221645392486149,5.6898268832039633e-05,0.0002401595932283914,0.00018326132439635176,-0.002764077099681813,7.640122212437817e-06,0.00015908796830566008,-0.0018789979888866627,3.530633442605513e-06,8.108299850817513e-05,0.012630283086327793,0.00015952405084107557,0.00048030781287133895
510,0.00014924516641534602,2.1219569115678755e-05,0.0001534382658917218,0.00013221869677604303,-0.007185676026369364,5.163393995544219e-05,0.0001799316412789409,-0.0031053806949808945,9.643389261126956e-06,0.0001417468372295616,0.0015431714522076373,2.3813781304671267e-06,0.00013863631916666286
511,8.87332405413721e-05,2.3128898228900557e-05,0.00012207046452628045,9.89415662973799e-05,0.0019436964396283714,3.7779558493822307e-06,6.705734652057149e-05,0.0008936236323536415,7.985631964579909e-07,8.879740125677937e-05,-0.008050476733755448,6.481017564086144e-05,0.0002103566458014905
512,-3.2212830142003845,1.0,1.0,0.0,0.0,1.0,1.0,0.0,1.0,1.0,0.0,1.0,1.0
513,0.00019394893444291128,0.00010264573543790807,0.000246787098604484,0.00014414136316657594,0.008378979804093136,7.020730255768992e-05,0.00018029148954623597,0.010965443044070565,0.00012024094115292705,0.00028422201879463316,0.010839232565231349,0.00011748896260310726,0.00027584778747258287
514,2.3386595184082815e-05,2.8609385355945114e-06,8.835621406004061e-05,8.549527552444611e-05,-0.002489821672294504,6.199211959767581e-06,5.398506837084316e-05,0.00042889340854392543,1.8394955569878135e-07,3.705069955450835e-05,0.0014831230869742787,2.1996540913171714e-06,0.00017403287425477032
515,2.32214539046538e-05,4.556421074145926e-07,0.0001949232056274175,0.0001944675635200029,-0.00017546611414744978,3.0788357419098134e-08,0.00015782359534266543,0.0011359657519870636,1.2904181895256883e-06,0.0002898865670151185,0.00021382183130877995,4.5719775298991294e-08,0.00013705945452446855
516,0.00030540609950036046,0.00013649879966515233,0.0003518555334862672,0.00021535673382111487,-0.01540995158225794,0.00023746660776735595,0.0005991844418277159,0.009584312392634813,9.185904403952172e-05,0.0002704884744680891,-0.008953811880354353,8.01707471885793e-05,0.00018589368416299656
517,5.797353003067496e-05,1.6326076456222676e-05,0.00010389419824722672,8.756812179100404e-05,0.0026435620107028938,6.988420104159232e-06,0.00012353226015504593,-0.0064140887065375195,4.11405339355575e-05,0.00015946979831360508,0.000921561353844315,8.492753289512933e-07,2.8680536273029134e-05
518,0.0002876275559680064,0.000111131939040221,0.0002673683115198185,0.00015623637247959749,-0.005307566057780288,2.817025745760482e-05,0.00020790151094740583,-0.008900120516688922,7.921214521167119e-05,0.00026398635556812433,0.015033742529779437,0.000226013414451387,0.00033021706804392537
519,-3.1408647832742416,2.9474014370589607e-05,0.0001606325625631566,0.000131158548192567,-0.005428997547586748,2.947401437114472e-05,0.0001606325625630456,0.005428997547586753,2.947401436925734e-05,0.00016063256256249048,0.005428997547586746,2.9474014371366763e-05,0.00016063256256393377
520,3.7198774883728802e-06,1.1199951722717927e-06,0.00029203041365459076,0.00029091041848231897,0.00011433472957933785,1.3072430471439134e-08,0.00018088041359931584,-0.0005088444854825011,2.589227102722802e-07,0.00026323290603413874,-0.001757267872584434,3.0879903760716587e-06,0.00043197792133031765
521,0.000202407835611651,6.435030676299469e-05,0.00040464485806335215,0.00034029455130035746,0.01003378969800656,0.00010067693570348091,0.000357369451991274,-0.00027905831772835084,7.787354472377217e-08,0.0002894253965985971,0.009607086501165353,9.22961110407794e-05,0.0005671397256001853
522,7.695232235360727e-05,3.8168141217820306e-05,0.00019962842345215096,0.00016146028223433065,0.00568333838125775,3.230033515699837e-05,0.0001984643380579243,-0.00794172388158328,6.307097821045549e-05,0.0003342944416957483,0.004374141091179623,1.913311028600706e-05,6.612649060278031e-05
523,-3.2212830142003845,1.0,1.0,0.0,0.0,1.0,1.0,0.0,1.0,1.0,0.0,1.0,1.0
524,0.00012164073190790159,4.104489990168029e-05,0.00023332435667759258,0.0001922794567759123,-0.010349604693733314,0.00010711431731635912,0.00024993966598430006,0.001377326831822364,1.897029201503031e-06,0.00018825152834878178,-0.0037581049994758107,1.4123353187178722e-05,0.0002617818756996959
525,-3.2212830142003845,1.0,1.0,0.0,0.0,1.0,1.0,0.0,1.0,1.0,0.0,1.0,1.0
526,9.814417199949244e-05,2.828674457681461e-05,0.00023348168252205573,0.00020519493794524113,-0.009112026394678535,8.30290250174448e-05,0.0003015525832884558,0.0003115693993314535,9.707549064597032e-08,0.00020199993992642273,-0.0013168649219159297,1.7341332223530515e-06,0.00019689252435128868
527,0.00014333752404716016,5.38068108248968e-05,0.0002191396198022814,0.0001653328089773846,-0.0038188723008525756,1.4583785650224002e-05,0.0002726074635944764,-0.002039061396454765,4.157771378299202e-06,0.00011503606242946329,-0.01194482630455561,0.0001426788754461672,0.0002697753333829045
528,9.252188939101735e-05,3.6960359062236194e-05,0.000280086454348442,0.0002431260952862058,0.0067758144190112725,4.5911661040731744e-05,0.00027922194943741374,-0.00792971304461161,6.28803489698404e-05,0.00023503721198347982,0.0014453605695201887,2.0890671761364388e-06,0.00032600020162443233
529,8.953021081059553e-06,3.437769198200158e-07,0.00015969199101454704,0.00015934821409472702,-0.0006695620870104896,4.4831338885664707e-07,0.00015167518848357986,-0.0001700526471585171,2.891790229497815e-08,0.0001882203180393338,0.0007443785784133232,5.540994683084222e-07,0.00013918046652072746
530,1.88998375406646e-05,7.65561320855331e-07,0.000264185751822595,0.0002634201905017397,0.0012810424906551244,1.641069863222988e-06,0.00036157947685377945,0.0008094612095948047,6.552274496307575e-07,0.0003190027403415785,1.9663404461899636e-05,3.8664971224733335e-10,0.00011197503827242716
531,0.0002724747979028219,0.00011035080409671494,0.0002719713068051928,0.0001616205027084779,0.005758111101780149,3.31558434606416e-05,0.0001571410180578603,0.015619703822456477,0.0002439751475016294,0.00047214157237951415,-0.007343120680432765,5.392142132787381e-05,0.00018663132997820409
532,4.388749123118707e-05,1.6532205083056677e-05,0.00014777448055262413,0.00013124227546956746,-7.174620689432043e-05,5.147517745385244e-09,5.691646972949549e-05,-0.005199893050316287,2.703888773458729e-05,0.00022480304057481693,-0.004748955674377508,2.2552579996837352e-05,0.00016160393135356
533,0.00010551439822681363,1.756726425076553e-05,0.00024314305168571249,0.00022557578743494697,-0.004206052035743603,1.7690873727049805e-05,0.00023594408114224752,-0.0035901174069117303,1.2888942995559205e-05,0.0002483280378879904,0.0047034004751908675,2.2121976029687573e-05,0.00024515703602689953
534,-3.211127961539571,6.716976606883455e-05,0.00025597406596670574,0.00018880429989787118,0.008195716324336568,6.716976606813141e-05,0.00025597406596589156,0.008195716324336563,6.716976606879754e-05,0.0002559740659664467,0.008195716324336565,6.71697660695747e-05,0.00025597406596777894
535,2.3103365951571142e-05,1.8650994750809186e-05,0.00012700804004872612,0.00010835704529791694,-0.0045755519348979696,2.0935675509203833e-05,0.00012667683010270103,0.004180450167079621,1.7476163599150496e-05,0.00012515786297540021,-0.004188215030744166,1.7541145144073234e-05,0.00012918942706807712
536,1.495140598406497e-05,1.1518192965705628e-05,0.00014717577211331712,0.00013565757914761148,-0.0034918275724757763,1.2192859795590039e-05,0.00012540407212835447,-0.003053297462010216,9.32262539132811e-06,0.00018994646448955432,-0.0036109685279669206,1.3039093710198735e-05,0.00012617677972204255
537,0.0001360766312873407,5.209850060402162e-05,0.00017187018015426178,0.00011977167955024015,0.004827580700622104,2.330553542129188e-05,0.00027331291241305955,0.010220533984745891,0.00010445931493330285,0.00015871014188728605,0.005341409126559642,2.8530651457470135e-05,8.358748616243972e-05
538,0.0001194839792031388,5.0700588946036205e-05,0.0003719015793430443,0.0003212009903970081,-0.0014046038935648392,1.9729120976919035e-06,0.00023927112174049192,0.010748216088568756,0.00011552414908666542,0.00046533231127898755,-0.005882576446933522,3.460470565375129e-05,0.00041110130500965347
539,-3.1837596811179925,3.319344741477733e-06,0.00010236724298606781,9.904789824459008e-05,-0.0019889343616032724,3.955859893878255e-06,0.0001018943894791624,-0.0020020598209815354,4.008243527531263e-06,0.00010205060216195161,0.0014120661469269587,1.99393080302368e-06,0.00010315673731708941
540,0.00026694598465426544,3.843545919039274e-05,0.00017451574293259053,0.0001360802837421978,-0.0073383247884712495,5.3851010701322366e-05,0.00018884330500901214,-0.00426329704874846,1.81757017255757e-05,0.0001539243256208911,-0.006578728231516514,4.3279665144280166e-05,0.00018077959816786837
541,0.6968830237400949,0.23512486759501952,0.7928506158464129,0.5577257482513934,-0.7873891342495781,0.6199816487343004,0.8383046571221838,-0.28632086425897557,0.08197963731000679,0.7763708637211834,0.05842359746498947,0.0034133167407514042,0.7638763266958716
542,-3.2212830142003845,1.0,1.0,0.0,0.0,1.0,1.0,0.0,1.0,1.0,0.0,1.0,1.0
543,1.8200842188287325e-05,4.865267405914271e-06,0.00029706112942255264,0.0002921958620166384,0.0002743205097686196,7.525174194888962e-08,0.00032678165669830506,0.001195604514117793,1.4294701541350818e-06,0.0002850962725072792,-0.0036181597977141275,1.3091080321658843e-05,0.0002793054590620736
544,-3.1532813849181363,3.883260720686603e-06,0.00015798958933869547,0.00015410632861800888,-0.00197059907664947,3.883260720760617e-06,0.00015798958933854745,0.0019705990766494697,3.8832607200944835e-06,0.0001579895893387695,0.001970599076649471,3.8832607212047066e-06,0.0001579895893387695
545,0.0001294502235980044,6.534701569664107e-05,0.00015811892148613152,9.277190578949045e-05,0.008652565157737404,7.486688380820006e-05,0.00018594720497644435,0.0077625006969584,6.025641707019247e-05,0.00014722485152762754,0.007804982140387338,6.091774621153068e-05,0.0001411847079543227
546,0.0001353644974355639,3.757361224532296e-05,0.00021631076623814435,0.0001787371539928214,0.009860415037995469,9.722778472132099e-05,0.00021270492069580538,0.0002530457367442483,6.403214536376822e-08,0.00018843545709723575,0.003927979107544046,1.5429019869284133e-05,0.0002477919209213919
547,8.470734558485571e-05,2.4582063796814897e-05,0.00011440334152264715,8.982127772583226e-05,0.005261633276044463,2.7684784731363266e-05,0.00011837311630114034,0.004187903063077243,1.753853206543088e-05,9.646427450582529e-05,-0.00534068109831049,2.852287459365055e-05,0.00012837263376097585
548,5.6410544405416374e-05,1.636584207824014e-05,0.00014436136954539455,0.00012799552746715442,0.003535997026273657,1.2503274969599687e-05,0.00015002617228376813,0.004434921440920268,1.9668528186911338e-05,5.490649672101888e-05,-0.004114088365371122,1.6925723078209387e-05,0.0002281514396313966
549,0.00010842760419449426,3.7843380535954964e-05,0.00015174463463267043,0.00011390125409671548,-0.007836521409490671,6.141106780133132e-05,0.00021577742106926312,-0.006842366570920395,4.681798029071427e-05,7.74090434997321e-05,-0.002302410370874277,5.301093515819311e-06,0.0001620474393290161
550,0.00011714715631483408,5.4281477192182535e-05,0.00035356080009933216,0.00029927932290714965,0.0013106608496061178,1.7178318628685574e-06,0.00044165996056189094,-0.009056297303272317,8.201652084438571e-05,0.00032241395597065736,-0.008894384681868,7.911007886929333e-05,0.00029660848376544813
551,-3.2212830142003845,1.0,1.0,0.0,0.0,1.0,1.0,0.0,1.0,1.0,0.0,1.0,1.0
552,0.0001654108064114146,5.186959688393185e-06,0.0001446089297328923,0.0001394219700444991,-0.0024926299110965664,6.21320387383939e-06,0.00014912788703103086,0.0017842509536423199,3.1835514650024876e-06,0.00013934319051145394,-0.002482765338515305,6.164123726337678e-06,0.0001453557116561921
553,0.0002348588244778238,0.00010496678336006464,0.0002712423400707727,0.00016627555671070804,-0.011197313200703081,0.00012537982291405125,0.00033139242710467087,0.013544944887642572,0.00018346553200887517,0.0002788940971503173,-0.002460689975884478,6.054995157267484e-06,0.00020344049595732994
554,0.00021633961631439824,3.102277522685585e-05,0.00020312562459852876,0.00017210284937167292,0.0025886775653376866,6.7012515375663995e-06,0.0001835220810885163,-0.006811485869409167,4.6396339749454896e-05,0.00019010192232893353,-0.006322241247606569,3.997073439354626e-05,0.00023575287037813641
555,-3.052536244541338,1.5806511495982296e-06,0.00016512844774866733,0.0001635477965990691,0.0012572394962253209,1.5806511495242148e-06,0.00016512844774818625,0.0012572394962253209,1.5806511490801256e-06,0.00016512844774829727,-0.0012572394962253202,1.5806511501903486e-06,0.00016512844774951851
556,0.00025795092285563204,0.00013497074773283213,0.00040864148505448394,0.0002736707373216518,-0.007082377414545213,5.0160069842042354e-05,0.000329723344429822,-0.012417446090806852,0.00015419296741814303,0.0005345178095996772,0.014161892738552522,0.000200559205938311,0.00036168330113395264
557,0.00022832468948719153,0.00021678778960454448,0.0006306063733362288,0.00041381858373168434,0.014743996549130492,0.00021738543423999168,0.000601365690318767,-0.014694044436845428,0.00021591494191197658,0.0006466743047333079,0.014733057817784577,0.00021706299266166518,0.0006437791249566116
558,-3.2212830142003845,1.0,1.0,0.0,0.0,1.0,1.0,0.0,1.0,1.0,0.0,1.0,1.0
559,1.549378515852684e-05,1.6633948200691269e-06,0.00020373548514166875,0.00020207209032159962,-0.0014578956423238693,2.1254597041275858e-06,0.00020045942664248528,-0.0016915148491897518,2.861222484829007e-06,0.00015918085965938022,-5.9179988647145274e-05,3.5022712507881693e-09,0.0002515661691231408
560,0.0004555233466846387,0.00011672406318152806,0.0005528479929211386,0.00043612392973961056,0.006210465107942658,3.8569876856908714e-05,0.00019526389101165442,-0.015520951915819462,0.00024089994837339646,0.0007817170358302983,0.008408469796239678,7.070236431427901e-05,0.0006815630519214633
561,0.0001996901825193076,5.273716706318451e-05,0.00020393915750989885,0.00015120199044671434,0.0074801140675656045,5.5952106463919016e-05,0.00021944627029679697,-0.010105240410723247,0.00010211588375874658,0.0003222113518038805,0.00037882841340573954,1.4351096688791642e-07,7.015985042901907e-05
562,0.004775089661557708,0.001584616184611587,0.0025143513575835628,0.0009297351729719758,0.031352509284614326,0.0009829798384416444,0.0013323725485639981,-0.008071976136518345,6.51567987484114e-05,0.0004366862805341709,-0.06087455886201345,0.003705711916644705,0.005773995243652519
563,0.0001945109633590958,5.480860180802812e-05,0.00020690554667805264,0.0001520969448700245,0.012526724587175294,0.00015691882888302366,0.00029134929145224753,-0.0013576037878445229,1.8430880447395381e-06,0.00018591847339877177,-0.0023798925387656087,5.663888496321157e-06,0.00014344887518313865
564,-3.2212830142003845,1.0,1.0,0.0,0.0,1.0,1.0,0.0,1.0,1.0,0.0,1.0,1.0
565,2.798052959207542e-05,6.232949778676537e-06,0.00022136701703634465,0.00021513406725766812,0.003916590090172256,1.5339677934544937e-05,0.0003298718170153814,0.0012154790567313015,1.4773893373121183e-06,0.0001702737117253994,-0.0013717806179856847,1.8817820641725547e-06,0.00016395552236825317
566,2.6070701111047256e-05,6.7056841863699646e-06,0.0002683811504567239,0.00026167546627035393,0.0014129441262181644,1.996411103766249e-06,0.0002077781430839254,-0.003912349579926147,1.5306479235421833e-05,0.0004944643292348339,-0.0016775464881056963,2.814162219921812e-06,0.00010290097905141238
567,1.3232870229584748e-05,2.19041066795711e-06,0.0001146366004942297,0.0001124461898262726,0.002274359353609338,5.172710469292241e-06,0.00013752849429216063,0.00020886631523292406,4.362513728040085e-08,0.00011366371698051658,0.001164000170832977,1.3548963972986883e-06,9.271759021001191e-05
568,-3.2212830142003845,1.0,1.0,0.0,0.0,1.0,1.0,0.0,1.0,1.0,0.0,1.0,1.0
569,8.251928748193027e-05,3.091810736329433e-05,0.0007587564351309769,0.0007278383277676825,-0.0019359482452683504,3.747895608308127e-06,0.0002903378713094984,0.00905362325279039,8.196809400362604e-05,0.0009728523414885837,-0.0026529855781723998,7.038332477948828e-06,0.0010130790925948485
570,8.879236752334929e-05,2.585240728373665e-05,0.00028667565369918285,0.0002608232464154462,-0.004500472568682631,2.0254253341733808e-05,0.0004889513644134036,-0.0027558206955116647,7.5945477061578615e-06,0.0002446018169566244,-0.007050419902718338,4.9708420803318276e-05,0.0001264737797275206
571,2.5878398666301372e-05,8.231437610491573e-06,0.0003943477046813489,0.00038611626707085733,0.0007227425136602519,5.223567411949404e-07,0.0004051276238918877,-0.00016875216186853508,2.847729196897575e-08,0.0002229051016768846,-0.004913601408159017,2.4143478798310802e-05,0.0005550103884752744
572,0.00017449880787168137,0.00011885356667973301,0.0002983867036257341,0.0001795331369460011,-0.013109794624313978,0.00017186671509172857,0.0003876777491590433,0.007457660877928442,5.561670577036715e-05,0.0001702206340514767,0.011361218208316287,0.00012907727917710332,0.0003372617276666823
573,0.00014814070650315259,4.8862442988221545e-05,0.00034043433027057074,0.0002915718872823492,-0.01101662503391562,0.00012136602713774813,0.0005900124986698563,-0.0048874173258835136,2.388684811738262e-05,0.00035060644825746223,0.0011551855735974447,1.3344537095338893e-06,8.068404388439365e-05
574,0.00011137378883907534,4.8749303705649304e-05,0.00028230523769064614,0.00023355593398499683,0.00668065348486161,4.463113098573945e-05,0.00028843414985990634,-0.007103819126897786,5.046424618748713e-05,0.00028190436894537374,-0.007152099967417576,5.115253394372132e-05,0.0002765771942666584
575,0.00010080611759855085,2.8114007277868502e-05,0.000181907199976461,0.00015379319269859248,-0.007599468948455499,5.7751928298377386e-05,0.00022053389645604327,-0.004865892160751179,2.3676906519942698e-05,0.00021814878976866847,-0.0017068060860998696,2.9131870152854233e-06,0.00010703891370467122
576,0.00015899818548226197,7.671057687593426e-05,0.00031265020646205804,0.0002359396295861238,-0.01098917736360095,0.00012076201912814,0.0003347494632536252,-0.007647180650809856,5.847937190595065e-05,0.0003043889436451508,0.00713374653273994,5.089033959371214e-05,0.0002988122124873982
577,0.00021338630333300745,4.428330419614657e-05,0.0006861259628634006,0.000641842658667254,-0.003978073685437265,1.5825070246666684e-05,0.0004458809524477969,0.007257258528303664,5.2667801346606424e-05,0.0013124568276892123,0.008022284026088504,6.435704099516659e-05,0.0003000401084531923
578,0.00015707340043813467,4.4200493940567874e-05,0.00016404107530854084,0.00011984058136797296,0.007445817641327892,5.5440200348089164e-05,9.904175047004138e-05,0.004729519901966616,2.236835850311092e-05,0.00011117011348316108,-0.007402224190799139,5.479292297050353e-05,0.00028191136197242006
579,0.00032690923254852233,8.034519617465079e-05,0.0016020028798724069,0.001521657683697756,-0.005936761442240872,3.524513642194638e-05,0.0020815436271809373,0.0017747707104871385,3.1498110745209473e-06,0.001638144738064784,0.014235190235027296,0.00020264064102748502,0.0010863202743714995
580,0.0010329606263899116,0.00044584168652691175,0.0009818240848192827,0.000535982398292371,-0.029646350769992256,0.0008789061139772292,0.0012503569541230108,0.021176993757170314,0.0004484650645913968,0.0015722990212527765,-0.0031865154969267623,1.0153881012109345e-05,0.00012281627908206083
581,-3.2212830142003845,1.0,1.0,0.0,0.0,1.0,1.0,0.0,1.0,1.0,0.0,1.0,1.0
582,-3.2212830142003845,1.0,1.0,0.0,0.0,1.0,1.0,0.0,1.0,1.0,0.0,1.0,1.0
583,7.627868079451705e-05,6.371676281916964e-05,0.00016765897926436976,0.00010394221644520012,0.00811858881400988,6.591148433066074e-05,0.00017179026070179848,0.008134648630403035,6.617250834073385e-05,0.0001761289413934053,-0.007685460024289085,5.906629578611433e-05,0.00015505773569790549
584,-3.2212830142003845,1.0,1.0,0.0,0.0,1.0,1.0,0.0,1.0,1.0,0.0,1.0,1.0
585,2.6019694206125266e-05,8.091084484407318e-06,0.00022869385959726576,0.00022060277511285845,0.00015782618967574233,2.4909106000059467e-08,0.00028564010684517527,1.843832334599176e-05,3.399719394892031e-10,0.00028260851537453835,0.004924226271779727,2.4248004375282406e-05,0.0001178329565720837
586,0.00014626215742985504,2.117494014390135e-05,0.0002422311946436162,0.00022105625449971486,-0.0017421743647524854,3.035171517229429e-06,0.0001461423505420001,-0.0022061117238678933,4.866928938307424e-06,0.0003264156033707666,-0.007458064090376269,5.562271997616719e-05,0.0002541356300180819
587,0.0001736674863684895,6.119185323457306e-05,0.0001844731598045953,0.00012328130657002223,-0.006507997371368402,4.2354029785696135e-05,0.0002453267384394664,0.000358950560881365,1.2884550482095136e-07,3.407404854094409e-05,0.01187824416373194,0.0001410926844132021,0.0002740186924333754
588,-2.9262641602966193,5.258855749379343e-05,0.00017557118777751976,0.00012298263028372633,-0.007251796845849934,5.2588557493571386e-05,0.00017557118777733471,-0.007251796845849936,5.2588557493460364e-05,0.0001755711877772237,0.007251796845849926,5.258855749434854e-05,0.00017557118777800085
589,5.769618610029781e-05,3.220732352796999e-05,0.0001654487221582901,0.0001332413986303201,-0.007270787615016182,5.2864352542369986e-05,0.00010668894666154838,-0.0024501399794103046,6.003185918701526e-06,0.00022397535319806927,-0.006144463534170166,3.7754432122838466e-05,0.00016568186661525264
590,5.631321751542462e-05,1.812109199502328e-05,0.0004448312457049723,0.000426710153709949,-0.0033779678467753035,1.1410666773792322e-05,0.00015094371705570708,-0.0037040029077043796,1.371963754026595e-05,0.0007488576273717573,-0.0054067524144426615,2.9232971671011576e-05,0.0004346923926874524
591,0.00042783275423596834,0.00011371570823607662,0.0004392376510494363,0.00032552194281335967,0.013787007044696464,0.00019008156325039938,0.0004581515271585568,-0.0006131109376126815,3.7590502177664575e-07,0.00023161167253737958,-0.012275571531947558,0.0001506896564360538,0.0006279497534523726
592,0.00012871804955516541,5.394836219026663e-05,0.00016008917720818547,0.00010614081501791883,-0.0044928596986603085,2.0185788271454008e-05,0.0001014660708154036,-0.005982930484223866,3.5795457179021994e-05,9.515278252480996e-05,-0.010289015556423605,0.00010586384112032388,0.0002836486782843428
593,-3.2212830142003845,1.0,1.0,0.0,0.0,1.0,1.0,0.0,1.0,1.0,0.0,1.0,1.0
594,8.049055041869924e-05,1.5390852010558714e-05,0.00028612629162501807,0.00027073543961445934,0.00537441746814892,2.8884363122316792e-05,0.0003805760450993345,-0.0033759346744775044,1.1396934926466429e-05,0.0001367455300990139,0.002427191377502558,5.891257982892917e-06,0.00034105729967670584
595,0.00014383923097815998,1.619270739239287e-05,0.00021194695064752356,0.0001957542432551307,0.0029154003669234134,8.499559299379733e-06,0.00022201068422322834,-0.004036126538821151,1.6290317437550605e-05,0.00021815586836682055,-0.00487731949334485,2.3788245440248268e-05,0.00019567429935252179
596,0.0001986871937419421,8.351347499561494e-05,0.00020871743829431466,0.0001252039632986997,-0.012767219471353074,0.00016300189302964618,0.000297282071022531,-0.0024810798431462713,6.155757187986666e-06,0.00018602446662541183,-0.009021240201257243,8.138277476921196e-05,0.00014284577723500114
597,-2.99192516420043,2.213547037666075e-06,0.00016541648439786597,0.0001632029373601999,0.0014877993942878057,2.2135470372219856e-06,0.00016541648439760692,0.0014877993942878052,2.213547037333008e-06,0.00016541648439760692,0.001487799394287805,2.213547038443231e-06,0.00016541648439838408
598,2.062821503590051e-05,5.6183906799918875e-06,0.0001652755785945074,0.0001596571879145155,-0.003016889824873605,9.101624215634985e-06,7.73520054095922e-05,-0.0026153926692673,6.840278814812528e-06,2.38945176658234e-05,-0.0009556510920606501,9.132690095281504e-07,0.0003945802127081066
599,8.300810180017493e-05,3.018967881285306e-05,0.0005536464107342246,0.0005234567319213715,0.0071090149854734636,5.05380940639677e-05,0.0005679647114035236,-0.006088146498985953,3.706552779336736e-05,0.0008248724674984054,-0.001722037915143953,2.965414581224124e-06,0.000268102053300745
600,0.00014151071840484697,7.826087801402852e-05,0.00031504207194454903,0.0002367811939305205,-0.00695519484784665,4.837473537100401e-05,0.00020509177684624458,-0.011820147998219137,0.00013971589870054313,0.00042097483473357844,0.006833154467083527,4.669199997053841e-05,0.00031905960425382407
601,0.0001633809451909718,5.479244686490414e-05,0.0002698778511729394,0.00021508540430803524,-0.011624528329715415,0.00013512965888828887,0.0002371999999110086,0.0017463238219227154,3.0496468909069208e-06,0.00037444405486419807,0.00511840158795321,2.6198034815516635e-05,0.0001979894987436115
602,-3.2212830142003845,1.0,1.0,0.0,0.0,1.0,1.0,0.0,1.0,1.0,0.0,1.0,1.0
603,0.00012488784985020818,2.005924873397606e-05,0.00012045308649473914,0.00010039383776076308,0.002213606004712676,4.900051544409756e-06,0.00013700754594159203,0.000858533974963331,7.370805854556295e-07,0.00011625574529172678,0.007385161749883817,5.454061407206279e-05,0.00010809596825089862
604,-3.2212830142003845,1.0,1.0,0.0,0.0,1.0,1.0,0.0,1.0,1.0,0.0,1.0,1.0
605,-3.2212830142003845,1.0,1.0,0.0,0.0,1.0,1.0,0.0,1.0,1.0,0.0,1.0,1.0
606,0.001800886930208967,0.000423912164696838,0.001345049326299197,0.0009211371616023589,0.0033510746179904443,1.1229701095460953e-05,0.0015540228169935721,-0.03546386056145863,0.0012576854059225262,0.0013114711949981928,0.0016796985064652143,2.821387072526882e-06,0.001169653966905826
607,0.005517379550124768,0.0047223161981150286,0.0071766676340525954,0.002454351435937567,0.07121305919716481,0.00507129980021892,0.0072847431194854595,0.06419732271058445,0.004121296243206896,0.006651120373823205,0.07052909010414904,0.00497435255091927,0.007594139408849121
608,3.9804543210952836e-05,1.1318901515067203e-05,0.00016244366602284158,0.00015112476450777437,-0.003254074351686687,1.0588999886484984e-05,0.0002161356083625332,0.003863889817499632,1.4929644521988195e-05,0.00014889286917163513,-0.0029048339258858614,8.438060136728431e-06,0.00012230252053435642
609,-2.9918093421120577,1.4256292849938271e-08,0.0002077717521008493,0.00020775749580799938,0.0001408812627116289,1.9847530952077364e-08,0.0002892586607600167,0.00014712066553509477,2.1644489311967163e-08,0.00031544762487911715,3.5733143675670724e-05,1.2768582857702881e-09,1.860897066341405e-05
610,-3.05962738164893,6.687961638570291e-07,0.00016116806542076922,0.00016049926925691219,-0.0008177995863370453,6.68796163338925e-07,0.0001611680654201031,-0.0008177995863370446,6.68796164449148e-07,0.0001611680654212133,0.0008177995863370449,6.687961637830142e-07,0.00016116806542099127
611,0.0006326156476159639,0.00020669994922332494,0.0006619147934312138,0.00045521484420788893,0.024704935937412822,0.0006103338596716856,0.0012407941913017417,0.0026035742336409456,6.77859878983611e-06,0.0003547033902244756,-0.0017284065518605013,2.987389208453095e-06,0.0003902467987674241
612,7.341901453017385e-05,2.3509770076368675e-05,0.00024854922823229025,0.00022503945815592158,0.005292014293495104,2.8005415282250645e-05,0.00032972522092555856,-0.006374669639042041,4.063641300700027e-05,0.0002815946744775255,0.001373856593628081,1.8874819398551068e-06,0.00013432778929378664
613,-3.2212830142003845,1.0,1.0,0.0,0.0,1.0,1.0,0.0,1.0,1.0,0.0,1.0,1.0
614,-3.2212830142003845,1.0,1.0,0.0,0.0,1.0,1.0,0.0,1.0,1.0,0.0,1.0,1.0
615,5.769031080293807e-05,1.5513619014121776e-05,0.0002529355019496027,0.00023742188293548092,-0.0032545516644310983,1.0592106537310464e-05,0.00037593778786304544,0.004527547905964877,2.0498690039727485e-05,0.0002154928552382529,-0.003930656493082674,1.5450060465327375e-05,0.0001673758627475097
616,2.368444850098239e-05,6.579027188110172e-06,0.00028259612497194553,0.0002760170977838354,-0.0024159988592523354,5.837050487955686e-06,0.0003458034209492533,0.003440683417933032,1.183830238249417e-05,0.0001735370066562325,0.0014358721021914779,2.06172869388066e-06,0.00032844794731035076
617,6.057290498151513e-05,6.886296620563688e-06,0.0003373566584442174,0.00033047036182365375,1.1885998295337709e-05,1.4127676806197087e-10,0.00032542012784742,0.0013952190158913655,1.94663610220136e-06,0.00019053980365124623,-0.004325749932993537,1.8712112482721643e-05,0.000496110043833986
618,0.0005773737416172597,0.0002224257671357884,0.0009298436314786699,0.0007074178643428815,-0.016164256281792664,0.0002612831811437122,0.0016862299207148768,-0.012300149614964081,0.00015129368055011305,0.0004945367132739298,-0.015959337069980633,0.00025470043971353995,0.0006087642604472032
619,3.805217214769563e-06,1.2196851601290841e-06,0.00035154775825863016,0.00035032807309850106,0.00046312234136423517,2.1448230302922866e-07,0.00042092993337250473,-0.0011959196460525024,1.4302237996144385e-06,0.00035202053634530994,-0.0014192777663982474,2.014349377743585e-06,0.0002816928050580758
620,2.965839916690971e-05,2.265182321474028e-05,0.00027187530991246156,0.00024922348669772126,-0.005088976767162782,2.5897684536646537e-05,0.0002055861809565629,0.004418483030922086,1.9522992294129793e-05,0.0003185017899696163,-0.0047470825580450075,2.2534792813444504e-05,0.0002915379588112055
621,4.792553968635538e-05,2.0507940584946205e-05,0.00046771697889569364,0.00044720903831074743,0.003125709237156474,9.770058235547552e-06,0.0004868527682861945,-0.0061009133757933395,3.7221144019050634e-05,0.00036683903831569165,0.003812167296985923,1.4532619500240429e-05,0.0005494591300851948
622,0.00029412085986357805,0.00011772855017755379,0.0008056341953897039,0.0006879056452121501,0.009788738447324696,9.581940039016246e-05,0.001102984842787369,0.015617656949143398,0.00024391120858124893,0.0008432899373308489,-0.003668111443394084,1.3455041561249992e-05,0.00047062780605089394
623,-3.112065713263701,1.6367188115595788e-05,0.00016391838858402044,0.00014755120046842465,0.004045638159211838,1.6367188114041475e-05,0.00016391838858265118,-0.004045638159211833,1.6367188116372944e-05,0.0001639183885847606,0.004045638159211834,1.6367188116372944e-05,0.00016391838858464958
624,0.00011649020779502806,4.102894520589354e-05,0.00021436211606214636,0.00017333317085625283,0.008279517110573311,6.855040358422215e-05,0.0002600741976958032,0.007209391989510042,5.197533285872247e-05,9.394657100947335e-05,-0.0016003434552104062,2.5610991747360146e-06,0.0002890655794811625
625,4.103873405869596e-05,1.1777045280029578e-05,0.00032036680784105115,0.00030858976256102155,-0.0016600074232117352,2.755624645578436e-06,0.00021256971794303414,-0.002477224032224295,6.136638905362979e-06,0.00020962885066355685,-0.005141874394504549,2.643887228914732e-05,0.0005389018549165625
626,0.00011007006467567138,9.067875403871255e-05,0.0002121323457703328,0.00012145359173162025,0.009408794239145958,8.852540903447892e-05,0.00021185481232643966,0.009327449358492028,8.700131153505097e-05,0.00020899644833116682,-0.009823926992133816,9.650954154660774e-05,0.00021554577665339192
627,9.572892548925793e-05,7.141715601011178e-06,0.00023765200237317133,0.00023051028677216015,-0.00026915870642002656,7.24464093160293e-08,0.0002822951819813069,-0.003464827437487741,1.2005029171535675e-05,0.0003509750173109616,0.00305739615069201,9.34767122218183e-06,7.968580782724555e-05
628,9.214539865487481e-05,2.968163410802897e-05,0.00017624357648863645,0.0001465619423806075,-0.00217676959026576,4.738325848574476e-06,0.00016502513388405582,0.00892413646678781,7.964021167794488e-05,0.0001728192384260474,0.0021601770294264137,4.666364797567546e-06,0.00019088635715580615
629,2.591176995414557e-06,3.7018124972772647e-08,0.0001320718668779882,0.0001320348487530154,5.373705556203369e-05,2.887671546325521e-09,0.00016044168597417752,9.097398294507968e-05,8.276265672790828e-09,0.0001316949754367469,-0.0003160544845106244,9.989043769920158e-08,0.00010407893922304012
630,-3.2212830142003845,1.0,1.0,0.0,0.0,1.0,1.0,0.0,1.0,1.0,0.0,1.0,1.0
631,6.210997265754248e-05,2.9732869725592376e-05,0.00012595950054154295,9.622663081595058e-05,0.00521705819032884,2.7217696161985216e-05,0.00012065934931471123,-0.006882722016039993,4.737186234982094e-05,0.00015264127458580745,-0.003822178784977712,1.460905066497098e-05,0.0001045778777241102
632,-3.2212830142003845,1.0,1.0,0.0,0.0,1.0,1.0,0.0,1.0,1.0,0.0,1.0,1.0
633,5.8342752491391536e-05,4.49494054099997e-06,0.00022845808007310175,0.00022396313953210178,0.0025954649783966545,6.7364384543910916e-06,0.0002522920609021595,0.002472808585130027,6.1147822981721944e-06,0.00024167172352418387,0.0007959904965575656,6.336008704366236e-07,0.0001914104557929619
634,0.00012421068308143823,3.9202074247901564e-05,0.0002472439278473256,0.000208041853599424,0.003519466917483879,1.2386647383455518e-05,0.00034071961443227217,-0.009677553910375525,9.365504968816829e-05,0.00032673959055418145,0.003400665474914732,1.1564525672080883e-05,7.427257855552316e-05
635,4.3722182676342314e-05,1.220099399190655e-05,0.000129300501751195,0.00011709950775928846,0.0007402170969244129,5.479213505132918e-07,0.0001409653328234839,0.005982436225822349,3.5789543195940965e-05,9.429869257959744e-05,-0.0005152838336509272,2.655174292653939e-07,0.0001526374798505037
636,0.002610435010986012,0.0011461114523264222,0.0033554840577465495,0.0022093726054201275,-0.03049013197287305,0.0009296481477233387,0.002723473155068601,0.02292870476106796,0.0005257255020202356,0.0024828565860476326,0.04453044696873587,0.0019829607072356925,0.004860122432123415
637,3.790510607626363e-05,9.117520802718696e-06,8.090592515493562e-05,7.178840435221692e-05,-0.0018610072788761073,3.463348091981011e-06,7.612340252050043e-05,-0.004518225442970458,2.0414361153742178e-05,5.729602201898221e-05,-0.0018640958027788194,3.4748531624329004e-06,0.00010929835092532425
638,-3.2212830142003845,1.0,1.0,0.0,0.0,1.0,1.0,0.0,1.0,1.0,0.0,1.0,1.0
639,9.947408197574781e-05,3.77802736603409e-05,0.00025249417900182386,0.00021471390534148296,-0.006116169094752278,3.7407524395627334e-05,0.0002615465882214174,-0.007543463379235803,5.690383975365254e-05,0.0002209271674753488,0.004362276565263551,1.902945683174284e-05,0.00027500878130870543
640,5.547791228321941e-05,8.884095861527719e-06,0.00021236136786295656,0.00020347727200142884,0.003247500947005871,1.0546262400712436e-05,0.00017025141594306792,-0.003201038723033492,1.0246648906031552e-05,0.0003808424961856405,0.002420614855328312,5.859376277839168e-06,8.599019146016129e-05
641,0.00010208244243814502,3.3207161661737615e-05,0.000177583587578245,0.00014437642591650737,0.0032577114893975194,1.0612684148481044e-05,0.0001124559704722694,0.009310562121550955,8.668656701982247e-05,0.00034584317406394227,0.0015238877308992142,2.322233816909325e-06,7.44516181985233e-05
642,0.00017880705297879107,3.0392959211034132e-05,0.00013615223543927968,0.00010575927622824555,-0.00820763357540838,6.736524890849083e-05,0.00014060319142394917,-0.0014627458590852744,2.139625448926985e-06,0.00016405946069120159,0.004655534692749305,2.1674003275684584e-05,0.00010379405420268828
643,0.0006787556350289492,0.00039373242199762054,0.0011720059470863668,0.0007782735250887463,-0.0193632566913595,0.00037493570969560075,0.0016790497247969327,-0.021862290045465107,0.000477959726031818,0.0008151209444705598,0.018119101254342223,0.0003283018302654428,0.0010218471719916078
644,3.892206035660539e-05,1.3164803195501543e-05,0.000176805087162335,0.00016364028396683347,0.0030474489328930856,9.286944999020719e-06,0.00012902300091766072,0.000292068102755701,8.530377693105606e-08,0.000197699595787304,-0.005488365950861172,3.0122160810552856e-05,0.0002036926647820403
645,-3.2212830142003845,1.0,1.0,0.0,0.0,1.0,1.0,0.0,1.0,1.0,0.0,1.0,1.0
646,0.00010376731869299327,6.744501384496153e-05,0.00013961815380880704,7.217313996384551e-05,-0.0035521261846398547,1.2617600431585885e-05,0.00014446520798006013,-0.009380355880957512,8.799107645340865e-05,0.00010786586069067017,0.01008594887207659,0.00010172636464989004,0.00016652339275569084
647,0.0012190611986281352,0.0004213564864701258,0.0016846105364834256,0.0012632540500132998,0.022453830845144823,0.0005041745196225911,0.0008332110302317064,0.008616146209491568,7.423797550321076e-05,0.0029532350506374927,0.026185052306317024,0.0006856569642845756,0.0012673855285810776
648,8.58400702206108e-05,5.103943324132517e-05,0.0004065851581512107,0.00035554572490988556,-0.007853654539941078,6.167988963234894e-05,0.00048587497838070703,0.002382108299636238,5.674439951142141e-06,0.00020617333476025124,0.009260883874700539,8.576397014048442e-05,0.0005277071613126738
649,0.0007071491245536077,0.00046699930499483067,0.0008156002910920668,0.0003486009860972361,-0.023972038643909854,0.0005746586367455508,0.0008664454594823345,0.020499499853130473,0.0004202294942291518,0.0007967466300791148,-0.020152165739954674,0.00040610978400978937,0.000783608783714751
650,0.00016202297394252163,6.126098163657574e-05,0.00027696710427889865,0.00021570612264232292,0.0066904458549755606,4.476206573977848e-05,9.496051915425241e-05,0.008510176981940077,7.242311226396403e-05,0.00044622297936214306,0.008160745487195755,6.659776690598473e-05,0.0002897178143203005
651,7.9022952355845e-05,2.6817690061594252e-05,0.000249262779338455,0.00022244508927686071,-0.005388917645144054,2.904043338636253e-05,0.00031938792267838245,0.002324232083529557,5.402054778169685e-06,0.00021362839793037658,0.006783110055150387,4.6010582020250546e-05,0.0002147720174066059
652,-3.2212830142003845,1.0,1.0,0.0,0.0,1.0,1.0,0.0,1.0,1.0,0.0,1.0,1.0
653,4.669705969384541e-05,3.1891861456985936e-05,0.00028580008530713447,0.00025390822385014855,-0.005572128348503309,3.1048614333006874e-05,0.0002736043726450088,-0.005742149254892049,3.2972278065313e-05,0.00028886695321639344,-0.005626250258695914,3.165469197263793e-05,0.0002949289300600011
654,-3.1025068669485263,5.948908312591872e-05,0.0001718185389545749,0.0001123294558286562,0.0077129166419749005,5.948908312636281e-05,0.00017181853895509303,0.007712916641974905,5.9489083125363607e-05,0.00017181853895387178,-0.007712916641974906,5.948908312602974e-05,0.00017181853895475996
655,7.259795333380836e-05,4.765465575654974e-05,0.00029150041204998683,0.0002438457562934371,-0.006993115168572494,4.8903659760735074e-05,0.0002872475541358943,0.007007332768329861,4.910271252600573e-05,0.0002875685149298368,-0.006705042504178571,4.495759498290841e-05,0.0002996851670842293
656,0.0001507735153303269,3.9025387532865e-05,0.00022676498302987014,0.00018773959549700514,0.00030105508345358876,9.06341632855856e-08,9.60948599454392e-05,-0.0028262707357357736,7.987806271758657e-06,0.00018655605376949325,0.010440197419740187,0.00010899772216355075,0.00039764403537467796
657,0.0002114975791397411,0.00010582839177919467,0.0002909670687912813,0.00018513867701208664,-0.014270048538929546,0.0002036342853033446,0.00043829634250858174,0.005725132389525642,3.2777140877349176e-05,0.00018129669211708332,-0.009004096243213074,8.107374915689025e-05,0.0002533081717481789
658,-3.2212830142003845,1.0,1.0,0.0,0.0,1.0,1.0,0.0,1.0,1.0,0.0,1.0,1.0
659,-3.2212830142003845,1.0,1.0,0.0,0.0,1.0,1.0,0.0,1.0,1.0,0.0,1.0,1.0
660,4.934031482417556e-05,1.4470003373882415e-05,8.030172997393799e-05,6.583172660005557e-05,0.0011150819141061941,1.2434076751555168e-06,5.8656982721894124e-05,-0.006399305980329465,4.095111702950849e-05,0.0001201911526068633,0.0011024905517528463,1.2154854169832419e-06,6.205705459305655e-05
661,0.0001686589544130923,5.045917990479746e-05,0.00020560030298958734,0.0001551411230847899,0.0013877312081843262,1.9257979063658226e-06,0.00010320218476467247,0.001983992020274094,3.936224335698846e-06,0.0001707615019448383,0.012062981284588685,0.00014551551747232772,0.0003428372222592513
662,0.000967036200478999,0.000397750181217608,0.0007562386823385022,0.0003584885011208942,0.005313744315983393,2.8235878655968882e-05,0.00042355112184844224,-0.014459746469612015,0.00020908426796539814,0.00039565635177762903,-0.030918124086552715,0.000955930397031457,0.0014495085733894353
663,-3.147572037391094,1.63671881151517e-05,0.0001639183885842795,0.0001475512004691278,0.004045638159211835,1.6367188114929654e-05,0.00016391838858342833,-0.004045638159211837,1.6367188114596587e-05,0.0001639183885843165,-0.004045638159211832,1.6367188115928855e-05,0.00016391838858509367
664,6.760744776679317e-05,3.4898934706872886e-05,0.00021337798205075162,0.00017847904734387873,-0.0007406297226603642,5.485323858467339e-07,0.000292588309511399,-0.007915689361289344,6.265813806416443e-05,0.00017496810744077607,-0.0064412835422299934,4.14901336706075e-05,0.00017257752920007974
665,-3.2212830142003845,1.0,1.0,0.0,0.0,1.0,1.0,0.0,1.0,1.0,0.0,1.0,1.0
666,3.7566055674065346e-05,3.0332512864032304e-06,0.00016514639207421133,0.0001621131407878081,0.00295719941023733,8.745028351575534e-06,0.00016130065715636022,-0.00032734997963079066,1.071580093547908e-07,0.00020742538615181605,-0.0004975615519783921,2.475674982793663e-07,0.00012671313291445774
667,0.00016324266790834763,3.305752556725938e-05,0.00019622934074818113,0.00016317181518092175,0.008494221020248202,7.215179074171463e-05,0.00022877681101618474,0.00482927271888482,2.3321874993542657e-05,0.00019500370366665187,-0.0019232553046517442,3.698910966520863e-06,0.0001649075075617068
668,0.00010492131899408896,3.907097587515137e-05,0.00018966459693655255,0.00015059362106140117,0.0035752654245479244,1.2782522856080725e-05,0.00017710695160189083,0.0013385923870695318,1.7918295792673788e-06,0.0002249469477407784,0.010131069794936932,0.000102638575190106,0.0001669398914669884
669,-3.2212830142003845,1.0,1.0,0.0,0.0,1.0,1.0,0.0,1.0,1.0,0.0,1.0,1.0
670,-3.2212830142003845,1.0,1.0,0.0,0.0,1.0,1.0,0.0,1.0,1.0,0.0,1.0,1.0
671,3.107384721268147e-05,8.254652949846175e-06,0.0006405189699550581,0.0006322643170052119,9.457064367068241e-05,8.9436067440829e-09,0.0006751904425903454,0.0048476344861909035,2.349956011149512e-05,0.0006354786238419452,-0.001120470941950842,1.2554551312993212e-06,0.0006108878434328835
672,3.270477859185217e-05,8.96594263418334e-06,0.0002701649050564914,0.00026119896242230806,-0.002888615986724534,8.344102318535995e-06,0.0003891615322890729,-0.004141116228857153,1.714884362080671e-05,0.00010993666959246973,-0.0011852771673330697,1.4048819632073162e-06,0.0003113965132879315
673,0.00036214302348080984,8.651627953037977e-05,0.0004892910091119177,0.00040277472958153793,-0.0032212150353862646,1.0376226304509295e-05,0.00035653136185975765,-0.013118622643356724,0.00017209826005848416,0.0008123670638197078,0.00877919997656,7.707435222814585e-05,0.00029897460165628775
674,0.00024544852056640476,9.019869179449636e-05,0.0008044068106696963,0.0007142081188752,0.009130865929338225,8.337271261960044e-05,0.0011443647330996454,-0.013549640902057016,0.0001835927685748251,0.0010580517678058232,0.0019054118161284234,3.6305941890635296e-06,0.00021080393110362028
675,2.1619563597918834e-05,8.33106055235048e-06,0.00015264697864580956,0.0001443159180934591,-0.00023259421480242482,5.4100068647144894e-08,0.000164895596901804,0.004175488336623632,1.743470284931714e-05,0.0001780169362952666,-0.002739412115604707,7.504378739087159e-06,0.00011502840274035808
676,-3.2212830142003845,1.0,1.0,0.0,0.0,1.0,1.0,0.0,1.0,1.0,0.0,1.0,1.0
677,0.004307275704985236,0.0013664161269629032,0.002567506570027689,0.0012010904430647857,-0.019889404497513644,0.000395588411265968,0.0020671198666811774,0.007707301950283148,5.940250335279007e-05,0.0012756927663594153,0.060367685613001446,0.003644257466269951,0.004359707077042474
678,0.0001048185068832641,5.30047997301016e-06,0.0001325023607876933,0.00012720188081468314,0.0021334938533502444,4.551796022322918e-06,9.886899903532864e-05,-0.002580550065075231,6.659238638517806e-06,7.729975142500844e-05,0.0021657343462496807,4.690405258189756e-06,0.00022133833190274288
679,-3.0203700790773835,3.1785663375324034e-05,0.0001690067053599457,0.00013722104198462165,-0.0056378775594125375,3.178566337502797e-05,0.00016900670535957563,0.005637877559412537,3.1785663375138995e-05,0.00016900670536013074,0.005637877559412534,3.178566337580513e-05,0.00016900670536013074
680,0.0003318808076889779,0.00026136308827532745,0.000712212289191457,0.0004508492009161295,0.01301748345212403,0.00016945487542630033,0.0004852685201632845,0.016954358988626534,0.00028745028871535183,0.0008205457715201314,-0.01808823099931342,0.0003271841006843301,0.0008308225758909549
681,-3.2212830142003845,1.0,1.0,0.0,0.0,1.0,1.0,0.0,1.0,1.0,0.0,1.0,1.0
682,0.0001247944268857326,3.930936573655804e-05,0.0002476078920838158,0.00020829852634725773,0.00373440684893294,1.3945794513414711e-05,0.0001039009468837282,0.004192474611473874,1.7576843367783646e-05,0.0002637847813701244,0.009295453691375067,8.640545932847576e-05,0.0003751379479975947
683,6.219582669253487e-05,2.800779975960695e-05,0.00016460000394099192,0.00013659220418138496,-0.007582188022134294,5.7489575203462095e-05,0.00017517520458376623,0.004153965616702039,1.7255430344920164e-05,0.00016910900071764878,-0.0030460455891056742,9.278393730438594e-06,0.0001495158065215607
684,-2.9916978059765,2.01159252859832e-05,0.00016677654583374668,0.0001466606205477635,0.004485078069100109,2.011592528594619e-05,0.00016677654583419077,-0.004485078069100112,2.01159252855021e-05,0.0001667765458333026,0.0044850780691001076,2.01159252865013e-05,0.00016677654583374668
685,0.00017774609808107744,0.00010595796135955589,0.00023402219878942976,0.00012806423742987388,-0.008639452493702106,7.464013939117997e-05,0.0002029148077017373,-0.013272356105838927,0.00017615543660010058,0.0003355214109836968,0.008190134802753575,6.707830808738713e-05,0.00016363037768285515
686,-3.2212830142003845,1.0,1.0,0.0,0.0,1.0,1.0,0.0,1.0,1.0,0.0,1.0,1.0
687,0.00012304035776167233,4.8061450736621346e-05,0.00025851679630502683,0.00021045534556840548,-0.010206193439885249,0.00010416638453247806,0.00035311073313526453,-0.002789051861707206,7.778810287240034e-06,0.00013056153786772384,-0.005677953627034314,3.2239157390145934e-05,0.00029187811791209217
688,3.3273164961600266e-05,2.1168826362938375e-06,0.00012497059284155565,0.0001228537102052618,0.001539554519524386,2.3702281182202967e-06,0.0001187140176434065,0.0019131209877415738,3.660031913876871e-06,0.00011775720580320392,-0.0005660281594732531,3.203878767843449e-07,0.00013844055507805653
689,0.0001338320557210393,5.3427868007438484e-05,0.00027972838832731234,0.00022630052031987386,0.010903276451357257,0.0001188814373750402,0.0002202963424738913,-0.005307521078179661,2.816977999509085e-05,0.0002636334967994758,0.0036376347608132165,1.3232386652184402e-05,0.00035525532570857
690,0.0001531307877565835,4.1375807386427134e-05,0.0001771473144589475,0.00013577150707252036,-0.007690560594740291,5.9144722261317284e-05,0.00018953996732407052,-0.0072966393019057,5.324094510250621e-05,0.00021287129677771688,-0.003426624402482458,1.1741754795457915e-05,0.00012903067927505507
691,-3.2212830142003845,1.0,1.0,0.0,0.0,1.0,1.0,0.0,1.0,1.0,0.0,1.0,1.0
692,-3.2212830142003845,1.0,1.0,0.0,0.0,1.0,1.0,0.0,1.0,1.0,0.0,1.0,1.0
693,0.00013537347666248145,4.9607923001164046e-05,0.0003403545243786388,0.0002907466013774747,-0.005915714013019834,3.499567228404388e-05,0.0003480038082893655,0.010185284229169112,0.0001037400148294898,0.000285093735090336,-0.0031761740963320286,1.0088081889958467e-05,0.00038796602975621486
694,7.055109642462032e-05,4.154369025880881e-05,0.0002221144538131862,0.0001805707635543774,-0.000523174109587185,2.7371114941221464e-07,0.00016128369057422098,0.008291896259481462,6.875554357810287e-05,0.0002074849550804947,0.0074566625274560825,5.5601816048911346e-05,0.00029757471578484296
695,0.0003175966086886861,0.00010568875235990778,0.0006070002604102731,0.0005013115080503653,0.009424343456686347,8.881824958961726e-05,0.00044944594985552033,-0.009342861974902581,8.728906988242358e-05,0.0008110553112694596,-0.011872612922512418,0.00014095893760768252,0.0005604995201058394
696,5.4694686207334975e-05,8.133841409185827e-06,0.00010924106595592657,0.00010110722454674075,0.0023177732287148075,5.372072739318057e-06,0.00010996919105477065,-0.0026379548344655783,6.958805708889848e-06,0.00010369545691191195,0.0034742834915397545,1.2070645779349576e-05,0.0001140585499010971
697,0.00022093426469182997,7.710807608537114e-05,0.0004366108032717679,0.00035950272718639675,0.012650623499429506,0.00016003827492450107,0.000449833203842287,0.000578017641520431,3.341043938176469e-07,0.00022610402206557634,0.008423292048711138,7.095184893779471e-05,0.0006338951839074403
698,0.0001622307767779052,7.722066656035143e-05,0.000606214856164522,0.0005289941896041706,0.009962904255846873,9.925946121125406e-05,0.0009231353197473036,-0.005297422821015062,2.806268854438354e-05,0.00031157704839646083,-0.010214687950448439,0.00010433984992541667,0.0005839322003498015
699,0.00014025154806507345,4.682055845428579e-05,0.00016348451866958028,0.00011666396021529449,7.059471798089942e-05,4.9836141879922025e-09,7.206926446245987e-05,0.011332475196441526,0.00012842499407739183,0.00021491538622653295,-0.0034686737626220495,1.2031697671277541e-05,0.00020346890531974804
700,0.00016461510157006476,6.962224896830034e-05,0.00020480669407167232,0.00013518444510337196,0.0018132155810488472,3.287750742986262e-06,0.00016534932079570464,0.007498160887497842,5.6222416695006494e-05,0.0002364231724513166,0.01222115295161206,0.00014935657946690828,0.00021264758896799574
701,0.00014269349353634997,1.843528703408352e-05,0.0003171917160117073,0.0002987564289776238,-0.0038149944274832085,1.4554182480863709e-05,0.0003015639907999468,0.006152126163352881,3.7848656328609565e-05,0.0003348481468199438,-0.0017038257812682046,2.9030222927772797e-06,0.0003151630104152314
702,-3.2212830142003845,1.0,1.0,0.0,0.0,1.0,1.0,0.0,1.0,1.0,0.0,1.0,1.0
703,-3.2212830142003845,1.0,1.0,0.0,0.0,1.0,1.0,0.0,1.0,1.0,0.0,1.0,1.0
704,0.00012869091505784969,3.730440687369866e-05,0.00018202705825642873,0.00014472265138273008,-0.0051762065249331855,2.679311398889883e-05,0.00011608147567565563,-0.008090786644058245,6.546082851976998e-05,0.00030884257718688524,0.004433878450318026,1.965927811242718e-05,0.00012115712190674532
705,0.00010510417304243624,1.5260669220233208e-05,0.00024928885358762215,0.00023402818436738895,0.0018684281987386769,3.4910239332663906e-06,0.00029256411599798415,0.004660742274967818,2.172251855436791e-05,0.00011577233457882308,0.004535246980383567,2.056846517306532e-05,0.0003395301101860593
706,9.388289321299315e-05,2.3650303070166245e-05,0.00043019954413596,0.00040654924106579376,-0.0007842250634275958,6.150089503220713e-07,0.000603297289775373,0.007717204045240813,5.95552382757214e-05,0.00013614779036608127,0.003283391841443892,1.0780661984455264e-05,0.0005511535522664257
707,6.486185176823867e-05,2.5760172242872414e-05,0.000356882408286537,0.0003311222360436646,-0.007908684671306128,6.254729322996422e-05,0.00042797241008329934,-0.003569999401471162,1.2744895726335415e-05,0.0002958581120032777,0.001410080768074881,1.9883277723176107e-06,0.000346816702773034
708,5.934144367780725e-05,2.3111214790409267e-05,0.0001408355806680935,0.00011772436587768424,-0.003377038065827246,1.1404386098035069e-05,0.0001170496792883835,-0.006721773201891068,4.5182234977736435e-05,0.00017071009676805637,0.003570297367937425,1.2747023295456295e-05,0.00013474696594784064
709,0.00013590986838696306,1.5809343309173645e-05,0.0001215547348665617,0.00010574539155738805,0.00395000656194858,1.560255183941095e-05,0.00011503570359683302,-0.00537290471289546,2.8868105052093362e-05,0.000126687249520252,0.001719701438200883,2.9573730360166195e-06,0.00012294125148260004
710,6.204826429967447e-05,1.002684370865481e-06,3.70831756536516e-05,3.608049128278612e-05,0.0012494838767523019,1.5612099588668826e-06,3.9053647733600094e-05,0.00021616672407746994,4.672805276051406e-08,3.513489259987512e-05,0.0011832645946267151,1.400115100969046e-06,3.7060986627479586e-05
711,-3.2212830142003845,1.0,1.0,0.0,0.0,1.0,1.0,0.0,1.0,1.0,0.0,1.0,1.0
712,0.0002599928710773636,4.098305907414742e-05,0.00017567302716740377,0.00013468996809325634,0.009681111949255543,9.37239285740965e-05,0.00034534082721526804,0.0038520039262882476,1.4837934248390638e-05,5.846287653288318e-05,-0.003793061349348431,1.4387314399955109e-05,0.0001232153777540601
713,9.57971687632897e-05,1.1995094785888227e-05,0.00023784712511816983,0.0002258520303322816,-7.251802561121219e-05,5.25886378888174e-09,0.0002627820484329968,-0.004374301746364012,1.9134515768404192e-05,0.0003138718228048454,0.004104328169770697,1.6845509725471608e-05,0.00013688750411666728
714,0.00018305412310437585,3.870167851049988e-05,0.00034689723356554997,0.0003081955550550501,-0.008500645239691114,7.226096949086713e-05,0.0005536002795473172,-0.0002993509324107936,8.961098074689033e-08,0.000294855395144622,-0.006614715039975082,4.375445505988562e-05,0.00019223602600471068
715,0.0002838998253085201,0.0001602322820764742,0.00045872316296154586,0.0002984908808850717,-0.01615979854148013,0.00026113908890135207,0.00048760787424362295,-0.013676764443391038,0.0001870538856402204,0.0005899583935730091,-0.005701216684802923,3.250387168785007e-05,0.00029860322106800563
716,6.565270754277375e-05,1.5381183142482158e-05,0.00025667871417630234,0.00024129753103382018,0.0007978604889156155,6.365813600694992e-07,0.00030466851199484335,0.0006347469764358284,4.0290372382845163e-07,0.0002692881807281333,-0.006715955951583502,4.510406434354852e-05,0.0001960794498059304
717,-3.2212830142003845,1.0,1.0,0.0,0.0,1.0,1.0,0.0,1.0,1.0,0.0,1.0,1.0
718,0.00022200991546772464,3.734508630681699e-05,0.0001527059498755238,0.00011536086356870681,0.0001540167025207881,2.3721144604138544e-08,0.00021063067399496038,-0.007702399389741497,5.932695635901819e-05,9.845708535971553e-05,0.007258414524995756,5.2684581416828635e-05,0.0001490300902718955
719,-3.2212830142003845,1.0,1.0,0.0,0.0,1.0,1.0,0.0,1.0,1.0,0.0,1.0,1.0
720,0.000134737846006594,3.095825749303375e-05,0.00024034354673152514,0.0002093852892384914,0.009487270309730463,9.000829792971121e-05,0.00022710722269536632,-0.0006105562608281288,3.727789477103727e-07,0.0003080290091925786,-0.0015791439460217606,2.4936956016796685e-06,0.0001858944083066305
721,-3.2212830142003845,1.0,1.0,0.0,0.0,1.0,1.0,0.0,1.0,1.0,0.0,1.0,1.0
722,4.062519031911016e-05,3.5703111827286214e-05,0.0002757143219023576,0.0002400112100750714,-0.0059487578429674205,3.538771987476874e-05,0.000266758054837557,-0.006051805981152101,3.662435563345223e-05,0.0002690339913240525,0.005924294048558046,3.509725997363766e-05,0.00029135091954546333
723,0.00011966567701704456,1.830877266876622e-05,0.00016955702080882298,0.00015124824814005677,0.007017984103756538,4.9252100881580496e-05,0.0001196137717787149,0.0009073963289210522,8.233680977021152e-07,0.00032089252086053843,0.0022024643078003164,4.8508490270160465e-06,6.816476978721564e-05
724,0.00013034633126407513,2.9951201090579655e-05,0.0003365657718995922,0.00030661457080901255,0.008409608077090961,7.072150801001875e-05,0.00024727991670903116,-0.00224802802463093,5.053629999141052e-06,0.0003836586141418019,-0.003752128097955611,1.4078465262579165e-05,0.00037875878484794345
725,-3.211383101203296,7.494081161688963e-05,0.0004582754860465628,0.0003833346744296732,0.00865683612046153,7.494081161707467e-05,0.0004582754860468219,0.008656836120461534,7.494081161740773e-05,0.00045827548604704393,-0.008656836120461538,7.494081161618649e-05,0.0004582754860458227
726,5.036407840730561e-05,2.3152332061330643e-05,0.00015810300384296502,0.0001349506717816344,-0.005181804539667559,2.6851098287039576e-05,7.149968767672377e-05,0.0033718290081261124,1.1369230859425983e-05,0.00016211018146972123,-0.005588977280119052,3.123666703752637e-05,0.00024069914238245005
727,5.0907477743611373e-05,2.4502135049009333e-05,0.0002983934173848753,0.00027389128233586596,0.006802146939493731,4.626920298633763e-05,0.00030820771520723156,0.004907121553538811,2.4079841941637703e-05,0.00016307363430168031,0.0017768962318551469,3.157360219052663e-06,0.00042389890264571406
728,0.00013978558750527004,8.380066207773021e-06,0.0001594013310362019,0.0001510212648284289,0.0009265092761526017,8.584194385319321e-07,5.672478287843674e-05,0.0013954290256121844,1.9472221652883093e-06,0.00019144015514627188,0.004725945092679173,2.2334557019498824e-05,0.0002300390550838971
729,0.00013935698327693924,6.6040436254762485e-06,0.00011945560751414064,0.0001128515638886644,0.0003930579906330373,1.5449458434790841e-07,9.360656595158723e-05,-0.001889543382045679,3.5703741925185994e-06,0.00017131484762133997,0.004010892930427174,1.608726209956224e-05,9.344540896949471e-05
730,0.0003983719418159115,0.0001567988910479897,0.00024928115680918533,9.248226576119564e-05,-0.016877817333216468,0.00028486071793354384,0.00035068065757382083,-0.013441122416763263,0.0001806637718223536,0.0002949047123682602,-0.0022073022874217166,4.872183388071605e-06,0.00010225810048547501
731,0.00041765519796477246,0.00012858145154222753,0.0004580455111594661,0.00032946405961723857,-0.004084972722311518,1.6687002142301566e-05,0.0004936273558774351,-0.007750974673776227,6.007760839343845e-05,0.0004312212088380951,-0.017577819662611547,0.00030897974409094253,0.00044928796876286814
732,0.0005470376258321918,0.00019936270948428536,0.0007887210308392678,0.0005893583213549825,0.0033297669889684627,1.1087348201210823e-05,0.0010997724231615047,0.017604059986798395,0.0003099029280190235,0.0007691796868636303,0.016646256402950487,0.00027709785223262173,0.0004972109824926685
733,0.0016531501282875949,0.00043567245890689205,0.0016364116694682629,0.0012007392105613708,0.015606620323384801,0.00024356659791802127,0.0006049891960099307,0.01693926173211024,0.0002869385880288622,0.0013418343473086125,0.02786596832650334,0.0007765121907737926,0.0029624114650862454
734,0.0003364416413391691,0.0001400239943620818,0.0006195084955331239,0.00047948450117104213,-0.008830756062740417,7.798225263955239e-05,0.0007817977090545103,-0.006715822591296598,4.510227307774617e-05,0.00021273755667849947,-0.017233324037142426,0.00029698745736894683,0.0008639902208663619
735,0.00010384574589550333,3.2578360406006666e-05,0.00016309126347224812,0.00013051290306624144,-0.006154425348958866,3.787695137613678e-05,0.00015422789676955428,0.007095239407312457,5.0342422247551255e-05,0.00013162004540445693,0.0030847540573601027,9.515707594331957e-06,0.00020342584824273313
736,5.512817797526104e-05,4.338159349363361e-05,0.00011294114071809987,6.955954722446625e-05,-0.006371677211467967,4.059827048674691e-05,0.00010898585132035343,0.006523551301665197,4.2556721585373936e-05,0.00011200753914841766,-0.006854909803114282,4.698978840877999e-05,0.00011783003168552852
737,0.00012135638588217645,3.095142579145893e-05,0.00014936420332893144,0.00011841277753747251,0.007848534293618887,6.159949055839498e-05,0.00011146089788516278,-0.00557077319044126,3.103351393940468e-05,5.93245509585838e-05,0.00047039650998373345,2.212728765771388e-07,0.00027730716114304776
738,1.7239137682478756e-05,6.3205625148536155e-06,0.0002874740040095247,0.0002811534414946711,-0.000731608888260738,5.352515650702827e-07,0.00034292225649834585,0.0018533512591671203,3.4349108897213654e-06,0.0002409696344762846,-0.003871889085403923,1.4991525089769198e-05,0.0002785301210539437
739,0.0005992618968166941,0.00019176621059039758,0.0023918587269745606,0.002200092516384163,0.006607984091015987,4.366545374678843e-05,0.002989058885763285,-0.004915594969261503,2.416307390162853e-05,0.0018126187329560173,-0.022527097108215353,0.0005074701041227758,0.0023738985622043796
740,0.0006106087640713742,0.00035563268351139027,0.0010735326280033597,0.0007178999444919694,-0.02291221253810334,0.0005249694833913132,0.001648991536328026,0.011305518900448492,0.00012781475760803573,0.0004270343674845911,0.020349786473935066,0.0004141138095348218,0.0011445719801974619
741,3.830820047867611e-05,1.2140531846209038e-05,0.0001544047085757505,0.00014226417672954147,-0.0031240888201776174,9.759930956643181e-06,0.00021256550479664682,0.0004520729928142853,2.0436999081940854e-07,0.00017709166053481162,0.0051436654820202436,2.6457294591164526e-05,7.355696039579307e-05
742,0.00011761393262799125,3.938299529486026e-05,0.0003025744753538673,0.000263191480059007,-0.0036811900703797905,1.3551160334412948e-05,0.00029875144230651074,-0.002765684167008181,7.649008911592148e-06,0.0002972419480379296,0.009846259017444587,9.694881663857569e-05,0.0003117300357171615
743,0.0010929849492911092,0.0006016012190923995,0.001073483301557765,0.00047188208246536545,-0.026620424583300058,0.0007086470049952887,0.0012972408629803311,0.03272770315728033,0.0010711025539512642,0.0016619729343821943,0.005005406909596154,2.5054098330645758e-05,0.0002612361073107694
744,0.00029641319950923783,9.593133007053851e-05,0.000462501989666797,0.0003665706595962585,-0.003341393526986641,1.116491070218828e-05,0.0002952883381313054,0.007915317528385762,6.265225157520149e-05,0.0005375990676085296,-0.014627946811984859,0.0002139768279342258,0.000554618563260556
745,0.0004974910542888678,0.00025947422301553225,0.0007192491535184716,0.0004597749305029394,0.01821524570216902,0.00033179517599002395,0.0006773426330483057,-0.018131529016119852,0.0003287523444625018,0.0005522127831388834,-0.010857032218529305,0.000117875148594071,0.0009281920443682257
746,9.195450528665106e-05,8.254148286275983e-06,0.0002983883994167232,0.0002901342511304472,0.0032552420148138426,1.0596600575563109e-05,0.00030132111967928754,-0.0021623991653633144,4.67597014952581e-06,0.00029345204993269647,-0.0030805639310447783,9.489874133739029e-06,0.0003003920286381856
747,0.00010218356632385461,3.689444782628559e-05,0.00028183750619477826,0.00024494305836849267,-0.002606870760597239,6.795775162271589e-06,0.0002670273234327558,0.0038168879246522533,1.4568633429301592e-05,0.00027295655498393856,0.009450869530759737,8.93189348872836e-05,0.0003055286401676405
748,8.360148095354347e-05,2.237819674003975e-05,0.0001944210394135467,0.00017204284267350695,-0.0010046199393068443,1.0092612221512809e-06,0.00021448728509509962,-0.008128635055672944,6.60747078684576e-05,0.00025864789345364514,0.00022499139815074072,5.062112951037534e-08,0.00011012793969189527
749,0.00012286192775290417,3.876419427654524e-05,0.0001579549056608028,0.00011919071138425757,-0.0004070859074578907,1.657189371284673e-07,0.0001333496746348528,0.004949483822054282,2.4497390104349925e-05,7.2544276685238e-05,0.009572328545786393,9.162947378815733e-05,0.0002679707656623176
750,0.0002870328103942166,0.00011803362775423636,0.0012373107656664661,0.0011192771379122297,0.012617516545685256,0.0001592017237804777,0.0012273051265357937,-0.013799637120049307,0.00019042998464513516,0.00044603903076667617,0.002114042297846993,4.46917483709619e-06,0.0020385881396969285
751,0.00014062441635764866,9.615675745322516e-05,0.00043813562578306114,0.000341978868329836,0.011227823039677984,0.00012606401021053593,0.0006255300426799559,0.008149029151588813,6.64066761132398e-05,0.0003088480014530326,0.00979793784612411,9.599958603589975e-05,0.00038002883321619496
752,-3.2031335025844676,2.21354703759206e-06,0.000165416484397977,0.00016320293736038494,0.0014877993942878046,2.213547038776298e-06,0.0001654164843989392,0.0014877993942878057,2.2135470371109633e-06,0.0001654164843974959,0.0014877993942878057,2.2135470368889187e-06,0.0001654164843974959
753,0.0055790174778739265,0.004100420034403214,0.0193826391828746,0.015282219148471388,0.05539969140944451,0.0030691258082615747,0.010427224095704846,-0.0722639429224356,0.005222077446697004,0.026354035606532822,-0.06332500965851386,0.0040100568482510646,0.02136665784638614
754,3.267427375952536e-05,1.5199775266168855e-05,0.00017884433838277758,0.00016364456311660872,-0.0011524327791549783,1.3281013105936879e-06,0.00018660236157552745,0.004696865552163229,2.2060546015167937e-05,0.0001465730656796671,0.004712820649340557,2.2210678472744938e-05,0.00020335758789313818
755,2.7209767471392254e-06,8.918636964505566e-07,8.826310564513662e-05,8.737124194868606e-05,-0.0013389727889878949,1.7928481296225485e-06,0.00015525284543982387,-0.0009361027593780568,8.762883759727558e-07,7.627107333996186e-05,-8.034042371850713e-05,6.4545837563656505e-09,3.3265398155624126e-05
756,0.00012223266420863244,3.50835259241844e-05,0.00016382951654917802,0.00012874599062499362,-0.0004503906348296976,2.0285172430689613e-07,0.00011387960945929976,0.004807812324799786,2.3115059350375944e-05,0.00010781092522371694,-0.009051666514937327,8.193266669787036e-05,0.0002697980149645174
757,7.561576251968738e-05,3.052369747584086e-05,0.0001878280381426197,0.00015730434066677884,-0.006621856821842206,4.3848987769212755e-05,0.00027442565707680444,0.0005956436250763339,3.547913273171943e-07,7.791441672533317e-05,-0.0068823915415409985,4.7367313330992644e-05,0.00021114404062572145
758,1.8911222614326206e-05,6.894910708747186e-06,0.00020549453624433647,0.0001985996255355893,-0.0021938273737079246,4.812878546478494e-06,0.00014343244492398544,-0.003219692064904598,1.0366416993257133e-05,0.00016372707891709748,-0.0023463666776882513,5.50543658650593e-06,0.00030932408489192653
759,3.356833567946804e-05,2.6812571256954834e-06,0.00015858846787893585,0.00015590721075324038,-0.002188969223698928,4.791586262209435e-06,7.647681952571705e-05,0.00027425984971213914,7.521846534519483e-08,0.00012803699803343171,0.0017824047378363827,3.1769666495318205e-06,0.00027125158607765876
760,2.5185721705289765e-05,9.964981565543004e-06,0.00020941719331883193,0.00019945221175328892,0.002796363809336728,7.81965055429712e-06,0.00016533743583535543,-0.004484950056824656,2.011477701213682e-05,0.00010000072996829701,-0.0014001846771670582,1.960517130195072e-06,0.0003629134141528434
761,0.00023776335428027373,9.702592847049551e-06,0.00018551557091014045,0.0001758129780630909,0.0011023290445049676,1.2151293226070337e-06,0.0002256886193411356,0.0047948009752396496,2.2990116392951343e-05,0.00018960141767487837,-0.0022141663949825597,4.902532825590278e-06,0.00014125667571440736
762,0.00022754490603460464,5.20109610984143e-05,0.0003978350068770675,0.0003458240457786532,-0.0018203171438337003,3.313554503669991e-06,0.00042859523968896696,0.005648187787292663,3.190202527969532e-05,0.00030228297967460627,-0.01099169247710508,0.00012081730351187758,0.00046262680126762934
763,8.366035858964338e-06,2.0700632835657373e-06,0.0002565111792737588,0.0002544411159901931,0.0009538279117368029,9.097876845221009e-07,0.0002976565403870479,0.0008332103446679026,6.942394786824124e-07,0.0001619560945370635,-0.002146197262149494,4.606162687492699e-06,0.000309920902897165
764,-3.2212830142003845,1.0,1.0,0.0,0.0,1.0,1.0,0.0,1.0,1.0,0.0,1.0,1.0
765,7.41050642385499e-05,3.3140764719645034e-05,0.00010822505179356827,7.508428707392323e-05,-0.004165379303800286,1.735038474437456e-05,9.552196815565406e-05,-0.006263974974499701,3.923738248090558e-05,0.00011356951191898723,-0.006544809159436364,4.283452693365497e-05,0.0001155836753060635
766,8.411221390358659e-05,3.954778994874619e-05,0.0002540758500474416,0.0002145280600986954,-0.00849210988415613,7.211593028477736e-05,0.0002655575046330849,-0.005518190365083635,3.045042490545935e-05,0.0003311628206497108,-0.004009615275273501,1.6077014656001865e-05,0.00016550722485952907
767,0.0003758096003572131,0.00011032902534931684,0.00023272967981646797,0.00012240065446715115,-0.011257004776196296,0.0001267201565317011,0.0002989403903412846,0.002051363474022273,4.208092102220284e-06,4.0623662023397955e-05,-0.014144215333999264,0.00020005882741402914,0.00035862498708472135
768,6.12301891073086e-05,1.6741893710629323e-05,0.00018159181396448787,0.00016484992025385856,-0.0021567742800137884,4.651675294731206e-06,0.0002511973060322914,-0.006681677224521139,4.4644810532346035e-05,0.00016274812976790898,-0.0009639477709755026,9.29195304810726e-07,0.00013083000609326323
769,4.0895470423740754e-05,4.451015160666927e-06,0.0003315199972362774,0.00032706898207561047,-0.0006477549586554212,4.1958648600015636e-07,0.00047292012545296913,0.0034737208175433035,1.2066736318372406e-05,0.00019176368128093202,-0.0009309794183940143,8.667226776282178e-07,0.000329876184974931
770,7.588857858409348e-05,1.8267674932441007e-05,0.00015969230796934278,0.00014142463303690178,-0.0026717781906690176,7.138398700035076e-06,0.00017775539750364278,-0.0037147333522426474,1.3799243878676037e-05,0.00016648440786137808,-0.005819397066574983,3.3865382218611906e-05,0.0001348371185430075
771,9.173623166636169e-05,4.926561507475243e-05,0.00013996852537641788,9.070291030166544e-05,0.007500000062123781,5.625000093179011e-05,0.00015437128250039844,-0.0012803178390144076,1.6392137688336916e-06,0.00013411156607234798,-0.009481963431902982,8.990763052363349e-05,0.0001314227275565072
772,4.961953955939791e-05,1.4511488466021719e-05,0.0002609702146103195,0.00024645872614429776,0.004039111034919863,1.6314417952578708e-05,0.00039668182807239827,0.0014403847568959475,2.074708247534751e-06,0.00016135555095231346,0.0050145128575301455,2.51453391979517e-05,0.0002248732648062468
773,8.706855967111071e-05,2.2744896612728976e-05,0.00019335105944943512,0.00017060616283670615,0.006669827132868781,4.448659398204047e-05,0.000338665922564485,-0.0032253790328377187,1.0403069905517981e-05,0.00014977530589443955,-0.0036530844434130415,1.3345025950628475e-05,9.161194988938082e-05
774,7.904439064831958e-05,3.228571150426518e-07,5.886190052550866e-05,5.853904341046601e-05,-2.2681992082159072e-06,5.1449955407179004e-12,6.9201025929444e-05,-0.00011479595346024175,1.3178111046840968e-08,5.624542529480969e-05,0.0009774395577226657,9.553880890855737e-07,5.113925035227229e-05
775,0.0001386194056496315,6.404365518634474e-05,0.0003562909986958296,0.00029224734350948484,-0.011495089326588851,0.00013213707862613777,0.000659856035539419,-0.0013538889689377572,1.8330153404022553e-06,0.00021221566103291067,0.007626327529860508,5.816087159249417e-05,0.00019680129951515912
776,0.00010915864947214082,3.69146129611068e-05,0.00016748731058491284,0.00013057269762380605,0.009258652070177863,8.572263815675996e-05,0.00020629129930171963,-0.0006420446401008231,4.1222132041163206e-07,0.00012632397148615304,-0.004960743835982812,2.4608979406148812e-05,0.00016984666096686585
777,0.0003321293196236752,0.00011039980114539254,0.0003505987160294562,0.00024019891488406364,-0.00972686899615369,9.461198046833985e-05,0.00036696005799652376,-0.015327577674249125,0.00023493463736024012,0.00048105330611780683,0.0012856070968944504,1.6527856075976288e-06,0.00020378278397403804
778,6.02249677984501e-05,2.8760850164048318e-05,0.0005067323997774986,0.0004779715496134503,-0.005046868107271983,2.5470877692335137e-05,0.0006082315152864393,0.003973086359685074,1.5785415221625243e-05,0.0002122624016024366,0.006710160771428265,4.502625757818457e-05,0.00069970328244362
779,5.707176935088043e-05,1.0723580657123755e-05,0.0001935905941803743,0.00018286701352325055,0.004218401195095942,1.7794908642954077e-05,0.0002000278792826382,-0.00373697411116297,1.3964975507096966e-05,0.0002385691800902423,0.0006409819198966867,4.1085782132022075e-07,0.00014217472316824242
780,0.0022801777652444732,0.0007490272488469193,0.002082739194004183,0.0013337119451572637,-0.028602016614421223,0.0008180753544116959,0.0016533597468161298,0.01867178963854445,0.00034863572830601264,0.000617229793505758,-0.03286899243699168,0.0010803706638230492,0.003977628041690662
781,8.574059671040413e-05,1.8117377348025876e-05,0.0002942777835836334,0.0002761604062356075,0.005437357361521029,2.9564855076769092e-05,0.0004956362988545182,-0.000998260365734773,9.965237579567798e-07,0.00011634591046527643,0.004877576571308865,2.3790753209351756e-05,0.00027085114143110545
782,-3.139725376409231,5.913256676537415e-06,0.00015563457628723723,0.00014972131961069982,-0.0024317188727744393,5.913256677536616e-06,0.00015563457628831046,0.0024317188727744398,5.913256676426393e-06,0.0001556345762869782,0.0024317188727744398,5.913256675649237e-06,0.00015563457628642308
783,-1.5115353957981381,0.00010604003331811847,0.00028354639884949534,0.00017750636553137689,-0.01016973564342231,0.00010342352305614533,0.0002789186225097273,-0.010389327210849477,0.0001079381198937357,0.0002868826923834167,-0.010332398414860985,0.0001067584570044744,0.0002848378816553421
784,0.00025304831064376643,0.00011151677307201051,0.0002197715059621593,0.0001082547328901488,-0.0147171802618564,0.00021659539486007517,0.0002918871158842373,0.0036531634125227665,1.3345602918879429e-05,0.00016371080719024267,0.010227869838678084,0.00010460932143707691,0.00020371659481199789
785,4.6573078525624645e-05,1.7777509045672584e-05,0.0002733114237829515,0.0002555339147372789,-0.004083321379299231,1.6673513486331615e-05,0.00029226073064869684,0.0044521867967479796,1.9821967273903063e-05,0.00027536480553602694,0.004103297012960169,1.683704637678307e-05,0.00025230873516413066
786,0.0008361054811621971,0.00037082676856621993,0.0007975655966564096,0.00042673882809018965,0.003983695289179542,1.586982815704463e-05,0.0005910203282410986,0.017917599584082938,0.0003210403748555857,0.0008045519399441092,0.027849059278291757,0.0007755701026860295,0.0009971245217840208
787,0.0004493341681526264,0.00020887719306246963,0.0018912523417768206,0.001682375148714351,0.016419187895797938,0.0002695897311574269,0.0022205061820746996,0.017475161319185847,0.000305381263131399,0.0020945301375524528,0.007187529818974181,5.166058489858294e-05,0.001358720705703309
788,2.928210238151152e-05,7.128428950897714e-06,0.0001469443642662475,0.00013981593531534978,0.002642868462419058,6.984753709637914e-06,0.00019120470659517164,0.0037917334569087975,1.437724260811013e-05,0.0001465936829956327,0.00015261236755283818,2.3290534945097363e-08,0.00010303470320793817
789,4.442822916894684e-05,3.2585249355750655e-05,0.00020200051485400974,0.00016941526549825908,0.006133349951718254,3.761798163004482e-05,0.00018087838047387006,-0.005337506989523995,2.848898086316165e-05,0.00020060439788072149,-0.005625725337550904,3.164878557404549e-05,0.00022451876620743771
790,4.5286464004257176e-05,1.3994646325639811e-05,0.00016662761230449666,0.00015263296597885684,-0.0010290318079646088,1.0589064619592747e-06,0.0001044439744789516,-0.00638360998327084,4.075047641838303e-05,0.00010840293835789883,0.00041779911046842705,1.7455609657712756e-07,0.0002870359240766396
791,0.00011147075479822632,2.9051949865244175e-05,0.0002060029957843268,0.00017695104591908262,-0.007879562666484782,6.208750781511174e-05,0.00015065517388446192,0.0006861946693579558,4.7086312482402803e-07,0.00028755202549868297,0.0049595845245197735,2.4597478655796756e-05,0.00017980178796983548
792,0.0009468470867308731,0.000296994630067345,0.0015451696132926889,0.001248174983225344,0.0230296042449243,0.0005303626716779419,0.003355499150337282,0.004065859774966306,1.653121570954763e-05,0.00019851144718907587,0.018549663145579428,0.0003440900028145455,0.0010814982423517083
793,-3.1531988908833437,6.545437149692764e-07,0.00013003518345703716,0.00012938063974206787,-0.0009854922717823494,9.711950172963668e-07,0.0001328239823072952,-0.0009961772171355738,9.923690469371138e-07,0.00013296932647866022,-8.190268239358149e-06,6.708067434857412e-11,0.00012431224158515608
794,6.964135639742075e-05,2.1224238419437214e-05,0.00021633591567815635,0.00019511167725871914,-0.0072720184075356605,5.288225171973249e-05,0.00010741473852615702,-0.0003151122281708221,9.929571653799485e-08,0.00025094122373314764,-0.0032697351302698923,1.0691167822041159e-05,0.0002906517847751644
795,4.79389534626673e-05,1.7451090271995245e-05,0.0002292554628686346,0.00021180437259663937,-0.005390711363172928,2.905976900158258e-05,0.00016603571572126885,0.0033775857225916074,1.1408085312858418e-05,0.0002894374150477219,0.0034475232415907705,1.1885416501544732e-05,0.00023229325783691301
796,6.610645885718469e-05,1.6596393155469496e-05,0.00015147622224479887,0.00013487982908932938,0.006165305744786022,3.801099492684035e-05,0.00014260163655377411,-0.0018696826772132205,3.495713313372839e-06,0.00017701736359787557,-0.0028779282871619384,8.282471226195298e-06,0.00013480966658274696
797,0.00012036636392165345,6.376819235702029e-05,0.00025482398408734525,0.00019105579173032494,-0.0028149915560528593,7.924177460316706e-06,0.00028971378571263084,0.007991306178430703,6.38609744373353e-05,0.00017092983396604922,-0.010932494005202464,0.00011951942517340886,0.00030382833258335573
798,-3.2212830142003845,1.0,1.0,0.0,0.0,1.0,1.0,0.0,1.0,1.0,0.0,1.0,1.0
799,6.630195974377529e-05,1.2668486547462443e-05,0.00022178379383260469,0.00020911530728514224,-0.005807790778896393,3.3730433731338216e-05,0.0002049170932297839,-0.0020137893904735487,4.0553477091975765e-06,0.00022410015522922322,0.00046869841248735875,2.1967820185153641e-07,0.0002363341330388069
800,-3.2212830142003845,1.0,1.0,0.0,0.0,1.0,1.0,0.0,1.0,1.0,0.0,1.0,1.0
801,4.056767276749973e-05,2.6103067400473634e-05,0.00034746950101183227,0.00032136643361135864,0.0052025288422977,2.7066306355183478e-05,0.0003262301325338557,0.004537638056007432,2.0590159128586194e-05,0.00034493373078670064,-0.005536491372486148,3.065273671765123e-05,0.0003712446397149405
802,0.00013602005643920112,4.0570221116327985e-05,0.00017748301878621012,0.00013691279766988213,-0.0033821001388207057,1.1438601348889854e-05,0.00016775776395838715,0.01024536915852412,0.00010496758919442684,0.00018077224270807157,0.0023031441130802657,5.30447280566726e-06,0.00018391904969217165
803,9.793626724607929e-05,2.469496464467073e-05,0.00023492076768575712,0.0002102258030410864,0.0025190778662981094,6.345753296943535e-06,0.0001906649812534189,0.007343045668212728,5.3920319685429874e-05,0.0002922161151422964,-0.0037173674760230596,1.3818820951638777e-05,0.00022188120666155609
804,1.2950870950212412e-05,3.175000204487984e-06,0.00029752525714576983,0.00029435025694128186,0.0012376035396575345,1.5316625212591362e-06,0.00026240619851292113,0.002116964212166779,4.481537475786723e-06,0.0003481075906665021,0.0018739798870016635,3.5118006164180926e-06,0.00028206198225788626
805,0.0007000912115618929,0.00022068652383600007,0.0005599673598086404,0.00033928083597264036,-0.012040297137000314,0.00014496875514746765,0.00028713132823499077,-0.022631451781182428,0.0005121826097240767,0.0010942957700164069,0.002215447276853842,4.9082066364558585e-06,0.00029847498117452353
806,-3.2212830142003845,1.0,1.0,0.0,0.0,1.0,1.0,0.0,1.0,1.0,0.0,1.0,1.0
807,-3.2212830142003845,1.0,1.0,0.0,0.0,1.0,1.0,0.0,1.0,1.0,0.0,1.0,1.0
808,6.879202755571967e-05,1.7234179657599213e-05,0.00023874545527757807,0.00022151127561997885,-0.006540568128151628,4.277903143901085e-05,0.00022362001645337415,-0.0021915717748899016,4.80298684391034e-06,0.00021624084339111338,-0.0020299065717833582,4.12052068987645e-06,0.00027637550598824667
809,4.755341371731614e-05,2.2489145879656114e-05,0.00027825700248251817,0.00025576785660286205,0.004615293654771802,2.1300935520329745e-05,0.00023602140978784547,-0.006761902132397891,4.5723320448054494e-05,0.0003490822856011544,0.0006657189123981995,4.4318167058410296e-07,0.00024966731205855464
810,0.0001132559119878529,3.4070912329838464e-05,0.0004111834386875124,0.00037711252635767395,0.0016160274645978074,2.6115447665508995e-06,0.00031715853036506925,-8.077504816092563e-06,6.524603080038105e-11,0.0003658018068607438,-0.009980036421624552,9.960112697693368e-05,0.0005505899788367241
811,6.917103152637161e-05,1.834442123912113e-05,0.00019006756483871032,0.00017172314359958918,0.000784829308515744,6.159570438146744e-07,0.00019831849400309132,-0.007369605615503402,5.431108692832698e-05,0.00019383274499684688,0.0003259137094068036,1.0621974522173616e-07,0.00017805145551619272
812,0.0002401383332015783,7.735434804082934e-05,0.0005382734966538812,0.0004609191486130519,0.004651763206682019,2.1638900931097993e-05,0.0005803968593616204,-0.008369528374029166,7.004900520346524e-05,0.0008009020480387319,-0.011848001434330728,0.00014037513798792478,0.0002335215825612913
813,0.00019735258258357646,8.296580285131287e-05,0.0002311482022769503,0.00014818239942563743,-0.007886010672227248,6.218916432243482e-05,0.00021894297675784102,-0.011515950605710746,0.00013261711835366174,0.0001665988786067052,0.007354666945431786,5.409112587784204e-05,0.00030790275146630464
814,-3.2212830142003845,1.0,1.0,0.0,0.0,1.0,1.0,0.0,1.0,1.0,0.0,1.0,1.0
815,-3.2212830142003845,1.0,1.0,0.0,0.0,1.0,1.0,0.0,1.0,1.0,0.0,1.0,1.0
816,0.00010670233070242396,2.523027561662783e-05,0.0001672199611586859,0.00014198968554205807,-0.007502474013681293,5.628711632643668e-05,0.00035570165054765734,-0.0020452330357340724,4.182978170397256e-06,6.834861759719146e-05,-0.0039013757000679722,1.5220732353049549e-05,7.760961533120891e-05
817,0.00012815708954927452,2.3862385295170263e-05,0.00012480692151410158,0.00010094453621893132,0.004929125917917802,2.429628231448433e-05,0.00017668291000860759,-0.0031832831674166347,1.0133291723835036e-05,0.00010246411231884522,-0.006095701915833504,3.715758184719142e-05,9.527374221485196e-05
818,-3.2212830142003845,1.0,1.0,0.0,0.0,1.0,1.0,0.0,1.0,1.0,0.0,1.0,1.0
819,0.00039631565186903916,0.00014410340580191713,0.0002732084972863295,0.00012910509148441238,-0.010475888286980895,0.00010974423540133227,0.0002463489671182817,0.011580111822153117,0.00013409898981353585,0.00028767371992877155,-0.013728328091602963,0.00018846699219088325,0.00028560280481193523
820,4.939393833280903e-05,1.3610832118334434e-05,0.0001113768662110622,9.776603409272777e-05,0.0012688937457464775,1.610091337922448e-06,0.00010821643384029134,0.0009580775076292831,9.179125102232177e-07,8.109624946428529e-05,-0.006189062328589986,3.8304492506857635e-05,0.00014481791532861
821,5.500022017934647e-05,1.327426212072158e-05,0.00022960153325339108,0.0002163272711326695,0.0001482231636482251,2.1970106622859475e-08,0.0001934129516681926,0.005714125851148472,3.265123424289751e-05,0.00024879019743462294,-0.002673870231222165,7.149582012644373e-06,0.0002466014506573577
822,0.00013466794749616984,5.048732912353119e-05,0.00031952391262905316,0.00026903658350552195,-0.004644152145291397,2.1568149148554205e-05,0.00042170943925334825,0.008810395965200668,7.762307706393745e-05,0.00028935506815574996,0.007229852084073504,5.227076115810192e-05,0.0002475072304780612
823,-3.107237599490123,1.3232365391635525e-05,0.00021523016738023149,0.00020199780198859596,0.0036239966535021907,1.3133351744132327e-05,0.00024139207512619,-0.004278388206679076,1.830460564755665e-05,0.0002882494902034516,-0.0028738717409162303,8.259138783217601e-06,0.00011604893681105288
824,0.00016697417732691733,3.200376922440906e-05,0.00022108515235338042,0.00018908138312897135,0.0030585899160628298,9.354972274722151e-06,0.00022644504635604967,0.002762337458840274,7.630508236600164e-06,0.00020286276898451305,-0.008889647189958695,7.902582716190487e-05,0.0002339476417195785
825,3.64980320852748e-05,4.810979925218284e-06,0.00013027280803183197,0.0001254618281066137,0.0025755182567457633,6.633294291291669e-06,0.00016779348747975042,-0.0021143468727527343,4.47046269891338e-06,0.00012735089605964145,0.0018246048294308134,3.3291827854498024e-06,9.567404055610407e-05
826,-3.2212830142003845,1.0,1.0,0.0,0.0,1.0,1.0,0.0,1.0,1.0,0.0,1.0,1.0
827,5.761702335160823e-05,1.9396544858866587e-05,0.00016294007775511746,0.00014354353289625088,-0.0014479110272568817,2.0964463427475266e-06,0.0002067636941547324,0.006286443587501724,3.95193729789689e-05,0.0001503180889252942,-0.004071095092779138,1.657381525488333e-05,0.00013173845018532582
828,9.728850925416754e-05,3.133497290201218e-05,0.0003634188105810325,0.0003320838376790203,0.0085784640876488,7.359004610318909e-05,0.00015114237542268594,0.00434661403794983,1.88930535949261e-05,0.0005629709516892234,0.0012336202851372716,1.5218190079213656e-06,0.00037614310463118805
829,-3.2212830142003845,1.0,1.0,0.0,0.0,1.0,1.0,0.0,1.0,1.0,0.0,1.0,1.0
830,-3.2212830142003845,1.0,1.0,0.0,0.0,1.0,1.0,0.0,1.0,1.0,0.0,1.0,1.0
831,3.66891936136593e-05,1.4727165605391926e-05,0.00010507226846412365,9.034510285873172e-05,0.003938160341484364,1.5509106874977974e-05,9.557363662260343e-05,-0.0015939192873071467,2.540578694643081e-06,8.03796980540783e-05,-0.005111928329522571,2.6131811246554726e-05,0.00013926347071568923
832,1.7554746661430087e-05,3.3615900186430756e-06,0.00034149155838828865,0.0003381299683696456,-0.002338781198038184,5.469897492393905e-06,0.000626389762315771,-0.0016121986500991128,2.599184487417361e-06,0.000313514894851763,-0.0014197493005689333,2.0156880761179607e-06,8.457001799733188e-05
833,0.00011714579871013875,2.9327128086675813e-05,0.00040911446089308967,0.00037978733280641386,-0.0016013126484243376,2.564202197907761e-06,0.0008096539546822434,0.0037895672921792545,1.4360820261960505e-05,0.000123506147188146,0.008429493567221853,7.105636180015917e-05,0.00029418328080887957
834,5.0922078696835626e-05,2.8149993660668098e-05,0.0002693550450888112,0.0002412050514281431,-0.004408051084828992,1.9430914366402874e-05,0.00035713468948228577,-0.006210771268420486,3.8573679748354905e-05,0.00013931263669275662,0.005142507838320772,2.6445386867246512e-05,0.00031161780909139125
835,0.0001160622626669161,1.0250442652237624e-05,0.0001282898846811283,0.00011803944202889069,0.004844575522702934,2.3469911994644654e-05,0.00012184017886707199,-0.00016765490443144642,2.8108167238194426e-08,9.957988348707758e-05,0.0026931965755723243,7.253307794830022e-06,0.00016344959168923534
836,7.904433255156995e-06,1.0846805157023927e-06,0.000248934298910967,0.00024784961839526465,-0.0006195828301916842,3.8388288337021237e-07,0.0001417234991409888,0.0008564470688532435,7.335015815845836e-07,0.00030155706629297896,-0.001461730851497611,2.1366570821523823e-06,0.00030352233129893325
837,-3.2212830142003845,1.0,1.0,0.0,0.0,1.0,1.0,0.0,1.0,1.0,0.0,1.0,1.0
838,0.0001410333677428488,7.96120349757512e-05,0.00025257831086770527,0.00017296627589195407,-0.006588533923484225,4.3408779261233654e-05,0.00030689867985866925,-0.011291862976752083,0.00012750616948542515,0.00028029675039142887,-0.008241429255946887,6.79211561805948e-05,0.00017053950235301762
839,4.121603663287399e-05,8.90665823298035e-06,4.9834866411117375e-05,4.0928208178137027e-05,-0.0027527304478835615,7.57752491864494e-06,4.640784851694946e-05,-0.0034116996462583327,1.1639694476039963e-05,5.576781696936539e-05,-0.002739115788700367,7.502755304256148e-06,4.732893374703728e-05
840,3.959202212555635e-05,1.2770024029773452e-05,0.0003843648904886902,0.00037159486645891676,0.00563740448241376,3.178032929840313e-05,0.000344159895786178,0.002419574353953198,5.854340054511908e-06,0.000649656855750802,0.0008218288973780844,6.754027364053172e-07,0.00015927791992909057
841,-3.2212830142003845,1.0,1.0,0.0,0.0,1.0,1.0,0.0,1.0,1.0,0.0,1.0,1.0
842,0.00011798344180435905,5.635260010768602e-05,0.0002074830571099362,0.00015113045700225017,-0.00510103634765291,2.6020571819773686e-05,0.00023728699327385527,0.006506243233553204,4.233120101437837e-05,0.0002287116036688852,-0.010035239284114985,0.000100706027488906,0.0001564505743870681
843,2.2817787766804543e-05,1.1889690298749755e-05,0.00023272542981437697,0.0002208357395156272,-0.004707342744181723,2.215907571112563e-05,0.0001849770176456378,0.0026024898518841057,6.772953429545758e-06,0.00018911530071774596,0.002595581198048727,6.737041755577877e-06,0.0003240839710797472
844,0.00024349501029752307,1.5953562336227616e-05,0.00019180811470635253,0.00017585455237012493,0.0003455951858662925,1.194360322864796e-07,0.00013776403875631615,-0.006028005592161842,3.633685141923859e-05,0.0003395919391780966,0.003377040058586104,1.1404399557157774e-05,9.806836618464487e-05
845,5.9361758346643256e-05,4.656579795725424e-05,0.00034720244473448086,0.0003006366467772266,-0.005611540402918324,3.148938569330628e-05,0.00023856933416188664,0.00711801444276504,5.066612960780148e-05,0.0003891446580981395,-0.007585636332691021,5.754187857065496e-05,0.00041389334194341654
846,5.158492030266082e-05,1.4266156655636426e-06,0.00011127497037614435,0.00010984835471058071,0.0014575322554608975,2.124400274805538e-06,0.00011702038728766961,-0.00017360577878146845,3.013896676673511e-08,9.764705174697408e-05,-0.0014578435289755477,2.125307755118655e-06,0.00011915747209378935
847,-3.2212830142003845,1.0,1.0,0.0,0.0,1.0,1.0,0.0,1.0,1.0,0.0,1.0,1.0
848,1.7531343514343156e-05,4.276965724692161e-06,0.00040080573802558916,0.000396528772300897,0.0003637174366585086,1.3229037376660813e-07,0.0006750811079018204,0.0034813357859715646,1.2119698854617944e-05,0.00028498842168867,-0.0007608600039332567,5.78907945691931e-07,0.00024234768448627708
849,5.911158079896506e-05,1.3832846729252187e-05,9.834883524303024e-05,8.451598851377806e-05,0.005657296086960899,3.200499901545584e-05,0.0001361922516704972,0.0004290217584801133,1.840596689506313e-07,8.630764558004156e-05,0.003051144293972295,9.309481503350092e-06,7.254660847855199e-05
850,8.312419984846109e-05,1.2355530115433963e-05,0.00018942030099526144,0.00017706477087982747,0.005273262663185785,2.7807299115334416e-05,0.00026819340358363863,-0.0010887265559883976,1.185325513852753e-06,9.226655367866599e-05,-0.00284147245586658,8.073965717114717e-06,0.00020780094572347974
851,8.91077397262574e-05,2.250227046292815e-05,0.00030320064735174973,0.0002806983768888216,0.0033042133251508254,1.0917825698064654e-05,0.00033799879942386646,-0.007348035772581855,5.399362971514332e-05,0.0003592441479967068,0.0016110108552211833,2.5953559755764743e-06,0.000212358994634676
852,1.965105531909206e-05,7.274451755486429e-06,0.00018094765802408505,0.0001736732062685986,-0.0037750191632573782,1.425076968253336e-05,0.00022471591075556852,0.0019096555487059996,3.6467843138598965e-06,0.00015721575529259457,0.0019813634875755987,3.925801270066032e-06,0.00016091130802409204
853,6.627549609550254e-05,2.6618288770411763e-05,0.00019422699842290095,0.0001676087096524892,0.0035761320663181217,1.2788720556211608e-05,0.00012612988446791817,-0.0016600400721089833,2.755733041759356e-06,0.00023129807706623318,-0.008019377327048952,6.431041271326432e-05,0.00022525303373455152
854,0.0007015164038356447,0.00025116776569629923,0.000727890637639228,0.0004767228719429288,-0.01491961440680511,0.00022259489404785615,0.0005509670129617561,0.022454137145258592,0.0005041882749380333,0.0006058150791937722,-0.0051691515844409916,2.6720128103008278e-05,0.0010268898207621557
855,0.0005043376701494573,0.00012612561533080027,0.000555402104662354,0.0004292764893315537,-0.01559775668476673,0.00024329001359701952,0.00034021879969248214,-0.00514697108319466,2.6491311331144907e-05,0.0007555806715574542,0.010420917477078313,0.00010859552106423642,0.0005704068427371256
856,-3.214372199798076,7.100213097588348e-05,0.0003392867441919245,0.000268284613216041,-0.008426276222399052,7.100213097610553e-05,0.0003392867441919245,0.008426276222399056,7.10021309749953e-05,0.0003392867441913694,-0.008426276222399049,7.100213097654962e-05,0.0003392867441924796
857,-3.2212830142003845,1.0,1.0,0.0,0.0,1.0,1.0,0.0,1.0,1.0,0.0,1.0,1.0
858,0.00020973128375734174,1.4461381703430773e-05,0.00032592650219372593,0.0003114651204902952,-0.0008274563731068881,6.846840497898299e-07,0.00038842474219136225,-0.002202877610633403,4.8526697670192576e-06,0.0002937463383573258,0.006151974584856663,3.784679129348323e-05,0.0002956084260324898
859,0.00022872411824015337,0.0001941586471186918,0.00040583142393735283,0.00021167277681866103,0.014221637527517924,0.00020225497396386682,0.0005908165668015997,-0.01476020707292949,0.0002178637128357197,0.00041446226715358137,-0.0127419486169222,0.00016235725455648886,0.00021221543785687746
860,-3.2212830142003845,1.0,1.0,0.0,0.0,1.0,1.0,0.0,1.0,1.0,0.0,1.0,1.0
861,0.0004371037255299637,0.00014030420322323303,0.0005762047497394432,0.00043590054651621024,-0.0003766840111512701,1.418908444072997e-07,0.0006145257559887485,-0.017197392508535074,0.0002957503090925684,0.0008415685402655138,-0.011181252601247147,0.00012502040973272344,0.0002725199529640676
862,6.121535099135045e-05,2.0073464457907402e-05,0.00023592430427676891,0.00021585083981886152,0.0005329288267107947,2.8401313445503007e-07,0.00035514909110601067,-0.005780337064222252,3.3412296576051936e-05,7.884121056522808e-05,-0.005150153751413885,2.6524083663215237e-05,0.000273782611159068
863,-3.2212830142003845,1.0,1.0,0.0,0.0,1.0,1.0,0.0,1.0,1.0,0.0,1.0,1.0
864,0.00010071816946477519,3.53623264912987e-05,0.00029131868596739735,0.00025595635947609863,0.003206530815255079,1.0281839869397125e-05,0.000442755971851172,0.00943918960736888,8.909830044434575e-05,0.0004124968422046793,-0.0025897565832279537,6.706839160153244e-06,1.870324384634081e-05
865,0.006987920463421227,0.006944153902319654,0.03158285468816698,0.024638700785847328,-0.08356091115118328,0.006982425872416043,0.03171710992442489,-0.08324454905164996,0.0069296549468119695,0.03103465306954034,0.08318882670004626,0.006920380887730948,0.03199680107053571
866,-3.1275608327216338,5.913256676648437e-06,0.00015563457628731125,0.00014972131961066282,0.0024317188727744393,5.913256676204348e-06,0.0001556345762870892,0.002431718872774439,5.913256677869683e-06,0.00015563457628875454,-0.00243171887277444,5.913256675871281e-06,0.00015563457628609
867,6.168942358164564e-05,3.064000160738859e-05,0.00019029927689614054,0.00015965927528875196,-0.007181231896345417,5.1570091549102415e-05,0.0001846509284769704,0.003087260186250379,9.53117545754445e-06,0.00017971236900649057,-0.005551462673500296,3.0818737815518915e-05,0.00020653453320496062
868,-3.2212830142003845,1.0,1.0,0.0,0.0,1.0,1.0,0.0,1.0,1.0,0.0,1.0,1.0
869,-3.2212830142003845,1.0,1.0,0.0,0.0,1.0,1.0,0.0,1.0,1.0,0.0,1.0,1.0
870,0.00020784398637319068,9.783353033461968e-05,0.0020107841555223236,0.001912950625187704,0.009995359476794594,9.990721107033806e-05,0.003646723627663162,0.009607195110623313,9.229819789347005e-05,0.0020585019048451336,0.010064550761953618,0.00010129518204005095,0.00032712693405867466
871,6.329782412950458e-05,5.080938261918059e-05,0.00013564299322795423,8.483361060877365e-05,-0.007517587723325411,5.651412517759802e-05,0.00012220010773689172,0.006802543872239723,4.627460313377796e-05,0.00010448610495372712,-0.0070455247885243604,4.96394195461658e-05,0.00018024276699324382
872,0.0001570091114951877,3.4407027526032565e-05,0.00021916045393621797,0.0001847534264101854,-0.00036477894538855727,1.3306367896426252e-07,0.0002487656440024466,-0.0007528257038917499,5.667465405867489e-07,0.00018151314384629025,0.010125278878035769,0.00010252127235854669,0.00022720257395991705
873,6.067730270686855e-05,1.92452659896943e-05,0.00027755995962604657,0.0002583146936363523,0.006604530939951018,4.361982893685834e-05,0.00012882348107179364,-0.003755054678868861,1.4100435641095643e-05,0.0004475685192247836,-0.00012463302666246705,1.553339112891905e-08,0.00025628787858156254
874,0.00016548878535738165,0.00010119754260943618,0.0002793783737623882,0.00017818083115295202,-0.007123697055887702,5.074705974394966e-05,0.0003111111274373135,0.011635435984141223,0.0001353833705408647,0.00026258244417876053,-0.010837997856775718,0.00011746219754349418,0.00026444154967109057
875,1.4468395247435595e-05,3.2873485877882302e-06,0.00015761795130619927,0.00015433060271841104,0.002393476406235365,5.728729307152847e-06,6.79020374548811e-05,-0.001215893593900745,1.4783972317466976e-06,0.00015360114250717594,0.0016293922868658927,2.6549192244651465e-06,0.00025135067395654076
876,0.00018546753584269826,7.378257725136154e-05,0.00016576641376875312,9.198383651739157e-05,0.0029249789353027,8.555501771478902e-06,0.00012125333780454994,-0.009033635661854163,8.160657327127563e-05,0.00014402551370640282,-0.011453630721808975,0.0001311856567113301,0.0002320203897953066
877,3.510008586682378e-05,2.0154480167011712e-06,0.00015725228693119764,0.00015523683891449647,0.001882652758028711,3.5443814074831437e-06,0.00015691140540519122,-0.0007263150647527194,5.275335734911124e-07,0.0001672731063594446,0.0014051437894179316,1.9744290691292576e-06,0.0001475723490289571
878,0.00013356549235110649,4.13501110719805e-05,0.00014741053885269917,0.00010606042778071867,0.0019056218553026051,3.6313946554233922e-06,0.00019454750034642032,0.010944470969327018,0.00011978144479873887,0.00020818361560515086,-0.0007984320646781626,6.374937617792398e-07,3.950050060652632e-05
879,3.972000867180636e-05,5.210963081925257e-06,0.0002205783317478597,0.00021536736866593445,0.0038210426566363774,1.4600366984196533e-05,8.919285370045937e-05,-0.00086586938290274,7.497297881409182e-07,0.0002829329304803174,0.0005317823556661939,2.8279247343832026e-07,0.00028960921106280235
880,2.1602982586244046e-05,8.698198311618555e-07,0.00023424116990637214,0.0002333713500752103,-0.0005140079786573216,2.6420420262684985e-07,0.0002285056994784096,0.0011312379177171458,1.2796992268082619e-06,0.00023696792385397014,-0.001032257750592194,1.0655560640504547e-06,0.00023724988638673672
881,9.568873019871749e-05,1.5925650556377253e-05,0.000387103416134756,0.0003711777655783788,-0.0007640311153192306,5.837435452793471e-07,0.00030250190871727867,-0.006669416724559536,4.44811194462158e-05,0.0002812735441797276,0.0016468420317716378,2.712088677636615e-06,0.0005775347955072618
882,0.0001137943731490676,4.309082543914785e-05,0.00040674016555741765,0.0003636493401182698,0.004738300736915809,2.2451493873698602e-05,0.0001885530417915504,0.009908406899091565,9.817652727805992e-05,0.0007540014544643592,0.00294014543278248,8.644455165685017e-06,0.00027766600041634337
883,-3.2212830142003845,1.0,1.0,0.0,0.0,1.0,1.0,0.0,1.0,1.0,0.0,1.0,1.0
884,7.502719668517344e-05,2.202127788767753e-05,0.0001224842690964456,0.00010046299120876807,-0.005426467115807391,2.9446545360078957e-05,0.00021909406428555211,-0.002407321861328284,5.795198544489288e-06,4.539673984760295e-05,-0.005551764562594483,3.0822089758464344e-05,0.00010296200315618176
885,0.00015953111720867774,3.660922519591973e-05,0.00023090698053821837,0.00019429775534229865,-0.002878741046450893,8.287150012442623e-06,0.0003197500262465125,-0.006813663546160294,4.642601091997545e-05,0.00010229728162891583,-0.007423915049028358,5.511451465534112e-05,0.0002706736337392268
886,0.00011294190019484063,2.3796185010212707e-05,9.204731782586073e-05,6.825113281564803e-05,-0.002475202797348071,6.126628887659358e-06,0.00011610326614786004,0.0008984452012814515,8.072037791517772e-07,2.864318025797008e-05,0.008028369844725894,6.445472236382699e-05,0.00013139550707175207
887,0.0004667161723093116,0.00014646334564412852,0.0009231120971369874,0.0007766487514928588,0.02095467035080927,0.0004390982095110463,0.0006846337991269769,-0.0004468241127976565,1.9965178776892856e-07,0.0007856593827847425,-0.0003036044032645914,9.217563357033498e-08,0.0012990431094992427
888,5.4302927877891705e-05,3.0700309548992166e-05,0.00031298754283219193,0.00028228723328319977,0.006120997228056905,3.746660706616112e-05,0.00021457390302881407,-0.0040879461868659345,1.6711304026695295e-05,0.0004970891343955008,-0.006158166736416026,3.7923017554120086e-05,0.00022729959107226083
889,6.84672330848457e-05,1.5270878065483846e-05,0.0001609025468150005,0.00014563166874951664,-0.0040104960949796905,1.6084078927836032e-05,0.0001566239570396366,-0.004018663806613913,1.6149658790931554e-05,0.0001517969259858809,-0.003684955424129219,1.3578896477683955e-05,0.00017428675741948396
890,1.9819981778468332e-05,4.37013792401834e-06,0.000128131114127202,0.00012376097620318366,-0.00010074129486299373,1.0148808460286318e-08,9.605127773060218e-05,-0.0035114816124746542,1.2330503114776903e-05,0.00013984576145087413,0.0008773607291622292,7.697618488178293e-07,0.00014849630320012963
891,-2.9486068146198816,4.9297768276372146e-05,0.00018074026241880295,0.0001314424941424308,0.007021236947787452,4.9297768275557985e-05,0.00018074026241832186,0.007021236947787446,4.929776827733434e-05,0.00018074026241932106,0.007021236947787446,4.929776827622412e-05,0.00018074026241876595
892,0.0002661938416852472,6.350072918330045e-05,0.0003188562957237388,0.00025535556654043834,-0.005485999616083071,3.0096191787953863e-05,0.0003331170445288745,0.011183917547678867,0.00012508001171340766,0.0003223540772273603,-0.00594356661010456,3.5325984048539816e-05,0.00030109776541498157
893,7.07337670908803e-05,2.101719676147103e-05,0.00023652657804721736,0.00021550938128574632,-0.005011821333356472,2.511835307750232e-05,0.00016037008639424588,0.002929398702212874,8.581376756522374e-06,0.00020245216158609747,-0.005417735730914176,2.93518604503884e-05,0.00034675748616130875
894,6.355248156186821e-05,1.8890265311803194e-05,0.00019824895962320768,0.0001793586943114045,-0.002185725479357428,4.777395872235246e-06,0.00024947406591979693,0.0038730965725118087,1.5000877060522555e-05,0.00015820179331504924,0.006073921550584401,3.689252300265178e-05,0.0001870710196347769
895,7.817848703672858e-05,1.7393943503344705e-05,0.00016261820207819078,0.00014522425857484608,0.0013107200446425243,1.7179870356320848e-06,0.0001695265380352584,0.0065835380314735095,4.334297301211709e-05,0.00012965660469688167,0.0026684959176581343,7.120870462284934e-06,0.00018867146350243225
896,2.1154838426240552e-05,6.823252643154791e-06,0.00014068354672417774,0.00013386029408102296,-0.0026788414936363605,7.176191748059502e-06,7.409870686281295e-05,-0.0033565162456225643,1.1266201306869839e-05,0.0002172865502004795,-0.0014238556368108431,2.0273648745350314e-06,0.0001306653831092408
897,0.00019411680453185198,5.546094829315488e-05,0.0005011012321805749,0.00044564028388742,-0.0029165098057064107,8.506029446908592e-06,0.00047359516505562915,-3.880266203341009e-06,1.5056844659966373e-11,0.0006132372887466264,-0.012564903516366266,0.0001578768003757114,0.000416471242739469
898,7.98845706103668e-05,2.7117039413456407e-05,0.00017781043959219645,0.00015069340017874003,0.006373674269242666,4.06237236909579e-05,0.00019879582354220826,-0.0038383275811764202,1.4732758619850905e-05,0.00016307979715390886,0.005098493495989835,2.5994635929560417e-05,0.00017155569808047222
899,2.0349062916369398e-05,8.721117401355727e-06,0.00013855390622034372,0.000129832788818988,-0.004426007390238595,1.9589541418674195e-05,0.0001517499105924136,-0.0021602625259961256,4.666734181202337e-06,3.808962828355522e-05,-0.0013809694438400753,1.9070766041906495e-06,0.00022582217978506236
900,-3.2212830142003845,1.0,1.0,0.0,0.0,1.0,1.0,0.0,1.0,1.0,0.0,1.0,1.0
901,0.00019688966059483448,3.29531002643361e-05,0.00011312206093953374,8.016896067519763e-05,0.00708125148202025,5.014412255122114e-05,0.000171106959570122,0.003360204127818131,1.1290971781319215e-05,5.623930019982293e-05,0.0061175327102117516,3.742420646046796e-05,0.00011201992304865627
902,7.221176170912891e-06,2.3835822336633803e-06,0.00022157525167920689,0.0002191916694455435,0.0013909886070069778,1.9348493049964333e-06,0.0002608421748659939,-0.002238317417308696,5.010064860311303e-06,0.00014630640018764574,0.0004536877073579751,2.0583253568240423e-07,0.000257577179983981
903,0.00012823204101686247,4.227602257981614e-05,0.00012406332564203945,8.178730306222332e-05,-0.005062106552209173,2.5624922745937084e-05,0.00012040405344149185,-0.0027417980826482695,7.517456726113814e-06,6.658471125720045e-05,0.009679136752170758,9.368568826739754e-05,0.00018520121222742603
904,0.0002023810951110594,4.275148124277539e-05,0.00020289015773700125,0.00016013867649422586,0.00754359690793893,5.690585430950801e-05,0.00021990408165850628,0.0052676501668847,2.7748138280547785e-05,8.534806041771148e-05,0.006603063769074071,4.360045113827038e-05,0.000303418331134786
905,1.1580772305896936e-05,3.2283383566422685e-06,0.00028548992674230317,0.0002822615883856609,-0.0019314923467578285,3.730662685663688e-06,0.0003469303922082334,-0.0016864921606458542,2.844255807321616e-06,0.00040122542951726015,0.0017635465906157748,3.1100965769415012e-06,0.0001083139585014159
906,4.467191337664822e-05,1.7834752127391756e-05,0.00022353323372030035,0.0002056984815929086,0.0002629880627822569,6.916272121681999e-08,0.00016495483645173614,0.006396786836751372,4.091888183466175e-05,0.0003053890757703792,-0.003537825861480256,1.2516211826296697e-05,0.0002002557889387857
907,0.00016755875740726012,8.31848002016411e-05,0.00024253514523941977,0.00015935034503777867,0.0008579170092310503,7.360215944496318e-07,0.0001759290754156373,-0.012783474045801338,0.00016341720867851794,0.0003232771808847623,-0.009241275362861175,8.540117033195571e-05,0.0002283991794178597
908,0.0001684967292171491,2.91251235939131e-05,0.0001829845859371663,0.0001538594623432532,0.0005107010722252105,2.6081558524015946e-07,9.309812287916497e-05,-0.00420149649640522,1.765257280927912e-05,0.00028087721436365065,0.008334385543458658,6.946198238722001e-05,0.0001749784205686833
909,0.00015816044066985224,9.382725114178332e-05,0.000734406308845655,0.0006405790577038717,0.0021072160154482285,4.440359336110866e-06,0.0003848026111271663,0.012196596179816194,0.0001487569583733528,0.0008193411455643673,-0.011326271924874894,0.00012828443571588632,0.0009990751698454314
910,2.3593151219580832e-05,4.9613265051817734e-06,0.00015161164947256425,0.00014665032296738248,0.0027287780720255277,7.446229766117085e-06,0.0001652445762072574,0.00028093735179091707,7.892579512169817e-08,9.91104233661888e-05,-0.0027127152364634674,7.358823954306537e-06,0.00019047994884424657
911,9.220421130762269e-05,7.67168490700687e-06,0.00023825381309080149,0.00023058212818379462,0.0036794983492199457,1.3538708102833752e-05,0.0002571431498810117,-0.0026659864759189813,7.107483890433919e-06,0.0002329644357762506,-0.00153911101857684,2.3688627277529406e-06,0.00022465385361514212
912,9.2077963269932e-05,9.50189958304204e-06,0.0006725441020697387,0.0006630422024866967,-0.002718938100973638,7.392624396973524e-06,0.0006263546449686297,0.003853595460211614,1.4850197970983636e-05,0.0006175774528618394,-0.0025025739511714256,6.262876381168958e-06,0.000773700208378747
913,0.00024411661736123413,0.00017385968952835876,0.00046045673778723667,0.0002865970482588779,0.015372040325857492,0.000236299623780023,0.0005655564960617143,-0.008711985303401655,7.589868792634569e-05,0.0002494103087435917,-0.01446999505455097,0.0002093807568787076,0.000566403408556404
914,0.00010025569205651674,3.677048860173393e-05,0.00028904995919087906,0.00025227947058914513,-0.005738624947303558,3.293181628583053e-05,0.0002391525305327491,-0.005232176835439503,2.737567443722444e-05,0.00027173134668911914,-0.007071348887031216,5.000397508214682e-05,0.00035626600035076894
915,2.0317721313056758e-05,7.363944035813456e-06,0.0003196380297454393,0.00031227408570962584,0.003119189505877407,9.72934317344798e-06,0.00034541962497447454,-0.0030206711514970813,9.124454205533539e-06,0.0002704909551258794,0.0017994540085435938,3.2380347284588495e-06,0.000343003509135964
916,-3.2212830142003845,1.0,1.0,0.0,0.0,1.0,1.0,0.0,1.0,1.0,0.0,1.0,1.0
917,0.00016297198993331374,0.0001021708343543389,0.00042352082874412095,0.00032134999438978207,-0.0057751850878374564,3.335276279847754e-05,0.00040162765019702285,-0.012577271430656565,0.00015818775664000473,0.0004983342897684206,0.01072249894493464,0.00011497198362453442,0.0003706005462669193
918,9.052673669285305e-05,4.3188826147437055e-05,0.00025544262606339946,0.0002122537999159624,-0.0006651853160156545,4.424715044359928e-07,0.00026126683411509255,-0.008219980087690431,6.756807264263198e-05,0.0003302591769897001,-0.007845759000589573,6.15559342952432e-05,0.00017480186708540568
919,4.753791281086883e-05,5.557623342940706e-06,0.0003149770477474482,0.00030941942440450754,0.0025423127892025697,6.463354317864933e-06,0.00028809803020946045,-0.0030868373708310658,9.528564954175422e-06,0.00031606283842255944,0.0008251974051788309,6.809507567817619e-07,0.0003407702746103247
920,-0.3666342242760543,6.980444728147776e-05,0.0003255349317461409,0.0002557304844646631,-0.008424362113994596,7.096987702770452e-05,0.00032425158454008063,0.007963146879733932,6.341170822843356e-05,0.0003011984528044076,-0.008662087311298588,7.50317565882952e-05,0.00035115475789393447
921,4.6140286183327106e-05,2.0908852940741223e-05,0.0007160086963242662,0.000695099843383525,-0.001784621147571574,3.184872640171754e-06,0.0008991001374673013,0.006448472981606025,4.158280379418233e-05,0.0008885800317243175,-0.004237792159589224,1.795888238786958e-05,0.0003603459197811798
922,4.8258080115215485e-05,3.08647584324658e-05,0.00011584359060112792,8.497883216866212e-05,-0.005708925365092302,3.2591828823647084e-05,0.00012945977104961148,-0.003611781207594019,1.304496349219253e-05,8.301687795886359e-05,0.006852553026591593,4.6957482981557774e-05,0.0001350541227949087
923,1.8291682705284806e-05,1.2551481481160032e-05,0.0002583612171299654,0.00024580973564880537,-0.002677862943896469,7.170949947621352e-06,0.000211463577066473,-0.004066155802932413,1.653362301412553e-05,0.0002934694450479336,-0.0037349526746594157,1.3949871481733211e-05,0.0002701506292754896
924,3.1349777434797055e-05,1.1004618275263963e-05,0.00014883259945760083,0.00013782798118233686,-0.004759908492651412,2.2656728858039266e-05,9.025313212152053e-05,0.0023433181160501526,5.491139792979105e-06,0.00018501384162461498,-0.0022058980426708486,4.865986174773518e-06,0.00017123082462666694
925,0.0002803970474106743,2.4449121531766593e-05,0.00025216589635660797,0.00022771677482484137,0.005493805495544072,3.018189882331157e-05,0.00014149217144454607,-0.004572607963330241,2.090874358573469e-05,0.00030690080246909,0.004717703062542801,2.225672218625352e-05,0.00030810471515618776
926,0.00019032804899676847,6.525956313300589e-05,0.00023694783189827837,0.0001716882687652725,-0.011012532153551543,0.00012127586443322347,0.00022842711672588223,0.0038705254263328485,1.4980967075972629e-05,0.00018150938720107312,0.007715041016747086,5.952185788982156e-05,0.0003009069917678797
927,5.361047278096276e-05,1.045316985274584e-05,0.00016182718101705648,0.00015137401116431065,0.00012500600370434224,1.5626500760035356e-08,3.150786849226428e-05,-0.005505875645246163,3.031466662106741e-05,0.0004026667481495938,0.0010145030489934171,1.0292164364100742e-06,5.130692640931134e-05
928,5.099124218821416e-05,1.4232792967527885e-05,5.9463238087994107e-05,4.523044512046622e-05,-0.004221474997344832,1.782085115287213e-05,5.6200454134680555e-05,0.003249168554089989,1.0557096292607149e-05,6.993161679924587e-05,-0.003784234593207504,1.4320431457104377e-05,5.225764333005589e-05
929,0.0001380825331074309,1.4860298180208176e-05,0.0002573191901357926,0.0002424588919555844,-0.003277593498774998,1.0742619143466747e-05,0.0003705620632244999,-0.00023764442908901575,5.6474874887690873e-08,0.00023616434661100083,-0.005812211328092088,3.378180052227009e-05,0.00016523116057187703
930,-3.219465217504201,7.100213097621655e-05,0.00033928674419262766,0.0002682846132164111,-0.00842627622239905,7.100213097577246e-05,0.0003392867441924796,-0.008426276222399052,7.100213097632757e-05,0.00033928674419270166,0.008426276222399052,7.100213097654962e-05,0.00033928674419270166
931,0.0039340057347161395,0.0016201681998212851,0.0024302773535828845,0.0008101091537615994,0.02777303880998924,0.0007713416847411336,0.0012675556535794996,-0.02288119863659675,0.0005235492510478057,0.0010464313215755583,-0.0597127596387491,0.003565613663674916,0.004976845085593595
932,9.536786426445065e-05,2.746772427638285e-05,0.00020477115541095436,0.0001773034311345715,0.00508382138507585,2.5845239875477155e-05,0.0002228141146106699,-0.0010607462849287787,1.1251826803615472e-06,0.0001407016260431826,0.007445317338596192,5.543275027330985e-05,0.0002507977255790106
933,1.6798540517171112e-05,7.157597914623596e-06,0.0001645711718557911,0.0001574135739411675,-0.0017391612305373595,3.0246817858126107e-06,0.00016745551051922103,0.003828062056802719,1.4654059111607332e-05,8.018179024482652e-05,-0.001947832858990413,3.794052846450846e-06,0.00024607621480332575
934,6.178137079926316e-06,2.4923828962168195e-06,4.822529079958245e-05,4.5732907903365635e-05,-0.0019856895711228215,3.942963073377825e-06,7.802411730084557e-05,-0.0017123345096604144,2.9320894729956137e-06,1.56527546665286e-05,-0.0007759485435475883,6.020961422770199e-07,5.0999000431373176e-05
935,0.0005738577719714977,0.0001126138794581566,0.0006329407950154131,0.0005203269155572565,-0.00946057835857145,8.950254287831694e-05,0.001108766670509409,-0.013023867457827734,0.00016962112355900505,0.00042769731062453076,0.008872314914239494,7.87179719371478e-05,0.00036235840391229956
936,3.4347132093826005e-05,1.4436856809759332e-05,0.00018747456474510482,0.00017303770793534548,-0.003318862545089491,1.1014848593449145e-05,0.0002195869846229881,-0.002087123144833272,4.356083021739288e-06,0.00014610427468553233,0.0052857959489834554,2.7939638814089562e-05,0.00019673243492679404
937,0.00023941924858583707,6.579138449898843e-05,0.00033902852004756107,0.00027323713554857265,0.011724711211282384,0.000137468852987932,0.0003220036089460754,-0.005124214040091553,2.6257569528898017e-05,0.0004306493559655955,-0.005800666425510234,3.364773098013529e-05,0.00026443259523101226
938,0.00023933859768798804,4.4468038604953776e-05,0.0001407102817079601,9.624224310300633e-05,-0.003691527116996647,1.3627372455138342e-05,7.035261027577011e-05,-0.010501086566301748,0.00011027281907372011,0.0002057217960174107,-0.003082843539050325,9.503924286002885e-06,0.00014605643883069952
939,2.5751762545267454e-05,7.80205410103966e-06,0.00019038214176429294,0.0001825800876632533,0.00017134959311556247,2.936068310699369e-08,4.611523291164765e-05,0.002219466688738652,4.926032382335244e-06,0.00024236727330462227,-0.004295435861181398,1.8450769237676745e-05,0.00028266391907660893
940,-3.2212830142003845,1.0,1.0,0.0,0.0,1.0,1.0,0.0,1.0,1.0,0.0,1.0,1.0
941,9.684775502993848e-05,3.850046904470735e-06,0.00015892448432390052,0.00015507443741942978,0.0026386254540255094,6.96234428676501e-06,9.729563978833067e-05,0.0010715671880178557,1.14825623853676e-06,9.934309765602389e-05,0.001854599738038462,3.439540188110435e-06,0.00028013471552734703
942,0.00025590226764671264,0.00010027021755550554,0.00034410236227107777,0.00024383214471557224,0.005128970055870995,2.6306333834047457e-05,0.0003495963330577556,0.014848792077356227,0.00022048662615692383,0.000339594166474666,0.007349672963816434,5.401769267554535e-05,0.00034311658728081174
943,5.452635408742523e-07,1.6221465452363285e-07,0.0002047594948390389,0.00020459728018451528,0.0002639245529408582,6.965616916598805e-08,0.0003245289508208016,-0.00020004784935267564,4.001914177820254e-08,0.00017171929213732895,0.0006139777298406699,3.76968652626708e-07,0.00011803024155898623
944,0.0002467847073639451,8.613094160829042e-05,0.0006477071747196991,0.0005615762331114087,0.007731113067501321,5.977010926250248e-05,0.0004887015538380668,-0.00198658393419479,3.946515727659694e-06,0.0006959440605428524,-0.013952641321074578,0.00019467619983470907,0.0007584759097781779
945,0.0003293129497465852,0.00012395613465188138,0.00029189893306173315,0.00016794279840985177,0.001946953752665053,3.790628914868144e-06,0.000160180431210466,0.009665318574828512,9.341838315324313e-05,0.00023743187994385018,-0.016572851048851124,0.00027465939188753286,0.0004780844880308832
946,3.0238810372340552e-06,1.3188471023051207e-06,0.0001961328103030994,0.00019481396320079428,0.0009136280455528409,8.347162054889168e-07,0.00016043534256415803,-0.0012780985840427082,1.6335359910302216e-06,0.00012363808836191037,-0.001219954552472688,1.4882891103962237e-06,0.0003043249999832298
947,7.231200968849105e-05,4.968502460289681e-05,0.00024831665816837933,0.00019863163356548252,0.007071881590606207,5.0011509231784324e-05,0.00027877142481880224,-0.007591675682602591,5.7633539669699196e-05,0.00023722979705409486,0.0064350621525282,4.141002490720691e-05,0.0002289487526322409
948,0.00023795430305217913,0.0001010946282109515,0.0002224526567812246,0.00012135802857027311,-0.014035316408083488,0.00019699010667484362,0.0003343848835215546,0.0037272084563485007,1.3892082876831857e-05,0.00011634174696861788,-0.009612580042915026,9.240169508117901e-05,0.00021663133985350136
949,1.1563954138815724e-05,4.694454349881323e-06,0.0002498373657158955,0.0002451429113660142,-0.0016508978413595974,2.7254636831841594e-06,0.0003602653288805602,-0.0002669531984262748,7.126400980439485e-08,0.00019490129493149322,-0.003359558803882968,1.1286635356655417e-05,0.00019434547333563312
950,-3.2212830142003845,1.0,1.0,0.0,0.0,1.0,1.0,0.0,1.0,1.0,0.0,1.0,1.0
951,0.00012621299695114718,6.030692441686784e-06,0.0002782440122735356,0.0002722133198318488,-0.0020189738773754777,4.076255517349026e-06,0.00025210473771497544,0.0036803363651855695,1.35448757608847e-05,0.00025071922508712596,-0.000686255088905702,4.709460468266258e-07,0.0003319080740185054
952,0.00019115236151989734,6.47534121734165e-05,0.00047252409834970993,0.0004077706861762934,0.012859312035673474,0.00016536190603066991,0.0006351553906605023,0.0035189076111718674,1.2382710775971084e-05,0.0005138349958065946,-0.004063941401358678,1.6515619713608487e-05,0.0002685819085820329
953,0.0002452876449865471,6.704012850844432e-05,0.00040935157790951876,0.00034231144940107444,0.0002531719908672236,6.409605723955991e-08,0.000200890178178037,0.004926368585299676,2.426910743813515e-05,0.0005790935524124796,0.013296134100933475,0.00017678718202995825,0.0004480710031380397
954,0.00016304780505771443,7.02461346042682e-05,0.00038509068340771463,0.0003148445488034464,0.009041996120832759,8.17576938489939e-05,0.00027792429058337564,-0.0015965333897989611,2.5489188649752137e-06,0.0002295460010574013,0.01124418921483655,0.0001264317910988355,0.000647801758582367
955,0.00010873986871173802,2.97502945257877e-05,0.0002740787750285338,0.0002443284805027461,0.001466089950414328,2.149419742747405e-06,0.0002985446444725426,-0.008388913219430158,7.03738650029706e-05,0.00033193062036118715,0.004089938732041203,1.6727598831645096e-05,0.00019176106025187156
956,0.00011572066764276023,8.971313269438379e-05,0.00026021004850766233,0.00017049691581327853,-0.008661097986932636,7.501461833914203e-05,0.00021520057950807914,-0.010561757690202086,0.00011155072550628198,0.0003187800393410489,0.009087026699499609,8.257405423772735e-05,0.00024664952667385887
957,0.0001482050358141418,3.400635322425849e-05,0.00023685240001565985,0.00020284604679140136,0.009744882323887873,9.496273150644274e-05,0.00016532880059871857,0.001738126212182013,3.0210827300924947e-06,0.0003041639634521198,-0.0020087920340744365,4.035245436240231e-06,0.00024106443599614114
958,0.0001742490458183088,7.462223923708026e-05,0.00029141790145592594,0.00021679566221884566,-0.008520106276451752,7.25922109621191e-05,0.0004538384060114309,-0.01228953208741836,0.00015103259892768062,0.0003313394192752117,-0.0004918412563490392,2.419078214410675e-07,8.907587908113523e-05
959,0.0001581830785875038,3.3050614566302684e-05,0.00019299066615274807,0.0001599400515864454,-0.00488410375706626,2.3854469509587695e-05,0.00017297590588227774,-0.004456824356493585,1.986328334535603e-05,0.00018694570692145973,0.007445407365840455,5.5434090843964334e-05,0.00021905038565450674
960,0.00014881953659307,4.539617443377608e-05,0.00022147942670343776,0.00017608325226966168,0.0005760867566705389,3.318759507209279e-07,0.0001071370378574743,0.008010840748957226,6.417356950427777e-05,0.0002857881096001158,0.008466585961691258,7.168307784632955e-05,0.00027151313265272314
961,-3.2212830142003845,1.0,1.0,0.0,0.0,1.0,1.0,0.0,1.0,1.0,0.0,1.0,1.0
962,0.00033130421529048437,8.90724511908673e-05,0.0005829742809264257,0.0004939018297355584,0.015022083006262291,0.00022566297784731848,0.00031071647656943924,-0.00551102870087792,3.03714373421915e-05,0.0008406595551183615,0.0033440900680454713,1.1182938383091923e-05,0.0005975468110914761
963,-1.1231756286817842,4.049249257061701e-05,0.00014397901787129483,0.00010348652530067781,-0.0064389872754186655,4.146055713272201e-05,0.00013912604415478036,0.006383983386543088,4.0755243880252756e-05,0.00014296851101258667,-0.006265913875772779,3.926167669887626e-05,0.00014984249844651742
964,0.00020010863006103552,0.00010873110292786148,0.0005699947771701611,0.00046126367424229964,-0.010677519268941763,0.00011400941773909157,0.0005509436838315729,-0.010008574826792986,0.00010017157006403377,0.0005521695258533521,-0.010583587339884248,0.0001120123209804591,0.0006068711218255585
965,-3.2212830142003845,1.0,1.0,0.0,0.0,1.0,1.0,0.0,1.0,1.0,0.0,1.0,1.0
966,0.00030475410020458504,0.000115307736293165,0.00023809883352143846,0.00012279109722827347,-0.005315400119702206,2.8253478432715973e-05,0.0002263668365155569,-0.01713040314382529,0.00029345071186970273,0.0003728348319886887,-0.004921282208631535,2.4219018577076312e-05,0.00011509483206006976
967,0.0015130620418266627,0.00047292890932448817,0.000760398629417384,0.00028746972009289584,-0.0109884968583907,0.00012074706320697182,0.0004968595826847499,0.004900730394493515,2.4017158399503025e-05,7.411741012985917e-05,-0.035693451869593246,0.0012740225063669897,0.001710218895437543
968,1.876493148178504e-05,4.980666757026242e-06,0.0002212337614752776,0.00021625309471825135,0.0007314099613162603,5.34960531761719e-07,0.00020998477055633735,-0.0019357872528229278,3.7472722882458953e-06,0.00025236315691279376,0.003264929930526576,1.0659767451071112e-05,0.00020135335695670165
969,1.98416355094988e-05,8.75022355092033e-06,0.0005901936916151707,0.0005814434680642503,-0.0040980225937593375,1.679378917895935e-05,0.0008613332700292409,0.0030752018270144227,9.456866277068876e-06,0.000319373255655675,3.8982951919804775e-06,1.5196732761069143e-11,0.0005898745491605961
970,6.842075804458503e-05,5.7964900865218695e-05,0.00015457775636984472,9.661285550462603e-05,-0.00792975940734922,6.28810842585592e-05,0.00016783287319677154,-0.00804851224278251,6.477854932218641e-05,0.00017298942811672102,-0.006799637417885862,4.623506901491048e-05,0.0001229109677960416
971,0.00017102930074985867,8.255933908015341e-05,0.00022898454919810055,0.00014642521011794712,-0.0023649520913734214,5.592998394865489e-06,0.0002323128685017828,0.009629620957503556,9.272959978512407e-05,0.00021394142535291483,-0.012221105476188113,0.00014935541906047067,0.00024069935373960405
972,3.722740947265102e-05,1.312882505966062e-05,0.00011145796225538647,9.832913719572585e-05,-0.0038259954228449695,1.4638240975251016e-05,0.00010804862754865141,0.0002604931459242122,6.78566793865798e-08,0.0001048891612637215,-0.004967934935507724,2.4680377524344266e-05,0.00012143609795378651
973,2.4942964739538276e-05,7.380269508712918e-06,0.00012366611083047818,0.00011628584132176527,-0.0017378684395705022,3.0201867130541515e-06,0.00020093301062917845,-0.0014743923086541603,2.1738326798637075e-06,4.1666029270914784e-05,0.0041166478028749134,1.6946789133220896e-05,0.0001283992925913413
974,-3.2212830142003845,1.0,1.0,0.0,0.0,1.0,1.0,0.0,1.0,1.0,0.0,1.0,1.0
975,-3.2212830142003845,1.0,1.0,0.0,0.0,1.0,1.0,0.0,1.0,1.0,0.0,1.0,1.0
976,3.344637253710481e-05,1.7285333717106017e-05,0.00020861459355766185,0.00019132925984055582,-0.005293052356567931,2.801640324967547e-05,0.0003203803810623018,-0.001251608073108914,1.5665227685035532e-06,0.00016046163139171732,-0.004719435891414465,2.227307513313903e-05,0.00014500176821896638
977,5.4729557754762403e-05,1.8695932122928898e-05,0.00024998793578279166,0.00023129200365986277,-0.0012903850969362238,1.665093699254605e-06,0.000298506375937313,-0.0068438863353994525,4.6838780172753225e-05,0.00016417425972947708,-0.0027538922451175287,7.583922496778861e-06,0.0002872831716815849
978,-3.010864186991528,9.620658774818954e-06,0.00016181335607675282,0.00015219269730193385,0.0031017186807251996,9.62065877530005e-06,0.0001618133560772339,0.0031017186807252017,9.620658773412671e-06,0.00016181335607556857,0.003101718680725199,9.62065877574414e-06,0.00016181335607745595
979,2.7271062996159223e-05,2.6513825619097395e-06,0.0002007134134546599,0.00019806203089275015,0.00013470391974535972,1.8145146274406443e-08,0.0002282729111806603,-0.001538626380556709,2.367371139122554e-06,0.00022155959196246133,0.0023597947792458125,5.568631400332258e-06,0.0001523077372208581
980,-3.0797040203475827,5.913256676352378e-06,0.00015563457628701519,0.00014972131961066282,-0.00243171887277444,5.913256675649237e-06,0.0001556345762865341,0.00243171887277444,5.913256676426393e-06,0.0001556345762870892,-0.0024317188727744393,5.913256676981504e-06,0.00015563457628742228
981,-2.877649374006845,1.087484661344007e-05,0.0002824803114170882,0.0002716054648036481,0.003306654191276043,1.0933961941406167e-05,0.0002801703839220293,0.003289586745665791,1.0821380956427262e-05,0.00029169588288491255,0.0032968465147831037,1.086919694248678e-05,0.0002755746674443227
982,0.0001158296690514371,3.8098604591215356e-05,0.0006466626193457984,0.000608564014754583,-0.010510545912595657,0.00011047157538079944,0.0012252509970227532,0.00106913960925813,1.1430595040495817e-06,0.0003272336048691926,-0.001637430575201618,2.6811788887970422e-06,0.00038750325614544945
983,2.0691378889492462e-05,4.330051209699981e-06,0.00024443466204882025,0.00024010461083912027,0.003096172282022787,9.586282799456392e-06,0.00017974932657016662,-0.0015886164244661662,2.523702143819584e-06,0.0003467370631056177,0.000938173057347928,8.801686858239677e-07,0.00020681759647067643
984,3.602654467205202e-05,1.3940999781395883e-05,0.0001683735053020774,0.00015443250552068152,0.00591709764449809,3.5012044534710185e-05,0.00012219875774277522,-0.0017354022431600754,3.0116209457364818e-06,0.00019002560718084371,-0.0019491880010748348,3.7993338637409835e-06,0.00019289615098261326
985,0.00011851439280841092,3.8509824173675135e-05,0.00018667125737311294,0.0001481614331994378,0.005729942103973609,3.283223651462386e-05,0.000142472861810794,-0.008136135930341864,6.619670787721965e-05,0.00016077883406029336,0.004062084210049385,1.6500528129181902e-05,0.0002567620762482514
986,-3.2212830142003845,1.0,1.0,0.0,0.0,1.0,1.0,0.0,1.0,1.0,0.0,1.0,1.0
987,-3.1055281146866944,4.8451008314298605e-06,0.00015653596266203737,0.0001516908618306075,0.002201158974711956,4.845100831651905e-06,0.0001565359626617413,0.002201158974711956,4.845100831318838e-06,0.0001565359626621854,0.0022011589747119556,4.845100831318838e-06,0.0001565359626621854
988,3.156071764898183e-05,1.4926276960536278e-05,0.000180295323191045,0.00016536904623050871,-0.005537899532702289,3.066833123444024e-05,0.00018302523700874929,0.0013467591792920746,1.8137602871837188e-06,0.00025883525521464,0.0035066706945090426,1.2296739359984876e-05,9.902547734974565e-05
989,0.0002011638102165092,0.00012419356822457317,0.0002559229504986253,0.00013172938227405212,0.009110194094761373,8.299563644464936e-05,0.0001384494043202844,0.012832925158193178,0.00016468396811586405,0.00041090936069054784,-0.011175916074882442,0.0001249011001132061,0.00021841008648504356
990,0.00021385855559941103,0.00016528596561693476,0.0007626992034909241,0.0005974132378739894,0.009345250824494299,8.733371297275916e-05,0.0003956399779085906,0.014463842388605149,0.00020920273664237765,0.0010354735088682343,-0.014118124777579035,0.00019932144723566747,0.0008569841236959475
991,0.00012511811475768297,5.787404636266776e-07,0.00010571246557581719,0.00010513372511219052,-0.00032073862510011175,1.028732653507447e-07,0.00010489811191405352,0.0008684275060344623,7.541663332721882e-07,0.00010687482944071736,0.0009376469436460955,8.791817922570999e-07,0.00010536445537268069
992,-3.2212830142003845,1.0,1.0,0.0,0.0,1.0,1.0,0.0,1.0,1.0,0.0,1.0,1.0
993,8.529160807257963e-05,1.9253338494025957e-05,0.00017596549226813382,0.00015671215377410785,-0.0008000491068223825,6.40078573810321e-07,9.324044501779483e-05,0.007556667773448829,5.710322783869515e-05,0.00025367400687625885,0.00012926356722639849,1.670906957240703e-08,0.00018098202491034776
994,2.583929686328368e-06,1.3072672786496042e-06,0.00026521315390122996,0.00026390588662258036,-0.0012560150873274305,1.577573899513851e-06,0.00028770934833466377,-0.0014325056123755807,2.0520723292838383e-06,0.00014755997357218664,-0.0005405142060024292,2.921556071511233e-07,0.0003603701397968395
995,0.00010752352295562151,2.8442357054755025e-05,0.00015342975609607587,0.00012498739904132083,0.00010637712735653034,1.1316093173618924e-08,0.00010635207664977386,0.007514404499694935,5.6466274985345066e-05,0.00022811432250435804,-0.005371171202462389,2.8849480085746393e-05,0.00012582286913409568
996,9.06805229745622e-05,1.4279145203244248e-05,0.00014198793071895643,0.0001277087855157122,0.004669084410480801,2.180034923193741e-05,0.00012594308028290868,0.0016127797721242104,2.6010585935098973e-06,0.00012656634281005275,-0.0042937195745108,1.8436027784285436e-05,0.00017345436906390788
997,-3.1075161437149577,1.0436332280113389e-05,0.00015037819463988486,0.00013994186235977146,-0.0031503515037287658,9.924714597375761e-06,0.0001434793123095135,0.0004281514639548558,1.8331367668267262e-07,0.00016033218111854985,0.004604450951601993,2.120096856628173e-05,0.0001473230904915912
998,0.00028685520519866614,0.0001332377803460183,0.0002778123597340458,0.00014457457938802748,-0.008071970029059227,6.515670014983765e-05,0.00018089628054962503,-0.009336420715533197,8.716875177772199e-05,0.00027289064816604647,0.015728569200988675,0.00024738788911049525,0.0003796501504864658
999,-3.2212830142003845,1.0,1.0,0.0,0.0,1.0,1.0,0.0,1.0,1.0,0.0,1.0,1.0
1000,3.8818708019139336e-05,1.1817784522342537e-05,0.0002611769768406195,0.00024935919231827697,0.003917045677179945,1.5343246837051794e-05,0.00023486648638915142,0.003975288853731177,1.580292147029816e-05,0.00029204615289657454,0.0020753759320728147,4.307185259677659e-06,0.00025661829123613256
1001,4.2294882162452474e-05,8.91748458668277e-06,0.0002687800013658019,0.0002598625167791191,-0.00507417686485142,2.574727085635775e-05,0.0004451775339811004,-0.0006519570098094941,4.250479426204379e-07,9.82279453820567e-05,-0.0007616659117775808,5.801349610701223e-07,0.0002629345247342485
1002,0.000411367450218858,0.00011397269814591067,0.0003174295995443203,0.00020345690139840966,-0.010853401787625358,0.00011779633036357318,0.0002743194851705377,-0.014472182573294162,0.00020944406843470542,0.0004803010601824864,0.0038311480836978047,1.4677695639453425e-05,0.00019766825327993676
1003,0.00016964649009743038,6.79057600050011e-05,0.00040547508554622524,0.00033756932554122415,-0.01093654421521463,0.000119607999371385,0.0004339518400946485,-0.009156247602060625,8.38368701500114e-05,0.00042657801437440135,0.0005219295873451476,2.724104936069338e-07,0.0003558954021696259
1004,0.00018796849608571087,0.000111386503674001,0.0005148902425109828,0.0004035037388369818,0.009526488794298035,9.075398874758278e-05,0.0005029550825289553,-0.008818733951996841,7.777006851605872e-05,0.00046068247067909684,0.012869943813332174,0.00016563545375836153,0.0005810331743248964
1005,5.74074356824994e-05,7.4941212829064225e-06,0.00018108699874123482,0.0001735928774583284,0.004624848636011472,2.1389224905354887e-05,0.00010159690228794815,0.0007099169145267309,5.039820247798588e-07,0.00022560806468441275,0.0007675655792596188,5.891569185845213e-07,0.0002160560292513436
1006,4.4170372742624586e-05,6.859024328398355e-06,0.00016372653097318501,0.00015686750664478666,-0.00042859324833163407,1.836921726949825e-07,4.829070477185837e-05,0.0042496207569542,1.805927657794193e-05,0.00023670848840406933,-0.001527777547237924,2.334104234558154e-06,0.00020618039974362734
1007,0.00022893710499916065,2.3769024252088638e-05,0.00015379028346403553,0.0001300212592119469,0.004265094444260396,1.8191030618619486e-05,0.000154435116623719,-0.005443258822446217,2.9629066608305443e-05,0.00016242732518578773,-0.00484633629964023,2.348697552934098e-05,0.00014450840858259983
1008,-3.2212830142003845,1.0,1.0,0.0,0.0,1.0,1.0,0.0,1.0,1.0,0.0,1.0,1.0
1009,0.00010059448007271321,5.180502201044638e-05,0.00021677454843331093,0.00016496952642286455,-0.008551031098067164,7.312013284044294e-05,0.0002686222799859195,-0.00738724150404131,5.457133703912209e-05,0.00023369787275873133,-0.005265320137597889,2.772359615177411e-05,0.000148003492555282
1010,7.918919921912071e-05,2.3302525820353043e-05,0.00010005846805971608,7.675594223936304e-05,-0.003825402521085268,1.463370444831913e-05,0.00012585595658110016,-0.007379716878713704,5.446022120991767e-05,0.00013000191368450764,-0.0009020264978796469,8.13651802822335e-07,4.431753391354043e-05
1011,0.00011423884890870983,2.654727326153091e-06,0.00022687271462481137,0.00022421798729865827,-0.0008280391937729629,6.856489083162387e-07,0.00024037757992245723,-0.002414796655955124,5.831242889664523e-06,0.000261227720903201,-0.001203033740269126,1.447290180478511e-06,0.00017901284304877585
1012,0.0011352776303976686,0.00037936635973849037,0.001427435469522879,0.0010480691097843886,-0.0020302765800404798,4.122022991492891e-06,0.0016877139968786148,-0.014292986651637678,0.00020428946742401255,0.00033507544615374307,0.030490778750299537,0.0009296875887999656,0.002259516965536279
1013,0.000709548797473647,0.00021797870006878828,0.0004233513049085591,0.00020537260483977082,0.018363620527299875,0.00033722255887058683,0.0006326274432942869,0.01718845141298783,0.00029544286197669134,0.00042224069140683884,-0.0046120146746403265,2.1270679359086664e-05,0.00021518578002455158
1014,0.0001079564840558156,2.4023333902685923e-05,0.00022793758327399605,0.00020391424937131011,0.0072703216675964865,5.285757715067785e-05,0.0004115231200395586,0.003559527215863825,1.2670233999978464e-05,6.83073679839108e-05,-0.0025577706224581393,6.542190557401462e-06,0.00020398226179851875
1015,0.00044768591825050663,0.00022071293429585617,0.0007311334352692045,0.0005104205009733483,0.016091900196842996,0.0002589492519450287,0.000735345498809381,0.02006886363830695,0.0004027592877330344,0.0012083033026265566,0.0006559445169891019,4.302632095054548e-07,0.0002497515043716758
1016,4.5437907947420975e-05,1.639119045922695e-05,0.00024499562975333067,0.0002286044392941037,-0.0031319894014822493,9.80935761107915e-06,0.00012397355451621017,-0.0024555794768481233,6.029870567192397e-06,9.064052738472217e-05,-0.005773590148197929,3.333434319940931e-05,0.0005203728073590597
1017,7.940888593993556e-05,7.866285190634888e-07,0.00012831175429924477,0.00012752512578018127,-0.00117059143854404,1.3702843150165123e-06,0.00013373474849975864,0.0009736988653683377,9.480894797020412e-07,0.0001361537024694437,0.0002037443592051405,4.1511762471913016e-08,0.00011504681192853194
1018,0.00020436136077128797,3.8281591860293375e-05,0.00033385353323300837,0.000295571941372715,-0.0077053669317604856,5.9372679552693874e-05,0.00031145706259905204,0.0004926709588503317,2.427246742486844e-07,0.0003174578702734854,-0.007431646611190955,5.522937135393757e-05,0.0003726456668264877
1019,0.00019818604744648027,1.3879625986867872e-05,0.00020390705624114455,0.00019002743025427668,-0.00257029985336363,6.606441336098889e-06,0.0002544692897258338,-0.0028256565619718984,7.98433500626139e-06,0.0001025355141298645,0.005200778943468674,2.7048101618243336e-05,0.0002547163648677353
1020,-3.2212830142003845,1.0,1.0,0.0,0.0,1.0,1.0,0.0,1.0,1.0,0.0,1.0,1.0
1021,0.0007373377859148933,0.0002558162052705611,0.0007508227868885387,0.0004950065816179776,-0.009271474642903548,8.596024205387298e-05,0.0004237413672156798,0.02596010371238269,0.0006739269847575446,0.0016378792587653512,0.0027497979926362315,7.561389000265706e-06,0.00019084773468458494
1022,-3.2212830142003845,1.0,1.0,0.0,0.0,1.0,1.0,0.0,1.0,1.0,0.0,1.0,1.0
1023,5.4737512009128686e-05,1.0651728834520924e-06,7.966495641838674e-05,7.859978353493464e-05,-0.0016932739042703983,2.8671765144316907e-06,0.00014967596854020826,-0.00020036770020054716,4.014721444178804e-08,2.0025357603481453e-05,0.0005368378919871226,2.8819492148279835e-07,6.929354311147051e-05
1024,0.002795846884285247,0.002382229462066158,0.0065444699490601055,0.004162240486993948,-0.05268835874278322,0.002776063147008734,0.007519118212163556,0.043708595463144206,0.0019104413173604007,0.005427025044077105,0.04960024114688389,0.0024601839218293398,0.006687266590939656
1025,5.8171909665727384e-05,1.6936042582978612e-05,0.00014796339041463677,0.00013102734783165815,0.004729088887137077,2.2364281702436095e-05,8.88195525465818e-05,0.003210744034451153,1.0308877254505688e-05,0.00016008838010839188,-0.0042585172057984155,1.8134968791994055e-05,0.0001949822385889366
1026,4.1276957567726313e-05,2.122622472563081e-05,0.00019346668029825617,0.00017224045557262535,0.005429738137453497,2.9482056241536547e-05,0.0002038619303235123,-0.005742731390007557,3.2978963817931195e-05,0.00015921120002659883,0.0011034736597676136,1.2176541174246935e-06,0.00021732691054465736
1027,5.466339327409031e-05,2.1858432992590455e-05,0.00025048859323854405,0.0002286301602459536,-0.004515537582361284,2.0390079657262028e-05,0.00022257573984518775,-0.005339464987124003,2.850988634917062e-05,0.0002546251813859701,-0.004083544167914879,1.667533297133872e-05,0.00027426485848447424
1028,4.3860084248725784e-05,9.427973202210302e-06,0.00023291529987275647,0.00022348732667054616,-0.002072172355974836,4.293898273055596e-06,0.00013011943634644307,0.004231493318981818,1.7905535709017428e-05,0.0003352872677426788,0.0024666750139697925,6.084485624557878e-06,0.0002333391955291475
1029,0.00250434945755007,0.000629578759199334,0.0017473640883513368,0.0011177853291520028,-0.006729560914243939,4.528699009864745e-05,0.0006560167646708637,0.012724924705332546,0.0001619237087565617,0.0005610863998269933,0.04100640899594318,0.001681525578742793,0.004024989100556153
1030,0.00041721593517218825,9.138420226806332e-05,0.0003334232703106066,0.00024203906804254327,0.013108224879798411,0.00017182555949935008,0.0003982418462680215,0.009213390905151374,8.488657197147642e-05,0.00032447368835952783,0.004176179513974568,1.744047533336346e-05,0.00027755427630427043
1031,0.0031274533460528,0.0002655715247385689,0.0007684525125265148,0.0005028809877879459,-0.011739372502832395,0.00013781286676062265,0.00041436228989710777,0.010828031716893838,0.00011724627086173722,0.0008765347321202377,-0.023273492144346885,0.0005416554365933468,0.0010144605155621989
1032,-3.2212830142003845,1.0,1.0,0.0,0.0,1.0,1.0,0.0,1.0,1.0,0.0,1.0,1.0
1033,1.3211947351265962e-05,8.408461105502418e-06,0.0001161777554875935,0.00010776929438209108,0.0021826220387319473,4.763838963750544e-06,8.816546184586826e-05,-0.003559808657294965,1.267223767609238e-05,0.00016668090251015233,0.0027909329402556675,7.789306676664332e-06,9.36869021067599e-05
1034,0.00022837668949948764,0.00012056692231721122,0.0002677046998958617,0.00014713777757865049,0.006821189536408002,4.6528626691966224e-05,0.0002377083231336341,-0.010870231697067769,0.00011816193714786483,0.00020538058798325043,-0.014036032313721166,0.00019701020311180262,0.00036002518857070065
1035,4.762811706726655e-05,7.573893471575961e-06,0.0001846121158117775,0.00017703822234020153,-0.00011282511919265801,1.2729508003239687e-08,2.237008691741149e-05,0.002664549126795444,7.0998220489393304e-06,0.00040212554451835025,0.003950839006763191,1.5609128857785315e-05,0.00012934071599957075
1036,8.111589951487197e-05,3.271477212955324e-05,0.00022710934873641322,0.00019439457660686,-0.0021321503608019076,4.54606516087086e-06,0.00022320866543645845,-0.006389077797268592,4.082031510010964e-05,0.00022437673561448435,-0.0072648424709234995,5.2777936127679226e-05,0.0002337426451582969
1037,3.3944962776422116e-05,1.1419347417588691e-05,0.00011499732732589418,0.00010357797990830549,-0.004990982564566075,2.490990695969142e-05,9.375073897754937e-05,-0.0030535684093196502,9.32428003053154e-06,0.00013684622764709164,0.00015445149101022424,2.385526254311543e-08,0.00011439501535304153
1038,0.0013296148360222304,0.0011620866001511205,0.005207137971238063,0.0040450513710869425,-0.03389817648580396,0.0011490863690627462,0.005237632482800847,-0.0326982044518203,0.0010691725743731118,0.004998506424392035,-0.03560899966325203,0.0012680008570175039,0.005385275006521306
1039,0.0009552132239137867,0.00035747396133745113,0.0009958495784947081,0.000638375617157257,-0.0030629750282901978,9.381816023723566e-06,0.0006798508041329088,-0.01329512644017435,0.00017676038706038177,0.0005592929459298235,-0.0297704497938523,0.000886279680928248,0.0017484049854213923
1040,-3.161588146227918,3.2030590480329003e-05,0.0001630027050159022,0.0001309721145355732,0.005659557445649234,3.2030590480625065e-05,0.00016300270501601322,-0.00565955744564923,3.203059048051404e-05,0.0001630027050159022,-0.00565955744564923,3.203059047984791e-05,0.00016300270501579117
1041,1.072805315505132e-05,4.467554975629007e-06,0.0002615481068622601,0.0002570805518866311,-0.002679038820224647,7.177248999901131e-06,0.0003587140386268617,0.002470968032753565,6.1056830188421785e-06,0.00031850699209157174,-0.0003460244332841644,1.197329081437104e-07,0.00010742328986834693
1042,7.37821649170467e-05,1.4204130391807604e-05,0.0002749368693944672,0.0002607327390026596,-0.0058559358530441636,3.429198471494033e-05,0.0002458512038305827,-0.002417888577982112,5.846185175406582e-06,0.0002133334422140809,-0.0015729657608880457,2.474221285075906e-06,0.0003656259621387381
1043,0.0019520378572158714,0.0004617378845847379,0.0008348034046044376,0.00037306552001969967,0.013061755571340879,0.00017060945860536414,0.0007782547903548709,-0.01615044872537352,0.0002608369940310107,0.00034683173829863634,0.03088312162197555,0.0009537672011178389,0.0013793236851598056
1044,4.23898610828477e-05,1.3309747371607431e-05,0.00023535481884684462,0.0002220450714752372,0.0034728274796960146,1.2060530703683625e-05,0.00021270479155865996,-0.00423830028638028,1.7963189317460326e-05,0.0002848007632852978,0.003147303940516301,9.905522093678343e-06,0.0002085589016965761
1045,-3.040198426234153,2.9239084290977324e-05,0.0001660733636130729,0.00013683427932209558,0.005407317661350051,2.923908429075528e-05,0.00016607336361296188,-0.005407317661350051,2.9239084290644257e-05,0.0001660733636126288,0.0054073176613500485,2.9239084291532436e-05,0.000166073363613628
1046,2.4843314238465197e-05,1.700695175725168e-05,0.00018763404791592256,0.0001706270961586709,-0.0036041057695378543,1.2989578398125978e-05,0.00019973027041575442,0.003917881858447334,1.534979825656979e-05,0.00022777777885862882,-0.004762507597632889,2.268147861705927e-05,0.00013539409447338446
1047,8.537649075124332e-05,4.0612616686493595e-05,0.0003763399042534532,0.00033572728756695963,0.0085874287083924,7.37439318213573e-05,0.0003322757392164588,-0.001888854691906077,3.567772047463613e-06,0.00047235964550540466,0.006672791484117995,4.4526146190659865e-05,0.00032438432803849615
1048,1.3447159977753032e-05,3.746090486108263e-06,0.00019054155743876885,0.00018679546695266058,0.001723970435505876,2.9720740623018216e-06,9.444752340681539e-05,0.002127996924134932,4.528370909140378e-06,0.0001496490813990281,0.0019333459305583257,3.7378264868825894e-06,0.00032752806751046304
1049,0.00018129565101332457,5.82182900255764e-05,0.0002391040151964452,0.0001808857251708688,-0.008902008782684335,7.924576036677511e-05,0.00028453903390368573,-0.009761917993680553,9.529504291561075e-05,0.0002652169414419925,-0.0003377377600483093,1.1406679434333711e-07,0.00016755607024365737
1050,0.00017906825232250068,5.193160635108551e-05,0.0004723913181884735,0.000420459711837388,0.008448672495512208,7.138006693618859e-05,0.0005464117129819757,-0.0043145818757508,1.8615616762307496e-05,0.0003611250524382381,-0.008111666620036873,6.579913535476045e-05,0.0005096371891452067
1051,0.00017219706737059415,8.695015633441994e-05,0.00022753319189642665,0.00014058303556200671,-0.0076990218831171275,5.9274937956987905e-05,0.00014913206272615387,0.010791464469530129,0.00011645570539697836,0.00029198822055431783,0.009226040626911581,8.511982564929355e-05,0.00024147929240880828
1052,8.197573955259774e-05,2.0302079747051376e-05,0.0002160142998116251,0.00019571222006457373,-0.005269094113142672,2.7763352773435557e-05,0.0002514707610450362,0.00015866066491043902,2.5173206186224206e-08,0.00020175215050299844,-0.00575479915042099,3.3117713261532344e-05,0.00019481998788684063
1053,1.9000396152213384e-05,4.472364586005639e-06,0.00023961871763559608,0.00023514635304959045,-0.002854556163322527,8.148490889814397e-06,0.0002830372496749334,-0.0017012047083141966,2.8940974600155656e-06,0.0002505282388622909,-0.0015409430258436366,2.3745054081869554e-06,0.00018529066436956398
1054,7.188453361617331e-05,2.4111222905428182e-05,0.00022766081146526526,0.00020354958855983707,0.00786877045377973,6.191754845397135e-05,0.00022629021361519897,-0.002505308005820992,6.276568203733568e-06,0.00012678498269913518,0.0020345889162868874,4.139552058579632e-06,0.0003299072380814616
1055,0.00014836960540742794,7.995123776738389e-05,0.000145544976005015,6.559373823763112e-05,-0.0009794096332873588,9.592432294036612e-07,3.141157251873583e-05,-0.01073441788829044,0.00011522772740024667,0.00019694586763219224,0.011120554962442696,0.00012366674267250133,0.00020827748786411693
1056,0.00018647430882667848,1.7345493010393714e-05,0.0001033025013690662,8.595700835867248e-05,0.001880437298289579,3.5360444333720764e-06,0.0001796598894991952,-0.006708045510890471,4.499787457612481e-05,0.00011081309647931192,-0.0018715127628163456,3.5025600216842534e-06,1.9434518128691458e-05
1057,0.00021321257120188175,6.435106229015404e-05,0.00019654855678556218,0.00013219749449540813,-0.004869323072872218,2.3710307187618795e-05,0.00019387565028616827,-0.0033504343560760708,1.1225410374460232e-05,6.626939751652738e-05,-0.012574476899964996,0.0001581174693083831,0.00032950062255399093
1058,-3.2212830142003845,1.0,1.0,0.0,0.0,1.0,1.0,0.0,1.0,1.0,0.0,1.0,1.0
1059,8.257097470198982e-05,9.296023385507723e-07,0.0005826971681157275,0.0005817675657771767,0.0016202861383553613,2.6253271699916425e-06,0.00046571942712969605,-9.590345115849634e-05,9.197472006228224e-09,0.0004759541425106706,-0.0003927879500429324,1.542823736544463e-07,0.0008064179347068157
1060,0.0002291327115342412,4.357716786118626e-05,0.0003829031010563755,0.0003393259331951892,-0.003590182956876413,1.2889413663952354e-05,0.00029906266674151194,-0.01084393652791053,0.00011759095942154296,0.0004274830731408885,-0.0005011292228357232,2.5113049806346766e-07,0.000422163563286726
1061,-3.2212830142003845,1.0,1.0,0.0,0.0,1.0,1.0,0.0,1.0,1.0,0.0,1.0,1.0
1062,0.0001395549968776777,1.20317340968068e-06,0.00014853766587293502,0.00014733449246325433,-0.0018061621111535064,3.262221572208901e-06,0.00014693147075650614,4.9575950997898966e-05,2.4577749835330565e-09,0.0001510886369247011,-0.0005872315401087215,3.4484088184960626e-07,0.00014759288993759778
1063,0.0003178173825878483,6.430724320379462e-05,0.0005046879741951541,0.0004403807309913595,0.011336416354057337,0.00012851433575256088,0.00018713985635165908,-0.00391962114265019,1.5363429902048864e-05,0.0006248802890566063,0.007003139578560308,4.904396395677413e-05,0.000702043777177197
1064,3.0664036449912224e-05,8.990846240989706e-06,0.0003083689656619981,0.0002993781194210084,0.004750484769505782,2.256710554549013e-05,0.0006416124860721961,-0.0006079411807251797,3.695924790658722e-07,0.00014893511875613274,-0.0020089401928621697,4.035840698413118e-06,0.0001345592921576655
1065,0.00020632128120301463,5.6662688845447264e-05,0.00016107827930171106,0.00010441559045626381,-0.007114942406642068,5.0622405450284624e-05,0.00014980704883182927,-0.009387920844526797,8.813305778354596e-05,0.00019832484646631343,0.005588613719155484,3.123260330251121e-05,0.00013510294260699052
1066,-3.2212830142003845,1.0,1.0,0.0,0.0,1.0,1.0,0.0,1.0,1.0,0.0,1.0,1.0
1067,2.604531218386441e-05,1.268809506194124e-05,0.00018219758535842345,0.0001695094902964822,0.002261740177322232,5.115468629690589e-06,0.00025450482893052406,0.003725198578321914,1.3877104447890254e-05,7.067826107987063e-05,-0.004367117139293239,1.9071712108242878e-05,0.00022140966606487567
1068,4.434168920608439e-05,5.00968765448917e-06,0.00018230288613674261,0.00017729319848225344,-0.0024286887957605144,5.8985292664681666e-06,0.00022384180276380228,0.00026202762628900754,6.865847679282666e-08,0.00021700215888653673,0.0030102948726520654,9.061875220206517e-06,0.00010606469675988883
1069,-3.2212830142003845,1.0,1.0,0.0,0.0,1.0,1.0,0.0,1.0,1.0,0.0,1.0,1.0
1070,-3.087675521774292,5.210102460573296e-09,0.00025551555832844147,0.0002555103482259809,-5.847714028574326e-05,3.4195762887989645e-09,0.0002540133205647388,-4.928959289358522e-06,2.4295343514779688e-11,0.0003106190299018152,0.00011039218947466648,1.2186435749406144e-08,0.00020191432451877045
1071,-1.5355232814256388,1.0301969803154047e-06,0.0002762938912271122,0.00027526369424679675,0.0010061283232818243,1.0122942029067161e-06,0.0002757234616809212,0.0009732660527514689,9.472468099902542e-07,0.0002717505203821968,0.0010635083107369803,1.1310499280492436e-06,0.00028140769161821844
1072,-1.0329425031690223,5.734600505199102e-07,0.00015500683968994178,0.00015443337963942186,-0.0011835997968597063,1.4009084774446734e-06,0.00015571975462524978,-0.00025326220288013736,6.414174358315705e-08,0.00015437777119342577,-0.0005053018209645996,2.553299305319001e-07,0.00015492299325114978
1073,-3.2212830142003845,1.0,1.0,0.0,0.0,1.0,1.0,0.0,1.0,1.0,0.0,1.0,1.0
1074,9.447514420213299e-05,3.104495416428321e-05,0.000275495930560495,0.00024445097639621177,4.6617502534810034e-05,2.1731916266531925e-09,0.00027041546890149704,-0.008880453909590228,7.886246164046096e-05,0.00028714351329073295,0.00377759548663857,1.4270227660762025e-05,0.000268928809489255
1075,5.710729573804585e-05,2.1039588110209156e-05,0.00025638419270860674,0.0002353446045983976,0.004590290633795948,2.1070768102315895e-05,0.00019774119731374995,0.00511591635981525,2.6172600200324858e-05,0.0003346277100437778,0.003984394060280046,1.587539602798671e-05,0.00023678367076829243
1076,0.00019015204054595447,0.00012676203046820453,0.00022757302778231292,0.00010081099731410839,-0.008997550034511198,8.095590662371421e-05,0.00017300182473545256,0.011809997512328358,0.00013947604124109336,0.00021753769450649774,0.01264334384328475,0.00015985414353980598,0.00029217956410498847
1077,1.3387780155027507e-05,4.619172442469714e-06,0.0001876737117391114,0.0001830545392966417,-0.0034610516635640745,1.1978878617702193e-05,0.0003005624557673725,0.000670475097297325,4.495368560730739e-07,0.00011771288447526285,-0.0011954504814476554,1.429101853633874e-06,0.00014474579497469886
1078,7.230111500056147e-05,2.374089636691945e-05,0.00012952632657577587,0.00010578543020885642,0.0027790773432245885,7.7232708798336e-06,9.686260056274154e-05,-0.002858450015173232,8.170736488843922e-06,2.5954186399501644e-05,0.007438325196708874,5.532868173208083e-05,0.0002657621927650844
1079,3.404048274069371e-05,2.0943779229676274e-05,0.0001810122254220318,0.00016006844619235552,0.0007600300410230398,5.776456639683403e-07,0.00014565110114883595,0.00557524010169104,3.10833021921475e-05,0.00022219409404278245,0.0055830448532934035,3.117038983291298e-05,0.00017519148107447702
1080,5.78143280273169e-05,1.6482302187352065e-05,0.00011428836009282535,9.780605790547328e-05,0.005678302128005593,3.2243115056673766e-05,0.00010644061327413912,-0.004091962279715472,1.6744155298398233e-05,0.00014910191967532072,0.0006779647536352593,4.5963620698419305e-07,8.732254732901623e-05
1081,-3.2212830142003845,1.0,1.0,0.0,0.0,1.0,1.0,0.0,1.0,1.0,0.0,1.0,1.0
1082,-3.2212830142003845,1.0,1.0,0.0,0.0,1.0,1.0,0.0,1.0,1.0,0.0,1.0,1.0
1083,0.00012140995873688443,8.324611393106807e-06,0.00013146283772743259,0.00012313822633432578,0.0038910007169355894,1.5139886577864026e-05,0.00010990249760056692,0.0014929923086986368,2.2290260348611923e-06,0.0001513333407802131,-0.0027577022259158254,7.604921566595202e-06,0.0001331526748015177
1084,0.0029317390855607695,0.0012209328118015412,0.0018178517136600385,0.0005969189018584973,-0.05328110683123449,0.002838876345161334,0.003419077214749433,0.014217474560904945,0.00020213658288992242,0.0008024419263562566,-0.024935627270105738,0.0006217855073533674,0.0012320359998744257
1085,-3.2212830142003845,1.0,1.0,0.0,0.0,1.0,1.0,0.0,1.0,1.0,0.0,1.0,1.0
1086,2.8865891334772797e-05,2.34565405921409e-05,0.00013883720505129352,0.00011538066445915261,-0.005121244550188803,2.6227145742740987e-05,0.00013677823658286847,0.0045784432771637535,2.096214284241782e-05,0.00015193006784719465,0.004814595849195018,2.318033319126389e-05,0.00012780331072381745
1087,7.369286210023862e-05,5.9122409576950474e-06,0.0002183142603079761,0.00021240201935028105,-0.0021504562804301294,4.6244622140534375e-06,0.00013930168046805136,-0.0012619989310832232,1.592641302172737e-06,0.0002400768180440549,-0.0033940564753490786,1.1519619356858968e-05,0.00027556428241182207
1088,4.7126956068122006e-05,2.0733621010404768e-05,0.00030904767358056845,0.0002883140525701637,0.004023813603399895,1.6191075914107067e-05,0.0002889586498866503,-0.002580191672296249,6.6573890648014e-06,0.0003706072800665483,0.00627314897431984,3.935239805230584e-05,0.00026757709078850667
1089,0.00010920531731151151,3.0396040195945773e-05,0.00019481605246673972,0.00016442001227079395,-0.007984250095993002,6.374824959509695e-05,0.0003373979674672345,0.0015680831647784002,2.4588848116513518e-06,0.00019402102335086546,0.004998098256427591,2.4980986181089015e-05,5.30291665821192e-05
1090,5.628180072070332e-05,1.539795748524882e-05,0.00040801998692593006,0.00039262202944068125,0.00304226794177769,9.255394229468195e-06,0.0003095074032558598,0.0015977582670820825,2.552831480429063e-06,0.00035206518837338496,-0.00586392758699017,3.438564674584921e-05,0.0005624873691485455
1091,6.202885754746923e-05,2.7139727686716537e-05,0.0002263407961627939,0.00019920106847607735,0.006095897813797913,3.715997015663053e-05,0.00014451111280777695,0.004657289898958801,2.1690349202962977e-05,0.00026979063404741765,0.004750669815988374,2.2568863700556108e-05,0.0002647206416331871
1092,1.8388104524591498e-06,4.509873356983718e-07,0.00015526696745249424,0.00015481598011679587,0.0008383578469229416,7.028438794298708e-07,0.00013406231980905847,0.0003657086518026468,1.3374281815359268e-07,0.00021380143347071723,-0.0007185925894964411,5.163753095116519e-07,0.00011793714907770703
1093,0.0001175086943200343,4.141714100217945e-05,0.000163255504613935,0.00012183836361175557,-0.005082782286155311,2.5834675768221516e-05,0.00018767302546762732,-0.008315474293714495,6.91471127293175e-05,0.00017040515922583932,0.005410141819698519,2.926963450899933e-05,0.0001316883291483384
1094,0.0005159302541039024,0.0002790329713439806,0.0015592535458739027,0.0012802205745299222,0.019993312197183487,0.0003997325326138279,0.0022233552616468533,-0.012966657432548026,0.00016813420497319154,0.0017025058045908592,0.016408295964086304,0.00026923217644492237,0.000751899571383996
1095,0.00016564315415990016,9.53113182392921e-06,0.0001696587688303867,0.0001601276370064575,-0.003464482511147115,1.2002639070196608e-05,0.00016293745078466149,0.0028922933236106784,8.365360669060351e-06,0.00016898859283231982,-0.0028679950720639077,8.225395732530671e-06,0.0001770502628741788
1096,-3.141490431805744,5.149507466513844e-05,0.0004929029042720264,0.000441407829606888,-0.005865597155285128,3.4405229988765385e-05,0.00047083202664810475,-0.009252104347840061,8.560143486291416e-05,0.0005366620451955351,-0.005871844611642507,3.4478559143735765e-05,0.00047121464097243937
1097,4.796194264633513e-05,2.625651837932323e-05,0.00024998427139348117,0.00022372775301415795,0.0008906816116064722,7.933137320392802e-07,9.10278851329327e-05,0.005651582499157041,3.194038474463312e-05,0.0003694632701182199,-0.006784972856329602,4.603585666129728e-05,0.0002894616589292909
1098,-3.2212830142003845,1.0,1.0,0.0,0.0,1.0,1.0,0.0,1.0,1.0,0.0,1.0,1.0
1099,8.961513336680493e-05,4.003080492424408e-05,0.00025110278819425363,0.00021107198327000956,-0.0044257115548027555,1.9586922766823278e-05,0.0002808934690046172,0.006577770944758763,4.326707060264834e-05,0.00017827484111054837,-0.007565607801278139,5.723842140326063e-05,0.0002941400544675954
1100,9.167713840119163e-05,4.7754884077118774e-05,0.00028788807604788563,0.00024013319197076685,-0.005403158168367762,2.9194118192688023e-05,0.0003273070130958011,0.007861112156853181,6.179708434328468e-05,0.0002436697397445453,-0.007230038014797583,5.227344969538361e-05,0.0002926874753033104
1101,5.371060817804807e-05,1.2186394637218415e-05,0.00014046149399763822,0.0001282750993604198,-0.005219746570384201,2.7245754259275223e-05,7.966001742421014e-05,0.002770105874367776,7.673486555281883e-06,0.00015055547986742024,0.001280602630366423,1.63994309709814e-06,0.0001911689847012843
1102,0.00013257140419742353,2.471605887544026e-05,0.0002691099107923571,0.0002443938519169168,-0.0015251878532026217,2.3261979880118133e-06,0.00013911490061468967,0.002509653683384967,6.298361610590497e-06,0.0002662968374976815,-0.008094665961472363,6.552361702771847e-05,0.0004019179942647
1103,2.4377491009142105e-06,1.308929117316282e-07,7.70142461582098e-05,7.688335324647817e-05,-2.940221035333117e-05,8.644895910236983e-10,3.717059105345921e-05,-0.00045503370272868284,2.070556703870352e-07,9.600907112516932e-05,0.00042983552099815965,1.847585752168257e-07,9.786307629600088e-05
1104,7.644388807248603e-05,4.220988504336868e-05,0.00029807696292701486,0.00025586707788364616,0.007125686187605429,5.077540364417654e-05,0.00034702749144144285,-0.008625978418860335,7.440750368248317e-05,0.0002811989465746345,0.0012028082986272996,1.4467478034463355e-06,0.00026600445076496726
1105,3.149176431727074e-05,9.311136685415574e-06,0.0002437011149930557,0.0002343899783076401,-0.00456453129085587,2.08349459051016e-05,0.0003512790597480775,-0.0008061675557340685,6.499061281362017e-07,4.932551480740788e-05,0.0025394011150908762,6.448558023008921e-06,0.0003304987704236817
1106,0.00012678434293955654,2.8655108744798003e-05,0.0004455196519047207,0.0004168645431599227,0.00926734841103632,8.588374657170217e-05,0.0004348946900734063,-0.0002508350593685081,6.29182269618056e-08,0.00032663937036347956,-0.00013660686309726445,1.8661435730038534e-08,0.0005750248952772763
1107,-3.2212830142003845,1.0,1.0,0.0,0.0,1.0,1.0,0.0,1.0,1.0,0.0,1.0,1.0
1108,6.944697591793059e-05,4.202614423650293e-06,0.00025895149731602896,0.0002547488828923787,0.0020212670944130366,4.085520666774478e-06,0.0002555896666630586,-7.315855514316388e-05,5.352174259343201e-09,0.00028355423645465283,-0.0029183849008790146,8.516970429917059e-06,0.00023771058883037544
1109,1.269425249761369e-05,3.95348202575363e-06,0.00022899990702592485,0.00022504642500017122,0.002459116267641199,6.047252817720228e-06,0.00022574273196573902,0.0005894751083398361,3.474809029402337e-07,0.0002799942137349243,0.0023378863010331203,5.465712356600427e-06,0.00018126277537711122
1110,8.364170766794743e-05,2.216725875892056e-05,0.00014667521204425604,0.00012450795328533548,-0.0012602700216524912,1.5882805272093847e-06,0.0001672231606015817,-0.007108778488906568,5.053473160387956e-05,0.00014957849050267757,-0.003791934090363736,1.437876414567274e-05,0.00012322398502850884
1111,7.613141989581962e-05,6.702936639306027e-05,0.0011541941626701895,0.0010871647962771291,-0.007887726181269709,6.22162243103519e-05,0.0011549175292216995,-0.008287543201550318,6.868337231791255e-05,0.0012049320869134128,-0.008377857873631345,7.018850255091635e-05,0.0011027328718754559
1112,0.0004948684024043137,0.00019958089298029633,0.0010594656709729255,0.0008598847779926292,0.005429500006531089,2.9479470320836754e-05,0.0005586730553518438,-0.009600524754711444,9.217007556561185e-05,0.00023131245885399387,0.021842461698591522,0.00047709313305444034,0.002388411498712939
1113,-3.2212830142003845,1.0,1.0,0.0,0.0,1.0,1.0,0.0,1.0,1.0,0.0,1.0,1.0
1114,6.303509247174155e-05,2.456005137237612e-05,0.0003365160468377093,0.0003119559954653332,0.005161937764413064,2.664560148291084e-05,0.0003524464266595473,0.0034826455712723336,1.2128820175427713e-05,0.0003131002668304017,0.005908107349967177,3.4905732458789807e-05,0.0003440014470231789
1115,9.022291881743971e-05,2.8890531102554462e-05,0.00023367654990287998,0.00020478601880032551,-0.00027117135062516064,7.353390130138138e-08,0.00020641259494058595,-0.006299779474645948,3.968722142932979e-05,0.0003232938109538619,0.006849148704553566,4.6910837977032216e-05,0.00017132324381419206
1116,0.0005513739961463537,0.0001253312489721455,0.0003918049795675153,0.00026647373059536983,0.015462117518607077,0.0002390770781592888,0.0006510958874340611,0.009334910918234114,8.714056185132879e-05,0.000248287230041222,-0.0070552184165635174,4.9776106905818907e-05,0.0002760318212272628
1117,0.0001906807408504907,5.594595351828454e-05,0.00019073585552768316,0.0001347899020093986,0.011296069673004857,0.00012760119005750248,0.00022465483264966224,0.005155239131376115,2.6576490501861727e-05,0.00021796495881098998,-0.0036959680728207794,1.3660179995489408e-05,0.00012958777512239728
1118,9.69397645381731e-05,2.6981267156241568e-05,0.00027839416476675244,0.0002514128976105109,-0.005699224017866105,3.2481154405239465e-05,0.00027849879438324177,0.006622786846514572,4.3861305614290025e-05,0.00030857810923867746,0.002145073763155249,4.601341449195218e-06,0.00024810559067833804
1119,2.761189699218569e-05,7.018372159550701e-06,0.0001874137208682051,0.0001803953487086544,-0.002665759605060502,7.106274271362345e-06,0.00019358629461652122,-0.003583544181419797,1.2841788900708195e-05,0.0001783903172729584,-0.0010521660074477347,1.1070533065815624e-06,0.0001902645507151357
1120,0.00016027655656691842,3.8704812668692114e-05,0.0002340356175712932,0.0001953308049026011,0.005298451979277914,2.807359337686499e-05,0.0002581328366193514,0.0071665837870001255,5.135992317595317e-05,0.0002322973248127802,0.006056477644094886,3.6680921453258186e-05,0.00021167669128174804
1121,0.00015248354776642437,4.170404446061463e-05,0.00038831467304700773,0.0003466106285863931,0.0016850518219032066,2.8393996425180035e-06,0.0002544712027607865,0.007930493639521023,6.289272936665924e-05,0.0005382552353923042,0.0077058422234353476,5.938000437266666e-05,0.00037221758098793245
1122,-3.2212830142003845,1.0,1.0,0.0,0.0,1.0,1.0,0.0,1.0,1.0,0.0,1.0,1.0
1123,0.0003363443729581528,0.00015382062479107894,0.0013221202882100676,0.0011682996634189886,0.010395660962592555,0.00010806976684896163,0.0014908497555473632,0.004793877867246196,2.2981265006105644e-05,0.0010535200942830558,0.018177206675341544,0.00033041084251816955,0.0014219910147997838
1124,6.570183281873199e-06,1.932849787740961e-06,0.00021192350605984492,0.00020999065627210395,0.0007925727614575558,6.281715818623468e-07,8.034041467286368e-05,-0.0011816183489223298,1.3962219217455996e-06,0.00034767271669078337,0.0019427186775479114,3.774155859614936e-06,0.00020775738681588773
1125,1.7201699981872487e-05,7.309138928916307e-06,0.0001557731712497438,0.0001484640323208275,-0.004141693392937354,1.7153624160770597e-05,0.00021113545250484034,-0.0017304155419052953,2.99433794759274e-06,0.00017443467476574437,0.0013339620227573888,1.7794546783855836e-06,8.174938647864671e-05
1126,5.968272417933296e-05,1.7236715999439472e-05,9.958654821436615e-05,8.234983221492667e-05,0.004570466041125683,2.08891598320049e-05,0.00010324450280418951,0.004555876950105776,2.0756014784018006e-05,0.0001095164043021235,0.0031725342207644548,1.0064973382295506e-05,8.599873753678544e-05
1127,-3.2212830142003845,1.0,1.0,0.0,0.0,1.0,1.0,0.0,1.0,1.0,0.0,1.0,1.0
1128,1.6653475248484817e-05,6.948593517241974e-07,0.0002929387706205322,0.000292243911268808,0.0009542348863705975,9.105642182483109e-07,0.0002987840950654519,-0.0005600740829792367,3.1368297803702205e-07,0.0002902934194066731,0.0009275402194928376,8.603308588872594e-07,0.0002897387973894716
1129,-3.2212830142003845,1.0,1.0,0.0,0.0,1.0,1.0,0.0,1.0,1.0,0.0,1.0,1.0
1130,0.00020043112178980138,8.485884128824524e-05,0.00031910753022975263,0.0002342486889415074,0.012776277627710646,0.00016323327002021326,0.0003192856655596099,-0.0038687724309379077,1.4967400122745111e-05,0.00014647486512808783,0.00873932799027781,7.637585372177735e-05,0.0004915620600015602
1131,0.007820882790699257,0.007603499360802919,0.03329680400242411,0.02569330464162119,0.08754268737293863,0.0076637221124763455,0.03329564343216096,0.08699122251222138,0.007567472794170915,0.03327282738130122,0.0870591935166052,0.007579303175761498,0.033321941193810156
1132,0.00012208016784587272,3.227054119999314e-05,0.00016571208238747026,0.00013344154118747711,-0.006079257001903758,3.6957365694423316e-05,0.00018154145964777157,0.0072921031486699915,5.317476833088808e-05,0.0002141145853595816,-0.0025844708498612918,6.679489574668018e-06,0.0001014802021550576
1133,0.00015637377589550194,8.233741896146451e-05,0.0002345344364697762,0.0001521970175083117,-0.012232222627356595,0.00014962727040568335,0.00022869033323025256,0.009867031800322956,9.735831654844596e-05,0.0003364033570668612,-0.000163309307859754,2.66699302642337e-08,0.00013850961911221482
1134,3.8757936829392214e-05,2.01552981521728e-05,0.00011590499237190688,9.574969421973407e-05,0.004847496629522542,2.3498223573170662e-05,0.00011402930635140418,0.0032731174188360907,1.071329763757678e-05,0.0001366660474779735,0.005123902150284995,2.6254373245770957e-05,9.701962328634295e-05
1135,1.6627232141686044e-05,8.46541743767156e-06,0.0001133438039681763,0.00010487838653050474,0.0017045976489282208,2.905653144980036e-06,0.0001473368467611591,-0.0027441232070563137,7.5302121754772244e-06,0.00014441268124598672,0.003867865948108493,1.4960386992557417e-05,4.828188389738308e-05
1136,7.169002670126545e-05,4.2560801256604407e-05,0.0002363521088179684,0.00019379130756136398,0.008127366680800956,6.60540891646022e-05,0.0002637485833926201,-0.007028544955795095,4.940044419610157e-05,0.0002827217553810213,0.0034968372008700372,1.2227870409109443e-05,0.00016258598768026378
1137,0.00032297789169177804,0.00010627356567764294,0.00032433962602381367,0.0002180660603461707,0.006225256172712879,3.8753814416647714e-05,0.0004064577267791636,-0.01524506096155953,0.0002324118837219169,0.00028377468539420025,-0.006903260019298154,4.76549988943642e-05,0.0002827864658980772
1138,0.00012113241216615833,2.758289100005899e-05,0.0001826937079129065,0.00015511081691284753,0.0016031222582331155,2.5700009745888153e-06,0.00020809959049727933,0.008611753643421557,7.41623008151393e-05,0.00016620313313020496,0.002452829225608744,6.016371210448845e-06,0.00017377840011123524
1139,0.0001280216649337529,9.08527230401764e-05,0.00020263775251831243,0.00011178502947813602,-0.008395298044718748,7.048102925966138e-05,0.00011982958042788816,-0.010188749028892061,0.00010381060677377985,0.00024697706610210535,0.009912947749612338,9.826653308708799e-05,0.0002411066110249438
1140,0.0002868702483885821,0.00010036998968291726,0.00043435387768323935,0.0003339838880003221,0.015229703250155527,0.0002319438610878244,0.0007892813455344649,-0.007577657387396186,5.7420891480530756e-05,0.00016986596459900305,-0.0034271294811364984,1.1745216480396614e-05,0.00034391432291625
1141,3.555590659110042e-05,1.0240946164271255e-05,0.00024075855204782245,0.0002305176058835512,-0.0012878804443195208,1.6586360384041043e-06,0.0001044254258874,0.003820991847435269,1.459997869812657e-05,0.0004670816016318913,0.0038031860007675966,1.446422375628309e-05,0.00015076862862417606
1142,0.00032886146721800014,0.00010218512989057515,0.0003295845218912093,0.00022739939200063414,-0.0035093741323152074,1.2315706800825055e-05,0.00027469402761926,-0.0027734135608192016,7.69182277970959e-06,0.0002838085778038568,-0.01692772459874459,0.0002865478600911908,0.00043025096025051113
1143,-3.2212830142003845,1.0,1.0,0.0,0.0,1.0,1.0,0.0,1.0,1.0,0.0,1.0,1.0
1144,6.143116274848204e-05,1.5879300807153385e-05,0.00020370686668950513,0.00018782756588235175,-0.005871261204146448,3.4471708127759015e-05,0.00027398779944154406,0.0035982610457715837,1.2947482553649081e-05,0.0002153258656292234,0.000467666270096576,2.1871174005205773e-07,0.00012180693499774797
1145,8.015037375919132e-05,4.555266561948971e-05,0.00038544820063154034,0.0003398955350120506,0.008041454314648613,6.466498749468919e-05,0.00047838182399406737,-0.008421063295931164,7.091430703398682e-05,0.000504203847216611,0.0010386059550679479,1.0787023297931242e-06,0.00017375893068394266
1146,7.492048521229311e-05,2.2881797479038884e-05,0.0003735094960386857,0.0003506276985596468,-0.00027990757134795216,7.834824855557088e-08,6.8800943431091e-05,-0.002433924420462612,5.923988084632903e-06,0.00018182808552480445,-0.00791473664147061,6.264305610392817e-05,0.0008698994591601616
1147,3.323166148505585e-05,5.907063263088652e-06,5.963720358496497e-05,5.373014032187632e-05,-0.0019729120865664765,3.8923821016334514e-06,5.577335524875604e-05,-0.0018558502272688784,3.4441800663698174e-06,5.1088380630393004e-05,-0.0032225188317625726,1.0384627621262688e-05,7.204987487574588e-05
1148,0.0006599330029564143,0.00010995687856700058,0.0008736535630083179,0.0007636966844413173,-0.008059597167515543,6.495710650256115e-05,0.0006557514083366245,-0.01585067181247866,0.00025124379690699694,0.0009508895972157871,0.003697260105993628,1.3669732291443637e-05,0.001014319683472542
1149,0.00015026471919821205,4.062493174121033e-06,0.00021477720746572912,0.0002107147142916081,0.0020360226394943045,4.145388188825372e-06,0.00020909440329952567,0.0014792874416041724,2.188291335247783e-06,0.00023493509829697334,-0.002419462749920101,5.8537999982899436e-06,0.00020030212080068832
1150,4.137319851671428e-05,6.013169606836992e-06,0.00015100957192363632,0.00014499640231679933,-0.00015706816005633988,2.4670406606475126e-08,0.00010962758915844528,0.0032952450437099823,1.085863989824798e-05,0.00013872872359155242,0.0026751071971191868,7.15619851565652e-06,0.00020467240302091128
1151,-2.985523639599957,1.5338802709245296e-05,0.00015368069910911183,0.00013834189639986655,-0.0021654563684556294,4.689201284602262e-06,0.00012878934434235045,0.0039409737860638065,1.553127438203017e-05,0.00013812243847011185,-0.005078969625902155,2.5795932461103455e-05,0.00019413031451487317
1152,0.00019995640060999076,3.161166115302668e-05,0.00020103037370951723,0.00016941871255649055,0.0010074619999732553,1.0149796815239753e-06,6.368629477426779e-05,0.008050629760371178,6.481263953905803e-05,0.0003693473945338699,-0.005385848516155688,2.9007364238498035e-05,0.000170057431820414
1153,0.0004255945352923396,0.00010819426605157556,0.00028768347926770116,0.0001794892132161256,0.009666918756005723,9.344931823529468e-05,0.0002956786747756457,-0.0024333182404157093,5.921037659284423e-06,0.00020777952388373322,-0.01500707973792406,0.00022521244226014758,0.0003595922391437245
1154,2.024825462165758e-05,4.520119641360232e-06,0.0002195974646617508,0.00021507734502039058,-0.0034160943702534513,1.166970074673035e-05,0.00015349956155619182,-0.0006806829300883706,4.6332925141001624e-07,0.0003687917866951329,-0.0011947087200597864,1.42732892594033e-06,0.00013650104573392774
1155,0.00013698653447669074,5.105552249277482e-05,0.00018135323905070036,0.00013029771655792555,0.0013746144842473012,1.8895649799288705e-06,8.848291039043055e-05,0.005428217009845029,2.9465539905682014e-05,0.00016018795851224787,0.011036823029878165,0.00012181146259271358,0.0002953888482494227
1156,5.585846754163626e-05,2.0025731048608126e-05,0.0002582837653988257,0.00023825803435021756,-0.00322541688706765,1.0403314095741578e-05,0.0004867482788979416,0.0030285992985334413,9.172413711233673e-06,0.00013296218889125022,0.006364076157513949,4.050146533884913e-05,0.00015514082840728527
1157,1.647005581972838e-05,5.724077086803152e-06,0.0004021634010906716,0.00039643932400386844,0.0012092852291702833,1.4623707651484352e-06,0.0007743294024951108,-0.002390028999557371,5.712238618560406e-06,0.00020587158738727407,-0.0031619016235869845,9.997621876700613e-06,0.00022628921338962993
1158,2.7866238577312075e-05,9.812958706278962e-06,0.0001194825449647811,0.00010966958625850214,-0.0009744217986939149,9.494978417956546e-07,0.00010094911670410767,-0.0022507650887004117,5.065943484150459e-06,0.0001364730789226165,-0.004839776316423964,2.3423434792890774e-05,0.0001210254392676191
1159,-3.2212830142003845,1.0,1.0,0.0,0.0,1.0,1.0,0.0,1.0,1.0,0.0,1.0,1.0
1160,0.00011850911280786303,2.4896394194599363e-05,0.00010153697807968598,7.664058388508661e-05,0.0047343445195635004,2.2414018030048055e-05,0.00016007755477454033,0.004580194117453187,2.0978178153940874e-05,6.617941687292461e-05,-0.005594370956566876,3.129698639980916e-05,7.8353962591593e-05
1161,-3.2212830142003845,1.0,1.0,0.0,0.0,1.0,1.0,0.0,1.0,1.0,0.0,1.0,1.0
1162,0.00020115741270942955,6.784385901163296e-05,0.000476352916481404,0.000408509057469771,0.013141824847754544,0.00017270756032883305,0.001086308203545494,-0.004829104089829177,2.3320246310465365e-05,0.00012104145494962193,-0.0027393010780274365,7.503770395600462e-06,0.00022170909094909597
1163,5.564273052205415e-06,7.675163286036124e-07,0.00024936446073394364,0.00024859694440534,-0.0009909105561678897,9.819037311009637e-07,0.0002810190291177017,-7.772208608059136e-05,6.040722144717847e-09,0.00013609993331120673,-0.001146562048870349,1.3146045325651556e-06,0.0003309744197729225
1164,0.00023848021352557147,0.00011376958820719096,0.00043079404069904886,0.0003170244524918579,0.009649355426309734,9.311006014312007e-05,0.00035189082354214474,0.010546458837929852,0.00011122779402028549,0.00046945595450331723,0.01170345720108176,0.00013697091045816734,0.00047103534405168457
1165,3.8618944076418416e-05,1.681181149959521e-05,0.00014747677990104938,0.00013066496840145417,0.004966230465236961,2.466344503382345e-05,7.329835395109008e-05,0.0015154991565953083,2.296737693696649e-06,0.0003049277069225864,-0.004845126600114009,2.3475251771265526e-05,6.420427882947166e-05
1166,0.0004902075390668115,0.00029278242689182815,0.004672338265388524,0.004379555838496696,-0.019051202548539658,0.00036294831854544185,0.005391576234259343,0.02167554896608847,0.0004698294229811273,0.007126179819583411,0.006750521398296631,4.556953914891526e-05,0.0014992587423228176
1167,0.00021232393531045446,5.4957943858420975e-05,0.0003412061098401198,0.00028624816598169883,-0.010087036233244868,0.00010174829997078305,0.0003416127201790742,-0.006858289967997543,4.703614128520606e-05,0.0004052864317468652,0.004011158226636591,1.608939031927381e-05,0.00027671917759442
1168,4.488936160407242e-05,1.2840218794663016e-05,0.000196845061520771,0.00018400484272610798,0.0028247746964006463,7.979352084852565e-06,0.00022413017814670866,0.0036078253743894767,1.3016403931476184e-05,0.00021915006696437977,0.0041862752378454045,1.75249003676603e-05,0.0001472549394512246
1169,0.00013879210169098766,5.4975178425675786e-05,0.00021704232761658263,0.00016206714919090684,-0.00032833999001827914,1.0780714887470566e-07,9.6558059592744e-05,-0.009517077335212582,9.057476100415851e-05,0.0002484350855176398,-0.008616435871296173,7.424296712399414e-05,0.0003061338377393641
1170,0.0002321866776023862,6.077286357405084e-05,0.0004528575722403394,0.0003920847086662886,-0.010455442694726765,0.00010931628194243981,0.0005485931521225229,0.006002429508116389,3.602916000033929e-05,0.00039823331427379927,-0.006080554973012346,3.697314877937341e-05,0.00041174625032469603
1171,0.00027478847296735776,8.376784996118787e-05,0.0003144147437991185,0.00023064689383793063,0.014023269586091573,0.00019665208988439709,0.0004823380337327654,-0.007249609471813797,5.255683749416651e-05,0.0002298424831390644,0.0014472810733155209,2.0946225050000322e-06,0.00023106371452552565
1172,6.158042243908923e-05,5.457993408900889e-05,0.00016734241681981565,0.00011276248273080677,-0.0073960771703053445,5.470195750900686e-05,0.00016885291326829144,0.007586791227767621,5.7559401134166244e-05,0.00017988197104035208,-0.007174847986077231,5.1478443623853565e-05,0.00015329236615080344
1173,0.00038156673780853634,2.5296454379430955e-05,0.00037840324529792024,0.0003531067909184893,0.0028045797475503534,7.865667561168799e-06,0.0005955887249234904,-0.0011256476021135413,1.2670825237925953e-06,0.0003841889304219137,0.008170472021422974,6.675661305333147e-05,0.00015543208054835667
1174,0.00013650501359419032,4.277264404151104e-05,0.0003299601974130854,0.00028718755337157437,0.010175342395246475,0.00010353759286030328,0.00041406702738711054,7.731418708950425e-05,5.977483619190593e-09,0.00018077778489633545,-0.004977385034371124,2.4774361780610654e-05,0.0003950357799558102
1175,-3.165092415478644,2.7023753996102684e-05,0.0001594824852692763,0.00013245873127317362,0.005198437649524252,2.7023753997656996e-05,0.00015948248527120068,-0.005198437649524259,2.7023753996768818e-05,0.00015948248526964637,0.005198437649524268,2.7023753993882238e-05,0.00015948248526698183
1176,8.309470860157209e-05,2.7919221954146128e-05,0.00023395672942142878,0.00020603750746728267,-0.005934022005985078,3.5212617167323934e-05,9.783054116940804e-05,0.005227400636402668,2.732571741348444e-05,0.00033089827313736997,0.004606444537965235,2.1219331281630005e-05,0.00027314137395750837
1177,4.729169533568278e-05,1.2664974469537664e-06,0.00043032801448406044,0.00042906151703710665,0.0011895924907025,1.4151302932807752e-06,0.00038933966443988055,-0.0008649224087222247,7.480907734391806e-07,0.000462940886792107,-0.0012791681963613582,1.6362712741413432e-06,0.0004387034922201938
1178,7.197351902110682e-05,2.5831869597518303e-05,0.00023335457960060868,0.0002075227100030904,0.0029599948269191227,8.761569375570488e-06,0.00022237564934435294,-0.002685682047614202,7.2128880607147394e-06,0.00019529656714833976,-0.007843542015964192,6.152115135626968e-05,0.00028239152230913334
1179,2.4764355083917167e-05,1.0390299059100569e-05,0.00020732774771170526,0.00019693744865260468,-0.002868859879152165,8.230357005589717e-06,0.00024237466167476018,0.002094627605794002,4.387464806687724e-06,0.00011878377934804174,-0.0043073281005685015,1.8553075365024263e-05,0.00026082480211231385
1180,-3.2212830142003845,1.0,1.0,0.0,0.0,1.0,1.0,0.0,1.0,1.0,0.0,1.0,1.0
1181,-3.2212830142003845,1.0,1.0,0.0,0.0,1.0,1.0,0.0,1.0,1.0,0.0,1.0,1.0
1182,6.689296701667402e-05,3.265920506630623e-05,0.00020975555988837305,0.00017709635482206682,0.004255989481643405,1.8113446468737138e-05,0.0001823403238737642,0.006539277866219089,4.2762155011644154e-05,0.0002304834626970509,-0.006091142234316356,3.7102013718537386e-05,0.0002164428930943041
1183,-3.2212830142003845,1.0,1.0,0.0,0.0,1.0,1.0,0.0,1.0,1.0,0.0,1.0,1.0
1184,0.0001223589506258449,5.85065249714134e-06,0.00013827494128178705,0.0001324242887846457,-0.002434328559238709,5.925955534391569e-06,0.00016117564729123401,-0.003224205826260068,1.0395503210247625e-05,0.00012139564815238924,-0.0011092784807308445,1.230498746784825e-06,0.00013225352840173787
1185,0.00023036277388521764,8.001879370156395e-05,0.0003047329294793011,0.00022471413577773713,0.001194934949854168,1.4278695338321157e-06,0.00037901767852788204,-0.010029540404896438,0.00010059168073328628,0.0003736009932802098,-0.011748907644435463,0.00013803683083757345,0.00016158011662981142
1186,5.771423887424021e-05,4.538007450890132e-06,0.00024820971281810006,0.00024367170536720992,-0.0009835049622737768,9.672820104889013e-07,0.0002658438529233864,-0.0017997010235616877,3.2389237741847765e-06,0.00023450969954108558,0.0030672164201399088,9.407816567996719e-06,0.00024427558598982824
1187,-3.2212830142003845,1.0,1.0,0.0,0.0,1.0,1.0,0.0,1.0,1.0,0.0,1.0,1.0
1188,0.00020957880681693464,0.00013144219502621754,0.00017891048895494568,4.7468293928728145e-05,0.006130922492209553,3.75882106053993e-05,8.929901326681922e-05,0.013517490064592078,0.00018272253764628488,0.00024324078683735095,0.013191506238001117,0.00017401583682696842,0.0002041916667606669
1189,-3.2212830142003845,1.0,1.0,0.0,0.0,1.0,1.0,0.0,1.0,1.0,0.0,1.0,1.0
1190,6.811691419617016e-05,3.4576903660673196e-05,0.00012475250102668886,9.017559736601566e-05,0.0077584854753843194,6.0194096871968306e-05,0.0001484230954853505,0.005625694270400291,3.164843602398992e-05,0.00013888030964981368,0.003447923735544529,1.1888178086061352e-05,8.695409794490239e-05
1191,8.880243048459135e-06,5.665726333166828e-06,0.00020583730332250175,0.0002001715769893349,-0.0027392981359981357,7.503754277271568e-06,0.00027575428742399044,-0.002848323189085183,8.112944990035231e-06,0.0001548559902758706,-0.001174938182241224,1.3804797321936846e-06,0.00018690163226764422
1192,0.00047232476041325633,0.00013971034299187224,0.0005100073691249873,0.0003702970261331151,-0.0108179911182924,0.00011702893183562768,0.0002314944864363344,0.01511375934679153,0.00022842572159265107,0.0008493406790001101,-0.008583494366929286,7.367637554733797e-05,0.0004491869419385175
1193,-3.2212830142003845,1.0,1.0,0.0,0.0,1.0,1.0,0.0,1.0,1.0,0.0,1.0,1.0
1194,0.00037099220140324185,0.0001478414833909758,0.0003135558358930239,0.00016571435250204808,0.011931290979823287,0.00014235570444554035,0.0002987719429891067,-0.016892595620989194,0.00028535978681387686,0.00039375323447443655,0.003976048152797749,1.5808958913510196e-05,0.00024814233021552834
1195,0.00011574168843275778,4.079131198649518e-05,0.0001901693329504998,0.0001493780209640046,-0.004893139347943023,2.394281267825704e-05,0.00010417084251101993,-0.00958838059665518,9.193704246623913e-05,0.00026002667822788705,0.002548348644743379,6.494080814989367e-06,0.0002063104781125924
1196,-3.2212830142003845,1.0,1.0,0.0,0.0,1.0,1.0,0.0,1.0,1.0,0.0,1.0,1.0
1197,8.408296816830862e-05,2.989194205912001e-05,0.0005117104026301685,0.00048181846057104854,0.0036256318537415287,1.3145206338993631e-05,0.00021706344799932165,0.001855529792187267,3.442990809787716e-06,0.00035984258185772777,0.008549130308325879,7.308762902857868e-05,0.0009582251780334561
1198,9.873255366932288e-05,5.496665197179951e-05,0.00028637008297982547,0.00023140343100802596,-0.009230326263698487,8.519892293401554e-05,0.00019731988497362352,0.0020998699987933014,4.409454011922165e-06,0.0004349969017624078,-0.008677072027447585,7.529157896946082e-05,0.0002267934622034451
1199,4.314277663752808e-05,1.7714387210247356e-05,0.00020751794235962517,0.00018980355514937783,-0.0058911127225126,3.470520910930919e-05,6.023581512293319e-05,0.0042795249804051735,1.8314334057856207e-05,0.0002771648563409945,0.0003515941745160702,1.2361846357666906e-07,0.0002851531556149478
1200,0.00018266826362156596,8.21217535174797e-05,0.0002968654225495489,0.0002147436690320692,-0.010265516852623982,0.00010538083625155625,0.00033431770838332486,-0.011431438726724967,0.00013067779136322066,0.00042171429858417486,-0.0032103945143891477,1.0306632937662208e-05,0.00013456426068114702
1201,7.60124801071349e-05,2.270285406717291e-05,0.00015278371985986508,0.00013008086579269218,0.0004113916027219761,1.6924305090704195e-07,8.168114940343418e-05,0.008151384204178767,6.64450644437542e-05,0.00026357452295178163,0.0012223971148735678,1.4942547068574896e-06,0.00011309548722437945
1202,0.00011762136538417955,3.968333376610141e-05,0.00025167599649752087,0.00021199266273141945,0.006314442371850992,3.987218246748192e-05,0.00026167693419720806,0.008423649437177268,7.0957869840238e-05,0.0001729076385600381,-0.0028670453415358373,8.219948990584314e-06,0.0003204434167353165
1203,-3.2212830142003845,1.0,1.0,0.0,0.0,1.0,1.0,0.0,1.0,1.0,0.0,1.0,1.0
1204,0.6454232462031362,0.2594891603104361,0.6517044072736106,0.39221524696317445,0.2054050437095906,0.04219123198133856,0.5149359350628863,0.7974035100081376,0.6358523577732982,0.7972389186179716,-0.3168972880550916,0.10042389117667161,0.6429383681399738
1205,0.0001226974842803985,1.270461698895294e-05,0.0005215991903671687,0.0005088945733782158,-0.004306221122979329,1.854354036068262e-05,0.0001312529661482431,-0.004396441854363571,1.9328700978094027e-05,0.0007867638654679432,-0.0004915380235661246,2.4160962808217334e-07,0.0006467807394853198
1206,6.202219069151305e-05,2.2125063293983633e-05,0.0001846070977033302,0.00016248203440934655,0.0021080521140148007,4.44388371456661e-06,0.0001575929231815154,-0.007565718097434999,5.724009033003519e-05,0.0002479064833486033,0.0021659214751649433,4.691215837349105e-06,0.0001483218865798719
1207,0.0003562434441745088,0.00012990320064476535,0.000397297214121739,0.00026739401347697367,-0.0022254704308794847,4.952718638762121e-06,0.00035702236210777283,0.007975887145554353,6.361477575833607e-05,0.00027065102441936606,0.017920438262981373,0.00032114210753719785,0.0005642182558380782
1208,0.00012663261130907433,7.684541566266301e-05,0.0004298853364031278,0.0003530399207404648,-0.0099090617239683,9.818950424911321e-05,0.0004282158720663176,0.010917552982731811,0.00011919296313134264,0.0005858920875784213,0.0036268139746223815,1.3153779607533167e-05,0.0002755480495646445
1209,-3.2212830142003845,1.0,1.0,0.0,0.0,1.0,1.0,0.0,1.0,1.0,0.0,1.0,1.0
1210,0.00011659566108790376,3.9569370815395466e-05,0.0002625086252587838,0.00022293925444338836,-0.007153809782118297,5.1176994398605125e-05,0.000379267349341017,-0.006163846207744071,3.799300007212292e-05,0.00021394783591122124,0.00543489815682708,2.9538117975458356e-05,0.0001943106905241132
1211,0.0002879303810441325,6.615303896055173e-05,0.00023813063379366875,0.00017197759483311703,0.004831755071702749,2.3345857072976095e-05,8.128253484340764e-05,0.010313042086606904,0.00010635883707987848,0.00045729043193598606,0.008291828672183504,6.875442272880061e-05,0.00017581893460161258
1212,-3.2212830142003845,1.0,1.0,0.0,0.0,1.0,1.0,0.0,1.0,1.0,0.0,1.0,1.0
1213,0.00021937313275299797,6.280738000382276e-05,0.0002853775553535905,0.00022257017534976775,-0.005400908244750287,2.9169809867668484e-05,0.00017284257839345063,-0.007390202156574695,5.461508791482217e-05,0.00038629843062398805,-0.010229234684368333,0.00010463724222897763,0.00029699165704333286
1214,0.00013849242416674734,6.118896270002061e-05,0.0005519414788708321,0.0004907525161708115,-0.0055839891859079316,3.11809352281367e-05,0.00032126749185013015,-0.00976839692104976,9.542157840836119e-05,0.0005561670189448975,-0.0075474747077624825,5.696437446356395e-05,0.0007783899258174687
1215,0.00012657254437409282,5.496235457906155e-06,0.0001333822268920389,0.00012788599143413276,-0.0011304243152421745,1.2778591322870625e-06,0.00015104806196852838,-0.0033726554315495253,1.1374804659958215e-05,0.00012204482094546609,0.0019585817780373013,3.836042581473187e-06,0.00012705379776212222
1216,0.0,1.0,1.0,0.0,0.0,1.0,1.0,0.0,1.0,1.0,0.0,1.0,1.0
1217,7.702423250766088e-06,2.0886167613198836e-06,0.00021237161561482587,0.000210282998853506,-0.0006901218231062597,4.762681317105333e-07,0.00027544165545334565,0.002269462399579142,5.150459583602718e-06,0.0002045134013358707,0.0007994514169109874,6.391225686463997e-07,0.00015715979005526126
1218,0.00039683516404454,0.00018870190262743058,0.0005364081765728187,0.0003477062739453881,0.019030786785973516,0.00036217084569323266,0.0006788338902175006,0.013412827615311798,0.00017990394463796022,0.00045886752536816733,0.0049021339792588116,2.4030917551098874e-05,0.000471523114132788
1219,-3.2212830142003845,1.0,1.0,0.0,0.0,1.0,1.0,0.0,1.0,1.0,0.0,1.0,1.0
1220,0.00024737714392653043,5.031665968779908e-05,0.0003565160348521686,0.0003061993751643695,-0.010539950434017675,0.0001110905551519048,0.0004857905752453373,0.006306834310280806,3.97761590172907e-05,0.00026856313265510856,0.0002885565702019701,8.326489420173999e-08,0.00031519439665605997
1221,7.611719074385181e-05,4.15497452911362e-05,0.0003862875471646691,0.0003447378018735329,-0.0012701130427467573,1.6131871414248877e-06,0.00029248712467533355,0.007998846820379352,6.398155045583831e-05,0.0005373224476480365,-0.007684692464663577,5.9054498276145395e-05,0.00032905306917063726
1222,0.0001769269438702814,6.141385498999637e-05,0.00023206552359152552,0.00017065166860152914,-0.01284174185003956,0.0001649103337429958,0.00047574917777770676,0.004225053597970387,1.7851077905195467e-05,0.00010308232253908312,-0.0012166155193761333,1.4801533217978502e-06,0.00011736507045778666
1223,0.00032524471724015847,0.0002469018834452645,0.0005972580156660504,0.00035035613222078593,-0.01745372455026121,0.00030463250067647163,0.0006702665698725685,-0.014450023411576808,0.00020880317659521808,0.0005187562125907874,0.015075475881848316,0.00022726997306410368,0.0006027512645347954
1224,0.04443478441148763,0.014584596212350531,0.04608630963672936,0.03150171342437883,0.2026397311695297,0.04106286064845921,0.08825993036625623,-0.0035677409699324705,1.2728775628745304e-05,0.019733801875261414,-0.05175132088133961,0.002678199212963639,0.030265196668670447
1225,-3.2212830142003845,1.0,1.0,0.0,0.0,1.0,1.0,0.0,1.0,1.0,0.0,1.0,1.0
1226,2.6239608725386887e-05,1.6487269063669707e-05,0.00013914005012786537,0.00012265278106419567,0.004470804322732568,1.998809129211132e-05,0.0001400863603420177,-0.005045827748463284,2.5460377667041456e-05,0.0002063382837077521,-0.002003331782597168,4.013338231856345e-06,7.099550633382634e-05
1227,6.203760386302992e-05,5.207901967526259e-06,0.00035827415997828166,0.0003530662580107554,-0.0005954739342980946,3.545892064416023e-07,0.0002483158585315781,0.00099697235762074,9.939538820891158e-07,0.00039397811907060376,0.0037782486437732033,1.4275162814048059e-05,0.00043252850233266305
1228,0.00020044062035651233,3.005019002518446e-05,0.0002467613889685453,0.00021671119894336086,0.008064369734438432,6.503405921398642e-05,0.00023142824451860555,0.0036692316260520854,1.3463260726598314e-05,0.0002906412594892993,0.0034136857112915986,1.1653250134968651e-05,0.00021821466289773106
1229,3.5675168750692876e-05,7.213535234251722e-06,0.00014921900018161072,0.000142005464947359,-0.0003938751666764327,1.5513764650698647e-07,0.00024279071846489142,0.00018878937211139993,3.5641427253985114e-08,0.00014133770227187092,-0.0046313957539125825,2.1449826628994195e-05,6.352857980806981e-05
1230,9.201870303865434e-05,3.406135885034948e-05,0.00025534885733972484,0.00022128749848937537,0.009379214739614011,8.796966913171556e-05,0.0002882478250070264,0.002919803978868538,8.525255274949295e-06,0.00021307007278414947,-0.0023851943619688067,5.689152144383591e-06,0.0002647286742279986
1231,0.00010226453878858788,3.980834114569731e-05,0.00021116991556794731,0.00017136157442225,0.0043659851580688065,1.9061826400434967e-05,0.0001724361156349996,0.005198157917922186,2.7020845739800237e-05,0.00021580020498401797,0.008564014905240025,7.334235129685673e-05,0.0002452734260848244
1232,0.00014506634146560504,5.1018515727196956e-05,0.00016947053012739133,0.00011845201440019437,0.0016894371331757545,2.8541978276397373e-06,0.00012699326733212057,-0.0054756497697652975,2.9982740401335306e-05,0.0001506513454809788,-0.01096442469775831,0.00012021860895261582,0.0002307669775690746
1233,0.00024678992055382487,0.00019972085551852223,0.00043859584143176217,0.00023887498591323994,0.014740210148343615,0.0002172737952176318,0.00043947436216451585,-0.013375793787400338,0.00017891185944340915,0.00042269384112236796,0.014246996592065906,0.0002029769118945257,0.00045361932100840274
1234,-2.9202542084716185,2.923908429119937e-05,0.00016607336361348,0.00013683427932228062,0.005407317661350054,2.9239084290422213e-05,0.0001660733636126288,0.005407317661350047,2.9239084292087547e-05,0.00016607336361440517,-0.0054073176613500485,2.9239084291088346e-05,0.00016607336361340597
1235,0.0001112835999462769,2.221005040899578e-05,0.00019840027075568312,0.00017619022034668733,-0.0019915162646532104,3.966137032351824e-06,7.13582546224556e-05,-0.007663037568985841,5.8722144783751595e-05,0.00036325284281946146,0.001985414166131095,3.941869410883925e-06,0.0001605897148251323
1236,9.711761990871537e-05,2.2426951933181744e-05,0.00023287043588319603,0.00021044348395001428,-0.005616965950151656,3.155030648493984e-05,0.00025078924367227806,-0.0024795618832288923,6.148227133073725e-06,0.00017033025144741476,0.005438963336998004,2.9582322181531673e-05,0.0002774918125298953
1237,0.00019161114996568696,4.1634793197927365e-05,0.0002534631744846398,0.00021182838128671241,-0.00876563763142762,7.683640308586703e-05,0.00026985699450021716,0.006154181626775918,3.787395149534856e-05,0.0002986027427669402,-0.003192808326932203,1.0194025012566499e-05,0.00019192978618676193
1238,-3.2212830142003845,1.0,1.0,0.0,0.0,1.0,1.0,0.0,1.0,1.0,0.0,1.0,1.0
1239,-2.940422174874202,2.4464873322083136e-05,0.0001647614390081579,0.00014029656568607476,0.004946197865225081,2.446487332186109e-05,0.00016476143900800988,-0.004946197865225082,2.4464873322416203e-05,0.00016476143900845397,0.0049461978652250785,2.4464873321972114e-05,0.00016476143900800988
1240,4.6081040010137464e-05,1.8216781726754228e-05,0.00014347607268960783,0.0001252592909628536,0.004161317748161422,1.7316565401048756e-05,4.98913247217736e-05,-0.000978876672236652,9.581995392693443e-07,0.00010900582183848151,-0.006031217144136972,3.637558023994458e-05,0.00027153107150856837
1241,-3.0404758907095992,1.590622666913788e-08,0.00015887218729767247,0.00015885628107100333,0.00012611989214959007,1.5906224670736435e-08,0.0001588721872958221,-0.0001261198921495898,1.590622811242781e-08,0.0001588721872988197,-0.0001261198921495899,1.5906227224249392e-08,0.0001588721872983756
1242,9.627421647895318e-05,2.004739850980375e-05,0.00015168901155881986,0.00013164161304901612,-0.005959139724503192,3.5511346256567045e-05,0.00022541915922913436,0.004820567753334925,2.3237873464143632e-05,0.00011282850028293545,-0.0011802439612233085,1.3929758087005695e-06,0.00011681937516438978
1243,0.00016328981003821408,0.00010404035863061563,0.00035399188242287344,0.0002499515237922578,0.009827734180980516,9.6584359131624e-05,0.0003626131276549538,0.010858955596616643,0.00011791691664964077,0.0003275388414711866,-0.009880273281194188,9.761980011058213e-05,0.00037182367814247996
1244,1.4084253458723772e-05,4.074729265187334e-06,9.889675460790966e-05,9.482202534272233e-05,0.00025505896432413244,6.505507510468078e-08,0.00015531971232685127,0.0003689504260453713,1.3612441729371483e-07,6.82553638946537e-05,-0.00346742098730202,1.2023008303163607e-05,7.311518760222402e-05
1245,0.0003360310555146073,6.734997771984386e-05,0.00024412233242968964,0.00017677235470984579,0.0035911237945099833,1.2896170107801197e-05,0.0001950985255003701,0.003385938268390079,1.1464577957198685e-05,7.389489531461901e-05,0.01333001069372524,0.0001776891850945317,0.00046337357647407984
1246,-3.2212830142003845,1.0,1.0,0.0,0.0,1.0,1.0,0.0,1.0,1.0,0.0,1.0,1.0
1247,0.00011118728149794865,4.650323577470861e-05,0.0001912844723488405,0.0001447812365741319,0.0006493933229129077,4.217116880145255e-07,4.485306875323669e-05,-0.008554520802743259,7.317982616483754e-05,0.0002845264065379771,-0.008118384658957511,6.590816947127376e-05,0.0002444739417553077
1248,7.552599842786112e-05,1.9216922326870112e-05,0.00015539625845998697,0.00013617933613311686,-0.0036227542061773566,1.312434803901752e-05,0.00014510569229897463,-0.004828228039342647,2.331178600067929e-05,0.00016324902357511828,-0.004605934534959607,2.1214632940913525e-05,0.00015783405950586804
1249,0.0002112231549847854,5.829911720926321e-05,0.00017609918385808054,0.00011780006664881734,-0.004053870421656598,1.6433865395293346e-05,0.00015530481992565015,0.00011853166613398336,1.4049756136280678e-08,4.574814238123004e-05,-0.01258767001779205,0.00015844943647636,0.00032724458926736144
1250,0.0016580796085785554,0.000588267289894732,0.0020838896420266595,0.0014956223521319276,-0.0327847502499523,0.0010748398489517363,0.004498632878477626,0.016871359036843354,0.0002846427557502418,0.0005174109498461421,0.020132542437116176,0.00040531926498221793,0.00123562509775621
1251,0.00011414818097699175,7.202810898635874e-05,0.00030586138097750865,0.0002338332719911499,-0.00986041532458764,9.72277903739105e-05,0.00037434212312381643,-0.009934471027348388,9.869371459358955e-05,0.0003043240702097494,0.004490303106881738,2.0162821991576152e-05,0.00023891794959896018
1252,3.999002164412069e-05,7.951248184941603e-06,0.0006127993596643325,0.0006048481114793909,-0.004675127396480425,2.1856816173060345e-05,0.00048598643629349514,-0.0012650155076581139,1.6002642345691598e-06,0.0008899136562992016,0.0006298127873650746,3.966641471953025e-07,0.00046249798640030093
1253,0.0008199074210960555,0.00026493762772010027,0.0005905060130586929,0.0003255683853385926,-0.019704917316865533,0.00038828376646438123,0.0005983489334251413,0.014060789970229495,0.00019770581458700143,0.0005779371622458562,0.014450719778218586,0.00020882330210891809,0.0005952319435050812
1254,7.061357512960775e-05,4.670185644850555e-05,0.00021683478511077178,0.00017013292866226623,-0.002194563560485461,4.8161092215393e-06,0.0001600387817706217,-0.008230575414360881,6.774237165130259e-05,0.0002628369208815817,0.008218703576135106,6.754708847267477e-05,0.0002276286526801119
1255,-3.1673575839744474,2.6861076470134176e-05,0.00014440456569668006,0.00011754348922654588,-0.004745283127859986,2.2517711963820908e-05,0.00013442211770831047,-0.005912519110168383,3.495788222851459e-05,0.00016426517544687602,-0.004807040172325226,2.3107635218067024e-05,0.0001345264039348537
1256,5.77315970597958e-05,3.450998102301946e-05,0.00012429709118440732,8.978711016138785e-05,-0.0075402423099122035,5.685525409238057e-05,0.00011000627000379293,0.00516661529772323,2.6693913634967537e-05,0.0001523555844284985,0.004469986056115863,1.9980775341710277e-05,0.0001105294191209305
1257,0.0001235495838537437,2.2399847058762745e-05,0.000251894189467472,0.00022949434240870925,-0.006880183325156567,4.733692258773736e-05,0.0002548312933710051,-0.0021386229814180867,4.573708257016307e-06,0.0002122611425489085,-0.003910103621639145,1.5288910331534566e-05,0.0002885901324825024
1258,6.740546313399598e-05,2.0032781705185226e-05,0.0003446341433926599,0.00032460136168747467,0.0037295332461049608,1.3909418233981619e-05,0.0002073083022731126,0.006394162181807959,4.0885310007454656e-05,0.0005701611114188321,-0.0023029582875237977,5.303616874119399e-06,0.0002564330164860351
1259,5.1868502260798977e-05,1.692697229808508e-05,0.00015561896326625005,0.00013869199096816498,0.00027123174219302316,7.356665798763373e-08,8.355509443214171e-05,0.005052010804086695,2.5522813164591263e-05,0.00017263638643816304,0.005018419778353002,2.518453707167634e-05,0.00021066540892844543
1260,6.822279430163114e-05,3.3978192535477625e-05,0.0001959746331831417,0.00016199644064766408,0.006472019206685316,4.1887032611431785e-05,0.00015052577821361712,-0.00028097724073447344,7.894820996945384e-08,0.00023980524653055557,-0.007743939358292715,5.9968596785031636e-05,0.00019759287480525245
1261,-3.2212830142003845,1.0,1.0,0.0,0.0,1.0,1.0,0.0,1.0,1.0,0.0,1.0,1.0
1262,0.04484290771550015,0.0177709849080759,0.021638238528181437,0.0038672536201055374,-0.05861125333856597,0.003435279017917736,0.005501492431736588,-0.1951143658046145,0.038069615743337004,0.046141994647461715,-0.10866489756574091,0.011808059962972961,0.013271228505346011
1263,-3.0967710257176577,8.24355275619304e-06,0.00016088332591712717,0.00015263977316093413,0.0028711587826627124,8.243552757414285e-06,0.00016088332591812637,0.0028711587826627163,8.24355275519384e-06,0.00016088332591635002,-0.0028711587826627145,8.243552755970995e-06,0.00016088332591690513
1264,0.0021854003888225337,0.0009440844170954069,0.00226570982085846,0.0013216254037630533,-0.005640120153883594,3.181095534998679e-05,0.0011308160220517838,-0.035930563585319625,0.0012910053995587312,0.0025886662046499254,-0.03885147225495321,0.0015094368963775029,0.0030776472358736706
1265,6.073657408400823e-05,3.373775665456898e-05,0.00015977758425681868,0.0001260398276022497,0.006463675361524105,4.177909917912892e-05,9.221768287959176e-05,0.007668457445925261,5.8805239599668546e-05,0.00015818835668823805,-0.000793051817186201,6.289311849094759e-07,0.00022892671320262625
1266,0.00020439067978217373,0.0001352142736775012,0.0008551166731299112,0.0007199023994524101,-0.01336852007701306,0.00017871732904850557,0.0011713609538773762,0.011579195762216565,0.00013407777449936376,0.0011973656913016884,-0.009635752045641339,9.284771748463427e-05,0.00019662337421066933
1267,0.00023343139735920726,2.6284152220612533e-05,0.00018779412128444584,0.0001615099690638333,-0.003815457434155386,1.4557715431462448e-05,0.00017517650449494493,-0.005855752740745403,3.428984016118353e-05,0.00019688572049170183,0.0054776729611039675,3.0004901069191625e-05,0.00019132013886669075
1268,-2.914963990649295,4.61132947935002e-05,0.00018407718682970456,0.00013796389203620435,0.00679067704972496,4.611329479353721e-05,0.00018407718682966756,0.006790677049724964,4.6113294792982096e-05,0.00018407718682911245,-0.006790677049724957,4.6113294793981296e-05,0.0001840771868303337
1269,0.001772306548552316,0.0006230151712332729,0.0035508785732638235,0.0029278634020305505,0.005889431222944867,3.4685400129630395e-05,0.004565223915992456,0.027954828314095216,0.0007814724260706285,0.0010534534460915346,-0.032448230883972806,0.0010528876874995596,0.00503395835770748
1270,3.807845381564867e-06,1.1680344939405767e-06,0.00020064968202015976,0.0001994816475262192,0.00010761365667323023,1.1580698733304473e-08,0.00010124554061408109,-0.0006197182398985058,3.8405069680003123e-07,0.00015128313208256916,0.0017630859554032007,3.108472086288394e-06,0.00034942037336382903
1271,0.0001763141144243141,2.0493224883770072e-05,0.0003323757887255807,0.0003118825638418106,0.004753747795953224,2.2598118107453047e-05,0.0003337428723875213,0.004771988879034518,2.2771877861371692e-05,0.0003362918076549315,-0.004013686420562979,1.6109678682485473e-05,0.0003270926861342893
1272,8.772420077729493e-05,2.6360609699701183e-05,0.00021261563364120364,0.00018625502394150245,0.0021273526583007307,4.525629332619019e-06,0.0001513549059258823,-0.0072094695775147665,5.197645158905306e-05,0.00027526933107058227,-0.004751815250770034,2.257974817743147e-05,0.0002112226639271464
1273,1.0667347400850069e-05,3.5803797456083566e-06,0.00018362659214106922,0.00018004621239546087,0.0010334434999984062,1.068005467952382e-06,0.00015018569098856904,0.003100432004652268,9.612678615766868e-06,0.00032656828066124355,-0.0002458762963540672,6.045515310582061e-08,7.412580477339503e-05
1274,0.0001109955681130037,2.345084231158978e-05,0.00016188547468539335,0.00013843463237380357,-0.005906934703217591,3.4891877588094644e-05,0.00017945778532435508,0.005145411495600259,2.6475259459535216e-05,0.00016937846922371325,0.0029975639922502828,8.985389887139483e-06,0.0001368201695081117
1275,-3.2212830142003845,1.0,1.0,0.0,0.0,1.0,1.0,0.0,1.0,1.0,0.0,1.0,1.0
1276,2.948405885816463e-05,4.238412938247412e-06,0.00024920942729600437,0.000244971014357757,-0.0002165293393005106,4.688495514049151e-08,0.00016946063954959012,-0.0003879803494815431,1.5052875168564128e-07,0.00021059909718990077,-0.0035380538588603116,1.2517825107916103e-05,0.0003675685451485222
1277,2.110410803801699e-05,2.357464110813723e-06,0.0001361585208409973,0.00013380105673018358,-0.0013243277177377253,1.7538439043285337e-06,0.00014715517353525165,9.353521457480784e-05,8.748835766958507e-09,0.00013089861481307974,0.002304300239168209,5.3097995923456764e-06,0.0001304217741746605
1278,8.270273847865717e-05,2.5963182167928107e-05,0.00027463073690214834,0.00024866755473422025,0.0015671432022822782,2.455937816669973e-06,0.00045422063648459243,0.008671250090086605,7.519057812466201e-05,0.00020000036180234382,-0.0004929813007062469,2.430305624523399e-07,0.00016967121241950878
1279,0.00019850755760164596,5.223974283644998e-05,0.00020140037559483273,0.00014916063275838276,-0.005461252484282827,2.982527869743734e-05,0.00022820518723309924,0.001894291187967652,3.5883391046320767e-06,7.631414701581019e-05,-0.01110430595343501,0.00012330561070728052,0.0002996817925355888
1280,1.4264421053122867e-05,3.063841700012837e-06,0.00046725657998392123,0.0004641927382839084,0.00019026428267426723,3.620049704444739e-08,0.0003038462280104959,-0.0024440851140165296,5.973552045346331e-06,0.0005779640461960334,0.0017837523811710181,3.181772557647733e-06,0.0005199594657452344
1281,0.0005906332312054507,0.000297566273944135,0.0006398857479718764,0.0003423194740277414,0.015762401132314623,0.00024845328945599654,0.0008567926308771234,-0.01339118146703261,0.00017932374108275972,0.00041452654777285325,0.02156204515563781,0.00046492179129364875,0.0006483380652656523
1282,-2.9314343546579287,5.822850566676122e-05,0.0002241087557776448,0.0001658802501108836,-0.006830337459253216,4.6653509806815485e-05,0.00018747324696555268,-0.008059394523289878,6.495384008287086e-05,0.00024776039081253476,-0.007942176471948248,6.307816711059733e-05,0.000237092629554847
1283,0.00012028236213046384,1.94733602416249e-05,0.00020259071072244636,0.00018311735048082145,-0.005549862675731869,3.08009757190586e-05,0.00026704106580044407,0.0023269710490118087,5.414794262748046e-06,0.0002018560496127586,0.004712145025671549,2.2204310743068056e-05,0.00013887501675413638
1284,-3.0329584420082876,1.4389871230924278e-05,0.0001665954551779425,0.00015220558394701822,0.003793398374912655,1.4389871231146323e-05,0.00016659545517816454,-0.003793398374912656,1.4389871230924278e-05,0.00016659545517805352,0.0037933983749126538,1.4389871230702234e-05,0.00016659545517760943
1285,3.436405522061481e-05,1.5657150382838065e-05,0.00022131550868061586,0.0002056583582977778,-0.0041041382964450155,1.684395115530979e-05,0.00022512944685837422,-0.004055866179350076,1.645005046413406e-05,0.00020001759242360695,-0.0036983036015269693,1.3677449529070351e-05,0.0002387994867598664
1286,-3.2212830142003845,1.0,1.0,0.0,0.0,1.0,1.0,0.0,1.0,1.0,0.0,1.0,1.0
1287,2.6237995295774752e-05,5.937109894086727e-06,0.000215503360607087,0.00020956625071300028,-0.0003686550129143059,1.3590651837258605e-07,6.184505508677329e-05,0.003741316491974115,1.399744909313938e-05,0.0004320046343833095,-0.0019178044923015365,3.6779740707482134e-06,0.00015266039235117823
1288,6.094117280230904e-05,3.8901108059004784e-05,0.0004496008715303053,0.00041069976347130055,-0.006387731378151396,4.080311215959309e-05,0.00045085013921652983,-0.005267326691585919,2.774473047606474e-05,0.00046642321849688084,0.00693941507188571,4.8155481541356515e-05,0.0004315292568775053
1289,0.00011264917899422855,3.74544807923242e-05,0.00015538989195869787,0.00011793541116637368,-0.000441091639707431,1.94561834310214e-07,0.00012224986978293106,-0.0034080511160333575,1.1614812409743713e-05,0.00015972723263435462,0.010027665138666517,0.00010055406813291867,0.0001841925734588079
1290,4.703843459352708e-05,1.616873914963198e-05,0.00012776447793786763,0.00011159573878823566,0.004418796988298822,1.9525766824068924e-05,0.00013200833416915358,-0.004513192767760002,2.0368908958623422e-05,0.0001126358171789077,0.0029345428377029795,8.611541666203593e-06,0.00013864928246554165
1291,0.0001400260206114723,2.7702630263970462e-05,0.00022317148266888984,0.00019546885240491937,0.00018458868833751997,3.4072983989830163e-08,7.522411305238563e-05,0.007427846828841938,5.5172908512757246e-05,0.0003134640240507469,-0.0052821311319993175,2.790090929516431e-05,0.00028082631090353694
1292,-3.191467521041764,5.631056574747125e-05,0.0001618923713573676,0.00010558180560989633,0.007504036630149107,5.6310565747397234e-05,0.00016189237135777468,-0.007504036630149107,5.6310565747841324e-05,0.00016189237135721957,0.007504036630149107,5.631056574717519e-05,0.00016189237135710854
1293,-3.2212830142003845,1.0,1.0,0.0,0.0,1.0,1.0,0.0,1.0,1.0,0.0,1.0,1.0
1294,0.0001586729604940995,3.4400240888299294e-05,0.00031147344842711683,0.00027707320753881753,-0.009340164670938763,8.723867608018132e-05,0.0005510509930179985,-0.0021566594003251623,4.651179768777602e-06,0.0002215665639436759,0.003363163215858294,1.1310866815938958e-05,0.00016180278831967598
1295,-2.3905950594325014,2.557445063337364e-05,0.00012505803757945078,9.948358694607713e-05,-0.004662926154156008,2.1742880319086666e-05,0.0001220343713350669,-0.005245922699375642,2.7519704967948755e-05,0.0001266160098742919,0.0052403021490621485,2.7460766613085497e-05,0.00012652373152899354
1296,7.607667119202688e-05,2.4505944572890865e-05,0.00018360582254535926,0.00015909987797246838,0.005540897110079446,3.070154078466114e-05,0.00030653629525956294,0.0031541367690235337,9.94857875746824e-06,0.00016747267168748525,0.005733037081344831,3.286771417654322e-05,7.680850068902956e-05
1297,4.480258498718026e-05,1.5686805351466937e-05,0.000527495629847515,0.000511808824496048,0.0009429019371732707,8.890640632586155e-07,0.0006674155774250012,0.0057505800174267796,3.3069170536914605e-05,0.0005343235128909551,0.003619693558053159,1.310218145422759e-05,0.0003807477992265884
1298,3.740499577353784e-05,1.3452606586953722e-05,0.0002437584525788461,0.00023030584599189238,0.005313253415950829,2.8230661862083117e-05,0.0002738188580820866,0.003426307995582822,1.1739586480707942e-05,0.00037576249271209505,0.0006225523416539437,3.8757141807010953e-07,8.169400694235662e-05
1299,4.671023449132061e-05,8.845489461339895e-06,0.00036028408047169186,0.00035143859101035196,-0.0036087766144855082,1.3023268654044351e-05,0.00032916080712441786,-0.0036731612887397334,1.3492113852375809e-05,0.0004911221150343259,0.00014520976980460153,2.108587759952485e-08,0.00026056931925633187
1300,1.129839560098933e-05,2.369486331810222e-06,0.0002195699451169967,0.00021720045878518648,0.001512578281787842,2.2878930585612522e-06,7.13178801101666e-05,-0.0019587228032986923,3.83659502023459e-06,0.00015810273513972017,0.0009919530820015946,9.839709166348243e-07,0.0004292892201011034
1301,9.410961118039296e-05,6.335941853360024e-06,0.00010586260369579066,9.952666184243064e-05,-0.0003046537152016976,9.281388613224806e-08,8.641791594565795e-05,0.002106780568992575,4.43852436549097e-06,8.209614157705936e-05,-0.003804797932679753,1.4476487308456853e-05,0.0001490737535646547
1302,-3.2212830142003845,1.0,1.0,0.0,0.0,1.0,1.0,0.0,1.0,1.0,0.0,1.0,1.0
1303,-3.2212830142003845,1.0,1.0,0.0,0.0,1.0,1.0,0.0,1.0,1.0,0.0,1.0,1.0
1304,2.7309148286303042e-05,8.863510108869654e-06,0.0003045661328536416,0.00029570262274477194,0.00338698538085391,1.1471669970064546e-05,0.00023632421411989846,-0.001850409611409457,3.4240157297249496e-06,0.00012253102584336428,-0.0034197725987231177,1.1694844626819467e-05,0.0005548431585976621
1305,-3.1491104240678673,2.031086726802152e-05,0.00016219280327804211,0.00014188193601002058,0.004506757955336807,2.0310867269279775e-05,0.0001621928032784492,-0.004506757955336808,2.0310867266948307e-05,0.00016219280327711694,0.0045067579553368054,2.0310867267836485e-05,0.00016219280327856023
1306,3.6734545162731e-05,1.1788448836906143e-05,0.00018770556108738123,0.0001759171122504751,0.0016144999809530826,2.6066101892485705e-06,0.00022839654117146058,0.005715509865399167,3.266705302140682e-05,0.00016126427484475236,0.0003027925021110745,9.168330006303904e-08,0.00017345586724593076
1307,0.0003958960290638691,0.00013999319558174092,0.00041387168396437673,0.00027387848838263584,0.00851077299290386,7.243325693673253e-05,0.0002902783216565119,-0.018459112954179076,0.0003407388510552334,0.0006302869114667153,-0.0026091145534963707,6.807478753256824e-06,0.0003210498187699029
1308,1.1037802615465608e-05,5.5516010673735865e-06,0.00031270079312935756,0.000307149192061984,0.0030042448986699406,9.025487411218336e-06,0.00032764173989641154,-0.002324985900538433,5.4055594377322436e-06,0.0002081375771136873,-0.0014912264595882635,2.223756353170181e-06,0.0004023230623779739
1309,0.0001657922661481015,3.3026079091909764e-05,0.0002608649863746019,0.00022783890728269215,-0.004865178587234735,2.3669962686656554e-05,0.0003387956557172611,0.00812965002286155,6.609120949441216e-05,0.00038844595680120886,0.0030523867864168455,9.31706509466057e-06,5.535334660533575e-05
1310,5.9825027375115525e-05,1.4920618688611201e-05,0.00025014890661027395,0.00023522828792166275,0.004583950928655732,2.1012606115089483e-05,0.00023778602627766432,0.0035706323693656394,1.2749415517654406e-05,0.00025125806123971195,-0.0033165998301502952,1.0999834433089717e-05,0.0002614026323134455
1311,0.00010220564279750377,2.4399012983344903e-06,0.00021401286470786504,0.00021157296340953055,-1.2965084250170398e-05,1.680930949987669e-10,0.00020536036530416357,-0.0027004859577654285,7.2926244080173674e-06,0.00018688034433655965,0.00016404692602402254,2.691139389110475e-08,0.0002497978844828719
1312,-3.0901390428644113,6.338065777766744e-07,0.00016266266873032897,0.0001620288621525523,-0.0007961197001003501,6.338065776656521e-07,0.00016266266873032897,0.0007961197001003496,6.338065775546298e-07,0.00016266266873010693,0.00079611970010035,6.338065781097413e-07,0.00016266266873055102
1313,-3.2212830142003845,1.0,1.0,0.0,0.0,1.0,1.0,0.0,1.0,1.0,0.0,1.0,1.0
1314,1.0209760360035958e-05,1.1387546744456856e-06,0.0004149331305527415,0.0004137943758782958,0.0014707376361628628,2.1630691943164138e-06,0.0005165806245777116,-0.0010641357018268997,1.132384791935337e-06,0.0006217683651147388,-0.00034757738216490585,1.2081003708530602e-07,0.00010645040196577416
1315,3.964947949119946e-05,2.0494325476942226e-05,0.00015272505187513552,0.0001322307263981933,-0.004732692789569637,2.2398381039900883e-05,0.00014827565540898036,-0.004444954863638363,1.975762373906953e-05,0.00015011027979627833,0.004396245176545073,1.9326971651856262e-05,0.00015978922042014787
1316,0.00020294561307421244,4.430451247224484e-05,0.0006704163453921108,0.0006261118329198659,0.007758005848955491,6.0186654752047986e-05,0.000976928923376752,-0.0009401820209235728,8.839422328543733e-07,4.200719749047899e-06,0.008476021497868219,7.184294043183215e-05,0.0010301193930505326
1317,6.250769622517804e-05,3.310353423206328e-05,0.00017880450489060618,0.0001457009706585429,0.0047382099459430315,2.2450633492154815e-05,0.00015967872515765258,-0.006760841716756884,4.570898071931673e-05,0.00019079309529446142,-0.005581307058784473,3.115098848471831e-05,0.00018594169421970452
1318,0.0001621118178138925,1.563177435874123e-05,9.438713604307629e-05,7.875536168433506e-05,-0.006717222580787758,4.512107919996122e-05,0.00015160694709537292,-0.0006273825250980693,3.93608832860437e-07,7.12822076552877e-05,0.0011750042737478945,1.3806350434020231e-06,6.027225337856823e-05
1319,2.0319788125666705e-05,1.0171851913950055e-05,0.00018977140783789834,0.00017959955592394827,-0.0029009426040434525,8.415467991573777e-06,0.0001562067795565225,0.0041058086450639665,1.6857664630332003e-05,0.000146530521871302,-0.002289633839687965,5.242423119944384e-06,0.00026657692208587047
1320,-3.2212830142003845,1.0,1.0,0.0,0.0,1.0,1.0,0.0,1.0,1.0,0.0,1.0,1.0
1321,0.000229611836373933,8.537999799821765e-05,0.0003064533270393799,0.00022107332904116223,-0.009587641446347307,9.192286850379094e-05,0.0002319515443324205,-0.001757434718257659,3.0885767887678384e-06,0.00043076582047896217,-0.012693642058211907,0.00016112854870209414,0.000256642616306757
1322,0.00014232276540038225,4.283663967904102e-05,0.0002801696019082793,0.00023733296222923825,-0.004959979380459535,2.4601395454570962e-05,0.0002229539408444836,0.008899316954628029,7.919784225862703e-05,0.00041356269966597026,-0.004970983939187494,2.4710681323925066e-05,0.0002039921652143839
1323,4.487675845799011e-05,3.599837850402447e-07,0.00016118346840598985,0.00016082348462094961,0.0005341680115961192,2.8533546414521993e-07,0.00012917572113813058,0.000367571661570893,1.3510892638013416e-07,0.00018624703224900951,0.0008121003414491687,6.595069645953799e-07,0.00016812765183082945
1324,0.00011071596982614729,1.966012637651578e-05,0.00018893839443404983,0.00016927826805753404,-0.0063957921853756705,4.0906157678377575e-05,0.0002878603924785228,-0.0012421306737872484,1.5428886107615725e-06,0.00011787033286403403,-0.004065874179135771,1.6531332840408197e-05,0.0001610844579595927
1325,8.641053848579272e-05,2.0624746532823163e-05,0.00026949270920695323,0.0002488679626741301,0.0012164656492876585,1.4797886760398171e-06,0.00019684332230784918,-0.00752913658117128,5.668789765767013e-05,0.00012915086101805695,-0.0019252410927021767,3.706553264759549e-06,0.00048248394429495356
1326,0.0008117305463453128,0.0002885379828425257,0.0006349927214304533,0.0003464547385879276,-0.00862145152391742,7.43294263790828e-05,0.0002648499236109769,-0.024465338311504263,0.0005985527786962486,0.001247411563211731,0.013882785867833444,0.00019273174345224575,0.0003927166774686519
1327,-3.1522768710949363,3.7462689897978706e-05,0.00016892602937834678,0.00013146333948036806,0.006120677241774202,3.7462689898237755e-05,0.0001689260293789019,-0.006120677241774203,3.746268989712753e-05,0.00016892602937734758,0.006120677241774197,3.746268989857082e-05,0.00016892602937879087
1328,0.00021299531192098264,3.537941192840085e-05,0.00019688713548149384,0.00016150772355309298,-0.007394802519682229,5.468310430511991e-05,0.00028241507447246406,0.007001057038539301,4.9014799656466046e-05,0.00026250646757364215,-0.0015621561456799565,2.4403318236165816e-06,4.5739864398375296e-05
1329,-2.9647719309113176,1.6192240183158606e-05,0.0001674669655828224,0.0001512747253996638,-0.004023958272975139,1.619224018423182e-05,0.00016746696558367358,-0.00402395827297514,1.619224018267751e-05,0.0001674669655822303,-0.004023958272975139,1.6192240182566486e-05,0.00016746696558256335
1330,-3.2212830142003845,1.0,1.0,0.0,0.0,1.0,1.0,0.0,1.0,1.0,0.0,1.0,1.0
1331,7.103668772379113e-05,3.552166366512418e-05,0.0003244398159805151,0.0002889181523153909,-0.008296095732756898,6.882520440720796e-05,0.0003120446559184975,0.0035131804791045836,1.2342437079149171e-05,0.00026244742591541304,-0.005039578306666892,2.53973495090154e-05,0.0003988273661076347
1332,0.00013179597807377874,6.175757413973137e-05,0.00016870893805324508,0.0001069513639135137,0.0072236559998776345,5.2181206005030845e-05,0.0001156547283828191,0.010562060028476622,0.0001115571120451353,0.00018279567698153976,-0.004640517683339039,2.1534404369027982e-05,0.0002076764087953764
1333,-3.2212830142003845,1.0,1.0,0.0,0.0,1.0,1.0,0.0,1.0,1.0,0.0,1.0,1.0
1334,2.118933655070876e-05,7.129585054851025e-06,0.0001490987556390655,0.00014196917058421446,0.00042836154534780764,1.8349361341485348e-07,3.830486341482864e-05,0.0006379020031304149,4.069189657451844e-07,0.00032023039592610214,0.004560519990658108,2.0798342585393037e-05,8.87610075762657e-05
1335,-3.2212830142003845,1.0,1.0,0.0,0.0,1.0,1.0,0.0,1.0,1.0,0.0,1.0,1.0
1336,-3.131347573311798,3.6013832282836646e-05,0.00016202663222497637,0.00012601279994213974,0.004366360783207434,1.9065106489413175e-05,0.00016218859659422602,0.006525170125398127,4.257784516548124e-05,0.0001620698998020531,0.006811647759119074,4.6398545193615526e-05,0.00016182140027865
1337,6.418752089154545e-05,1.8814684686674354e-05,0.00020781991724042972,0.00018900523255375537,0.002999984031989398,8.999904192119601e-06,0.00019899625063601878,0.006522527380529629,4.254336342945919e-05,0.0001750421670819735,-0.0022137719934874215,4.900786438444271e-06,0.0002494213340032969
1338,0.0002901801747743349,6.565176588583614e-05,0.00039171812853566745,0.0003260663626498313,-0.01191798417367115,0.00014203834676396188,0.0005146080592148827,-0.007150939886181076,5.113594125605303e-05,0.00038196129898493414,-0.0019444818429118088,3.7810096374935043e-06,0.0002785850274071855
1339,0.0001061363733501075,5.6976820760593995e-05,0.00019875830963985339,0.0001417814888792594,0.008418187230192912,7.086587624205443e-05,0.00020941404081864512,0.007510097473605705,5.640156406361285e-05,0.00019383127083649754,0.006607800085989581,4.366302197611471e-05,0.00019302961726441747
1340,-5.587391323085431,5.072545510668528e-07,0.0001413988090945469,0.00014089155454348007,-0.0009461230111965402,8.951487524555546e-07,0.00014161857423911073,0.0007454803603281004,5.557409685774672e-07,0.000141622005675468,0.000266221584542125,7.087393216753668e-08,0.00014095584736906197
1341,3.5974086597168053e-05,4.33250880834309e-06,0.0002710177894159245,0.00026668528060758145,0.002112138441100158,4.461128794597258e-06,0.0002636669143044612,0.00045350166456278537,2.0566376002228992e-07,0.0004322609009863587,0.0028863010706884225,8.330733870409723e-06,0.0001171255529569537
1342,0.00011152565897176725,4.9841463010495225e-05,0.0001290443932021601,7.920293019166488e-05,-0.007247909841835052,5.253219707557211e-05,0.0001361287908737685,-0.008871163235384118,7.869753714873085e-05,0.0001991781373873458,-0.004277225129361373,1.829465480718273e-05,5.1826251345366003e-05
1343,9.9202981570512e-06,3.407486141767298e-07,0.0002049465838363703,0.00020460583522219356,0.0009215192645647919,8.491977545599383e-07,0.0001718917188164859,-2.5311526861758907e-05,6.406732921959701e-10,0.00022650216155339908,0.00041521971841717686,1.724074146780552e-07,0.00021644587113922586
1344,0.00018558877684593522,0.00010661507893594546,0.0002635076748451389,0.0001568925959091934,0.013579377896989191,0.00018439950406978767,0.00032761044330020805,-0.008030662094847266,6.449153368204286e-05,0.00033759670504562855,0.008423431548725265,7.095419905600586e-05,0.00012531587618958007
1345,0.0001489539941221807,7.812935469823461e-05,0.0004406711946474129,0.00036254183994917827,-0.010590608297350894,0.00011216098410815611,0.0004994849288939562,0.0028281155547343105,7.998237591011481e-06,0.00033100419768372635,-0.010687789406403874,0.00011422884239553621,0.0004915244573645561
1346,-2.9031831152963563,4.006329502733349e-05,0.0001821829213400535,0.00014211962631272002,-0.0063295572535999895,4.006329502681538e-05,0.0001821829213395354,0.006329557253599987,4.0063295027370494e-05,0.0001821829213400905,0.006329557253599986,4.006329502781458e-05,0.0001821829213405346
1347,0.0003079769743500327,9.193930379836068e-05,0.00044052568703145667,0.000348586383233096,-0.006144289014966884,3.775228749969273e-05,0.0004893140483887004,-0.013804873462552469,0.00019057453131721136,0.0003127996590758242,-0.006891378133436065,4.749109257817796e-05,0.0005194633536298454
1348,-3.2212830142003845,1.0,1.0,0.0,0.0,1.0,1.0,0.0,1.0,1.0,0.0,1.0,1.0
1349,4.960827418198921e-05,4.3594679886386585e-06,8.694456335915184e-05,8.258509537051317e-05,-0.003246947088784158,1.0542665397017537e-05,9.625814257774312e-05,-0.0009475247550401516,8.978031613704474e-07,9.239734922594778e-05,-0.0012798185055850674,1.6379354075279906e-06,7.21781982737646e-05
1350,7.394657928605497e-05,1.8655509756770883e-05,0.00010551674881849789,8.6861239061727e-05,-0.0015960470399992072,2.547366154015407e-06,6.558688920521583e-05,0.0063525913564358005,4.035541694180633e-05,0.00017859242697515487,-0.00361438046897933,1.3063746174490909e-05,7.237093027512298e-05
1351,4.970535246828778e-05,1.5519162253655832e-05,0.0003622982417517869,0.00034677907949813103,-0.0006113764191838754,3.7378112593966506e-07,8.090773278368601e-05,-0.0003439697332329681,1.1831517754412602e-07,0.00043072019022483143,-0.006787148919649196,4.60653904574837e-05,0.0005752668022468432
1352,5.848026976518206e-05,3.097244217579546e-06,0.00017027310975063306,0.00016717586553305352,0.002677598831485178,7.16953550228272e-06,0.0002086933326810314,0.0011536103762037535,1.330816900346754e-06,0.00019192325934147547,0.0008895955543857517,7.913802501091638e-07,0.00011020273722939233
1353,0.00012321083840338698,3.3159313663766454e-05,8.904546735159317e-05,5.588615368782672e-05,0.0018515425954206488,3.428209983002972e-06,8.699040625537169e-05,0.006918005381472522,4.785879845758956e-05,7.16832899813058e-05,-0.006941968924675684,4.819093255070683e-05,0.00010846270581810202
1354,-3.2212830142003845,1.0,1.0,0.0,0.0,1.0,1.0,0.0,1.0,1.0,0.0,1.0,1.0
1355,-3.2212830142003845,1.0,1.0,0.0,0.0,1.0,1.0,0.0,1.0,1.0,0.0,1.0,1.0
1356,1.3096357765807198e-05,5.046796101100999e-06,0.0001375017024096703,0.0001324549063085693,0.002444019196217119,5.973229830980031e-06,0.0001407949094189842,-0.002837346773224146,8.050536711268208e-06,0.00015005722404182187,-0.0010567032512516148,1.116621761054759e-06,0.00012165297376820483
1357,0.0001172089170894397,2.3060968833717627e-05,0.00042507950421015,0.0004020185353764324,-0.001086442473023995,1.1803572474988755e-06,0.00022599416010848916,0.008031072562834795,6.449812650999309e-05,0.0005885655028352588,-0.0018720103482759512,3.5044227436609177e-06,0.00046067884968670203
1358,0.0004389481376739779,0.00013716238744524803,0.0002801564015293412,0.00014299401408409315,-0.002283995554226734,5.21663569175157e-06,0.00013397573357065706,0.015524453204520023,0.0002410086472994788,0.00037491198861483443,-0.012855422176823368,0.00016526187934451375,0.00033158148240253205
1359,0.00010568238570451971,2.4108701515701547e-05,0.0002249694358926376,0.00020086073437693605,0.0002806624683334597,7.877142182977082e-08,0.0001353844161758877,0.00529402035641741,2.8026651534118763e-05,0.0003317931894187831,0.006649863276213419,4.422068159115611e-05,0.00020773070208324196
1360,2.196321044145577e-05,1.504666498675089e-05,0.0002174173457374732,0.00020237068075072232,0.003993172669084489,1.594542796556908e-05,0.00022938740226474685,-0.004158300571813324,1.7291463645818794e-05,0.0002114418072466373,-0.0034500874406765197,1.1903103348864796e-05,0.0002114228277010355
1361,-3.2212830142003845,1.0,1.0,0.0,0.0,1.0,1.0,0.0,1.0,1.0,0.0,1.0,1.0
1362,3.672864158366096e-05,3.1185553631352114e-05,0.0003961814079519084,0.0003649958543205563,-0.00559562173013216,3.131098254682829e-05,0.0004140215403951597,0.005482957204513032,3.0062819706300203e-05,0.00038151883537018705,-0.005672993798823713,3.218285864092785e-05,0.0003930038480903786
1363,-3.2212830142003845,1.0,1.0,0.0,0.0,1.0,1.0,0.0,1.0,1.0,0.0,1.0,1.0
1364,-3.2212830142003845,1.0,1.0,0.0,0.0,1.0,1.0,0.0,1.0,1.0,0.0,1.0,1.0
1365,0.0004532808331743077,0.0001344245644953057,0.0004911192814057349,0.0003566947169104292,-0.00398538962554983,1.5883330467314494e-05,0.0005713082731584329,0.019194786451416916,0.0003684398269154787,0.0008134192684169372,0.0043532213478262236,1.8950536103123916e-05,8.863030264183447e-05
1366,6.462262716977474e-05,1.5356126534619523e-05,0.00020429761911940533,0.00018894149258478582,-0.00027701617297526307,7.673795998641708e-08,0.00015037956422203624,0.0014384705871852575,2.06919762979485e-06,0.00017636205675541916,-0.006627400999934871,4.39224440140773e-05,0.00028615123638076057
1367,0.000125844140979825,2.795932023702541e-05,0.0001273834714103176,9.94241511732922e-05,0.004000136056237949,1.600108846822046e-05,0.00012031259429079455,0.0040422634175826325,1.6339893535999295e-05,0.0001281909626795752,-0.007178926013435039,5.153697870685647e-05,0.00013364685726058312
1368,2.5241762444117022e-05,6.872877232407444e-06,8.483486487372478e-05,7.796198764131734e-05,-0.0012512182809709417,1.5655471866660164e-06,8.330170378545443e-05,-0.0019402926981526847,3.7647357548076243e-06,5.2430144283133195e-05,-0.003910031810030796,1.5288348755748693e-05,0.00011877274655258674
1369,0.0002716566526603792,0.00015368480964184084,0.00039735691470821344,0.0002436721050663726,0.011801004512952002,0.00013926370751482509,0.00037223348007042745,0.014776600593033783,0.00021834792508601542,0.0005116217482800112,-0.010170683178857434,0.00010344279632468201,0.0003082155157742017
1370,-3.2212830142003845,1.0,1.0,0.0,0.0,1.0,1.0,0.0,1.0,1.0,0.0,1.0,1.0
1371,-3.2212830142003845,1.0,1.0,0.0,0.0,1.0,1.0,0.0,1.0,1.0,0.0,1.0,1.0
1372,0.00010543455082190345,2.0301826956966213e-05,0.00011865510173917719,9.835327478221098e-05,0.0029211289919868115,8.53299458869472e-06,8.614497306236313e-05,-0.005479317345929411,3.0022918577343738e-05,0.0001859347310663173,-0.004727532940613346,2.2349567704860185e-05,8.388560108885112e-05
1373,0.00019970840090521857,5.64382291919537e-06,0.00018510502484140692,0.00017946120192221154,-0.0016121658118865216,2.5990786043372793e-06,0.0001686598967977071,0.003425141039604207,1.1731591140762276e-05,0.00018753763748580177,-0.0016126992938049773,2.6007990124865543e-06,0.00019911754024071193
1374,8.803271440971372e-05,2.1258195163224396e-05,0.00010998522487593032,8.872702971270592e-05,0.000821280846690492,6.74502228736884e-07,0.00012870004528542367,-0.007073711175083238,5.0037389788482045e-05,0.0001168670634187352,0.0036142348391342257,1.3062693472454256e-05,8.438856592363209e-05
1375,7.635472546785316e-06,3.2685474624279585e-06,4.393178240513773e-05,4.066323494270977e-05,0.001977967055438115,3.912353673363178e-06,4.9328336573895015e-05,-0.0016839393077188176,2.835651591981403e-06,4.216621065666892e-05,-0.0017486100544591816,3.057637121939294e-06,4.0300799984849256e-05
1376,9.901317712324165e-05,3.3139269829322395e-05,0.0005248294791047048,0.0004916902092753824,0.003758510192815924,1.4126398869329648e-05,0.0004075513266270647,0.0019378996203278846,3.755454938247915e-06,0.0008330728100320872,0.009029726223987039,8.153595568038963e-05,0.0003338643006549624
1377,-3.13692641898788,2.9239084290644257e-05,0.00016607336361299888,0.00013683427932235462,0.005407317661350053,2.9239084289978123e-05,0.00016607336361285086,-0.005407317661350051,2.9239084291088346e-05,0.000166073363613628,0.005407317661350052,2.9239084290866302e-05,0.0001660733636125178
1378,0.00013316966692888954,2.742398714794536e-05,0.0002831592783097969,0.00025573529116185156,-0.0045324030975369975,2.0542677838353285e-05,0.00021964587793965595,-0.007827350373429331,6.126741386813794e-05,0.0003163967634768339,0.00067960998895142,4.618697373448555e-07,0.00031343519351290094
1379,1.9716362625321615e-05,5.6904231494625535e-06,0.0002761830837389641,0.00027049266058950155,0.0010175891526673913,1.0354876835982907e-06,0.00044860522192524677,-0.003938129041888274,1.5508860350066378e-05,0.00020727864601233215,-0.0007258935284455657,5.269214147229917e-07,0.00017266538327931347
1380,-3.2212830142003845,1.0,1.0,0.0,0.0,1.0,1.0,0.0,1.0,1.0,0.0,1.0,1.0
1381,5.758028077373911e-05,7.444009088179253e-06,0.00010224215427164414,9.479814518346488e-05,0.00472150364004589,2.2292596622563998e-05,0.00020084333848724434,-5.263193678447387e-05,2.770120355322092e-09,4.551407653263784e-05,0.00019146937467456776,3.66605216184368e-08,6.036904779505026e-05
1382,1.6151836625066807e-05,6.153734631457001e-06,0.00014482310145536026,0.00013866936682390327,0.001819401834140704,3.310223033792248e-06,0.00017922450458196515,-0.002250882625264163,5.066472592463178e-06,0.0001049548518395893,0.0031756114793914836,1.0084508268115577e-05,0.00015028994794452633
1383,0.00012752083387346236,1.6308145516970757e-05,0.0003250352261546056,0.0003087270806376349,-0.00028827513724723615,8.310255439347713e-08,0.00032803396498592985,-0.0029158563157850224,8.502218054373678e-06,0.00016840546032703685,0.006351308207129683,4.033911594214512e-05,0.0004786662531508501
1384,0.00016131230162663712,0.0001380592346011955,0.00016360172533299208,2.554249073179657e-05,0.010862334364866616,0.00011799030785331066,0.00015918204805775993,-0.012068843383039339,0.0001456569806048691,0.00015716687549560682,-0.012269083720743501,0.0001505304153454068,0.00017445625244560947
1385,7.494949907671522e-05,3.3006686764758264e-05,0.00021130498030130784,0.00017829829353654958,-0.006190585161029192,3.832334463582665e-05,0.00022305856387738743,0.005990681441568126,3.58882641340319e-05,0.00018096501776876384,0.004980808320369705,2.4808451524416242e-05,0.00022989135925777227
1386,0.00014330733786449557,4.531241884941917e-05,0.00021775094821644783,0.00017243852936702866,-0.006194133258170273,3.8367286820051305e-05,0.0002639815250944366,0.005803327354633252,3.367860838521253e-05,9.838668809403206e-05,-0.007993207200046492,6.389136134299367e-05,0.00029088463146087484
1387,0.00016717507179486724,6.262765469033926e-05,0.00038986338656428937,0.0003272357318739501,-0.011490143286417426,0.00013202339274276387,0.0005584863533084627,0.006266927923383149,3.927438559681029e-05,0.0004184404888684101,0.004072491342126839,1.658518573144363e-05,0.0001926633175159953
1388,0.00013862353868465682,8.739816206452625e-06,0.0002897393672975183,0.00028099955109106567,-0.0007185012885939146,5.162441019113118e-07,0.00028079838082539776,-0.004896366675750203,2.3974406623161748e-05,0.00030578530317293406,-0.0013148375926601563,1.728797894284817e-06,0.00028263441789422306
1389,0.00015413342853509704,8.694951116143082e-06,0.00017848484651787158,0.0001697898954017285,-0.003175945624240576,1.0086630608752145e-05,0.00015873001837618528,-0.003637460657550133,1.3231120034484789e-05,0.0002476004190984371,-0.0016634610622236726,2.7671027051923147e-06,0.0001291241020789924
1390,0.00023453590305178018,0.0001081424419679955,0.0004144905421207268,0.0003063481001527313,0.00555033273092062,3.08061934241044e-05,0.0001056768255642826,-0.01287965557922751,0.00016588552783936006,0.0005085954540640092,-0.011302017724282664,0.00012773560464052203,0.0006291993467338886
1391,-3.1482075065005626,1.55600998341295e-05,0.00021563339301063542,0.0002000732931765059,0.004634523636480069,2.14788093368945e-05,0.0002517530652443867,0.004493504881170083,2.0191586116324878e-05,0.0002617214953416491,0.0022382814944200188,5.009904049169123e-06,0.00013342561844587042
1392,2.9679540093807688e-05,4.2261374594287915e-06,0.00015346647871894437,0.00014924034125951557,-0.0007193519172264963,5.174671807717246e-07,0.0001666389981862526,-0.003485067573138067,1.2145695989063121e-05,0.00012096447394571719,-0.00012348768640597034,1.5249208451528773e-08,0.0001727959640248633
1393,0.00012061068100632788,4.344779353493422e-05,0.0002657111430126591,0.00022226334947772486,-0.008015510072076916,6.424840171548318e-05,0.00032754645636157154,-0.0002657010316299816,7.059703699408004e-08,0.0002791368136496608,-0.00812553886538623,6.60243818523254e-05,0.0001904501590267449
1394,5.5552950956050395e-05,3.272701563202437e-05,0.00016384563709441005,0.00013111862146238568,0.002740899515568482,7.512530153741537e-06,0.0002046153247736715,-0.00690270362626261,4.764731735362737e-05,0.00014512271843658553,0.00655905476331965,4.302119938870419e-05,0.00014179886807297315
1395,3.454826096405128e-05,1.1225747602779576e-05,0.00048070779731749597,0.0004694820497147164,-0.001663255656635017,2.766419379129914e-06,0.0006202894893408972,-0.004226137563858655,1.7860238708644616e-05,0.0002656575776858183,-0.0036125593033542727,1.3050584720564196e-05,0.0005561763249257723
1396,0.00010079872318857763,5.041513903677094e-05,0.00018956255311308734,0.0001391474140763164,-0.006979587754908818,4.8714645228375986e-05,0.00022285707581337633,0.007547744112448499,5.696844118718847e-05,0.00018265443063436582,0.006749987458833872,4.5562330694748354e-05,0.00016317615289151988
1397,-3.165082590758624,2.2442180444633603e-05,0.00016071653893164525,0.00013827435848701164,0.004737317853399288,2.2442180445225723e-05,0.0001607165389324594,0.00473731785339929,2.24421804441155e-05,0.00016071653893101612,-0.004737317853399289,2.244218044455959e-05,0.0001607165389314602
1398,-3.2212830142003845,1.0,1.0,0.0,0.0,1.0,1.0,0.0,1.0,1.0,0.0,1.0,1.0
1399,0.00015306546807247745,2.4992574775062337e-05,0.0002635440506363329,0.00023855147586127057,-0.008253024314823462,6.811241034099247e-05,0.0003577761831041748,-0.0024609327523675614,6.056190011261009e-06,0.0001549526711548399,-0.0008995131864777369,8.091239729335342e-07,0.000277903297649984
1400,5.5660243035271506e-05,1.2474707377566988e-05,0.00027842916256185884,0.00026595445518429184,0.005846842279618852,3.4185564642963406e-05,0.00024241190951002078,0.0005699188871343843,3.248075380879456e-07,0.00045534720701290166,-0.0017069709874611195,2.9137499516496135e-06,0.00013752837116265404
1401,9.180325716429127e-05,3.293830705974887e-05,0.00015676344773574158,0.0001238251406759927,-0.008444548483308263,7.131039908747638e-05,0.00021331570200788796,0.004147016175948086,1.7197743163444024e-05,0.00012679935768067363,0.003210417251447097,1.030677892832621e-05,0.00013017528351866314
1402,7.869718417863325e-05,4.341502655066017e-05,0.0002656295157520046,0.00022221448920134443,-0.008222046345481699,6.760204610722909e-05,0.00019008847702639553,-0.007882139067025477,6.212811627159809e-05,0.0002749411172783267,-0.0007175773638297947,5.149172731533369e-07,0.00033185895295129164
1403,0.0006810893344205704,0.00023295586135467042,0.000433242000881906,0.0002002861395272356,-0.020409668344575884,0.0004165545619356781,0.0006475670995506055,0.015887596246279764,0.00025241571448475497,0.0005425716913736167,-0.005467843052226411,2.989730764357823e-05,0.00010958721172149577
1404,4.037615032226327e-05,3.093730573755504e-05,0.00033797463841515424,0.0003070373326775992,0.006212769577771908,3.859850582632607e-05,0.00037360682472864504,-0.005750451977734408,3.3067697948307995e-05,0.0003115008568488342,-0.004598446850661029,2.1145713438031066e-05,0.0003288162336679834
1405,6.507193858307225e-06,2.4715825756397674e-08,0.0005072475832533044,0.0005072228674275481,-0.00013426875359670004,1.802809845852238e-08,0.0005017220758317675,-0.00014301297659076264,2.0452711191332185e-08,0.0005015828314665072,-0.00018885620870050135,3.5666667619338455e-08,0.0005184378424616387
1406,5.319018988891866e-05,3.0699131383205014e-05,0.00022630453036986964,0.00019560539898666462,0.006682547389306759,4.465643961093502e-05,0.00019740496183762168,-0.0067550705819718875,4.5630978567468006e-05,0.00019018232341316832,-0.0013453534742798195,1.809975971212019e-06,0.0002913263058588189
1407,-3.202219301448734,2.278527697926099e-06,0.0001609130369362536,0.0001586345092383275,0.0015094792805245007,2.278527697519017e-06,0.0001609130369356615,0.0015094792805244999,2.2785276979631064e-06,0.00016091303693654968,-0.0015094792805245005,2.2785276982961733e-06,0.00016091303693654968
1408,3.077707516729866e-05,1.697072112679295e-05,0.0002400543772491289,0.00022308365612233594,0.000482505812226141,2.3281185856927067e-07,0.0002997388547402169,0.0045729854460247734,2.091219588928883e-05,0.00017771554844803195,0.005455928484951988,2.9767155632520748e-05,0.00024270872855913783
1409,0.00010680232024606884,6.463686666876207e-05,0.0002129645632387156,0.00014832769656995354,-0.005080825695494694,2.5814789748279665e-05,0.00014791354480869767,-0.008926560270052666,7.968347825471067e-05,0.00024137616770347758,-0.009402783205210296,8.84123320032959e-05,0.00024960397720397154
1410,-3.120651180149453,2.213547037407023e-06,0.00016541648439812504,0.000163202937360718,-0.0014877993942878048,2.213547037666075e-06,0.000165416484398051,0.001487799394287806,2.213547036666874e-06,0.00016541648439738488,0.0014877993942878052,2.2135470378881195e-06,0.0001654164843989392
1411,-3.2212830142003845,1.0,1.0,0.0,0.0,1.0,1.0,0.0,1.0,1.0,0.0,1.0,1.0
1412,0.00013763345369699476,4.375577971593714e-05,0.0003342228748460056,0.00029046709513006846,-0.007019365081019555,4.927148614120025e-05,0.0003526218913054713,-0.006692228473453144,4.478592194057107e-05,0.0003354264101157467,-0.0060999943497777095,3.720993106604009e-05,0.00031462032311679877
1413,0.00014379028073485678,9.966190784852873e-05,0.0002524604120393385,0.00015279850419080976,-0.008238678934912584,6.787583059209013e-05,0.00032217230913400563,-0.010369544521094932,0.00010752745357478499,0.00018563445829755665,-0.011116763889667902,0.00012358243937871105,0.00024957446868645317
1414,6.410364489473075e-05,7.052569480673713e-06,0.00019421108370191545,0.00018715851422124175,0.0009425211746835862,8.883461644071389e-07,0.00021421028806833942,0.003166868881670415,1.0029058514327005e-05,0.00016909189341507425,-0.0032000474626953123,1.0240303763286995e-05,0.0001993310696223327
1415,0.00025180992123996493,2.484168913496898e-05,0.0003160358201630409,0.0002911941310280719,-0.00040748654328417213,1.6604528274566377e-07,0.00032576016832008836,0.0040223809398928735,1.6179548426031864e-05,0.0003369307864062865,0.007627547030102846,5.8179473696129413e-05,0.0002854165057627478
1416,0.00016055318145535846,9.462469404460568e-05,0.00021212298710019764,0.00011749829305559197,-0.010175679434187665,0.00010354445194660222,0.00018706288788528092,0.0066562377629326335,4.4305501156971516e-05,0.0002763721915625128,0.011662938267475066,0.0001360241290302433,0.00017293388185279923
1417,-3.2662590801666163,8.236462628496977e-05,0.00020932565699431174,0.00012696103070934198,-0.009605950502131961,9.227428504954283e-05,0.0002117975941587913,-0.009968796137552591,9.937689643180203e-05,0.00021884359002777298,-0.007445985319191478,5.544269737356444e-05,0.00019733578679637098
1418,2.6565036335135517e-05,9.119293958118982e-07,0.00014196693774933453,0.00014105500835352264,-0.00021831590867095224,4.766183603344132e-08,0.00010697067970011354,0.001361695542021038,1.854214749297256e-06,0.00012253754090318925,0.0009131876049260329,8.339116021049975e-07,0.00019639259264470077
1419,0.00012734998945296283,3.637990438406143e-05,0.00030580997814936656,0.00026943007376530514,0.005630033073436509,3.1697272407815724e-05,0.00032270912761445114,0.0056949969630619105,3.2432990409447804e-05,0.00023557959755393654,0.006708908281956797,4.5009450334920764e-05,0.00035914120927971194
1420,7.223657607180467e-05,2.393481728923952e-05,0.00035753984235538844,0.0003336050250661489,-0.0035881197682266805,1.2874603471102475e-05,0.0003641346162857051,0.0028074732261581803,7.881905915940735e-06,0.00041077892433383223,0.0071447842851033805,5.1047942480675346e-05,0.00029770598644662805
1421,6.280431520200302e-05,1.4610588890036821e-05,0.00024095312843382585,0.00022634253954378902,0.004294082913774549,1.8439148070537037e-05,0.0002201683990947778,0.0015956617504754441,2.5461364215884075e-06,0.0003375137952775775,0.004779799386789512,2.2846482177985017e-05,0.0001651771909291222
1422,0.00012014506196322827,5.5105024801586446e-05,0.0003533344333594979,0.0002982294085579114,-0.00574171933628989,3.296734093727327e-05,0.0006066243800056936,-0.0098443543573857,9.691131271483133e-05,0.00013526184696244226,-0.0059528498009500585,3.543642075265474e-05,0.00031811707311035775
1423,0.00022344418859487902,0.00012646534095487696,0.0006568429873471763,0.0005303776463922993,0.010275446477220458,0.0001055848003062021,0.0004161861700331393,-0.012093172284376718,0.00014624481589942118,0.0009505752279701518,0.011294529944137497,0.00012756640665900765,0.0006037675640382378
1424,9.146945339688628e-05,3.117459678288655e-05,0.0002844509870920664,0.00025327639030917987,-0.003497745434885493,1.2234223127460808e-05,0.00020248309647019624,-0.00895770751964035,8.024052400734671e-05,0.0005360848029084542,0.0010242281060558883,1.04904321385213e-06,0.00011478506189754878
1425,2.124456882346415e-05,4.242657399474344e-06,0.00018300769231131367,0.00017876503491183932,0.002760067603682467,7.6179731771652826e-06,0.00021108628516763872,-0.002207150765978157,4.871514503235197e-06,0.00015516002118254324,-0.000488348766827919,2.3848451802255255e-07,0.00018277677058375907
1426,3.1238032766056634e-05,2.036438866899933e-05,0.00022974900059965128,0.00020938461193065194,-0.005286550830262704,2.7947619680390723e-05,0.00020784648187921473,-0.002841788587334481,8.075762375381323e-06,0.00025085177959160987,0.005006973532097248,2.5069783951225943e-05,0.00023054874032812922
1427,0.0002153555784093486,0.0001309103319767265,0.00028182149436661863,0.00015091116238989213,-0.011311007853325169,0.0001279388986585861,0.00026474638695594965,0.011874071802163063,0.00014099358116348437,0.0002779155154059021,-0.011126478153844245,0.000123798516108109,0.00030280258073800415
1428,0.0001540291112003267,0.00011883247419956315,0.0002596638060922511,0.00014083133189268793,-0.01058471460715093,0.0001120361833146788,0.00023234265552651845,-0.011461360638058415,0.00013136278767522658,0.00020663449438718118,-0.010634775578664452,0.00011309845160878407,0.0003400142683630536
1429,5.7197966123467836e-05,1.5166541982303272e-06,0.00012446359881394345,0.00012294694461571312,-0.0015362774088014412,2.3601482754820324e-06,0.0001275550571760986,-0.0014347056153699053,2.0583802025075926e-06,0.00012685641457244046,0.00036253843463207445,1.3143411670135663e-07,0.00011897932469329131
1430,6.691074452946921e-06,4.589151562798636e-06,0.00040344442410274645,0.0003988552725399478,0.001694185022578031,2.8702628910304284e-06,0.0004360802059646396,-0.0022863752776949467,5.227511910343985e-06,0.0003144273653281626,-0.002381108961571739,5.669679887021495e-06,0.0004598257010154372
1431,5.583945939002799e-05,4.000566675976813e-05,0.00017179988216364794,0.0001317942154038798,0.006127972889343179,3.755205173250342e-05,0.00013989301590489056,0.007203252675526598,5.188684910761854e-05,0.00017061044908039946,0.005529746778981957,3.057809943918244e-05,0.0002048961815056538
1432,6.16689140158222e-05,7.236010838407303e-06,0.00039411503253109864,0.00038687902169269134,0.0016855988297285094,2.841243415097061e-06,0.0005723470553610222,0.0019435559759833191,3.7774098314846682e-06,0.0004630635706062147,0.0038845050223373844,1.508937926864018e-05,0.000146934471626059
1433,8.881489411582955e-05,1.1548016324044083e-05,0.00014890639131204253,0.00013735837498799844,-0.00512881713140293,2.630476516696234e-05,0.00016104168841002409,-0.0023551722077103216,5.546836127301447e-06,0.00018255791264176757,-0.0016710618413977648,2.7924476778684593e-06,0.00010311957288433593
1434,5.52808342604294e-05,6.487761793128044e-06,0.00027043833678745227,0.0002639505749943242,-0.004276382533369205,1.8287447571596616e-05,0.0002594465725559436,0.0009509521190587611,9.043099326033754e-07,0.0002395055447645955,0.0005210833664442767,2.71527875184141e-07,0.00031236289304181764
1435,0.0002465836756524453,8.591033458634396e-05,0.0002581353568461194,0.00017222502225977543,-0.006006300866322264,3.607565009700053e-05,0.0002449959068012708,-0.01288385075178355,0.00016599361019442593,0.00024022074929819226,0.007460679826098539,5.566174346760544e-05,0.0002891894144388951
1436,-3.2212830142003845,1.0,1.0,0.0,0.0,1.0,1.0,0.0,1.0,1.0,0.0,1.0,1.0
1437,0.00588600571345288,0.0021428897256672297,0.010760299874833956,0.008617410149166727,-0.0042314425731036585,1.790510624954944e-05,0.0005096658202295989,0.0499499729791589,0.0024949998006185137,0.010375496229770409,0.0625760678704977,0.003915764270133626,0.02139573757450186
1438,0.00012466579543746192,3.8790576349404894e-05,0.00011615508447804235,7.736450812863746e-05,-0.0057567121915595805,3.3139735256537683e-05,9.076513960115662e-05,-0.00380972211924157,1.4513982626085387e-05,8.363122921239974e-05,0.00828963275216093,6.871801116559162e-05,0.00017406888462057069
1439,7.061611775671661e-05,2.6024155441765433e-05,0.0001802339717938232,0.00015420981635205777,0.00826937444346937,6.838255368635249e-05,0.00021349789317959278,0.003101249483230469,9.617748357282352e-06,0.00023988956271303596,-0.0002686341035708718,7.216428166145761e-08,8.731445948884087e-05
1440,0.0001522195046258501,8.554516503530192e-05,0.0002277693235904025,0.00014222415855510057,0.005442580556210078,2.9621683110603314e-05,9.254436075201156e-05,0.012188567629703974,0.00014856118086392645,0.00022281276492419622,0.008857348990022234,7.845263113137602e-05,0.00036795084509499976
1441,9.916551672273233e-05,2.823524326867055e-05,0.00017452222314640053,0.00014628697987772998,0.0020841059736027233,4.34349770872533e-06,0.00016700285489101852,0.0018031928085389779,3.251504305468167e-06,0.00018005595783521233,0.008781271422242018,7.711072779181816e-05,0.00017650785671297076
1442,-2.850088602968684,7.86009225385668e-05,0.00047191178136378004,0.0003933108588252132,-0.008865716132287328,7.860092253786366e-05,0.00047191178136352097,-0.008865716132287326,7.860092253919593e-05,0.0004719117813641871,0.00886571613228732,7.860092253864082e-05,0.000471911781363632
1443,0.00014751865594353486,5.219919232220723e-05,0.0002649246699802932,0.00021272547765808594,0.011606232524087207,0.0001347046334029267,0.0003848557090158078,-0.003705619510620883,1.3731615957190968e-05,0.00029519902040542334,-0.0028568037396025773,8.16132760650401e-06,0.00011471928051964841
1444,0.00010328853908703195,2.9455746246020986e-05,0.00020152935089345902,0.00017207360464743804,0.007549353736642552,5.699274184112202e-05,0.0003482965059777854,0.005404918378314965,2.921314267601005e-05,8.968985369872673e-05,-0.001470154488710196,2.161354220930889e-06,0.00016660169300386496
1445,0.00014136428958955172,5.940341614400305e-05,0.0001245413582681524,6.513794212414936e-05,0.007270172135726263,5.285540288291202e-05,0.00010754441178051355,0.010062837840258802,0.00010126070539950849,0.00014515108450363634,0.004908578220780918,2.409414014958866e-05,0.00012092857852030736
1446,0.00014872468641780046,3.229180654751307e-05,0.00019809698984914656,0.0001658051833016335,-0.004472947843524314,2.0007262410914883e-05,0.0001904769025037334,-0.004458702354552798,1.9880026686069918e-05,0.00021422756650957275,-0.0075490483205296255,5.6988130545554405e-05,0.0001895865005341335
1447,0.00013356773729344962,4.079359400758579e-05,0.00011089634928488727,7.010275527730148e-05,-0.004165829273151546,1.735413353276538e-05,6.583944066307357e-05,-0.008621973109312533,7.433842029758164e-05,0.0001274872901967372,-0.0055396956768975335,3.068822819241035e-05,0.00013936231699485102
1448,1.007330697899711e-05,2.6653497007996427e-06,0.0004912526687568253,0.0004885873190560256,-0.000378520504458102,1.4327777242417739e-07,0.00041217888524114343,-0.0009639999491314987,9.292959021189873e-07,0.0005008883859977109,-0.002631249784401073,6.923475427855763e-06,0.0005606907350316215
1449,-3.2212830142003845,1.0,1.0,0.0,0.0,1.0,1.0,0.0,1.0,1.0,0.0,1.0,1.0
1450,5.581554653122378e-05,2.8501226647918248e-05,0.00015117439417318876,0.00012267316752527052,-0.006125207310450576,3.751816459585111e-05,0.00017943342358162084,0.004134650629253716,1.7095335825390023e-05,0.00014612546114534108,-0.0055578934428824195,3.0890179522513606e-05,0.00012796429779260432
1451,0.0002519918347125838,4.010599846515639e-05,0.0003065715116361926,0.00026646551317103623,0.006942900512849859,4.8203867531237954e-05,0.00033115560625851526,-0.003020632744776111,9.124222179024422e-06,0.00023123521991574858,-0.007936618025627382,6.298990568520679e-05,0.00035732370873431396
1452,-3.2212830142003845,1.0,1.0,0.0,0.0,1.0,1.0,0.0,1.0,1.0,0.0,1.0,1.0
1453,0.0001543439055810003,4.819843215793836e-05,0.0002285248432192614,0.00018032641106132302,0.00879098297760135,7.728138171259058e-05,0.00014000216459364445,0.005637984986817379,3.178687471150354e-05,0.00027768579008724537,-0.00596045636254258,3.552704004972096e-05,0.0002678865749768944
1454,0.00029798488243648613,7.132242914261362e-05,0.0006108026364236204,0.0005394802072810068,-0.00189891518156339,3.6058788669413033e-06,0.000627960150440976,0.01446409651288524,0.0002092100879338421,0.0006892365730138961,0.0010729960983157376,1.1513206270574727e-06,0.0005152111858159891
1455,0.0004683942782952588,0.00014849643528277076,0.00037761115887953906,0.0002291147235967683,0.011724008532141181,0.00013745237606177518,0.00030750019183056754,-0.017266746329699646,0.0002981405288139394,0.0007017725324064417,0.0031458545695451107,9.896400972597696e-06,0.00012356075240160802
1456,-3.2212830142003845,1.0,1.0,0.0,0.0,1.0,1.0,0.0,1.0,1.0,0.0,1.0,1.0
1457,5.483556280760915e-05,2.1238586957720667e-05,0.0001535574908950732,0.00013231890393735254,0.0006371080185457742,4.0590662764294905e-07,0.00025923309465325506,0.004414689025738951,1.948947919405697e-05,0.00012899655145603983,-0.006619695993872606,4.382037505146208e-05,7.244282657592471e-05
1458,7.431202198615594e-05,2.534380522293637e-05,0.00013102489970399459,0.00010568109448105821,0.005677339756173313,3.223218670722616e-05,9.877543246505915e-05,-0.006426094469468039,4.129469013058884e-05,0.00012436032023166455,0.0015825734836303076,2.5045388309941075e-06,0.00016993894641526008
1459,-3.325509019101921,2.358718939639755e-05,0.00014751425109419772,0.00012392706169780016,0.0077770365675969315,6.048229777433356e-05,0.0001720771426374501,-0.0030663397872381843,9.402439690830988e-06,0.00013311923810022108,0.0009363923983068688,8.768307240281104e-07,0.000137346372544922
1460,9.290394673366897e-05,1.726903795584711e-05,0.0001595149097360915,0.0001422458717802444,-0.0024152494843077917,5.833430071100487e-06,0.0001603955180631278,0.0006233550725764941,3.8857154660565385e-07,0.00019580205956637453,0.006751674773679366,4.558511224983519e-05,0.00012234715157877218
1461,-3.1381751478906406,2.702375399602867e-05,0.00015948248526912825,0.0001324587312730996,0.005198437649524259,2.7023753995658595e-05,0.0001594824852688692,0.005198437649524264,2.702375399543655e-05,0.00015948248526809206,0.005198437649524257,2.7023753996990862e-05,0.00015948248527042352
1462,9.120173850418745e-05,3.611976603941821e-05,0.0002463492890854753,0.0002102295230460571,-0.0061528744946837575,3.785786454713058e-05,0.0002694110141591155,-0.006283386970970685,3.948095182682021e-05,0.0001933703949382748,-0.005569603374044182,3.102048174430383e-05,0.0002762664581590357
1463,-3.1323736409565255,1.4282123538526351e-05,0.00018970028145333848,0.00017541815791481213,0.0039553732213223934,1.56449773217604e-05,0.0001992566787442085,-0.004907846329686183,2.4086955595525872e-05,0.00031982504612015905,-0.001764776954320508,3.1144376982927824e-06,5.001911949564786e-05
1464,0.00012481396049313087,4.871911515195541e-05,0.0002932853004519546,0.0002445661852999992,0.008160051857435513,6.658644631618582e-05,0.0002703011493672136,0.002432804342571384,5.91853696896294e-06,0.00040545145409398575,0.008582095441703227,7.365236217071747e-05,0.00020410329789466441
1465,0.00012504791637157897,8.506834812649355e-05,0.0004220188639391849,0.00033695051581269137,0.009905979981771815,9.812843939915883e-05,0.0003389357999380449,0.008380287086188789,7.022921164689944e-05,0.0004484686762773471,0.009319194886541718,8.68473933334224e-05,0.0004786521156021628
1466,-3.2212830142003845,1.0,1.0,0.0,0.0,1.0,1.0,0.0,1.0,1.0,0.0,1.0,1.0
1467,8.288896781483146e-05,5.5227150568493144e-05,0.00014744218549060198,9.221503492210884e-05,0.008611177079970328,7.415237070240721e-05,0.00018905931378410124,-0.006796020690326751,4.618589722371613e-05,0.00012067988490838122,0.006733734757122562,4.534318377935609e-05,0.0001325873577793235
1468,3.5421616002451195e-05,4.706649196643357e-06,0.00020710542966484446,0.00020239878046820112,0.0028300839782954197,8.009375323969614e-06,0.00027916717075360253,0.0009978209724686084,9.9564669353569e-07,0.0001649141805377674,-0.002261620121361142,5.114925572424767e-06,0.00017723493770316345
1469,6.493241948846151e-05,8.625998392501147e-06,0.0003565257023837957,0.00034789970399129455,0.003846800427109498,1.4797873525873584e-05,0.0004404677439775462,-0.001421612795430898,2.020982940442728e-06,0.00046412789515315467,-0.003009840313246578,9.059138711187131e-06,0.00016498146802068625
1470,0.0044572281849499795,0.004228001685547822,0.022210721772615443,0.01798272008706762,-0.06393995474617718,0.004088317812942943,0.02383962179458554,-0.06501177120926223,0.00422653039576526,0.02117517660670576,-0.06609959794079974,0.004369156847935263,0.021617366916555025
1471,-3.2212830142003845,1.0,1.0,0.0,0.0,1.0,1.0,0.0,1.0,1.0,0.0,1.0,1.0
1472,0.0,1.0,1.0,0.0,0.0,1.0,1.0,0.0,1.0,1.0,0.0,1.0,1.0
1473,0.00019668983194010004,0.0001040970521359504,0.00029616672751512735,0.00019206967537917696,0.010219993314631984,0.00010444826335120894,0.00037439495142599366,-0.009119605361996824,8.316720195822302e-05,0.00024371207480400336,0.011165826933043448,0.00012467569109841925,0.00027039315631538496
1474,5.860519293154898e-05,2.2590868352545534e-05,0.00031410048799122386,0.00029150961963867833,0.004542317193761307,2.0632645488238843e-05,0.00021152539260282932,-0.0068640859188609845,4.7115675501085974e-05,0.0005177901965536247,0.000155833464217063,2.42840683117862e-08,0.00021298587481721754
1475,0.0006979089867817923,0.0004417740132106607,0.0010591985086075468,0.0006174244953968862,-0.025040523991489122,0.0006270278417688235,0.0012343668281546982,-0.00903502813297073,8.16317333640626e-05,0.00037956288849494424,0.0248326894334768,0.0006166624644990959,0.0015636658091729982
1476,0.00019031814880021702,8.927627839513026e-05,0.00018501343895412545,9.573716055899518e-05,-0.011081731285216032,0.00012280476827730702,0.00021176462766181459,-0.0119297642275147,0.0001423192745245716,0.0001982172802728055,0.0016446253018964582,2.704792383512178e-06,0.00014505840892775623
1477,7.887498377900926e-05,2.461822432061241e-05,0.00010497972473770083,8.036150041708842e-05,0.004887899078571914,2.3891557402122565e-05,0.00010625455291080055,-0.005911139277716318,3.4941567560897724e-05,0.00012619916109057883,0.003875764182494314,1.5021547998816942e-05,8.24854602117231e-05
1478,5.6709901794183004e-05,2.6533822253630806e-05,0.0002638725178930971,0.00023733869563946633,-0.0038840559464323092,1.5085890594623841e-05,0.0001414809439614917,-0.0047170839458540535,2.225088095153538e-05,0.0001937426720097779,-0.0065011303028203885,4.2264695214733194e-05,0.0004563939377080217
1479,-3.2212830142003845,1.0,1.0,0.0,0.0,1.0,1.0,0.0,1.0,1.0,0.0,1.0,1.0
1480,-3.2212830142003845,1.0,1.0,0.0,0.0,1.0,1.0,0.0,1.0,1.0,0.0,1.0,1.0
1481,-3.2212830142003845,1.0,1.0,0.0,0.0,1.0,1.0,0.0,1.0,1.0,0.0,1.0,1.0
1482,3.870191605193085e-05,1.1245075219582882e-05,6.071077089804996e-05,4.946569567846708e-05,0.003200932310835385,1.0245967656974386e-05,5.668342729037157e-05,0.0032904479700134165,1.0827047842720816e-05,5.842074727391289e-05,-0.003558399943700562,1.2662210159053444e-05,6.702813812986541e-05
1483,-3.2047945399133955,4.960267753173486e-05,0.00016318749095397175,0.00011358481342223689,-0.00704291683402414,4.960267753062464e-05,0.00016318749095345364,0.0070429168340241455,4.960267753106873e-05,0.0001631874909532316,-0.007042916834024132,4.960267753351122e-05,0.00016318749095523
1484,5.82065501897322e-05,5.514041436009235e-05,0.00015221386245611868,9.707344809602633e-05,-0.007520099430250408,5.6551895440737354e-05,0.00014749467883223844,0.007467434412972432,5.576257671147111e-05,0.00016158435220059442,0.007287439257253607,5.310677092806859e-05,0.00014756255633552318
1485,-3.2212830142003845,1.0,1.0,0.0,0.0,1.0,1.0,0.0,1.0,1.0,0.0,1.0,1.0
1486,7.021522069050601e-05,4.0896859699657284e-05,0.0002111065690950653,0.00017020970939540803,0.007637938947408936,5.833811136424227e-05,0.0002229949071687054,-0.0042500170028612165,1.8062644524086124e-05,0.0001961202453922839,0.006803662485035067,4.6289823210643455e-05,0.00021420455472420663
1487,0.00010105591679121506,4.068575573760539e-05,0.00036073668916118223,0.0003200509334235768,-0.003683787000203904,1.357028666260085e-05,0.0004477044783258721,-0.009398403153802375,8.83299818414951e-05,0.0004221234279647712,-0.0044896546313285,2.015699870872023e-05,0.00021238216119290332
1488,0.00011343648045802901,3.028774123525757e-05,0.0002897893556331743,0.00025950161439791675,0.002646835147128364,7.005736296084031e-06,0.00023961860607923935,0.0063538777581473044,4.037176256499464e-05,0.0003054929109398419,0.0065943706936646375,4.348572484469404e-05,0.0003242565498804417
1489,2.027663563708426e-05,1.0745412505008822e-05,0.00015844723125513216,0.00014770181875012334,0.00306078024097759,9.368375684659647e-06,0.00015993413115422683,0.003635766436509974,1.3218797581204811e-05,0.00015999803068111884,0.003106294295270299,9.64906424916201e-06,0.0001554095319300508
1490,-3.2212830142003845,1.0,1.0,0.0,0.0,1.0,1.0,0.0,1.0,1.0,0.0,1.0,1.0
1491,3.283181275759439e-05,6.202455978524905e-06,0.00020596399297057033,0.00019976153699204544,0.0027907721997463804,7.788409471021218e-06,0.00025151751313690074,-0.0017503470865078098,3.0637149233125882e-06,0.0001165471941382279,-0.0027848237900482604,7.755243541240908e-06,0.00024982727163658236
1492,0.0023790590436952863,0.0008400444090811421,0.0016009609477903124,0.0007609165387091703,-0.0464738042720115,0.0021598144835133226,0.0035075202901522218,0.010116961208592096,0.00010235290409610354,0.0004639301370358284,-0.01606131500327059,0.0002579658396340001,0.0008314324161828868
1493,0.00012564413133786534,2.5631077819202968e-05,0.00031394730864990156,0.00028831623083069857,0.0045878074987856735,2.1047977645904936e-05,0.00016130330755170785,-0.0014843699198961709,2.203354059093776e-06,6.388132006518443e-05,0.007324063199668924,5.364190175261019e-05,0.0007166572983328123
1494,-3.2212830142003845,1.0,1.0,0.0,0.0,1.0,1.0,0.0,1.0,1.0,0.0,1.0,1.0
1495,-2.929311694217118,8.01626496937935e-06,0.0001658436525535286,0.00015782738758414924,-0.0014396914847159977,2.072711571265984e-06,0.00015761361188426637,0.0032749767427640588,1.0725472664785407e-05,0.00015844401327469448,0.003354192998520228,1.1250610672086658e-05,0.0001814733325016249
1496,-3.2212830142003845,1.0,1.0,0.0,0.0,1.0,1.0,0.0,1.0,1.0,0.0,1.0,1.0
1497,1.5678554389442212e-05,6.727446560494954e-06,0.0001543197576283998,0.00014759231106790485,-0.001651392029190855,2.727095634535992e-06,0.00013251154360149897,-0.0035085219361034995,1.2309726176162883e-05,0.00019943296581492742,0.0022683733975813274,5.145517870785987e-06,0.00013101476346877305
1498,-3.2212830142003845,1.0,1.0,0.0,0.0,1.0,1.0,0.0,1.0,1.0,0.0,1.0,1.0
1499,0.00018969092426324163,7.64271267071533e-05,0.00032796632414737,0.0002515391974402167,-0.005268729600111873,2.7759511599168007e-05,0.00023567579906880187,-0.0057916532557133445,3.354324743476411e-05,0.00027919611859739124,-0.012960656661119771,0.0001679786210875278,0.0004690270547759168
1500,4.783947280939671e-05,1.2454737482755126e-05,0.00022962242931245935,0.00021716769182970422,0.0021758076320702972,4.7341388517141425e-06,0.0004324971613511863,-0.003869338961442159,1.4971783998452004e-05,3.520379367238924e-05,0.004202176768971374,1.765828959809923e-05,0.0002211663329138025
1501,4.6814024979635604e-05,1.5050440331454418e-05,0.00012748797367449308,0.00011243753334303866,0.0006156436216255573,3.790170690631811e-07,6.733842328177087e-05,0.0012224706776869261,1.4944345577694307e-06,5.670667721213718e-05,-0.0065785917465035195,4.327786936753064e-05,0.0002584188205295712
1502,0.00028420710496546153,6.299751189027998e-05,0.00028616946732965925,0.0002231719554393793,0.008793804492262693,7.733099744811067e-05,0.0002719944262663532,-0.006518869763070795,4.249566298775154e-05,0.00018414613286255044,0.008316602385297387,6.916587523497775e-05,0.0004023678428600741
1503,4.4012893283817967e-05,2.741145386083351e-06,0.0001266878741488601,0.00012394672876277674,-8.199478815052983e-05,6.723146039888661e-09,0.00015502321043203704,-0.0025303131463576094,6.402484618917015e-06,8.873853261970321e-05,-0.0013469329579542573,1.8142283932931491e-06,0.00013630187939484006
1504,0.00033082168159703773,0.00012107489200722614,0.00039493009697944004,0.0002738552049722139,0.008008034547595938,6.412861731563968e-05,0.0005480031249958106,0.015442992310107194,0.00023848601148979132,0.000414899715172945,0.007785245482092314,6.061004721624741e-05,0.0002218874507695645
1505,0.0001578886815871705,5.055553226070616e-05,0.00036146408499286115,0.000310908552732155,-0.007387119345196178,5.45695322199391e-05,0.00041844318182882034,-0.006191186673746144,3.833079242931969e-05,0.00022440295481329642,-0.0076659162617801965,5.8766272132859676e-05,0.0004415461183364666
1506,0.0002460577706056011,0.00010117362984222537,0.00022290969613318148,0.00012173606629095611,-0.012056953293500816,0.0001453701227213111,0.00032230851533543436,0.011641485563279744,0.00013552418612006178,0.00030341254204047097,0.004756740552654919,2.262658068530321e-05,4.300803102363915e-05
1507,0.00017955972176109114,4.111204574552829e-06,0.00011038187470043444,0.00010627067012588161,0.0014460030495849136,2.0909248196199215e-06,0.00011639648767725053,0.0020443828314367267,4.179501160939125e-06,0.00010798423962921078,-0.002462354105981886,6.063187743099441e-06,0.00010676489679484202
1508,0.00015040738566773904,6.405938348315783e-05,0.0001441917904376385,8.013240695448066e-05,-0.006440690496469514,4.148249407143201e-05,0.00012011430038016968,-0.01075341018313435,0.00011563583056628524,0.00022268415167236988,0.005921133828258245,3.505982581175626e-05,8.97769192603759e-05
1509,0.00013459107575586327,8.296358108346909e-05,0.00021532110301932436,0.00013235752193585526,0.00994895474046542,9.898170042843546e-05,0.0002611886648521411,-0.01025381961156787,0.00010514081662604813,0.000256952659449472,-0.006690906231285849,4.476822619592369e-05,0.00012782198475635997
1510,-3.2212830142003845,1.0,1.0,0.0,0.0,1.0,1.0,0.0,1.0,1.0,0.0,1.0,1.0
1511,9.280341924167157e-05,4.228382498146684e-05,0.00016666233886808435,0.0001243785138866175,-0.0032985485627707906,1.0880422620873631e-05,0.00014009268532710895,-0.00916894327811587,8.406952083739316e-05,0.0002365196499404254,-0.00564814407450101,3.190153148613373e-05,0.0001233746813367187
1512,7.822921802569383e-06,7.739597033928902e-06,0.0004386831344662667,0.0004309435374323378,0.0027960956079618004,7.818150649541167e-06,0.00043812233222728647,-0.00278591997992656,7.7613501330287e-06,0.0004430688983020348,0.002763926612415204,7.63929031921684e-06,0.0004348581728694789
1513,3.2651446489895264e-06,1.0668126610250777e-06,0.00018648974261059603,0.00018542292994957096,-0.0004956018920668485,2.4562123501770117e-07,0.00028090794499491256,0.00151760092321638,2.3031125623296234e-06,0.00020137535282049868,0.0008072819741316713,6.517041857279082e-07,7.718593001637686e-05
1514,-3.2212830142003845,1.0,1.0,0.0,0.0,1.0,1.0,0.0,1.0,1.0,0.0,1.0,1.0
1515,0.00016072726910809632,1.4646166602738653e-05,0.00011286774533351511,9.822157873077646e-05,0.0026931511407516104,7.253063066592347e-06,6.045809945276481e-05,-0.0008489023290716079,7.2063516487475e-07,8.832444588913191e-05,-0.0059970660807448836,3.596480157674886e-05,0.0001898206906586486
1516,2.8184639596640082e-05,1.1706775084811364e-05,0.00017595871106157457,0.0001642519359767632,0.0008443542230598129,7.12934053459513e-07,0.00013950932593564946,-0.0033544629701621064,1.1252421818763736e-05,0.00017545546909913945,0.004811961074456718,2.3154969382210844e-05,0.0002129113381499348
1517,2.49706755736101e-05,9.717523618483584e-06,0.00014967100799760194,0.00013995348437911836,-0.00011104470391920983,1.2330926280057497e-08,8.393571196552152e-05,0.004675789186367469,2.186300451489931e-05,0.00020940206327646482,-0.002697635152244471,7.277235414271388e-06,0.0001556752487508195
1518,0.00012760984259874153,1.904205202381733e-05,0.00032735135332051524,0.0003083093012966979,-0.0019626729756894866,3.85208520869984e-06,0.0004315259703195906,0.0026582070848329238,7.066064906191549e-06,0.0003299814155119929,0.006797647089723452,4.6208005956560605e-05,0.0002205466741299622
1519,-3.2212830142003845,1.0,1.0,0.0,0.0,1.0,1.0,0.0,1.0,1.0,0.0,1.0,1.0
1520,0.00011242148450374412,3.548794229527955e-05,0.00021229473947067165,0.0001768067971753921,0.010260289106916403,0.00010527353255751493,0.000350580000636147,-0.0009166922908717405,8.403247558907978e-07,0.00014116387096496652,0.0005915822618596467,3.499695724329399e-07,0.00014514034681090138
1521,0.26200514038797806,0.18466519055448052,0.6142737672466666,0.4296085766921861,0.4133596177984042,0.17086617362644263,0.7362086218643928,-0.46127419504630823,0.2127738830156196,0.44273608388334296,0.41274146268745415,0.17035551502137936,0.6638765959922639
1522,1.512527733515956e-05,8.931011252322207e-06,9.501977176610647e-05,8.608876051378427e-05,0.0016392460360459356,2.6871275663475913e-06,0.00016274614691880185,-0.0033564724987591704,1.1265907634894212e-05,4.824155547211717e-05,-0.003583294371839632,1.2839998555724819e-05,7.407161290740039e-05
1523,-3.2212830142003845,1.0,1.0,0.0,0.0,1.0,1.0,0.0,1.0,1.0,0.0,1.0,1.0
1524,1.1456010405641592e-05,3.745781079829887e-06,9.111362982183735e-05,8.736784874200747e-05,-0.001127041009689552,1.2702214375881482e-06,9.688581879419011e-05,0.0030909249185190105,9.553816852303498e-06,9.238474994954782e-05,0.0006428879759331223,4.1330494959801456e-07,8.407032072177412e-05
1525,0.00017604278910565707,1.7676637677488394e-05,0.00013399595679556656,0.00011631931911807816,0.005517541297033216,3.0443261963775115e-05,0.00010314535539979186,0.004102698500822162,1.6832134988931102e-05,0.0002052690601016538,0.0023988572445409464,5.7545160797589645e-06,9.357345488525404e-05
1526,5.5633927928067095e-05,1.3816112017524714e-05,0.0002138772526452115,0.0002000611406276868,0.003756305329490011,1.4109829728603529e-05,0.00018812248008981403,0.001703940825626692,2.9034143373962706e-06,0.00017106508745678983,-0.004943186420347133,2.4435091986574342e-05,0.0002824441903890307
1527,9.649142484247086e-05,3.1110313675826916e-05,0.00019495543785696956,0.00016384512418114264,0.008721163389234917,7.605869086191319e-05,0.00014828272978772983,0.0006550651241797557,4.2911031683523504e-07,0.00023690286604083344,-0.0041040394550548795,1.6843139848732314e-05,0.00019968071774234541
1528,0.0001789554260945847,7.159120795578271e-05,0.0005633146861233987,0.0004917234781676161,-0.008446390975699483,7.134152051457843e-05,0.0009577248295530305,0.00608442544185878,3.7020232957485355e-05,0.0003889471351792295,-0.010315612943260848,0.00010641187039528432,0.0003432720936379363
1529,0.0003599519214181335,9.981507047037337e-05,0.0001582379549696459,5.8422884499272534e-05,0.015955269730324163,0.0002545706321672725,0.0002754620648577344,0.006149613063879349,3.7817740835555114e-05,0.00012254617006091095,-0.0026564710440703803,7.056838408292521e-06,7.67056299902924e-05
1530,1.223274148243192e-05,2.4660722686142833e-06,0.00010978959339795018,0.0001073235211293359,0.0005495789999569958,3.020370779038828e-07,8.82886534004923e-05,0.0023382040668323547,5.46719825855746e-06,0.00013841534799052813,-0.0012763155836985388,1.6289814693815075e-06,0.00010266477880283009
1531,4.321774847237947e-05,2.1166373705231814e-06,0.0001863968799698338,0.00018428024259931064,7.770854838394949e-05,6.03861816106388e-09,0.0003125503982939204,0.0025172054503222567,6.336323279509948e-06,0.00012558546467866805,8.689196466997779e-05,7.550213898532832e-09,0.00012105477693691302
1532,0.00018496843322790557,0.00011056036365915863,0.00043264231026022654,0.0003220819466010679,0.011438644796253167,0.00013084259477513793,0.0005613698655795307,0.013323861960376712,0.00017752529753900514,0.0003417994786354406,-0.004828374329312112,2.3313198663332813e-05,0.00039475758656570825
1533,0.00013529985609372908,8.449688451580191e-05,0.0005115725914497012,0.00042707570693389934,0.00945915973403169,8.947570287276552e-05,0.0005425377754316729,0.007671139319827247,5.8846378464205706e-05,0.00043937524870751865,-0.01025517294883828,0.00010516857221043452,0.000552804750209912
1534,0.0002724091164634235,0.00012566950659265164,0.00023773203833595455,0.00011206253174330291,0.01268383223154559,0.00016087960007726831,0.0003683463406417564,-0.0027746457049445364,7.698658788579671e-06,9.728021412180876e-05,0.014437114009112306,0.00020843026091210692,0.00024756956024429844
1535,9.177268292470675e-05,3.83907252163862e-05,0.00024067742807661516,0.00020228670286022896,-0.009410126867324118,8.855048765898932e-05,0.0003360199049308177,-0.004634811738164191,2.1481479849150276e-05,0.00023203359283829883,-0.0022672027128079163,5.140208141019009e-06,0.00015397878646072893
1536,0.00012524738244079625,9.567571172726849e-06,0.000217939239864721,0.00020837166869199414,0.0018723671424231926,3.505758715771634e-06,0.0002282126207387991,-0.0036441098746677093,1.3279536778654233e-05,0.0002136223302314777,-0.00345216135542809,1.1917418023754678e-05,0.0002119827686238862
1537,5.630747825668969e-06,1.7546977104284285e-06,0.0004475352588281985,0.0004457805611177701,-0.002186114480247303,4.779096520857173e-06,0.0003695859136296775,-4.339164925687224e-05,1.882835110045278e-09,0.0004123533432801585,-0.000695063864137832,4.83113775318067e-07,0.0005606665195747595
1538,5.0802674714689466e-05,1.0690478309482998e-05,0.00012872919437678654,0.00011803871606730354,-0.003517655043441116,1.2373897005590884e-05,0.0001256601815371461,0.0044361894562797285,1.9679776891989853e-05,9.941083332631884e-05,-0.00013327051907876907,1.776103086825742e-08,0.0001611165682668947
1539,0.00037111718593774157,0.00018283212053604725,0.000511202145381362,0.00032837002484531475,0.015639189569412754,0.00024458425038831333,0.0005665586266653255,0.011625761765820034,0.0001351583366357989,0.0004336843511708599,0.012990526339752343,0.00016875377458402951,0.0005333634583079006
1540,3.785682292722914e-05,1.2624739998671567e-05,0.00035508840923959006,0.0003424636692409185,-0.004795507608277493,2.2996893221161052e-05,0.0007610953040083634,-0.0016845492225335081,2.837706083336222e-06,0.00020478835860715527,0.0034698156566572544,1.2039620691517428e-05,9.938156510325147e-05
1541,5.956242901350439e-05,1.2359387972985894e-05,0.0001391023617769808,0.0001267429738039949,0.0012468450259019584,1.5546225189400076e-06,0.00020619685399392296,0.0038359546549978202,1.4714548115191128e-05,0.00016009877543921025,0.0045616875478957,2.080899328482655e-05,5.10114558978092e-05
1542,8.482922908414903e-05,1.4040991007139661e-05,0.00021044127523913345,0.0001964002842319938,0.005961242452016071,3.55364115716128e-05,0.00016658150363135782,0.002071226674763782,4.289979938065791e-06,0.00020591657683155518,0.0015154476275913325,2.296581511740392e-06,0.0002588257452544873
1543,-3.1605598895452935,2.923908428990411e-05,0.00016607336361214772,0.00013683427932224362,0.0054073176613500555,2.92390842898671e-05,0.0001660733636120737,-0.005407317661350051,2.9239084290533235e-05,0.00016607336361273983,-0.0054073176613500555,2.923908428931199e-05,0.0001660733636116296
1544,-2.9427763889912493,4.6113294794240346e-05,0.00018407718683011165,0.0001379638920358713,0.006790677049724959,4.6113294794869475e-05,0.00018407718683044472,0.006790677049724959,4.6113294794314363e-05,0.0001840771868303337,-0.00679067704972496,4.611329479353721e-05,0.00018407718682955654
1545,6.881339987296897e-05,3.922480269232439e-05,0.00019222249437500505,0.00015299769168268065,0.0038215603922393112,1.4604323833711241e-05,9.179226243738459e-05,0.0071766505565968855,5.150431321143678e-05,0.00023923658677882376,0.007180931070010543,5.1565771031825136e-05,0.0002456386339088068
1546,0.00020461040866359692,8.156585852951241e-05,0.00015430172466960693,7.273586614009452e-05,0.0034035534899622805,1.158417635882536e-05,0.00011387330881940105,-0.011061246558664964,0.00012235117543180074,0.00020110457786393088,0.010524363344061486,0.00011076222379791112,0.00014792728732548888
1547,-3.067678377176536,3.027736342531284e-06,0.0001595861289302262,0.0001565583925876949,0.001740039178586985,3.0277363430863957e-06,0.0001595861289307443,0.0017400391785869858,3.0277363423092396e-06,0.00015958612892996715,0.0017400391785869856,3.0277363421982173e-06,0.00015958612892996715
1548,0.00020276777940420043,7.419356035154312e-05,0.00022200969763019884,0.00014781613727865572,-0.00672525447197765,4.522904771309122e-05,0.00011363809488285082,-0.003954771401540541,1.5640216838530563e-05,0.00020222453685680986,0.012716580377724893,0.00016171141650300758,0.00035016646115093586
1549,-3.0894954123364027,2.2785276982221583e-06,0.00016091303693584655,0.0001586345092376244,0.0015094792805244999,2.2785276991843517e-06,0.00016091303693688275,-0.0015094792805244992,2.27852769862924e-06,0.00016091303693688275,-0.001509479280524502,2.2785276968528834e-06,0.00016091303693377412
1550,0.00010626245771949705,4.1774164370826185e-05,0.00016384388289773325,0.00012206971852690707,-0.0070595782538530796,4.98376451225635e-05,0.0002752796137089897,-0.008478536733900513,7.188558514792387e-05,0.00012908729570593191,0.0018971723279796078,3.599262841991191e-06,8.716473927827817e-05
1551,-3.182417118488707,8.910080678862602e-05,0.00021466084937460383,0.0001255600425859778,-0.010008900657375058,0.00010017809236895214,0.00022552544699050436,0.009610377187529431,9.23593496865438e-05,0.00022177988914418023,-0.008646674407627222,7.476497831038209e-05,0.0001966772119891269
1552,5.415076188919343e-05,2.1212164336000445e-05,0.00012763650128555515,0.00010642433694955471,-0.0032317635433254063,1.0444295600153808e-05,0.0001785290746324497,0.006539101965764843,4.275985451851483e-05,0.00010130581880696266,-0.003229913758832512,1.0432342889332702e-05,0.00010307461041725308
1553,4.674990413522373e-05,1.571627844010326e-05,0.0006387441371651,0.0006230278587249968,-0.0044933796210394564,2.019046041867867e-05,0.0008267379978075251,0.004814540862650939,2.3179803718020864e-05,0.00023184449008673003,0.0019438547229624187,3.7785711836102465e-06,0.0008576499236010449
1554,4.9765300460746786e-05,2.414397369191838e-05,0.00022473553003861854,0.00020059155634670017,-0.006629049390328879,4.394429581944248e-05,0.00024974840966629497,-0.002361331768936301,5.575887723097139e-06,0.00019365989494002367,0.004786620679941003,2.2911737533215515e-05,0.00023079828550953696
1555,0.000252166554069011,4.925853976756045e-05,0.00035773675381867154,0.0003084782140511111,0.003233415302216156,1.0454974516904691e-05,0.0002005013859804894,-0.007412681165405719,5.494784206039327e-05,0.0004303922140165284,-0.009075946381808843,8.237280272538339e-05,0.00044231666145899684
1556,5.431355837715035e-05,2.7925257050975816e-05,0.00026588637222550265,0.00023796111517452684,-0.007249210409768387,5.255105156409812e-05,0.00024004696022883465,-0.005045665774747651,2.545874310977414e-05,0.00031154819920786725,0.0024012447772136323,5.76597647905519e-06,0.000246063957239806
1557,0.00012843965040953975,2.152126773765269e-05,0.0004710279084509568,0.00044950664071330415,0.00775305693971735,6.010989191063132e-05,0.00038478798739360887,-0.001923063702391318,3.6981740036967636e-06,0.00041853666246904897,-0.0008693315238772153,7.557372986299882e-07,0.0006097590754902127
1558,7.620974178979001e-05,5.40623136085309e-05,0.00022244415814898222,0.00016838184454045133,0.006999211377131283,4.89889599025739e-05,0.0001440619522384834,0.007519575122298222,5.6544010019532465e-05,0.00024277603797362435,-0.007526883213105163,5.665397090348634e-05,0.0002804944842348389
1559,3.695766486189189e-05,5.923522041983986e-06,0.00019605264367376454,0.00019012912163178056,0.0026863307913198727,7.2163731200669545e-06,0.00020968664908271872,0.0023287237218106147,5.422954172051853e-06,0.00020713696875473975,-0.002265223793289091,5.131238833833152e-06,0.00017133431318383519
1560,2.4430018694676647e-06,2.438005218448798e-07,0.00018277870870223958,0.0001825349081803947,0.00012163769168114876,1.4795727754091104e-08,7.49487050815123e-05,-0.00017923673758852006,3.2125807680749574e-08,0.00018340933561822315,0.0008273330832671398,6.844800300997989e-07,0.00028997808540698333
1561,0.00011008947490553922,4.551821628358728e-06,0.000136547764690483,0.00013199594306212425,0.0028672756877303326,8.221269869546077e-06,0.00019431511944967284,0.0002477042793440624,6.13574100416514e-08,9.261120686576696e-05,-0.0023179382228903445,5.372837605488456e-06,0.00012271696775600915
1562,-3.2212830142003845,1.0,1.0,0.0,0.0,1.0,1.0,0.0,1.0,1.0,0.0,1.0,1.0
1563,5.0843826371105294e-05,1.6965649137334893e-05,0.0001515258588622448,0.0001345602097249099,0.0031675438115221625,1.003333379823168e-05,0.00018587933600489048,0.0058080110231321916,3.3732992044566146e-05,0.0001023749209578817,0.0026703223717614174,7.130621569206852e-06,0.00016632331962396218
1564,-3.2188460984484983,8.313712009640668e-05,0.0008124153875160115,0.0007292782674196048,-0.00911795591658651,8.313712009622165e-05,0.0008124153875155304,-0.009117955916586516,8.313712009611063e-05,0.0008124153875160856,0.009117955916586507,8.313712009688778e-05,0.0008124153875164186
1565,0.00020203011826547268,8.983360988334965e-05,0.000227570415323064,0.00013773680543971434,0.00840963912614189,7.07220302323952e-05,0.00023775575286200112,-0.008147032967104336,6.637414616672555e-05,0.00020158399139125205,-0.011506722089747142,0.0001324046532509282,0.0002433715017159388
1566,2.7747102305797355e-05,8.393418246062842e-06,0.0005933940534908663,0.0005850006352448034,-0.0005477335018402429,3.0001198902951387e-07,0.0004926091469908966,-0.0040983750247685245,1.6796677843600172e-05,0.0009922833559795619,0.0028431610761884742,8.083564905558838e-06,0.0002952896575021402
1567,3.90654803330559e-05,7.95673994843001e-06,0.00024557306621394065,0.00023761632626551063,0.002577382219426223,6.6428991049027886e-06,0.0004295506533997795,0.0035134526724108833,1.2344349681336908e-05,0.00016466172665630108,-0.0022097445687068204,4.882971059050334e-06,0.00014250681858574143
1568,1.9173064266686524e-05,6.773742041906357e-06,0.0004420620720672804,0.00043528833002537404,-0.0005952814032831083,3.543599492727978e-07,0.0005709720005512287,-0.0033285654224831486,1.107934777189179e-05,0.0003669009582702998,-0.0029811941239328544,8.887518404554484e-06,0.00038831325738031275
1569,7.271984830536926e-05,2.893999830625808e-05,0.0003521139923629013,0.0003231739940566432,0.00350857441673036,1.2310094437473218e-05,0.00027994042058632207,-0.0020707798681516136,4.288129262119966e-06,0.000488996969188582,0.008379843150031643,7.022177121918105e-05,0.0002874045873137998
1570,-3.2212830142003845,1.0,1.0,0.0,0.0,1.0,1.0,0.0,1.0,1.0,0.0,1.0,1.0
1571,1.0235161389648972e-05,1.9989644213236346e-06,0.00017597225936727412,0.00017397329494595049,-0.0009484385020507563,8.995355922358783e-07,6.944049036716748e-05,0.0022283577131736758,4.965578097926304e-06,0.00020384986620258783,-0.00036301456399065793,1.317795738087213e-07,0.00025462642153206705
1572,-3.0388252780372813,3.7982860113065322e-06,0.0001638910000333708,0.00016009271402206426,0.0019489191904127749,3.7982860113805472e-06,0.00016389100003355583,-0.0019489191904127744,3.7982860110474803e-06,0.0001638910000328897,-0.0019489191904127736,3.7982860114915695e-06,0.00016389100003366686
1573,-3.017786231676297,5.598566244250739e-05,0.00017117861258468073,0.00011519295014217334,-0.0074823567439124185,5.598566244224834e-05,0.0001711786125845327,-0.007482356743912418,5.598566244235936e-05,0.00017117861258442169,-0.007482356743912418,5.5985662442914474e-05,0.00017117861258508782
1574,5.16562351151606e-05,3.0371451363161068e-05,0.00033427139549750223,0.0003038999441343412,0.005135143178039088,2.6369695458994258e-05,0.000588722305986944,-0.006560703506273633,4.304283049705315e-05,0.0002672577264865028,-0.0046585220975463104,2.1701828133435797e-05,0.00014683415401905986
1575,7.913980567619827e-05,8.930518177444982e-06,0.0002173344851220301,0.00020840396694458513,0.0021441735994697825,4.597480424584077e-06,0.00018640337447728417,0.0038461681056367724,1.479300909679182e-05,0.00021931674333530715,-0.0027204898476192742,7.4010650109590514e-06,0.00024628333755349896
1576,0.00016352130013397304,7.577928043478455e-05,0.00031047155792840453,0.00023469227749361998,-0.0013090897167609547,1.7137158866420421e-06,0.0002096709024715926,0.011942466294781448,0.0001426225012015614,0.0003928614417583187,0.009110522719154824,8.30016242161502e-05,0.0003288823295553023
1577,0.0001004236695213434,2.4685480336628096e-05,0.00017810778146258124,0.00015342230112595315,-0.0004372981337381776,1.912296577755157e-07,0.0001657072190699438,0.0017089766188583357,2.9206010837556917e-06,0.00023974949422944647,0.008422862356022603,7.094461026835308e-05,0.0001288666310883535
1578,6.463310222049046e-05,8.18537519242657e-06,0.00039332395604892617,0.0003851385808564996,-0.0011141919840028528,1.241423777220696e-06,0.00013258914987246406,-0.0032787012779158017,1.074988206983818e-05,0.00036512153580647855,-0.0035446889469184666,1.2564819730220833e-05,0.000682261182467836
1579,0.00023176567683713678,1.8077194853916012e-05,0.00023338653381384708,0.00021530933895993107,0.0050609263654805775,2.561297567726939e-05,0.00015816440950644495,7.091604460875214e-05,5.0290854813894725e-09,0.00022707215230544087,0.005349166271407672,2.8613579798997257e-05,0.0003149230396296554
1580,0.000147783147842806,5.019151191206402e-05,0.00040334712210021717,0.00035315561018815317,-0.0110885585127878,0.00012295612989166038,0.0005900462633586789,-0.004903171298847203,2.4041088785953235e-05,0.0004669531113594694,-0.0018913796706702048,3.577317058578444e-06,0.0001530419915825032
1581,0.00010691758810077445,3.2945036233152556e-06,0.000127314862550576,0.00012402035892726074,0.00035010091569863194,1.225706510732394e-07,0.0001079382907371862,0.00268170069603341,7.191518623161919e-06,0.00016861236224230414,-0.0016029415448348457,2.569421595710608e-06,0.00010539393467223768
1582,0.00019970112245304428,0.00011439536208923684,0.0003208284887680213,0.00020643312667878444,-0.012137166586434434,0.00014731081274699243,0.0003410487979936816,0.004756687678003577,2.262607766623237e-05,0.0002962336038204727,0.013162416034070007,0.00017324919585448573,0.00032520306448990954
1583,0.00043807300592457743,0.00019288375803120741,0.0005842371152614545,0.0003913533572302471,0.020105969106968682,0.0004042499937303434,0.0009231305052922467,-0.007120207654514311,5.069735704321676e-05,0.00022948461620730942,0.011122226545075598,0.00012370392332006208,0.0006000962242848074
1584,0.00017778379580257742,8.376360370595155e-05,0.0005893797868891474,0.0005056161831831958,0.008278612933340047,6.853543209983659e-05,0.0005649718391761427,-0.00929157671268898,8.633339780828031e-05,0.0005886035727159511,-0.009819469497377548,9.642198120973777e-05,0.0006145639487753485
1585,0.01203575813056057,0.004380749408367339,0.01015000243062795,0.005769253022260611,0.078535465391889,0.006167819324320756,0.012893906024257329,-0.07944886675687421,0.0063121224289514055,0.01635624529206492,0.02573531565436915,0.0006623064718298544,0.0011998559755616034
1586,0.00010771037279133644,4.740895947674684e-05,0.0003398120454010112,0.00029240308592426434,-0.00726986482212404,5.2850934532000515e-05,0.0003724103696242098,0.0071921958651944475,5.1727681363300526e-05,0.0002604131761196893,0.00613581800046422,3.764826253493947e-05,0.00038661259045913443
1587,-3.2212830142003845,1.0,1.0,0.0,0.0,1.0,1.0,0.0,1.0,1.0,0.0,1.0,1.0
1588,0.00010488908076522474,5.197463835759919e-05,0.00026291411597419617,0.00021093947761659698,0.006558369842956164,4.301221499702912e-05,0.00030210392548890574,0.006884039736949359,4.739000309972319e-05,0.00022912731544466602,-0.008094547360756436,6.552169697604526e-05,0.0002575111069890168
1589,-3.2212830142003845,1.0,1.0,0.0,0.0,1.0,1.0,0.0,1.0,1.0,0.0,1.0,1.0
1590,4.091785300563977e-05,1.254897150134345e-05,0.0001966097286138687,0.00018406075711252523,-0.0039851184662493214,1.588116919015725e-05,0.00019525739457515456,-0.002929311131080022,8.580863702700725e-06,0.0001431868517898227,-0.0036310992290599932,1.3184881611172372e-05,0.00025138493947662877
1591,-3.2212830142003845,1.0,1.0,0.0,0.0,1.0,1.0,0.0,1.0,1.0,0.0,1.0,1.0
1592,1.880607159421288e-05,5.239463107672056e-06,0.00013750844239331558,0.00013226897928564352,-0.00088196035352652,7.778540651592891e-07,0.00013283021981225218,-0.003679961263126239,1.3542114897791002e-05,8.853309766976292e-05,-0.0011825482484436015,1.3984203600658773e-06,0.00019116200969793162
1593,5.137811921929192e-05,6.59492864015417e-06,0.0002583890248864333,0.00025179409624627913,-0.002950520746213305,8.70557267407257e-06,0.000262682652917956,0.0030611177820197865,9.37044207571791e-06,0.00028482698319443056,0.001307199743871274,1.7087711706720299e-06,0.00022765743854691323
1594,0.00011430369368703452,3.4881573189982085e-05,0.0001687005465591899,0.0001338189733692078,-0.0005005592197719412,2.5055953267738573e-07,0.00017972995765935806,-0.009209722334816551,8.481898548451383e-05,0.0001581825885005328,0.004424384087359104,1.9575174552755037e-05,0.00016818909351767886
1595,-3.2212830142003845,1.0,1.0,0.0,0.0,1.0,1.0,0.0,1.0,1.0,0.0,1.0,1.0
1596,0.0002890992361791467,0.00011103380189680934,0.0002997304610807087,0.00018869665918389938,0.002451897986094405,6.011803734162768e-06,0.0002390099025946224,0.0075000768358253,5.6251152543040916e-05,0.0002515264083396973,0.016457170152045394,0.0002708384494132243,0.0004086550723078064
1597,8.4368100086607e-05,5.731909876031486e-05,0.00012081946502406904,6.350036626375419e-05,0.0054920610223262445,3.0162734272254355e-05,0.00010269155436304356,-0.008315892190153648,6.91540629192966e-05,0.0001239718455386951,-0.008522939580346214,7.264049908939363e-05,0.00013579499517046845
1598,1.8454692133795803e-05,1.8242219085677174e-06,0.0006465384395826964,0.0006447142176741287,-0.0009459325383384817,8.947883662902001e-07,0.0004268708000504384,0.0017703783977237005,3.1342396712430443e-06,0.000737645603872128,-0.001201514747170232,1.4436376881699076e-06,0.0007750989148255227
1599,9.779480451610478e-05,3.3333743775639434e-05,0.00013950721052502502,0.00010617346674938558,0.0020488294343097885,4.197702051733643e-06,0.00013548934220308784,-4.518253812520921e-05,2.041461777402276e-09,0.00013012318869276562,0.009787823446135966,9.580148781340725e-05,0.0001529091006792216
1600,2.981370938537342e-05,4.6067854229484935e-06,0.00013223257528471866,0.00012762578986177017,-0.0009471563160321703,8.97105086883343e-07,0.00010022064384007656,0.0016698025627407105,2.7882405989609893e-06,0.00012192372149943953,-0.003183553138054082,1.0135010583001147e-05,0.00017455336051463988
1601,3.901353914426142e-05,4.692914308897696e-06,0.00032669572899383475,0.0003220028146849371,-0.001155572789204442,1.3353484712430586e-06,0.0003374140748140242,-0.003536869590212182,1.2509446498332188e-05,0.00044813723305170416,-0.0004836816690992874,2.3394795711784155e-07,0.00019453587911577586
1602,0.00013515256473695114,6.130019487822953e-05,0.00011426415266254282,5.296395778431329e-05,-0.006177022352049009,3.815560513797944e-05,8.582427381431668e-05,0.005876266783280657,3.4530511308528133e-05,0.00011237099459704414,-0.01054582705092672,0.00011121446818818104,0.00014459718957626766
1603,1.4903966342294517e-05,5.037112108345158e-06,0.00017376267266359471,0.00016872556055524957,0.0029863173630792195,8.918091393028682e-06,0.0001808427047222949,0.002321950595157788,5.39145456623924e-06,7.908095889619382e-05,-0.000895427476398983,8.017903657675518e-07,0.00026136435437229544
1604,-3.2212830142003845,1.0,1.0,0.0,0.0,1.0,1.0,0.0,1.0,1.0,0.0,1.0,1.0
1605,1.66674306470993e-05,1.550848676075874e-05,0.0003036941835005136,0.00028818569673975486,-0.004068049070268268,1.654902323755536e-05,0.0003446060741728596,0.0036728547202165857,1.3489861796389668e-05,0.0002394497768423154,0.004060366393283982,1.6486575248331192e-05,0.00032702669948636576
1606,0.00012445772870084415,4.3849209557467184e-05,0.00025270946454088633,0.00020886025498341915,0.003644239196095922,1.3280479318256155e-05,0.00021456354713778047,-0.007453701083594199,5.5557659843219476e-05,0.00027809363150066435,0.007918932346646328,6.270948951092592e-05,0.0002654712149842142
1607,7.574496505580175e-05,6.528769236809524e-05,0.00036379454385767246,0.00029850685148957723,-0.008298629800969624,6.886725657306858e-05,0.0003736518523023147,0.00816535022106242,6.667294423234882e-05,0.00035115134354790634,0.0077667803045260286,6.0322876298868344e-05,0.0003665804357227964
1608,8.98479695893295e-05,3.832896715398141e-05,0.00022111950108235265,0.00018279053392837125,-0.006842075580140701,4.681399824446597e-05,0.0002106205697577357,-0.008250385056848785,6.806885358712211e-05,0.00015928774223805675,0.00032256724899963434,1.0404963035615111e-07,0.0002934501912512655
1609,1.8708686398305474e-05,7.058569319262631e-06,0.00035452632054403893,0.0003474677512247763,0.004304804636899526,1.8531342962258002e-05,0.0004720081638706075,-0.0008881431770556373,7.887983028975754e-07,0.0003630171782035285,0.0013621918707448742,1.8555666926323156e-06,0.0002285536195579807
1610,5.034108235002499e-05,1.7235552054610064e-05,0.00032533451697417765,0.00030809896491956756,0.0014774921037053735,2.182982917098286e-06,0.00030601190244206045,0.007012977985034419,4.918186021884985e-05,0.0002535662280201967,0.0005846477808745861,3.4181302788205414e-07,0.00041642542046027575
1611,4.831559818541109e-05,2.1396503381695037e-05,0.00012911070321930396,0.00010771419983760892,0.005163201804118506,2.665865287010405e-05,8.901203877320629e-05,-0.0034936768114201874,1.2205777662477324e-05,8.572129872885803e-05,0.005032402965983386,2.5325079612503743e-05,0.00021259877215584755
1612,0.00014710795675809685,0.0001185394248971831,0.00026124606892038066,0.00014270664402319755,0.010423498910980366,0.00010864932954668394,0.00028174648270717917,0.010685363145678929,0.00011417698555504785,0.00028550381460268337,-0.011523539369019986,0.0001327919595898175,0.0002164879094512795
1613,1.9725722218644215e-05,4.733568496913716e-06,0.00012432822224262008,0.00011959465374570637,0.0029242267415226066,8.551102035458946e-06,9.672179196063002e-05,-0.0023707434388992575,5.6204244526236735e-06,0.0001282138510018127,0.00017081862490182198,2.917900265853035e-08,0.0001480490237654175
1614,0.00011064727429144217,3.628878422797429e-05,0.0002569415093336784,0.00022065272510570408,0.0003621860949447177,1.311787674040943e-07,0.00020040719481462244,0.0002228539372338204,4.9663877343952834e-08,0.00011259197808877186,-0.010425234291813681,0.00010868551003917482,0.0004578253550976408
1615,3.6260140595434365e-05,1.0257007682460776e-05,0.00038753414629374056,0.00037727713861127976,-0.0023302667845758627,5.430143287687983e-06,0.00047577268263609973,0.0050146677552393,2.514689269550452e-05,0.0004816526726816317,0.000440439626143115,1.939870641898267e-07,0.0002051770835634903
1616,8.318169701415634e-05,3.057717303326749e-05,0.0001803244944358351,0.0001497473214025676,-0.0009899940140903766,9.800881477506351e-07,0.00017287531625476138,-0.007617640910383493,5.80284530391495e-05,0.00027935177214399864,-0.005720400153253769,3.272297791290235e-05,8.874639490874525e-05
1617,5.6626562981776374e-05,8.760787078158453e-06,0.00019477641336618223,0.0001860156262880238,0.0008129179631607723,6.608356153403605e-07,0.0001840744163587038,0.0012704847197677665,1.6141314230777581e-06,8.975828105395323e-05,0.004899734094438808,2.400739419605724e-05,0.00031049654268588966
1618,0.00023168127485861945,7.551388601264215e-05,0.00019075254095216967,0.00011523865493952752,0.013912266678478107,0.00019355116413322104,0.00024095250415712144,0.005733283998451154,3.2870545406460394e-05,0.000220707980797763,-0.0003463358176535629,1.1994849824503717e-07,0.00011059713790162462
1619,9.409776100877121e-05,3.114054637206228e-05,0.00018019693929090716,0.00014905639291884487,-0.008247349115685858,6.801876743600666e-05,0.00028465345129957687,-0.0045790331530188135,2.0967544616223854e-05,0.000191162009042678,-0.00210602161999319,4.435327063956329e-06,6.477535753046659e-05
1620,0.00011541081098886963,6.261529886697481e-06,0.00015843741855903204,0.00015217588867233456,0.0017155299932564273,2.943043157510594e-06,8.429944757504249e-05,-0.003968688481413366,1.575048826263359e-05,0.00022185561503651474,-0.0003017585788052068,9.105823994826068e-08,0.0001691571930655389
1621,0.00022660081933800758,4.6207018145727474e-05,0.0003823256307099454,0.00033611861256421793,0.011431486244531138,0.00013067887775908282,0.0005065291580692577,-0.0027266310017609974,7.434516619775344e-06,0.0003004587296966399,0.0007125026724807915,5.076600583242552e-07,0.00033998900436393864
1622,1.9265290555958714e-05,8.41249680442561e-06,0.00019266411825469287,0.00018425162145026727,0.002936163807491342,8.621057905000562e-06,0.00024637643633840245,0.004074743446877727,1.6603534158665667e-05,0.0002732313219951932,0.00011357089945674815,1.2898349610601656e-08,5.8384596430482993e-05
1623,-8.607580901400128,1.752244453256946e-05,0.00015515321594968454,0.00013763077141711508,0.0033580412398494996,1.1276440967433743e-05,0.00015184529001432967,0.005404659925229941,2.9210348908348394e-05,0.00016155660687722229,-0.0034757076577670047,1.208054372192624e-05,0.00015205775095750163
1624,3.802964111876417e-05,2.747104645813477e-05,0.00029401693853522054,0.0002665458920770858,0.004149540402420166,1.7218685551045887e-05,0.0001919431640832192,-0.005630026409621174,3.169719737328158e-05,0.0003847438759493338,0.005787681439953639,3.349725645007684e-05,0.0003053637755731087
1625,-3.2212830142003845,1.0,1.0,0.0,0.0,1.0,1.0,0.0,1.0,1.0,0.0,1.0,1.0
1626,0.00015181215438264672,1.670766937911239e-05,0.00026151604677845014,0.00024480837739933775,-9.473580984955087e-05,8.974873400013905e-09,9.191385458939827e-05,0.0063617705034378445,4.0472123938428695e-05,0.0003467910253717177,-0.0031051424002791804,9.641909325508458e-06,0.0003458432603742345
1627,0.0003901514684208074,0.00018631696619327473,0.0005554889716273456,0.0003691720054340708,-0.00049002519193033,2.4012468913259255e-07,0.00018448994469144608,0.015123881769112736,0.00022873179976634628,0.0006581475701689099,-0.01816532339719509,0.0003299789741243453,0.0008238294000216806
1628,4.759430768830342e-05,1.8440016446648794e-05,0.00013618607473449748,0.00011774605828784869,0.0010541154799925112,1.1111594461210572e-06,0.00016742939603886509,0.004950038766279103,2.450288378774701e-05,0.00011665184997355915,0.005450321651558499,2.970600610607832e-05,0.00012447697819106818
1629,0.0002064953908288425,5.3893587215673534e-05,0.000164505731837535,0.00011061214462186147,-0.0027373890681742404,7.493298910588031e-06,7.673897615068093e-05,-0.012103499207870719,0.0001464946930749278,0.00021982077298354774,0.0027735842625429513,7.692769661504784e-06,0.0001969574463783763
1630,-3.2212830142003845,1.0,1.0,0.0,0.0,1.0,1.0,0.0,1.0,1.0,0.0,1.0,1.0
1631,7.956047208523831e-05,2.3806728751685213e-05,0.0002488582554759737,0.00022505152672428846,-0.0020476545784625317,4.192889272780498e-06,0.0002009662990275496,-3.859804919012237e-05,1.4898093869675222e-09,0.0002638954035484309,0.008199134538045823,6.722580717288817e-05,0.0002817130638519405
1632,0.00015613442566320135,5.120463421393051e-05,0.0003840591172780128,0.0003328544830640823,0.00218752942008845,4.7852849636154104e-06,0.0002623151482766817,0.0056843306369566814,3.2311614790558885e-05,0.00042754908061870545,-0.010794304187267238,0.00011651700288761724,0.00046231312293865123
1633,5.4150455874979464e-05,2.410072286951337e-05,0.00036993725100720187,0.0003458365281376885,-0.003124290996175452,9.761194229018777e-06,0.0003507568123350957,-0.005175080846410321,2.6781461767044767e-05,0.000531436281419384,0.005979925803252606,3.575951261247656e-05,0.00022761865926712588
1634,5.500147393500132e-05,1.1330442005519359e-05,0.00026019697066796227,0.0002488665286624429,-0.0005661546721452857,3.205311128740007e-07,0.00031617936114713974,0.0011537655465212544,1.33117493639201e-06,0.00027503036307907625,0.005686793469715071,3.2339619967292066e-05,0.00018938118777767077
1635,4.339807731457146e-05,2.6235422593760365e-05,8.935060578170913e-05,6.311518318794876e-05,-0.005975338969861528,3.5704675804604236e-05,0.00011030720351357104,0.0032187085771068387,1.036008490407081e-05,5.748564721685945e-05,0.005713274636533051,3.2641507072606046e-05,0.00010025896661469691
1636,-2.4699953237544245,7.299284757282069e-05,0.00026428656269587386,0.00019129371512305315,-0.009341153773559156,8.725715382129628e-05,0.000319274170698991,-0.007187788797481151,5.166430779723896e-05,0.00020159891073889824,0.008947462271503623,8.005708109992682e-05,0.0002719866066497323
1637,-3.2212830142003845,1.0,1.0,0.0,0.0,1.0,1.0,0.0,1.0,1.0,0.0,1.0,1.0
1638,8.147710205930192e-05,3.104814223349924e-05,8.977147844217252e-05,5.872333620867328e-05,0.006602980901150865,4.3599356780221754e-05,9.403022846132814e-05,-0.0022767470417439923,5.183577091893987e-06,9.537311359930634e-05,0.006660442389827332,4.4361492828381976e-05,7.991109326588308e-05
1639,0.00012463726723366264,2.6180472481004042e-05,0.00016137621346420014,0.0001351957409831961,-0.00612930261675146,3.756835056745178e-05,0.0002015810742745927,-0.00629959825277184,3.968493814621166e-05,0.00014204931705663615,-0.0011349575892894701,1.288128729348692e-06,0.00014049824906137154
1640,0.00025940640099109125,7.393792722998338e-05,0.0007328468361819848,0.0006589089089520014,-0.011513719145902084,0.00013256572857067717,0.0006098458961376618,0.0075827375367371365,5.749790855102965e-05,0.0011595714658783063,-0.005634726663135589,3.175014456824332e-05,0.00042912314652998607
1641,0.00015144899247199195,8.996734852699065e-06,0.00020736292886732363,0.00019836619401462457,-0.0012744321290579512,1.6241772518021946e-06,0.00026688037229083417,-0.0031960623666087594,1.0214814651465787e-05,0.0001533585156733297,-0.0038924558641276314,1.5151212654829216e-05,0.000201849898637807
1642,0.00018134076815579103,4.7825832962959204e-05,0.0002816995966304914,0.00023387376366753218,-0.00496338345636028,2.4635175334908332e-05,0.00023558139344104223,0.01090116771429837,0.00011883545753521574,0.00021354637602566395,8.286144099565063e-05,6.866018753548531e-09,0.00039597102042476795
1643,0.00017286172784913845,4.5460463258743346e-05,0.00012838027615876454,8.29198129000212e-05,0.0039042492260586647,1.5243162018840906e-05,5.566586524052841e-05,0.003896045188846988,1.5179168113332864e-05,0.00012064651541010551,-0.010293641709520561,0.00010595905964405627,0.00020882844782565968
1644,0.00013448099488710952,3.7031524717826926e-05,0.0002266123762055816,0.0001895808514877547,-0.009128884846773638,8.333653854541989e-05,0.00033721237828798767,0.0052221051450025546,2.7270382145672123e-05,0.0002468544990043009,-0.0006983218901069325,4.876534623887707e-07,9.577025132445627e-05
1645,0.00025986251128307103,6.209120986067074e-05,0.0002018147528538202,0.00013972354299314946,-0.011412582703035164,0.00013024704395359077,0.00022458256646362695,0.003381464198206355,1.1434300123625007e-05,0.0001121438957266685,-0.006677745540618336,4.4592285504796436e-05,0.0002687177963711651
1646,0.012984685424041964,0.006355288926766807,0.024844871743431973,0.018489582816665167,0.11217759917462267,0.01258381375658224,0.05259710876008472,0.039355689166264855,0.00154887026975159,0.0070069022243096635,-0.0702366197504316,0.004933182753966592,0.014930604245901535
1647,7.220821215392359e-05,3.3170896893549205e-05,0.00013113646632179066,9.796556942824144e-05,0.0047341912341278426,2.2412566641261122e-05,0.00016474027996438156,-0.003498610036623945,1.224027218826862e-05,9.71283178925475e-05,0.008053561438992413,6.485985185111787e-05,0.0001315408011084429
1648,-3.2212830142003845,1.0,1.0,0.0,0.0,1.0,1.0,0.0,1.0,1.0,0.0,1.0,1.0
1649,0.0002761457631660358,0.00013578898371328454,0.00047234195462038847,0.0003365529709071039,0.016378589354028004,0.0002682581892277103,0.0006552035501378173,0.009098033538352906,8.277421426527987e-05,0.00033422982962261205,0.00750563439336751,5.633454764686352e-05,0.00042759248410073614
1650,0.000304332063443824,9.695156564866932e-05,0.0014331528071821846,0.0013362012415335154,0.009393675834766997,8.82411456883947e-05,0.001361410473996183,-0.010703087092993382,0.00011455607332000461,0.0015833401406563086,-0.009383894603923392,8.805747793760865e-05,0.0013547078068940621
1651,8.261312278556865e-05,5.526567091784784e-05,0.0003144510203129854,0.00025918534939513754,0.0077561589327628366,6.0158001390364646e-05,0.00039982594488641165,-0.005704820611692434,3.254497821170155e-05,0.000253367741450794,-0.008549504848363126,7.309403315147733e-05,0.00029015937460175056
1652,0.0002562113449285919,6.978840031094762e-05,0.0002179773797418294,0.00014818897943088177,0.003691139878284761,1.3624513600762889e-05,0.00016519204544518384,-0.011921397486458886,0.00014211971803057555,0.00032493921586473906,-0.007322634041273492,5.3620969301504395e-05,0.0001638008779155653
1653,0.0005423674331570538,0.00021487829174763698,0.0004266182365902556,0.00021173994484261863,0.01476098269784313,0.0002178866102059418,0.000487942553089149,0.018688603950751493,0.0003492639176281287,0.0006297708410510916,0.00880251937849553,7.748434740884047e-05,0.00016214131563052625
1654,0.0002950089764384156,3.3437736503845926e-05,0.00020471856029210164,0.0001712808237882557,-0.003922299150669133,1.5384430627318757e-05,9.528459627849983e-05,0.00016040008449334607,2.572818669221988e-08,0.0002164126792995047,-0.0092142851430547,8.49030506975268e-05,0.00030245840529830037
1655,0.00027212856233427285,9.892462124372337e-05,0.0014182345063524042,0.0013193098851086809,0.005682594357635648,3.2291878633183835e-05,0.001586934613849511,0.00968801635452459,9.385766088643166e-05,0.0002317304447353452,-0.013062324609809644,0.0001706243242115546,0.002436038460472356
1656,-3.2127179634291387,7.494081161655657e-05,0.00045827548604615576,0.0003833346744295992,0.008656836120461536,7.494081161685262e-05,0.00045827548604671087,-0.008656836120461536,7.494081161585342e-05,0.0004582754860454896,0.008656836120461532,7.494081161696364e-05,0.0004582754860462668
1657,0.00015792455841656672,3.511857747603061e-05,0.00014550425130055444,0.00011038567382452383,0.0009050965875888946,8.191998329687422e-07,6.857066851040372e-05,-0.010130792042956421,0.00010263294741763573,0.00020294178557622722,0.0013797047429315958,1.9035851774873436e-06,0.0001650002998150324
1658,7.102105471812337e-05,1.0256852859417501e-05,0.00033343059186841106,0.00032317373900899354,-0.003165258150233153,1.0018859157745474e-05,0.00033781218154205206,0.0030061758783906287,9.037093411712327e-06,0.00032276622000992905,-0.003422660662277272,1.1714606008794703e-05,0.0003397133740532521
1659,-3.2212830142003845,1.0,1.0,0.0,0.0,1.0,1.0,0.0,1.0,1.0,0.0,1.0,1.0
1660,-3.1627167406918444,8.368515564109261e-06,0.00015644594443516477,0.00014807742887105552,-0.0028928386688994103,8.368515564294299e-06,0.00015644594443509074,0.002892838668899412,8.36851556340612e-06,0.0001564459444343136,-0.0028928386688994085,8.368515564627366e-06,0.00015644594443608995
1661,0.00015353605973988937,6.570880468625973e-05,0.00023709098580793064,0.00017138218112167092,-0.009909973892111807,9.820758254230899e-05,0.0003339228874913447,0.006693548162956152,4.480358700986731e-05,0.00012031287107483468,0.00735630644459749,5.411524450660288e-05,0.00025703719885761256
1662,-3.2212830142003845,1.0,1.0,0.0,0.0,1.0,1.0,0.0,1.0,1.0,0.0,1.0,1.0
1663,-3.2212830142003845,1.0,1.0,0.0,0.0,1.0,1.0,0.0,1.0,1.0,0.0,1.0,1.0
1664,5.526928723664781e-05,1.9438330255638903e-05,0.00019874716305331072,0.00017930883279767182,0.0066384692914684485,4.406927453370901e-05,0.0003012911970511345,-0.000705634289081709,4.979197497645416e-07,0.00012210135019674606,0.003707802109552923,1.3747796483443153e-05,0.00017284894191205158
1665,-3.2212830142003845,1.0,1.0,0.0,0.0,1.0,1.0,0.0,1.0,1.0,0.0,1.0,1.0
1666,6.474875618511788e-05,5.805214359333455e-05,0.00013209512154662337,7.404297795328882e-05,0.007663459811516218,5.872861628319903e-05,0.00013106736790668982,0.007519661870223453,5.65453146426087e-05,0.0001325497427571154,0.007673493327917045,5.888249985419591e-05,0.00013266825397606485
1667,0.0002744215782375381,8.890410728908578e-05,0.0003498633178102099,0.00026095921052112414,0.006740265325290887,4.543117665534169e-05,0.0005295825578192082,0.014627968661293516,0.0002139774671555683,0.0002481797431448385,0.0027025317863841533,7.303678056347351e-06,0.000271827652466583
1668,-3.2212830142003845,1.0,1.0,0.0,0.0,1.0,1.0,0.0,1.0,1.0,0.0,1.0,1.0
1669,-3.2411584476233575,0.00012369207867068965,0.0003726123682001499,0.00024892028952946027,-0.011251113679976861,0.00012658755904115804,0.0003869354176279094,-0.010833983961074973,0.00011737520846955007,0.00033761503596241305,-0.01127446089636057,0.00012711346850136085,0.0003932866510101274
1670,8.705529639385645e-06,1.9043146583704502e-06,8.572617421646427e-05,8.382185955809382e-05,-0.0021621334384136007,4.6748210058567e-06,0.0001470863605029793,-6.564733744934241e-05,4.309572698701913e-09,7.945654974883531e-05,-0.0010167661461082337,1.0338133965559493e-06,3.063561239757817e-05
1671,-3.2212830142003845,1.0,1.0,0.0,0.0,1.0,1.0,0.0,1.0,1.0,0.0,1.0,1.0
1672,0.000123768642678046,4.5625384134144e-05,0.0002713202878316112,0.00022569490369746722,0.004066876878731128,1.6539487546873843e-05,0.0001856734388624437,0.010528619984694553,0.00011085183878223326,0.0005068993497029384,-0.003079744481846777,9.484826073324903e-06,0.00012138807492945158
1673,0.00016282759753571963,5.385764231224943e-05,0.00023855255869490813,0.0001846949163826587,0.012433870911878782,0.0001546011458535279,0.00027119420555832274,-0.0018042243678060852,3.2552255693207854e-06,0.0001715185419592924,0.0019278370039425329,3.7165555138996e-06,0.0002729449285671093
1674,6.330318672875812e-05,2.5359920522438628e-05,0.0001626855041397072,0.00013732558361726857,0.0022436541103521297,5.033983766722372e-06,9.58769243460944e-05,-0.0033719527270311537,1.1370065193361256e-05,0.00023757304334293128,-0.007725005670358594,5.9675712607232256e-05,0.00015460654473009594
1675,0.00038758694179086284,0.0001751445816082405,0.0006017551426830877,0.0004266105610748472,-0.008471562297060751,7.176736775338366e-05,0.0006611365993036689,-0.010244344351414471,0.0001049465911904246,0.0004445772034905593,0.018674040427319825,0.00034871978588091324,0.0006995516252550349
1676,3.4671829099885976e-05,1.3194689090482528e-05,0.00024715808920516835,0.00023396340011468583,0.0033722252501913355,1.1371903138712725e-05,0.00024862423778837517,-0.0051577254545846375,2.6602131865893774e-05,0.00021237246206695648,0.0012688704687316668,1.6100322668410882e-06,0.0002804775677601734
1677,0.00023776527412233683,8.748248568157813e-05,0.0004001408942158058,0.00031265840853422766,-0.0014643266193813914,2.1442524483772374e-06,0.00017470460169899393,0.015057017744700908,0.00022671378336436288,0.0005633786634858806,-0.005795638121195174,3.3589421231994265e-05,0.0004623394174625428
1678,9.124289314177414e-05,3.661602530628342e-05,0.00020459686084469317,0.00016798083553840976,-0.0025262354995458035,6.381865799043318e-06,4.689322746409541e-05,0.005314662107466194,2.8245633316714702e-05,0.0002805505154492849,0.00867297969576654,7.522057680309224e-05,0.0002863468396206992
1679,-2.44849803249334,7.224143609652067e-06,0.00015304389005577068,0.00014581974644611861,-0.00160314272670314,2.5700666023142915e-06,0.00014710230008496694,-0.0031600609285533346,9.985985071736536e-06,0.0001565261177255417,-0.0030193342237890314,9.116379154905374e-06,0.0001555032523568034
1680,7.905786602091514e-05,7.118491426501746e-06,0.0001499168047437438,0.00014279831331724205,0.003507370618045407,1.2301648651291686e-05,0.0001074811629530048,0.0021070700535933207,4.439744211381935e-06,0.00018502165944200843,-0.002148041297826472,4.614081416831617e-06,0.00015724759183621817
1681,0.00012511491124023166,2.6493738828644215e-05,0.0001215190402280945,9.502530139945028e-05,0.0066174127882583575,4.3790152010614314e-05,0.00017199532314271515,-0.0024689105171421784,6.095519141324779e-06,0.0001190244567356169,0.005440178796108304,2.9595545333993556e-05,7.353734080595142e-05
1682,1.0615257342583284e-05,1.056800891426531e-06,9.15576458720609e-05,9.050084498063438e-05,-0.000616799163197437,3.804412074259744e-07,7.869663520221337e-05,0.0011154476592966755,1.2442234810228214e-06,0.00012445221504608917,0.0012432771154202008,1.5457379858307974e-06,7.152408736788018e-05
1683,0.00015078964151737928,4.7676765024780764e-05,0.0003278981120880727,0.00028022134706329194,0.011898326161801927,0.00014157016545279788,0.000439702450405588,-0.0012081856481717223,1.4597125608251105e-06,0.00042501865106658876,2.0422065986393594e-05,4.170607192932607e-10,0.00011897323479204136
1684,-3.2212830142003845,1.0,1.0,0.0,0.0,1.0,1.0,0.0,1.0,1.0,0.0,1.0,1.0
1685,1.745563095856273e-05,2.284616147855504e-06,0.00015724107093010678,0.00015495645478225128,-0.00030155368617351046,9.093462549625286e-08,0.0002614945571267624,0.002444837207727502,5.977228972109394e-06,0.00010667972090028233,0.0008863886540025526,7.856848459608656e-07,0.00010354893476327565
1686,-3.2212830142003845,1.0,1.0,0.0,0.0,1.0,1.0,0.0,1.0,1.0,0.0,1.0,1.0
1687,9.159737381048139e-05,2.8207142486783947e-05,0.00017980177320024252,0.00015159463071345858,-0.0007264286642696514,5.276986042579423e-07,0.00016985380916711978,-0.00908515631385944,8.254006524688329e-05,0.00019768563087374513,0.0012464604324349312,1.5536636092106093e-06,0.00017186587955986266
1688,8.444952250830084e-06,2.6028875858008504e-06,0.0002867186219983238,0.00028411573441252297,-0.0021478814206079516,4.613394597119402e-06,0.00034393563583590137,-0.0016238037789118199,2.6367387120362906e-06,0.0003685292656400163,0.0007473482779036322,5.585294482468584e-07,0.00014769096451905384
1689,-3.2212830142003845,1.0,1.0,0.0,0.0,1.0,1.0,0.0,1.0,1.0,0.0,1.0,1.0
1690,0.00011010793653853934,2.4158226545593447e-05,0.0002532362934247005,0.00022907806687910706,0.00794224420731529,6.307924304871371e-05,0.00039426209116644184,-3.6287913523810787e-06,1.316824427277652e-11,0.00018720162057128675,-0.0030651954945987016,9.395423419822357e-06,0.00017824516853637284
1691,0.00017472292284037572,4.1027604910352324e-05,0.0003226689619671985,0.0002816413570568462,-0.006908842469016852,4.773210426156638e-05,0.00038273966960522543,0.0070609262575141935,4.9856679613990984e-05,0.00024632320206519065,-0.005049161401245978,2.5494030855499616e-05,0.0003389440142311795
1692,0.0002774943658068185,3.544415796626529e-05,0.00019011974452113703,0.00015467558655487174,0.0033362376842707535,1.1130481885723853e-05,0.00022073891170815152,-0.005375809575652099,2.8899328593401385e-05,0.00019797597382287258,0.00814264474354739,6.630266341967062e-05,0.00015164434803238702
1693,0.003528959065944526,0.0012607729423993463,0.00308498636271252,0.0018242134203131735,-0.05889126488241485,0.003468181079450572,0.00771231215702739,0.013776805811810516,0.00018980037837657004,0.0012309466465136865,-0.011150666767991861,0.00012433736937089712,0.00031170028459648336
1694,0.00014495328686514597,7.23153884481705e-05,0.00020647401439903104,0.00013415862595086053,-0.006269421703582491,3.9305648498300094e-05,7.018812148729126e-05,-0.0058338466632859454,3.403376689037341e-05,0.00020231839927153938,-0.011983603379416077,0.000143606749955838,0.0003469155224382625
1695,-3.2212830142003845,1.0,1.0,0.0,0.0,1.0,1.0,0.0,1.0,1.0,0.0,1.0,1.0
1696,1.1928425672325105e-05,6.035554575234414e-06,0.0006082341065142641,0.0006021985519390297,-0.0025743702866524343,6.627382372892399e-06,0.0005724264225165365,-0.002586495574944904,6.689959359595932e-06,0.0005787873206376526,-0.002188451962819544,4.789321993214912e-06,0.0006734885763886034
1697,3.0118022114833387e-05,1.834666148155713e-05,0.0006881383586639552,0.0006697916971823981,0.004203927470532751,1.7673006176610606e-05,0.0007053015533525775,0.004890741646162006,2.3919353850043734e-05,0.0005773735226687338,0.003667100273751831,1.3447624418017057e-05,0.0007817399999705543
1698,3.8774626281323776e-05,9.047239424334977e-06,0.00030970731016484915,0.00030066007074051415,-0.00021526542297362918,4.6339202364187315e-08,0.0005511204131027903,-0.0049009478809398585,2.4019290131405135e-05,8.06636528632998e-05,0.001753878256740593,3.0760889392356106e-06,0.00029733786452845745
1699,1.0472202476297099e-05,2.4132974293008164e-07,0.00034691053677027295,0.0003466692070273429,0.0007761171281990111,6.023577967528837e-07,0.000514890808200219,0.0001963106606471087,3.853787566843181e-08,0.0004005017491118812,0.00028825953011812715,8.309355636892946e-08,0.00012533905299871861
1700,0.0001797421539517785,8.201575736869564e-05,0.0003365508863618268,0.00025453512899313113,0.004178145321847755,1.745689832843844e-05,0.00033376155671271945,-0.012888995788753832,0.00016612621244260772,0.0003357766005377405,-0.0079034271892793,6.246416133504074e-05,0.00034011450183502046
1701,0.0001950475840848398,7.540762156536356e-05,0.0010771613333703984,0.0010017537118050348,-0.003896225649797534,1.5180574314266337e-05,0.0010174353433937133,-0.01352806144340401,0.0001830084464166104,0.001336396934328521,-0.005294699610502179,2.803384396521391e-05,0.0008776517223889613
1702,7.616598286208642e-05,2.02386101965842e-05,0.00035464197794502866,0.0003344033677484445,-0.002345255041748084,5.500221211152123e-06,0.0003339724618451889,-0.007411304412698565,5.4927433097540224e-05,0.0005363059862157904,-0.0005368205297065818,2.881762810602595e-07,0.00019364748577410662
1703,1.5913100651077094e-05,1.8608080099014046e-07,0.00022025610859273867,0.00022007002779174853,0.00043024711690588957,1.851125815965915e-07,0.00021532236752808132,-0.0006080627869090472,3.697403528901688e-07,0.00021456728923430202,-5.8219140992345375e-05,3.3894684836610622e-09,0.00023087866901583265
1704,8.561597474143756e-05,9.67013454367116e-06,0.0001466642278470376,0.00013699409330336643,0.000292120679240635,8.533449191716613e-08,0.00026636111748890023,-0.00454799492172857,2.0684257807990214e-05,9.552625023356853e-05,-0.0028706813356705017,8.240811331106102e-06,7.8105315818644e-05
1705,0.00015255958307913708,1.3749893192878856e-05,0.0001725353300240743,0.00015878543683119545,0.0009034306858504725,8.16187003871427e-07,0.00026256027557403083,0.006068797317542147,3.68303008809745e-05,7.976732076520054e-05,0.0018982074950762936,3.6031916937906416e-06,0.0001752783937329916
1706,-2.5944480194201063,1.1892113986518757e-05,0.0001854612235633324,0.00017356910957681362,0.002329894802816416,5.428409793672984e-06,0.0001624353069028528,-0.0035450675302997484,1.2567503793081691e-05,0.00015919989384693967,-0.004204810146938464,1.7680428372801593e-05,0.0002347484699402047
1707,3.6148022045767725e-05,8.710187949123593e-06,0.00020990675320720076,0.00020119656525807716,-0.0029376362721032596,8.629706868323872e-06,0.0002103533185103812,-0.003109786429077365,9.6707716334965e-06,0.00021155445157783337,-0.002798228966164715,7.830085345550408e-06,0.0002078124895333877
1708,0.00016568831455809896,9.598254211988048e-05,0.00035963045728741133,0.00026364791516753083,-0.010125253859411121,0.00010252076571748425,0.00035641010683917784,0.009483649144874538,8.993960110348365e-05,0.00035810852109474656,0.009771758262439032,9.548725953867354e-05,0.00036437274392830954
1709,6.586029121780079e-05,2.169553901095374e-05,0.00036125555016057004,0.0003395600111496163,0.0024039207269997533,5.778834861636106e-06,0.00011069363224869289,0.007570749754336192,5.731625184302036e-05,0.0004212935023151232,0.0014112159042067752,1.9915303282047603e-06,0.000551779515917894
1710,0.0004301143116177686,8.605198053712737e-05,0.0005309070634622604,0.000444855082925133,0.0033615228581489933,1.1299835925959734e-05,0.000583644878341838,0.015382775178008894,0.0002366297721773103,0.00045000878040513115,-0.003197863897713095,1.0226333508112084e-05,0.0005590675316398119
1711,0.00029406437430823384,8.624801245630624e-05,0.00036676687977651074,0.0002805188673202045,0.006171403794885405,3.8086224799505075e-05,0.00027929798082981794,0.014597489577481734,0.00021308670196462653,0.00044466028454770434,0.0027515651191284732,7.571110604787101e-06,0.00037634237395201
1712,6.378641779414274e-05,1.2180147177816755e-05,0.0001476552526479269,0.00013547510547011013,-0.003997120675644977,1.597697369548623e-05,0.00014819104093788393,0.002082740154583561,4.337806551180101e-06,0.0001644268357070544,-0.00402810889699679,1.6225661286783932e-05,0.00013034788129884234
1713,5.937246433118659e-05,1.7172933475140262e-05,0.00017823520699133955,0.00016106227351619928,0.006495959011791989,4.219748348288643e-05,0.00011049019516828906,-0.0002228621613538165,4.9667542856290936e-08,0.00016728730818016402,-0.0030449383244305563,9.271649399678061e-06,0.00025692811762556556
1714,1.2665023487179461e-05,1.251866294560422e-05,0.00040496651975926074,0.0003924478568136565,-0.003551939353437191,1.2616273170951153e-05,0.0004042001175820209,0.0035168814478668143,1.2368455118427768e-05,0.00040681178732859813,-0.003545597347025493,1.2571260547433738e-05,0.00040388765436716323
1715,3.042765985172835e-05,2.6511712922450137e-05,0.0002276897326041194,0.00020117801968166926,-0.005132153896821514,2.633900362092323e-05,0.00022952951818977496,0.005187237179698438,2.6907429558908902e-05,0.0002327194959135248,-0.005127251270155835,2.628870558751828e-05,0.00022082018370905843
1716,0.00018700847090180606,3.209988029769425e-05,0.00021190395174475185,0.0001798040714470576,0.00884447655985873,7.822476561791802e-05,0.00027069003897983723,0.002496238390477356,6.231206102325082e-06,0.00021845209278414934,0.0034414632312950062,1.1843669172839633e-05,0.00014656972347026898
1717,-3.2212830142003845,1.0,1.0,0.0,0.0,1.0,1.0,0.0,1.0,1.0,0.0,1.0,1.0
1718,0.0001534529203252033,6.595566923406349e-05,0.0002597658059918147,0.00019381013675775122,0.004673933773369998,2.1845656918539902e-05,0.00010506496318274383,-0.01173206878849229,0.00013764143805694573,0.00026947650266262446,0.0061951523570023806,3.8379912726704823e-05,0.00040475595213007587
1719,0.0008342036578209422,0.0002477204348817115,0.0020224396955876487,0.0017747192607059372,0.023345422216197394,0.0005450087384527569,0.00351348578597499,0.008872234289687201,7.871654129132377e-05,0.0014994232934618656,-0.010928679009881245,0.00011943602490105398,0.0010544100073260898
1720,5.1841976572264414e-05,1.754698979206104e-05,0.00012027330012076565,0.0001027263103287046,0.000903995037542247,8.172070276035726e-07,0.00018236073279098708,-0.0008019012820427517,6.430456661599138e-07,0.00011822079486956127,-0.007154069938320579,5.1180716682419636e-05,6.023837270174859e-05
1721,0.00034457899755047094,0.00011238523132054794,0.0004388134989089891,0.0003264282675884411,-0.008417259886250292,7.085026399267225e-05,0.00037883284417683516,0.014010116084795198,0.00019628335270938102,0.0007802672618500983,-0.008367919529944921,7.002207725959053e-05,0.0001573403907000337
1722,1.8627870275511604e-05,6.314458090591242e-06,0.00014847057846175313,0.00014215612037116188,-0.0008242990656750422,6.794689501044004e-07,0.00020996709719367512,-0.004244379690382825,1.8014758956574894e-05,9.962029624277502e-05,-0.0004991456355440982,2.4914636509443255e-07,0.0001358243419488092
1723,0.00019139035908477542,5.795135605809095e-05,0.0002986451458674895,0.00024069378980939857,-0.012283881058921389,0.00015089373386967253,0.00047087815019530854,0.0046199291546553806,2.134374539419781e-05,0.00018803076803197705,0.0012714514973628777,1.6165889104025055e-06,0.00023702651937518304
1724,-3.0089033589717493,2.2768163873513694e-06,0.000285508833290371,0.00028323201690301963,-0.0015426571077470027,2.379790952078409e-06,0.00028377021779235623,0.0014988399238248585,2.2465211179101274e-06,0.0002863040194348576,0.00148463365589848,2.2041370920655723e-06,0.0002864522626438992
1725,4.7588132715326026e-05,2.1608947441002318e-05,0.00019963793285201112,0.0001780289854110088,0.006656206911893781,4.430509045416642e-05,0.0001509783393054409,0.004506827558195413,2.0311494639657646e-05,0.0001887442928865113,-0.0004585381429501194,2.1025722918288636e-07,0.0002591911663640811
1726,-2.468705160607063,5.7742717242274345e-05,0.00022321458869404656,0.00016547187145177222,0.008029391797320488,6.447113263474691e-05,0.0002429181554565174,-0.006613579506464345,4.373943388735757e-05,0.00017957132713508628,-0.008063348262667998,6.501758520471856e-05,0.00024715428349053603
1727,-3.1422779956636493,7.255978817777287e-05,0.0002613561490258561,0.0001887963608480832,-0.008680473066327271,7.535061265540044e-05,0.0002687675747135021,0.00838412496639509,7.029355145049543e-05,0.00024990770453481304,0.008487355325894806,7.203520042742273e-05,0.00026539316782925315
1728,-3.2212830142003845,1.0,1.0,0.0,0.0,1.0,1.0,0.0,1.0,1.0,0.0,1.0,1.0
1729,0.0002405557784415091,9.399524685504979e-05,0.0005413070000150159,0.0004473117531599661,0.013035004232801135,0.00016991133534915992,0.0005633812776270064,0.008888032793510602,7.89971269383738e-05,0.0005420289081818908,-0.0057512849240633785,3.307727827761564e-05,0.0005185108142361505
1730,0.0018244460909649929,0.0004848193035946376,0.0010420286453815726,0.000557209341786935,-0.012353260233242513,0.00015260303839026435,0.00045166353596937103,0.03454578856206426,0.001193411507374731,0.0015147357901639236,0.010413614407057974,0.0001084433650189176,0.0011596866100114234
1731,0.00011518592561676755,0.00010315052874158385,0.00017068629348289863,6.753576474131477e-05,0.009134073358388917,8.34312961166539e-05,0.0001751147903404915,-0.010698467544918842,0.00011445720780955959,0.00015745460584515314,0.010562342652023054,0.00011156308229853806,0.00017948948426305122
1732,0.00011509379370644446,5.622832663484031e-05,0.0006937355563643166,0.0006375072297294763,-0.010308626897450029,0.0001062677885106389,0.0008120059279062009,0.007900377348061781,6.24159622417686e-05,0.0009008642328333094,-3.505926586015507e-05,1.2291521134244476e-09,0.00036833650835343956
1733,1.6184783285799753e-05,1.8151041832522216e-07,0.00011673051844958889,0.00011654900803126367,-0.00032343245719460825,1.0460855437433025e-07,0.00011411690158957821,-0.0006254137107004555,3.911423097635591e-07,0.00012123504057259815,0.00022086283190617215,4.878039083777708e-08,0.0001148396131865903
1734,4.1274609036801024e-05,2.3254902798974797e-06,0.00011589343485662873,0.00011356794457673125,-0.0026376187065278163,6.957032440246813e-06,0.0001232862543631974,-7.396250581873318e-05,5.470453090516969e-09,0.00011403811738630587,0.00011818606680761856,1.3967946355109007e-08,0.00011035593282038292
1735,-3.2212830142003845,1.0,1.0,0.0,0.0,1.0,1.0,0.0,1.0,1.0,0.0,1.0,1.0
1736,3.1335428435363966e-06,5.476145290931692e-07,8.996411818940064e-05,8.941650366030747e-05,0.001213250770313729,1.471977431499738e-06,8.425244975496238e-05,0.00039245428491642534,1.5402036601663838e-07,2.2195162394877954e-05,-0.00012979133066199123,1.6845789763131336e-08,0.0001634447424183616
1737,0.00017414077014865637,5.310415929345632e-05,0.0002029899735354427,0.00014988581424198638,-0.004316614501643615,1.8633160756009737e-05,0.00021202263484187966,-0.007242848351131144,5.2458852237369236e-05,0.00018841405534930633,-0.009392574987018879,8.822046488698998e-05,0.00020853323041514216
1738,2.6456462728474683e-05,7.086224231030632e-06,0.00018608129144522442,0.00017899506721419378,-0.0013392227606597463,1.7935176025440924e-06,0.0003492238802607073,0.00246711226311067,6.086642919234109e-06,8.276504331439227e-05,-0.003657664852276362,1.3378512171313695e-05,0.0001262549507605737
1739,0.00015233059776964541,1.9921187500826498e-05,0.00016203319366558944,0.00014211200616476294,-0.0005367580413087122,2.881091947237735e-07,0.00012324596919000008,0.006357570067511071,4.041869716342461e-05,0.00015263413636656953,-0.004365404465151995,1.905675614433111e-05,0.0002102194754401987
1740,8.958481337917323e-05,3.6117451623092954e-05,0.00030923009092890624,0.0002731126393058133,-0.004040781504119329,1.6327915163927287e-05,0.0003140511859986983,-0.0061299988366807275,3.757688573791107e-05,0.0001930072792266646,-0.0073788585816099,5.44475539674405e-05,0.00042063180756135576
1741,8.641446056401048e-05,3.4777626084133337e-06,0.00021898373001764485,0.0002155059674092315,0.0021382253723524636,4.572007743286477e-06,0.0002155784911415104,-0.001318600701416481,1.7387078101727127e-06,0.0002379985096793158,-0.0020304118477408226,4.122572271780811e-06,0.00020337418923210837
1742,2.213373244408512e-05,2.8467174479166837e-06,0.00015371259875936646,0.0001508658813114498,0.00019532650804481437,3.815244464799861e-08,0.00011641308591625599,-0.0023504854944176997,5.524782059285194e-06,0.00018951711526637993,0.0017254616309976887,2.977217839816859e-06,0.00015520759509546345
1743,7.910589146253866e-05,4.9970066408611125e-05,0.00016798065583970936,0.00011801058943109824,-0.008716034526027166,7.596925785857689e-05,0.00013593026197022962,0.007165291266849156,5.1341398938697935e-05,0.00019280370370722277,-0.0047538976038846055,2.259954242855855e-05,0.00017520800184167573
1744,-1.611308461953596,6.039744299135563e-07,0.00015723155592291724,0.00015662758149300368,0.000825430754583948,6.813359311186318e-07,0.00015722935963968787,0.0005916609095179729,3.500626304386856e-07,0.000157229894469757,0.0008834731061355617,7.805247281833516e-07,0.00015723541365930682
1745,0.0001260881215108256,2.4829542510373948e-05,0.00031492193606171465,0.0002900923935513407,0.007866425497142145,6.188065010259702e-05,0.0003569093361759368,0.0029292825756938585,8.580696408189148e-06,0.0004843736556342515,-0.002006808665689096,4.027281020335671e-06,0.00010348281637495571
1746,7.659533747483849e-06,1.3367483248834706e-06,0.00011681111953990946,0.00011547437121502599,-0.0007576461134675816,5.740276334265104e-07,7.095467131512656e-05,-0.001741696988777765,3.03350840069605e-06,0.00019824711058491484,-0.0006345935239964297,4.0270894052785167e-07,8.123157671968695e-05
1747,5.130602780745175e-05,1.1955606680065975e-05,0.00011458744407325898,0.00010263183739319301,0.004023386125855358,1.6187635917819243e-05,0.0001251350957381936,-0.00362293062472239,1.3125626311838445e-05,0.0001246781332490121,-0.0025599917598573374,6.553557810540234e-06,9.394910323257122e-05
1748,0.00011773051869201634,8.045036907877723e-06,0.00016143430991921726,0.00015338927301133953,-0.0022977599443854456,5.27970076102946e-06,0.00013427195760651323,0.0031776265382773596,1.0097310416457006e-05,0.00021631472988603573,0.0029594086481429566,8.758099546146703e-06,0.00013371624226510281
1749,0.00018074135666723556,4.729775334333386e-05,0.00048668452175086124,0.0004393867684075274,0.009829216781523285,9.661350253820089e-05,0.00030197950190724576,-0.006039391413683952,3.647424864750004e-05,0.000449614684478572,-0.002967407765120163,8.805508844300647e-06,0.0007084593788667659
1750,8.945421477812854e-05,2.1875932102825384e-05,0.00021403694918079955,0.00019216101707797417,0.005025839206868669,2.5259059733828693e-05,0.0002331100612226189,0.0038751004909382777,1.5016403814849255e-05,0.00019515880064846503,0.0050351100046867395,2.5352332759798202e-05,0.00021384198567131474
1751,0.00022937173048587223,6.391604536615247e-05,0.00010934162086303119,4.5425575496878715e-05,-0.007413082391692821,5.495379054598626e-05,0.00010302611057111388,0.00870723772416162,7.58159887849219e-05,0.00011679468291392325,0.00780886398701337,6.097835676754926e-05,0.00010820406910405644
1752,-3.2212830142003845,1.0,1.0,0.0,0.0,1.0,1.0,0.0,1.0,1.0,0.0,1.0,1.0
1753,7.489172893704321e-05,5.4686893555218795e-05,0.00023622296865877246,0.00018153607510355366,0.0075484517077133734,5.6979123183809044e-05,0.0002879828571388243,-0.00628869514866413,3.9547686673024884e-05,0.00011121627009547108,0.008217899415852456,6.753387080882245e-05,0.00030946977874202197
1754,0.00014877347894814985,3.1561656180086516e-05,0.00036680185739949395,0.00033524020121940745,0.0004961818370233132,2.461964154765184e-07,0.00033314752843549567,0.008499119123877429,7.223502588182829e-05,0.00044304255155147576,0.004712085126888869,2.2203746242954736e-05,0.00032421549221151036
1755,0.00044785193336971396,8.99631113510102e-05,0.0006704484739440039,0.0005804853625929937,0.008139962440600114,6.625898853429568e-05,0.0003961724417147483,-0.00819142534268375,6.709944914462529e-05,0.00025987906817837025,-0.011684643613479309,0.00013653089637410964,0.001355293911938893
1756,0.00025508240957627937,8.46729646789927e-05,0.000267026167858971,0.00018235320317997827,-0.015085439747770346,0.00022757049238375515,0.0004039986866751777,-0.001903515234625691,3.623370248395652e-06,0.000247200177725726,0.0047775549609461255,2.282503140482728e-05,0.00014987963917600933
1757,0.000139084820155011,1.91227284227861e-05,0.00012149343541142017,0.00010237070698863407,0.004182265899804268,1.7491348056730693e-05,0.00011329116006264517,0.004255730220356018,1.811123970829609e-05,0.00012446928824128012,0.004665361454719569,2.1765597503331513e-05,0.00012671985793033524
1758,0.00016681781942617935,5.4733186871436246e-05,0.000238126386376325,0.00018339319950488875,0.0012565224729751494,1.5788487253143302e-06,0.00022743301934913251,-0.006442881379220111,4.1510720466764184e-05,0.0002646893427127317,-0.011004998474440393,0.00012110999142223022,0.00022225679706711077
1759,9.93503339423718e-05,3.284326803998372e-05,0.00028346677668922293,0.0002506235086492392,0.0037565151002981454,1.411140569862468e-05,0.0001428052694696369,-0.007896203009223347,6.235002196264272e-05,0.00039141160045075285,0.0046976990600536795,2.2068376458683758e-05,0.00031618346014727905
1760,-3.2212830142003845,1.0,1.0,0.0,0.0,1.0,1.0,0.0,1.0,1.0,0.0,1.0,1.0
1761,-3.2212830142003845,1.0,1.0,0.0,0.0,1.0,1.0,0.0,1.0,1.0,0.0,1.0,1.0
1762,0.00011416615261605756,2.1032399813251484e-05,0.00012157379735477924,0.00010054139754152776,-0.0029242576035469208,8.551282532409665e-06,8.038205971139245e-05,-0.001997448422520413,3.989800201109617e-06,8.231260314084388e-05,0.007110282463172761,5.0556116706235166e-05,0.0002020267292121014
1763,5.168093354601666e-06,2.5806132795125336e-06,0.00019452274516207346,0.00019194213188256093,0.0017431242445946045,3.0384821325668554e-06,0.00022825226452205527,0.0017786757701266475,3.163687495089107e-06,0.00018775952310756683,0.001240834481614991,1.5396702108816385e-06,0.0001675564478565983
1764,0.00024739883197932855,0.00010578211952568435,0.00027253899953438854,0.0001667568800087042,0.01263115530130849,0.00015954608424539884,0.000532370620094591,0.0005664128168086311,3.208234791163278e-07,5.869235342337298e-05,0.012549081673683066,0.0001574794508525379,0.00022655402508520162
1765,2.4357613563563696e-05,1.8227415542471093e-05,0.00032037174880846414,0.00030214433326599305,0.004766304694571511,2.2717660440818577e-05,0.00040782344050083186,0.0029099013981579726,8.467526147470927e-06,0.0001371574525085295,-0.004847376613997247,2.3497060039123774e-05,0.0004161343534160311
1766,0.0001058330202395874,4.18220122933762e-05,0.00026292872725441896,0.00022110671496104276,-0.009259125829418789,8.573141112577787e-05,0.0004814743392398402,0.0035944328287179114,1.291994736063451e-05,0.00016743324136925253,-0.0051782891377096865,2.6814678393716207e-05,0.00013987860115416417
1767,0.00023715899298137888,4.881526020217297e-05,0.0003036413547394072,0.0002548260945372342,0.010765367622851574,0.00011589314005533424,0.0004178591840550139,-0.0032648374902429322,1.0659163837578589e-05,0.0002291560620524269,0.004460210388951297,1.9893476713606084e-05,0.0002639088181107807
1768,-2.816988496083411,4.7780687262225875e-05,0.00034535496563207574,0.00029757427836984984,-0.005423450414139459,2.9413814395473636e-05,0.0003345401246465096,0.00909464946452479,8.271264888337626e-05,0.00036055294807257887,0.005587092133491868,3.1215598507827735e-05,0.00034097182417713867
1769,3.4647957296018994e-05,4.363489704524899e-06,0.00021100936474323836,0.00020664587503871346,-0.0006034241030838528,3.641206478555148e-07,0.00019059586594183386,-0.002429975293233368,5.904779926568793e-06,0.0001934947186906788,0.0026118132664464423,6.821568539150391e-06,0.0002489375095972024
1770,6.043181092185712e-05,1.0173683105074716e-05,0.0001034309818372936,9.325729873221889e-05,-0.002276684827690791,5.183293804833511e-06,9.573712811106194e-05,-0.0026525292887017646,7.0359116270957145e-06,0.0001289364427203843,0.004278065437010633,1.830184388329492e-05,8.561937468043457e-05
1771,5.20609177393494e-05,2.9535966223015464e-05,0.0001587706119771474,0.00012923464575413193,0.005222427735103798,2.727375144839783e-05,0.00014371105258914607,-0.0037935818225480256,1.4391263044255531e-05,0.00018736535131158583,0.0068514877345669046,4.694288417639303e-05,0.00014523543203071032
1772,0.0001471408930471263,9.747639599163212e-05,0.00023342032665907286,0.00013594393066744076,-0.012028169148402918,0.00014467685306351896,0.00028067370009599024,0.007361923163173122,5.419791266025875e-05,0.00017683272673396644,0.009672353501174971,9.355442225111865e-05,0.0002427545531472619
1773,-3.1224709617712785,4.2632177971587325e-05,0.0001990057614719524,0.00015637358350036507,0.005429553636096767,2.948005268643694e-05,0.00015094962992234784,0.0042155006025879115,1.7770445330467233e-05,0.00026722355539876563,0.008980313797281881,8.064603589785779e-05,0.00017884409909474375
1774,7.557202534203e-05,2.765471224367803e-05,0.00010454348571412957,7.688877347045153e-05,0.007215535796569258,5.206395683154952e-05,6.903756662268723e-05,0.005420337444644084,2.9380058013672716e-05,0.0001369096540458914,-0.0012329322308227576,1.5201218858118537e-06,0.00010768323647381006
1775,3.659162154423523e-05,9.507273192895424e-06,0.0001492422925235918,0.00013973501933069638,0.003461757561953503,1.1983765417555858e-05,0.00014741100453885547,-0.0030255322247911085,9.15384524424745e-06,0.000149002746464455,-0.0027173900930971898,7.384208916882962e-06,0.00015131312656746498
1776,0.00013939952207908668,3.2006020132868684e-05,0.00016620439130247502,0.00013419837116960634,-0.00013675328639705856,1.8701461157455412e-08,2.8382411911498373e-05,0.009460809739637031,8.950692092946078e-05,0.0002538817725680209,0.002548026296608452,6.492438007987822e-06,0.0002163489894279058
1777,0.0001973541561471892,0.00013527079150543742,0.00045252646904629196,0.00031725567754085454,-0.0056024188128144595,3.13870965541474e-05,0.00044945723857447994,0.013913782090157591,0.0001935933320523775,0.00045870973567685436,-0.013447376915588331,0.00018083194590978735,0.0004494124328875415
1778,-3.2212830142003845,1.0,1.0,0.0,0.0,1.0,1.0,0.0,1.0,1.0,0.0,1.0,1.0
1779,-3.2212830142003845,1.0,1.0,0.0,0.0,1.0,1.0,0.0,1.0,1.0,0.0,1.0,1.0
1780,0.00022426714809220538,9.069891217006187e-05,0.0002563717069941814,0.0001656727948241195,-0.01166894860422789,0.00013616436152863454,0.0002382269869547482,0.0013665157453680032,1.8673652824041653e-06,0.0002449916957163456,0.011578644553636148,0.00013406500969914692,0.0002858964383114504
1781,-3.2212830142003845,1.0,1.0,0.0,0.0,1.0,1.0,0.0,1.0,1.0,0.0,1.0,1.0
1782,0.00026182405142083365,0.0001051213451491358,0.0004620653020707873,0.0003569439569216515,-0.0030257901838313434,9.155406236582841e-06,0.0007624714496512475,0.010853036503506806,0.0001177884013463526,0.0003515460467856668,-0.013726624780485005,0.000188420227864472,0.0002721784097754476
1783,2.3084375265991497e-05,4.9176800098008995e-06,0.00022649160962884274,0.00022157392961904185,0.0004774210030110305,2.279308141117653e-07,0.00025675357575682956,0.0036289777393928883,1.3169479433083886e-05,0.0001973626498695813,0.0011643151558089304,1.3556297822070462e-06,0.00022535860326011736
1784,9.991343890924931e-05,3.131479323936759e-05,0.0012417344707092621,0.0012104196774698945,-0.005496795496749646,3.0214760732949486e-05,0.0023623306044746606,0.0010522074175427676,1.1071404493190329e-06,0.0006019876755314346,-0.007913436581908965,6.262247853583425e-05,0.0007608851321216914
1785,5.987194248990857e-05,2.8129623737364422e-05,0.000306932026343798,0.0002788024026064336,-0.0057154656028498285,3.266654705758043e-05,0.0003219213159225687,-0.003148488688565995,9.912981022042189e-06,0.00022441406891848814,-0.0064660144704590935,4.1809343132470644e-05,0.00037446069419033723
1786,-3.2212830142003845,1.0,1.0,0.0,0.0,1.0,1.0,0.0,1.0,1.0,0.0,1.0,1.0
1787,0.0007368127522945356,0.00018225322297564053,0.0006517913643406074,0.00046953814136496685,0.01261987195892758,0.00015926116825992764,0.0003088095885903641,0.018720603160622684,0.0003504609826973093,0.0009474935597583167,0.006085845707017402,3.7037517969684686e-05,0.0006990709446731413
1788,2.0891233981079615e-05,1.108974795764143e-05,0.00025487597849079463,0.0002437862305331532,0.0009511044023970913,9.045995841283627e-07,0.00031880993479149744,0.004160183354516707,1.730712554415259e-05,0.00019530151762170433,-0.0038804018793383113,1.5057518744643339e-05,0.00025051648305918217
1789,1.5680440416887542e-05,1.6219502415593112e-06,0.00019299318635135343,0.00019137123610979412,0.0008505662515448285,7.234629488817035e-07,0.00021464006345417452,-0.0017618166976310769,3.1039980764591135e-06,0.0001604374855093127,-0.001019014081851445,1.0383896993371167e-06,0.00020390201009057307
1790,3.9388242625615355e-05,1.3558262615731564e-05,7.869636249631846e-05,6.51380998805869e-05,-0.003106051057906567,9.647553174008117e-06,3.920906929077983e-05,0.004410067703492779,1.9448697149648808e-05,0.0001465052129069333,-0.0034027250142955262,1.1578537523537769e-05,5.0374805291242275e-05
1791,5.024744781489954e-05,9.330875158160742e-06,0.00015427823035322566,0.0001449473551950649,-0.004254787970979996,1.8103220678078458e-05,0.0002290654980205975,0.00253089049231182,6.405406683840376e-06,0.0001266612480697038,0.0018665471096786996,3.483998112563391e-06,0.0001071079449693757
1792,0.00015064416899746025,5.559451178679028e-05,0.00017565301284690657,0.00012005850106011628,-0.011929285975163125,0.00014230786387714467,0.00027869105597289057,0.002298491484038104,5.283063102323737e-06,0.00010262832787555354,-0.004380936929557353,1.919260838090242e-05,0.00014563965469227558
1793,8.637435785285863e-05,2.5628169258477367e-05,0.00012208476539750843,9.645659613903106e-05,0.008592110496542587,7.382436278535742e-05,0.00015495816851496258,0.0017002092438623195,2.890711473302332e-06,0.00010412489459266094,-0.00041162302700725295,1.6943351677234375e-07,0.00010717123308490173
1794,0.0001541977858701138,6.328992065277965e-05,0.0005128755371099913,0.0004495856164572117,0.006837806580615938,4.675559883360325e-05,0.0007426288044990459,-0.00023950359548778055,5.7361972838343434e-08,0.00022300218030757435,-0.011960635482774958,0.00014305680115189734,0.0005729956265233538
1795,-3.2212830142003845,1.0,1.0,0.0,0.0,1.0,1.0,0.0,1.0,1.0,0.0,1.0,1.0
1796,0.000139760710452852,5.0926455639865864e-05,0.00024028589998070782,0.00018935944434084195,0.008198865998655065,6.722140366377527e-05,0.000182439830219705,0.006395988627624787,4.090867052464198e-05,0.0002666345828338246,0.0066820126257617785,4.4649292731180346e-05,0.0002717832868885939
1797,0.000251690274918448,0.00010072163191580479,0.000464881265589782,0.0003641596336739772,0.007880567684956936,6.210334703715681e-05,0.0006401570015728275,-0.007575128903728152,5.7382577907882926e-05,0.00040132295656303274,0.013515878469499852,0.0001826789708023746,0.00035316383863348566
1798,0.00015229537883632016,6.812749585786519e-05,0.0003611535421537508,0.0002930260462958856,0.004449815004430516,1.980085357367045e-05,0.00019542606004763208,0.012100917035987662,0.00014643219311161193,0.00027763362999932983,-0.006176523365803277,3.814944088831318e-05,0.0006104009364142904
1799,0.00018784064192656214,5.37988386898706e-05,0.0003059386907905785,0.0002521398521007079,0.008482186702728201,7.194749126027133e-05,0.0003293532438402025,-0.004509643612268482,2.0336885509619762e-05,0.00028629366878440976,-0.008313371115219107,6.911213929972071e-05,0.0003021691597471232
1800,0.00011196914288325033,6.561212340065274e-05,0.00024911882415519965,0.0001835067007545469,0.010473429988496232,0.00010969273572503102,0.0002522765868054888,-0.0008407825962728209,7.069153745709045e-07,0.00016188907372605144,-0.009297134994311269,8.643671910235629e-05,0.00033319081193405875
1801,2.2055186448155517e-05,9.757503696805614e-06,0.00019607057398947822,0.0001863130702926726,-0.0018276910543374393,3.3404545901616345e-06,0.00021268609013669337,-0.0036140011952752278,1.3061004639491891e-05,0.0001910968220343312,0.003587624821598944,1.2871051860763316e-05,0.00018442880979741005
1802,-3.1439888347584786,3.027736342864351e-06,0.00015958612893004118,0.00015655839258717683,-0.001740039178586985,3.0277363429753734e-06,0.00015958612893030022,-0.0017400391785869856,3.027736342420262e-06,0.00015958612892963409,-0.001740039178586985,3.027736343197418e-06,0.0001595861289301892
1803,9.864523388691815e-06,3.776692176142108e-06,0.0001886345016447096,0.0001848578094685675,0.0007671269178016792,5.884837078751204e-07,0.00021180984203994502,-0.0031244033772040197,9.761896462734398e-06,0.00012198901420834574,0.0009897961188696262,9.79696357816806e-07,0.00023210464868583802
1804,7.864487555675481e-05,2.0788829362812972e-05,0.00014096070599371272,0.00012017187663089975,-0.0028748842826746336,8.264959638570879e-06,0.00015592163681565907,-0.006878377802500285,4.731208119412855e-05,0.00015166577607728104,-0.0026056567801263615,6.789447255739489e-06,0.00011529470508819806
1805,-3.2212830142003845,1.0,1.0,0.0,0.0,1.0,1.0,0.0,1.0,1.0,0.0,1.0,1.0
1806,-3.2212830142003845,1.0,1.0,0.0,0.0,1.0,1.0,0.0,1.0,1.0,0.0,1.0,1.0
1807,7.684415323228055e-05,6.220918427453832e-05,0.00032865376528927,0.0002664445810147317,0.008245094296504734,6.798157995768772e-05,0.0003739913911245951,0.00672682965676601,4.525023723089827e-05,0.0002243767019105558,-0.008567131120440873,7.339573563502899e-05,0.00038759320283265897
1808,0.00024134659270125258,0.00015596253360361523,0.00032924969351977307,0.00017328715991615784,0.010268311673990614,0.0001054382246343799,0.00032566644660447785,0.013605383011452154,0.00018510644688818356,0.00035699087489482473,0.013317016531041304,0.00017734292928828221,0.0003050917590600166
1809,0.0002888441070294512,0.0001054424697366126,0.00033916804637801334,0.00023372557664140076,0.009959590945337873,9.919345179854044e-05,0.00031934458159732504,0.0022098180660244495,4.883295884661187e-06,0.00017604737834509,0.014568824987852053,0.00021225066152663619,0.000522112179191625
1810,-3.2927040633322164,7.810437125414331e-05,0.00018867067784111846,0.00011056630658697515,-0.009572423181651336,9.163128556854971e-05,0.00019530568308845364,-0.0072990233474121416,5.3275741826008804e-05,0.00017629378285277664,-0.009455479171704084,8.94060863678714e-05,0.0001944125675821251
1811,8.690171691649873e-05,6.997138624753596e-05,0.00011530791829095222,4.5336532043416256e-05,-0.008937559946361891,7.987997779457245e-05,0.00013330058102090092,-0.008158319680476544,6.655818000844693e-05,9.531283301633664e-05,-0.007967182747978589,6.34760009395885e-05,0.00011731034083561909
1812,2.3517592791733044e-05,7.918529986531789e-06,0.00016143021459239884,0.00015351168460586706,0.0011227984040335641,1.2606762562761276e-06,0.0001914918563310497,0.0020144820998340487,4.058138130647038e-06,0.00022601873706618036,-0.004293806652934972,1.8436775572672204e-05,6.678005037996648e-05
1813,-3.069670061810874,1.889060137523953e-05,0.00018274289364909416,0.00016385229227385462,0.0051349749189037175,2.63679674186168e-05,0.00020371933107499185,0.0014823991954741058,2.197507374623875e-06,0.0001389116043026828,0.005301540279160238,2.810632933247792e-05,0.00020559774556960786
1814,0.00011564877068170887,2.5542362788103883e-05,8.513850612830905e-05,5.959614334020516e-05,-0.005246124216788209,2.7521819297327e-05,7.483140105357666e-05,-0.0016176255831553401,2.6167125272147373e-06,5.0114364947173584e-05,0.006818251721650588,4.648855653976991e-05,0.0001304697523841769
1815,-3.2212830142003845,1.0,1.0,0.0,0.0,1.0,1.0,0.0,1.0,1.0,0.0,1.0,1.0
1816,-0.733318138611351,3.44470961550399e-05,0.00011425136447825353,7.980426832321363e-05,-0.003973937329631204,1.5792177899709436e-05,0.00013405393626775286,-0.006534232661918183,4.269619648011869e-05,0.00010162578973438308,0.006697231822538031,4.485291408529157e-05,0.00010707436743262466
1817,6.901668119252413e-05,4.173033069632126e-05,0.0003008995907476386,0.00025916926005131735,-0.0055044791088528855,3.029929025966105e-05,0.00031279419177876466,0.006675860413379144,4.4567112258753205e-05,0.0003164039653794637,-0.00709398263112191,5.032458957054953e-05,0.0002735006150846875
1818,0.00033291609321273175,0.00018537502223777333,0.0003653843606655771,0.00018000933842780378,-0.016592522190667133,0.00027531179264783656,0.0004010225472543816,-0.010718457248613743,0.00011488532579040367,0.0004496590931686306,0.012881302274043094,0.00016592794827507973,0.00024547144157371914
1819,2.1749743419618994e-05,7.341952934688163e-06,0.0001339945604028244,0.00012665260746813622,0.0021362177050350713,4.56342608312621e-06,0.00010531054540918738,-0.0003397698075314919,1.1544352196413143e-07,7.544976446416385e-05,-0.004164971692423979,1.734698919897415e-05,0.00022122337133512193
1820,0.0004778166182355381,0.00012785216327737547,0.00032484561724588357,0.0001969934539685081,-0.017540563411937667,0.0003076713648080265,0.000568107009023544,-0.0008138276976411642,6.623155215379484e-07,0.00017658290985700376,-0.008673108410638149,7.5222809502562e-05,0.0002298469328571029
1821,0.00015899449838807644,2.220818887295935e-05,0.00019734726494354446,0.0001751390760705851,-0.006874501602552215,4.725877228317632e-05,0.00021420290655782548,0.004386926723903826,1.924512608109108e-05,0.00023593502664487342,0.000347373363953004,1.2066825461065633e-07,0.00014190386162793445
1822,-3.2212830142003845,1.0,1.0,0.0,0.0,1.0,1.0,0.0,1.0,1.0,0.0,1.0,1.0
1823,3.940952061021186e-05,7.977424153371437e-06,0.00014669544565289647,0.00013871802149952503,0.004642993987268866,2.155739316578309e-05,0.0001426176766429199,-0.0014743465380013523,2.173697714491496e-06,9.455283676451653e-05,0.00044853269723738997,2.011815798397265e-07,0.00020291582355125293
1824,0.0002478354578112629,8.188235050199388e-05,0.00021048107663431312,0.00012859872613231924,0.003045905694467714,9.277541500041231e-06,0.00027453754498329985,-0.014835560534556015,0.0002200938563743371,0.0003161630848449448,-0.004034309560705131,1.6275653631603326e-05,4.074260007469466e-05
1825,-3.015395297926765,5.948908312614076e-05,0.00017181853895513002,0.00011232945582898926,-0.007712916641974898,5.9489083125696673e-05,0.00017181853895509303,0.007712916641974895,5.948908312713996e-05,0.00017181853895587018,0.007712916641974903,5.948908312558565e-05,0.0001718185389544269
1826,4.2075178383726985e-05,9.838703207809552e-06,7.137894393275761e-05,6.154024072494806e-05,0.0030698583721367784,9.424030425031482e-06,3.785626589181135e-05,-3.3863441803819906e-07,1.149080830487037e-13,0.00013482535676412333,0.004482418887604263,2.009207908348909e-05,4.1455209142338134e-05
1827,0.09871686873090169,0.06293637795115903,0.07403615401972719,0.011099776068568157,0.3053866660808333,0.09326101581996638,0.10513726678480562,0.2977476915326247,0.08865368781300709,0.09939436240526478,0.08303270572794552,0.006894430220503622,0.01757683286911116
1828,6.890780275203845e-05,2.863155183589298e-05,0.00010567600979471958,7.70444579588266e-05,-0.005050962592470118,2.5512223110313315e-05,0.00010316642654917274,0.0051655907536632085,2.6683327834287063e-05,0.00010196877354695655,-0.005805092984807222,3.3699104563078564e-05,0.00011189282928802946
1829,0.0001183891063932796,7.876527022387947e-05,0.00015902290460323432,8.025763437935485e-05,0.0042128258699555485,1.7747901809750388e-05,0.00015313705354647045,0.010569753416813793,0.00011171968729206672,0.0001661937617823961,-0.010335773873738872,0.0001068282215698213,0.00015773789848083641
1830,-3.2212830142003845,1.0,1.0,0.0,0.0,1.0,1.0,0.0,1.0,1.0,0.0,1.0,1.0
1831,3.505575692253071e-05,9.280338497341667e-06,0.00020930239763413314,0.00020002205913679147,-3.0478254205221436e-05,9.289250479938005e-10,0.00024019281585530017,0.005156763423255295,2.6592209002029854e-05,0.00018587207537601458,0.0011170844041252317,1.247877564947153e-06,0.00020184230167108463
1832,9.810622864170337e-05,6.683863647168516e-05,0.0003048712122006858,0.00023803257572900066,-0.009605213887232003,9.226013382013232e-05,0.0003088352155442564,0.006663650355658193,4.4404236062778324e-05,0.00015663718862668485,-0.007990715833520136,6.385153953214484e-05,0.00044914123243111614
1833,0.00014171341165269968,4.4568484238949324e-05,0.00027922135463768577,0.00023465287039873645,0.0024701676105901996,6.101728024177078e-06,0.00011188813295226474,-0.0024362957425604352,5.935536944723374e-06,0.00013039674141146484,-0.011030330355358756,0.00012166818774794752,0.0005953791895493277
1834,0.00012760836899061712,4.252190560779153e-05,0.0001847807056241472,0.00014225880001635566,0.011127857601001597,0.00012382921478804043,0.0002364305132478428,0.0011078617935796854,1.227357753541547e-06,0.00014119138943158305,-0.0015840278663694102,2.509144281792608e-06,0.00017672021419301576
1835,0.00011302393768586327,5.0464599658036256e-05,0.00020081480150298722,0.00015035020184495096,0.0046745286280160045,2.18512178939978e-05,0.0001680041225303741,-0.008622409598260631,7.434594727995236e-05,0.00022499111585472242,0.007429443707349348,5.51966338001586e-05,0.0002094491661238651
1836,0.00014633917585593625,3.6189482128764126e-05,0.00018275246757544958,0.00014656298544668545,0.004612758817088306,2.127754390557346e-05,9.3662985077958e-05,-0.006419502808766084,4.12100163108553e-05,0.00018196128561054348,-0.006788290371631823,4.608088616986361e-05,0.0002726331320378472
1837,-3.2212830142003845,1.0,1.0,0.0,0.0,1.0,1.0,0.0,1.0,1.0,0.0,1.0,1.0
1838,5.174027622190103e-05,1.5048878875563906e-05,0.0002151344947782056,0.00020008561590264168,-0.0010608489073839812,1.1254004039784604e-06,0.00014428960063117557,0.004600338327542666,2.1163112728039835e-05,0.00019166630406253216,0.004781016993735895,2.285812349467342e-05,0.0003094475796409091
1839,-2.9937108929629015,1.2693818011833002e-05,0.00016508887910045752,0.00015239506108862452,0.00356283847685017,1.2693818011944025e-05,0.00016508887910071657,0.003562838476850169,1.2693818012277092e-05,0.0001650888791008276,-0.0035628384768501705,1.2693818011277891e-05,0.0001650888790998284
1840,4.068871457740819e-05,2.5115476808316533e-05,0.00016252034565245044,0.00013740486884413391,0.004614494144691262,2.1293556211499087e-05,0.00012795191356251845,-0.005280689651486495,2.788568319556095e-05,0.0002244485955822384,0.005115387670389398,2.6167191017889557e-05,0.00013516052781259447
1841,0.0014774530177559253,0.0006177193525830349,0.0017379132026626258,0.001120193850079591,0.03231873057375077,0.0010445003458984248,0.0017087271095905798,0.028015021440507992,0.0007848414263124104,0.0017269667929984411,-0.004880193186569409,2.3816285538269533e-05,0.0017780457053988563
1842,0.003267641556827794,0.0011329044553560763,0.004100041110233987,0.002967136654877911,-0.03651942245847154,0.0013336682167003344,0.007069053288067506,0.038587545504018134,0.0014889986680243217,0.0029098944214609457,-0.02400096834179028,0.0005760464813435728,0.00232117562117351
1843,7.570129614553611e-05,5.10601450703548e-05,0.00019888040119775408,0.00014782025612739927,0.00564353930953067,3.1849535938599516e-05,0.0001803999237521836,-0.008584486634354942,7.369341077578806e-05,0.00014147562642674583,-0.006901991632620378,4.7637488496676816e-05,0.0002747656534143328
1844,2.8922490649563315e-05,9.873550206651593e-06,0.00015710997992327927,0.00014723642971662768,-0.002051444092369928,4.208422864415695e-06,0.00020793861152057502,0.0022163535821667964,4.9122232009812805e-06,0.00010944495143050403,0.004527693072021785,2.0500004554557805e-05,0.00015394637681875878
1845,7.383859776433077e-05,1.558098576115441e-05,0.00017921255800105543,0.00016363157223990102,0.00225987072612058,5.107015698779804e-06,0.0001919900406593955,0.0024064923387871282,5.791205377025932e-06,0.0001457220485050481,0.00598704736974836,3.584473620765749e-05,0.0001999255848387227
1846,-3.2212830142003845,1.0,1.0,0.0,0.0,1.0,1.0,0.0,1.0,1.0,0.0,1.0,1.0
1847,0.0005554131039717802,2.385841071643006e-05,0.0005956291736828693,0.0005717707629664392,-0.002136229942725945,4.563478368080354e-06,0.0005506576522170681,0.006427460712530168,4.131225121117854e-05,0.0007688842311683874,0.005069467681151278,2.5699502570031285e-05,0.0004673456376631524
1848,7.710114873094032e-05,2.3360635543386483e-05,0.000695316407541687,0.0006719557719983005,-0.003073936028634867,9.449082708168355e-06,0.00035420463488811116,-0.0036101738797788187,1.3033355442226835e-05,0.0014324158938912035,0.0068992368041553235,4.759946847976426e-05,0.00029932869384574623
1849,0.0017102108728521692,0.0005258214875402123,0.0008776343487451784,0.00035181286120496613,0.005770397488443103,3.329748717473269e-05,0.000283194940844389,-0.03929525407336617,0.0015441169926903031,0.0021019743768910804,0.00022356823456588524,4.998275560108567e-08,0.0002477337285000658
1850,-3.1879945103741525,3.469348232369255e-05,0.0001660678358330614,0.00013137435350936885,0.005890117343711714,3.469348232298941e-05,0.00016606783583195117,-0.005890117343711712,3.469348232354452e-05,0.00016606783583350548,0.005890117343711709,3.469348232454372e-05,0.00016606783583372753
1851,-3.0669015925402343,2.27852769862924e-06,0.00016091303693684575,0.0001586345092382165,-0.0015094792805245003,2.278527698518218e-06,0.00016091303693654968,-0.0015094792805245003,2.2785276982961733e-06,0.00016091303693677173,0.0015094792805244994,2.2785276990733294e-06,0.00016091303693721581
1852,-3.2212830142003845,1.0,1.0,0.0,0.0,1.0,1.0,0.0,1.0,1.0,0.0,1.0,1.0
1853,8.207867166087901e-05,6.110007621273894e-05,0.00016464590575593352,0.00010354582954319458,0.0076839184752614765,5.904260313438492e-05,0.00017042609981376966,0.008043106215449477,6.469155759303291e-05,0.0001252339035457961,-0.007717905668721779,5.956606791079899e-05,0.0001982777139082348
1854,-3.2212830142003845,1.0,1.0,0.0,0.0,1.0,1.0,0.0,1.0,1.0,0.0,1.0,1.0
1855,0.00025458311544024337,6.121906408906863e-05,0.00019014745675897485,0.00012892839266990622,-0.0018798098486869244,3.533685067447223e-06,9.350045792055894e-05,-0.01300077801022654,0.00016902022887099744,0.00034404283463462804,0.0033321582088174607,1.1103278328761235e-05,0.0001328990777217376
1856,4.707915062351908e-06,1.1102932507833785e-06,0.00010710997957434169,0.00010599968632355831,0.00010659177526068072,1.1361806051546353e-08,0.00018186658121810417,0.001178840750150703,1.3896655138845304e-06,0.00010483309946818231,0.0013891912870210858,1.9298524324140587e-06,3.463025803673858e-05
1857,2.961982680171893e-05,9.283078555003913e-06,0.0001629019580022817,0.00015361887944727778,0.003143805761805776,9.883514668018734e-06,0.00020181154489595787,-0.001581790010466818,2.5020596372549164e-06,0.00013156079621579053,0.003932386217038417,1.546366135973809e-05,0.00015533353289509666
1858,0.0014548300897656574,0.0005303855943687985,0.0010124380009069271,0.00048205240653812864,-0.02905987163885951,0.0008444761396670941,0.0009847222242069797,0.011508710434886391,0.0001324504158741746,0.0010375490590757153,0.024783668565507653,0.0006142302275651268,0.0010150427194380862
1859,-3.2212830142003845,1.0,1.0,0.0,0.0,1.0,1.0,0.0,1.0,1.0,0.0,1.0,1.0
1860,4.7426567233110895e-05,2.3606849621771175e-05,0.0001517969865036939,0.0001281901368819227,-0.0021139789631173032,4.468907056853766e-06,0.00014876529034835162,0.006719596388861923,4.515297562901477e-05,0.00015291994105970375,-0.0046042009272912535,2.119866617944499e-05,0.0001537057281030263
1861,0.00019895804406566686,5.767461801442497e-05,0.0004484399466548143,0.0003907653286403893,0.006453944057560227,4.165339389805567e-05,0.0006122817595822783,0.0012602470768967372,1.5882226946928313e-06,0.00043987620330832033,-0.011392200729024861,0.00012978223745052642,0.0002931618770738442
1862,0.0002067023973096882,7.014937167019546e-05,0.00021319979045120174,0.00014305041878100627,-0.00509444104406842,2.5953329551464677e-05,0.00018650140154774508,0.012988017055245603,0.00016868858702723255,0.0003590467885914439,-0.003975700998835062,1.580619843188913e-05,9.405118121441625e-05
1863,1.8905545195124773e-05,7.783406539840776e-06,0.0002608951273228947,0.00025311172078305394,-0.003774276577076511,1.4245163679982298e-05,0.0001249421977165266,0.0016679466911434138,2.7820461647731776e-06,0.0002758423113631281,0.0025145595588140267,6.323009774766852e-06,0.0003819008728890294
1864,3.1247622433228095e-05,1.000218199794419e-05,0.00015092680904016387,0.00014092462704221967,-0.0001900910955680446,3.6134624292749606e-08,0.00021204722099732454,0.005474472212252449,2.9969846002786404e-05,9.759770355455277e-05,2.3777436332527035e-05,5.653667534133433e-10,0.0001431355025686143
1865,-2.464129829579074,1.2599479139119296e-05,0.00018113252588680684,0.00016853304674768754,-0.003567892733036932,1.2729858555271534e-05,0.0001811395337002475,-0.0035559375729864767,1.2644692022445447e-05,0.00018113890551230138,-0.003524753443732044,1.2423886839640907e-05,0.00018111913844787164
1866,6.618191567253628e-05,1.3493608730448988e-05,0.00011147004012527588,9.79764313948269e-05,0.0009748887649745805,9.504081043276713e-07,8.342138817718503e-05,-0.00600440442245944,3.605287246799538e-05,0.00016641962972885338,-0.0018648178513678846,3.477545619023914e-06,8.456910246978921e-05
1867,0.00012202097757907371,4.740276833466635e-06,0.00020514523733635345,0.0002004049605028868,0.0023005915909219,5.292721667937705e-06,0.00012503131465024797,-0.0011216995993654653,1.2582099908620137e-06,0.00024999850169193927,0.0027694582216201413,7.669898841600187e-06,0.0002404058956668731
1868,-3.161903898826,1.2722047315616436e-07,0.0001593874399611709,0.00015926021948801475,0.0003566797902120749,1.2722047371127587e-07,0.000159387439961578,0.0003566797902120749,1.2722047360025357e-07,0.00015938743996180005,-0.0003566797902120751,1.2722047215696364e-07,0.00015938743996013471
1869,4.530173741268406e-05,1.7704071364255114e-05,0.0002901334034049648,0.0002724293320407097,0.003890354237423036,1.5134856092613447e-05,0.00030848773352809555,-0.005832398205548917,3.4016868828312674e-05,0.0003511380670928599,0.001990097779454564,3.960489171839221e-06,0.000210774409593939
1870,-3.0785285741706385,3.178566337491695e-05,0.0001690067053595016,0.00013722104198458465,0.005637877559412534,3.178566337525002e-05,0.00016900670536013074,0.005637877559412535,3.1785663375138995e-05,0.0001690067053599087,0.005637877559412539,3.178566337436184e-05,0.0001690067053584654
1871,0.0006746168352289583,0.00022315501835656892,0.0005334989026069362,0.0003103438842503673,-0.002764135333407437,7.640444141365776e-06,0.0005068547947860713,0.00998889739221467,9.977807111216652e-05,0.00021572254298340976,-0.023707520743770343,0.0005620465398161745,0.0008779193700513277
1872,8.470663753201713e-05,3.3867898603749204e-05,0.0001986044963227703,0.0001647365977190211,0.0032346892400173144,1.04632144793948e-05,8.458310173808936e-05,-0.007789537983049712,6.067690198918729e-05,0.00037894802851745624,0.005519382152219093,3.0463579342665525e-05,0.00013228235871276528
1873,0.0007435198418430655,0.00028817555313794446,0.00047579685740058625,0.00018762130426264179,-0.0023877217473662845,5.701215142872584e-06,0.00020707033636768735,0.02515842869517085,0.0006329465344099283,0.0007238724443114908,0.015029268440646318,0.00022587890986103254,0.0004964477915225807
1874,1.708209122808224e-05,5.2781749735701195e-06,0.0003206387296037135,0.00031536055463014334,0.0002678772341032994,7.175821226113044e-08,0.0005122517495500523,-0.003969527348189124,1.575714736834488e-05,0.00013008877669329344,7.496225739712125e-05,5.619340104345838e-09,0.0003195756625677948
1875,-3.2212830142003845,1.0,1.0,0.0,0.0,1.0,1.0,0.0,1.0,1.0,0.0,1.0,1.0
1876,-3.2212830142003845,1.0,1.0,0.0,0.0,1.0,1.0,0.0,1.0,1.0,0.0,1.0,1.0
1877,0.00010613729611741451,2.6208500889154013e-05,0.00011132655940434184,8.511805851518783e-05,0.0017393924951424097,3.0254862527501203e-06,5.417162121934549e-05,0.0005329167436939554,2.840002552018106e-07,0.00019261732176412139,-0.008678480060457803,7.531601615951011e-05,8.719073522955867e-05
1878,-3.2212830142003845,1.0,1.0,0.0,0.0,1.0,1.0,0.0,1.0,1.0,0.0,1.0,1.0
1879,7.346064413216169e-06,2.511796924971795e-06,0.00016937551737291243,0.00016686372044794062,0.0009590766813828372,9.198280814803894e-07,0.00013635365874609118,-0.0004930255008499111,2.4307414481228307e-07,0.00020436429629333563,-0.002524378844034567,6.372488548622712e-06,0.00016740859707931044
1880,0.00015605884013158988,2.9845080518213034e-05,0.000165808071775575,0.00013596299125736197,0.004204592766579391,1.7678600332748928e-05,0.00015454525197244884,0.0016162693878135708,2.6123267339306366e-06,0.00013244498616660216,0.008321316872222187,6.924431448795954e-05,0.00021043397718767398
1881,0.00013132831736173411,0.000109884958113593,0.0002006456954231813,9.076073730958831e-05,-0.010810787041381862,0.00011687311645403042,0.00021684549647971174,-0.010745218791235425,0.00011545972687210249,0.00020666425032322966,0.009865192903069645,9.732203101464609e-05,0.0001784273394666025
1882,-3.2212830142003845,1.0,1.0,0.0,0.0,1.0,1.0,0.0,1.0,1.0,0.0,1.0,1.0
1883,0.00031827520015681454,8.524738973673489e-05,0.0002950972138977548,0.00020984982416101988,0.007679615638525058,5.897649635544511e-05,0.00018328369541587008,0.013516757935597638,0.00018270274508958018,0.0004705109975788879,0.0037500570349101392,1.4062927765179367e-05,0.00023149694869850634
1884,0.0006004829733076145,0.000134517415497859,0.00037981056975396516,0.00024529315425610615,0.006466335861074553,4.181349946830171e-05,0.00042867555681136427,-0.013085983393101495,0.00017124296136417083,0.00046254081851138107,0.013802021071604949,0.00019049578566110448,0.0002482153339391502
1885,-3.2212830142003845,1.0,1.0,0.0,0.0,1.0,1.0,0.0,1.0,1.0,0.0,1.0,1.0
1886,0.000274676199595314,0.00023433699073242367,0.0006663277058227557,0.00043199071509033204,-0.015274520287321602,0.00023331097000800494,0.0006566069155634624,-0.014934825939484371,0.00022304902584224795,0.0006559155399584737,-0.015705125798492505,0.00024665097634701816,0.0006864606619463309
1887,0.00046031240248844973,0.00018271304780359543,0.00033524361686665394,0.0001525305690630585,0.020865643156179,0.0004353750643211196,0.0005772061666627915,0.0019322266732024456,3.7334999166693805e-06,0.00015722102592374831,0.010441770882987369,0.0001090305791729973,0.00027130365801342204
1888,-3.2212830142003845,1.0,1.0,0.0,0.0,1.0,1.0,0.0,1.0,1.0,0.0,1.0,1.0
1889,0.0016057898676450355,0.0005037759157285882,0.0009528437110709609,0.00044906779534237273,0.02672579748296243,0.0007142682511002141,0.0015252399024613394,0.023724962026437046,0.000562873823155785,0.000805735803599994,-0.015303126246927248,0.00023418567292976533,0.0005275554271515492
1890,-2.8794837497763943,3.043705946093045e-05,0.0001640197647276113,0.00013358270526668084,0.006575520084669106,4.323746438472664e-05,0.00012784046070779542,-0.006863546367831244,4.710826874243512e-05,0.0001656716131439584,-0.000982570737961214,9.654452556295823e-07,0.00019854722033108008
1891,1.245639904901008e-05,2.7973950325425414e-06,0.00018426605631960413,0.0001814686612870616,0.0011419264984537268,1.3039961280769674e-06,0.0002693141321206127,0.0026473829225270775,7.008636338179386e-06,5.6288560924100395e-05,0.0002820507611411372,7.955263137127133e-08,0.00022719547591409928
1892,0.00012043835597363994,3.865453853287478e-05,0.0001555923869601313,0.00011693784842725652,0.006627534785307222,4.392421733057095e-05,0.00014856856955725029,0.006438771136808899,4.1457773752529015e-05,0.00017455052709625107,-0.005530065507369418,3.0581624515524375e-05,0.00014365806422689253
1893,0.000304994911465406,0.0002164163634530055,0.0005312551106363047,0.0003148387471832992,0.016932707198406484,0.00028671657306755804,0.000567797997373165,0.0166268000681666,0.0002764504805068402,0.000536038452819132,-0.009278040568188907,8.608203678461823e-05,0.000489928881716617
1894,0.00012738785755328497,4.3849072506022914e-05,0.00028259540335987915,0.00023874633085385624,-0.003498135364226458,1.2236951027144727e-05,0.00030063467787233566,0.0015600585927506194,2.433782812283347e-06,0.00018074835156767222,-0.010810942774756407,0.00011687648367864067,0.0003664031806396295
1895,5.8696011787540137e-05,1.0726003003891371e-05,0.0003966370533625696,0.00038591105035867823,-0.0007985842365703001,6.377367829379921e-07,0.00026563529302647826,0.00494772472833894,2.4479979987113154e-05,0.0007778616101090652,0.002657121043844701,7.0602922416229674e-06,0.00014641425695216537
1896,-3.2212830142003845,1.0,1.0,0.0,0.0,1.0,1.0,0.0,1.0,1.0,0.0,1.0,1.0
1897,-3.2212830142003845,1.0,1.0,0.0,0.0,1.0,1.0,0.0,1.0,1.0,0.0,1.0,1.0
1898,4.564814805840811e-05,1.458434789214369e-05,0.0002386463507891475,0.00022406200289700381,-0.000839886195607955,7.05408821688458e-07,0.0003133097771038651,-0.003943918853006354,1.555449591927882e-05,0.00013612768400672604,-0.005243390023199846,2.749313893546379e-05,0.00026650159125685136
1899,7.279113232316892e-05,2.3500485822299428e-05,0.0002867602024753853,0.0002632597166530859,0.0040825291180935416,1.666704400005159e-05,0.00027163651721640036,0.005507205126391364,3.03293083037115e-05,0.0003015498690545071,0.004848206386185923,2.3505105163135198e-05,0.0002870942211552485
1900,-2.441435429393892,3.002159201718572e-06,0.00016587449576736338,0.00016287233656564482,0.001849323785752232,3.4199984645377768e-06,0.00016592550691096886,0.0012781511178121166,1.633670279499455e-06,0.00016576532953282985,0.001988167211433223,3.952808861118484e-06,0.00016593265085829145
1901,-3.2212830142003845,1.0,1.0,0.0,0.0,1.0,1.0,0.0,1.0,1.0,0.0,1.0,1.0
1902,6.278944197635195e-05,1.8284933379334827e-05,0.00019505504523231743,0.0001767701118529826,-0.00220002726364714,4.84011996049194e-06,0.00022148773566588176,0.0070424826162474,4.959656140013369e-05,0.00014342962744640086,-0.0006466210463241633,4.1811877737885084e-07,0.00022024777258466965
1903,0.00012174940983433746,2.490425369853592e-05,0.0002676018007982857,0.0002426975470997498,0.003791371845477553,1.437450047026001e-05,0.00013508957964625257,-0.007570583909888428,5.731374073603135e-05,0.000444721961014527,0.0017391146855693343,3.0245198893164016e-06,0.00022299386173407765
1904,4.0693351418874535e-05,1.10287219116841e-05,0.00010271501027884582,9.168628836716172e-05,-0.0032749305433186146,1.0725170063397016e-05,0.00018778020629361958,-0.004680589505351213,2.190791811773618e-05,9.543310331228128e-05,-0.000673110357921407,4.530775539191012e-07,2.4931721230636583e-05
1905,0.0003162461827329599,4.0609478678936085e-05,0.0001944779774533112,0.0001538684987743751,-0.009590982585991066,9.198694696455068e-05,0.0003463165487791464,-0.004700443567103714,2.2094169727759905e-05,0.00010663782260611487,0.0027834006798598005,7.747319344497683e-06,0.00013047956097467228
1906,2.6616942609969385e-05,8.756646489249675e-06,0.0003000092080898871,0.00029125256160063745,-0.0021339016296055536,4.553536164797478e-06,0.00010762079311310568,-0.004499805419064591,2.024824880930698e-05,0.00034581349646933823,-0.0012116742521764694,1.468154493644569e-06,0.0004465933346872175
1907,0.0002554942420898154,0.00010162037868969669,0.00016313952800987389,6.15191493201772e-05,-0.008555067289150921,7.318917632204158e-05,0.00011211679991307566,-0.0020156773924131463,4.062955350492281e-06,6.249633668897747e-05,-0.015086716156821145,0.00022760900439655618,0.00031480544742756855
1908,-3.2212830142003845,1.0,1.0,0.0,0.0,1.0,1.0,0.0,1.0,1.0,0.0,1.0,1.0
1909,2.1310604484625628e-05,4.392965531193245e-06,0.000376823430263018,0.0003724304647318248,-0.002212987745422649,4.89731476149835e-06,0.0005006848585631385,-0.0013610866067788024,1.8525567517801989e-06,0.00036245646009702703,-0.0025355522239971606,6.429025080301187e-06,0.0002673289721288885
1910,0.0018447006567623436,0.00036863036910694813,0.0010056085200884635,0.0006369781509815153,-0.019810098158646313,0.00039243998905502675,0.0011366985143471675,0.017163282094918016,0.00029457825226975043,0.0008115321542101483,-0.020466383803590813,0.0004188728659960672,0.0010685948917080745
1911,0.00013079248820313527,4.420706614882697e-05,0.00023273025530627192,0.00018852318915744495,0.0016987380222869808,2.8857108683721933e-06,0.0001514752580240586,0.0012447771431477,1.5494701361973284e-06,9.362871681439788e-05,0.011321926401534727,0.00012818601744191138,0.0004530867910803593
1912,3.8925738590323e-05,1.8268711155992417e-05,0.0003055646397437384,0.00028729592858774594,-0.0028157754370273383,7.928591311934241e-06,0.00027654558190248757,0.003487227261037701,1.2160753970147375e-05,0.0002894536455853025,-0.005892095398561657,3.471678818589563e-05,0.00035069469174342505
1913,0.0002392720139420268,0.00010825322382083484,0.0002004474938139822,9.219426999314735e-05,-0.01347358640483684,0.00018153753060856648,0.00026642415698463484,-0.010363478783951966,0.00010740169250500475,0.0001556780125046009,0.005985018659060795,3.5820448348933276e-05,0.00017924031195271084
1914,4.368277826038991e-05,1.6201438800618934e-05,0.0001815070571205372,0.00016530561831991825,-0.004512764026385807,2.0365039158365406e-05,0.0001416784430220419,0.005285779522159615,2.7939465157111876e-05,0.00021367404488759068,0.0005475509894491291,2.9981208637952506e-07,0.00018916868345197901
1915,0.00011413358938039408,3.601084338833438e-05,0.0004064514879356477,0.00037044064454731335,0.007673513777659929,5.888281369603732e-05,0.000497679635907633,-0.002744804115672115,7.53394963304288e-06,0.0003968334528574591,-0.006451028354908495,4.161576683592294e-05,0.00032484137504185107
1916,4.2211015359394644e-05,1.4104875402802067e-05,0.0001944011390369408,0.00018029626363413875,0.0049630615711321316,2.4631980159117717e-05,0.0002573583296251458,0.0038227933491954626,1.4613748990699449e-05,0.00010096438964424248,0.0017518267775994106,3.0688970585890374e-06,0.00022488069784143416
1917,7.555014446791741e-05,1.9056251349828617e-05,0.00017002628681979845,0.00015097003546996984,-0.004174389275982353,1.7425525827619026e-05,0.00021048506292609126,0.004842557336706823,2.3450361558929878e-05,0.0001344399151289588,0.0040364423274273,1.6292866662936945e-05,0.00016515388240434525
1918,0.00015083369111079659,4.229915060353454e-05,0.00020093854436079953,0.000158639393757265,0.005521817528281001,3.0490468815536076e-05,0.00029912019554578784,0.00479278771603185,2.2970814090972347e-05,0.00016024429894445635,-0.00856949058602245,7.343616890409521e-05,0.00014345113859215441
1919,0.0004313928307603243,0.000123052019171029,0.00031799691606781977,0.00019494489689679076,-0.015526451123386267,0.00024107068448686597,0.0005483873336081801,-0.009971559998269465,9.94320087991385e-05,0.00021322970440151856,0.005352883730004188,2.8653364227082534e-05,0.0001923737101937606
1920,0.00010627484385872243,3.2626136155807416e-05,0.0002760326719311405,0.00024340653577533308,0.004106432190538176,1.6862785335192143e-05,0.00036589596956304593,-0.004821677692962787,2.3248575775070002e-05,0.00023989887714170877,0.00760046362778452,5.7767047357160095e-05,0.00022230316908866676
1921,-3.069402527660424,1.0990576095881721e-06,0.0001617208181180866,0.00016062176050849844,-0.001048359484399529,1.0990576100322613e-06,0.00016172081811838268,0.0010483594843995298,1.0990576090330606e-06,0.00016172081811727246,-0.0010483594843995292,1.0990576096991944e-06,0.00016172081811860473
1922,8.914253550873497e-05,5.819855376258213e-05,0.0002418005143701718,0.00018360196060758968,-0.007730912861221554,5.976701366794401e-05,0.0002475198785804045,0.007455009746391128,5.557717031745568e-05,0.00024842110029477116,0.007697498119665461,5.92514773023467e-05,0.00022946056423533978
1923,0.00011021988788761927,3.8715480361347275e-05,0.00014890475912114157,0.00011018927875979429,0.00042843661230294747,1.8355793163227219e-07,0.00010215773189192756,-0.009375982955806472,8.790905638744739e-05,0.00021479177049044118,0.005296586331325042,2.8053826764962153e-05,0.00012976477498105599
1924,0.0004283717785440455,0.00018508934626685716,0.00041920414810925344,0.00023411480184239627,-0.017090040575552617,0.0002920694868741025,0.0004976844850858031,0.005558511356708429,3.089704850267605e-05,0.0002923638995399047,0.015241440332979294,0.00023230150342379297,0.0004675640597020525
1925,5.783734602482493e-05,4.362997007463972e-05,0.0002256072584307193,0.00018197728835607957,0.007360239190033952,5.417312093503046e-05,0.00027037209543312457,-0.007600455038046129,5.7766916786050615e-05,0.00025478716300997295,0.004353145127704411,1.8949872502838083e-05,0.0001516625168490604
1926,4.336922073933103e-05,1.2516780531342716e-05,0.0004679359894772898,0.0004554192089459471,0.00320680610584052,1.0283605400451812e-05,0.0006281540003203467,-0.0034981326081881927,1.2236931744680213e-05,0.0003148197968628752,0.0038768291745638265,1.5029804448896122e-05,0.00046083417124864745
1927,-3.2212830142003845,1.0,1.0,0.0,0.0,1.0,1.0,0.0,1.0,1.0,0.0,1.0,1.0
1928,-3.2212830142003845,1.0,1.0,0.0,0.0,1.0,1.0,0.0,1.0,1.0,0.0,1.0,1.0
1929,0.0001396671593035803,5.423708396001814e-05,0.0002065303540135973,0.00015229327005357915,-0.008303079617443296,6.894113113342648e-05,0.00017466004904842514,-0.006750498010760295,4.556922339349345e-05,0.00032795294387077956,-0.006942686609164656,4.8200897353134486e-05,0.00011697806912158715
1930,0.00015288317137074348,2.6723259744731998e-05,0.00032984869651549637,0.00030312543677076437,0.008858311322442691,7.846967948521577e-05,0.0004785279022431199,-0.000690033753028102,4.7614658038597213e-07,0.0002838107832396908,-0.0011063241698214112,1.2239531685942495e-06,0.00022720740406367845
1931,0.0001224643055572905,4.3668284155658675e-05,0.00021369682312655236,0.00017002853897089368,-0.003995988635135881,1.5967925172000186e-05,0.00012103165282517647,0.002987525635940019,8.925309425089623e-06,0.00024852559215937653,-0.010301049357712514,0.00010611161786988621,0.0002715332243951041
1932,2.3298450294473305e-05,1.5108797875029722e-06,0.0002828759722644329,0.0002813650924769299,-0.0013507246572150111,1.824457099841581e-06,0.0002679663623779138,0.0013427063594417627,1.8028603675501742e-06,0.00026705397657122987,0.0009514840484100611,9.053218951171615e-07,0.00031360757784415494
1933,1.078244544905349e-05,3.7503199420048836e-06,0.00011159728234796014,0.00010784696240595526,-0.002553075824664426,6.5181961662608146e-06,0.00010287254351903918,-0.0012846512240621748,1.6503287675329048e-06,8.768641909251418e-05,-0.0017556864446729998,3.082434892220931e-06,0.00014423288443232707
1934,-3.2212830142003845,1.0,1.0,0.0,0.0,1.0,1.0,0.0,1.0,1.0,0.0,1.0,1.0
1935,4.316342107668625e-05,1.7977344059727507e-05,0.00010827628504458027,9.029894098485276e-05,0.006389618391906078,4.082722319387333e-05,0.00013570635733228809,-0.000577997214322766,3.340807794849354e-07,0.00010587090357916384,0.0035736155649559093,1.2770728205824255e-05,8.32515942222889e-05
1936,0.0006541518408399449,0.00019777845326503693,0.00042719579118507173,0.0002294173379200348,0.01247166282420453,0.00015554237360082546,0.00032939242542207037,0.00041909216535258403,1.7563824317168297e-07,0.00020163486874591463,-0.02091930562785233,0.0004376173479511136,0.0007505600793872302
1937,4.0123097261424157e-05,2.699810517644193e-05,0.0002830638787434762,0.0002560657735670343,0.006191631266603585,3.833629774163683e-05,0.00031783752931113796,-0.0023601787566456373,5.570443763036614e-06,0.00017855904170993586,-0.006089956816321618,3.708757402465235e-05,0.0003527950652093548
1938,0.00011472260054157246,0.00010125762189413152,0.00017383136328837553,7.257374139424401e-05,-0.010096609766465781,0.00010194152877751606,0.00016454364802387378,0.00995738271605238,9.914947055289502e-05,0.00016497048863983732,0.0101332061239571,0.00010268186635198351,0.00019197995320141548
1939,1.8170110353432634e-05,5.635764143770612e-06,0.00019211066038845223,0.0001864748962446816,-0.002101944702269076,4.418171531628268e-06,0.00018145594863061554,-0.0013982463386329673,1.9550928236355958e-06,0.00016422233935453612,0.003245616748127834,1.0534028076047974e-05,0.000230653693180205
1940,0.0003452836068459364,6.524413989668816e-05,0.0004900494117105655,0.00042480527181387734,-0.010624044062152635,0.00011287031223472521,0.00038997657776973504,-0.008324010184562051,6.928914555270893e-05,0.0008646459111218974,-0.0036841500922993793,1.3572961902630354e-05,0.00021552574624006393
1941,0.00011618415146807948,3.4702108934821695e-05,0.00020414659839200025,0.00016944448945717855,-0.006417012349780538,4.1178047497480996e-05,0.00020185567207819943,-0.0020047036042731164,4.01883654044255e-06,0.00018957161716670612,-0.007675248710416388,5.890944276654153e-05,0.00022101250593109523
1942,0.0001661396309169394,5.600405074812631e-05,0.00022931602512754612,0.0001733119743794198,0.01256136534766576,0.00015778789939790983,0.0004344281001639194,0.001819171723247269,3.3093857586541375e-06,4.8438814191253954e-05,-0.002629613486366824,6.914867087814969e-06,0.000205081161027465
1943,0.00016344829826941965,4.99942824297254e-05,0.0006327652168455952,0.0005827709344158698,-0.009852852267375032,9.707869780239964e-05,0.0005062340172578006,-0.0007062264813970625,4.987558430702421e-07,0.0008945160023663412,0.007239156970484366,5.240539364370633e-05,0.0004975456309126436
1944,5.1643891009423015e-05,1.795101173992138e-05,0.0002704967117609369,0.00025254570002101556,-0.0007671774339239308,5.885612150979824e-07,0.00016954978715533198,0.0021808574904889663,4.75613939354691e-06,0.00019387690573657856,0.006964792503061038,4.850833461111925e-05,0.00044806344239090024
1945,4.075375598078246e-05,7.076789152386335e-06,0.00013651655810805371,0.0001294397689556674,0.0032139370474380527,1.0329391344154892e-05,0.0001518602343031361,-0.00024168056154484052,5.840949401925144e-08,0.00010220546283523646,0.0032928052810006353,1.0842566618984861e-05,0.00015548397718578855
1946,8.253102612443275e-05,2.8483643441878925e-05,0.00014397316527551643,0.0001154895218336375,-0.0068764492923218115,4.7285554869325175e-05,0.00016436528242746995,-0.005806336340716599,3.3713541701563265e-05,0.00020739895392796193,-0.002109936907662943,4.4518337547483355e-06,6.015525947111744e-05
1947,-3.2212830142003845,1.0,1.0,0.0,0.0,1.0,1.0,0.0,1.0,1.0,0.0,1.0,1.0
1948,0.00024846833648717315,9.373262017142725e-05,0.00032260108897574913,0.00022886846880432188,-0.015462789464039018,0.0002390978580099068,0.0003778745397629013,0.006178426086785523,3.817294891061973e-05,0.00029872507000128223,-0.001981679488061573,3.927053593755225e-06,0.00029120365716306384
1949,0.00013992016849084798,3.968687228195211e-05,0.00027432369329061235,0.00023463682100866023,0.0007551251688454857,5.702140207786144e-07,0.00038381810484322543,-0.008447174040865129,7.135474927666419e-05,0.00022968396524714052,-0.006865541023737638,4.7135653548413536e-05,0.0002094690097814711
1950,0.00037636059766976704,2.4286790723082596e-05,0.00014625849622496023,0.00012197170550187764,-0.004677706007856,2.1880933495976862e-05,0.00014754006829498234,0.0033384229377316824,1.1145067711160195e-05,0.00013913453420344446,0.006311447612264511,3.983437096211073e-05,0.0001521008861764539
1951,6.534495598231604e-05,3.159543764304681e-05,0.00014963781320624184,0.00011804237556319502,-0.0010094470288182966,1.01898330373551e-06,8.773950324370006e-05,-0.008066119136908849,6.5062277930239e-05,0.00023493054643630717,-0.00535770955678348,2.8705051695165906e-05,0.0001262433899387183
1952,0.00014474588993740323,2.763460489241254e-05,0.00022343966903607773,0.0001958050641436652,0.0026103302905199684,6.813824225737619e-06,0.00030072567530725625,-0.0074967906875084735,5.620187061217141e-05,0.00017782350277517622,-0.00445960983048004,1.988811983932859e-05,0.00019176982902580075
1953,-3.2212830142003845,1.0,1.0,0.0,0.0,1.0,1.0,0.0,1.0,1.0,0.0,1.0,1.0
1954,6.497763829105274e-06,1.8277155227434487e-06,0.0002532854939059452,0.0002514577783832017,-0.00015702544834466482,2.4656991115534765e-08,0.00036043615975267507,-0.0018967174319250112,3.597537017063779e-06,0.00019562078270241035,-0.0013641673504362591,1.8609525600510324e-06,0.00020379953926275007
1955,-3.2212830142003845,1.0,1.0,0.0,0.0,1.0,1.0,0.0,1.0,1.0,0.0,1.0,1.0
1956,2.1158859622616433e-05,1.003286759004851e-06,0.00014656674241745696,0.0001455634556584521,-0.0013438834542545295,1.8060227385818806e-06,7.167739043423271e-05,-0.0005160919578172494,2.663509091060945e-07,0.00025030761852296024,-0.0009682389319652771,9.374866293265782e-07,0.00011771521829517795
1957,0.0001552857580959799,3.3646954168927344e-05,0.00014005812735155368,0.00010641117318262633,-0.00124133287991689,1.5409073186312128e-06,0.00011065772920082484,-0.009790394441612844,9.585182332250142e-05,0.00025662437473195077,-0.001883648551494892,3.5481318656493954e-06,5.289227812188546e-05
1958,0.00010026733773749186,5.674534731244426e-05,0.00019179516053857704,0.00013504981322613277,-0.008941566256142452,7.995160711360416e-05,0.00019213395706851877,0.00592136353491191,3.50625461130738e-05,9.448281067503395e-05,-0.007431143163090085,5.522188871065481e-05,0.0002887687138721784
1959,5.5069713847610835e-05,2.111471917272863e-05,8.402108630674772e-05,6.290636713401909e-05,-0.006368175970864283,4.055366519661874e-05,9.10590870067951e-05,0.0024905653090488917,6.202915558750632e-06,5.884613285456197e-05,0.004072784890333298,1.6587576762816525e-05,0.0001021580390588861
1960,5.300271376007526e-05,3.9778866640638455e-06,0.00011643625359869514,0.00011245836693463129,0.000998729710317651,9.974610342133872e-07,0.0001583317383678784,-0.0005037635241621633,2.537776883082543e-07,0.0001180527703886769,-0.003268397354937677,1.0682421269669895e-05,7.292425203953012e-05
1961,9.980229599182433e-05,3.0209655776973026e-05,0.000290167491339625,0.00025995783556265195,0.0017827073330015462,3.1780454351482135e-06,0.00016886780151392777,0.008583872086915417,7.368286000475344e-05,0.000328725388088813,0.003710533909135166,1.3768061891017425e-05,0.00037290928441613413
1962,-3.2212830142003845,1.0,1.0,0.0,0.0,1.0,1.0,0.0,1.0,1.0,0.0,1.0,1.0
1963,-2.8986901335290916,4.611329479420334e-05,0.0001840771868303337,0.00013796389203613035,0.00679067704972496,4.611329479364823e-05,0.00018407718682977858,-0.0067906770497249596,4.611329479409232e-05,0.00018407718683055574,-0.006790677049724956,4.6113294794869475e-05,0.00018407718683066676
1964,2.521209916550582e-05,1.128049160977381e-05,0.00039403213229978934,0.00038275164069001555,0.0009401805640774903,8.839394928239486e-07,0.0005833020710691583,0.0037665227266859913,1.4186693450657373e-05,0.00035008187061469354,0.004332532964157689,1.8770841885840106e-05,0.0002487124552155162
1965,1.891336615322814e-05,9.352295562832976e-06,0.00026081976118190003,0.0002514674656190671,0.00040343126927159975,1.6275678871302546e-07,0.00040719293894431186,-0.003242549484927377,1.0514127162131182e-05,0.00010004603514757182,0.004168933045464328,1.738000273765472e-05,0.00027522030945381637
1966,0.00021492083381302596,0.00014897593933860254,0.0003722709095653383,0.00022329497022673578,0.006763915409104654,4.5750551662115946e-05,0.00015631426074269594,0.014563827459849282,0.00021210507028013303,0.0004992401579306804,0.013750352579974921,0.00018907219607355863,0.0004612583100226386
1967,0.00023133704211142359,0.00010246508847370588,0.0005379838427724456,0.0004355187542987397,-0.01513413928167336,0.0002290421717970892,0.0006353582644493816,0.005588910162019276,3.123591679921045e-05,0.0005600870215745068,0.006864195278743246,4.7117176824817975e-05,0.00041850624229344824
1968,-3.2212830142003845,1.0,1.0,0.0,0.0,1.0,1.0,0.0,1.0,1.0,0.0,1.0,1.0
1969,3.266275208368974e-05,4.63408566442336e-06,0.0001604990706314998,0.00015586498496707643,0.0025613477264857694,6.560502175956273e-06,0.00019934086192763267,0.0017884723431290251,3.1986333220990204e-06,0.0001406114928477198,-0.0020354659160623937,4.1431214952147855e-06,0.00014154485711914688
1970,2.9720110064301863e-05,1.9731929881879513e-05,0.00014093113670902527,0.00012119920682714576,-0.005419476977347476,2.9370730708078163e-05,0.00014914227510742784,0.003941750533744988,1.553739726989356e-05,0.00015472372679181667,0.0037799023357112144,1.4287661667666818e-05,0.00011892740822783132
1971,0.00040691256764335826,0.00011826660147062906,0.000567608252275531,0.00044934165080490196,0.010644154799678302,0.00011329803139958905,0.0004204207954092709,-0.010957110215880974,0.00012005826428296285,0.0009499039940201737,-0.011020141048523818,0.00012144350872933529,0.0003324999673971485
1972,-3.0726028806630516,9.38101705827421e-06,0.00027739401006047587,0.00026801299300220166,-0.002803453205104526,7.859349872574306e-06,0.00024047571039254034,0.003088140836579149,9.536613827521023e-06,0.0002841556172181736,0.0032782750760403886,1.0747087474727302e-05,0.0003075507025707136
1973,-3.108147885482289,1.0540709976710378e-06,0.00016413210600888886,0.00016307803501121781,0.0010266795981628348,1.0540709982631569e-06,0.0001641321060099621,-0.0010266795981628356,1.0540709977080454e-06,0.00016413210600862982,-0.0010266795981628352,1.0540709970419115e-06,0.0001641321060080747
1974,0.00041196962766543166,0.00011207532856893909,0.0005901232381633204,0.00047804790959438126,0.014641404321204607,0.0002143707204971257,0.0010040363593586399,-0.006791247866799053,4.612104758827673e-05,0.0005946118671871226,0.008702540871567752,7.573421762141486e-05,0.00017172148794419861
1975,4.200512921692656e-05,3.5879507675658693e-06,0.00022866117812773515,0.00022507322736016927,0.0007336915988045471,5.383033618855393e-07,0.00022666644094526678,0.0003726678686052,1.3888134142714392e-07,0.00023637417604682742,-0.0031759514479977923,1.0086667599384924e-05,0.00022294291739111127
1976,7.191952555163361e-05,8.542454119001933e-06,0.00026666587400773584,0.0002581234198887339,0.0030761020992184787,9.462404124804813e-06,0.00023698628379775766,0.0005980509110861251,3.5766489236976895e-07,0.00024298496985608597,-0.003975838696452895,1.580729333983122e-05,0.0003200263683693638
1977,-3.2212830142003845,1.0,1.0,0.0,0.0,1.0,1.0,0.0,1.0,1.0,0.0,1.0,1.0
1978,2.118182837429483e-05,5.597514959247245e-06,0.00012604952327588403,0.00012045200831663679,-0.003570959603608623,1.2751752490158808e-05,9.56296772649523e-05,-5.4941469013320844e-05,3.01856517559429e-09,0.00014664547892362378,0.0020094212656161033,4.037773822407331e-06,0.000135873413639076
1979,2.3953713704782942e-05,5.390415992234665e-06,0.00025681916079197303,0.00025142874479973837,-0.0006609626712230335,4.3687165296457664e-07,0.00021301406862905825,0.0038213701243813803,1.4602869627622361e-05,0.00015672007537415045,-0.0010637230353438532,1.1315066961170572e-06,0.00040072333837271046
1980,0.00025838738800088024,0.00010136448181793008,0.00039226647770651546,0.0002909019958885854,0.01022873102867144,0.00010462693845691984,0.0003278781725729596,-0.00901649473654276,8.129717733407205e-05,0.0006365550021443234,0.010870571726580599,0.00011816932966279836,0.00021236625840226342
1981,0.0002258108335093656,1.683033469468409e-05,0.00019794116396328518,0.0001811108292686011,0.0009937871199232461,9.87612839509211e-07,0.00022322601938373765,0.0057400754617229375,3.294846630630399e-05,0.00014978475358895516,0.0040687743779284115,1.655492493823907e-05,0.0002208127189171627
1982,1.3019688848703304e-05,4.293381859329e-06,0.00016581103284996068,0.00016151765099063167,-0.0007218961468644882,5.211340466937386e-07,0.00013361843588743927,0.0033744522123095935,1.1386927732948138e-05,0.0002644459341049066,0.0009859431009877813,9.720837983451247e-07,9.93687285575362e-05
1983,0.000231678602859553,5.166804691225657e-05,0.00020818043328330038,0.0001565123863710438,0.011159449311484401,0.00012453330893558157,0.0002007220845726687,0.0038488112713002784,1.48133482016366e-05,0.00021746037453806988,0.003956953828324832,1.5657483599551547e-05,0.00020635884073916255
1984,0.00014137463739960499,0.00010551301818595427,0.00015510494623138804,4.9591928045433775e-05,-0.010934732165057824,0.00011956836752113897,0.0001544180378075799,-0.010092750723874583,0.00010186361717412495,0.00014946295469620008,0.009752285366036747,9.510706986259887e-05,0.00016143384619038414
1985,0.00012852265303275878,6.987762933293358e-05,0.0002574386632484549,0.0001875610339155213,0.009952526225085839,9.905277826072201e-05,0.00028944701264022044,-0.008508242338624189,7.239018769256145e-05,0.00023538901621222852,-0.00617979951497943,3.81899220455173e-05,0.0002474799608929157
1986,0.0001835879606905122,3.817249516735455e-05,0.00013729568366427358,9.912318849691903e-05,0.001694624098502685,2.8717508347986254e-06,9.958935900977739e-05,-0.004525249547969364,2.0477883472480585e-05,0.0001315816926428237,-0.009548185754107343,9.116785119478443e-05,0.00018071599934021965
1987,0.00019228059345621773,8.341861757025597e-05,0.000730895334468055,0.0006474767168977991,-0.00580895160959163,3.374391880239802e-05,0.0007259980474636496,0.013210346797721586,0.0001745132625160517,0.0004258193032846691,0.006480638193277564,4.1998671392318165e-05,0.0010408686526558464
1988,-3.2212830142003845,1.0,1.0,0.0,0.0,1.0,1.0,0.0,1.0,1.0,0.0,1.0,1.0
1989,0.0002209959494275937,0.00010105665979132095,0.0004223272656255957,0.00032127060583427475,0.011496002211304616,0.0001321580668427469,0.0003664326611781954,0.00861821992554906,7.427371468493593e-05,0.00040307160876240644,0.009835557830983097,9.673819784628002e-05,0.0004974775269361853
1990,3.421488891441893e-05,1.0115972809495352e-05,0.00015771450654381938,0.00014759853373432402,0.0010819504108274453,1.1706166914704497e-06,5.752959749105724e-05,-0.0028359836523823598,8.042803276486765e-06,0.00025437731469513114,0.004597227257877742,2.113449846052884e-05,0.0001612366074452698
1991,2.3486793694016406e-05,1.8028840504946686e-06,0.00022904247296529068,0.000227239588914796,0.0018286273545047688,3.3438780022709835e-06,0.00019973003650963772,-0.001432700273776612,2.0526300750223214e-06,0.0002211774557970836,-0.00011020015461837638,1.2144074190700849e-08,0.0002662199265891507
1992,0.0004921386705450947,0.00021372044272427448,0.0007016881798845483,0.00048796773716027386,0.013596017645048315,0.000184851695804511,0.0009052755240679389,-0.018592309296974342,0.0003456739649942975,0.0010010915802102227,0.010518349080254202,0.00011063566737401498,0.00019869743537548334
1993,2.3852644172039916e-06,1.0697941710639351e-06,0.0002648298622277186,0.00026376006805665464,-0.0010514769236041755,1.1056037206857994e-06,0.0002463771415809335,-0.0010483159834084933,1.0989664009919409e-06,0.0002967148511018314,-0.0010024033079366417,1.004812391514065e-06,0.00025139759400039097
1994,6.33693264769919e-05,1.8915196110858012e-05,0.0001612925750998917,0.0001423773789890337,-0.0026409757885027044,6.974753114952215e-06,0.00019455095696041536,0.0058386668075097,3.409003008936207e-05,7.528922269761651e-05,-0.00395989963612946,1.5680805128259756e-05,0.00021403754564164323
1995,0.00036013565851256146,6.62396669256123e-05,0.0002739956725777981,0.00020775600565218583,-0.007918315607973011,6.269972206751628e-05,0.00020855087180082776,0.0046079554313568334,2.1233253256980333e-05,0.00016665347880739922,-0.010713824034969075,0.00011478602545234029,0.00044678266712516734
1996,0.00025864882335357997,0.00024134633205193565,0.0004236997905895749,0.00018235345853763926,0.015106525678241532,0.0002282071180679246,0.0004131051878837333,0.015492874035156024,0.00024002914586951363,0.00042198056615816437,0.015993834193814786,0.0002558027322183687,0.000436013617726827
1997,0.00014912359462304625,5.8765434288732266e-05,0.0004393816968591609,0.00038061626257042863,-0.009974673920983744,9.949411983001255e-05,0.0005914055366108562,-0.004194960150099688,1.7597690660786647e-05,0.0005868869626565187,0.007694445553465534,5.92044923753976e-05,0.00013985259131010785
1998,1.600676035373727e-05,8.764188697848082e-06,0.0002150614445376453,0.00020629725583979722,0.003210792757261529,1.0309190130119994e-05,0.000119455110554334,-0.0035663545067772424,1.2718884467077807e-05,0.0001783346078505499,0.0018067903852217924,3.2644914963464444e-06,0.00034739461520805204
1999,0.00019297892213110401,6.767116821830103e-05,0.00037188972338867793,0.0003042185551703769,-0.006865700483915259,4.7137843134814617e-05,0.00029626007622252093,-0.001137053792281839,1.2928913264431685e-06,9.803876432679104e-05,0.012433131954314865,0.0001545827701936453,0.0007213703296167218
2000,3.618143295203158e-05,1.1528071377127821e-05,0.0002649472115746991,0.0002534191401975713,-0.00046656455735225716,2.176824862587523e-07,0.0002478197328396048,0.0001435782227059607,2.0614706830457408e-08,0.00019710407844597544,0.00586053896311556,3.434591693829425e-05,0.00034991782343851696
2001,-3.131881218724402,1.4172656975934098e-05,0.00024737293707936353,0.00023320028010342944,0.003715716594380883,1.3806549808981217e-05,0.0002478156546472654,-0.0037878871812577542,1.4348089298565903e-05,0.00024718129510670206,-0.003789898655671177,1.4363331820255176e-05,0.0002471218614841231
2002,0.000348295085804029,2.8191423508960867e-06,0.00027756397078978107,0.000274744828438885,0.0012396569632091234,1.5367493868545523e-06,0.00025113398392417885,0.0026297858930717636,6.915773844262674e-06,0.00028812163033054006,7.00272883719137e-05,4.903821571033973e-09,0.00029343629811462435
2003,0.00020146936102616309,5.195178562145131e-05,0.0003949980064202145,0.0003430462207987632,-0.012358351143974175,0.00015272884299755152,0.0003831992695209063,-0.00011048828561847981,1.220766110421323e-08,0.0005625420939671111,-0.0017647396990302477,3.114306205698192e-06,0.000239252655772626
2004,0.0008371198091424725,0.00023941425647944214,0.000703406366800848,0.00046399211032140586,0.016598808520550425,0.00027552044430201317,0.00045674469470902146,0.019767658571218764,0.0003907603253883174,0.0010599378913918045,-0.007208467225972806,5.196199974799587e-05,0.0005935365143017179
2005,3.9731210426441343e-05,1.3466921573927296e-05,0.0001617288570970136,0.0001482619355230863,0.0035826508183034803,1.283538688623409e-05,0.0001400868841461289,-0.0026817986397200846,7.192043943948789e-06,0.00012183038280433323,-0.004513682963117907,2.037333389159901e-05,0.00022326930434057868
2006,5.6778835189508214e-05,2.199406447556118e-05,0.0003765090224899052,0.000354514958014344,0.0046907565976963776,2.2003197458930757e-05,0.0003178891085338087,-0.0014614910574072264,2.135956110871362e-06,0.0004956709247445623,-0.0064686196253017705,4.1843039856881425e-05,0.00031596703419134453
2007,4.672920027037897e-06,1.3804187783591122e-06,0.0001300591082847117,0.00012867868950635258,0.0020259145547414396,4.104329783150007e-06,6.283471422974252e-05,-0.00013553496744708374,1.836972718383123e-08,0.00014896669591002443,0.00013622343658704862,1.8556824743498623e-08,0.0001783759147143682
2008,8.668283107271524e-05,3.32467313625869e-05,0.0001768999859242948,0.00014365325456170788,0.004965904588632985,2.4660208383542326e-05,0.00010211226553968888,-0.007952449968663008,6.324146050429302e-05,0.00032731087777015944,0.003440715797625942,1.1838525199925343e-05,0.00010127681446303605
2009,-3.2212830142003845,1.0,1.0,0.0,0.0,1.0,1.0,0.0,1.0,1.0,0.0,1.0,1.0
2010,-2.995807113095958,1.7561994148559041e-06,0.000137392071437518,0.00013563587202266209,-0.0011425666557533579,1.305458563138906e-06,0.00013433421920683308,-0.0001776467208745804,3.155835692769671e-08,0.00010667249276963275,-0.0019828215564363324,3.93158132450111e-06,0.00017116950233608819
2011,9.062687480088094e-05,4.29439989923693e-05,0.00022651263924230078,0.00018356864024993147,0.006823450814726584,4.655948102050278e-05,0.00028620268572132623,0.0043625293264709,1.903166212435803e-05,0.00024332803108539913,0.007952411824891314,6.324085383224709e-05,0.00015000720092017694
2012,4.459354162711371e-06,1.7310393927161272e-06,0.0002871952111967631,0.000285464171804047,-0.0019137817778940667,3.6625606941731448e-06,0.000347195798105826,0.0011749655233261706,1.3805439815772758e-06,0.00018306961179026526,0.0003873157661391245,1.5001350239796096e-07,0.0003313202236941981
2013,1.7034410806693323e-05,1.2136830551234823e-05,0.00017981608499077298,0.00016767925443953816,-0.004067936879754072,1.6548110457925702e-05,0.00026111817075002985,-0.002161164157759982,4.670630517233931e-06,8.410985039852825e-05,-0.0038976596412001858,1.5191750678544835e-05,0.00019422023382376086
2014,5.238257072048835e-05,2.563743362660187e-05,0.00046232854624010206,0.0004366911126135002,0.0021724535560690168,4.719554453469499e-06,0.0004983210192119891,0.004534844474860592,2.0564814411150323e-05,0.0005254739875323322,-0.007185257964392856,5.1627932015185785e-05,0.0003631906319759848
2015,0.0004266784046242922,0.00016425857427548873,0.00045255228160375377,0.00028829370732826504,0.0012108916222221937,1.4662585209324064e-06,8.928230055105235e-05,-0.013981580713838935,0.00019548459925777806,0.000740918042655303,-0.01719956002482897,0.00029582486504775574,0.000527456501604906
2016,0.0004317514391153354,0.00018394171968634984,0.0003263773197593374,0.00014243560007298758,-0.015463717335725864,0.0002391265538395082,0.00046790984458655593,-0.01591181396920284,0.00025318582379030286,0.0002958128100527535,0.007714452762789681,5.951278142923844e-05,0.0002154093046387029
2017,-3.2212830142003845,1.0,1.0,0.0,0.0,1.0,1.0,0.0,1.0,1.0,0.0,1.0,1.0
2018,-3.2212830142003845,1.0,1.0,0.0,0.0,1.0,1.0,0.0,1.0,1.0,0.0,1.0,1.0
2019,8.891230755614377e-05,3.445966112517832e-05,0.0002186815156552576,0.00018422185453007928,0.009049424237075755,8.189207902253859e-05,0.00037590213812954687,0.0022691880100079776,5.1492142246756245e-06,0.00013523080966271195,0.004041990861878031,1.633769012832076e-05,0.00014491159917351393
2020,-3.2212830142003845,1.0,1.0,0.0,0.0,1.0,1.0,0.0,1.0,1.0,0.0,1.0,1.0
2021,-3.2212830142003845,1.0,1.0,0.0,0.0,1.0,1.0,0.0,1.0,1.0,0.0,1.0,1.0
2022,1.9827832403951362e-05,7.642912290643325e-06,0.00022855402075420508,0.00022091110846356177,-0.004297092308636077,1.846500230884285e-05,6.793284499551078e-05,0.0016130026123468248,2.6017774271691607e-06,0.0003129564034819454,-0.0013645355021562346,1.8619571359179687e-06,0.0003047728137851591
2023,0.00019535000237191902,5.745484205491961e-05,0.0002790528032513562,0.00022159796119643657,-0.0019714589366110675,3.88665033879132e-06,0.0004039581502646161,-0.0011525695698982655,1.3284166132665476e-06,0.000124099626825247,-0.012928629440625889,0.00016714945921270097,0.0003091006326642054
2024,5.633551758676969e-05,1.1942263159703259e-05,0.00028167647638370025,0.000269734213223997,0.0024854832196553735,6.177626835301986e-06,0.0002762555771839148,0.005303267677377932,2.8124648057792356e-05,0.0004737889075275836,0.0012347123493664444,1.5245145860154352e-06,9.498494443960226e-05
2025,5.471337713902624e-05,2.3281673863858227e-05,0.00026005510138886007,0.00023677342752500183,0.006917851295721322,4.785666654993914e-05,0.00036840146071936974,0.0016178679248890142,2.6174966224479235e-06,0.00026406370108811306,0.0044012337382758225,1.937085841918762e-05,0.00014770014235909734
2026,-3.2212830142003845,1.0,1.0,0.0,0.0,1.0,1.0,0.0,1.0,1.0,0.0,1.0,1.0
2027,-3.2212830142003845,1.0,1.0,0.0,0.0,1.0,1.0,0.0,1.0,1.0,0.0,1.0,1.0
2028,0.000110122967680093,3.119933327733193e-05,0.0002518239508669066,0.0002206246175895747,-0.001086041240116965,1.1794855754310163e-06,0.00027860854545069813,-5.26180639169484e-05,2.76866041204471e-09,0.0002598907529389738,0.009613310855043918,9.241574559615273e-05,0.00021697255421104789
2029,8.481582096575568e-05,3.340359221082334e-05,0.00017538173410525104,0.0001419781418944277,-0.003087181033438539,9.530686732928118e-06,0.00011108178379137801,0.008256794302863007,6.817465215980256e-05,0.00025705677372001023,0.004743989643760035,2.2505437739739342e-05,0.00015800664480436488
2030,0.0011574678452676013,0.00036721998175903714,0.0028993580818164424,0.0025321381000574053,-0.022451236296695976,0.0005040580112497528,0.003355269400668437,0.017619854199490477,0.00031045926201145324,0.004453094521844059,-0.016945284654318826,0.0002871426720159054,0.0008897103229368319
2031,1.553681338295476e-05,3.476401200982101e-06,0.00021436083609294165,0.00021088443489195954,-0.003102329790192381,9.624450126977102e-06,0.00011057364506905643,0.0005816783034580184,3.38349648631997e-07,0.00025167998009523185,-0.0006829376453393385,4.6640382733720287e-07,0.0002808288831145367
2032,0.00041148806095181456,0.00010563453212479128,0.00022147397529796256,0.00011583944317317128,0.0015374658723057765,2.3638013086912935e-06,8.878515095189776e-05,0.004171952645132675,1.740518887349829e-05,8.393208755996806e-05,0.017237592818962758,0.00029713460619218424,0.0004917046873820219
2033,0.00011010029527314114,2.4144442603013516e-05,0.00016104994157017938,0.00013690549896716586,-0.007226364469335929,5.2220343443099004e-05,0.0001185583195987272,-0.004340981770221453,1.884412272945557e-05,0.0002498991055457367,-0.0011699836055498384,1.368861636485974e-06,0.00011469239956607424
2034,3.3362717164808764e-05,9.820410620660821e-06,0.000180365415181849,0.00017054500456118818,-0.003679921196810336,1.35418200147841e-05,8.1354199191086e-05,-0.002936336774638388,8.62207365426304e-06,0.00021341538174790564,0.00270135858286083,7.297338192935321e-06,0.0002463266646065554
2035,0.0002886234495150797,6.692333466247942e-05,0.00025877041362080505,0.00019184707895832564,0.00930067596831644,8.650257346776158e-05,0.00033488967653250157,-0.0034121566130585392,1.164281275178869e-05,0.00024382847799675478,0.010130380929052626,0.000102624617767888,0.00019759308633315875
2036,-3.2212830142003845,1.0,1.0,0.0,0.0,1.0,1.0,0.0,1.0,1.0,0.0,1.0,1.0
2037,0.0001447925743520706,4.99823464804224e-05,0.0002071210293050907,0.00015713868282466828,-0.0032750529205757685,1.0725971632430387e-05,0.00015782411435061316,-0.01113753675769435,0.0001240447250293597,0.0001967970682861253,0.003895682582004715,1.5176342779477103e-05,0.0002667419052785336
2038,1.5429626437968302e-05,3.9173085412125275e-06,0.00021481355897834398,0.00021089625043713145,-0.0029808307749564374,8.885352108967126e-06,0.00021460580948418073,8.461664982384781e-05,7.159977277737539e-09,0.0003438492328594611,-0.0016909800523710597,2.8594135373927188e-06,8.598563459139008e-05
2039,0.05500197854815436,0.016373662042729758,0.055118899910634865,0.03874523786790511,-0.05620867847573875,0.003159415535988863,0.01600676939154433,-0.0074004874082608686,5.476721387986938e-05,0.017626691382010784,-0.21425872999325005,0.04590680337832054,0.13172323895834948
2040,0.00013378871981639673,2.9971913380314834e-05,0.00019120766928049093,0.0001612357559001761,0.0050916465798159045,2.5924864894166788e-05,0.0001985581904174749,-0.0036993356243007723,1.368508406085489e-05,0.00014056680841256775,-0.0070926575545479775,5.030579118592282e-05,0.00023449800901143014
2041,-3.2212830142003845,1.0,1.0,0.0,0.0,1.0,1.0,0.0,1.0,1.0,0.0,1.0,1.0
2042,0.00014442628860544815,3.294703206065582e-05,0.00032914524748717255,0.00029619821542651675,0.0036522403728131434,1.3338859740530395e-05,0.0003009763073840155,-0.007179470422648333,5.154479554958513e-05,0.0003471722122194709,-0.00582730133868293,3.395744089185193e-05,0.00033928722285803126
2043,0.0001756591233108562,0.00017116727452959335,0.0002914020607148367,0.00012023478618524336,0.013154920843015623,0.00017305194238603772,0.0002744399470161474,0.012878950330832622,0.00016586736162371718,0.0003108547838117648,0.013212967856581775,0.00017458251957902515,0.000288911451316598
2044,-3.1862098886709838,7.063723957397479e-05,0.0002658641640024273,0.00019522692442845252,-0.00840459633616236,7.063723957367873e-05,0.00026586416400231627,-0.008404596336162355,7.063723957334567e-05,0.00026586416400176116,0.00840459633616235,7.063723957489998e-05,0.00026586416400320445
2045,0.0002019821931258381,0.00019681542053114529,0.0008911827293833774,0.0006943673088522321,-0.014205973994893865,0.0002018096971438954,0.0009855265330880325,0.0137589742527717,0.00018930937248873292,0.0007985844738152004,0.014118328228239992,0.0001993271919608075,0.0008894371812468993
2046,0.00042859511895632085,0.00014863576376814938,0.0003471534962435167,0.00019851773247536733,-0.014511057932996682,0.0002105708023346642,0.0002792487768468188,-0.014781796155655225,0.00021850149758739779,0.0003982765235650554,-0.004103046597625793,1.68349913823862e-05,0.0003639351883186759
2047,2.2386451226208415e-05,6.779103665865982e-06,0.00012271449825751457,0.00011593539459164859,-0.0038706223074809402,1.498171704739093e-05,0.0001054103023621078,0.0004831990679015762,2.334813395954427e-07,0.00019420381640089524,-0.002263208476980077,5.122112610611573e-06,6.852937600954068e-05
