expert_id,decode_r2,encode_linear_r2,encode_periodic_r2,periodic_gain,dim0_corr,dim0_linear_r2,dim0_periodic_r2,dim1_corr,dim1_linear_r2,dim1_periodic_r2,dim2_corr,dim2_linear_r2,dim2_periodic_r2
0,7.373520880071815e-05,2.1516527925036222e-05,0.00012287272583518435,0.00010135619791014813,0.0068167025263291825,4.646743333214243e-05,0.00015405561679060487,-0.0022975145329590025,5.278573029343647e-06,0.00012289515544205987,-0.0035782086877265773,1.2803577413622591e-05,9.16674052728883e-05
1,9.226242155602193e-06,2.0945057252660013e-06,0.00020228531988468004,0.00020019081415941403,-0.0008935667721409842,7.984615760792124e-07,0.0001441242413485755,-0.0022875017101725787,5.232664073706594e-06,0.00031039048790160173,-0.0005023858337172226,2.523915260121967e-07,0.00015234123040386294
2,3.6414100131443305e-05,1.0198363258884235e-05,0.00043336074875958513,0.0004231623855007009,-0.0025394037641805673,6.44857147746869e-06,0.0004460210164114464,-0.0026442340394411084,6.9919736555013046e-06,0.00044892200026980245,-0.004141804515391169,1.7154544643682712e-05,0.0004051392295975065
3,-3.0679580638444115,1.0,1.0,0.0,0.0,1.0,1.0,0.0,1.0,1.0,0.0,1.0,1.0
4,-2.704323064833887,5.7596308448963164e-05,0.00032256888665867695,0.00026497257820971376,-0.007589223178207018,5.7596308449148204e-05,0.00032256888665871397,0.0075892231782070255,5.759630844837105e-05,0.00032256888665815886,0.007589223178207014,5.759630844937025e-05,0.00032256888665915806
5,-0.9139656987233655,1.5227587210064897e-06,8.919495039908891e-05,8.767219167808242e-05,-0.0012638269779020612,1.597258629804088e-06,9.555185948628697e-05,-0.001418363203171149,2.0117541762454394e-06,8.665025347454058e-05,-0.0009794199082599595,9.592633569699416e-07,8.538273823643916e-05
6,4.689163782267691e-06,7.191875945518807e-07,0.00011336426597644926,0.00011264507838189738,-0.0004315424707603923,1.8622890396446934e-07,5.7658091680679036e-05,-0.00041440766297065195,1.717337111406536e-07,6.0221643615188114e-05,-0.001341491769949597,1.7996001685505192e-06,0.00022221306263348062
7,3.9590664793642816e-05,1.651580590592931e-05,0.00015040775293095887,0.00013389194702502957,-0.0030546775481765636,9.331054923511495e-06,0.00021007972133513242,-0.004689657300093149,2.199288559234791e-05,0.00019622624640203146,-0.004268896485275298,1.8223477201928517e-05,4.491729105571274e-05
8,-3.0679580638444115,1.0,1.0,0.0,0.0,1.0,1.0,0.0,1.0,1.0,0.0,1.0,1.0
9,2.789483174037155e-05,8.954562305244865e-06,0.0001336068457112131,0.00012465228340596823,-0.00518217619105111,2.685495007548333e-05,0.00017758958120728252,5.271095338096511e-05,2.7784448075607315e-09,0.00014366454491732128,7.719064461421557e-05,5.9583954437059106e-09,7.95664110090355e-05
10,0.00017264879280975975,7.016171755828508e-05,0.00030096142985776747,0.00023079971229948237,0.0005197116435139187,2.701001924343416e-07,0.0003130266047467467,0.008353567131572006,6.978208382191209e-05,0.00025798660662856854,0.011850441707412906,0.0001404329686605088,0.0003318710781979872
11,2.7581608149196413e-05,6.4031603458728865e-06,0.00025592258605044993,0.000249519425704577,0.002074421590289116,4.303224934165684e-06,0.00025926059989467287,-0.0009741474195389787,9.489631951353772e-07,0.00036677150106545486,-0.003735946052583205,1.3957292908317598e-05,0.00014173565719122205
12,9.145958732692527e-06,3.856497206096894e-06,0.0002055553984334768,0.0002016989012273799,-0.00027425656164233297,7.521666145482442e-08,0.00022508133993859314,-0.002954614956398513,8.729749540359322e-06,0.0002016349456901434,-0.00166268620499349,2.7645254164765376e-06,0.0001899499096716939
13,0.00010177004432398995,5.2545340203417425e-05,0.00021109462575896742,0.00015854928555555,-0.006021871613918181,3.62629377346213e-05,0.00015098392441970088,-0.008920105970341152,7.956829052180314e-05,0.000245174763526812,0.006465662561097949,4.1804792353827835e-05,0.0002371251893303894
14,-3.0679580638444115,1.0,1.0,0.0,0.0,1.0,1.0,0.0,1.0,1.0,0.0,1.0,1.0
15,0.00020976409310791144,5.4887936140353886e-05,0.0002652308623825779,0.00021034292624222403,-0.0033635642809577595,1.131356467198863e-05,0.00026087122341289515,-0.012342740644207711,0.00015234324661017595,0.00039982982880781837,0.0010034924708825067,1.00699713889707e-06,0.00013499153492702032
16,0.00036536739489567704,0.00013266203595703926,0.0002708071235341114,0.00013814508757707214,-0.015609597639765296,0.00024365953847527155,0.0004703752286928653,-0.0014013679182369111,1.9638320422066258e-06,9.403077662550885e-05,0.0123435301819953,0.0001523627373536396,0.00024801536528396007
17,0.00020386491501855897,7.250498563760033e-05,0.0003497041908998207,0.00027719920526222036,-0.007892527760404217,6.229199444895972e-05,0.0005204444938794461,0.011790131050330811,0.00013900719018367091,0.00032591568540640825,0.004026881210094141,1.621577228017035e-05,0.00020275239341360773
18,9.238644659081974e-05,1.60715172361862e-05,0.000714385588437468,0.0006983140712012819,-0.0052407840523687734,2.746581748358512e-05,0.0008027366857991103,0.0016037286860125545,2.57194569819319e-06,0.00013974617246437226,0.004263424506936533,1.8176788526780285e-05,0.0012006739070489214
19,0.0011409854481907455,0.0005174092097518143,0.000827666150469993,0.0003102569407181788,0.024554324717011203,0.0006029148623087899,0.0010466168019519495,0.02794465443434065,0.0007809037114550055,0.0008696595331320056,0.012977251461381492,0.0001684090554916473,0.0005667221163260239
20,8.762240710546987e-05,6.792003311958024e-06,0.00026346324967182105,0.00025667124635986305,-0.0018051097025887169,3.2584210380992573e-06,0.0002601305195176762,-0.002521225305203703,6.3565770399565125e-06,0.000320421894000944,0.0032803981249412396,1.0761011857818303e-05,0.00020983733549684302
21,0.00012836986641884263,2.9437161365386544e-05,0.0004320720404537755,0.00040263487908838896,-0.0005095149643605289,2.596054987646923e-07,0.00035142588923542384,-0.008203460930391756,6.729677123673561e-05,0.00032063213139343905,0.004555777360742615,2.075510736065933e-05,0.0006241581007324637
22,-3.0679580638444115,1.0,1.0,0.0,0.0,1.0,1.0,0.0,1.0,1.0,0.0,1.0,1.0
23,2.75563999375672e-05,1.2308673154456015e-05,0.000147922887659487,0.00013561421450503097,0.003870722485348855,1.4982492559156846e-05,0.00013924417864330518,-0.0028015740015732197,7.848816886646404e-06,0.0001521525165079085,0.003754292212576331,1.4094710017564793e-05,0.00015237196782724727
24,0.00014548708575290448,6.065218745017938e-05,0.00016857519299162682,0.00010792300554144743,-0.008341049812192889,6.957311196931215e-05,0.00015976404693573976,0.0014706649337431327,2.1628553479313695e-06,0.00011427287222842697,0.010498599670120082,0.00011022059503329462,0.00023168865981071374
25,0.00012952007441524582,3.358057217558071e-05,0.00019962161748602694,0.00016604104531044622,0.009215791996479199,8.493082212224223e-05,0.00026942568605858863,0.00295054367988804,8.705708006928603e-06,6.66216071132375e-05,-0.0026655555514079,7.105186397571295e-06,0.0002628175592862547
26,-3.0679580638444115,1.0,1.0,0.0,0.0,1.0,1.0,0.0,1.0,1.0,0.0,1.0,1.0
27,5.3369298598782144e-05,1.8298474592744658e-05,0.00014250621167929042,0.00012420773708654576,0.0022462678200918205,5.045719119634029e-06,0.00011938319051429946,-0.007059733959424098,4.98398435784253e-05,0.0001349780533190792,-9.93029713576446e-05,9.861080174644599e-09,0.00017315739120449258
28,5.6172703808643476e-05,2.0121993775656932e-06,0.0001838490798551732,0.00018183688047760752,0.0010819696482157022,1.1706583190607134e-06,0.00021923753481856156,-0.001776313302255528,3.1552889478980717e-06,0.00012754420074811978,0.0013079185242473657,1.7106508657382946e-06,0.0002047655039988383
29,0.00011513245834227082,8.731325594572385e-05,0.0001384337997214861,5.112054377576224e-05,0.008839123749276659,7.813010865431735e-05,0.0001237394049866669,0.009105283350045196,8.290618488482338e-05,0.00012960119338734089,0.010045072140057109,0.00010090347429803082,0.0001619608007904505
30,-2.862017171909506,2.210545716474499e-06,0.000123586387448101,0.0001213758417316265,0.0014867904081330844,2.2105457162524544e-06,0.000123586387448249,-0.0014867904081330874,2.2105457152532537e-06,0.00012358638744658368,0.001486790408133083,2.210545717917789e-06,0.00012358638744947026
31,0.00011564788432116835,4.954652869167593e-06,0.00024307167252646256,0.00023811701965729495,-0.00023695750302965,5.614885845162121e-08,0.00022238286479947522,-0.0011617130777815915,1.3495772752669666e-06,0.00026741326836510204,0.0036685463706598045,1.3458232473784193e-05,0.0002394188844148104
32,-1.5795183587117245,1.2678719677287434e-05,0.00010081891251023656,8.814019283294912e-05,-0.0030309633305755155,9.186738711419729e-06,9.41810137130572e-05,0.004293970891913702,1.84381860189875e-05,0.00011214469523157522,-0.0032266444338303786,1.0411234301455075e-05,9.613102858607725e-05
33,5.832396184124455e-06,9.289104532239634e-07,0.00014702718355430466,0.0001460982731010807,-0.0001009214757113601,1.0185144394547763e-08,0.0001486911663935997,0.0010710828384629771,1.147218447017373e-06,9.782214943043765e-05,0.0012764512400661014,1.6293277682599694e-06,0.00019456823483887664
34,0.00010963605834191092,3.580766945639654e-05,0.0003741709492139182,0.00033836327975752167,-0.002698069794338005,7.279580615415782e-06,0.0003399453028685162,0.006536212638404936,4.272207565481079e-05,0.0004843124096473028,-0.007577687780537862,5.742135209896304e-05,0.0002982551351259355
35,-2.882284959305598,1.0050295721653058e-05,0.00012625053569292888,0.00011620023997127582,-0.0031702201378086565,1.0050295722208169e-05,0.00012625053569292888,0.0031702201378086517,1.0050295722097147e-05,0.000126250535693484,-0.003170220137808653,1.0050295720653857e-05,0.00012625053569237377
36,0.0001400655772609838,4.969279048279892e-05,0.00029892264172052635,0.00024922985123772745,-0.007393012268154329,5.4656630397276196e-05,0.00017745484526354716,-0.00868281178678491,7.539122052480085e-05,0.0002620489652107594,-0.004362398483206476,1.9030520526319705e-05,0.00045726411468727246
37,-3.044373415249182,2.978274790051601e-05,0.00013158755785166085,0.00010180480995114484,-0.005457357226778634,2.9782747900886086e-05,0.00013158755785214193,0.0054573572267786405,2.9782747899442796e-05,0.00013158755785025456,0.005457357226778632,2.9782747901219153e-05,0.00013158755785258602
38,9.487857271495148e-05,2.2631785251599663e-05,8.199643988811751e-05,5.9364654636517855e-05,-0.0017682732147886002,3.1267901617892946e-06,5.010519721038165e-05,0.0015105205609187127,2.281672364601306e-06,5.7930077720036444e-05,0.00790486516195222,6.248689322840839e-05,0.00013795404473393447
39,8.087121113831142e-05,5.746424088644749e-06,9.128426352078556e-05,8.553783943214081e-05,-0.0032088690948943416,1.0296840867507484e-05,8.234804962814479e-05,0.0025622281894658455,6.565013294768107e-06,9.749078121557009e-05,-0.0006143436366036932,3.7741810365865547e-07,9.401395971864179e-05
40,6.363077088067381e-05,2.026594206324302e-05,0.00014451046349095442,0.0001242445214277114,0.0015925538418551147,2.5362277386031806e-06,0.00011569775433006857,-0.005501533159600512,3.026686710605464e-05,0.00018625643979641726,-0.0052910047576012805,2.7994731345071244e-05,0.00013157719634637743
41,-3.0679580638444115,1.0,1.0,0.0,0.0,1.0,1.0,0.0,1.0,1.0,0.0,1.0,1.0
42,2.185138869281733e-05,4.718718639347881e-06,0.00010840569652222538,0.00010368697788287751,-0.0008658969239812571,7.497774831000115e-07,0.0001435229246129488,0.00134818553158198,1.8176042270168224e-06,5.647171822842356e-05,0.003404228871262886,1.158877420792681e-05,0.0001252224467253038
43,-2.7771438407777165,2.0593505655197575e-05,0.00012354573070490668,0.0001029522250497091,0.004538006793170049,2.0593505655752686e-05,0.00012354573070538777,-0.00453800679317005,2.0593505654753486e-05,0.00012354573070427755,-0.00453800679317005,2.0593505655086553e-05,0.0001235457307050547
44,-3.0679580638444115,1.0,1.0,0.0,0.0,1.0,1.0,0.0,1.0,1.0,0.0,1.0,1.0
45,0.0023495385599509033,0.0011210481450194913,0.0016377277461617767,0.0005166796011422854,-0.006854227508188226,4.6980434733834286e-05,0.0005222579825918672,-0.03855699385025794,0.00148664177476876,0.0018854035352636744,0.04277291462544866,0.0018295222255558796,0.0025055217206297886
46,0.00028667235260493307,0.00011553894945600292,0.00044420693100951275,0.00032866798155350985,-0.009756268215513167,9.518476949277321e-05,0.0005900573091806027,-0.015850918032298243,0.00025125160246630696,0.00057447828636914,-0.000424825151798989,1.8047640892859818e-07,0.00016808519747879558
47,0.00012820997484941365,5.050773534346723e-05,0.00045160968002148455,0.0004011019446780173,0.005921676768404235,3.5066255749671704e-05,0.0005747416712682529,0.006943044659236784,4.820586914022762e-05,0.0005698266597220503,0.008261421254271593,6.825108114050238e-05,0.0002102607090741504
48,1.881202031173146e-05,7.956086388520115e-06,0.00012519482753118685,0.00011723874114266673,0.0030099038301917586,9.059521067333876e-06,9.2659471220502e-05,-0.0012418641638751692,1.5422266014253339e-06,0.0001938258269067461,-0.0036423222669559902,1.3266511496801137e-05,8.909918446631249e-05
49,-3.03135059295232,6.878285809260494e-05,0.00018830884523080016,0.00011952598713819522,-0.008721649607798795,7.606717188202161e-05,0.00021144989142307669,-0.0072283772960879825,5.224943833426199e-05,0.00014314665603210042,-0.008833570289602348,7.803196406153123e-05,0.00021032998823722338
50,0.0005005048855615257,0.00011108290986616698,0.00025273855746384594,0.00014165564759767896,0.0034958741033542943,1.2221135745948963e-05,0.00012350734383981266,0.017908586916690502,0.0003207174853528949,0.0005147849133780857,-0.0005568738636955705,3.101084996570691e-07,0.00011992341517363947
51,6.358337116807444e-05,1.7046074174890496e-05,8.502115626888666e-05,6.797508209399616e-05,0.0008980596835762739,8.065111951616188e-07,5.3799093674977705e-05,-1.3201455118314063e-05,1.7427848053586104e-10,5.4385469281603704e-05,-0.00709447228838388,5.033153705102933e-05,0.00014687890585007857
52,2.6571986346368703e-05,8.405082748463855e-06,0.00012685387011313054,0.00011844878736466669,-0.004359542252067561,1.9005608647315597e-05,0.00015440479106831884,0.0024097241621049877,5.806770537408745e-06,0.00012347956886737954,0.0006347196709083283,4.028690606672214e-07,0.00010267725040369324
53,2.8158111473275405e-05,1.999377504742957e-06,0.00011236047679478538,0.00011036109929004242,-3.168208469344883e-05,1.0037547459873508e-09,0.00012357905394722035,0.002056912018019428,4.23088705003849e-06,8.616395693694656e-05,-0.001329000267021696,1.7662417094443938e-06,0.0001273384195001892
54,3.421577022177935e-05,1.2210707141154428e-05,0.00046486696779550013,0.0004526562606543457,-0.005679664914393133,3.225859353961358e-05,0.0004610838723280164,-0.002088226593552163,4.360690305849069e-06,0.00040848444746910406,-0.00011330303547136827,1.283757800063512e-08,0.0005250325835893799
55,0.0005603141712123838,0.0003086935161851952,0.0013318543510127956,0.0010231608348276004,0.017249450301126838,0.00029754353569078074,0.0011081126289020915,-0.013703671417610586,0.00018779061032203614,0.0014442364418971732,0.020993961097003428,0.00044074640254276876,0.0014432139822391221
56,6.689349011868018e-05,2.1620671340927267e-05,0.00011325933877093242,9.163866743000515e-05,-0.004898458108573755,2.3994891841461197e-05,0.00010359257853098658,0.006005689701177355,3.6068308787551295e-05,4.413910651712705e-05,0.002190619408729074,4.798813393769308e-06,0.00019204633126468362
57,3.082649117724934e-05,7.745338969263512e-06,8.692035069601811e-05,7.91750117267546e-05,-0.00275266042949213,7.577139440551051e-06,0.00016299578719614072,-0.003945075151093496,1.556361794741168e-05,5.705261769861636e-05,0.00030864140971604935,9.525951982780612e-08,4.071264719329726e-05
58,-3.0679580638444115,1.0,1.0,0.0,0.0,1.0,1.0,0.0,1.0,1.0,0.0,1.0,1.0
59,0.00010525615008072364,3.122722807084403e-05,0.0002859163232687238,0.00025468909519787974,-0.006253985516962667,3.911233484588106e-05,0.00015466481419557088,0.004898908001047637,2.3999299602728286e-05,0.0001758115215585443,-0.005529018878995932,3.0570049763922746e-05,0.0005272726340520562
60,-3.0679580638444115,1.0,1.0,0.0,0.0,1.0,1.0,0.0,1.0,1.0,0.0,1.0,1.0
61,0.001395751013124169,0.0004248429408785226,0.0020074847600663284,0.0015826418191878058,0.006273726789161258,3.935964782519896e-05,0.00027071610572615423,0.02773625053272625,0.0007692995936138258,0.0036235430422575376,0.02158401216633815,0.000465869581196543,0.0021281951322152937
62,2.882081345356724e-06,2.2588601260957e-06,0.00029639925642288567,0.00029414039629678995,0.0015062707162687497,2.2688514697000173e-06,0.0002830535837750059,-0.0014808582250602923,2.1929410835008767e-06,0.0003029185895278008,0.0015214426791497007,2.3147878250862064e-06,0.0003032255959658503
63,0.00017798502435306673,7.723378972664581e-05,0.00020895931521425215,0.00013172552548760635,-0.010032016512102605,0.00010064135529908036,0.00021882342617385309,-0.010303491763205408,0.00010616194251422684,0.00024372019379570453,0.004989796725959374,2.4898071366630248e-05,0.00016433432567319883
64,0.00022858062472308482,9.954459824916088e-05,0.0003409250240327862,0.00024138042578362529,0.014909558746020072,0.00022229494200098898,0.0005318710262588455,0.008565036134890246,7.335984399214901e-05,0.0003050261364935247,-0.0017259805197569862,2.9790087543446475e-06,0.00018587790934598836
65,-0.24710588699902747,4.855334441041433e-05,0.00017891302235188236,0.00013035967794146802,-0.007260658010572443,5.2717154745529626e-05,0.00019199304598926936,0.006836707780294257,4.6740573272363584e-05,0.00017303086400233259,-0.006797227759354352,4.620230521334978e-05,0.00017171515706404517
66,0.0003104255085467633,8.80551088570843e-05,0.00040085924456419636,0.0003128041357071121,0.011453635896429741,0.0001311857752481771,0.0004890251779843258,-0.00945970283521407,8.948597773072997e-05,0.00040173011481081655,0.006594965776431845,4.349357359234585e-05,0.0003118224408974468
67,0.0004908253159308096,0.00011162381841060369,0.0003918213243625142,0.0002801975059519105,-0.004806103631840479,2.3098632120022167e-05,0.0002136121716829198,0.007554125322963106,5.706480939493552e-05,0.0002324702980404103,-0.015959574358886675,0.00025470801371685337,0.0007293815033642126
68,2.6422167400785845e-05,7.0475022557747735e-06,0.00010636673534647478,9.931923309070001e-05,-0.003129207240018856,9.791937951031393e-06,0.000128955572099132,-0.0032525028950166107,1.0578775082481506e-05,0.00012312459210783722,0.0008785179189056699,7.717937338114211e-07,6.702004183245514e-05
69,2.2144887034558636e-05,1.3336804865593521e-05,0.00012923469591541448,0.00011589789104982096,-0.003160695492385823,9.98999599377548e-06,0.00011870710904571258,-0.0034411829145227454,1.184173985091519e-05,0.00015995626525344697,0.0042636461803863615,1.8178678752089894e-05,0.00010904071344708388
70,-3.0679580638444115,1.0,1.0,0.0,0.0,1.0,1.0,0.0,1.0,1.0,0.0,1.0,1.0
71,8.141089120294875e-05,4.1296899570183086e-05,0.0003069434809628661,0.00026564658139268304,-0.004189202688042652,1.754941916110031e-05,0.00030549622258635445,0.008549428816363825,7.309273308520048e-05,0.00032741793797375074,-0.005766155258424327,3.324854646424846e-05,0.0002879162823284931
72,0.00037944887929108884,0.00012315246134486646,0.0006599679803122779,0.0005368155189674114,-0.010464436178060409,0.0001095044245242871,0.0007577914066928537,-0.016122674467200452,0.0002599406319755415,0.0007021393294889267,-0.00011102943087806399,1.2327534770761872e-08,0.0005199732047550532
73,-2.7827278841618597,5.4446607711774085e-05,0.00023733920951559315,0.00018289260180381905,0.007378794461997572,5.4446607712033135e-05,0.0002373392095159632,-0.007378794461997574,5.444660771192211e-05,0.0002373392095154081,-0.007378794461997574,5.4446607711367e-05,0.0002373392095154081
74,8.62122712327329e-05,3.654579832993813e-05,0.00011522796983061874,7.86821715006806e-05,-0.006264461548271163,3.924347848993648e-05,0.00010519012002296879,0.006417026668164272,4.117823125948661e-05,0.00014255189933409795,0.005405153581555415,2.921568524039131e-05,9.794189013478949e-05
75,0.00011844611786282488,2.261626645775709e-05,0.00022053149567369257,0.0001979152292159355,-0.003664026568847342,1.3425090697127828e-05,0.0001408792835352335,-0.0005446629900272671,2.966577727914199e-07,0.00036033148228442613,-0.007357108868501668,5.4127050903352014e-05,0.00016038372120141808
76,0.000566714388892553,0.000256488636843429,0.0013680696496093752,0.0011115810127659462,0.01045230097119298,0.00010925059559252492,0.0005932602906515427,-0.01541090927873986,0.0002374961247977314,0.0017244511617372504,-0.02056013594653574,0.0004227191901400307,0.001786497496439332
77,-3.0679580638444115,1.0,1.0,0.0,0.0,1.0,1.0,0.0,1.0,1.0,0.0,1.0,1.0
78,0.0002648950400758743,0.00016061645735795013,0.0002681708495823794,0.00010755439222442928,0.009032373761255779,8.158377576250597e-05,0.00022827108458178813,0.016152696061419995,0.0002609095900528713,0.00033691133406377194,-0.011804914496009815,0.0001393560062584731,0.00023933013010157822
79,0.00017297362293977603,7.557457381561032e-05,0.0002104434261666436,0.0001348688523510333,0.007583989740899984,5.751690039002e-05,0.00011142417265608273,-0.006814651035673801,4.643946873850169e-05,0.0002338955486953509,-0.011080042974561673,0.00012276735231830926,0.0002860105571484972
80,-3.0679580638444115,1.0,1.0,0.0,0.0,1.0,1.0,0.0,1.0,1.0,0.0,1.0,1.0
81,0.00010181628039762636,8.02283897353521e-07,6.008478244886225e-05,5.928249855150873e-05,0.0008065739045732215,6.505614636997947e-07,5.913376400412673e-05,0.0006007981318238485,3.6095839517358286e-07,5.604959354577055e-05,0.001181241649059594,1.3953318331871856e-06,6.507098979668946e-05
82,9.414444704713976e-05,8.746382984385163e-05,0.00016574675804833147,7.828292820447984e-05,-0.00921161565288197,8.485386293599628e-05,0.00016900288036825195,0.00967185206454252,9.354472235778566e-05,0.00016681250334693587,0.009164764276160505,8.399290423777295e-05,0.00016142489042980657
83,8.547632723054921e-05,2.237062995091854e-05,0.00018799559859235723,0.0001656249686414387,-0.005316360526717766,2.826368924979672e-05,0.0001118634677229613,-0.002358281737743866,5.561492754102559e-06,0.00015651665100779866,-0.0057694633935280034,3.3286707848856345e-05,0.0002956066770463117
84,7.467291051244107e-05,2.6788804193082307e-06,6.448976374059019e-05,6.181088332128196e-05,0.002168127152556761,4.700775349864017e-06,5.357379826709252e-05,0.0017939302301448461,3.2181856699509126e-06,8.12291523835107e-05,-0.00034304553447153885,1.1768023810976302e-07,5.8666340571167375e-05
85,4.949631895267981e-05,1.2101391951698423e-05,0.00012684983132734326,0.00011474843937564484,-0.0005233390927241623,2.738838059679338e-07,0.00011158022404633705,-0.004691118147645722,2.2006589475043192e-05,0.0001622341424928342,-0.0037448234369570877,1.402370257408414e-05,0.00010673512744285851
86,6.802383209547624e-05,1.0752897635080139e-05,8.24015504196085e-05,7.164865278452837e-05,-0.003464827709975711,1.2005031060802196e-05,7.842377417810464e-05,-0.00450029208978175,2.0252628893602242e-05,9.010253566898996e-05,-3.2139547646715674e-05,1.0329508359774309e-09,7.867834141173091e-05
87,3.9048359850801795e-05,1.990964933843801e-06,4.3233081452746326e-05,4.124211651890253e-05,0.0004399642917705072,1.9356857816621442e-07,8.233712732641507e-05,-0.0023861336538595844,5.693633814085608e-06,2.3621004135443435e-05,-0.0002927326586612363,8.569240927958077e-08,2.374111289638048e-05
88,-3.00181061232915,5.444660771199613e-05,0.0002373392095160002,0.00018289260180400407,-0.007378794461997572,5.444660771181109e-05,0.00023733920951563015,0.007378794461997574,5.44466077123662e-05,0.00023733920951662935,0.007378794461997577,5.444660771181109e-05,0.00023733920951574117
89,0.0002596622319082087,6.4562090506796e-05,0.0002130746598000277,0.0001485125692932317,-0.00814400608168854,6.632483505852882e-05,0.00023068815435089984,-0.004197423870843935,1.7618367151639447e-05,0.00021435458871599256,-0.010475832630873694,0.00010974306931021971,0.00019418123633319073
90,0.0001971847422240769,0.0001262649938497488,0.00029108832623218434,0.00016482333238243554,-0.0114356586705152,0.00013077428922769752,0.0003052180482510103,0.011008383160776122,0.00012118449981468604,0.00029162161725659885,-0.011262157542280828,0.00012683619250686284,0.0002764253131889438
91,-1.0768775435276128,9.302122856028975e-06,0.0001984144352021507,0.00018911231234612175,0.0031072540982084343,9.655028032518054e-06,0.00020692607123640183,0.0030466792413034204,9.282254400222456e-06,0.0001978855316646655,-0.002994843257052134,8.969086135346416e-06,0.0001904317027053848
92,0.00014412921353290642,5.949067102017924e-05,0.0003024773134262156,0.00024298664240603635,0.010547177682623561,0.00011124295706865794,0.0006222699659133024,0.00407591839725739,1.6613110780938634e-05,9.588789831638245e-05,0.00711448840123722,5.061594521094115e-05,0.00018927407604896196
93,9.123747612738153e-05,5.437023009891018e-05,0.00019382073998908123,0.00013945050989017105,-0.009220110005873828,8.501042852016027e-05,0.0002576814057009269,-0.0012968692200362036,1.6818697741172173e-06,0.00013621346210979102,0.00874176137872303,7.641839200245304e-05,0.00018756735215652576
94,1.704946282032882e-05,2.6435019160331308e-06,0.00027404229980476646,0.00027139879788873333,0.001847750573441653,3.4141821818600704e-06,0.0005599000550973177,0.0017352547407703464,3.0111090154605336e-06,0.00015359947513637895,-0.0012268718556046718,1.5052145507787884e-06,0.00010862736918060278
95,5.418348683605689e-05,1.5207547377789806e-05,0.00012620049435703903,0.00011099294697924923,0.0009947949606531944,9.89617013669175e-07,7.431865819695904e-05,-0.005914360849120617,3.497966425336507e-05,0.0001595676704941873,-0.0031069858169122085,9.65336086633517e-06,0.00014471515437997073
96,8.304193878572175e-05,3.7647943338381396e-05,0.00022604983357443764,0.00018840189023605625,-0.007863292821110562,6.18313739909615e-05,0.00011172501498246667,-0.006762080869759297,4.572573768923949e-05,0.00022275153653950053,-0.0023209304890303814,5.386718334943197e-06,0.0003436729492013457
97,-2.981557352386895,1.2698523561634664e-05,0.0001215915409520744,0.00010889301739043974,0.00356349878089362,1.269852356167167e-05,0.00012159154095248148,-0.003563498780893619,1.2698523561893715e-05,0.00012159154095214841,-0.00356349878089362,1.2698523561338604e-05,0.0001215915409515933
98,0.0001957377836108165,8.73408455435154e-05,0.00044253001019067817,0.00035518916464716277,-0.005187478595191839,2.690993417553411e-05,0.0003942742542026867,-0.011808615462620142,0.00013944339914395698,0.0004308088499702656,-0.009781063506132087,9.56692033110551e-05,0.0005025069263990822
99,8.354993093551144e-05,6.048990039975166e-07,0.00014797073314768797,0.00014736583414369045,-0.0006257946344899508,3.916189245112278e-07,0.00015268512790744815,0.00014131722423622653,1.9970558318149756e-08,0.00016136075634853864,0.0011845283995165511,1.4031075291631723e-06,0.00012986631518707714
100,0.00017550796843768257,7.700173694021502e-05,0.0002632481107242013,0.00018624637378398628,-0.007695390542028396,5.921903559458208e-05,0.0002296731144701969,-0.011369942318123112,0.00012927558831765662,0.0003368743852744105,-0.0065200143334473324,4.251058690840637e-05,0.00022319683242799648
101,0.0022725945875861076,0.0006563343375590724,0.0022755386753243734,0.001619204337765301,0.024261886459598786,0.0005886391345782949,0.0014744052681366915,0.03006485346459543,0.0009038954138476107,0.0020672896051072698,0.021828157600926504,0.00047646846425131173,0.003284921152729159
102,-2.8113632853079706,2.564489190137742e-05,0.0001285381513441338,0.00010289325944275637,0.0050640785836936686,2.564489190182151e-05,0.00012853815134439284,0.0050640785836936686,2.5644891901044353e-05,0.00012853815134394875,-0.005064078583693667,2.5644891901266398e-05,0.00012853815134405977
103,0.0007627645709507025,8.951419107997942e-05,0.0007811638374721023,0.0006916496463921229,0.010712314063639207,0.0001147536725980558,0.0006974948738679432,-0.011199669350354042,0.0001254325935573508,0.0010108808285590465,0.005325064045116099,2.835630708453163e-05,0.0006351158099893173
104,5.82822277971351e-05,2.5200252974514708e-05,0.00022770415202514696,0.00020250389905063226,-0.004978663644959341,2.4787091689404406e-05,0.0001720291589242251,0.0006446597406050806,4.155861812460415e-07,0.0002498507685602114,-0.007099160587918585,5.039808105289367e-05,0.00026123252859100443
105,0.0002033810085015908,5.177291801058045e-05,0.0003319366665224255,0.00028016374851184506,0.0063427349939634975,4.023028720401278e-05,0.00037343006353129926,0.0025527001278018006,6.51627794234777e-06,0.00012770043357768213,0.010419797929205499,0.00010857218888538078,0.0004946795024582951
106,0.0002297605246585066,6.392835270137749e-05,0.00018531062477570673,0.00012138227207432924,-0.008170608423307982,6.675884200735283e-05,0.0001603370218301592,-0.006826791392877011,4.660508072185099e-05,0.00015929421295191037,-0.008855570866676371,7.842113537492867e-05,0.00023630063954505065
107,0.0001818162780333754,4.4720460703584486e-05,0.00015652363705827751,0.00011180317635469303,-0.009561421372964427,9.142077867230203e-05,0.00016814321866465143,0.0006952790737588772,4.83412990526233e-07,0.0001707171220851622,-0.006500553087827307,4.22571904479252e-05,0.00013071057042501888
108,1.4718862425544543e-05,6.7489464612805845e-06,0.00017303619303347487,0.0001662872465721943,0.0028856622781347242,8.32704678344065e-06,0.0002059372012483962,-0.0033451285836793173,1.1189885241069675e-05,0.00023882303803468563,0.0008543461589000404,7.299073593314276e-07,7.434833981734279e-05
109,4.0233749917684136e-05,1.0244780912197863e-05,8.271683205255768e-05,7.247205114035982e-05,-0.001746628190261735,3.0507100351462313e-06,0.00012022790345278533,-0.005098691817339599,2.5996658248206295e-05,6.575807437481096e-05,-0.0012988358069521589,1.6869744532410635e-06,6.216451833007675e-05
110,2.6418121649385284e-05,3.7327618215658256e-06,0.0005484234608002699,0.0005446906989787041,0.0011646326126371893,1.3563691225737529e-06,0.0005857543215663785,-0.0017357049226292582,3.012671578650483e-06,0.0006551291673655424,0.0026132823734586618,6.829244763473241e-06,0.0004043868934688888
111,-2.9350077252590356,1.6570438721164038e-07,0.00012035019329866466,0.00012018448891145302,-0.00040706803775192996,1.657043877667519e-07,0.00012035019329892371,-0.00040706803775193007,1.6570438676755117e-07,0.00012035019329859065,-0.00040706803775193,1.6570438710061808e-07,0.00012035019329847962
112,1.4821518785512744e-05,6.317944768796657e-06,0.00028620802076388213,0.0002798900759950855,-0.001932158523743032,3.733236560554687e-06,0.0003958741785596853,0.0034045205801476745,1.1590760380375542e-05,0.0001223610791647456,-0.0019052132073765935,3.6298373654597427e-06,0.00034038880456721543
113,-2.4149989268826206,3.027879851676592e-05,0.00017033121412812768,0.00014005241561136175,0.0021964723234238807,4.8244906686312206e-06,4.562355911774674e-05,0.006619315735742967,4.381534081054905e-05,0.00023552508842517028,-0.006495888243489481,4.219656407111749e-05,0.00022984499484146603
114,2.1291248928356765e-06,9.803997736238894e-07,0.00015638373917055878,0.0001554033393969349,-0.0003574178701869004,1.2774753410660367e-07,6.176764233845056e-05,0.0012961562693227988,1.680021074590421e-06,0.00014139539657631595,-0.001064627029850919,1.1334307121746434e-06,0.0002659881785969098
115,0.0001738338505882231,5.01738837036525e-05,0.0002949396594186249,0.0002447657757149724,-0.011470666605039296,0.00013157619236425777,0.0003154893453736207,0.0043474152735649444,1.890001956039722e-05,0.00024098257165339199,-0.000213164693254779,4.543918630250943e-08,0.0003283470612288619
116,0.0002379653974694529,7.687974766235062e-05,0.0003963377144150515,0.0003194579667527009,-0.009614803153503918,9.244443968070559e-05,0.000490843427620069,0.009536978640210676,9.095396158387281e-05,0.00028500323414692996,-0.0068731973435162555,4.724084172247345e-05,0.0004131664814781555
117,0.00013462993475166218,1.7761091449131072e-05,0.0003438369255823008,0.0003260758341331697,0.005690793014644707,3.2385125135370174e-05,0.00032610938565436065,0.003970205206772888,1.5762529383844814e-05,0.0002776745854753404,0.0022661905983609363,5.135619828178228e-06,0.0004277268056172012
118,0.00033463857166060595,5.014355356599184e-05,0.00019954347131301287,0.00014939991774702102,0.0007687071453519423,5.909106749468762e-07,9.89992258625394e-05,4.1559976313246244e-05,1.7272316910066365e-09,0.00011084553622864313,0.012240834235906835,0.00014983802279133762,0.0003887856518478561
119,0.00017432744919454457,9.481583281726695e-05,0.0003716905313806788,0.00027687469856341185,0.005376322300564611,2.8904841479326926e-05,0.0002167078903335673,-0.009178923323352342,8.425263337552558e-05,0.0002509373681405247,0.013087781461985163,0.00017129002359694834,0.0006474263356679444
120,0.0002488114300334132,8.057921306925397e-05,0.0002161258073211473,0.00013554659425189333,0.0005901334491340073,3.4825748762568054e-07,0.00011452868866601573,-0.011901636140904653,0.00014164894283019702,0.000275984423543818,0.009987013512037117,9.974043888993922e-05,0.0002578643097536082
121,1.214303179175591e-05,3.7861001779641392e-06,0.00017418022225050103,0.0001703941220725369,-0.0018649841905371257,3.4781660310789775e-06,0.00011464712694619905,-0.002800571315642905,7.843199694268499e-06,0.00020147386790192456,-0.0001921843084180791,3.693480854494169e-08,0.0002064196719033795
122,0.00033845065590409895,0.0001052904872294036,0.0003857973397565588,0.0002805068525271552,-0.015495358471859216,0.00024010613417113635,0.0006549145042217264,0.0011170706292469388,1.247846790564111e-06,0.0001896732431472259,0.008632350822729557,7.451748072651032e-05,0.000312804271900724
123,5.641031149195008e-05,9.25224505380721e-06,0.0001958113511865515,0.0001865591061327443,0.0007259654183866514,5.270257884548712e-07,7.847495717261399e-05,0.0027639549071924803,7.639446728990862e-06,0.0003239123654372733,0.00442608886534409,1.9590262643975898e-05,0.0001850467309497672
124,0.00011630351645652848,3.230303988828916e-05,0.00018179129890786663,0.00014948825901957746,-0.0007399127154820116,5.474708261177241e-07,0.0001486675128284931,-0.007206385563399503,5.193199288811012e-05,0.000163795690588997,-0.006665557437377576,4.4429655950639635e-05,0.0002329106933061098
125,0.00015498203970210067,2.587298404318113e-05,0.00023993941876436034,0.0002140664347211792,-0.003528802522056096,1.2452447239796882e-05,0.0001261032643684601,-0.004000316083238757,1.6002528765768353e-05,0.00023771243371784045,0.007011702797744873,4.916397612397816e-05,0.0003560025582067805
126,0.00015875429930412022,4.5456941439388686e-05,0.00026768507243705536,0.00022222813099766667,0.007843924296476441,6.152714836882289e-05,0.00022604190444464045,0.008333293982759905,6.944378860318512e-05,0.0004762516512336612,-0.002323765768289367,5.399887346158039e-06,0.00010076166163286437
127,5.455694482514595e-05,1.930439083626852e-05,0.00025538700927862923,0.0002360826184423607,-0.0017587647794391939,3.093253549302233e-06,0.00013326086483356203,0.00123913710409146,1.5354607629802786e-06,0.00036058759126711415,-0.007299620414509862,5.3284458196523055e-05,0.0002723125717352115
128,4.2736201367743476e-05,1.3165219283443422e-05,0.000159536700138981,0.00014637148085553758,-0.005075135136195469,2.575699665074982e-05,0.00010028284524177256,-0.0031641763383015143,1.001201189976264e-05,0.000230434218368325,-0.001930453133316801,3.726649299817808e-06,0.0001478930368068454
129,5.515168831293771e-06,4.441201908456094e-07,0.00014835380333366732,0.0001479096831428217,-0.0003853866125164335,1.4852284091482204e-07,0.00013878867301220232,-0.0009402123390766607,8.839992423625986e-07,0.00013494078129783205,-0.0005475750993251404,2.998384892594075e-07,0.0001713319556909676
130,0.00010994923466756124,2.166769883889715e-05,0.00016279836183093663,0.00014113066299203947,-0.005040352039607249,2.5405148683210754e-05,0.00011098145690469075,0.0019155424100974474,3.66930272499566e-06,0.00012929657876636913,0.005994050809664385,3.5928645108485036e-05,0.00024811704982175
131,0.000143739966030898,5.150300885118734e-05,0.00039142809907855014,0.0003399250902273628,0.009323589261434265,8.692931671561155e-05,0.0003199244645119004,-0.0017115237911945777,2.929313687616286e-06,0.00027984197161545765,0.008040547005673446,6.465039615033419e-05,0.0005745178611082924
132,0.0004061715264244148,0.00015952969762977887,0.0003874605701367588,0.0002279308725069799,0.006803593780639163,4.628888833202449e-05,0.00031808917115239144,-0.019197814311703407,0.00036855607434671533,0.0006406127526467076,0.007983992122406872,6.374413021059677e-05,0.00020367978661117725
133,5.876869930099282e-05,1.2898036578741964e-05,0.0002882224502431437,0.00027532441366440175,0.003916398190757509,1.5338174788492864e-05,0.00042330351301700375,0.004336700068649944,1.8806967485351933e-05,0.00011722200762953605,0.0021328308564249,4.548967462381093e-06,0.0003241418300828913
134,3.807373465825048e-05,1.6550066193129116e-05,8.830658299848378e-05,7.175651680535466e-05,-0.0022940373537059617,5.262607379985518e-06,5.408314592358909e-05,-0.003572731509824531,1.276441044140153e-05,0.00013813092809766836,-0.0056234491868668275,3.16231807580003e-05,7.270567497419389e-05
135,0.00014360313484673703,5.9855521640709654e-05,0.0005617421530800989,0.0005018866314393893,0.006999403609920263,4.899165089577995e-05,0.000830007790010856,0.011426913919881822,0.00013057436173269377,0.0006321420301047542,2.3500955984890552e-05,5.522936552537772e-10,0.00022307663912468634
136,0.0001294890515920466,2.5325235323651424e-07,0.00022562140615263923,0.00022536815379940273,-0.0006992912351506017,4.890082315744948e-07,0.00022575402592428517,-0.000511288387730866,2.614158154390367e-07,0.00021654553145711297,-9.660751708475169e-05,9.333012696011167e-09,0.00023456466107651952
137,1.125225399822849e-05,3.3812571005320535e-06,7.179425520150347e-05,6.841299810097141e-05,0.0014868376875272094,2.2106863092341555e-06,5.93730917679558e-05,-0.0027871153733882124,7.76801210522482e-06,7.283701219029659e-05,-0.0004062916281072813,1.6507288713718538e-07,8.317266164625803e-05
138,6.690165138034665e-05,2.3458853137518314e-05,0.00024825981700434446,0.00022480096386682616,-0.0015838344174600658,2.5085314621087207e-06,0.00018244402483247324,0.005741144807121038,3.2960743696408557e-05,0.00020289072035728495,-0.005908238676086229,3.490728425403766e-05,0.00035944470582327526
139,3.405046623539132e-05,1.4277080931342686e-05,0.00011617272279806912,0.00010189564186672644,-0.0035666584064454328,1.2721052188080506e-05,8.389940947761687e-05,0.005137309861930268,2.6391952616777736e-05,7.404269208077796e-05,-0.0019282733179439302,3.7182379891698147e-06,0.00019057606683581252
140,9.826758287156956e-05,4.188798740312194e-05,0.0002184264902617139,0.00017653850285859196,0.0058749888057176465,3.451549346744631e-05,0.0002877285222604442,0.00836322540411236,6.994353915956708e-05,0.0002426803209741868,0.004604881060622175,2.1204929582352428e-05,0.0001248706275505107
141,-3.0679580638444115,1.0,1.0,0.0,0.0,1.0,1.0,0.0,1.0,1.0,0.0,1.0,1.0
142,-3.0679580638444115,1.0,1.0,0.0,0.0,1.0,1.0,0.0,1.0,1.0,0.0,1.0,1.0
143,-3.0679580638444115,1.0,1.0,0.0,0.0,1.0,1.0,0.0,1.0,1.0,0.0,1.0,1.0
144,-2.581792091709441,1.2115045622410984e-05,7.075992744913033e-05,5.864488182671935e-05,0.0032784357676380782,1.0748141083150031e-05,6.844936127547996e-05,0.0035195879367638074,1.2387499244703726e-05,7.046455047055034e-05,-0.0036344871080693057,1.3209496539379195e-05,7.336587060136068e-05
145,4.884242215685841e-05,1.1986530202771442e-05,0.00015762434464742606,0.00014563781444465462,0.0009170148277820743,8.409161943445653e-07,0.000161374788154256,0.0008673678765114477,7.523270331155629e-07,0.00019705688709747982,-0.005862281755510093,3.43663473808542e-05,0.0001144413586905424
146,2.0971371168299058e-05,6.780337197254127e-06,0.0001200986816623321,0.00011331834446507798,0.002621315247362452,6.871293625754227e-06,0.00017514274042285116,-0.0026605669808659077,7.078616659605963e-06,0.00011358156145413467,0.002528062757621582,6.3911013064021915e-06,7.157174311001047e-05
147,7.629209665604986e-05,1.0490531049326771e-05,0.00022200294938934384,0.00021151241834001708,0.0022256960377463326,4.9537228522522625e-06,0.00020178514138924353,-0.0040259963007866365,1.6208646214099787e-05,0.00022009217464069586,0.003210798044319434,1.0309224081628265e-05,0.00024413153213809213
148,4.425649860961833e-05,3.540987465955325e-05,0.00014135498642120492,0.00010594511176165167,-0.006581225221730827,4.331252541933672e-05,0.00012613016288709478,-0.005563652336480138,3.095422732213304e-05,0.00015145830161356066,-0.005653571547019624,3.1962871237189994e-05,0.00014647649476295932
149,0.00048507735512925976,0.00021435642857570159,0.0008871382761836596,0.000672781847607958,0.01831330219250672,0.0003353770371938847,0.0008149582327994231,-0.014316507535087342,0.0002049623880019391,0.0010506166260542127,-0.010135574010927937,0.00010272986053128097,0.0007958399696973428
150,2.9239793303825756e-05,1.0338399206647845e-05,8.16820823195119e-05,7.134368311286406e-05,0.0027793656899924445,7.724873638093044e-06,6.854439593684258e-05,-0.0027858751553562246,7.761100381475927e-06,6.980980028448158e-05,0.00394071359026819,1.5529223600374564e-05,0.00010669205073721155
151,0.00012054796491478559,1.849160529724762e-05,0.00011220646290684606,9.371485760959844e-05,0.006411442840284267,4.1106599294349344e-05,0.00017694255223177358,-0.00213008520687152,4.537262987991397e-06,3.3253520204112874e-05,0.003135435154643813,9.830953609402115e-06,0.00012642331628465175
152,0.00024097531534528205,0.00012290397161385247,0.00029275218432604316,0.0001698482127121907,-0.011219389064354737,0.0001258746909778008,0.00039105661793426005,-0.015390755695974694,0.00023687536089278538,0.0002601039789298376,0.0024416926446179095,5.961862970971232e-06,0.00022709595611403177
153,0.0002621623466931844,9.99449326229973e-05,0.0002164969063413643,0.00011655197371836698,-0.007166697515065966,5.136155327267744e-05,0.00011432776834729985,-0.0034099823206864433,1.1627979427442092e-05,0.00013254042782195885,0.01538977794411222,0.0002368452651688724,0.00040262252285483413
154,6.282046594241475e-05,6.7110019850898555e-06,0.0003285421155350132,0.0003218311135499234,-0.0036630606867896613,1.3418013594779232e-05,0.0003008706840382791,-0.001774707250945221,3.1495858265895293e-06,0.0003409939257803529,-0.0018882284115057575,3.5654065339008056e-06,0.00034376173678640765
155,0.00039377027901787987,0.00011092449707084118,0.0003749375554568113,0.0002640130583859701,-0.002737323603081871,7.492940508280199e-06,0.00022275372224966894,0.013824443482354872,0.0001911152375965175,0.0003503438014167415,0.011582975140595574,0.00013416531310772584,0.0005517151427040234
156,7.219063124419556e-05,1.0308259090837288e-05,0.00037202038494266176,0.0003617121258518245,0.005291628310706182,2.800133017777373e-05,0.00031094277342336163,0.001423506389719527,2.0263704418876927e-06,0.00034280159753496964,-0.0009471413056509131,8.97076652850437e-07,0.000462316783869654
157,0.00021961979447826518,4.826166740756754e-05,0.0001651879737632663,0.00011692630635569876,-0.0049848500128319775,2.4848729650250867e-05,0.00015051988202785527,0.0032369199180915125,1.0477650556284246e-05,7.471033228967361e-05,-0.010462247464891605,0.00010945862201616752,0.00027033370697227
158,0.00012645542609102112,6.0353735647537356e-05,0.00018427683402733042,0.00012392309837979307,-0.010077144500515512,0.00010154884128388275,0.00015956325105481728,0.006458361041410039,4.171042734157915e-05,0.00012230927244727408,0.006148328091271863,3.7801938317150174e-05,0.0002709579785798999
159,5.0599777689952496e-05,1.545610648516031e-05,0.00040918907446470715,0.0003937329679795468,-0.0015954146644223475,2.545347951299348e-06,0.00018175714218571226,0.0029154410856922688,8.499796724570352e-06,0.0006932051646136861,0.005943330276768717,3.532317477961122e-05,0.00035260491659472315
160,-3.0679580638444115,1.0,1.0,0.0,0.0,1.0,1.0,0.0,1.0,1.0,0.0,1.0,1.0
161,0.00012743678596793817,4.5152595986327114e-05,0.0002871717495659398,0.0002420191535796127,0.0031809058982260607,1.0118162333427883e-05,0.00011567238790533008,0.004920593788887311,2.421224323534421e-05,0.00044920461230446573,-0.01005621113491603,0.00010112738239020924,0.00029663824848802367
162,4.771773471623497e-05,1.3275689453455067e-05,0.0003212205967346726,0.00030794490728121754,-0.003910070568288902,1.5288651848410773e-05,0.0004143309849977683,-0.004599459497385936,2.1155027667973947e-05,0.00015507055830599192,0.0018393990443928015,3.3833888439804838e-06,0.0003942602469002576
163,3.684273824011708e-05,2.388811077510174e-05,0.00032026540477710547,0.00029637729400200374,-0.006002078088042928,3.602494137500134e-05,0.00037578280496697314,-0.0031414042242979127,9.868420500769304e-06,0.0003347144010423797,0.0050765116418182215,2.577097044953458e-05,0.0002502990083219636
164,0.00019502352595668349,6.468515287187208e-05,0.00015583808478547567,9.115293191360359e-05,0.0029472005986134037,8.68599136893966e-06,3.7025875429419486e-05,-0.013436689526958647,0.0001805446254440346,0.0003578585657684208,-0.0021965522535909894,4.824841802641977e-06,7.262981315858674e-05
165,0.0002748365936064978,0.00012955891619914617,0.00024832436628049087,0.0001187654500813447,-0.016557917880711513,0.00027416464454421696,0.00029760025382608024,-0.005959334074581285,3.5513662612451924e-05,0.0001995185797809551,-0.00888810674108469,7.899844144076962e-05,0.0002478542652344373
166,4.1182957890573135e-05,1.3591833725142463e-05,0.00012116117777964212,0.00010756934405449967,4.811840799652025e-05,2.3153812200860102e-09,0.00011825988071390015,-0.006350752673145504,4.033205951547991e-05,0.00012949691027175358,0.0006641733799576747,4.411262787273884e-07,0.00011572674235327263
167,0.00018216445731888964,5.132605216392102e-05,0.0003303578529355959,0.0002790318007716749,-0.007641188144522169,5.8387756259659085e-05,0.000430834982438566,0.006583307686398844,4.333994009386721e-05,0.00028019134814971647,-0.007228447975762406,5.2250460138236754e-05,0.00028004722821850514
168,-2.7938350664957876,2.4547802124352813e-06,0.0002328796081555081,0.0002304248279430728,0.001525047875262761,2.3257710227708728e-06,0.00022505707546038867,-0.0015674889173686649,2.457021505475332e-06,0.0002336355526930678,0.0016067196732748896,2.5815481090596393e-06,0.0002399461963130678
169,1.0008381828630064e-05,4.4205094101116655e-06,0.00023282079523904523,0.00022840028582893357,0.0023325539285794245,5.440807830159322e-06,0.00025257467027939295,-0.0027394273249179255,7.504462068763651e-06,0.00013369862043588476,0.000562368501873406,3.1625833141202264e-07,0.000312189095001858
170,0.0005228084397443933,6.87607884205151e-05,0.0002671836147175218,0.0001984228262970067,0.0017618908562255242,3.104259389430375e-06,7.054390563721036e-05,0.00019664102188004314,3.866769149318827e-08,0.00016795128593205533,-0.014252699329625002,0.00020313943818062175,0.0005630556525832997
171,-2.8360017700542333,3.58869913605527e-05,0.000141335758785018,0.0001054487674244653,-0.007035276515962682,4.9495115656106314e-05,0.00015798045813231187,-0.007302319656801692,5.332387237055869e-05,0.00015988220661600216,0.0022004513299818786,4.841986054993086e-06,0.00010614461160673994
172,4.47053927966623e-05,2.7201911191432337e-05,0.00013743364888607612,0.00011023173769464378,-0.003711998829787211,1.3778935312624974e-05,0.00013140650066401083,0.005683863861782024,3.23063083990105e-05,0.00013474055192386203,0.005959906866952904,3.552048986266154e-05,0.0001461538940703555
173,1.5255422677662445e-05,1.2483139900691201e-05,0.00025071783428398664,0.00023823469438329545,-0.0030230553911616003,9.138863898194849e-06,0.000282021373637531,-0.0038151222174963775,1.4555157534013041e-05,0.0002748469945241805,0.003708827074685629,1.3755398269865715e-05,0.00019528513469024844
174,4.0120737058502165e-05,1.0333089717022107e-05,0.00015558718106919076,0.00014525409135216866,-0.0023226248170354694,5.394586040874394e-06,0.0001351839107996966,-0.0012944407539570043,1.6755768661447235e-06,8.963688279339799e-05,-0.0048917385706889385,2.3929106244047205e-05,0.00024194074961447765
175,1.840746594039544e-05,5.9637118221915015e-06,0.00016615812006785338,0.0001601944082456619,0.0029926886362588545,8.956185273412132e-06,0.00014141674106904478,0.00221688591317885,4.914583151993668e-06,0.00022815751036064924,0.0020050852952900045,4.020367041168704e-06,0.00012890010877386615
176,-3.0679580638444115,1.0,1.0,0.0,0.0,1.0,1.0,0.0,1.0,1.0,0.0,1.0,1.0
177,0.0001855130985175535,6.107165176105767e-05,0.000280052915516434,0.00021898126375537635,0.0032535501948715707,1.0585588870903884e-05,0.0002882219721113133,-0.00297841152243266,8.870935197080598e-06,0.0002155355597691644,0.012796813322660085,0.00016375843121518852,0.00033640121466882444
178,0.00019611346470826962,6.93347750493345e-05,0.00022969197326283552,0.00016035719821350103,-0.0021456969951150753,4.604015594988908e-06,0.0001115752354896582,0.011348881144877839,0.00012879710324054106,0.00040615921441833347,-0.008637314762851732,7.460320631247352e-05,0.0001713414698805149
179,0.0004115092938810072,0.00015438121195106755,0.0005953705819790415,0.0004409893700279739,0.020183640624554893,0.0004073793488607036,0.0009396146642913772,-0.0068851002849201525,4.740460593355422e-05,0.0007344442279270114,0.002891311304432399,8.359681058944801e-06,0.00011205285371873597
180,-3.0679580638444115,1.0,1.0,0.0,0.0,1.0,1.0,0.0,1.0,1.0,0.0,1.0,1.0
181,5.3468162512504414e-05,3.554883273741242e-05,0.00020895708927678078,0.00017340825653936837,-0.004492818877573869,2.0185421466090148e-05,0.0002010045292822893,0.006218625595924443,3.867130430257326e-05,0.00020214083203651256,0.006913014714513958,4.778977244357385e-05,0.00022372590651154045
182,-2.885827370878684,4.943022492542859e-06,0.00012156329386932747,0.00011662027137678462,-0.002223290914866143,4.943022493653082e-06,0.00012156329387069675,0.002223290914866145,4.943022492653881e-06,0.00012156329386914244,-0.002223290914866146,4.943022491321614e-06,0.00012156329386814324
183,7.51033634613929e-05,3.221994867511994e-05,0.0003448094847315157,0.0003125895360563957,-0.005134398564176518,2.63620486159466e-05,0.0001308134572892694,-0.00768813342949575,5.9107395629642845e-05,0.00044588932357558786,-0.003345205790312878,1.1190401779770376e-05,0.0004577256733296897
184,4.2500710214610216e-05,1.2041194088781756e-05,0.000363314804596504,0.00035127361050772227,-0.003455565939293347,1.194093596090795e-05,0.0003627904412429883,0.003456858400598954,1.1949870002969654e-05,0.0003627123660250309,0.003497538606397462,1.2232776302467663e-05,0.0003644416065214928
185,-3.0679580638444115,1.0,1.0,0.0,0.0,1.0,1.0,0.0,1.0,1.0,0.0,1.0,1.0
186,3.753894306146588e-05,2.0684315502802104e-05,0.00021493751078420034,0.00019425319528139823,0.004228715309338682,1.7882033167104794e-05,0.00019935421299410727,-0.005940368355901607,3.5287976203224325e-05,0.00023885551717661713,0.0029804256638525065,8.882937138077196e-06,0.00020660280218187665
187,3.336051765490122e-05,7.643325076892952e-06,9.198136207488883e-05,8.433803699799587e-05,-0.0025579998225325994,6.5433630919153885e-06,0.00010982625855027184,-0.0004014265448319559,1.6114327039407073e-07,8.038865736414991e-05,-0.0040280850125152465,1.6225468868369397e-05,8.572917031024474e-05
188,0.0003548601516069061,3.8466595958778584e-05,0.0001884263566848121,0.00014995976072603354,0.00390276045548644,1.5231539173043984e-05,0.00012040145172143024,0.00466912856143971,2.180076152313859e-05,0.0001508467372367539,-0.008852541283738349,7.836748718015318e-05,0.0002940308810962522
189,0.0002079960193233088,7.385306618967746e-05,0.0002632023586793449,0.00018934929248966742,-0.0017197207514270487,2.9574394627696066e-06,0.00013512151465067124,0.014200860354140542,0.00020166443479863183,0.0003883011778315071,-0.004115498063140009,1.6937324307630952e-05,0.0002661843835558564
190,0.00011322076539821424,4.296513935904874e-05,0.00033681177930589,0.0002938466399468413,0.007340182374988909,5.3878277298746724e-05,0.0002841896886935924,0.0024831279590596454,6.1659244608991415e-06,0.0001968463522574737,-0.008297663304671441,6.885121631750035e-05,0.0005293992969666039
191,8.141488390733809e-05,5.795444424661067e-05,0.0002751361001105031,0.00021718165586389243,0.007069571729861368,4.9978844443909765e-05,0.0002648423103454034,0.0070613278080856375,4.986235041293252e-05,0.0002984868603392865,0.008603611909151362,7.402213788298972e-05,0.00026207912964681945
192,5.17092179287415e-05,7.3685607124470325e-06,0.00010681410078446547,9.944554007201845e-05,0.0023606197877105535,5.57252578192724e-06,0.00012905267307139479,0.003865834109556321,1.494467336249361e-05,0.00013264160663761793,0.0012603503455809006,1.5884829929202482e-06,5.8748022644383724e-05
193,7.033651509313898e-05,2.8967812333968723e-05,0.00026944389814860986,0.00024047608581464114,0.0051979930052891985,2.7019131282557396e-05,0.0003003443752854773,0.007614315053982982,5.79777937415038e-05,0.00010123776902004611,-0.0013807649973252333,1.9065119778449713e-06,0.0004067495501403062
194,0.0001530672619790563,0.00015038754447157152,0.0006026515458166607,0.00045226400134508915,-0.012298738965330286,0.0001512589801366815,0.0006095287206125954,-0.012192561626333556,0.00014865855901158298,0.0005905133649097838,-0.012298174428214547,0.00015124509426645005,0.000607912551927603
195,0.00017275986496356754,5.93374538202888e-05,0.0001880885038552845,0.0001287510500349957,0.0065491155551471916,4.2890914554560844e-05,0.00019780694080306915,-0.009767108189493414,9.53964023853171e-05,0.0002597031421555096,-0.006302780697512846,3.972504452098846e-05,0.00010675542860727472
196,0.0002397623077715627,8.838100291023536e-05,0.0005573134624177559,0.00046893245950752055,0.014099718003781401,0.00019880204778666144,0.000710942584812857,-0.007237395670043252,5.2379896084420174e-05,0.0006726476140671567,0.0037364508372402824,1.396106485962445e-05,0.0002883501883732542
197,8.150108470927897e-05,2.301385690461899e-05,0.00028113053006480665,0.00025811667316018766,-0.0009089675891501007,8.262220784205354e-07,0.0005295912755702847,0.0016509660540618683,2.7256889120197414e-06,0.0001783947916657036,-0.008092568178496648,6.54896597234167e-05,0.00013540552295843167
198,0.0003343066239832604,7.593166850194955e-05,0.00019697660646985268,0.00012104493796790314,0.0038507278532139517,1.4828104999420333e-05,0.00021834406944387652,-0.010210703781385127,0.00010425847171124936,0.00024153846883412378,0.010426333430077445,0.00010870842879517895,0.00013104728113155772
199,0.0007509997229347976,4.979163301969495e-05,0.00025349020757288915,0.0002036985745531942,0.0052008931979398,2.7049290056369024e-05,0.0004004116299500815,0.01018313473432894,0.00010369623301742514,0.00028646460060788304,0.004316176083637151,1.8629375985290686e-05,7.359439216070296e-05
200,0.00022215506775480343,2.0394399966594534e-05,0.00018938857514938512,0.00016899417518279058,0.0035673021076136195,1.2725644326194718e-05,0.00017430230187909235,0.004568599740704692,2.0872103591917934e-05,0.00015591377717449895,0.005252185448118997,2.758545198167095e-05,0.00023794964639456406
201,0.00042656740117952285,0.00011606563419756337,0.00029758646458107513,0.00018152083038351175,0.002805694781734992,7.871923208613296e-06,0.00021244674368769978,-0.010518844906028077,0.00011064609815669701,0.0002459366100904248,-0.015155160217801921,0.00022967888122737978,0.0004343760399651009
202,0.00018698106476655596,6.104255444083773e-05,0.00017410632439388932,0.00011306376995305159,-0.008460517029486268,7.158034840637484e-05,0.00021446107112177426,-0.010529227358102859,0.00011086462875897762,0.00022430995348121652,0.0008262482417960257,6.826861571607168e-07,8.35479485786772e-05
203,9.73627320368653e-05,3.56040702494953e-05,0.00032120186952718416,0.00028559779927768886,-0.008526084426404302,7.269411564603256e-05,0.0004134190804964133,0.0035041617001921677,1.2279149221972041e-05,0.0002975949547947554,0.004673215796518575,2.1838945880481297e-05,0.00025259157329038384
204,-3.0373427287410735,8.356556277141121e-05,0.0002350137734938492,0.00015144821072243797,0.009276601043640174,8.605532692274043e-05,0.000241977856117348,0.009086265452429056,8.256021987285145e-05,0.0002321612977468357,0.009059864321193555,8.208114151864176e-05,0.00023090216661736385
205,2.9464917058796836e-05,1.022646620381836e-05,0.00029057453875310407,0.00028034807254928573,-0.005404248337089787,2.920590008892443e-05,0.00042449072275385635,0.0010770086155111095,1.1599475577828144e-06,0.00020907064321085134,-0.0005599562167718903,3.1355096474783295e-07,0.00023816225029460458
206,3.443174169237562e-05,6.136253538883511e-06,0.00011010339585382223,0.00010396714231493871,-0.0025513148046372295,6.509207232219261e-06,0.00011520589691971228,0.0007506208724155569,5.634316947444873e-07,0.00014614092616593855,0.0033669157532800883,1.1336121689686784e-05,6.896336447581586e-05
207,0.00015438588611649262,3.751526901814758e-05,0.00014156460047628125,0.00010404933145813366,-0.0032513089591940116,1.0571009948168175e-05,7.461952499188129e-05,0.004378770340714589,1.917362969627856e-05,5.879697599320277e-05,0.009099514679905054,8.280116740999599e-05,0.00029127730044375966
208,0.00011393362626255232,3.098267437203391e-05,0.00013202198804381413,0.0001010393136717802,0.009249780273151896,8.555843510171801e-05,0.0001235087857296424,0.002658721888205951,7.068802079346348e-06,0.00013631777427169922,-0.0005663796741586562,3.2078593503737096e-07,0.00013623940413010072
209,5.760829729473116e-06,2.3592189829502175e-06,0.00020928253508993114,0.00020692331610698092,-0.0004363483540839037,1.9039988574665045e-07,0.00017001313212072766,0.001904368858097776,3.626620747487763e-06,0.00033693055660732885,0.0018057232112096925,3.260636315616239e-06,0.00012090391654173693
210,-3.0679580638444115,1.0,1.0,0.0,0.0,1.0,1.0,0.0,1.0,1.0,0.0,1.0,1.0
211,-3.0679580638444115,1.0,1.0,0.0,0.0,1.0,1.0,0.0,1.0,1.0,0.0,1.0,1.0
212,2.0688576120919677e-05,3.499535535800291e-07,0.00012518916787718215,0.00012483921432360212,-0.0009276626860830543,8.60558059478933e-07,0.00013121736915355786,0.00016788733759008525,2.818615896238441e-08,0.00012329157701274074,0.0004013931272238274,1.6111644229876987e-07,0.00012105855746524785
213,0.0003678166742122624,0.00029817150010980065,0.0006412061133764432,0.00034303461326664253,-0.017974011233786707,0.0003230650798322632,0.0005846813027653441,0.015460109180845876,0.00023901497588374454,0.0006769876699098676,0.01823278488365438,0.0003324344446133942,0.0006619493674541177
214,7.77545819223846e-05,4.305921743445277e-05,0.00018689646263003734,0.00014383724519558458,-0.0037506912785220527,1.4067685066954105e-05,6.260177449701754e-05,-0.0067724373350916646,4.5865907457809385e-05,9.621469985998665e-05,-0.008321301567564266,6.924405977859482e-05,0.00040187291353310783
215,0.007121591470941269,0.0012943799957743825,0.0028113244764578216,0.0015169444806834391,-0.06104162803167727,0.003726080352757677,0.004947852938298691,0.01089142843099069,0.00011862321326772118,0.0012361323053816653,-0.00619971138824285,3.843642129774949e-05,0.002249988185693108
216,0.00010656412617349176,1.7027781053946534e-05,0.00028334901751336794,0.0002663212364594214,0.003726039647085863,1.3883371451361981e-05,0.0003619929657994181,-0.0012970891427318302,1.6824402443438302e-06,0.00028741068229154454,-0.005959658670288196,3.551753146613379e-05,0.0002006434044491412
217,3.672661178955039e-06,2.0545099200797168e-06,0.0002485488026289599,0.0002464942927088802,-0.0013902327407117607,1.932747073274399e-06,0.00024738236640420297,-0.0014195751569889726,2.0151936256374015e-06,0.000248636056434659,0.0014884854921758822,2.21558906132735e-06,0.00024962798504801764
218,1.8829997559643985e-05,8.105765415174678e-06,0.00010837540343933139,0.00010026963802415671,-0.0021523253118442376,4.632504247426006e-06,9.889271417840018e-05,0.0040840432800966055,1.6679409513775667e-05,0.00011099825970994903,0.0017336039006854115,3.005382484322361e-06,0.00011523523642964495
219,0.0004478820248171589,0.00022353099174158655,0.0005962739543585357,0.00037274296261694917,0.014000665009935203,0.000196018620720384,0.0004890647799585812,-0.0165689584646911,0.0002745303846046765,0.000701932346195755,0.01414369010901284,0.0002000439698996992,0.0005978247369212708
220,-3.0679580638444115,1.0,1.0,0.0,0.0,1.0,1.0,0.0,1.0,1.0,0.0,1.0,1.0
221,8.372706699444343e-05,1.7135370381282655e-05,0.00025266710141920906,0.0002355317310379264,-0.0009171066034255417,8.410845221407115e-07,0.00021073768546697735,0.0008190563558383898,6.708533127897098e-07,0.00023248175318846265,0.007063580771061425,4.9894173308917544e-05,0.00031478186560218724
222,8.235035652026657e-05,2.4053992496830823e-05,0.00032572160788901794,0.0003016676153921871,8.458556199134295e-05,7.154717374113773e-09,0.0004593718619018139,0.007480031648228882,5.595087345855454e-05,0.00028061225136577495,-0.004025412937163109,1.6203949314563815e-05,0.00023718071039946498
223,2.3932086836597755e-05,5.167731544982364e-06,0.00021982732162354837,0.000214659590078566,-0.0038704561152076845,1.498043054004583e-05,0.00022654138209532437,-0.000456316564854531,2.082248072854398e-07,0.00028670992186585753,0.0005608380226320115,3.145392876158226e-07,0.00014623066090946324
224,0.00020578806831439422,4.8324592329692294e-05,0.0005228283801809545,0.0004745037878512622,0.009592691299659818,9.201972637062905e-05,0.0006307288340942074,-0.006538970399576879,4.275813388632255e-05,0.0004336032353352559,-0.003193104560144774,1.0195916732125276e-05,0.0005041530711134001
225,6.808295678017995e-05,3.9727574021449406e-05,0.00035316012297640736,0.000313432548954958,0.007182159217984945,5.158341103217445e-05,0.00031350021016363083,-0.007891450639529108,6.227499319577667e-05,0.0004716571122181934,-0.0023074483387125694,5.3243178363970856e-06,0.0002743230465473978
226,0.00010371051159763223,4.965433966989489e-05,0.00019948143638600277,0.0001498270967161079,-0.002422530716953136,5.868655074570128e-06,0.0002339670504986069,0.006405986143838148,4.103665847543514e-05,0.0001782615741664495,-0.010102361380354145,0.0001020577054596794,0.0001862156844929519
227,9.053813161630231e-05,4.9140441408209355e-05,0.00024113393932845284,0.00019199349792024348,0.008578814293973096,7.359605469070551e-05,0.00024422596613549175,-0.0006009799858099654,3.6117694335313644e-07,0.00020711858705890762,0.008571119681238875,7.346409259056941e-05,0.00027205726479095915
228,-3.0679580638444115,1.0,1.0,0.0,0.0,1.0,1.0,0.0,1.0,1.0,0.0,1.0,1.0
229,7.058181493058147e-05,7.757699324521342e-06,0.00024204589381752553,0.0002342881944930042,-0.0010821469597920253,1.1710420417809786e-06,0.0002397569552484713,-0.0008487402053126257,7.203599362570756e-07,0.0002036955140316543,-0.004624034601504783,2.1381695995525973e-05,0.000282685212172451
230,0.0005515136472155069,0.00018325066829990208,0.0008810098155408822,0.0006977591472409801,-0.0024698430200238773,6.100124543606533e-06,0.00021023900357686198,-0.0233151307601142,0.0005435953223610346,0.0019314853610846727,0.00023781924852193123,5.655799506509851e-08,0.000501305081961112
231,-3.0679580638444115,1.0,1.0,0.0,0.0,1.0,1.0,0.0,1.0,1.0,0.0,1.0,1.0
232,-3.0679580638444115,1.0,1.0,0.0,0.0,1.0,1.0,0.0,1.0,1.0,0.0,1.0,1.0
233,-3.0679580638444115,1.0,1.0,0.0,0.0,1.0,1.0,0.0,1.0,1.0,0.0,1.0,1.0
234,2.1603242824630442e-05,1.0145351874083866e-05,0.00028423667511175604,0.00027409132323767216,-0.002783436491535671,7.747518702250211e-06,0.0003921141011939966,-0.003973478827832594,1.578853399497593e-05,0.00016637569315935963,-0.0026267856640659654,6.900002925025461e-06,0.00029422023098191197
235,6.99063385614096e-05,3.306458759041083e-05,0.00024955871300598914,0.0002164941254155783,-0.0009776428770594142,9.557855951136673e-07,3.802933361607419e-05,0.007367820983656324,5.428478604718734e-05,0.00040246239470542733,0.006629720290401757,4.395319112893148e-05,0.00030818441069646596
236,0.00013004790261839094,5.224247844770602e-05,0.0002857280775601471,0.0002334855991124411,-0.00969298866251974,9.395402921175133e-05,0.00042934670414152,-0.0002475350409760515,6.127359630792029e-08,0.0001556947104741635,0.007919099224977678,6.27121325350588e-05,0.0002721428180647578
237,0.00014666992084910735,6.407620682406338e-05,0.00027951320685707753,0.00021543700003301414,-0.011577994564260246,0.0001340499581299337,0.000231812205931492,-7.424319806926981e-05,5.5120523700935564e-09,0.0004368949807841416,0.007627132507647596,5.8173150289886344e-05,0.00016983243385559899
238,0.00014190319801621332,1.9047683849267767e-05,0.00011901626898865499,9.996858513938722e-05,0.0011653034735799991,1.3579321855861082e-06,9.541584448058416e-05,0.003121975570413298,9.74673146236782e-06,0.00010811171427660415,0.006785159386432202,4.6038387899849376e-05,0.00015352124820877666
239,9.549264610630992e-05,3.7108507835596306e-05,0.0001738103070414073,0.000136701799205811,0.005576643488479493,3.109895259767459e-05,0.00018099543695426767,-0.00549991138713466,3.02490252669374e-05,8.509858633176659e-05,0.0070694798706840865,4.9977545642176935e-05,0.0002553368978381876
240,0.00034507369463376847,9.324421497973005e-05,0.00034847558589756744,0.0002552313709178374,-0.012043574886000285,0.00014504769603451706,0.0005957590930710799,-0.011602172619809862,0.0001346104094998024,0.0002278238061580451,0.0002730190554534564,7.453940487067712e-08,0.00022184385846357735
241,0.0002081544849439343,0.00020160104928575637,0.000339735016575989,0.0001381339672902326,-0.014354730509743912,0.00020605828800734916,0.0003383781144664644,-0.01442427824636208,0.00020805980292848414,0.00033520161807198967,-0.013808876019494662,0.00019068505692143578,0.00034562531718951295
242,3.762717338540167e-05,7.248931939448274e-06,0.0004645063670825437,0.00045725743514309547,-0.0026390487106172354,6.964578097123919e-06,0.00045768517827649013,0.0024852875861498527,6.176654385181557e-06,0.0004912858484227289,-0.0029335240473527006,8.605563336039346e-06,0.00044454807454841205
243,-3.0679580638444115,1.0,1.0,0.0,0.0,1.0,1.0,0.0,1.0,1.0,0.0,1.0,1.0
244,0.00014693284412203855,4.7167320007535096e-05,0.00016105036230366446,0.00011388304229612936,0.009107616695642579,8.294868187475046e-05,0.00019101705696411564,-0.000829895828128453,6.887270855848726e-07,0.0001651516499916461,-0.007606875249547977,5.786455106226995e-05,0.00012698237995523165
245,0.0001543835091952772,5.923698112220155e-05,0.000204556810744679,0.00014531982962247744,-0.009465065834266224,8.958747124709898e-05,0.0002614491198641433,-0.005215850021183963,2.7205091443605056e-05,0.00014157979201567805,-0.007805022785089097,6.091838067590061e-05,0.00021064152035421557
246,0.00017112286516962616,3.501502393717567e-05,0.00028253162574898294,0.0002475166018118073,0.007833048737710666,6.135665252759992e-05,0.000182051463467503,0.006544251592870672,4.282722891069124e-05,0.0002928802001807007,0.0009280034339650131,8.611903732358428e-07,0.0003726632135987451
247,0.00012148301860515076,2.5526360319642432e-05,0.0002959215998903734,0.00027039523957073097,0.0028344360812070646,8.034027898395912e-06,0.0001699400038497334,-0.003731499430312213,1.3924087998162804e-05,0.0002518530526234297,-0.007390599776879399,5.4620965062368576e-05,0.0004659717431979571
248,0.00017206180588880127,8.143959954594789e-05,0.0001911222019719272,0.00010968260242597931,-0.011587214005386492,0.0001342635284066196,0.00015141059185519445,-0.0019333892033591236,3.7379938118142775e-06,0.00017476648052305865,0.010311026933295695,0.0001063172764194098,0.0002471895335375285
249,6.118524416998117e-05,2.4826758283413852e-05,0.00016208805273025076,0.0001372612944468369,-0.002556879600865561,6.537633292835743e-06,0.00015992405749298833,-0.00378533674066734,1.4328774240124353e-05,0.000156152161183698,0.007322149091464825,5.361386731728146e-05,0.00017018793951406597
250,1.705764988868541e-05,7.350644418998205e-06,0.00014034643663448273,0.00013299579221548452,0.0037538331605452345,1.4091263396687204e-05,6.279022090649455e-05,0.0007085654938054103,5.020650589715459e-07,7.778780968592525e-05,-0.002731044635563619,7.458604801335866e-06,0.0002804612793110284
251,5.521833410215837e-05,2.5859793455781006e-05,0.00013147000559406616,0.00010561021213828516,-0.0006402429781074706,4.09911071419522e-07,9.309071731522511e-05,0.005611595535256495,3.149000445124006e-05,0.00012307028709357404,0.006758658509219915,4.567946484468344e-05,0.0001782490123733993
252,-3.0679580638444115,1.0,1.0,0.0,0.0,1.0,1.0,0.0,1.0,1.0,0.0,1.0,1.0
253,7.562547894179872e-05,3.48753040272746e-05,0.00022372122042442952,0.00018884591639715492,-0.0033521745992006855,1.1237074543424264e-05,0.00015899721801015954,-0.008355793139537318,6.981927899074591e-05,0.0003068757324862226,0.0048548489727149955,2.3569558547653635e-05,0.00020529071077690642
254,-3.0679580638444115,1.0,1.0,0.0,0.0,1.0,1.0,0.0,1.0,1.0,0.0,1.0,1.0
255,0.0002799506693165199,0.00021363708042598795,0.0004177788390076949,0.00020414175858170697,-0.01401669574367053,0.0001964677595701625,0.0003896301194309393,0.01512833203475307,0.00022886643015362917,0.0004470148661873674,0.0146825424077227,0.00021557705155417217,0.0004166915314047781
256,4.943022492209792e-06,4.943022492320814e-06,0.0001215632938694015,0.00011662027137708068,0.002223290914866145,4.943022492320814e-06,0.00012156329386947551,-0.0022232909148661452,4.943022492320814e-06,0.00012156329386925346,-0.0022232909148661452,4.943022492320814e-06,0.00012156329386947551
257,0.0001955442989990397,5.562430665776811e-05,0.0001827122860332079,0.0001270879793754398,0.011261366882549084,0.00012681838406347623,0.00022771202836202598,-0.00565862087430002,3.201999019919466e-05,0.00015213311609973967,-0.0028345274228623375,8.034545710633445e-06,0.0001682917136378581
258,0.00010098869621832929,3.553158505383477e-05,0.0002615411232925376,0.00022600953823870282,0.005859050257539419,3.432846992057481e-05,0.00043918147429400367,0.005181573939675264,2.684870849234411e-05,0.00015510770627025217,-0.006739256394315221,4.5417576748585375e-05,0.000190334189313357
259,3.1377346871863665e-06,1.0298116544700993e-06,0.00018621681013371769,0.00018518699847924758,-0.0013939141069518205,1.942996536885566e-06,0.0002177564751578709,0.0002579798606990143,6.655360773599739e-08,0.0002452440625853036,0.001039175066554127,1.0798848187887344e-06,9.564989265797852e-05
260,9.155979087038801e-05,3.620041819019093e-05,0.00018633501511237474,0.0001501345969221838,-0.001574530169740428,2.4791452555295024e-06,0.0001344279658290759,-0.008734101710660072,7.628453269203916e-05,0.0002660688766613628,-0.005462378293660794,2.9837576623004125e-05,0.00015850820284668554
261,0.0007998844744305789,0.0003073427599485923,0.0009422319388195932,0.0006348891788710009,-0.01055632337018117,0.00011143596309570736,0.0006051034448780745,-0.012447755674936173,0.00015494662134296622,0.0006746003964779312,0.0256055793804246,0.0006556456954071033,0.0015469919751027739
262,-3.0679580638444115,1.0,1.0,0.0,0.0,1.0,1.0,0.0,1.0,1.0,0.0,1.0,1.0
263,1.609814827419065e-05,8.197030443154082e-06,9.431397275768323e-05,8.611694231452915e-05,-0.0025558736503080233,6.532490117172607e-06,0.00010938985166264459,0.0020928374316101926,4.3799685148782075e-06,0.00010204519863588057,-0.003698463558976365,1.367863269741143e-05,7.150686797452455e-05
264,4.6056512693071205e-05,9.149966418283325e-06,0.00043080057559234203,0.0004216506091740587,-0.002489085771892323,6.1955479798703195e-06,0.0001874695002507254,0.00443459188963764,1.9665605227481286e-05,0.0006645770818850538,0.0012604546986340706,1.5887460474983683e-06,0.0004403551446412468
265,8.071894820038672e-05,3.623700728498195e-05,0.00022603099011172154,0.0001897939828267396,-0.0030447924537441214,9.270761086588308e-06,0.00019947690844901445,0.005517231107260952,3.043983909101211e-05,0.000251628013088534,0.008306649244883297,6.900042167734544e-05,0.00022698804879761614
266,0.0001450290283696587,4.582714495893203e-05,0.00047137368004546154,0.0004255465350865295,-0.011583699047682087,0.00013418208362725448,0.0008051137919670159,-0.0011670121607900337,1.3619173830914377e-06,0.00025458676004874725,0.0013919173346269903,1.937433866450178e-06,0.00035442048812062144
267,-3.0679580638444115,1.0,1.0,0.0,0.0,1.0,1.0,0.0,1.0,1.0,0.0,1.0,1.0
268,-2.8633346070181402,1.1428786673114052e-05,0.0001271637170278487,0.00011573493035473466,-0.0033806488540180997,1.1428786672929014e-05,0.0001271637170278117,-0.003380648854018101,1.1428786672817992e-05,0.00012716371702792273,-0.003380648854018099,1.1428786673595148e-05,0.0001271637170278117
269,0.00014233904761351557,9.987396828555391e-05,0.0007385002209606695,0.0006386262526751155,0.010778315924321758,0.00011617209416436847,0.000793525248310778,-0.009544302365940208,9.109370765258973e-05,0.0008170842229379138,0.009610208272447187,9.235610303970354e-05,0.0006048911916333166
270,0.0005746086184992283,0.00017076710156179362,0.00033017279450305487,0.00015940569294126125,0.010518501947563564,0.00011063888322082605,0.0001698065273048055,-0.017973187292385485,0.00032303546144740736,0.0006374395319964643,0.008867184447,7.862696001714742e-05,0.00018327232420789485
271,0.0001791305014386957,6.969026320583864e-05,0.0002652901296360162,0.00019559986643017757,0.007515685126124642,5.648552291537268e-05,0.00017391416962553308,0.012055824839963819,0.00014534291257062293,0.0004319551003376665,0.002691162226895472,7.242354131520301e-06,0.00019000111894484917
272,-3.0679580638444115,1.0,1.0,0.0,0.0,1.0,1.0,0.0,1.0,1.0,0.0,1.0,1.0
273,0.00019350270319051788,4.8489662372660135e-05,0.0003302573609515284,0.0002817676985788683,0.010747268591924894,0.00011550378218716517,0.0005888282377833898,-0.004330977574473718,1.8757366750610238e-05,0.00029774427600515185,-0.003347810953502771,1.1207838180204988e-05,0.00010419956906604355
274,-1.9920821615740771,4.0837572023407397e-05,0.00019798636603651776,0.00015714879401311035,-0.002441916190751063,5.962954684135546e-06,0.000120576202860323,0.007676021402668438,5.8921304573966715e-05,0.00024005113998892824,0.007591340909989616,5.762845681211992e-05,0.00023333175526030203
275,0.0001697445041657364,5.372000661248618e-05,0.00045004840838536175,0.0003963284017728756,0.0007891732496362029,6.227944180370315e-07,0.00046548422408032586,-0.011956743303353444,0.00014296371042243905,0.0007872382729869898,0.004192077646794911,1.7573514996982453e-05,9.742272808876962e-05
276,2.8504043337873597e-05,1.2937915793413227e-05,0.00012752970166733194,0.0001145917858739187,-0.0045000252236619765,2.0250227013463018e-05,0.00016244796135733708,0.003518492013120435,1.2379786046068375e-05,0.0001213736257735798,-0.0024867115475411443,6.1837343207082895e-06,9.876751787107896e-05
277,-2.9719416865602866,9.22596272134868e-06,0.00012174054606646963,0.00011251458334512095,0.003037426990370006,9.225962721237657e-06,0.0001217405460662846,0.0030374269903700045,9.22596272134868e-06,0.00012174054606617357,0.0030374269903700054,9.225962721459702e-06,0.00012174054606695073
278,0.0007131644476300325,0.00033785545655210897,0.0007023621950651057,0.0003645067385129967,0.01046228905766172,0.00010945949232599173,0.0006276473993322984,-0.02148630454027139,0.0004616612827973432,0.000781898560234473,-0.02103439075735031,0.0004424455945329919,0.0006975406256285455
279,0.00014589532143460815,0.0001322546701117607,0.00028101350605450975,0.00014875883594274905,-0.0111171163419672,0.0001235902757606988,0.0002624963547864789,-0.011307772462525921,0.0001278657180637799,0.0002943891175770652,-0.01205437748334933,0.00014530801651080338,0.0002861550457999851
280,6.706911882425892e-05,2.637557728661181e-05,0.00028082976612956817,0.00025445418884295634,-0.006253539066579008,3.910675085738724e-05,0.00012681961136618014,-0.0060417383746387944,3.65026025878068e-05,0.0004782088054661182,-0.0018754675188164696,3.5173784146413922e-06,0.0002374608815564061
281,0.00031845017329712455,1.9084736506247424e-05,0.0003478530662330466,0.0003287683297267992,-0.006135452370218152,3.764377578707734e-05,0.00040594303721952496,0.0014867543746706884,2.2104385707377716e-06,0.0003638267502222847,0.0041713301428636445,1.7399995160927162e-05,0.00027378941125733025
282,0.0001226353124117452,3.867093134524158e-05,0.00021848173752614386,0.00017981080618090228,-0.01067720611175983,0.00011400273035300224,0.00027045523828261864,-0.0013683841304784347,1.8724751286169905e-06,0.0003165391811392748,0.00037092931160883486,1.3758855410550552e-07,6.845079315653813e-05
283,0.00030529039558779836,5.000795149231093e-05,0.00015698880204299362,0.00010698085055068268,0.0021146311697612338,4.471664984406765e-06,6.777826917125918e-05,0.011816145351645603,0.0001396212909713368,0.00035138720912331056,0.0024353436146763363,5.930898521189221e-06,5.180092783441115e-05
284,0.00018183387027670417,0.00010516364644445424,0.00031742717914066504,0.0002122635326962108,-0.011902342828768687,0.00014166576481344784,0.0003276177039184258,-0.007759874106085284,6.021564614178132e-05,0.00026081058685956116,-0.010658777058265356,0.00011360952837813354,0.0003638532466440081
285,5.8219040641627195e-05,2.6972352985321635e-05,8.182469584165168e-05,5.485234285633005e-05,0.005338160755952637,2.849596025678025e-05,8.577044232349618e-05,-0.0012039531457473682,1.4495031773753553e-06,5.5739424688394656e-05,0.007139439440310048,5.09715955218093e-05,0.0001039642205130642
286,0.00017189473060341687,5.671468983999469e-05,0.0003142098770091417,0.00025749518716914704,0.0019719154591858992,3.888450578082292e-06,0.0002689254382441941,-0.004405213775071533,1.9405908404102057e-05,0.0004102099478086041,0.012118156235087128,0.00014684971053779972,0.0002634942449746269
287,-3.0679580638444115,1.0,1.0,0.0,0.0,1.0,1.0,0.0,1.0,1.0,0.0,1.0,1.0
288,-3.0679580638444115,1.0,1.0,0.0,0.0,1.0,1.0,0.0,1.0,1.0,0.0,1.0,1.0
289,3.375864389165706e-05,5.031756839006067e-06,0.00014657801330160888,0.00014154625646260283,-0.0026561655078130453,7.055215205054033e-06,0.00015788925462834058,0.0026555543948757377,7.051969143523351e-06,0.00014740028662751925,0.0009940252349825876,9.88086168440816e-07,0.0001344444986489668
290,0.000304640717915694,0.0001805138947983768,0.0003270203607702952,0.00014650646597191844,-0.014347430200427046,0.00020584875335594166,0.00037344279708928507,-0.00962442717460112,9.262959843903129e-05,0.00023346834574866637,-0.01559048852986708,0.00024306333260015744,0.0003741499394729342
291,0.0001360522254085783,5.1438324286297764e-05,0.0002001864762555631,0.00014874815196926533,0.007407856846311955,5.487634305567646e-05,0.00020158134506575998,0.00788053805371617,6.21028800154022e-05,0.00021300416829439506,0.006110298666038049,3.733574978781462e-05,0.0001859739154065343
292,7.914479015080911e-05,1.1772271685731953e-05,0.00013110770928407658,0.00011933543759834463,0.004778032888475984,2.2829598284035413e-05,0.00017153424989413413,-0.0005185419222752027,2.6888572435268543e-07,6.056826495404177e-05,-0.003495472936384875,1.2218331048807762e-05,0.00016122061300405388
293,8.790313113016257e-05,2.1771176588747387e-05,0.00012570833079191454,0.00010393715420316715,-0.005017851570632129,2.517883438457602e-05,0.00011452196165251394,-0.006070871495310221,3.685548071241662e-05,0.00014242640926243055,-0.0018108602015199547,3.2792146692495194e-06,0.0001201766214607991
294,2.301698163076349e-05,1.624784856657513e-07,0.0002931553344550271,0.00029299285596936137,-0.00030372459554539507,9.224862984602566e-08,0.0002942975190355357,-0.0004195549915005795,1.7602639024172362e-07,0.00029295014395613883,-0.0004681457431372844,2.191604369095046e-07,0.0002922183403734069
295,0.000264056801036916,7.362575807608647e-05,0.0004637543395297576,0.00039012858145367113,0.004453098353701179,1.9830084947880522e-05,0.00021371373099754454,0.006612161483816041,4.372067948787972e-05,0.0003382411883153802,0.01254298647821262,0.00015732650979249918,0.000839308099276348
296,-2.8495824860369683,1.005029572291131e-05,0.0001262505356940021,0.00011620023997109079,-0.003170220137808651,1.0050295722652258e-05,0.0001262505356940391,0.0031702201378086517,1.0050295723096347e-05,0.00012625053569392808,0.0031702201378086513,1.0050295722985325e-05,0.0001262505356940391
297,3.2537392655740405e-05,1.5167646906196394e-05,0.00010724465780775905,9.207701090156266e-05,-0.004446183511355222,1.9768547816934046e-05,9.234308599814778e-05,-0.0037182920917801328,1.3825696080438377e-05,9.130435578297291e-05,-0.0034508979728885463,1.1908696821216758e-05,0.00013808653164215645
298,1.4126113139556473e-05,9.364697407458303e-06,0.00012606101202150555,0.00011669631461404724,-0.002921585362497395,8.53566103053982e-06,0.00012353903565065494,-0.003163155214306486,1.0005550909797378e-05,0.00012960291405528235,-0.003090773411582547,9.552880282037712e-06,0.00012504108635857936
299,0.0002001690389282773,6.708209961037159e-05,0.0003287508549684552,0.0002616687553580836,-0.009095778179458232,8.273318068963142e-05,0.00040425622215800594,0.006730833872689987,4.530412462189215e-05,0.00027921645201756107,-0.008556225424767987,7.32089935195912e-05,0.0003027798907297985
300,4.368562692025346e-05,1.719132963136823e-05,0.0004460290557423141,0.0004288377261109459,0.00652471288190969,4.2571878191344226e-05,0.0003505821575565671,0.0015183028909011695,2.3052436680659483e-06,0.0004626198902246692,0.0025878305653821957,6.69686703469452e-06,0.000524885119445706
301,0.00015873538059829606,3.294118821920803e-05,0.00023293781942005745,0.00019999663120084943,-0.006611085112281471,4.37064463618686e-05,0.00034961592359816773,-0.0016979636859321312,2.883080678750538e-06,0.00012478981053765104,-0.0072273119219463805,5.223403761700496e-05,0.00022440772412435361
302,5.6502586685880374e-05,1.1961111859267367e-05,0.00017253722404775296,0.00016057611218848558,0.005480237976315312,3.003300827741917e-05,0.00012434881450540392,-0.0017707033498217898,3.135390353792289e-06,0.00019230202413245134,0.0016477065718142586,2.7149369465906403e-06,0.0002009608335054036
303,2.189020591170099e-05,4.892155110125529e-06,0.00017882585321808234,0.0001739336981079568,-0.002622473382763071,6.877366643176508e-06,0.0001631865811547728,0.002541283650794441,6.458122593699933e-06,0.0001068130815227164,-0.0011580052217412676,1.3409760935001458e-06,0.00026647789697675783
304,1.1670760102666655e-05,5.198904377852938e-06,0.0001302892824037727,0.00012509037802591974,0.0018384213275843035,3.3797929771539614e-06,6.137185677257406e-05,0.0010315297126790243,1.064053548049948e-06,0.00011842557071739535,0.0033395907845517954,1.1152866608354906e-05,0.00021107041972134866
305,-3.0679580638444115,1.0,1.0,0.0,0.0,1.0,1.0,0.0,1.0,1.0,0.0,1.0,1.0
306,0.00010421701269236472,4.225616718145364e-05,0.00033650257975141135,0.0002942464125699577,0.008165772686974023,6.667984357533463e-05,0.0003681756610627307,0.005846635861011799,3.41831508913204e-05,0.00028034427591727695,-0.005089745286117129,2.590550707770589e-05,0.00036098780227422633
307,3.204511907284324e-05,2.0644072117659285e-05,0.0001452218500334427,0.00012457777791578342,0.0043910890842352454,1.9281663344750122e-05,0.00018745962916877357,-0.003420243776578796,1.1698067490906183e-05,0.00013675837187954176,-0.005563495800100007,3.095248551732155e-05,0.00011144754905201282
308,-3.0679580638444115,1.0,1.0,0.0,0.0,1.0,1.0,0.0,1.0,1.0,0.0,1.0,1.0
309,3.218577090680075e-05,6.65206223230778e-06,0.0001483683365002264,0.00014171627426791863,0.002448622869319723,5.9957539564337026e-06,0.00014757912887386482,0.002548302011613823,6.493843142774125e-06,0.00017235138220261792,-0.0027325061020336858,7.466589597715512e-06,0.00012517449842419648
310,-3.048577422428753,4.949928178721308e-05,0.00018093970136926854,0.00013144041958205546,0.00703557259834948,4.949928178621388e-05,0.00018093970136823234,-0.00703557259834948,4.949928178665797e-05,0.00018093970136867643,-0.007035572598349477,4.949928178876739e-05,0.00018093970137089688
311,0.00011869227341798627,2.7720912505727984e-05,0.00025155369973824576,0.0002238327872325178,-0.0005285330967819911,2.793472341222625e-07,0.00024046862259774482,0.0029921940914909772,8.953225481111993e-06,0.0002163123971745673,0.008598265220494108,7.39301648019497e-05,0.00029788007944242523
312,-3.0679580638444115,1.0,1.0,0.0,0.0,1.0,1.0,0.0,1.0,1.0,0.0,1.0,1.0
313,-3.0679580638444115,1.0,1.0,0.0,0.0,1.0,1.0,0.0,1.0,1.0,0.0,1.0,1.0
314,0.0002349854709585708,8.960904116487682e-05,0.00033200831569265193,0.0002423992745277751,0.009680949545280294,9.372078409874973e-05,0.0003937163818342748,0.010015429523524333,0.00010030882854028533,0.0002625077389092345,-0.008648555420152044,7.479751085559538e-05,0.0003398008263344465
315,0.0019484283010678949,0.0006305621662540117,0.0015119157957588225,0.0008813536295048108,0.03382635529119582,0.0011442223122865025,0.0014283724432949674,0.02723451771448504,0.0007417189551403025,0.0018093205823400682,0.002396921220103656,5.745231335230194e-06,0.001298054361641432
316,4.4915495658992555e-05,1.5420432684358037e-05,0.00015606732839475632,0.0001406468957103983,0.0049521491935844136,2.4523781634200326e-05,0.0001298810568467479,0.003997785635420845,1.5982289986893328e-05,0.00022225500893380268,-0.002399005300506531,5.755226431980454e-06,0.00011606591940371835
317,0.00010713176347132425,4.205954259635843e-05,0.00028353298764838275,0.0002414734450520243,0.01011683800249402,0.0001023504111692386,0.00037085023311067555,0.00020917726501654122,4.375512796528369e-08,6.773519482172752e-05,0.004876931565224297,2.378446149187141e-05,0.0004120135350127452
318,2.286733910761285e-05,1.1510070839659825e-05,0.0003442627747665128,0.00033275270392685297,-0.0036404423893439666,1.3252820790454756e-05,0.000374874813638959,0.0035315069659927643,1.2471541451231083e-05,0.000218047585607839,0.002967465295017753,8.805850277293636e-06,0.00043986592505274036
319,0.00014448293394464518,2.516396696772283e-05,0.0005909517058564351,0.0005657877388887123,0.008199094340280856,6.722514800050483e-05,0.0004158234339528555,0.002379389946238111,5.66149651637371e-06,0.0009736996443675539,0.0016140806629567908,2.6052563862899447e-06,0.0003833320392488959
320,-3.0679580638444115,1.0,1.0,0.0,0.0,1.0,1.0,0.0,1.0,1.0,0.0,1.0,1.0
321,4.517106101631363e-05,2.1408078355452293e-05,0.00013363475451411144,0.00011222667615865915,-0.001176238747819665,1.3835375916038117e-06,0.00011129123792541495,0.005599617567710607,3.135571690460193e-05,0.00015838086699804244,-0.005611147883441549,3.1484980570151144e-05,0.00013123215861887694
322,6.811415636176488e-05,2.7627449597093328e-05,9.525124770097075e-05,6.762379810387742e-05,0.005158069876760603,2.6605684853797662e-05,9.764188028882348e-05,0.005664049760121294,3.20814596850294e-05,9.543599258798885e-05,-0.00491886208914823,2.4195204252452918e-05,9.267587022609991e-05
323,0.00012415909947949277,7.705413154113216e-05,0.0001940615799403226,0.00011700744839919044,-0.010477581124975275,0.00010977970623049504,0.00022152538037756297,0.006767527180747652,4.579942414195681e-05,0.00010168827333700836,0.008693863597449522,7.558326425094464e-05,0.0002589710861063965
324,5.1180263948014115e-06,3.6636857155825098e-06,0.00035018899590418445,0.00034652531018860194,-0.0021396627832702105,4.578156826751112e-06,0.0004535081832309773,0.0021662286415183845,4.692546526574581e-06,0.00046289869573357123,-0.00131162258057608,1.720353793421836e-06,0.00013416010874800488
325,-3.0679580638444115,1.0,1.0,0.0,0.0,1.0,1.0,0.0,1.0,1.0,0.0,1.0,1.0
326,0.0006059711014844149,7.969151256581597e-05,0.0003114854879855411,0.00023179397541972513,0.008334209512858883,6.945904820443438e-05,0.0003276188193815921,-0.0030940418145817103,9.573094750359168e-06,0.00021880393779394325,-0.01265078632901572,0.00016004239474265436,0.00038803370678108795
327,0.00012805082182132388,0.00010435104683278092,0.00020645203601887818,0.00010210098918609727,-0.010338961169606375,0.00010689411806563687,0.00020999573179647513,-0.009969304703185694,9.938703626555245e-05,0.00018868412332251339,-0.010333053090355804,0.00010677198616715344,0.00022067625293764603
328,-3.0152507072807158,9.079303275494333e-05,0.000431794860069797,0.0003410018273148537,0.01020004649516216,0.00010404094850302581,0.0004855350030033012,0.00942694641843759,8.886731877477683e-05,0.0005624108492643387,-0.008914641382967981,7.947083098702734e-05,0.00024743872794175115
329,0.00030724515360058824,9.205876533831721e-05,0.0007413816247990127,0.0006493228594606955,-0.000851730729898761,7.25445236438027e-07,0.0005306506290327917,-0.014147876250416998,0.00020016240239706384,0.0009058223113944663,0.008676891631295909,7.528844838144977e-05,0.0007876719339697802
330,-3.0679580638444115,1.0,1.0,0.0,0.0,1.0,1.0,0.0,1.0,1.0,0.0,1.0,1.0
331,2.1779744062588868e-05,4.138994634139692e-06,0.0002917549037148026,0.0002876159090806629,-0.0027792592498089904,7.724281978371828e-06,0.00041758635772926045,0.0012045913920916795,1.451040421818206e-06,0.00024251351400694787,-0.0018004614692748945,3.241661502229043e-06,0.00021516483940819953
332,0.0002264868423919042,3.060402335800886e-05,0.00034850425880620744,0.00031790023544819856,0.004243563860302988,1.8007834236444253e-05,0.00029810190962709093,-0.002720864949885744,7.403106075165589e-06,0.00037393832197574195,0.00814868883705287,6.640112976241674e-05,0.0003734725448157894
333,2.4462969208771668e-05,1.2506628465673112e-05,0.0001625267382732165,0.0001500201098075434,0.00411263679722571,1.6913781426097785e-05,0.0001546123022976298,0.004335277147421995,1.879462794496245e-05,0.00027375826374398393,-0.001345910853757891,1.8114760259591023e-06,5.9209648778035806e-05
334,2.1571671117159852e-05,1.4737141928455877e-05,0.00017815880707402107,0.0001634216651455652,-0.004542046046435583,2.0630182288372545e-05,0.00019040585238316865,-0.002369006548388516,5.612192025439278e-06,0.0001780350702325073,-0.0042389917990336545,1.7969051471555808e-05,0.00016603549860638722
335,3.5660793176739425e-05,1.556308663497319e-05,0.00017566928830640519,0.000160106201671432,0.003258751127445361,1.0619458910676727e-05,0.0002450774837003955,0.005018866910125862,2.5189025061100878e-05,0.000147955110072151,0.0032986021180432404,1.0880775933141962e-05,0.00013397527114666907
336,0.00024093942702774207,0.00013197683444169753,0.00038504176614502966,0.0002530649317033321,0.006902929635841063,4.765043755761145e-05,0.00031640653709319455,-0.014797449590601386,0.00021896451438607745,0.0004946260546127013,0.011371699581908267,0.00012931555138140371,0.00034409270672919323
337,0.00018751989113141576,6.427466379939813e-05,0.00013482191288083367,7.054724908143555e-05,-0.008971809882797728,8.049337257276523e-05,0.00015275362523470282,-0.0005931404177224466,3.51815555243995e-07,4.105444897795074e-05,0.010582003745530942,0.00011197880327018517,0.00021065766442984746
338,0.0015085211144345578,0.0007778987476660948,0.0019361765480877906,0.0011582778004216958,0.03552936819469449,0.0012623360043141352,0.0029034115740231847,-0.005087655645437302,2.5884239966633693e-05,0.00013917390189654988,0.03233382128233253,0.0010454759987175155,0.002765944168343637
339,4.480407562312827e-05,1.6047775485953746e-05,0.00018422403977040128,0.00016817626428444754,-0.003934534086914888,1.5480558481550943e-05,0.00012837407563026648,0.005228626522959857,2.73385353154465e-05,0.0002299148643325477,-0.0023074298823771654,5.3242326608637924e-06,0.00019438317934838967
340,0.0007362150197461892,0.00021112357222186073,0.0011225835891949625,0.0009114600169731017,0.022801404373840456,0.0005199040414189948,0.0016599428490156054,-0.008491938187294648,7.211301417697769e-05,0.000943505363153796,-0.006430681229040301,4.135366106960969e-05,0.0007643025554154859
341,0.00032829296891290216,0.0002291688941753837,0.0003092155759893596,8.004668181397592e-05,0.016077518099727777,0.00025848658824734194,0.00031502476004519053,-0.017869323347619634,0.00031931271690188723,0.00035974473644806437,-0.010474128955516191,0.00010970737737692193,0.000252877231474824
342,0.00037731097095250465,0.00020505696077251687,0.0006123490747186692,0.0004072921139461523,0.015216250052473316,0.00023153426565902802,0.0007276644773041019,0.013350721937308914,0.00017824177624681248,0.00042433784828854737,-0.014331602855630982,0.00020539484041171008,0.0006850448985633584
343,1.8384663214465746e-05,1.122847674824475e-05,0.00010964019526119954,9.84117185129548e-05,-0.0034655203663545896,1.2009831409587335e-05,0.00010830021831564896,-0.0033549377461722487,1.1255607280880042e-05,0.00010709967488664596,-0.003228001170088874,1.0419991554266872e-05,0.0001135206925813037
344,0.00011356568228226838,5.8754689207833145e-05,0.00025215733474189445,0.0001934026455340613,-0.009593261230216693,9.203066103102842e-05,0.00019877320513916885,-0.009113966345617279,8.306438254912507e-05,0.0003438131777191433,0.0010812141524381288,1.1690240433459564e-06,0.00021388562136737121
345,5.702678508567871e-05,1.1753740703945859e-05,0.00013722159568285708,0.00012546785497891122,0.0012364297830423842,1.528758608815295e-06,0.00017488755378136656,0.004660440124047722,2.171970215025798e-05,0.00013498534717459876,-0.0034659430683115435,1.20127613527643e-05,0.00010179188609260592
346,0.00011954577765849184,1.8110589204719158e-05,0.00015887363084417702,0.00014076304163945785,-0.006063555714286621,3.676670789987124e-05,0.0002259730749136768,0.002927162724557925,8.568281615439766e-06,0.00012170310370929194,0.0029994629682995075,8.99677809884647e-06,0.0001289447139095623
347,0.0003910411346278453,0.00014361631749948423,0.00031510241404653083,0.0001714860965470466,0.016124718041271115,0.0002600065319103839,0.0005307620312664518,0.01293921922000925,0.0001674233940230918,0.0003360770031731741,0.0018490609954308842,3.419026564976946e-06,7.846820769996654e-05
348,0.00018043126107736285,7.762833285425892e-05,0.00017161468691477091,9.398635406051199e-05,0.006048845106563138,3.6588527123404546e-05,9.203393395695869e-05,0.006278082007005734,3.941431368725823e-05,7.910934710131379e-05,-0.0125252607858122,0.000156882157752114,0.0003437007796860403
349,4.886320366659369e-05,2.2156516416238503e-05,0.000347380425764728,0.0003252239093484895,-0.003870068870657662,1.4977433064444767e-05,0.00014196375272979012,-0.0043987636792173065,1.9349121905598565e-05,0.00047127178160588645,-0.0056694791893788345,3.214299427867218e-05,0.0004289057429585075
350,0.00023749651420168494,8.154676451229322e-05,0.00018627016216743453,0.00010472339765514131,-0.004298768075223052,1.8479406964977407e-05,0.00019785055116705585,0.007431561373428198,5.5228104447135884e-05,9.7847481889346e-05,-0.013074126438315311,0.00017093278212476637,0.00026311245344590173
351,0.000304336743423006,0.00013702960899708572,0.0009532032576532457,0.0008161736486561599,-0.009003665740652892,8.106599676960258e-05,0.0008982403240248571,0.010629182498001493,0.00011297952057598426,0.0005637694204631005,0.014732389814487252,0.0002170433096456703,0.0013976000284717793
352,2.5667417549390947e-05,9.449473887405505e-06,0.00015731598876915034,0.00014786651488174485,-0.001784882363010752,3.1858050502098223e-06,0.00017143346152903582,-0.004359531603614545,1.900551580236165e-05,0.0001764065209536314,0.002481350602141658,6.157100809645044e-06,0.00012410798382478383
353,5.8779525720864534e-05,2.667913876353012e-05,0.00021735417236479204,0.00019067503360126192,-0.005681727146540968,3.228202336758024e-05,0.00023269852007123948,-0.004715410711469271,2.2235098179113066e-05,0.0002054181273750677,0.005051761548564813,2.5520294743897054e-05,0.00021394586964806894
354,0.007142932818900549,0.0025634978253269067,0.0034386851211282896,0.0008751872958013829,-0.06674318855504979,0.0044546532184950305,0.005909985025599251,-0.04823412530199704,0.0023265308436488663,0.0026367371133679818,-0.030154757731351317,0.000909309413836823,0.0017693332244176352
355,8.774585644411026e-05,7.399323815437953e-06,9.678437081191611e-05,8.938504699647816e-05,0.002498689069393963,6.243447065790164e-06,8.664338302799557e-05,0.0036234987679678917,1.3129743322459753e-05,0.00010638094163373246,0.0016807084983090474,2.824781058063941e-06,9.732878777402032e-05
356,0.00018520246558328957,3.1183903045017836e-05,0.0005022661671837773,0.0004710822641387594,-0.0029862587681490516,8.917741430414239e-06,0.0003299355372680113,0.0007181765096857678,5.157774992659014e-07,0.0004678052329816218,0.009171596927763937,8.411819020537337e-05,0.0007090577313016988
357,-3.0679580638444115,1.0,1.0,0.0,0.0,1.0,1.0,0.0,1.0,1.0,0.0,1.0,1.0
358,-3.0679580638444115,1.0,1.0,0.0,0.0,1.0,1.0,0.0,1.0,1.0,0.0,1.0,1.0
359,0.00028173799496133967,0.00014990823615401716,0.0003835454622096816,0.00023363722605566445,0.013237762148664364,0.00017523834670463145,0.00042188601632642264,0.009450266514201468,8.930753719027518e-05,0.00028926586789801423,0.013608042642775523,0.00018517882456714485,0.0004394845024046079
360,3.18651543264048e-05,3.0214630568625722e-06,0.00010582472333997561,0.00010280326028311304,-0.002134331762156561,4.55537207066925e-06,8.578333469799748e-05,0.0016571654912314836,2.7461974657638777e-06,0.0001050694850124323,-0.0013277121803884015,1.7628196341545888e-06,0.00012662135030949706
361,-2.955332319520886,9.394260429303655e-06,0.00012558730070311164,0.00011619304027380799,0.0030650057797039316,9.394260428896573e-06,0.00012558730070266755,0.0030650057797039277,9.394260430339862e-06,0.00012558730070411084,0.003065005779703929,9.394260428674528e-06,0.00012558730070255653
362,0.00949758454510774,0.007025371046458136,0.013729961442224603,0.006704590395766467,-0.07341260362084548,0.005389410370391534,0.010614267005653377,0.08241457398611227,0.00679216200531263,0.013165962809314369,-0.09431087298753267,0.008894540763670244,0.017409654511706063
363,9.254552189841281e-05,8.935441823195353e-06,0.00012434230839105295,0.0001154068665678576,0.0039029559992763392,1.5233065532083145e-05,0.00011302147933078821,-0.0008634916568436054,7.4561784191296e-07,0.00016061279090984204,-0.0032905382683484185,1.0827642095589951e-05,9.939265493252858e-05
364,0.00011205389325952275,5.239878137874854e-05,0.0001673222213710209,0.00011492343999227236,0.008066230157817196,6.50640689593418e-05,0.0002128712824331913,0.007512676571253186,5.644030926477139e-05,8.716906110828315e-05,0.005974275346132341,3.569196591213242e-05,0.00020192632057158821
365,0.00017115718308780004,6.948512455769625e-05,0.0002824158247681045,0.00021293070021040827,0.006769153723599697,4.582144213371997e-05,0.000252030553956728,0.004106977314093766,1.6867262658815108e-05,7.477920511533842e-05,-0.012073386802395367,0.00014576666888055367,0.000520437715232247
366,0.00016753831628413263,7.7669600728969e-05,0.0001979119590950947,0.0001202423583661257,0.008861025712684222,7.85177766806644e-05,0.00019816206327594177,0.012251642646832903,0.00015010274754667652,0.00035574225174794805,-0.0020948217010810567,4.388277959566089e-06,3.983156226139428e-05
367,2.0902110409726227e-05,2.7173970360191055e-06,0.00021708103006775245,0.00021436363303173334,-0.0013876093570008082,1.9254597276585628e-06,0.0003027208897048439,0.002495340445867534,6.226723940905288e-06,0.0002038529335229855,-2.727503106317821e-06,7.439493465710711e-12,0.00014466926697542792
368,1.511360097750103e-05,6.863824686028271e-06,0.0002194939314507094,0.0002126301067646811,0.0032144735955453134,1.0332840496452e-05,0.00030420168356759536,-0.0005270642727957966,2.777967478273524e-07,9.923053622185041e-05,-0.0031592462414109434,9.98083681380546e-06,0.0002550495745626824
369,0.00023697453741344798,5.677562869343955e-05,0.00040113277674624914,0.0003443571480528096,-0.012884154896232404,0.0001660014473898741,0.0004525699239393832,-0.0020406700850405463,4.164334395873048e-06,0.0003488825787181238,-0.0004013779945621793,1.6110429457150133e-07,0.0004019458275812404
370,8.685260345808743e-05,2.64676541986697e-05,0.0005895866008434428,0.0005631189466447731,-0.008297137784401453,6.884249541361243e-05,0.0003954939760640874,-0.000724227548614958,5.245055423319656e-07,0.0007145159302455184,-0.0031679585918429633,1.0035961640064706e-05,0.0006587498962207228
371,4.6309636843377966e-05,1.4243026613051471e-05,9.351099652976647e-05,7.926796991671499e-05,0.005038817165963595,2.5389678431908536e-05,0.00010322658473294055,0.004051911181969988,1.6417984227468096e-05,8.704838131001758e-05,0.0009599047767365213,9.214171797777837e-07,9.025802354634127e-05
372,-3.0679580638444115,1.0,1.0,0.0,0.0,1.0,1.0,0.0,1.0,1.0,0.0,1.0,1.0
373,-3.0679580638444115,1.0,1.0,0.0,0.0,1.0,1.0,0.0,1.0,1.0,0.0,1.0,1.0
374,1.876686121293769e-05,1.6028303038151392e-06,0.00021275627072037118,0.00021115344041655604,-0.00158088775411209,2.4992060912998326e-06,0.00022178320617349812,0.0012190153853420906,1.4859985101312034e-06,0.0001421775226193578,-0.0009073512603674607,8.232863100143817e-07,0.0002743080833682576
375,2.7214307759093614e-05,7.572814894200401e-06,0.0001570025561240529,0.0001494297412298525,-0.002756763869659018,7.599747033570914e-06,0.0001471928298091285,-0.0004782318296386287,2.287056835026391e-07,0.00025530345223079287,0.0038587552352293045,1.4889991965527649e-05,6.85113863322373e-05
376,6.963084111966111e-05,2.2228301213641128e-05,0.0002509175375400667,0.00022868923632642554,0.0005348583023108852,2.860734036325141e-07,0.0003527676831753812,-0.007672340910234345,5.8864815043024876e-05,0.00019972695433134735,0.0027448160583939886,7.534015194265997e-06,0.00020025797511347143
377,7.30241177417934e-05,6.764708155415633e-06,0.0001241470643131478,0.00011738235615773215,-0.0036896791784020097,1.3613732439132775e-05,0.00014783785595295917,0.0025042150665883917,6.271093100140845e-06,0.000108311139349615,0.0006397647447852799,4.092989269732783e-07,0.00011629219763686915
378,9.324980900948798e-05,2.564240784141969e-05,0.0001539761057804586,0.0001283336979390389,-0.007321547843048888,5.3605062818151694e-05,0.00019524842393492392,-0.0008950565818523382,8.011262846441269e-07,0.00019815733094208365,0.004745633195013242,2.252103442146325e-05,6.852256246436816e-05
379,-3.0679580638444115,1.0,1.0,0.0,0.0,1.0,1.0,0.0,1.0,1.0,0.0,1.0,1.0
380,1.5108515739048478e-05,4.9503907329680645e-06,0.00024134165622384055,0.00023639126549087247,-0.002846039592490073,8.099941361194851e-06,0.00017249110215977748,0.0005960333013891768,3.552556963049014e-07,0.00031707639940381505,-0.00252902652055228,6.395975141404442e-06,0.00023445746710792914
381,8.307014613961883e-05,5.788895321693725e-06,0.00018181184992497693,0.0001760229546032832,0.0027136000698263136,7.363625338596691e-06,0.00018264883049146086,0.0028261024301585755,7.986854945518651e-06,0.0002195948232288636,0.0014199315760689852,2.0162056809658324e-06,0.00014319189605460636
382,9.854614573778786e-05,3.435537377875312e-05,0.0002516753109199632,0.0002173199371412101,0.002450558893522146,6.00523889093818e-06,0.00019838019177942368,-0.009499473650370214,9.023999963386764e-05,0.0004620096993613876,0.002611681988849029,6.820882811453544e-06,9.463604161907835e-05
383,-3.0679580638444115,1.0,1.0,0.0,0.0,1.0,1.0,0.0,1.0,1.0,0.0,1.0,1.0
384,1.1102230246251565e-16,1.0,1.0,0.0,0.0,1.0,1.0,0.0,1.0,1.0,0.0,1.0,1.0
385,4.605882498154301e-05,1.5241597200047844e-05,0.00011417851125002561,9.893691404997776e-05,-0.006183081944575584,3.823050233264791e-05,0.0001716003359731877,0.001497996421839507,2.2439932798601347e-06,6.095156836216642e-05,0.002291352436313838,5.250295987635489e-06,0.00010998362941472273
386,4.8836715129119135e-05,7.045899216406859e-06,9.410857929403882e-05,8.706268007763196e-05,0.0009249758126156644,8.555802532006496e-07,8.216269326921655e-05,-0.0031930279458331668,1.0195427462500462e-05,0.00010332870603591005,-0.0031759549640671043,1.0086689933519466e-05,9.683433857698986e-05
387,0.0001451329248451927,1.9893799315662264e-05,0.0005009909402070578,0.00048109714089139555,-0.004853093538651484,2.3552516895009035e-05,0.00019692451341146722,0.002696607739005442,7.271693298394055e-06,0.0007997716857913728,-0.005371888657958481,2.8857187753583702e-05,0.0005062766214183334
388,-3.0679580638444115,1.0,1.0,0.0,0.0,1.0,1.0,0.0,1.0,1.0,0.0,1.0,1.0
389,6.676522149440256e-05,3.554346473218691e-05,0.000246375117422241,0.00021083165269005408,-0.0050242168193959345,2.524275464799164e-05,0.00034659311662965653,0.005277718607124001,2.7854313696229482e-05,0.00016356855470478493,0.007316647172870482,5.353332585233961e-05,0.00022896368093228148
390,2.0771673678310343e-05,8.373353648523837e-06,0.0001953760855471313,0.00018700273189860744,0.002871402537904942,8.244952534486316e-06,0.00016019890092455746,0.003822691840870484,1.461297290983321e-05,0.00029332038255625026,-0.0015040397273715187,2.262135501251983e-06,0.00013260897316058617
391,0.00029601367965903513,7.751519578417614e-05,0.00032533813990172816,0.000247822944117552,0.014522314559992543,0.00021089762017945102,0.0006526476561217187,-0.004542632141577822,2.063550677344761e-05,0.00021299829558885097,0.0010062109119446884,1.0124603996297665e-06,0.00011036846799461486
392,-3.006654830123347,1.0039300519459893e-05,0.00015538781334197468,0.0001453485128225148,0.0013517096472670518,1.8271189716756453e-06,4.060328223542964e-05,0.0037357327645968063,1.3955699286860579e-05,0.00021507688377730982,-0.003786170004213055,1.4335083299843454e-05,0.00021048327401318456
393,9.860219256074831e-05,2.0154088099152052e-05,0.00018916814647732907,0.000169014058378177,0.006707955316511021,4.499666452806306e-05,0.00010104483252926233,0.0022225717137905267,4.939825023142497e-06,9.06836419137802e-05,0.003244345041182278,1.0525774746250605e-05,0.0003757759649889447
394,-3.0679580638444115,1.0,1.0,0.0,0.0,1.0,1.0,0.0,1.0,1.0,0.0,1.0,1.0
395,-3.0679580638444115,1.0,1.0,0.0,0.0,1.0,1.0,0.0,1.0,1.0,0.0,1.0,1.0
396,-3.0679580638444115,1.0,1.0,0.0,0.0,1.0,1.0,0.0,1.0,1.0,0.0,1.0,1.0
397,7.448487411398919e-05,3.1777946809123193e-05,0.00014592587400212112,0.00011414792719299793,0.0048011427824090494,2.3050972016935845e-05,0.00013655677199753136,0.0014093065210904004,1.9861448703473172e-06,0.00011837662228086909,-0.008384314136542502,7.029672354008643e-05,0.00018284422772796294
398,3.400395595853922e-05,5.888659172725852e-06,0.00014652442271504787,0.00014063576354232202,0.0018738795484832694,3.5114245621192808e-06,7.989354145021554e-05,-0.00048560558240736405,2.3581278196793676e-07,0.00021174324922235144,0.0037307827830163017,1.3918740174090338e-05,0.00014793647747257666
399,-3.0679580638444115,1.0,1.0,0.0,0.0,1.0,1.0,0.0,1.0,1.0,0.0,1.0,1.0
400,-2.9886946568139985,1.9405907265013234e-05,0.00011879703625402212,9.939112898900888e-05,0.004405213645731406,1.9405907264458122e-05,0.00011879703625328197,-0.004405213645731403,1.9405907265235278e-05,0.00011879703625417015,0.004405213645731402,1.94059072653463e-05,0.00011879703625461424
401,0.00012689430886603237,4.51392786439501e-05,0.00024600329357974776,0.00020086401493579767,-0.007613783432753895,5.7969698160520444e-05,0.0003146072376717379,0.00824801614175426,6.802977027431378e-05,0.00027598273947815333,-0.003068935890044318,9.418367497016078e-06,0.00014741990358935197
402,1.7929628556623278e-05,7.512471430159984e-06,0.00013096585206277359,0.0001234533806326136,0.0006671403415568423,4.450762356444926e-07,9.328775468198103e-05,0.0038058024891197387,1.4484132586090048e-05,0.00013782884059831968,-0.0027582975670693076,7.60820546874541e-06,0.00016178096090802008
403,-3.0679580638444115,1.0,1.0,0.0,0.0,1.0,1.0,0.0,1.0,1.0,0.0,1.0,1.0
404,-3.0679580638444115,1.0,1.0,0.0,0.0,1.0,1.0,0.0,1.0,1.0,0.0,1.0,1.0
405,-3.0120430294938227,2.8645433286733635e-05,0.00013107021736376753,0.0001024247840770339,0.005352142868673913,2.864543328651159e-05,0.00013107021736402658,-0.00535214286867391,2.86454332870667e-05,0.00013107021736358249,-0.005352142868673913,2.8645433286622612e-05,0.0001310702173636935
406,0.0004507424824596873,8.577348111486287e-05,0.0005409593265510345,0.00045518584543617163,0.01258898882950416,0.00015848263974937993,0.0005989519087771233,-0.007806129542853244,6.093565843978688e-05,0.0005698579560799999,-0.006156471810658657,3.7902145155421785e-05,0.0004540681147959802
407,-3.0679580638444115,1.0,1.0,0.0,0.0,1.0,1.0,0.0,1.0,1.0,0.0,1.0,1.0
408,0.00020643326237446136,3.601209550119222e-05,0.0002346952964083678,0.0001986832009071756,-0.0009796993001324986,9.598107192365646e-07,0.0001665931364056572,-0.010267062705004259,0.00010541257658835956,0.00036828503867492035,-0.001289922166555907,1.6638991959805338e-06,0.00016920771414452584
409,7.29311754092965e-05,1.5444054103956144e-05,0.00017229777135622607,0.00015685371725226993,-0.0015808495525136647,2.4990853075834707e-06,0.00011726185093152708,0.0033529659898976073,1.1242380929310514e-05,0.00015639434308367672,-0.005708826155609031,3.2590696074974446e-05,0.00024323712005347442
410,0.0006390102318305502,0.00012001165580162916,0.0005342927058638777,0.0004142810500622485,-0.007931386920466719,6.290689848198472e-05,0.00020487137441138614,0.017101669647962957,0.00029246710474817306,0.0009751191347711075,-0.0021589266255578224,4.66096417472972e-06,0.0004228876084091393
411,4.5562865774173567e-05,7.914734315236002e-06,0.00021826340352574616,0.00021034866921051015,0.0006034829726126128,3.641916982433102e-07,0.00015827571475768298,-0.0007716567745468211,5.954541770769595e-07,0.00016725278527218723,0.004773317197842412,2.2784557070387734e-05,0.0003292617105473683
412,5.0986307227329775e-05,2.4369147573199967e-05,9.875263590723253e-05,7.438348833403256e-05,0.0055246550999886145,3.052181397467102e-05,0.00011554136168201445,-0.003368202786931903,1.1344790014411466e-05,6.55658101141876e-05,0.005589350474855736,3.124083873051742e-05,0.00011515073592549552
413,0.0002934085420669419,0.00012549745638116652,0.00025164470747607304,0.00012614725109490651,0.01540813929674712,0.00023741075658822997,0.000372455904337321,-0.0112451421033994,0.00012645322092585953,0.00017873031368209613,0.003553644837290372,1.2628391629410096e-05,0.00020374790440880197
414,0.00024242162804455347,6.373591781139165e-05,0.00026817776598161053,0.00020444184817021888,0.009446131787347036,8.922940574351834e-05,0.00041208739917886206,0.0022215807904908155,4.935421208940305e-06,0.00021145418388557324,-0.009851036822657276,9.704292648171631e-05,0.00018099171488039634
415,5.844005334609825e-05,1.057072360425663e-05,0.00013410970998965302,0.0001235389863853964,0.004696049233144534,2.2052878399847486e-05,0.0001377713108811074,-0.003059108263730537,9.358143369109229e-06,0.00010077594295487824,0.0005487704836621385,3.0114904381317587e-07,0.00016378187613297346
416,7.678539371669402e-05,9.57069266027677e-06,7.876085747689683e-05,6.919016481662006e-05,-0.0008449361524167995,7.139171005476896e-07,3.222669200930728e-05,-0.0009926679746776847,9.85389707830464e-07,5.448453803025277e-05,-0.005197381184145172,2.7012771172452155e-05,0.00014957134239113046
417,-3.0910443569569637,0.00010863193030545097,0.0008102755319215152,0.0007016436016160643,-0.009872964370712988,9.747542546567622e-05,0.0007823886839758432,-0.010731503444663693,0.00011516516618292894,0.0008366417725048647,-0.010642142607030619,0.00011325519926774774,0.000811796139283838
418,0.00020774522393318673,8.605362250616959e-05,0.00028459972206377565,0.00019854609955760605,0.010700264759245553,0.00011449566591803517,0.0004455320757046355,-0.005732979878323019,3.286705828575709e-05,0.00010669221093706494,0.010526069699315691,0.00011079814331471649,0.0003015748795496265
419,2.6499854926864685e-05,1.0627669071080112e-05,0.0001376160485434171,0.000126988379472337,0.003009823295568115,9.05903627046456e-06,0.00017139163306556515,-0.004187949075386768,1.7538917458037595e-05,9.162188053102316e-05,-0.002298924419164523,5.285053484738178e-06,0.00014983463203366298
420,7.747108268718605e-05,6.188398764706005e-05,0.00020856599353273145,0.0001466820058856714,-0.00780933478000546,6.0985709706362634e-05,0.00020599242240937343,-0.007443072843797431,5.53993333580749e-05,0.0001821390715815996,-0.0083226750433286,6.92669198767426e-05,0.00023756648660722135
421,5.295174243113987e-05,2.7879685209342142e-05,0.00012640607694702766,9.852639173768551e-05,-0.005462751190389749,2.984165056862942e-05,0.00013428717347840902,0.0028009427665991273,7.845280381224562e-06,7.216978828294973e-05,-0.006778799648776775,4.5952124678172446e-05,0.00017276126907972422
422,-3.0679580638444115,1.0,1.0,0.0,0.0,1.0,1.0,0.0,1.0,1.0,0.0,1.0,1.0
423,8.986165556557069e-06,1.8164975152205425e-06,0.0001345919532640035,0.00013277545574878297,-0.002106224453388337,4.436181447964316e-06,9.107213126058333e-05,-0.00013852489414936385,1.918914582788034e-08,0.00014125887576033058,0.000997056644766943,9.94121951869431e-07,0.00017144485277109656
424,9.12265023741421e-05,8.030852366817479e-06,9.444771868009443e-05,8.641686631327694e-05,-0.0019689267771202668,3.876672653668756e-06,8.759563294169492e-05,-0.004387007126012293,1.92458315241284e-05,0.00010462338022798612,0.0009849126469507901,9.700529226552845e-07,9.112414287060222e-05
425,5.020181674197932e-05,1.962233540460841e-05,0.00023016393473192695,0.00021054159932731853,-0.005142980753083363,2.6450251026322036e-05,0.00019159375645805277,-0.005583835018384623,3.1179213512477766e-05,0.00025231425917182637,-0.00111244850439421,1.2375416750254331e-06,0.0002465837885659017
426,2.9013973657288084e-05,1.6917343785949335e-05,6.964852351998285e-05,5.273117973403352e-05,0.004240655564020789,1.7983159612544597e-05,4.8157932754588906e-05,0.003117512998559691,9.718887295950829e-06,9.292230422541792e-05,-0.004801039934175508,2.304998444935258e-05,6.786533357994173e-05
427,-3.0679580638444115,1.0,1.0,0.0,0.0,1.0,1.0,0.0,1.0,1.0,0.0,1.0,1.0
428,-2.818273277887906,7.558995285890842e-06,0.00012336875644432718,0.00011580976115843634,-0.002749362705389761,7.55899528592785e-06,0.00012336875644458623,0.002749362705389759,7.558995285705805e-06,0.00012336875644425316,0.002749362705389761,7.558995286038872e-06,0.00012336875644414214
429,8.126412413844708e-05,2.7615534861487785e-05,0.00033225649512077143,0.00030464096025928367,-0.007451516239407101,5.5525094265762576e-05,0.00034760408980860635,0.005129361522893628,2.631034963285206e-05,0.00017677886392586384,-0.0010055648593240419,1.011160685848722e-06,0.00047238653162784416
430,9.756396886506646e-05,6.453905223702261e-05,0.00032741304820882444,0.00026287399597180183,0.008891190101896514,7.905326142798597e-05,0.00035507090646658135,-0.007378005719368118,5.4434968394745376e-05,0.0002930225367292483,0.007754284421431569,6.012892688833649e-05,0.0003341457014306437
431,5.371346898708218e-06,1.028569109070195e-06,0.00014733750821112798,0.00014630893910205778,0.0003657587530271817,1.3377946495030102e-07,0.00015759175877883003,-0.00037437396154050797,1.4015586224935817e-07,0.00014951187036504887,0.001676833921484595,2.811772000010926e-06,0.00013490889548950502
432,3.897169468658479e-05,1.563820905625679e-05,0.00018977168834777292,0.00017413347929151612,-0.004533261599779721,2.0550460732016163e-05,0.00030458544405165267,-0.004189045799085255,1.754810470699919e-05,0.00016138211315386286,0.0029691853646940255,8.81606172975502e-06,0.00010334750783780322
433,0.00015172705573684997,3.4361942279644474e-05,0.00017151250728830725,0.00013715056500866277,-0.0027820048297278518,7.739550872520873e-06,0.00016416271770736124,0.001551875027833164,2.4083161017651733e-06,0.00010681006555190997,-0.009640433593178194,9.293795986464737e-05,0.00024356473860565053
434,3.814393287304707e-05,8.408284196422441e-06,0.0001506757098977222,0.00014226742570129974,0.002288219720894481,5.235949491422254e-06,0.00017660493862581284,0.001500856463289571,2.2525701233178097e-06,7.979584283901442e-05,0.004211452596757808,1.7736332974527258e-05,0.00019562634822833935
435,0.00020473706998480612,6.10529069710412e-05,0.00017412254347585568,0.00011306963650481448,0.008125083292398087,6.601697850872057e-05,0.00029140343334466134,-0.0029013640015501142,8.417913069602712e-06,6.46442076017717e-05,-0.010427071944478035,0.00010872382933480029,0.00016631998948113402
436,0.00018391770772496763,0.00011160423588622385,0.0005418859313489991,0.00043028169546277523,-0.00922870651922303,8.516902401933812e-05,0.0004834053700910612,-0.011025991625623597,0.00012157249132671577,0.0005881062351611455,0.011316854347033108,0.00012807119231261765,0.0005541461887947907
437,0.00011772724744452123,4.9176540451741545e-05,0.0002953020485088424,0.00024612550805710087,-0.008605973754747026,7.406278426735913e-05,0.00018468501481228028,0.007923193362615008,6.277699306145301e-05,0.000272528952819151,0.0032695326923666205,1.0689844026412487e-05,0.00042869217789509584
438,4.811399168513919e-05,1.2518146796554793e-05,0.00012726832132932872,0.00011475017453277393,-0.0004081291294247198,1.6656938661707699e-07,5.815500327077672e-05,-0.0003078441355719356,9.476801166030668e-08,0.0001827451913132272,0.006106807921652201,3.7293102991386995e-05,0.00014090476940398222
439,-3.0679580638444115,1.0,1.0,0.0,0.0,1.0,1.0,0.0,1.0,1.0,0.0,1.0,1.0
440,-3.0679580638444115,1.0,1.0,0.0,0.0,1.0,1.0,0.0,1.0,1.0,0.0,1.0,1.0
441,0.0003527435114764055,0.0001135477637121592,0.00027157817631092335,0.00015803041259876416,0.0037992172272480465,1.443405153989108e-05,0.00018252357444892287,0.009789344421376113,9.583126420031896e-05,0.00024224794989591292,0.015178207252389778,0.0002303779753962676,0.0003899630045879343
442,5.67454979946147e-05,2.6560105273761476e-05,0.00021720659165032816,0.00019064648637656667,-0.005438744048624866,2.957993682650706e-05,0.00026683310077180167,-0.005954083440803596,3.545110961999942e-05,0.00022274052369852804,-0.003827436397251155,1.4649269374777951e-05,0.00016204615048065474
443,0.0011692711764158537,0.0003473169155019014,0.0010288898623613447,0.0006815729468594434,-0.031245681455551153,0.0009762926096218427,0.0021330302206034046,-0.008075585237834877,6.521507693357798e-05,0.00020761587451390007,-0.0006656274859824558,4.4305995028359746e-07,0.0007460234919667297
444,-3.0679580638444115,1.0,1.0,0.0,0.0,1.0,1.0,0.0,1.0,1.0,0.0,1.0,1.0
445,0.0003433836958287584,7.070930968589018e-05,0.00023295902486664133,0.00016224971518075115,-0.008136741941375106,6.620656942046832e-05,0.00018974032854113254,-0.007843956350784468,6.152765123279558e-05,0.0002467495204983017,-0.009186604835530148,8.439370840440663e-05,0.00026238722556048977
446,0.0003545507224792521,0.0001932424028984562,0.0003567137843201544,0.00016347138142169817,-0.006991020908394404,4.88743733414454e-05,0.00020187297931040238,0.018151012377027917,0.000329459250310693,0.0004642027985283237,-0.014191320764580784,0.00020139358504323024,0.000404065575121737
447,0.04440148214575512,0.026883779153238363,0.03204933428095791,0.0051655551277195455,0.2106758348864616,0.04438430740510757,0.04655481912984283,-0.1836990429559574,0.033745338382934476,0.035159863519470425,-0.050216448218418676,0.002521691671673043,0.014433320193560473
448,0.00012664169784060153,3.552361146249202e-05,0.0001464766459714125,0.00011095303450892047,0.005819367108514154,3.3865033543967193e-05,0.0001883589897342386,-0.00405638284530644,1.645424178764454e-05,0.0001105855626353236,0.007500103936350775,5.625155905586432e-05,0.00014048538554467527
449,9.002334910335197e-05,3.1856984018567104e-05,0.00013019883688514255,9.834185286657546e-05,0.008778778869088318,7.706695843234801e-05,0.0001255849257625341,-0.0035001192745491095,1.2250834936167188e-05,4.4977042795157907e-05,0.0025006316575914753,6.253158687186122e-06,0.00022003454209773565
450,4.795082445419041e-05,2.013513008887931e-05,0.0001303914555704777,0.0001102563254815984,-0.0035463443628089867,1.2576558339971733e-05,0.0001123633092301457,0.002464045907608329,6.071522234640803e-06,7.754509084068051e-05,0.006461989607866892,4.17573096920254e-05,0.00020126596664060692
451,-3.0679580638444115,1.0,1.0,0.0,0.0,1.0,1.0,0.0,1.0,1.0,0.0,1.0,1.0
452,2.4627262543819306e-05,5.074366402365212e-06,0.00031216480332689017,0.000307090436924525,0.0005432796671043776,2.951527969807799e-07,0.00039365800834434417,0.003538513402024934,1.2521077096039335e-05,0.00041576648788343995,0.0015514088159811334,2.4068693140755215e-06,0.00012706991375288634
453,0.00012706390211247864,5.2341673732544024e-05,0.0001459964636596108,9.365478992706677e-05,-3.533217305537309e-05,1.2483615252634195e-09,0.0001490840724566178,-0.01079447080378236,0.00011652059993327857,0.00018434083613561025,-0.006364210312660021,4.050317290282823e-05,0.00010456448238660432
454,0.0002138065635454156,6.564976225083748e-05,0.00020575210464361207,0.00014010234239277458,-0.011210661277404933,0.00012567892627690647,0.00043962701467847864,0.008424489543491972,7.09720240683609e-05,9.059039829728555e-05,0.0005462018010873608,2.9833640724508115e-07,8.703890095507205e-05
455,-3.0679580638444115,1.0,1.0,0.0,0.0,1.0,1.0,0.0,1.0,1.0,0.0,1.0,1.0
456,0.0002911680799949634,9.878071807778444e-05,0.0002880373251695767,0.00018925660709179226,-0.005708623685319931,3.2588384380805024e-05,0.00015211411674054265,-0.009155938394594927,8.383120788568732e-05,0.0003221112755353861,-0.013413521609442581,0.00017992256196686096,0.00038988658323280134
457,0.00010158420310679706,3.28097335309252e-05,0.00022876857691223051,0.00019595884338130531,0.005415068395796096,2.9322965731437556e-05,0.00023113031498533942,0.006544815357011557,4.283460805731831e-05,0.00023941537782778965,0.005125585508500004,2.6271626804019732e-05,0.00021576003792356246
458,4.0820004177377633e-05,1.168832770056157e-05,0.00018038303234942563,0.00016869470464886405,-0.005227329559292638,2.7324974321230044e-05,0.00015235660640966486,0.002415113622601567,5.832773809499869e-06,0.0001406430824731908,-0.0013810267814187394,1.9072349709547964e-06,0.0002481494081654212
459,0.001947430672271433,0.0006214714210630579,0.0011192899424152432,0.0004978185213521853,0.01761126851060028,0.00031015677855261714,0.0009463062351792173,-0.03927841190497166,0.001542793641776674,0.00210277095255762,0.0033858297151241655,1.1463842859882334e-05,0.00030879263950889246
460,8.8495298904534e-05,8.512514149975707e-05,0.00013326797708975344,4.8142835589996366e-05,0.00926600430673204,8.585883581058162e-05,0.00012554957276356138,0.00913084625640765,8.337235335664772e-05,0.0001310943396948261,0.00928139188546263,8.614423533204185e-05,0.0001431600188108728
461,6.658677793514034e-05,1.6456329116953938e-05,0.00017302938610882132,0.00015657305699186738,0.004272053802615489,1.8250443692302554e-05,0.00017211530929650554,-0.005552150801226088,3.082637852047654e-05,0.00020726982349272838,-0.0005405230223471129,2.921651380827228e-07,0.00013970302553723002
462,0.05334199998912992,0.02827635922775547,0.03041296840689167,0.0021366091791362,0.14311134860042854,0.020480858098233523,0.024331027243772896,-0.11909350521541909,0.014183262984495015,0.015195491563605779,0.22397534819827356,0.05016495660053788,0.05171238641329634
463,0.00014196344831940433,6.0442942052466954e-05,0.00017965161130373275,0.0001192086692512658,0.011371107376965747,0.0001293020829786773,0.00018889848830716538,-0.004044687346653742,1.6359495732642948e-05,0.0002637083217670311,-0.005972206246105573,3.566724744608063e-05,8.63480238370018e-05
464,1.5916537687510335e-05,9.038829644166432e-06,0.00021728955661874197,0.00020825072697457553,-0.003908250327277689,1.527442062110307e-05,0.00019303423656058527,-0.0007627401824646978,5.817725859946776e-07,0.00022269866749835554,-0.0033556364114745024,1.1260295725401548e-05,0.00023613576579728512
465,4.6631855678880285e-05,1.6823547786389465e-05,0.00025884538759572234,0.00024202183980933287,0.0025715963306757383,6.613107688235864e-06,0.0003630057864194569,0.005464455855380862,2.9860277795390466e-05,0.00018884917871631046,-0.0037412909370232957,1.3997257875542068e-05,0.0002246811976513996
466,2.3839370073996946e-05,7.293067340781908e-07,0.00017499583954616593,0.00017426653281208773,0.0009429664256621476,8.891856795312236e-07,0.00017593033202079056,0.000906371920927151,8.215100593123026e-07,0.00020467131920587356,-0.0006908143475717937,4.772244633910461e-07,0.00014438586741183368
467,-2.8838913708854066,3.740817356819489e-05,0.00013232592333337992,9.491774976518502e-05,0.0061162221647408956,3.7408173568231895e-05,0.00013232592333356497,-0.006116222164740898,3.740817356745474e-05,0.00013232592333256576,-0.006116222164740894,3.740817356889803e-05,0.00013232592333400905
468,0.0005588392484537907,0.0001665827582543559,0.00041157591132875054,0.0002449931530743946,0.016464208202307998,0.00027107015172911364,0.0005347447536067085,-0.01502311576355466,0.00022569400724536948,0.00045953899348705196,0.00172745934497706,2.984115788584596e-06,0.00024044398689249125
469,0.00013148389044081998,4.334881211750149e-05,0.00017348508734356857,0.00013013627522606708,-0.001312148577089369,1.7217338884600863e-06,2.444275509094762e-05,-0.002003487316523957,4.013961427906665e-06,8.723573391533623e-05,-0.0111494726797341,0.0001243107410361377,0.00040877677302442184
470,9.779082000349604e-05,2.0633845904782788e-05,0.00031260106988550973,0.00029196722398072694,0.0019144903135065506,3.6652731604247535e-06,0.0003888344790797804,-0.00022167047651230434,4.9137800051113345e-08,0.0001812539013684722,0.007628048685859273,5.81871267538725e-05,0.0003677148292082766
471,3.381907477562063e-05,3.349133903429724e-06,0.00013004923566891277,0.00012670010176548305,0.0014843490204919305,2.203292014613112e-06,0.00019226480665823775,-0.0010075843144951985,1.0152261504803306e-06,0.00011020256451488297,0.0026132132605842517,6.82888354519573e-06,8.768033583361756e-05
472,2.0485939952408216e-05,8.514282021643282e-06,0.00016445295996111073,0.00015593867793946745,-0.0039053950832633687,1.5252110756258652e-05,4.80233964843535e-05,0.0029852686495742808,8.911828910385111e-06,0.00014456502605175725,-0.0011742684523777323,1.3789063982860839e-06,0.0003007704573472214
473,-2.8711490061580385,1.5262466195949582e-05,0.00012609991060312056,0.00011083744440717098,0.003906720644541713,1.5262466194210234e-05,0.00012609991060164027,0.00390672064454171,1.526246619687477e-05,0.00012609991060485992,-0.003906720644541712,1.5262466196763746e-05,0.00012609991060286152
474,2.3231523377020835e-05,4.4901565152688505e-06,0.00012054282680939998,0.00011605267029413113,-0.000964432059440531,9.301291971075543e-07,6.31655967533451e-05,-0.002674321417739252,7.151995045195925e-06,0.00012627230443174042,-0.0023212809616452224,5.388345303503073e-06,0.00017219057924311443
475,0.0001250986598956283,3.960359506009296e-05,0.00022433502699955218,0.00018473143193945923,0.0007070097746601519,4.998628214680778e-07,0.0002051987733391325,-0.010261992858636897,0.00010530849743084492,0.00026712910997195305,-0.0036058875367521092,1.3002424927965883e-05,0.00020067719768757097
476,1.766170621475549e-05,3.1985202593916756e-07,0.00015229143332680847,0.0001519715813008693,0.00031639219485356734,1.0010402085036674e-07,0.000178874698531728,-0.0009269695564222535,8.592725586620276e-07,0.00013028005789039732,1.3397688317651468e-05,1.7949830510843867e-10,0.00014771954355830008
477,0.00010177045529113915,3.3069094402408496e-05,9.276344934538994e-05,5.969435494298144e-05,-0.007276902757184248,5.295331373755818e-05,0.0001009632658827142,-0.006071623395697443,3.686461065943725e-05,0.00012229226953142103,0.003064206065324701,9.389358810230064e-06,5.503481262203458e-05
478,3.164858883164534e-05,1.6855468802442115e-05,0.00014066077925308415,0.00012380531045064203,-0.004022217523142331,1.617823380350991e-05,0.0001882857670463256,0.004452853502583656,1.982790431509507e-05,0.00015866738534897618,0.003815791960900936,1.4560268288721367e-05,7.502918536395065e-05
479,0.00030639247411634596,0.00016004551958126445,0.0004634310230670809,0.00030338550348581644,-0.014694038318633256,0.00021591476210935934,0.0002709870545034576,-0.016235122457421067,0.00026357920120723133,0.0005525683657696678,-0.0008016205010474693,6.425954272026857e-07,0.0005667376489281173
480,0.0017981122074852696,0.000642445375107085,0.0015358949627568193,0.0008934495876497343,-0.019318801271181154,0.00037321608255513894,0.0010253163154551048,-0.0165133146392277,0.00027268956037374004,0.0017151636809574766,0.035797073656833725,0.0012814304823923761,0.0018672048918578765
481,0.0003639515529645365,0.00018358679547666087,0.0002278516233063336,4.4264827829672726e-05,-0.0037932181914106093,1.4388504248064038e-05,2.0544328325433625e-05,0.013819270351564357,0.00019097223304931354,0.00024376497992151247,0.018584930700230453,0.000345399649132605,0.00041924556167205473
482,8.959392881857653e-05,2.7617469698815178e-05,0.0001682730752391078,0.00014065560554029263,0.002369125373068805,5.6127550333018306e-06,5.233154023098763e-05,-0.00877840018805624,7.706030986220913e-05,0.00021525329612404054,0.00042349049721321363,1.7934420093457248e-07,0.00023723438936229524
483,0.00624051243995416,0.004260133472685501,0.0052137764999118,0.000953643027226299,-0.06648896560348638,0.004420782547021607,0.005077940901114353,0.05279752550012081,0.0027875786989358664,0.0037254929362972034,-0.07464609281200921,0.00557203917209903,0.006837895662323845
484,-3.1079172755208875,3.857163811312366e-07,8.505235745777846e-05,8.466664107664723e-05,9.467691910262135e-05,8.963719211330101e-09,8.01870817465078e-05,0.0003453773188890718,1.1928549270567856e-07,7.868470743521705e-05,-0.0010143470460367559,1.0288999314767011e-06,9.628528319161056e-05
485,0.00010239451417104473,3.951565022945284e-05,0.00020992410575171316,0.00017040845552226033,0.0072247333609212795,5.219677213663676e-05,0.00035701328631987383,-0.003766514972484258,1.4186635037938267e-05,0.00012356626843068597,-0.007222433351279175,5.2163543513783495e-05,0.0001491927625045797
486,0.0002463160784205165,6.215122322879758e-05,0.00023857355668147986,0.00017642233345268227,0.006971476800091128,4.860148877450232e-05,0.00033055567505468897,0.011574235892223379,0.00013396293648904045,0.00032906471684512884,0.001972116736598291,3.889244422849991e-06,5.610027814462182e-05
487,9.14844191787223e-05,3.119745058177692e-06,0.00023820459029240867,0.00023508484523423098,0.0006928075525044968,4.79982305123805e-07,0.00024507774939952487,0.0017258742508934383,2.9786419294408617e-06,0.00022430865930489485,-0.0024291173170843806,5.900610939968409e-06,0.0002452273621728063
488,0.00012550510797593173,4.054920314899846e-05,0.00014444223277043644,0.00010389302962143798,0.010260780133574825,0.00010528360894923594,0.00017794708167184758,-0.0021783245661601987,4.7450979145935435e-06,0.000101352082284345,0.003408651138316853,1.1618902583165891e-05,0.00015402753435511674
489,7.576995765290473e-05,2.4684681232474876e-05,0.00020107365187486495,0.00017638897064239006,0.004559268702219249,2.0786931098970562e-05,0.0002456642989207003,0.007224896579665141,5.219913058684966e-05,0.00020604549761238378,-0.0010334321513916676,1.067982011604407e-06,0.0001515111590915108
490,7.370332567369076e-05,1.7619890282705164e-05,9.901258628319809e-05,8.139269600049293e-05,0.0003386133945144945,1.1465903004825861e-07,8.649123569459682e-05,-0.0013482075841339256,1.8176636890077091e-06,4.842261460413777e-05,-0.0071363399673163635,5.0927348129059524e-05,0.00016212390855085967
491,0.00013676736247325572,2.1638424122394362e-05,0.0001100546526595636,8.841622853716924e-05,-0.004980517045834729,2.4805550043804914e-05,9.772053671797121e-05,0.006094955499620276,3.7148482542659345e-05,0.00014592883059483253,0.0017208253195446707,2.9612397807188273e-06,8.651459066588707e-05
492,1.1692071015367844e-05,4.0857746349913055e-06,0.00021209794622186381,0.00020801217158687252,-0.0021073643977787514,4.44098470508969e-06,0.00020305030866551999,0.0016427841461294937,2.6987397511168965e-06,0.00022095590525916808,-0.002262211185678057,5.117599448767329e-06,0.00021228762474090335
493,-3.0679580638444115,1.0,1.0,0.0,0.0,1.0,1.0,0.0,1.0,1.0,0.0,1.0,1.0
494,-2.8111228194829505,3.740817356815788e-05,0.00013232592333234372,9.491774976418585e-05,-0.006116222164740894,3.740817356900905e-05,0.00013232592333289883,-0.006116222164740898,3.740817356745474e-05,0.0001323259233317886,-0.006116222164740897,3.740817356800985e-05,0.00013232592333234372
495,4.6269310366664484e-05,1.8505061860777754e-05,0.00029101234788938185,0.0002725072860286041,0.004305066516525335,1.8533597711978267e-05,0.0002547365037105509,0.002964281146761737,8.78696271799928e-06,0.00028221098609315654,-0.005309861123594447,2.8194625152355712e-05,0.0003360895538644382
496,-3.0679580638444115,1.0,1.0,0.0,0.0,1.0,1.0,0.0,1.0,1.0,0.0,1.0,1.0
497,3.774264431022356e-05,1.5384039350863077e-05,0.00019246072786234988,0.0001770766885114868,0.006032916507803958,3.63960815898956e-05,0.00015170306008593926,-0.00027384834175027043,7.499291443391343e-08,0.0002617338030823646,0.003111437537353167,9.681043548259716e-06,0.00016394532041874577
498,2.4365649310187365e-05,1.3428157329409274e-06,0.00030033953389411544,0.0002989967181611745,0.0018658400083161476,3.4813589363524855e-06,0.0003085764653524281,0.0007396381915430189,5.470646542438118e-07,0.00039457595782377286,-4.8588256813100465e-06,2.360822648483918e-11,0.0001978661785061453
499,0.00024201923542455095,4.282919638006385e-05,0.00011739420503846058,7.456500865839674e-05,-0.008034458784531977,6.455252796044864e-05,8.256547924712088e-05,0.0005848927499753767,3.4209952903818674e-07,0.00011506282100826049,-0.007974519524776342,6.359296165070472e-05,0.00015455431486000037
500,0.00031252891235844515,9.221298465422745e-05,0.00024137715188506567,0.00014916416723083822,-0.0012231751221055158,1.4961573796545835e-06,8.146375877560175e-05,0.011469417873726866,0.00013154754636213184,0.00046222849161914326,0.011983123558602225,0.00014359525022089592,0.00018043920526045198
501,0.0035641272961033366,0.0016878901166867966,0.00286985364237069,0.0011819635256838934,-0.056777327000930446,0.003223664861370601,0.0038006330583651993,0.04280102197603237,0.0018319274821926301,0.0034703568169227594,-0.00284218340317493,8.078006497158619e-06,0.0013385710518241112
502,-3.0679580638444115,1.0,1.0,0.0,0.0,1.0,1.0,0.0,1.0,1.0,0.0,1.0,1.0
503,8.181712412136388e-05,1.558799737825615e-05,0.0003575445550027719,0.0003419565576245157,0.004140036853543855,1.7139905148511048e-05,0.00018038889859328666,-0.005373351446253866,2.8872905765031653e-05,0.00038986143843477983,0.0008667071137855163,7.511812212257496e-07,0.0005023833279802492
504,0.0041930967710156475,0.0015201808607810952,0.008189965702039484,0.006669784841258389,0.05164568408055617,0.0026672766841486784,0.011717986976422567,0.04350917805848982,0.0018930485753254622,0.011490873984181249,0.00046617900967777816,2.1732286914488697e-07,0.001361036145514638
505,1.5826451788880647e-05,7.461690718154242e-06,0.0003342256321120877,0.0003267639413939335,-0.0037512045705116732,1.4071535730075801e-05,0.00039641750177576984,-0.0004592959229175659,2.1095274405080744e-07,0.00014743870686328986,0.0028465037644665784,8.102583680336117e-06,0.0004588206876972034
506,0.0008528977018089634,0.0003231816640597203,0.0006008065590348277,0.0002776248949751074,-0.013411535478779404,0.00017986928389823742,0.0004910425637023597,-0.001194759815663201,1.4274510170553256e-06,0.00015999672587019287,-0.028075759246433404,0.0007882482572638683,0.0011513803875319306
507,-3.0679580638444115,1.0,1.0,0.0,0.0,1.0,1.0,0.0,1.0,1.0,0.0,1.0,1.0
508,5.248390255374602e-05,1.2502865505211366e-05,0.00020083791500276801,0.00018833504949755664,-0.001356551678157319,1.840232455974089e-06,0.00012092183882661534,0.0025907749398462834,6.712114788975931e-06,0.0002841577180835442,0.0053811011206170095,2.8956249270684076e-05,0.0001974341880981445
509,0.0003429107005720189,8.982478384208144e-05,0.0005113009727687837,0.0004214761889267023,0.00588277239229096,3.460701102020458e-05,0.0003643735223005651,0.009068292735130488,8.223393312978278e-05,0.00014385573269426466,0.012354489361221148,0.00015263340737625697,0.0010256736633115215
510,2.3328570375125146e-05,2.246948270260655e-06,0.00015945702276728055,0.0001572100744970199,0.0016671348757949294,2.7793386941921128e-06,0.0001088311175824197,0.001979416761565021,3.918090716092948e-06,0.0002227755776874618,0.00020836362537657294,4.341540049690451e-08,0.0001467643730319601
511,6.335512392485754e-05,9.992628378123017e-06,0.00017436875073983948,0.00016437612236171648,0.0031412573116436334,9.867497497650923e-06,0.00019661131366977003,-0.00020064769506939088,4.025949773556192e-08,0.0002612005578598309,0.004479969658277997,2.0070128138982568e-05,6.529438068991755e-05
512,-3.0679580638444115,1.0,1.0,0.0,0.0,1.0,1.0,0.0,1.0,1.0,0.0,1.0,1.0
513,3.461511575797438e-05,1.0486350534059477e-05,0.00014566652568652008,0.0001351801751524606,-0.003079583164690065,9.483832468570874e-06,8.568569536548942e-05,-0.0030014485687066945,9.008693510836885e-06,0.0001843733351839516,-0.003600906222426651,1.2966525622770675e-05,0.00016694054651011925
514,6.672265309748404e-05,2.1665486042099502e-05,0.00019290417482975553,0.00017123868878765602,-0.0005248712082350785,2.7548978542846214e-07,8.441433151429312e-05,0.0023120060094639783,5.345371788090247e-06,0.0002621858806995947,0.007705556213053058,5.93755965527798e-05,0.00023211231227537876
515,0.00019891267239502408,3.507544288838815e-05,0.0002815500525159183,0.00024647460962753015,-0.00043333867551362135,1.8778240795658263e-07,0.00019665715844963128,0.001095215601838739,1.1994972143325455e-06,0.0002443199274079211,0.010190144701744482,0.00010383904904287533,0.0004036730716902026
516,5.584459582053114e-05,2.2697018458361917e-05,0.00024302367513477177,0.00022032665667640985,-0.005994803686764395,3.5937671243213565e-05,0.00031256651925193335,-2.0276264593099364e-05,4.111267992712442e-10,0.0002587593063781979,-0.005670359160158963,3.2152973005072916e-05,0.0001577451997741841
517,0.00018478408031663562,7.538376282512083e-05,0.0002670239897700026,0.00019164022694488175,-0.011336717625516352,0.0001285211665207342,0.00034990097259768316,0.0077383906754354605,5.9882690245594006e-05,0.00014041806382292243,-0.00614389385558325,3.7747431709034274e-05,0.0003107529328894021
518,0.00042571997403273443,0.00015032241993310583,0.00032997179941870086,0.00017964937948559503,-0.004905275760865347,2.406173029034786e-05,0.00012160269031658011,0.01191729344997769,0.00014202188317335995,0.0004471624662619744,0.016878496566215727,0.0002848836463356097,0.0004211502416775481
519,-3.0679580638444115,1.0,1.0,0.0,0.0,1.0,1.0,0.0,1.0,1.0,0.0,1.0,1.0
520,6.841507301014182e-05,2.6304389705041526e-05,0.00014649925234229885,0.00012019486263725733,0.005368304927551357,2.8818697795141013e-05,0.00021278504361277317,-0.004018784376827506,1.615062786708421e-05,7.792768079761814e-05,-0.005826134520657783,3.394384345289936e-05,0.00014878503261650522
521,3.2708146498139357e-05,4.311889848285233e-06,7.420662173270494e-05,6.98947318844197e-05,0.0026735175307039684,7.1476959869754e-06,9.689461718498382e-05,-0.00047481610850102265,2.254503371768024e-07,4.5921669847182045e-05,-0.002358500205825953,5.562523220703497e-06,7.980357816594896e-05
522,0.00013114113344969702,3.9037658909520566e-05,0.00018019379584299777,0.0001411561369334772,0.008491340328109276,7.210286056813509e-05,0.00020967763795187722,-0.00664052618048726,4.4096587953901256e-05,0.00020700848717081222,0.0009557866949705077,9.135282065253492e-07,0.00012389526240630389
523,-3.0679580638444115,1.0,1.0,0.0,0.0,1.0,1.0,0.0,1.0,1.0,0.0,1.0,1.0
524,0.00015105348718214007,4.203833470169579e-05,0.00015175616775298106,0.00010971783305128527,-0.010338667268843872,0.00010688804089586945,0.0002446892787419941,0.004379193469944484,1.9177335447428945e-05,0.00011123897092979451,-0.00022277289327775405,4.962776178896178e-08,9.934025358715459e-05
525,-3.0679580638444115,1.0,1.0,0.0,0.0,1.0,1.0,0.0,1.0,1.0,0.0,1.0,1.0
526,0.00043799410518352566,9.484763197727582e-05,0.0004345375693361279,0.0003396899373588521,0.006500866293965881,4.2261262572118596e-05,0.000572354829204702,-0.001320981341937939,1.7449917053546926e-06,0.00021087599731273166,-0.01550924374863292,0.00024053664165435418,0.00052038188149095
527,0.0008204976997281399,0.00028186653857871963,0.0005244159108329649,0.00024254937225424528,-0.0038061576810851715,1.4486836293348127e-05,0.00026128379107059896,-0.008290345533525778,6.872982906502845e-05,0.00021351386326839972,-0.027611283026646803,0.0007623829503777824,0.001098450078159896
528,3.133061809434956e-05,1.814246815915836e-05,0.00021576611176795288,0.00019762364360879453,-0.0037245322699671415,1.3872140629755947e-05,0.00024270220840616474,0.005114803120308604,2.616121095955215e-05,0.00017132340630598986,0.003793949510464277,1.4394052888166975e-05,0.000233272720591704
529,8.835791927908065e-05,1.8437569003030656e-06,5.715097406411296e-05,5.5307217163809895e-05,0.0014117778836173175,1.993116792609051e-06,5.3728700319166656e-05,0.0016325131217614283,2.6650990925247697e-06,5.996035598565541e-05,-0.000934374023811941,8.730548157753759e-07,5.776386588751681e-05
530,5.932166294408958e-06,1.8539599675830114e-06,0.0004258443862111457,0.00042399042624356265,0.0005011652995024911,2.511666573612459e-07,0.0003954225695002034,-0.0013950295530908436,1.9461074540760848e-06,0.0004354144476879096,-0.0018342861802527867,3.3646057913117033e-06,0.0004466961414453241
531,4.946083004331303e-05,2.292537982739873e-05,0.0002273812225498754,0.00020445584272247666,-0.005093438272095009,2.594311343173672e-05,0.00022942949323978556,-0.004613989230365128,2.1288896618010256e-05,0.0002218844495477379,0.0046415654075873895,2.154412943244921e-05,0.00023082972486210274
532,9.286184050294466e-05,2.490342614758223e-05,0.00020488662760898002,0.0001799832014613978,-0.00811927331662782,6.59225991896939e-05,0.00020536146179939152,0.002687730507564699,7.223895281072146e-06,0.00017530717263425366,0.0012505134833186095,1.5637839719806479e-06,0.00023399124839329488
533,0.00025047139307399213,5.003062589807132e-06,0.00022593515294018948,0.00022093209035038236,-0.00344407685046257,1.186166535205313e-05,0.00023946557602694263,-0.0011389267524982776,1.2971541474282589e-06,0.00021527091206741122,0.0013602824228592428,1.850368269940006e-06,0.00022306897072621457
534,-2.3490765930383724,2.829010937991742e-06,9.142967329608027e-05,8.860066235808853e-05,0.001711309445619854,2.928580019601057e-06,9.107283294274016e-05,0.0020774734481532183,4.315895928086455e-06,9.157687865879449e-05,0.0011147003481912841,1.242556866287714e-06,9.163930828670619e-05
535,2.8681680283026978e-05,2.4722243903633572e-05,0.00025329883316738133,0.00022857658926374777,0.004979181529020089,2.4792248698779495e-05,0.00024929889932368,-0.005082843634159753,2.583529940947127e-05,0.00025448946899786495,0.004851719654175952,2.353918360264995e-05,0.00025610813118059905
536,8.802792168616236e-05,9.743524943909658e-07,0.00026511206196944137,0.0002641377094750504,0.0005225036659624855,2.730100809866798e-07,0.0002637856929238458,0.0009309508095035672,8.66669410126697e-07,0.0002711186756716444,0.0013354317623978033,1.7833779920595205e-06,0.00026043181731283394
537,6.255262970000786e-05,1.994834845249945e-05,0.00019806713322360428,0.00017811878477110482,0.003938461261141284,1.5511477105989435e-05,0.00010207202871803656,-0.004601507362751159,2.1173870009438822e-05,0.00028613126389620547,0.004812452414528572,2.3159698242070093e-05,0.00020599810705657084
538,0.0003581122907253542,8.226966195227596e-05,0.0003374305440281648,0.00025516088207588883,-0.0101841531551744,0.00010371697548816616,0.0005878880055177893,0.011876127866823532,0.00014104241310919363,0.000261748725850941,0.0014316414562058528,2.0495972594680723e-06,0.00016265490071576405
539,5.249880127067286e-06,1.0759737928411894e-06,0.0001282922185423807,0.00012721624474953952,-0.0011740999131331386,1.3785106066643849e-06,0.00016509047152080125,-0.0010795631643753128,1.165456625540351e-06,0.000134309995664883,-0.0008270152035530446,6.839541463188326e-07,8.547618844145788e-05
540,0.0004892545972260409,0.0001447482930991099,0.00022092654636296505,7.617825326385516e-05,-0.013392029834301149,0.00017934646308293,0.00023884661165285426,-0.009751253858989893,9.508695182247617e-05,0.00016070222209219054,-0.01264165591970028,0.0001598114643919235,0.00026323080534385035
541,0.23394965329516315,0.08025449419382995,0.627977699170397,0.5477232049765671,-0.4373780401942754,0.1912995500441852,0.6755207833627604,-0.132291509512352,0.017501043489056456,0.6288734114575031,0.17878167984513427,0.03196288904824818,0.5795389026909273
542,-3.0679580638444115,1.0,1.0,0.0,0.0,1.0,1.0,0.0,1.0,1.0,0.0,1.0,1.0
543,3.573923195809847e-05,1.0675128970016878e-05,0.00023234245633056241,0.00022166732736054554,0.005294641286295424,2.803322635047678e-05,0.000254167798185323,0.0010541550848753392,1.1112429427750925e-06,0.00017257134940584784,-0.0016973266087903602,2.8809176167987616e-06,0.00027028822140051645
544,-3.4720731103825546,3.8248920497530037e-07,8.985490624098998e-05,8.947241703601468e-05,-0.0010623597147977407,1.1286081638139933e-06,8.949567558158567e-05,8.805550709385086e-05,7.753771180674107e-09,9.006146918544289e-05,0.00010538348390453401,1.110567993123368e-08,9.000757395594139e-05
545,6.0414891417170935e-05,2.268669649030386e-05,0.00016755361854803308,0.00014486692205772922,-0.005425438202404738,2.9435379688691476e-05,0.00016351930768776501,-0.0036817953689570328,1.3555617139004994e-05,0.00018044075350898137,-0.005006904497160205,2.5069092643215107e-05,0.00015870079444735286
546,0.0001963367421521367,7.100814935223632e-05,0.00020881632410248616,0.00013780817475024984,0.003715459328011992,1.3804638018144466e-05,0.0001684251096994993,0.013070108753376067,0.0001708277428253968,0.0002773675892928651,-0.005328420705340346,2.839206721316767e-05,0.00018065627331509404
547,6.667201545218493e-05,1.1661281504204979e-05,0.00024803349104781286,0.00023637220954360788,0.0038570834539675357,1.4877092770926303e-05,0.000249644603746213,0.0021652461116252737,4.688290724863542e-06,0.0002322019816173304,-0.003926634820897276,1.541846101682509e-05,0.0002622538877798952
548,0.0003365183305692465,3.779260024313243e-05,0.0002384771038038691,0.00020068450356073667,0.007660872317358269,5.8688964663100585e-05,0.0002495688575954169,-0.0049592161502942985,2.459382482522532e-05,0.0003448189306485272,-0.005485892018758547,3.009501124107139e-05,0.0001210435231676632
549,0.00015915314505166034,5.018006174906109e-05,0.0005435909790349654,0.0004934109172859044,-0.00439267639026372,1.9295605869662502e-05,0.0005764095608339348,0.006094355234328692,3.714116572228754e-05,0.0004182709019254771,-0.009700691400882852,9.410341365523323e-05,0.0006360924743454843
550,0.00012219701728055643,3.671710091975496e-05,0.00014956849820768614,0.00011285139728793117,-0.00854633468963653,7.30398366270979e-05,0.00018862588595247587,0.005205873803303372,2.7101122055728233e-05,0.0001923002582955302,0.003163912779477168,1.0010344076438749e-05,6.777935037505234e-05
551,-3.0679580638444115,1.0,1.0,0.0,0.0,1.0,1.0,0.0,1.0,1.0,0.0,1.0,1.0
552,6.480673596476194e-05,5.454650777858561e-05,0.0001887563019013679,0.0001342097941227823,0.007238037599871436,5.23891882967531e-05,0.00017046480530891195,-0.007616496277799827,5.8011015550363254e-05,0.00020296497520866374,0.0072965279063948955,5.323931948864047e-05,0.00019283912518652802
553,0.00010901962618459216,6.183760792063027e-05,0.00018593953594481238,0.00012410192802418213,0.008076710817792026,6.523325763374554e-05,0.0002560485542382196,0.004378923864955016,1.9174974214997142e-05,0.0001627041544971508,0.010055077916827292,0.00010110459191314813,0.00013906589909906675
554,1.59270649943144e-05,5.279154601689484e-06,0.00034245469371167275,0.00033717553910998327,-0.002238986334960062,5.013059808267606e-06,0.0002624548068743682,-0.002350730558893296,5.5259341609215085e-06,0.0004810760174035478,0.0023018405323340907,5.298469835879338e-06,0.00028383325685710226
555,-2.984516836184929,9.22596272134868e-06,0.00012174054606643263,0.00011251458334508395,-0.0030374269903700054,9.225962722125836e-06,0.0001217405460668397,-0.0030374269903700062,9.22596272090459e-06,0.00012174054606606255,0.003037426990370005,9.225962721015613e-06,0.00012174054606639562
556,0.0002709408601699881,8.617721767893254e-05,0.0002553960618519128,0.00016921884417298028,-0.015847986540974267,0.0002511586774028851,0.00043037067487483593,-0.002121453784328092,4.500566159082453e-06,0.00011816915742379752,0.0016948184194348756,2.872409474830029e-06,0.00021764835325710497
557,5.081309988697047e-05,3.1354839510518616e-05,9.989306404197447e-05,6.853822453145586e-05,-0.005585461602318395,3.119738131174277e-05,0.00010544086386699014,0.005594353161439413,3.1296787295076456e-05,9.663149590810605e-05,-0.00561874985414497,3.157034992473662e-05,9.760683235082723e-05
558,-3.0679580638444115,1.0,1.0,0.0,0.0,1.0,1.0,0.0,1.0,1.0,0.0,1.0,1.0
559,5.410152897578069e-05,2.625395553231454e-05,0.00014397099095223945,0.00011771703541992491,-0.004721321453838889,2.2290876269814852e-05,0.00013375382045888173,-0.007097621520488293,5.037623124815038e-05,0.00013821219284293473,0.002468756585614373,6.0947590789783845e-06,0.0001599469595549019
560,0.0003058582401601617,7.065399484444217e-05,0.0003529045098012255,0.00028225051495678333,0.009254311605797701,8.564228329743795e-05,0.00032572543751907546,-0.010042186007489703,0.0001008454998092656,0.00037858750191455126,0.005047197383384101,2.5474201426622933e-05,0.00035440058997004975
561,7.196451863589193e-05,1.248423991428993e-05,0.0002221383670834761,0.00020965412716918616,0.0049047243335669545,2.4056320788501395e-05,0.0003603697122029903,-0.002032599633783097,4.131461271539294e-06,0.00023812466702466395,-0.003043836014461177,9.2649376828291e-06,6.7920722022774e-05
562,0.0063676560252893255,0.0023401424434524865,0.004230699460013643,0.0018905570165611563,0.06092180267530908,0.0037114660412091993,0.004707427210009829,-0.04402473977781634,0.0019381777125042632,0.003107895998962884,-0.037024094541852806,0.0013707835766439969,0.004876775171068215
563,0.0003323660255841743,8.186017764651628e-05,0.00021532133193350825,0.00013346115428699196,-0.010749450872842629,0.0001155506940676565,0.0002715619611143305,0.003227362833513748,1.0415870859148413e-05,0.00011801024247437564,0.010936817087832897,0.00011961396801274393,0.0002563917922118186
564,-3.0679580638444115,1.0,1.0,0.0,0.0,1.0,1.0,0.0,1.0,1.0,0.0,1.0,1.0
565,1.1172870210129915e-06,2.1442025192423367e-07,0.00019453366206996966,0.00019431924181804544,4.1127887316348734e-05,1.6915031597619645e-09,0.0001593651015970865,0.0005758935334991646,3.316533616626316e-07,0.00015320908212368423,-0.0005567008987563043,3.0991589095030747e-07,0.00027102680248913824
566,5.481534890217077e-05,1.956439540303408e-05,0.00014764235828853187,0.00012807796288549778,-0.004915538013989719,2.4162513967085353e-05,0.00025553875273487403,0.005875210546422393,3.4518098965041766e-05,0.00012583341078842292,0.00011213062551545398,1.2573276975125225e-08,6.155491134229862e-05
567,5.10763243078971e-05,1.7577516366366435e-05,0.00015036197524579778,0.00013278445887943136,0.0047759070282739164,2.2809287942404666e-05,0.00013183036513253477,-0.0039990722015990346,1.5992578473733587e-05,0.00014012198856250269,0.0037323829765257897,1.3930682682961049e-05,0.00017913357204235592
568,-3.0679580638444115,1.0,1.0,0.0,0.0,1.0,1.0,0.0,1.0,1.0,0.0,1.0,1.0
569,5.496258785597785e-05,2.3917129464072023e-05,0.0005043619623036344,0.00048044483283956235,-0.004663808787880484,2.1751112410206552e-05,0.0003336336383193972,0.005404823511501107,2.9212117190424713e-05,0.00042419052176001504,-0.004559403337227566,2.07881587915848e-05,0.000755261726831491
570,4.807850158550231e-05,1.5626549157617593e-05,0.00017517996369331712,0.00015955341453569952,0.0035234545773057306,1.2414732158960717e-05,0.00020208231507046204,-0.0012792611963099135,1.636509208369219e-06,0.00016889184624846454,0.005729607849152646,3.2828406105522845e-05,0.00015456572976102478
571,0.0005554305496758838,0.00028746396067661867,0.0006324961684731253,0.0003450322077965066,-0.016213381566924607,0.00026287374183464607,0.0007906344287738065,0.02105315917952882,0.00044323551143843343,0.0005355789489603913,0.012501305082134706,0.00015628262875677645,0.000571275127685178
572,0.0003034956614615947,7.51705475295535e-05,0.0004249983234203188,0.0003498277758907653,-0.0065860250087288056,4.337572541579515e-05,0.0005440804232322849,0.013054361554803417,0.00017041635560377522,0.00048260551717360656,-0.003423384519579256,1.1719561569090153e-05,0.000248309029855065
573,8.512121796755423e-05,2.6598692002795705e-05,0.00018317129811692054,0.00015657260611412482,0.008106780964023216,6.571989759851515e-05,0.0002486989917852567,0.003690438336808067,1.3619335117454057e-05,0.00011371865816833804,-0.0006759018362804829,4.568432924179078e-07,0.00018709624439716688
574,2.3328834192426484e-05,4.788082566912581e-06,0.00015268376549915086,0.0001478956829322383,0.0037737395252410116,1.4241110005475122e-05,0.00014372077722357712,-0.00032446334117697354,1.0527645988300804e-07,0.0001640654128556296,0.00013364593270723471,1.7861235379612594e-08,0.00015026510641824586
575,4.8876439518452663e-05,1.0693460584650557e-05,0.00018769708139950345,0.00017700362081485288,-0.004757925903685324,2.2637858905105723e-05,0.0001852876783183799,0.0029497167097778483,8.700828667995708e-06,0.00016463859871496123,-0.000861216686508745,7.416941808502386e-07,0.0002131649671651692
576,3.629391254544867e-05,6.776582863188274e-06,0.0003622487305688556,0.0003554721477056673,0.001232706947936866,1.519566420027374e-06,0.00016686831187662232,-0.0034289287087392994,1.1757552090041479e-05,0.000492145280169165,0.002655678835852093,7.0526300794959695e-06,0.0004277325996607795
577,0.0007033279270826087,0.00023158275971442896,0.0004196856172866692,0.00018810285757224024,-0.023221832045814378,0.000539253483564317,0.0005962956211090775,0.00013512202494796914,1.825796169807603e-08,0.0004690081987309691,0.012469023122004555,0.00015547653761727176,0.00019375303201996097
578,1.3660562333983606e-05,4.445695499880979e-06,0.00022726781620907577,0.0002228221207091948,0.0033811229971748118,1.14319927215778e-05,0.0001700483559274879,-0.0010194244096116125,1.03922612693097e-06,0.0003278748537649534,0.0009305200972037511,8.658676511341667e-07,0.000183880238934786
579,0.0009292193245505898,0.0003981101846684358,0.007588925070060075,0.007190814885391639,-0.01954191338727925,0.00038188637883596055,0.012843902487076453,-0.010810009713363097,0.00011685631000313279,0.0018404116146970573,-0.026373999794610352,0.000695587865166214,0.008082461108406713
580,0.005837123939251843,0.0025679241506901076,0.0028210223825582137,0.0002530982318681061,-0.061837769947529354,0.0038239097920838017,0.00420779699174445,0.06199702122950856,0.0038436306413323074,0.004064800600536378,-0.006019303834669188,3.6232018654214215e-05,0.00019046955539381294
581,0.00019245403330936384,1.2860889107716803e-05,0.00020768565256786461,0.00019482476346014782,0.0017547465871401902,3.0791355845050106e-06,0.00018845595361927092,0.004607287810504617,2.122710096896796e-05,0.00021303629123980983,-0.0037784164368924273,1.427643076967744e-05,0.00022156471284451307
582,-3.0679580638444115,1.0,1.0,0.0,0.0,1.0,1.0,0.0,1.0,1.0,0.0,1.0,1.0
583,-3.0679580638444115,1.0,1.0,0.0,0.0,1.0,1.0,0.0,1.0,1.0,0.0,1.0,1.0
584,-2.912870149289656,3.850156042835747e-06,0.00018576259876475673,0.00018191244272192097,0.0016240768305172432,2.6376255517490677e-06,0.00017390842688369545,-0.002058181717521231,4.236111982858226e-06,0.00019433438038418682,0.0021625749914265025,4.676730593899947e-06,0.0001890449890263879
585,5.265549093724786e-05,1.4098436908286752e-05,0.00012460156266569378,0.00011050312575740702,-7.45580687743392e-05,5.5589051140003676e-09,0.00010584518655243347,-8.090369917235319e-05,6.545408881564185e-09,0.00010705918512088353,-0.006502553837598706,4.228320641086469e-05,0.00016090031632376434
586,3.7570673864228965e-05,9.168038596740757e-06,0.00016333353189853148,0.00015416549330179072,0.0034793423672755163,1.2105823308350416e-05,0.00013041299909044568,-0.0038817211170789115,1.5067758830422662e-05,0.0001501819023679296,-0.0005749205608979717,3.305336514491941e-07,0.0002094056942372191
587,4.573086186798747e-05,1.6781799336877217e-05,0.0003009141392111836,0.00028413233987430636,0.0017288282705671988,2.988847189300259e-06,0.0002562852675315197,0.0055309986044333875,3.059194556209732e-05,0.00022950182547287756,-0.004094460313550154,1.6764605259234067e-05,0.0004169553246291535
588,0.00014651466541237834,0.00012404400071045854,0.00023892982888277606,0.00011488582817231752,0.01050716220881343,0.00011040045768240248,0.00017719765904855578,0.011278163979778943,0.00012719698275442948,0.000284078568837387,-0.011598903469495544,0.0001345345616945437,0.0002555132587623854
589,2.0291374216774294e-05,4.776014298379927e-06,0.0001106791619471063,0.00010590314764872637,-3.371995438170715e-05,1.1370345776029467e-09,8.234924559569201e-05,-0.0037850824106572625,1.432684885571689e-05,0.00016762949275106465,-7.550100475245839e-06,5.700484528858851e-11,8.205874749456221e-05
590,4.563989155126347e-05,1.907110403750097e-05,0.00021715282120364035,0.00019808171716613937,-0.002354397603611798,5.543188075995964e-06,0.0001568605650918986,0.003012292633019615,9.07390690674248e-06,0.00017103569319976142,0.006526577750202308,4.259621712976447e-05,0.00032356220531926105
591,0.0006006888833798296,0.00018833219037273086,0.0005048015969613499,0.000316469406588619,0.015909940515306312,0.0002531262072005269,0.0003768552152734195,-0.005076659644172662,2.577247314305975e-05,0.0002737168027583392,-0.01691442847910292,0.0002860978907746059,0.000863832772852291
592,0.00023396165986266926,0.00010604312431764888,0.00019677361348091615,9.073048916326727e-05,-0.0009394288310631006,8.825265285228312e-07,9.43493497200798e-05,-0.015186028804053269,0.0002306154708380248,0.00032666749541221396,-0.00930759773449019,8.6631375586399e-05,0.0001693039953104547
593,-3.0679580638444115,1.0,1.0,0.0,0.0,1.0,1.0,0.0,1.0,1.0,0.0,1.0,1.0
594,0.00025179062943880837,0.0001542952753576706,0.0006422920120260356,0.00048799673666836496,-0.013597075467427312,0.0001848804612673005,0.0005856505358999842,-0.005570650551216754,3.1032147564058477e-05,0.0008616034101988079,-0.015715381549359624,0.0002469732172416528,0.00047962208997931466
595,0.000120020639604701,2.4478553454591417e-05,0.00018394101188949166,0.00015946245843490026,-0.004625691375679259,2.139702070369509e-05,0.00019063362370153047,0.004412838048681777,1.947313964500985e-05,0.0001755115999197976,0.005706618965267957,3.2565500015069304e-05,0.00018567781204714695
596,6.080887508985722e-05,2.8266008253637526e-05,0.0002201529085729126,0.00019188690031927505,0.006157769198353248,3.79181215000024e-05,0.0002526454904204778,0.00038107891074691124,1.452211362273914e-07,9.813797012092618e-05,0.006836276919840122,4.673468212468279e-05,0.0003096752651773338
597,-3.0679580638444115,1.0,1.0,0.0,0.0,1.0,1.0,0.0,1.0,1.0,0.0,1.0,1.0
598,3.2655544265236536e-05,8.36425232457009e-06,0.00012863657846950982,0.00012027232614493973,0.003928753260600182,1.543510218271482e-05,0.00012566341155695326,-0.00252271232646613,6.364077482334807e-06,0.0001362689738888534,-0.0018148215637928337,3.2935773086606446e-06,0.0001239773499627228
599,0.0002415104258771672,0.00010477759357141458,0.0005451895440757489,0.00044041195050433435,0.00843110831957974,7.108358749663424e-05,0.0005974874893391879,-0.004688549094126704,2.1982492608096926e-05,0.00031498686694486633,-0.014875036154906904,0.0002212667006095126,0.0007230942759431924
600,0.00014316547848003403,8.102922745660084e-05,0.0003098116306725999,0.00022878240321599908,-0.004019926060856259,1.615980553459906e-05,0.0001238345045474487,0.011391911525661625,0.00012977564820804144,0.0004355596151143226,0.009856583009709008,9.7152228627162e-05,0.0003700407723560284
601,0.00011299103153095125,3.2621923879279834e-05,0.00023210030353445119,0.00019947837965517135,-0.000490573263399482,2.406621266715092e-07,0.00011152248143708743,0.009799770482826764,9.603550151582319e-05,0.0003143539502177273,0.0012607965717729697,1.5896079953447995e-06,0.0002704244789485388
602,-3.0679580638444115,1.0,1.0,0.0,0.0,1.0,1.0,0.0,1.0,1.0,0.0,1.0,1.0
603,1.9133885354016833e-05,4.968580597360568e-06,0.00016511544190711547,0.0001601468613097549,-0.002670116564467655,7.129522467952398e-06,0.00013223710813747847,-0.001975797689356163,3.903776509051049e-06,0.00018307114407045688,-0.001967852335572487,3.872442815078259e-06,0.00018003807351341106
604,-3.0375224964640744,1.4242528753594108e-05,0.00012042284224552298,0.00010618031349192887,-0.0037739274971030664,1.4242528753483086e-05,0.00012042284224544897,-0.003773927497103067,1.4242528754704331e-05,0.00012042284224667021,0.0037739274971030686,1.4242528752594907e-05,0.00012042284224444977
605,-3.0679580638444115,1.0,1.0,0.0,0.0,1.0,1.0,0.0,1.0,1.0,0.0,1.0,1.0
606,0.005905164333961599,0.0026500631826630685,0.003936359500424406,0.0012862963177613378,-0.02577655466747492,0.0006644307705253594,0.001250923655365499,-0.07263475408450808,0.005275807500917051,0.006815320849922202,0.044832480151637724,0.0020099512765467953,0.0037428339959855172
607,0.008250275825684827,0.007103515201030401,0.009865447234354638,0.0027619320333242365,0.08524497846647587,0.007266706353750152,0.009665773688656287,0.08375747463137183,0.007015314556624852,0.010291683173015875,0.08383629698833482,0.007028524692716198,0.009638884841391748
608,-3.0679580638444115,1.0,1.0,0.0,0.0,1.0,1.0,0.0,1.0,1.0,0.0,1.0,1.0
609,-2.6435304200792658,5.4566843039024114e-05,0.00020764198181070595,0.00015307513877168183,0.007905782991389054,6.250140470787091e-05,0.00011163141654246811,0.00899973828771422,8.099528924720989e-05,0.00017280463609004038,0.004494867646663992,2.0203835161991535e-05,0.0003384898927996094
610,5.8099811520162525e-05,6.5859109146989186e-06,0.00017953454906335006,0.00017294863814865113,-0.002518957030234925,6.3451445200257695e-06,0.00016329329113418112,-0.0007791975258640745,6.071487842485013e-07,0.0001849884962524806,0.0035784688680784984,1.2805439439822486e-05,0.00019032185980338845
611,6.685222863567208e-05,2.8897769629665504e-05,0.00030745201241485126,0.00027855424278518576,0.007075170445593578,5.005803683422183e-05,0.00024067492673263136,-0.005795988270995821,3.359348003750817e-05,0.00017325356317599017,-0.0017440733978685674,3.041792017266509e-06,0.0005084275473359323
612,0.00010069647324539854,2.9312162837080713e-05,0.00024161971941368451,0.0002123075565766038,0.004695232702773498,2.2045210133381232e-05,0.00035441511264844294,-0.0020012713232816356,4.005086909009137e-06,0.00019126127697965956,0.007866777705559304,6.188619146885177e-05,0.00017918276861295102
613,-2.7134588288618304,9.898680741267837e-06,0.00010139315563565769,9.149447489438986e-05,0.0014024652764352034,1.9669088525686718e-06,0.00010064437781087676,-0.003169591481158788,1.0046310156663907e-05,0.0001001202045076699,0.004205094911406599,1.768282321457093e-05,0.0001034148845884264
614,-3.0679580638444115,1.0,1.0,0.0,0.0,1.0,1.0,0.0,1.0,1.0,0.0,1.0,1.0
615,4.900126239859581e-05,1.4749422328930173e-05,0.0001167460893535625,0.00010199666702463232,-0.005402826710893099,2.9190536466772166e-05,0.00011668797209041237,0.0016941076085056858,2.8700005894055636e-06,9.938136880915938e-05,0.0034910929421796983,1.218772993061279e-05,0.00013416892716111573
616,6.749467287292532e-05,8.21401874092261e-06,0.00013226998222778027,0.00012405596348685766,-0.0047480702945615965,2.2544171522143053e-05,0.00018308965361657492,-0.0005167063987457283,2.669855024839407e-07,0.0001242459407104768,0.0013531072383971574,1.830899198140834e-06,8.947435235628909e-05
617,0.00013759665623958028,8.671101947199666e-05,0.0004016523365481343,0.00031494131707613765,0.009530439842888414,9.082928359871456e-05,0.000391326789673907,-0.005860708227436704,3.434790092726736e-05,0.00046721007853778307,0.011617050997998419,0.00013495587389000807,0.0003464201414327128
618,0.0014106017630640677,0.00044963894933795306,0.0008044856753483728,0.0003548467260104197,-0.0028629004252597873,8.196198845178415e-06,0.000827768506285631,-0.02392017804080548,0.0005721749175039426,0.0007348992754317996,-0.027722657370192094,0.0007685457316647382,0.0008507892443276877
619,2.8160646447950022e-05,6.950071569589156e-06,0.0003370912348330535,0.0003301411632634643,0.0005392661955972156,2.9080802921299664e-07,0.0002577706289130788,-0.004411102378616054,1.9457824194990536e-05,0.00024493428804417405,-0.0010495629971008504,1.1015824845639344e-06,0.0005085687875419076
620,5.1145088497239755e-05,4.2175906870019673e-05,0.00021636208437677182,0.00017418617750675214,0.005821939395014869,3.3894978319404245e-05,0.0001820988637740717,-0.0069514011259445545,4.8321977612730826e-05,0.00023376607047553843,0.006656633133798338,4.431076467792394e-05,0.0002332213188807053
621,8.36108516654166e-05,3.141568373362288e-05,0.00022556234965476207,0.0001941466659211392,0.00404640880190021,1.6373424192361874e-05,0.00022993911768787179,-0.006878782614659903,4.7317650260003674e-05,0.0002557791493204009,0.005527746082081049,3.055597674850308e-05,0.00019096878195601352
622,0.0002616833821923459,5.16674309301394e-05,0.0006126041355559719,0.0005609367046258326,0.007310988421683859,5.3450551701916815e-05,0.0007961482234508654,-0.00968112367255364,9.372415556319069e-05,0.00038805869074431953,-0.00279778225130488,7.82758552531071e-06,0.0006536054924727308
623,-2.721095590984127,6.248691047024597e-05,0.0005082832989988054,0.00044579638852855946,-0.007904866252521186,6.248691047006094e-05,0.0005082832989986574,0.007904866252521188,6.24869104698389e-05,0.0005082832989987685,-0.007904866252521186,6.24869104708381e-05,0.0005082832989989905
624,0.00020103053583853114,5.4552644697817655e-05,0.0001619210939562965,0.00010736844925847885,-0.004643978790071233,2.1566539002537688e-05,0.000126701284838604,0.009468753669096325,8.96572960461528e-05,0.00019286675438601186,-0.007241139347133905,5.243409904476248e-05,0.00016619524264427366
625,1.793470245403661e-05,4.903811013775202e-06,0.0002361362959293715,0.00023123248491559628,-0.002295079392674629,5.267389418639468e-06,0.0001973062322917496,-0.0027712661537487213,7.679916094738282e-06,0.0002316300886054945,0.0013282046257118096,1.7641275279478563e-06,0.0002794725668908704
626,3.7354654222165884e-05,2.3830100434496515e-05,0.0005168197147380112,0.0004929896143035147,-0.004728500461155023,2.2358716611825535e-05,0.0005098637168271525,-0.004946340936977859,2.4466288664259928e-05,0.0005100698309572493,0.004966416819848105,2.4665296027404082e-05,0.0005305255964296318
627,0.0007881881035521898,0.00014546900446924896,0.00026039697804051504,0.00011492797357126608,0.0135405028270329,0.0001833452168089611,0.0002842396022476601,-0.015902882216013523,0.00025290166277669446,0.0004411133915888099,-0.0004001672427746893,1.601338220913462e-07,5.583794028507505e-05
628,8.277170726311844e-05,2.6766630252731776e-05,0.00014286617811195187,0.0001160995478592201,-0.0035866956202565982,1.2864385472655115e-05,0.00017971944580663646,-0.00472719332811173,2.2346356761127062e-05,5.8427924431669886e-05,-0.006714845383542223,4.508914852441315e-05,0.00019045116409754925
629,9.31528246744806e-05,3.6812084257357526e-05,0.00016322986913327084,0.00012641778487591332,-0.005425061767281676,2.9431295178850014e-05,0.0001457171481040742,-0.007146885270125828,5.107796906445028e-05,0.00020946939746424587,0.005470556509988001,2.992698852877229e-05,0.0001345030618314924
630,-3.0679580638444115,1.0,1.0,0.0,0.0,1.0,1.0,0.0,1.0,1.0,0.0,1.0,1.0
631,3.875170778389059e-05,3.899546612617932e-06,0.00015822733667947286,0.00015432779006685493,-0.0010398860527303523,1.0813630028083665e-06,0.00015975220811137447,-0.0013658967446446716,1.8656739169120584e-06,0.00019399621116300558,0.0029583108217666183,8.751602918133372e-06,0.00012093359076403853
632,-3.0679580638444115,1.0,1.0,0.0,0.0,1.0,1.0,0.0,1.0,1.0,0.0,1.0,1.0
633,5.624049978536494e-05,1.9848055873887088e-05,0.00016024358603335584,0.00014039553015946876,-0.004618823133561089,2.133352713917791e-05,0.00019203568016823436,-0.003997263193676737,1.5978113039882835e-05,0.00015409755116357893,-0.004715138114884667,2.2232527442600514e-05,0.0001345975267682542
634,8.80932395701528e-05,3.280931003960911e-05,0.00012720674091711479,9.439743087750568e-05,0.002898379961235681,8.400606399283639e-06,9.656106484312588e-05,-0.0015125778682523756,2.2878918080060373e-06,0.000166236831717681,0.009366932897786786,8.773943191153766e-05,0.00011882232619053745
635,0.0001628441765895161,5.1123676661712913e-05,0.00029672790794495657,0.00024560423128324366,0.003001664005433501,9.009986801089553e-06,0.00032824284450927443,-9.293305030027237e-05,8.63655191807311e-09,0.000356649229165118,0.012014674636967648,0.00014435240663213111,0.00020529165016047735
636,0.002075843297252411,0.0008618118156494825,0.0016695394303991213,0.0008077276147496388,-0.018687933286960272,0.0003492388505378363,0.0009337823577455495,0.02112176768099259,0.0004461290699696585,0.001357438366648589,0.04230918962165171,0.0017900675264409527,0.0027173975668032258
637,8.828457121612399e-05,2.734111830904329e-05,0.00013553909662481858,0.0001081979783157753,-0.0031373891398281655,9.843210614812747e-06,0.0001516178423174308,-0.008293388037862648,6.878028514678558e-05,0.00013255339589191006,-0.0018438707018286467,3.399859165531538e-06,0.0001224460516651149
638,-3.0679580638444115,1.0,1.0,0.0,0.0,1.0,1.0,0.0,1.0,1.0,0.0,1.0,1.0
639,7.091324057351134e-05,2.5650251035513882e-05,0.000194926015647597,0.00016927576461208313,-0.001535946854441972,2.3591327393823747e-06,0.000217913379826018,0.007572206895127321,5.733831726251193e-05,0.0002291476044908869,0.004153709559484735,1.7253303104647344e-05,0.00013771706262588612
640,0.00017199889260066659,8.53197223681379e-05,0.0002887921074383737,0.0002034723850702358,0.012408092110461094,0.00015396074982165775,0.000562503380856394,0.004727661519173063,2.2350783439817334e-05,8.27353158268096e-05,-0.008924552304896529,7.96476338429386e-05,0.00022113762563191752
641,0.0001620765234681132,2.1479868954732417e-05,0.00011001413482022067,8.853426586548825e-05,0.004598750555224539,2.1148506669899092e-05,0.00013061166880246056,0.0011897574225257597,1.4155227242573787e-06,7.01238571811924e-05,0.006471134171803167,4.187557747004078e-05,0.00012930687847700906
642,0.00025928007775977147,9.364560223730962e-05,0.0002060116391140454,0.00011236603687673578,-0.004363018824846421,1.9035933265798555e-05,0.00014254774067334886,-0.011212262026147687,0.00012571481974221754,0.0002117735703537349,-0.011669878050126037,0.0001361860537039128,0.0002637136063150525
643,0.0002350385330696092,3.495730592051327e-05,0.0009936400914302146,0.0009586827855097013,0.00432260181771586,1.8684886474495954e-05,0.0015273567333713434,0.002656530052386603,7.057151919287463e-06,0.00030124925204366715,-0.008895497702095643,7.91298793677564e-05,0.0011523142888756333
644,2.9897427706537805e-05,7.69534920327016e-06,0.00011767310859441456,0.0001099777593911444,0.00287255484377441,8.25157133110821e-06,0.0002026403260962928,-0.0008030200749246767,6.448412412929372e-07,8.113487805883057e-05,-0.0037669131975004706,1.4189635037409332e-05,6.924412162812033e-05
645,2.1517325603404025e-05,3.240507471247156e-07,0.00023054150320174957,0.00023021745245462485,-0.0001722987238891671,2.9686850533394704e-08,0.00022849284904402634,0.0006737858880169901,4.5398742332114495e-07,0.00021351890304632803,-0.0006989119885723806,4.884779675196071e-07,0.0002496127575148943
646,0.00012531202557752863,2.3974218030094658e-05,0.00017266327748829044,0.00014868905945819577,-0.00789260506545089,6.229321471917793e-05,0.000215310994388207,0.0006743556116367555,4.5475549104168067e-07,0.00011401906197761047,-0.0030289740639407375,9.174683880064372e-06,0.00018865977609905382
647,0.0007133107717143261,0.0003675230549048762,0.0016222957766710195,0.0012547727217661433,0.019037899351326684,0.00036244161171117284,0.0007746261755613437,-0.008634707313251213,7.45581703852638e-05,0.0032278557586402634,0.02579863140978849,0.0006655693826181919,0.0008644053958114517
648,2.5166096047302133e-05,6.435688725529391e-06,0.00021419351642804063,0.00020775782770251125,0.00236914734282831,5.612859132031467e-06,0.00020392021571691288,-0.0024956423342258633,6.228230660321188e-06,0.00018445390923049754,-0.0027323938926899537,7.4659763842355176e-06,0.0002542064243367115
649,7.272712798878089e-05,3.75593663827963e-05,0.00030943809498388636,0.0002718787286010901,0.006967098903224019,4.8540467128099785e-05,0.00036616715165371794,-0.005401407058195568,2.9175198208442055e-05,0.0002741967211361551,0.005912904008299835,3.496243381184705e-05,0.00028795041216178596
650,2.4511863205289863e-05,7.30641335796219e-06,0.0001292180097558123,0.00012191159639785011,0.004124721421760106,1.7013326806480933e-05,0.00016219359157554347,-0.002108246250271603,4.4447022516935775e-06,0.0001439102025752037,0.0006791251841889257,4.612110157120597e-07,8.155023511668968e-05
651,4.192060200680636e-05,2.653440257209076e-05,0.00012563311583113634,9.909871325904558e-05,0.006347367965649839,4.028908009112708e-05,0.00011209436516823601,0.004063217263725424,1.650973453282134e-05,0.00018710997745507996,-0.004775394548379001,2.280439309232385e-05,7.769500487009307e-05
652,-3.0679580638444115,1.0,1.0,0.0,0.0,1.0,1.0,0.0,1.0,1.0,0.0,1.0,1.0
653,9.020096199219285e-05,4.2201051708860383e-05,0.00012527279852151776,8.307174681265739e-05,0.0070672859635224385,4.994653089074319e-05,0.00015007810546308065,0.0060350418518952805,3.642173015450112e-05,0.00010853561024537495,0.0063430981452901386,4.023489408133685e-05,0.00011720467985609773
654,-3.024749694949591,4.821151738646871e-06,0.00011784474911939273,0.00011302359738074585,-0.0021957121255322207,4.8211517386098635e-06,0.00011784474911946674,-0.00219571212553222,4.8211517393870196e-06,0.0001178447491202439,0.0021957121255322216,4.82115173794373e-06,0.00011784474911846754
655,2.6139385880252775e-05,5.708329221643105e-06,0.00011146066722067527,0.00010575233799903216,-0.0021793152780955785,4.749415081328756e-06,0.00011235734446168877,0.0024534186846292025,6.019263242285078e-06,0.00011288098482031828,-0.0025211722156750676,6.35630934131548e-06,0.00010914367238001876
656,0.00010731317174805799,4.3108662548085874e-05,0.0001728931872507037,0.00012978452470261784,0.005658239422837164,3.201567336619249e-05,0.00012744518917229275,0.008840859402147088,7.81607949683627e-05,0.0002626112483679055,0.004376016374490619,1.9149519309702434e-05,0.0001286231242119129
657,5.309189991697938e-05,2.3568706250864935e-05,0.00012019897199636957,9.663026574550464e-05,0.0003538997463813486,1.252450303468322e-07,8.926666666997374e-05,0.00673607308966852,4.537468066934114e-05,0.0001254846800264886,-0.005020576964118052,2.5206193052906833e-05,0.00014584556929264636
658,3.9446830663703025e-05,9.377210974011637e-07,9.577249774402515e-05,9.483477664662399e-05,-0.0006703531593529608,4.493733586352633e-07,9.256221636133599e-05,-0.0014212374479986771,2.019915882667256e-06,0.00011276636390500361,-0.0005864077518383492,3.438740509009719e-07,8.198891296573585e-05
659,-3.0679580638444115,1.0,1.0,0.0,0.0,1.0,1.0,0.0,1.0,1.0,0.0,1.0,1.0
660,3.082923716313246e-05,1.1085679112972832e-05,0.00015597736072840243,0.0001448916816154296,-0.005381963955073742,2.896553601361429e-05,0.00023648358218786303,-4.9998240484043376e-05,2.4998237924123146e-09,0.00016633926244413733,-0.0020709904639396337,4.289001501511791e-06,6.510923755320697e-05
661,0.00013185123576731073,5.39245888391641e-05,0.00013086455158269525,7.693996274353115e-05,-0.001957156372607445,3.8304610661121785e-06,7.628258659975184e-05,0.00996566717392328,9.931452222167181e-05,0.00017605223556405036,0.007656943465238676,5.8628783229708326e-05,0.0001402588325842835
662,0.00040252588801226175,0.00014771926588189968,0.0003790031452694335,0.00023128387938753384,-0.0073129387155679995,5.347907265740304e-05,0.00022959037508607505,-0.008932706548335475,7.979324627882534e-05,0.0002151802252373658,-0.017603564375131456,0.0003098854787094707,0.0006922388354848596
663,-2.914295421817641,1.0728471137181709e-05,0.0001267899343858995,0.00011606146324871779,-0.0032754344959133757,1.0728471136700612e-05,0.0001267899343858625,0.0032754344959133774,1.0728471136145501e-05,0.00012678993438453023,0.003275434495913373,1.0728471138699014e-05,0.0001267899343873058
664,2.907292739151579e-05,1.4778929001998028e-05,0.00019073222218146668,0.00017595329317946865,0.004983483608054209,2.483510887174578e-05,0.0001765535819941988,0.0020327390758958152,4.132028150527489e-06,0.00021792058176983709,0.003920414516794392,1.5369649983720812e-05,0.00017772250278036417
665,4.6729495725039705e-05,3.467532213626464e-05,0.0001255980939492233,9.092277181295866e-05,-0.0062411284225499745,3.895168398682092e-05,0.00012311891073257808,0.005512001122904521,3.0382156379737957e-05,0.00013276887087976252,0.0058900022107558035,3.469212604223504e-05,0.00012090650023532934
666,8.15050498129688e-05,2.602778161849469e-06,0.00015819630558019013,0.00015559352741834065,0.002043188821819774,4.1746205612369636e-06,6.876271717004556e-05,0.00018458953027563179,3.407329440818785e-08,0.00023352565475798226,0.0018972718914021514,3.5996406299032557e-06,0.00017230054481254253
667,6.432949356238726e-05,1.9149304848253834e-05,0.0001251237205978084,0.00010597441574955457,-0.0014945111133746508,2.2335634682901784e-06,0.00011025706306189154,0.0018514934824486148,3.428028115370907e-06,3.996427429109328e-05,0.007196271462434256,5.178632296110042e-05,0.0002251498244404404
668,7.765798705006155e-05,1.7123682338933872e-05,0.0001839669947253005,0.00016684331238636663,-0.0002675519196181397,7.15840297038639e-08,0.00013220089441245975,-0.0005149694461927484,2.651935300246322e-07,0.00022333185213929685,0.007143827367518457,5.103426945707312e-05,0.0001963682376241449
669,-3.0679580638444115,1.0,1.0,0.0,0.0,1.0,1.0,0.0,1.0,1.0,0.0,1.0,1.0
670,-3.0679580638444115,1.0,1.0,0.0,0.0,1.0,1.0,0.0,1.0,1.0,0.0,1.0,1.0
671,0.00014050432193812856,5.309593850914377e-05,0.0002853378744742674,0.00023224193596512363,-0.004425419210094219,1.9584335185118817e-05,0.0003817870734758033,0.00035540014572523816,1.263092640479968e-07,0.00016518172954771426,-0.011814278271575133,0.0001395771710782645,0.0003090448203992846
672,2.8126528131000583e-05,1.9772169661277e-05,0.00022630890408688784,0.00020653673442561082,0.005040740026835833,2.540906001824439e-05,0.0003158809932221063,-0.0025171937806090783,6.336264529283042e-06,8.891327674143135e-05,0.0052508270240595655,2.7571184436303575e-05,0.00027413244229712586
673,0.00038666229561701293,5.270389090557733e-05,0.0004725826736832565,0.0004198787827776792,0.002177949704858538,4.743464917078555e-06,0.0004002850982357531,-0.009891347409271906,9.783875357072258e-05,0.0004946610138005791,0.007451808789081037,5.552945422893085e-05,0.0005228019090134373
674,0.00027530112348439495,9.063384277034163e-05,0.00036290760481194617,0.00027227376204160453,0.010166543682747395,0.00010335861045318584,0.0003169427981972728,-0.010543376579708332,0.00011116278970169091,0.0003094168168766842,0.007574967204948872,5.7380128156148125e-05,0.00046236319936188153
675,2.7913269152191056e-05,1.39775878656249e-05,0.00011933433564255876,0.00010535674777693385,-0.0037406104924033305,1.3992166856158228e-05,0.00010458079632480466,-0.00023457463706928777,5.502526045919609e-08,0.00018913356411709437,-0.005280679073786803,2.7885571480257276e-05,6.428864648577726e-05
676,-3.0679580638444115,1.0,1.0,0.0,0.0,1.0,1.0,0.0,1.0,1.0,0.0,1.0,1.0
677,0.0008829816524953404,0.00025634384756630563,0.002417861602870127,0.002161517755303821,0.02394882894905776,0.0005735464080310892,0.0034288574817830098,-0.009123800363698111,8.324373307655453e-05,0.0008578081142921468,0.010594404258441707,0.00011224140159127316,0.002966919212535224
678,9.553603024770041e-05,2.0022780053530198e-05,0.00018287491303473993,0.00016285213298120974,0.005182830527614838,2.6861732277949635e-05,0.00019961255443878834,-0.0045256379829327065,2.0481399152227908e-05,0.00019712950685113473,-0.0035672410529352964,1.2725208730413051e-05,0.00015188267781429676
679,-2.8938737655756412,1.6950918858264313e-05,0.00012479809117812066,0.00010784717231985634,-0.0041171493607511595,1.6950918858782416e-05,0.0001247980911788238,0.004117149360751159,1.695091885856037e-05,0.00012479809117871277,0.0041171493607511595,1.6950918857450148e-05,0.0001247980911768254
680,0.0002544258994583437,0.00018290139334871855,0.0009534072191041595,0.0007705058257554409,0.014768159398207897,0.00021809853201104623,0.0009285146809158151,0.01194977453045016,0.00014279711132869632,0.0008888090468271992,-0.013704325474331333,0.00018780853670641307,0.001042897929569464
681,-3.0679580638444115,1.0,1.0,0.0,0.0,1.0,1.0,0.0,1.0,1.0,0.0,1.0,1.0
682,2.5761618373421058e-05,9.110599916151152e-06,0.00015199064657578365,0.0001428800466596325,-0.0019035444001083831,3.623481283354657e-06,5.756357499830944e-05,-0.0017283655756434196,2.9872475629799666e-06,0.0001189937185104295,0.004552040301010704,2.0721070902118832e-05,0.000279414646218612
683,8.646062926054299e-05,2.182468833759425e-05,0.00020113260394446128,0.00017930791560686704,-0.00625137683590052,3.907971234462515e-05,0.00027725904911601873,-0.001107424073792171,1.2263880797558357e-06,7.138289146857435e-05,-0.005016768341212073,2.516796458840176e-05,0.00025475587124879073
684,-2.865899022046556,1.9649648772398127e-05,0.00012350779600855954,0.00010385814723616142,0.004432792435065328,1.964964877221309e-05,0.00012350779600855954,-0.004432792435065326,1.9649648773323314e-05,0.00012350779600966977,0.00443279243506533,1.964964877165798e-05,0.00012350779600744932
685,0.00016750804401732822,5.9793210438400614e-05,0.0002229388248601305,0.0001631456144217299,-0.003453011953399867,1.1923291550530735e-05,0.00017255353184741917,-0.01163606814152386,0.00013539808179419133,0.00027250730452066385,0.005662001233717311,3.2058257970479787e-05,0.00022375563821230848
686,-3.0679580638444115,1.0,1.0,0.0,0.0,1.0,1.0,0.0,1.0,1.0,0.0,1.0,1.0
687,5.825599133613135e-05,1.7792590404871095e-05,8.592077570612755e-05,6.812818530125646e-05,0.005921866626263061,3.5068504339652584e-05,9.475782911361197e-05,-0.0003360767812913247,1.1294760282609673e-07,9.068497295927624e-05,0.0042657143917920306,1.819631927213461e-05,7.231952504549444e-05
688,6.497344415701267e-05,2.8997784090711853e-05,0.00020693358423107266,0.0001779358001403608,0.0045322013270278,2.0540848868821904e-05,0.00026199603745813427,0.00479352283794368,2.2977861198203442e-05,0.0002461574848127146,-0.006593530329457534,4.3474642205110214e-05,0.00011264723042236913
689,0.00029685716230087866,9.14603641225531e-05,0.00030296074800458445,0.00021150038388203135,-0.013354269709657949,0.0001783365194784059,0.0003851525488365315,-0.007901718326377183,6.243715250964232e-05,0.00010793147077681198,-0.005797190731721366,3.3607420379611064e-05,0.0004157982244004099
690,0.0001273050258540076,5.832387115848695e-05,0.00023618981016230536,0.00017786593900381842,-0.005476828816418078,2.9995653884284934e-05,0.00017363802241154858,-0.010572325193663775,0.00011177406000073553,0.00039655764202761734,-0.005762108953386531,3.32018995904404e-05,0.0001383737660477502
691,4.845089176408468e-05,3.094861543495586e-05,7.618844571385026e-05,4.52398302788944e-05,0.005342845302201844,2.85459959231682e-05,5.195234263144499e-05,0.005253333701123978,2.7597514974386783e-05,5.16399321980332e-05,-0.006058245241570581,3.67023354073126e-05,0.00012497306231207261
692,-3.0679580638444115,1.0,1.0,0.0,0.0,1.0,1.0,0.0,1.0,1.0,0.0,1.0,1.0
693,0.00023719310338932154,6.999049212874642e-05,0.0001314560145698751,6.146552244112868e-05,-0.004902941703487495,2.4038837347806208e-05,4.153769286974196e-05,0.011717270588767793,0.00013729443005017217,0.00023651180272576955,-0.006974109906491257,4.863820898826088e-05,0.0001163185481141138
694,7.522823089578523e-06,3.412891123784808e-06,0.00012181285371870576,0.00011839996259492096,-0.0007998957916218435,6.398332779156135e-07,0.00015932555983266816,-0.0025253361836877443,6.37732284058945e-06,0.00012340232115848337,-0.0017948585606668958,3.2215172528493596e-06,8.271068016496574e-05
695,0.00043168379776070687,2.786952040789714e-05,0.0002443458329730956,0.00021647631256519845,-0.00030532860336394914,9.322555583057834e-08,0.00015825631800525652,-0.003964662898123596,1.5718551895527177e-05,0.0001961153274666616,-0.008233880237921277,6.779678377233367e-05,0.0003786658534473686
696,0.00012641312942951455,2.860205451386359e-05,0.00021664380508697642,0.00018804175057311284,0.002196899799285708,4.826368727228747e-06,0.00020321590737615303,-0.005841022290166213,3.4117541394484974e-05,0.0002256835673561941,0.00684560102692252,4.686225341987704e-05,0.0002210319405285821
697,0.0001946824740070019,3.8195469293696625e-05,0.00022947006268943712,0.0001912745933957405,-0.00944297273827908,8.916973413586327e-05,0.000272259879949055,0.00070834710154831,5.01755616388877e-07,0.00026999744199796005,0.004991484561632205,2.4914918128837726e-05,0.0001461528661212963
698,7.066553984347301e-05,1.2803616934379628e-05,0.00029639398162273345,0.0002835903646883538,0.0015943704203472706,2.5420170373102735e-06,0.00020171395378876245,-0.004446010135238349,1.976700612260629e-05,0.0002517952039612359,0.004012708267916539,1.6101827643222322e-05,0.000435672787118202
699,2.9099758103057205e-05,8.278012524824222e-06,0.00018147376572141827,0.00017319575319659405,0.0011612801999670009,1.348571702419754e-06,0.00013983891073532373,-0.0005311205144906093,2.820890008248256e-07,0.00018312732757130856,0.004816988361146919,2.3203376871228087e-05,0.0002214550588576225
700,0.00022219893327213303,7.443432361627551e-05,0.0002568414052286731,0.0001824070816123976,0.00949904851839052,9.023192275503522e-05,0.0003450320544527985,0.002935062297181961,8.614590688349466e-06,0.00012135016801018139,0.01115600544127103,0.00012445645740544187,0.00030414199322303936
701,-3.0679580638444115,1.0,1.0,0.0,0.0,1.0,1.0,0.0,1.0,1.0,0.0,1.0,1.0
702,-3.0679580638444115,1.0,1.0,0.0,0.0,1.0,1.0,0.0,1.0,1.0,0.0,1.0,1.0
703,-3.0679580638444115,1.0,1.0,0.0,0.0,1.0,1.0,0.0,1.0,1.0,0.0,1.0,1.0
704,0.0002392870766644295,7.35950464471428e-05,0.0003093675887333447,0.00023577254228620187,0.0016268127073906205,2.646519585147722e-06,0.00042682924450099247,0.006067218242843137,3.681113720643836e-05,0.00021877962229088777,0.013465789340020424,0.00018132748254984232,0.00028249389940815384
705,2.3260523177470738e-05,7.898281626061987e-06,0.0003150034395416797,0.0003071051579156177,-0.00011805346171963846,1.3936620080201578e-08,0.00041290566059748457,0.0024232180755768052,5.871985842009764e-06,0.000338178629629593,-0.004220061897258087,1.7808922416095996e-05,0.00019392602839796158
706,0.00012004582708191602,3.109015126960083e-05,0.00029953184841502445,0.0002684416971454236,-0.0032246675363100195,1.0398480718820657e-05,0.0004162528576598934,0.008916737409649636,7.950820603297437e-05,0.0001928868561168473,0.0018340575391926923,3.363767057007472e-06,0.00028945583146833265
707,0.00015545793521321016,4.207950092316448e-05,0.00037633007194777984,0.00033425057102461536,0.0006483816015710977,4.203987012951771e-07,0.00034543439116918595,0.010191395175115785,0.00010386453561561648,0.00037302209961187494,-0.004685463525901814,2.1953568452581784e-05,0.0004105337250622787
708,7.78824455849314e-06,1.8775161912213771e-06,9.355383066615246e-05,9.167631447493108e-05,-0.00024390058332657768,5.9487494818988296e-08,0.00014199592978814124,-0.0022497633890644236,5.06143530643044e-06,0.0001146979646123869,-0.0007152802054912956,5.116257724147033e-07,2.3967597597929213e-05
709,7.248113890767627e-05,4.044168766192957e-05,0.00010687023525627708,6.64285475943475e-05,-0.007781277899779902,6.0548285753969644e-05,0.00013827134341759528,0.007196606449601977,5.1791144390134214e-05,0.00011251609622087155,-0.0029976045172520204,8.985632841684854e-06,6.982326613036438e-05
710,5.869655964563236e-05,6.435390652370643e-06,9.752089265383883e-05,9.108550200146819e-05,-0.0025014009530914543,6.257006728516146e-06,9.654008178283657e-05,-0.00287793058401058,8.282484445842897e-06,0.0001007048876969785,-0.0021832729518174512,4.766680782752886e-06,9.53177084817014e-05
711,-3.0679580638444115,1.0,1.0,0.0,0.0,1.0,1.0,0.0,1.0,1.0,0.0,1.0,1.0
712,0.00011349196680665585,2.0712187045986614e-05,0.00021227449156176656,0.00019156230451577994,-0.006453418578176151,4.164661134486991e-05,0.00012924535499270196,-0.003446647600412359,1.1879379681167812e-05,0.0003593656369055287,-0.002934377295436195,8.610570111922122e-06,0.000148212482787069
713,5.0844596392929375e-05,5.276676955971264e-06,0.00016897635544906495,0.0001636996784930937,-0.0008833173597197325,7.802495575193191e-07,0.00017953845963247783,-0.0018557883979180515,3.44395057760849e-06,0.00024574281794642605,0.0034067331465119327,1.1605830732785982e-05,8.164778876829093e-05
714,0.00037834899647415376,8.618108290877242e-05,0.00044065789470278577,0.00035447681179401336,-0.010260869470081264,0.00010528544228161074,0.00048730362663962357,-0.006253944932927343,3.9111827224158624e-05,0.00046581150474911404,-0.01068391216833601,0.00011414597922054792,0.00036885855271961976
715,4.017998256489186e-05,2.269080161639477e-05,0.0004066289236420347,0.00038393812202563993,-0.005552208921884748,3.0827023911550455e-05,0.0003680021125318511,-0.0044801671183056805,2.0071897408380224e-05,0.0003646590513812775,-0.004144090193178708,1.717348352925363e-05,0.00048722560701297546
716,0.0002520463095967429,0.00010722232102851799,0.00039691559053493347,0.0002896932695064155,-0.008327094968127311,6.934051060758506e-05,0.0004429434110638786,-0.007107720483233309,5.051969046787619e-05,0.00044271082122604444,0.014205870688221359,0.00020180676201009273,0.00030509253931487734
717,3.812882832310294e-05,2.1586238769503534e-05,0.00014897153553838915,0.00012738529676888563,0.004055258169552654,1.6445118821817317e-05,0.00014754795399096743,-0.00504073872036416,2.540904684722456e-05,0.00014462659240976894,-0.004785869893666323,2.2904550639468724e-05,0.0001547400602144311
718,0.00013998569075734935,5.182014038274119e-05,0.0003473854158618783,0.00029556527547913714,-0.008840228271088147,7.814963588526069e-05,0.0004844136356396689,-0.0077614169703554125,6.023959338741225e-05,0.0003100435642547916,-0.004131729888985583,1.7071191875550618e-05,0.00024769904769117446
719,-3.0679580638444115,1.0,1.0,0.0,0.0,1.0,1.0,0.0,1.0,1.0,0.0,1.0,1.0
720,2.491422092743001e-05,8.59687313270463e-06,0.0003573496392904607,0.0003487527661577561,-0.0017565600618528934,3.0855032515653136e-06,0.00037742956109687587,0.00452710526588427,2.0494682088534333e-05,0.00033509523273111963,-0.001486752857152146,2.2104340580142434e-06,0.00035952412404338663
721,-3.0679580638444115,1.0,1.0,0.0,0.0,1.0,1.0,0.0,1.0,1.0,0.0,1.0,1.0
722,7.455786219112692e-05,4.797387346792507e-05,0.00010512169419315172,5.714782072522665e-05,0.0069844049090265065,4.8781911934470124e-05,0.00010318367467576639,0.007183409836420621,5.160137687820754e-05,0.00010607389226668928,-0.006598358249684492,4.3538331591097545e-05,0.0001061075156369995
723,0.000122550270796995,5.246154484483956e-05,0.00021407973137532732,0.00016161818653048776,0.005348321463957247,2.8604542482102424e-05,0.00015190298337885988,0.009796105355175092,9.596368012976253e-05,0.0003217879521668632,0.005728561069125868,3.281641192265372e-05,0.0001685482585802589
724,4.087471863001291e-05,1.571443459139991e-05,0.00010301271203279801,8.729827744139809e-05,0.006168907174642213,3.8055415729543185e-05,9.857020247561188e-05,0.0026207224054029185,6.868185925879011e-06,0.00012564929765956911,0.0014898664768236937,2.2197021187775334e-06,8.481863596321304e-05
725,-3.0679580638444115,1.0,1.0,0.0,0.0,1.0,1.0,0.0,1.0,1.0,0.0,1.0,1.0
726,3.754969100333572e-05,1.9442387815408562e-05,0.000145162533077244,0.00012572014526183545,-0.004118008205207656,1.6957991578081533e-05,2.7001137879567594e-05,-0.0022575880328771984,5.096703726281682e-06,0.0002456945166202651,-0.006022662877988684,3.627246814186247e-05,0.00016279194473189929
727,0.00016539315789609876,6.2553649345376e-05,0.00028046548957531375,0.00021791184022993776,-0.0018551303815795457,3.4415087326600258e-06,6.10481927951767e-05,-0.012769133557693435,0.00016305077181411054,0.0004786102831850769,-0.004600942021960243,2.1168667489357418e-05,0.0003017379927456876
728,6.377142107272249e-05,6.239609589157406e-06,0.00022365420511187098,0.00021741459552271358,0.00025069202073289994,6.284648901289103e-08,0.0002693052500654103,-0.0017694131443904875,3.130822875396788e-06,0.00021820240065018037,-0.0039401978888143185,1.552515940306254e-05,0.0001834549646200223
729,1.6959671898852946e-05,4.4026018000501805e-06,0.00019983918211485818,0.000195436580314808,0.0014269941614817427,2.0363123373057235e-06,0.00021677971860578626,-0.0018798446845244513,3.5338160373488137e-06,0.0002641308300272982,0.0027636347489904795,7.637677025496004e-06,0.00011860699771149008
730,0.0007344553352334193,0.00027471173252535674,0.00040119838069715047,0.00012648664817179373,-0.024840335235758015,0.0006170422546248888,0.0008170282535296947,-0.014058161792034543,0.00019763191297128557,0.0003026275022007807,0.0030758787329694275,9.46102997989584e-06,8.393938636097609e-05
731,0.0001281391278358246,2.6943011448676835e-05,0.00023396583392650458,0.00020702282247782774,0.008656126295741941,7.492852244772585e-05,0.0003035133476047003,0.0018353326535004765,3.3684459491700736e-06,0.00034293135899399196,-0.001591246664991174,2.5320659491345765e-06,5.545279518082147e-05
732,0.00010276494115579737,3.9171028859678415e-05,0.00038575672638678043,0.000346585697527102,0.00031325744559024336,9.813022738835997e-08,0.000212956864470204,0.005386367440986055,2.9012954209206576e-05,0.0005790912905766499,0.009402233891074866,8.840200214244032e-05,0.00036522202411348736
733,0.001482859939224257,0.0004530167584401168,0.0013723073532094787,0.0009192905947693619,0.021746050990609448,0.0004728907336858379,0.0010787719147566932,0.024505051861899056,0.0006004975667546208,0.001295944706654617,0.016901537648382967,0.00028566197487989164,0.001742205438217126
734,0.0009164970953240426,0.0003612375422180625,0.0006545804464915816,0.00029334290427351917,-0.0163404637594817,0.0002670107558749857,0.0008655645951614055,-0.0034999158245803417,1.2249410779152647e-05,3.246505378928788e-05,-0.02836287115226155,0.0008044524600000491,0.0010657116905240516
735,9.245802676771664e-05,3.1160520468883256e-05,0.00012375824271038116,9.25977222414979e-05,-0.00929070618818738,8.631722147522947e-05,0.00016368129803179254,0.001681006649499558,2.825783355087097e-06,0.00010856823170135588,-0.002082920203991893,4.338556576333197e-06,9.902519839799506e-05
736,5.223175199797758e-05,2.4260882414732048e-05,0.00020188056315351144,0.0001776196807387794,-0.004611792138687321,2.126862673024199e-05,0.00019696347119635416,0.004858480448203473,2.360483226548915e-05,0.00020705432723699957,-0.005282914749294237,2.7909188248465e-05,0.0002016238910271806
737,5.884156864477408e-05,4.742220757969484e-06,0.00013728332247912403,0.00013254110172115455,-0.0012103235044621159,1.4648829850250067e-06,0.00019274638036093084,0.0031759844866432662,1.0086877459625221e-05,0.0001317127131058582,0.0016355127116123049,2.674901829258225e-06,8.73908739705831e-05
738,0.00013209773017952564,3.920713164795586e-05,0.0002498473062461463,0.00021064017459819045,-0.010211862388711565,0.00010428213344582105,0.0004374643669388112,-0.0024421730437879773,5.96420917575724e-06,0.0001772799648861456,0.002715704756057682,7.375052322289299e-06,0.0001347975869134821
739,0.0006487637294144699,0.0001253540980803066,0.0006993157311754317,0.000573961633095125,-0.0051799436812883255,2.683181654128397e-05,0.0009187060798454549,-0.0025444907925252394,6.474433393188761e-06,0.0005203301502346713,-0.018513671821284636,0.000342756044306447,0.0006589109634461687
740,0.00017074820296636428,3.453367535359112e-05,0.0006890602195172754,0.0006545265441636843,-0.009017998843711258,8.132430314500283e-05,0.0009271347131128982,-0.004679752139954797,2.1900080091508123e-05,0.0005368999600011692,-0.0006137123303575095,3.766428242624187e-07,0.0006031459854377585
741,8.436452983662246e-05,3.117493968292825e-05,0.00014741412526494044,0.00011623918558201218,-0.007433808239785586,5.526150494505888e-05,0.0001707726469489801,0.003553098221728301,1.2624506973590854e-05,0.0001973344419341494,0.005063477770265884,2.5638807130135e-05,7.41352869116918e-05
742,8.759404799230097e-05,3.462395530247816e-05,0.0003895733986950904,0.00035494944339261225,0.008775734298489357,7.701351247779709e-05,0.000530015643199766,-0.004217947708728827,1.7791082873586106e-05,0.00022943163740052341,0.003011190886677648,9.067270556051277e-06,0.0004092729154849817
743,0.0009782444355547204,0.0003252929999009539,0.0006272087960276599,0.000301915796126706,-0.02296677015098476,0.0005274725311681383,0.001022553033932505,0.010888949863212037,0.00011856922912356627,0.0003542640315900014,0.018161421734301898,0.00032983723941115706,0.0005048093225604733
744,0.0001039091468079123,3.5908844416547105e-05,0.00021102622733715215,0.00017511738292060505,0.001884662779739853,3.5519537934236567e-06,6.503620534503707e-05,-0.008031069054412292,6.449807015695974e-05,0.0004111315269731408,0.0062989292184702705,3.967650929925792e-05,0.00015691094969327857
745,0.002247443493109569,0.0010611942366220613,0.002009253254759128,0.000948059018137067,0.042684180077474654,0.0018219392288864045,0.002389909368582299,-0.025721576156776647,0.0006615994799890057,0.001604131543448073,-0.026458344638149323,0.0007000440009907738,0.002033718852247013
746,9.638220747065773e-05,6.734554859995819e-05,0.00019610288536368406,0.00012875733676372586,0.008361457635180418,6.991397378663944e-05,0.00020744203329681188,-0.007721150206400939,5.961616050986773e-05,0.00019108443861159952,-0.008515075543045902,7.25065115033674e-05,0.0001897821841826408
747,6.347716532240089e-05,1.7969260032428085e-05,0.0001413494385841633,0.00012338017855173522,-0.00041243201924002,1.7010017061558358e-07,0.00014202499664972557,0.0013017408876865966,1.6945293387360394e-06,0.0001188586865719099,0.007214093885436196,5.204315058793263e-05,0.00016316463253085445
748,1.2699447764719096e-05,4.698854716655987e-06,0.0003064205620368539,0.00030172170732019793,-0.0020369976114571007,4.149359268956765e-06,0.0003141680550911019,0.0017118346333775385,2.930377811627416e-06,0.0005025766135371423,-0.0026489294194860565,7.01682706938378e-06,0.00010251701748231756
749,4.424031337280088e-05,1.7439080582604127e-05,0.0002225263949852859,0.00020508731440268177,0.005163567763365925,2.666243204696439e-05,0.0002203904241029342,-0.0015885344911691478,2.523441829827e-06,0.00017607649057149732,0.0048095080693848725,2.313136787102099e-05,0.00027111227028142615
750,0.002793352993553544,0.0010351579460821103,0.00239782617954439,0.0013626682334622795,-0.00017067549295238027,2.9130123535558994e-08,0.0008775159778608987,-0.020995602812419342,0.00044081533745676804,0.0012735385938434929,-0.051620048146682765,0.0026646293706660273,0.005042423966928777
751,0.00016370520770481178,0.00010374748304686765,0.00038499812433730646,0.0002812506412904388,0.01199311714929594,0.00014383485895630432,0.0005404877151123921,0.00627489309389929,3.937428333955495e-05,0.00026520874347313317,0.011315180371732928,0.00012803330684474368,0.00034929791442639413
752,1.7606139946391153e-05,3.4334983841644018e-06,0.00012380861661679768,0.00012037511823263328,0.0015283117711556208,2.3357368674759016e-06,0.00013654704396726114,-0.0028215986801134033,7.961419111413015e-06,0.00013389325329804525,-5.778557770490839e-05,3.3391736042887032e-09,0.00010098555258508668
753,0.0030422773299576544,0.001723323431535399,0.00950597171868565,0.00778264828715025,0.04114242994559178,0.0016926995418278246,0.005304352586427696,-0.04807085366501918,0.0023108069720834123,0.012980296718853146,-0.03415353247754781,0.0011664637806949596,0.010233265850776108
754,0.00015954510272842004,7.683658212509492e-05,0.00019973071537471299,0.00012289413324961806,0.012378172223512923,0.00015321914759480748,0.0002942847113313052,-0.00825258660204309,6.810518562438972e-05,0.00017505761534752917,-0.0030307446537804895,9.185413156087563e-06,0.0001298498194453046
755,7.83946439282257e-05,1.558337697804557e-05,0.00013682904457512635,0.00012124566759708078,0.006327938182664713,4.004280164393581e-05,0.0001523582025038106,0.0007229295735780487,5.226271678759886e-07,7.418885677035192e-05,0.0024869061345548947,6.184702122324914e-06,0.00018394007445121652
756,0.00016542518280238117,7.854222478849889e-05,0.00024772961457708575,0.00016918738978858688,-0.010605553489437435,0.00011247776481759786,0.00028664532189304204,0.011092684204277203,0.0001230476428559779,0.00035997450746627635,0.0003182242801992721,1.0126669192089821e-07,9.656901437193888e-05
757,7.558209606828292e-05,2.86341054473264e-05,0.00010757718442104085,7.894307897371444e-05,0.0033213286346825115,1.1031223899338194e-05,3.9720103849893995e-05,-0.006570966530981316,4.317760115124525e-05,0.00011280503979127499,-0.005629697264636392,3.169349129139576e-05,0.00017020640962195355
758,0.00010177934526567345,3.0418689398940362e-05,0.0003104596176770243,0.0002800409282780839,0.009313723012547055,8.674543635411869e-05,0.0005405813714860486,-0.0003058858886889937,9.356617691747005e-08,0.00023102224331894572,0.002101681628063176,4.417065665784925e-06,0.00015977523822607864
759,0.00016961096713741242,9.417827016592699e-05,0.00020563531557630613,0.00011145704541037914,0.012212161185054585,0.00014913688080986365,0.0003000390819378751,-0.011385842749758034,0.00012963741512206362,0.0002569011411157618,-0.001939204622015122,3.76051456585369e-06,5.9965723675281524e-05
760,4.599200952926097e-05,2.2705175898270664e-05,0.00013860195676311063,0.00011589678086483997,0.003291844300984338,1.0836238901745787e-05,0.00011384451864004941,-0.0063517036364760145,4.034413908593493e-05,0.0002047564124484369,0.0041152338581393,1.693514970713128e-05,9.720493920084561e-05
761,6.31000617419275e-05,2.4894019290400138e-06,0.0002244301670532393,0.00022194076512419927,0.001972676050030852,3.891450797377516e-06,0.00014585626375973604,0.001186025120197605,1.406655586011496e-06,0.00025477284378905285,0.0014731257257203695,2.1700994037310295e-06,0.000272661393610929
762,2.7838041783745382e-05,1.44919329759056e-05,0.0001359132996334722,0.0001214213666575666,0.0045337599331231205,2.0554979130893436e-05,9.781545060016938e-05,-0.004443629195571711,1.9745840428186945e-05,0.00015956068512679167,-0.0017818471790164527,3.1749793686364214e-06,0.00015036376317345557
763,0.00010775187617140247,2.6636164741744572e-05,9.74320372700473e-05,7.079587252830273e-05,-0.006685304808741106,4.4693300385811874e-05,0.00010835546887788539,-0.00015265992043762876,2.330505122216664e-08,7.537049118377936e-05,0.005932275178048834,3.519188878819968e-05,0.00010857015174847717
764,-2.991087261102669,5.2942626833640816e-06,0.00011803060817039412,0.00011273634548703004,-0.002300926483636945,5.29426268280897e-06,0.00011803060816972799,-0.0023009264836369443,5.2942626833640816e-06,0.00011803060816995004,-0.0023009264836369417,5.294262683919193e-06,0.00011803060817150435
765,0.00017546771425558383,5.174354549575266e-05,0.00024169341864799243,0.00018994987315223977,-0.011085057698301877,0.00012287850417425084,0.0002857892494049219,0.005686118741212832,3.2331946339003714e-05,0.00022615046656682125,0.00014207735389761984,2.0185974003439355e-08,0.00021314053997223414
766,0.00013369610556646094,4.434117005510293e-05,0.00025482604734132036,0.00021048487728621743,-0.0021307337814762306,4.540026447674705e-06,0.00015997443629345298,0.005577143075776689,3.11045248877484e-05,0.0002137728221400792,0.009868077767753648,9.737895882988568e-05,0.00039073088359042885
767,2.6621780034874476e-06,8.849995692209826e-07,0.00017515490695770483,0.00017426990738848386,-0.0007418483080621015,5.503389119976276e-07,0.00014731530191580688,0.00019667723286239742,3.868193376721507e-08,8.764917881987078e-05,0.0014373509879779891,2.065977861898105e-06,0.0002905002401374368
768,2.8643586505672225e-05,1.0867965446766567e-05,0.00018296213395108119,0.0001720941685043146,-0.0008750671996365754,7.657426039919812e-07,0.00019805909842907088,0.0044070070650201265,1.942171127133907e-05,0.00018658332013365975,0.0035236972721240643,1.2416442464968647e-05,0.00016424398329051293
769,0.0008813160347315163,0.0005009506235678826,0.0006525146180880551,0.00015156399452017255,0.02673347292326611,0.0007146785745388851,0.0009347310641181217,0.018752432271335974,0.00035165371609102714,0.0004078565519217703,-0.02089305099964191,0.00043651958007373537,0.0006149562382242735
770,2.0358000387354913e-05,3.793251719212224e-06,0.00012673784255664197,0.00012294459083742976,0.0019489868753080944,3.798549839562071e-06,0.00012685669018597245,-0.0021202930314151392,4.495642538793199e-06,0.00012770512731785644,0.001756577006407489,3.0855627792814033e-06,0.000125651710166097
771,1.4059449124914636e-06,6.802730433408399e-07,0.00014498277502876059,0.00014430250198541975,-0.001168847159324518,1.366203681296696e-06,0.00012389577360394366,0.0004406086031017273,1.9413594187778216e-07,0.00017857121180464564,0.0006931662907799044,4.804795068480416e-07,0.0001324813396776925
772,0.00015746777305314374,3.1812473406519125e-05,0.00020301258016064416,0.00017120010675412503,-0.004805615958765512,2.3093944743646233e-05,0.0001692482770601078,0.005359401097652806,2.8723180125589387e-05,0.0003015272384722101,0.00660456624994161,4.362029535032175e-05,0.0001382622249496146
773,1.3619154095367847e-05,4.853427704805864e-06,0.00028040561520451906,0.0002755521874997132,0.0011603206563525874,1.346344025709989e-06,0.00026054497869876236,-0.0015482364263506134,2.3970360317759898e-06,0.00031892824260304486,-0.0032889060577623733,1.0816903056931615e-05,0.0002617436243117499
774,2.6577121962190198e-05,7.972325524593002e-06,0.00010399298953382245,9.602066400922946e-05,-0.002238542944362687,5.011074514116309e-06,0.00017465978378317093,0.003119229289386957,9.72959135969731e-06,7.032863800726652e-05,0.0030292425950697167,9.176310699965384e-06,6.69905468110299e-05
775,5.332158154414124e-05,2.1180744048147442e-05,0.000198100850646273,0.00017692010659812557,0.005824764557357525,3.3927882149842326e-05,0.0002049550689783297,0.0013359014135896918,1.784632587042978e-06,0.00015994903457894338,-0.005275387891639603,2.782971740755702e-05,0.00022939844838154588
776,0.00023041247788768704,6.159159406575003e-05,0.0002846984090429198,0.00022310681497716978,-0.003906347914737345,1.5259554031477052e-05,0.00012103989573131191,0.0125487922387028,0.00015747218665007612,0.000429569176792044,0.00347030856197794,1.2043041515696906e-05,0.0003034861546054035
777,0.0007788037493723365,0.00033321638847812657,0.0006965370459650622,0.0003633206574869356,-0.017633608229491695,0.00031094413919108277,0.0008449040402050967,-0.02446068424092184,0.0005983250735341894,0.0008453141807450715,0.009506837155916704,9.037995270910759e-05,0.00039939291694501833
778,0.0001948818466999125,7.315689148235105e-05,0.00037908499483533625,0.0003059281033529852,-0.00457073607278423,2.0891628247143856e-05,0.0002939114928862674,0.01275690017703951,0.00016273850212700225,0.00043295436351187266,0.005986697259189357,3.5840544072907043e-05,0.00041038912810786865
779,0.00011113224387659937,5.360212059224434e-05,0.00015928660804872172,0.00010568448745647738,-0.002002208674188099,4.008839575297962e-06,7.898316051502263e-05,-0.007889986907048112,6.225189339337245e-05,0.0001720539958759426,-0.00972345765705083,9.454562880806261e-05,0.00022682266775519988
780,0.0005442342417849577,0.00017140016725406917,0.0009120305681845631,0.0007406304009304939,-0.008715056805641533,7.595221512590733e-05,0.0006117198819841629,0.014528990882936446,0.00021109157607612783,0.000575876443934642,0.015071718898648312,0.0002271567105601724,0.0015484953786348843
781,0.00014622482966253347,3.692404006572225e-05,0.00025029899571578823,0.00021337495565006598,0.008296681893062203,6.883493043474687e-05,0.000521913195325574,-0.006103669644794422,3.7254783132989466e-05,0.00016095719213204962,0.0021638869261967745,4.6824066294304245e-06,6.802659968974112e-05
782,-2.9232568596681934,9.394260429784751e-06,0.00012558730070351873,0.00011619304027373398,0.0030650057797039307,9.394260429007595e-06,0.00012558730070333368,-0.0030650057797039277,9.394260430117818e-06,0.00012558730070366675,-0.0030650057797039294,9.39426043022884e-06,0.00012558730070355573
783,0.00011476494283657601,5.09952449233945e-05,0.00017719915558178645,0.00012620391065839195,0.00714519851143165,5.105386176751381e-05,0.00015748734111020735,0.004259215518387304,1.814091683138841e-05,0.00014588298730433547,0.009153740010025084,8.37909561712813e-05,0.00022822713833081654
784,8.229701920348109e-05,3.728220427479112e-05,0.00014382356616600886,0.00010654136189121774,0.008625223645717753,7.439448293899975e-05,0.00020118971945570774,-0.0015854332585535354,2.5135986174706915e-06,8.710243041964993e-05,-0.005910882444098112,3.493853126790292e-05,0.00014317854862266888
785,2.0205586520716246e-05,7.287318227966466e-06,0.0003411267293677393,0.00033383941113977283,0.0010015623420533144,1.0031271245880546e-06,0.0004286570349693042,-0.004313825120434801,1.860908716966314e-05,0.00019507848041511178,-0.0014999134606913814,2.2497403896482027e-06,0.0003996446727188019
786,0.001294361604259553,0.000510634076012817,0.000629072424671954,0.00011843834865913705,0.0010244366817538989,1.0494705149355354e-06,0.00012385306468876145,0.017054539706908983,0.0002908573246147572,0.0003873101458057304,0.03521356887491988,0.0012399954329087581,0.0013760540635213703
787,0.00023717886503449304,0.00012869973931132575,0.0013207557803526966,0.0011920560410413708,0.00509654740297886,2.5974795430760977e-05,0.002183006029682799,0.011179876068667402,0.00012498962891061005,0.0009636939595785154,0.015334105568722866,0.00023513479359260625,0.0008155673517967754
788,0.0001476730336453791,6.244336264564036e-05,0.0001802580220649682,0.00011781465941932782,0.00615447454082982,3.7877556873677776e-05,0.00015641781402964128,-0.004138770598239135,1.7129422064776634e-05,0.00016177479751389168,0.011503178212943093,0.00013232310899846667,0.00022258145465137158
789,9.269854851456927e-05,2.306313915993267e-06,0.0001181428326706054,0.00011583651875461212,0.002156219638320814,4.649283128821402e-06,0.00015044374981376674,-0.0015058662941889382,2.2676332963600387e-06,9.572853319861352e-05,-4.50035899624654e-05,2.0253227983602073e-09,0.00010825621499943594
790,0.0004984519258859343,0.00015406338318520638,0.00042958875051835044,0.00027552536733314403,0.02111966756189858,0.0004460403579248373,0.0010533885061082549,0.003703978623767352,1.3719457645389177e-05,0.0001480591366380679,0.0015589528489508098,2.4303339853926076e-06,8.731860880872855e-05
791,5.929721872011129e-05,4.749899961561018e-05,8.186619018272594e-05,3.4367190567115756e-05,-0.006753336589178334,4.5607555086979445e-05,5.831492507069047e-05,-0.006418810992022864,4.1201134550972185e-05,0.00011670955015463669,0.007462459997180339,5.5688309208878906e-05,7.057409532285064e-05
792,0.0008111608620040567,0.0002376215893494793,0.0008337178836379892,0.0005960962942885099,0.01857148547625406,0.00034490007279475154,0.0015195552402477164,0.007660492568756321,5.86831463957882e-05,0.0003019831106813031,0.017586402385308196,0.00030928154885789816,0.0006796152999849481
793,-2.998885911432782,1.901477864052481e-10,0.00011955749301432543,0.00011955730286653903,-1.3789394666962043e-05,1.9015033991820474e-10,0.00011955749301639784,-1.3789394666962054e-05,1.9014789742755056e-10,0.00011955749301451046,1.3789394666962104e-05,1.90145121869989e-10,0.00011955749301206797
794,5.8652123255176214e-05,2.4981497513768918e-05,0.00021494611497023067,0.00018996461745646176,0.007331834154588254,5.375579207056447e-05,0.00031076076728575597,-0.0033877949034119394,1.147715430760421e-05,0.00021127343121885023,0.003116335373957911,9.711546163138074e-06,0.00012280414640608583
795,9.325252198644218e-05,2.8638908519118544e-05,0.0001896732781164386,0.00016103436959732006,-0.008545231115810022,7.302097482286829e-05,0.0002459560094296709,0.0009125938762688919,8.328275823421549e-07,0.000155420333372569,0.003473171915137625,1.2062923152145189e-05,0.00016764349154707592
796,0.00011762866642317515,4.32600215507876e-05,0.0002281872061555094,0.0001849271846047218,0.005260429231994703,2.7672115704868716e-05,0.00021089353129377653,0.004667357773218191,2.1784228583898724e-05,0.00025745915016928134,-0.00896235015851402,8.032372036359536e-05,0.00021620893700347033
797,1.7316392435962058e-05,5.564064050907665e-06,0.00019024393079140425,0.00018467986674049658,0.0033139707168263234,1.0982401912218442e-05,0.00020376551913137142,0.0003147819212947788,9.908765830068944e-08,0.0001378794851720766,0.0023686921671391198,5.610702582203864e-06,0.00022908678807076477
798,-2.8073208125039373,2.4590334407973795e-05,0.00012697640836763688,0.00010238607395966308,-0.004958864225588944,2.4590334408269854e-05,0.00012697640836711876,-0.004958864225588944,2.4590334408269854e-05,0.00012697640836811797,0.004958864225588944,2.4590334407381675e-05,0.00012697640836767388
799,3.84539167893605e-05,1.4335149391272081e-05,0.00021349538344987243,0.00019916023405860034,-0.0014908523649805965,2.2226407743186627e-06,0.00025156806538417786,0.003851145660066757,1.4831322895481058e-05,0.00011258234166588998,0.00509425995646035,2.595148450401652e-05,0.00027633574329954946
800,0.0002697053151058393,5.7902191237505875e-05,0.000324141844696572,0.0002662396534590661,-0.012095156776705416,0.0001462928174534861,0.0003247500491735389,-0.0052058945356920705,2.710133791739011e-05,0.0003375013706837793,-0.0005589439514220814,3.1241834164141835e-07,0.0003101741142323977
801,0.00017385684410375912,1.2348604957690412e-05,0.0001656613921809195,0.00015331278722322908,0.0012483037913872607,1.5582623552612418e-06,0.00013656818614171673,0.004319872990651627,1.8661302654932044e-05,0.00017598001897911608,-0.004101981211936812,1.682624986287795e-05,0.0001844359714219257
802,5.579132468724879e-05,1.5529533901122623e-05,0.00014783327908629573,0.0001323037451851731,-0.0008201683958642087,6.726761985209606e-07,0.000119452625387928,-0.006754178353091789,4.561892522614297e-05,0.00019279333106436702,0.0005449773191957844,2.970002787039405e-07,0.00013125388080659217
803,4.017418153656749e-05,1.8746443253503386e-05,9.88315531778398e-05,8.008510992433641e-05,0.005995033142590719,3.594042238075357e-05,9.257740141010995e-05,0.002797780712244417,7.827576913865819e-06,0.00012007882932740799,0.0035314770941637912,1.2471330465890773e-05,8.383842879600145e-05
804,0.0002942616834930023,0.00025652130058421524,0.0004393253724101302,0.00018280407182591496,-0.01504781372441348,0.00022643669788457998,0.0003783957229510637,-0.016617652800548416,0.00027614638460005114,0.00047298576070120557,-0.016339547706973254,0.00026698081926801454,0.00046659463357812125
805,0.0004300441702581592,0.00015813116071335584,0.0005641086530413878,0.00040597749232803193,-0.01728930593279158,0.00029892009963750077,0.0007011396021132654,-0.012143744669734847,0.000147470534603511,0.00048541947927815965,0.005291771716461723,2.8002847899055716e-05,0.0005057668777327384
806,-3.0679580638444115,1.0,1.0,0.0,0.0,1.0,1.0,0.0,1.0,1.0,0.0,1.0,1.0
807,-3.0679580638444115,1.0,1.0,0.0,0.0,1.0,1.0,0.0,1.0,1.0,0.0,1.0,1.0
808,4.8637222850089756e-05,1.6707033593799103e-05,0.00024826683938957334,0.00023155980579577423,-0.0011918450550403028,1.4204946356954906e-06,5.251212182144638e-05,0.004118276828861909,1.6960204038740656e-05,0.00038781397265219564,-0.005633862095097405,3.174040210696116e-05,0.00030447442369507804
809,0.00010226148674097324,2.1067003992107185e-05,0.00019042255021669194,0.00016935554622458476,-0.004338374361180458,1.88214920970875e-05,0.00019250292766681554,0.0022318870681530246,4.981319884689306e-06,0.00020603453862566568,0.006276798546570068,3.939819999454475e-05,0.00017273018435759457
810,2.13612122013096e-06,8.226374509738102e-07,0.0001397515937828775,0.0001389289563319037,0.0010399311187452539,1.081456731721886e-06,0.00016716621687284938,0.0009291906026622697,8.633951760206315e-07,0.00012465979655951198,-0.0007232291789898616,5.230604451789134e-07,0.0001274287679162711
811,0.0002058734698320297,9.119182656188347e-05,0.00025989736008180664,0.00016870553351992318,0.014282579886177042,0.000203992088204763,0.0003533979270228249,-0.00803074652467102,6.449288974208489e-05,0.0003048429217041848,0.0022562140277199954,5.090501738802544e-06,0.0001214512315184102
812,0.0003932408495270767,7.5534389870624e-05,0.00020455688148672083,0.00012902249161609683,0.001229357064670828,1.5113187923354587e-06,0.00010790899368129381,-0.006881508534869226,4.735515971543425e-05,0.00013043759042163927,-0.013331792494030463,0.00017773669110410228,0.00037532406035722943
813,5.93620988893484e-05,2.175202691704718e-05,0.0001219486755436409,0.00010019664862659372,0.002041546716677426,4.167912996289047e-06,0.00016448790395617863,0.005842798531357262,3.413829467813212e-05,0.0001245027454169767,0.00519132671651701,2.6949873076720365e-05,7.685537725776737e-05
814,-3.0679580638444115,1.0,1.0,0.0,0.0,1.0,1.0,0.0,1.0,1.0,0.0,1.0,1.0
815,-3.0679580638444115,1.0,1.0,0.0,0.0,1.0,1.0,0.0,1.0,1.0,0.0,1.0,1.0
816,7.137750876973215e-05,3.577881589977849e-05,0.00016131852381784384,0.00012553970791806535,-0.007581105774715893,5.747316476734099e-05,0.00018301475900639463,0.0004560035309745924,2.0793921995387876e-07,0.0001190487201202517,-0.007046654788748368,4.965534371204061e-05,0.0001818920923268852
817,1.8395989900277243e-05,4.914040323174736e-07,0.00018613247990895143,0.00018564107587663395,-0.0004947350963076556,2.447628156820869e-07,0.00020828951879181545,0.0011075151415997143,1.2265897889607302e-06,0.00010305742412974883,-5.347421942408049e-05,2.859492309603695e-09,0.00024705049680529
818,-3.0679580638444115,1.0,1.0,0.0,0.0,1.0,1.0,0.0,1.0,1.0,0.0,1.0,1.0
819,3.9213730060994045e-05,1.3497549571620896e-05,0.00025178995068061055,0.00023829240110898967,-0.0018360495443546536,3.3710779292484006e-06,0.00019638279563938266,-2.667992111417751e-05,7.118179379261846e-10,0.00024262197557034515,-0.006092688976741194,3.712085896767636e-05,0.0003163650808321039
820,6.64483213803635e-05,1.9927828733353376e-05,0.00013439007382728038,0.00011446224509392701,0.007731936460310701,5.978284142638124e-05,0.00018269900712541975,7.084244247712371e-06,5.018663262745804e-11,3.71639980628613e-05,2.4384147108168863e-05,5.945870462653602e-10,0.00018330721629356006
821,3.4476513771974915e-05,2.0727018646341893e-05,0.00031928498317993864,0.00029855796453359673,0.004309854378108824,1.857484476019966e-05,0.0003733649606626477,0.005118682742029027,2.620091301441807e-05,0.0002387804169816654,-0.004171965743420266,1.7405298164407945e-05,0.0003457095718955028
822,6.258366449840569e-05,3.521586756453458e-05,0.0002209238841801945,0.00018570801661565994,-0.0003090202141053253,9.549349255788542e-08,0.00010653272272964642,0.007677503700239045,5.894406306738986e-05,0.00030656864533396,0.00682700857870737,4.660804613365599e-05,0.00024967028447697714
823,-2.939622169380557,2.042896862608501e-05,0.0001261204911296628,0.0001056915225035778,0.002636673350330975,6.952046356478725e-06,0.00011725465712941752,0.00196251391697282,3.851460874781942e-06,0.0001198182834909467,0.007105167038704341,5.048339864699436e-05,0.0001412885327686242
824,5.0607995440321574e-05,1.5396296961715333e-05,8.394335993137474e-05,6.85470629696594e-05,-0.00491101595626858,2.4118077722623532e-05,9.748015695909551e-05,-0.004600153487766743,2.1161412110615174e-05,8.777708861495981e-05,0.0009536252154837594,9.094010519072881e-07,6.657283422006888e-05
825,-2.8498671244793963,2.4837779739791028e-05,0.00012931351921667092,0.0001044757394768799,-0.0024163964933218048,5.838972014227117e-06,0.00012030400813434206,0.005355974223882401,2.868645988718388e-05,0.00013058188022696537,-0.006323599237569609,3.998790731796209e-05,0.00013705466928870536
826,-3.0679580638444115,1.0,1.0,0.0,0.0,1.0,1.0,0.0,1.0,1.0,0.0,1.0,1.0
827,0.0001088171683281125,3.399119008118401e-05,0.00014637676110533052,0.00011238557102414651,-0.006871462304752889,4.7216994205956375e-05,0.00016257326578583697,0.004087648056307083,1.6708866632186847e-05,0.00017394841701301456,0.006168282532885675,3.80477094054088e-05,0.00010260860051714005
828,5.81491956911373e-05,2.3979948948649188e-05,0.00031557439797598913,0.00029159444902733994,-0.004992526965938733,2.4925325505575913e-05,0.0002549671335355663,-0.005956370380537883,3.547834811012951e-05,0.0004105226562051145,-0.0033964942558618056,1.1536173230242142e-05,0.0002812334041872866
829,-3.0679580638444115,1.0,1.0,0.0,0.0,1.0,1.0,0.0,1.0,1.0,0.0,1.0,1.0
830,-3.0679580638444115,1.0,1.0,0.0,0.0,1.0,1.0,0.0,1.0,1.0,0.0,1.0,1.0
831,5.742163707822545e-05,1.712530839822109e-05,0.00023382173024755204,0.00021669642184933094,0.0019053630242477774,3.630408254240436e-06,0.00014309374347520887,-0.006546535741117291,4.28571302095726e-05,0.00014572586261041298,0.002210969635871512,4.888386730850236e-06,0.00041264558465703427
832,7.150869120542414e-05,3.8554716574064805e-05,0.00031760373108931833,0.00027904901451525355,0.005729821060124137,3.283084938077163e-05,0.0005576028270752875,0.007801527326354515,6.086382862391382e-05,0.0001847658088597326,0.004687160304281221,2.196947171750896e-05,0.00021044255733293493
833,0.0008507304838788476,0.000277691323443167,0.0005724803111777366,0.0002947889877345696,0.00452525432216794,2.0477926679918212e-05,0.00037640848263242876,-0.028505169500683658,0.0008125446882626397,0.0009961982335425779,0.00022661726980634556,5.135538694300834e-08,0.0003448342173582031
834,5.9485886015786527e-05,1.982363327279746e-05,0.00021239872421189668,0.00019257509093909922,0.005362729241315672,2.8758864915823246e-05,0.00011315329292538312,-9.922922295839711e-05,9.846438997485052e-09,0.00023757460327666902,-0.005540955555075865,3.0702188463571645e-05,0.0002864682764336379
835,0.00016881652857503315,4.183933311977898e-05,0.00022779667321596678,0.0001859573400961878,-0.0008995947269310496,8.092706730300492e-07,8.903848767760625e-05,0.008247371063416527,6.801912945797461e-05,0.0003077378556378685,-0.007529249579345066,5.668959922833228e-05,0.0002866136763324256
836,0.00034573608381127663,0.0002867255271733482,0.0007316577847020037,0.0004449322575286555,0.018316819875671523,0.0003355058903576902,0.0007224917951212939,0.018013261058844807,0.00032447757397391364,0.0007866921883431521,-0.014148961700015884,0.0002001931171884408,0.0006857893706415652
837,-3.0679580638444115,1.0,1.0,0.0,0.0,1.0,1.0,0.0,1.0,1.0,0.0,1.0,1.0
838,4.811153295170012e-05,7.81147926246876e-06,0.0001094214535564871,0.00010160997429401833,-0.0015580258768572238,2.427444632635556e-06,7.001007329610065e-05,-0.00264869138735537,7.015566066082002e-06,0.00013248963319045792,-0.0037405116079434093,1.3991427088688724e-05,0.00012576465418290272
839,1.0957619507312444e-06,7.372386378786308e-07,5.896047841165893e-05,5.82232397737803e-05,-0.0008463689181592305,7.163403451526662e-07,5.8955672396998615e-05,-0.0009133713701877103,8.342472599398576e-07,6.523071175101869e-05,-0.0008130979698598094,6.611283085433683e-07,5.269505108695949e-05
840,0.00016654873146926263,4.5750116795454744e-05,0.0004123025838295528,0.00036655246703409805,0.003926567395707578,1.5417931512717864e-05,0.00021419828738800106,0.007926508873092522,6.282954291492171e-05,0.0003318028634543557,0.00768133295454035,5.9002875958724665e-05,0.0006909066006463016
841,-3.0679580638444115,1.0,1.0,0.0,0.0,1.0,1.0,0.0,1.0,1.0,0.0,1.0,1.0
842,5.4726675595473395e-05,8.736246054685814e-06,0.00011879510938398823,0.00011005886332930241,-0.0015915055057604515,2.5328897743648326e-06,8.716710179401677e-05,-0.004580967879469206,2.098526671256984e-05,0.00011639459852497147,0.0016402992643720245,2.690581677122772e-06,0.00015282362783297643
843,0.0002795382541109781,5.816737437769337e-05,0.000312658249169077,0.0002544908747913836,0.01259288359614933,0.00015858071726559952,0.00030013278566976,0.0016324789747245668,2.664987602818414e-06,0.00020344769150482112,-0.003640936454359332,1.3256418264662173e-05,0.00043439427033264977
844,8.579427825750052e-05,1.2699822541188214e-05,0.00022441072899807382,0.00021171090645688562,-0.0012484356876330423,1.5585916661731147e-06,0.0001551266940037488,0.006038738487471285,3.646636252019331e-05,0.00041646695957542335,-0.00027297149501636953,7.451343719822034e-08,0.00010163853341504936
845,0.0001184631561718108,5.736890112177188e-05,0.0002254370784512405,0.00016806817732946863,-0.010061261401860708,0.00010122898099640398,0.00036483691629540793,0.005834597735722806,3.4042530737687926e-05,0.0001751782202904506,-0.006069200246437816,3.683519163122373e-05,0.00013629609876786297
846,1.1872634970711005e-05,7.76311632792274e-07,0.00016676256699662181,0.00016598625536382955,0.00011478064333746938,1.3174596191767307e-08,0.0001520019972439668,-0.00018296268985779844,3.347534605069313e-08,0.0001969675687465422,0.0015107233220834242,2.2822849561343617e-06,0.00015131813499935642
847,-3.0679580638444115,1.0,1.0,0.0,0.0,1.0,1.0,0.0,1.0,1.0,0.0,1.0,1.0
848,0.0003955621069311466,0.00015610910039872325,0.00045074749459972363,0.00029463839420100035,-0.009815649021580506,9.634696571492185e-05,0.0003898198307524803,0.01604093625981819,0.0002573116360914396,0.000664118670832381,0.010708347182900002,0.00011466869938980828,0.00029830398221430965
849,0.00013083685510795195,1.1129673269956916e-05,0.00010156217251700017,9.043249924704326e-05,-0.0014760090329855047,2.1786026653813906e-06,9.50662113750056e-05,0.0030157984304911446,9.095040173989766e-06,8.345077074434215e-05,-0.004702698902840206,2.211537697049959e-05,0.00012616953543165277
850,2.4408498782935162e-05,6.1366496059515425e-06,8.204624236744322e-05,7.590959276149167e-05,0.003223381412050096,1.0390187727304934e-05,9.037293621638742e-05,0.0002473134098130837,6.116392237132118e-08,7.013532056532323e-05,-0.0028210985747789182,7.958597168178372e-06,8.563047032061899e-05
851,7.879381531350482e-06,2.7092213233936846e-06,9.832545963909627e-05,9.561623831570258e-05,-0.0015683584772496805,2.4597483131438835e-06,2.087227542757475e-05,-0.0011149368880052106,1.2430842641908413e-06,0.00014330402874196402,0.0021035283198855073,4.424831392846329e-06,0.00013080007474775002
852,5.491833482884623e-05,9.009670266143152e-06,0.00011597419949693766,0.00010696452923079451,-0.0051934419981907246,2.697183978894735e-05,8.29714096337586e-05,0.00023816776461316603,5.6723884811482606e-08,0.0001314215961402132,-2.1145328728582788e-05,4.4712467062169026e-10,0.00013352959271684117
853,3.2330123182378045e-05,2.4123743236163325e-05,0.00013302411953460455,0.00010890037629844122,0.004794953522556748,2.2991579283426766e-05,0.00016927300451441418,-0.0051902738410916594,2.6938942546128608e-05,0.00012397898101967897,-0.004737162429054976,2.2440707878934596e-05,0.00010582037306972047
854,0.0009018027974259102,0.0002656836946672847,0.0005912133234579434,0.0003255296287906587,0.0010507858712025646,1.1041509473397326e-06,0.00041653150525888805,0.02741135343560646,0.0007513822971719764,0.001136580253870978,0.006675674938353956,4.4564635882538006e-05,0.00022052821124396438
855,0.0003551179467380372,6.935184988058711e-05,0.000409164660363633,0.0003398128104830459,0.0013375908027843733,1.789149155606573e-06,0.00021020276542771388,0.006649159640059433,4.421132391885241e-05,0.0007360322387972573,0.01273008548939433,0.00016205507656730234,0.00028125897686592793
856,3.327642698724986e-05,3.648588391302887e-06,0.00045851688876497043,0.00045486830037366754,0.0016736913621457647,2.8012427765178316e-06,0.000323091282995458,0.0028358520582536934,8.04205689619586e-06,0.0006131302811179795,0.0003201023299463288,1.0246550119497044e-07,0.0004393291021814738
857,-2.7728760512384194,2.0094041918272687e-05,0.00022698298857567098,0.0002068889466573983,0.004503885957400562,2.0284988717533814e-05,0.00023287552422657232,0.004467917846535121,1.9962289883213025e-05,0.00022337404506100889,-0.004476030289676732,2.0034847154071223e-05,0.0002246993964394317
858,6.577679718278162e-05,2.9373738980783177e-05,0.0001499876087184641,0.00012061386973768092,0.004995568637923402,2.495570601612762e-05,0.0001478633251771333,0.0017690803106425073,3.12964514570524e-06,0.00011873354904379241,0.007748281472720917,6.003586578051667e-05,0.0001833659519344666
859,5.515756003504624e-05,4.406505011667061e-05,0.00014588351832500734,0.00010181846820833673,0.00540914072430945,2.9258803376008835e-05,0.00013750808632784217,-0.006945515360533091,4.824018362337146e-05,9.495450291863161e-05,-0.0073956854550907,5.4696163350631544e-05,0.00020518796572854825
860,-3.0679580638444115,1.0,1.0,0.0,0.0,1.0,1.0,0.0,1.0,1.0,0.0,1.0,1.0
861,0.002333959605603231,0.0003822955187908021,0.0010841203724909487,0.0007018248537001466,-0.0019752096731859257,3.901453253130072e-06,0.0003229380980863672,-0.030704991706934522,0.0009427965157233764,0.0010826520550136776,0.014148801624021578,0.00020018858739589973,0.0018467709643728014
862,0.00026982974725464626,9.584202401010285e-05,0.000480000039983645,0.00038415801597354215,-0.006265685774708389,3.92588182273057e-05,0.0009062866183306983,-0.006057398310785654,3.6692074295463506e-05,0.00011761265879040028,0.014545624067313192,0.00021157517950753935,0.0004161008428298363
863,-3.0679580638444115,1.0,1.0,0.0,0.0,1.0,1.0,0.0,1.0,1.0,0.0,1.0,1.0
864,8.921981834619785e-05,3.0852807578270656e-05,0.0001631605462564615,0.00013230773867819085,0.009349832263712216,8.741936336020828e-05,0.00023139497837465495,-0.0006408359929585239,4.106707698348089e-07,0.00010617340936114328,-0.0021744858253719495,4.728388604768874e-06,0.00015191325103358633
865,0.005498408701697821,0.005456179996242187,0.031997625182678235,0.026541445186436047,-0.07409452974759415,0.0054899993385179036,0.03214358982783161,-0.07378154702797113,0.005443716681840738,0.03177685181860557,0.0737212585918561,0.005434823968367919,0.03207243390159753
866,-2.949117368026987,1.4161893435726824e-08,0.00011963065507751096,0.00011961649318407523,-0.00011900375277168499,1.4161894879016756e-08,0.0001196306550782511,-0.00011900375277168506,1.4161892436526102e-08,0.00011963065507669679,0.00011900375277168506,1.4161892991637615e-08,0.00011963065507758497
867,3.282838427309809e-05,6.02952598675414e-06,0.00016584095579970834,0.0001598114298129542,0.00018955057137433933,3.592941910657288e-08,0.00019861643701191145,-0.0035239188505713477,1.2418004065706256e-05,0.00016435792224789303,0.0023737406083323823,5.6346444754495906e-06,0.0001345485081393205
868,0.00013446874408262754,6.942676718409609e-05,0.0004685542660738025,0.00039912749888970644,0.010224242099184317,0.00010453512650299146,0.0006217565372330647,0.0006550320820856693,4.290670287954157e-07,0.0001583687005359824,0.010164453158951333,0.0001033161080205014,0.0006255375604523605
869,-3.0679580638444115,1.0,1.0,0.0,0.0,1.0,1.0,0.0,1.0,1.0,0.0,1.0,1.0
870,0.00041189910368577554,0.00012598337986754102,0.0005818279476225522,0.00045584456775501114,0.016260544684446016,0.0002644053134346347,0.0007534110481757228,0.00011589835200544986,1.3432427836690408e-08,0.0006860774541769254,0.010655111155698558,0.00011353139374015164,0.00030599534051500843
871,4.068627162834293e-05,5.765256958389919e-06,0.00011535260993559653,0.0001095873529772066,-0.003154664281885779,9.951906731364701e-06,0.0001595789048615126,-0.00013481633522918534,1.817544403870386e-08,0.00012771746182071997,0.002706600949506864,7.325688699766353e-06,5.876146312455699e-05
872,3.873492893846642e-05,1.5407643041013646e-05,0.00021369372765937347,0.00019828608461835984,0.005095794872066982,2.596712537761281e-05,0.00015144800376143408,0.003594647040516846,1.2921487345995963e-05,0.00020182982277883177,-0.0027081943059776834,7.334316399432161e-06,0.0002878033564378546
873,0.00040716668405238465,0.00015485403518855634,0.0002804871778625169,0.00012563314267396059,0.0026027436385985085,6.774274447951534e-06,7.115638530841295e-05,0.009419740663170412,8.873151416122216e-05,0.00022592740966287383,-0.01921083852819132,0.0003690563169564953,0.000544377738616264
874,0.00010927571495389365,8.485608935845008e-05,0.0005717718730779975,0.0004869157837195474,-0.010005419779503217,0.00010010842496421812,0.00044913467268981044,0.007069042092560725,4.9971356106626175e-05,0.000717878173852271,-0.010221961015618912,0.00010448848700450597,0.000548302772691911
875,4.147843121349304e-05,2.085841200379542e-05,9.292690076519634e-05,7.206848876140093e-05,-0.00557316362352646,3.106015277465346e-05,0.00013933047153036338,0.005227849157877503,2.7330406817127617e-05,0.00010605682707043318,-0.0020456481661120063,4.184676419605182e-06,3.339340369479249e-05
876,0.00018156054087004048,5.824187555314442e-05,0.0002161135191638408,0.0001578716436106964,-0.0021138677564940035,4.468436891613692e-06,8.458355065465994e-05,0.005262821344938435,2.769728850882114e-05,0.00017008167344134684,0.011939845110334189,0.00014255990125899842,0.00039367533339551564
877,9.57797900498214e-05,6.233550543040718e-06,0.00012282931665382377,0.00011659576611078305,-0.0023452299164880533,5.50010336053397e-06,0.00013776675466325994,0.00011379867563696492,1.2950138184031346e-08,0.00010439004497631021,0.003631473272751738,1.3187598130404155e-05,0.00012633115032190112
878,4.1361212492763144e-05,1.2815376779403328e-05,0.0002475104542648913,0.00023469507748548798,-0.0011240421523277002,1.263470759904628e-06,0.0002815553480091104,0.002598270486224245,6.7510095196343656e-06,2.478440776210178e-05,-0.005516488924905792,3.043165005867099e-05,0.0004361916070234617
879,2.5011712871503278e-05,5.16048610751015e-06,0.00018661452390852004,0.00018145403780100988,-0.003643078958132583,1.3272024295352125e-05,0.0003586010722345101,-0.0012444334186290666,1.5486145329424161e-06,9.292492885049075e-05,0.000812908047717962,6.608194942359091e-07,0.00010831757064055925
880,0.00015440876713657126,0.00015262825656773651,0.0004176278513378466,0.00026499959477011004,-0.012277696094545036,0.0001507418213898548,0.0004120647790258891,0.012407315148973178,0.00015394146920610918,0.00042780777497208877,-0.012377458507596029,0.00015320147910724558,0.0004130110000155618
881,4.48374385351169e-05,2.3030261551630165e-05,0.0003429959800519781,0.00031996571850034794,-0.000543419642240653,2.9530490752716076e-07,0.0004080678424909223,-0.005814355384033235,3.38067285315935e-05,0.0003151043509167506,-0.005915129010895949,3.498875121576983e-05,0.0003058157467482614
882,1.8730941561018177e-05,8.072900443948742e-06,0.000367653930245145,0.0003595810298011962,0.003339965612761067,1.1155370294502198e-05,0.0005070815027924391,0.0036127043697872655,1.305163286313693e-05,0.00017403603326060502,0.00010815809695597221,1.1698174207097622e-08,0.00042184425468239084
883,-3.0679580638444115,1.0,1.0,0.0,0.0,1.0,1.0,0.0,1.0,1.0,0.0,1.0,1.0
884,7.979724365392293e-06,2.4679860370913076e-06,0.0003817809818939348,0.00037931299585684347,-0.0017868154050928642,3.1927092924988187e-06,0.00028529730406090525,-0.000126760043233706,1.6068108288358474e-08,0.0005283461228799968,0.002048214029496579,4.1951807104867456e-06,0.0003316995187409022
885,4.150622961962558e-05,3.365059598285184e-05,0.0002999688239786839,0.00026631822799583205,-0.005788684888319486,3.350887273623204e-05,0.00021735241343967537,-0.005331877557191387,2.8428918285139382e-05,0.0004278999932976202,-0.00624611854893763,3.90139969271841e-05,0.0002546540651987561
886,2.9985858278513966e-05,8.656183031696685e-06,0.00015753581463403185,0.00014887963160233517,-0.0041121270178531505,1.6909588611224713e-05,0.00010235161930371994,0.0012230519933704382,1.4958561783684488e-06,0.0002478860843259101,0.002750109871533441,7.563104305496893e-06,0.0001223697402724655
887,0.0009891557795793648,0.00039896429580062637,0.0016286491471464808,0.0012296848513458545,-0.022422280537989555,0.0005027586645239834,0.0013833260918123536,0.024682307329712747,0.0006092162951185642,0.0016582225562978836,0.009215092390164875,8.491792775933149e-05,0.001844398793329205
888,6.51447270642036e-05,3.210763900359422e-05,0.00026712729207589714,0.0002350196530723029,-0.006424627077714539,4.1275833088105784e-05,0.0003128948685788835,0.0014426106232165704,2.0811254103358934e-06,0.000278222404075823,0.007277771534762963,5.296595851234098e-05,0.00021026460357298493
889,1.8032671068479722e-05,4.587194611864002e-06,0.00016094027654741291,0.00015635308193554892,0.002818359933954348,7.943152717238e-06,0.00013290782859387562,0.002177488610372753,4.741456647416875e-06,0.00023339244254438896,0.0010377738052949619,1.076974470937131e-06,0.00011652055850397414
890,0.0003769634140089462,8.710881223394917e-05,0.00017656622888610288,8.94574166521537e-05,-0.009145697853402952,8.364378922565141e-05,0.00021414328240243474,-0.012877207559277393,0.00016582247452501253,0.0002556925149823641,-0.0034438601816765804,1.1860172951183579e-05,5.98628892735098e-05
891,-2.8385232460676155,9.394260429414677e-06,0.0001255873007029266,0.00011619304027351192,0.00306500577970393,9.394260429118617e-06,0.00012558730070233448,0.00306500577970393,9.394260428896573e-06,0.00012558730070322266,0.003065005779703928,9.39426043022884e-06,0.00012558730070322266
892,0.00019177726870645007,3.327215534254524e-05,0.0002895870099716517,0.00025631485462910647,-0.00645217374291294,4.163054600914151e-05,0.0004596716376803478,0.005984912229527072,3.581917439543503e-05,0.00010514095452762717,-0.004729349386874026,2.236674562305918e-05,0.0003039484377069801
893,6.0201371970158846e-05,1.382819632926117e-05,0.0002515984210498627,0.00023777022472060152,-2.4985672242183488e-05,6.242837358172437e-10,6.34913522468139e-05,-0.0057325928125663535,3.2862620355067484e-05,0.0003816291660339033,0.0029362125858351244,8.621344348980209e-06,0.0003096747448688708
894,0.00014921282686242154,8.759527543507802e-05,0.0003828084297081702,0.0002952131542730922,-0.009683013427062353,9.376074902878173e-05,0.00038411070277910575,0.005498644178825858,3.0235087805197125e-05,0.00019568759122667867,0.011780916325605502,0.0001387899894712552,0.0005686269951187262
895,0.00013357278059322741,4.2619561681648634e-05,0.00018442422222390378,0.00014180466054225516,-0.010620745937120946,0.00011280024426074675,0.0002868289213253661,-0.0005268024033505157,2.775207721406048e-07,4.358282360628074e-05,0.0038445962092352962,1.4780920012058552e-05,0.00022286092174006455
896,0.0002049975094591261,7.010154410154919e-05,0.00024651675794536604,0.00017641521384381686,0.013629922598657139,0.00018577479004566744,0.0004048426057582377,0.004928822182127472,2.4293288103716115e-05,0.00011653292675262161,0.0004863683329194839,2.365541552640238e-07,0.00021817474132523884
897,2.9698881465645144e-05,1.2290617273480464e-05,0.00020093282109775087,0.0001886422038242704,-0.0030050311831660323,9.030212412053373e-06,8.636555302521387e-05,0.004559490522978357,2.0788953829176116e-05,0.000232896568677865,0.0026556892851636385,7.052685579211904e-06,0.0002835363415901737
898,5.5624616586036346e-05,5.4509125948139685e-06,0.00012742859801169923,0.00012197768541688526,-0.003162136853301244,9.99910947907523e-06,0.0001210725474729557,0.001068346911229781,1.141365122858673e-06,0.00012746626536064287,-0.00228303814776833,5.2122631825080035e-06,0.00013374698120149908
899,0.00016550035516382788,3.87045815397243e-05,0.0001899966872683049,0.0001512921057285806,-0.0008244046600442722,6.796430436217804e-07,0.0003020225079535255,0.010740605023214224,0.00011536059626482409,0.00014835280917069316,-0.00027111862739972786,7.350531072702893e-08,0.0001196147446806961
900,-3.0679580638444115,1.0,1.0,0.0,0.0,1.0,1.0,0.0,1.0,1.0,0.0,1.0,1.0
901,-2.8087529704304615,4.75995510619646e-05,0.00013926035130651382,9.166080024454923e-05,0.007521688273955958,5.657579449036554e-05,0.00013179845571087423,-0.004189298874898545,1.755022506499948e-05,0.00012260418814169505,0.008286895295075324,6.867263363052878e-05,0.00016337841006697218
902,0.0002929709049180884,0.00010793292298857023,0.0003232362352336334,0.00021530331224506316,-0.006201531728077606,3.845899577425982e-05,0.0002552404866678071,0.014907890418145773,0.00022224519671965037,0.0004030138759463231,-0.007943209456639285,6.30945764718005e-05,0.00031145434308677
903,0.00023025841306623107,5.268720598106125e-05,0.00025507880814253553,0.00020239160216147428,-0.0013290794929879638,1.766452298879173e-06,0.00023509237288243945,0.012277304531097731,0.0001507322065485983,0.00035046287924134223,-0.00235859260910508,5.562959095706255e-06,0.00017968117230382497
904,6.603454303033551e-05,1.914083992711942e-05,0.00026185326368473777,0.00024271242375761834,0.0005288874370365265,2.797219212924418e-07,0.00019113600139986087,0.006889524410249545,4.746554659962321e-05,0.0001526452709097459,-0.003110828066654375,9.67725126044261e-06,0.0004417785187446066
905,3.134687835071315e-05,1.3007224053470287e-05,5.7893043261129464e-05,4.4885819207659175e-05,-0.00299391745305222,8.963541715201195e-06,5.889484388243993e-05,0.0001944470184547279,3.7809643305131146e-08,3.9555421178616434e-05,0.005479080287969006,3.0020320801904532e-05,7.522886472233203e-05
906,0.00015499367896421035,1.2180646520643101e-05,0.0001896981042165032,0.0001775174576958601,0.003223470629191372,1.0390762897216632e-05,0.0002223114740290688,0.004725911138433523,2.2334236088661363e-05,8.36062503787316e-05,-0.001953699203093203,3.816940576051309e-06,0.0002631765882417092
907,4.5600656656374916e-05,2.2391071160495397e-05,0.0001744331419427647,0.0001520420707822693,0.002386039723484163,5.6931855618724825e-06,0.0001007042274918657,0.004461080696330949,1.9901240979502965e-05,0.00022058763478116639,0.006448161516268367,4.1578786940110746e-05,0.00020200756355526206
908,3.143030000818392e-05,7.586472274982252e-06,0.00019967390543544164,0.0001920874331604594,-0.0002182859334357003,4.764874850238243e-08,0.00025539891806691806,0.00018707703462545014,3.49978168667775e-08,9.855095717770102e-05,0.004762013256974094,2.2676770259577594e-05,0.0002450718410617059
909,2.8227295559513088e-05,1.1891136070326288e-05,0.0004891928982267979,0.00047730176215647163,0.003945433598468624,1.5566446279757784e-05,0.00012518694806207264,0.004350687901951438,1.8928485220559566e-05,0.0007972672040741369,-0.001085576671997618,1.1784767106615135e-06,0.0005451245425441842
910,2.817893232898161e-05,5.621896998412683e-06,6.611882495436798e-05,6.04969279559553e-05,-0.0031612594926081214,9.993561579380028e-06,5.78783976270536e-05,-0.0006469393975467799,4.1853058385665776e-07,5.369666406829232e-05,0.0025403934403363934,6.4535988320013615e-06,8.6781413167758e-05
911,1.5989898766277655e-05,1.2443359822163675e-06,0.0003206989306151857,0.0003194545946329693,0.0016658806192177125,2.775158237655617e-06,0.00031922152093433187,-0.000532814000619416,2.8389075901191774e-07,0.0003317219779046532,-0.0008209500290544173,6.739589499815679e-07,0.0003111532930065719
912,1.8869055470660534e-05,1.5598742100627245e-05,0.0004198501005637049,0.0004042513584630777,-0.00421030091923012,1.772663383026174e-05,0.00046637974533791926,0.0038927955973896517,1.5153857563343642e-05,0.00038063759292927823,0.00373037999520263,1.3915734908276356e-05,0.0004125329634239172
913,0.00010510001093810839,5.648511028692275e-05,0.000341547412984274,0.0002850623026973512,-0.008379942280240766,7.022343262030883e-05,0.0003801524716966487,0.002483875316514203,6.169636587949334e-06,0.00029178244690475363,0.009646878337192747,9.306226165251008e-05,0.0003527073203514197
914,8.282161732631188e-05,1.7132036182069637e-05,0.0001553927142796674,0.00013826067809759776,-0.0006822286256287962,4.6543589748981873e-07,0.00010030924558468435,-0.0006246657736291743,3.902073287820329e-07,0.00011475085353618297,-0.007109181761621788,5.0540465319937056e-05,0.00025111804371813484
915,3.1775405952005897e-06,2.388182513968218e-07,0.0002743003725948305,0.00027406155434343365,-0.0003813117126502383,1.4539862258633462e-07,0.00033007325401901433,-8.454859691456655e-06,7.14843739757498e-11,0.00026381435230893313,-0.0007556352605990941,5.70984647230155e-07,0.00022901351145654392
916,-3.0679580638444115,1.0,1.0,0.0,0.0,1.0,1.0,0.0,1.0,1.0,0.0,1.0,1.0
917,0.00014652124504854758,1.582466355158167e-05,0.0002514825971631218,0.00023565793361154017,0.00038878284624671106,1.511521011687833e-07,0.0002913556706726217,-0.0002579378111801693,6.653191420014082e-08,0.0002849178173944811,0.006874322267643597,4.725630663937608e-05,0.0001781743034222627
918,0.000252115776447015,7.808084931881787e-05,0.00026101339135786716,0.0001829325420390493,0.002076216455804696,4.310674770802159e-06,0.00014735260663023553,-0.015131721539775603,0.00022896899675706184,0.0005378396104745997,-0.0009812626702162934,9.628764285896096e-07,9.784795696876625e-05
919,0.0001297938773164864,7.559905883225415e-05,0.00041445790139245836,0.0003388588425602042,-0.007314277790608339,5.349865959847211e-05,0.0003402339133672383,0.007852391361582918,6.166005009511366e-05,0.0003713870831778543,-0.010565910599808567,0.00011163846680317668,0.0005317527076322826
920,-0.042356812722841086,2.7224987707241688e-05,0.00024374961416466037,0.00021652462645741868,-0.0045216466535601615,2.04452884600137e-05,0.0002508762314341606,0.00291572496317022,8.501452061104864e-06,0.00024124453712681682,-0.007261420150386606,5.27282226006065e-05,0.00023912807393300373
921,2.436935557970088e-05,1.329367906403404e-05,0.0001955435441114798,0.00018224986504744578,0.004305188241683157,1.853464579659736e-05,0.0002764906599119765,-0.004024694536898937,1.6198166115088952e-05,0.00015515482378780643,0.002268970092466214,5.148225280415808e-06,0.0001549851486346565
922,7.276745964268638e-05,1.956506418691421e-05,9.882529672330016e-05,7.926023253638595e-05,-0.0010964298939256413,1.2021585117372169e-06,0.00010527893617939821,0.007371297669120305,5.433602932614079e-05,8.342466462296638e-05,-0.0017767961961142875,3.1570047228646203e-06,0.00010777228936753591
923,-3.0035293417139988,4.051614231670442e-06,0.00012189147900776298,0.00011783986477609254,-0.002012862198656696,4.051614232225553e-06,0.00012189147900898423,0.002012862198656699,4.051614230671241e-06,0.00012189147900598662,0.0020128621986566985,4.051614232114531e-06,0.0001218914790083181
924,0.00023135139670205085,8.007959602640558e-05,0.00023778989076654136,0.0001577102947401358,-0.00183980870068825,3.384896055336206e-06,0.00010164513373689399,0.014693891200314523,0.00021591043860680337,0.00034195843289430705,0.004576401798046655,2.094345341707715e-05,0.0002697661056684231
925,4.890091892861825e-05,3.092514963554116e-05,0.00040887966898750516,0.000377954519351964,-0.0032109503272805323,1.0310202005259228e-05,0.0003067495500718165,-0.006604971645247563,4.362565043491973e-05,0.0004565515730133862,0.006232142205289732,3.8839596466444526e-05,0.0004633378838773128
926,0.00016633122578713078,8.495113697641148e-05,0.00016546728071764605,8.051614374123457e-05,0.010638368877806356,0.0001131748923800524,0.00016836738823555741,0.0010883112606491182,1.1844214001799358e-06,0.00010935605574868834,-0.011853020591780747,0.00014049409714900207,0.0002186783981686924
927,0.000188948885630702,2.743676840026114e-05,0.00022152722265892746,0.00019409045425866633,0.0028255311844827434,7.983626475027705e-06,0.00011632258624727498,-0.002186794676324148,4.782070956776963e-06,0.00021254611020504743,0.008339340967267933,6.954460776897875e-05,0.00033571297152446
928,-2.868973714464624,4.136889045406692e-05,0.00012701798474786438,8.564909429379747e-05,0.006431865239055067,4.1368890453918894e-05,0.00012701798474712422,-0.006431865239055058,4.136889045480707e-05,0.0001270179847490116,0.006431865239055063,4.1368890453474805e-05,0.0001270179847474573
929,0.00010588000069366998,4.2291639237486876e-05,0.00031148326641587215,0.0002691916271783853,-0.0008917931181690911,7.952949655498642e-07,0.00030078004472877673,0.00756482887530155,5.722663591323229e-05,0.00032657913526357163,-0.008297769991593243,6.885298683367846e-05,0.00030709061925526804
930,-3.030646754553101,4.695980801146712e-05,0.0001369253947160661,8.996558670459898e-05,0.006852722671473958,4.6959808011615145e-05,0.0001369253947161031,0.006852722671473961,4.6959808011615145e-05,0.0001369253947165472,-0.006852722671473959,4.6959808011171056e-05,0.000136925394715548
931,0.0026681990324317617,0.0010086295874255728,0.0024139740935327967,0.0014053445061072238,0.02175918643354594,0.00047346219424959646,0.0015336178484917085,-0.029994503756796673,0.0008996702556168801,0.0016602140925723319,-0.04065410572636531,0.0016527563124102418,0.004048090339534349
932,5.887763433098936e-05,1.84531102486174e-05,0.00013842753924579268,0.00011997442899717528,-0.002372932507743139,5.630808686096778e-06,0.00012138969069153127,-0.00656010147879248,4.30349314123335e-05,0.00017441478069712968,-0.0025871974503640423,6.693590647421921e-06,0.00011947814634871712
933,-3.03893529496667,6.095017286130341e-05,0.00019392770729046807,0.00013297753442916466,0.009531544833331325,9.085034691036498e-05,0.0002546109022568688,0.00011824838553090447,1.3982680568958017e-08,6.336764095382641e-05,-0.009590943071058074,9.198618899297628e-05,0.00026380457866070905
934,0.00019544481409194958,6.227803179000475e-05,0.00029262047165808564,0.0002303424398680809,0.009764013118724662,9.533595218191859e-05,0.0002290823257210528,-0.008561843962594306,7.330517204029441e-05,0.00038842999974841863,-0.004265321927812176,1.8192971147801273e-05,0.0002603490895047855
935,0.0005756173271691534,0.00011325152943442163,0.0003564993285051221,0.0002432477990707005,-0.012545469363448093,0.00015738880154891888,0.0004705820097955504,-0.012839298974297,0.00016484759815127425,0.00043369643868784724,0.00418547352195598,1.751818860307175e-05,0.00016521953703196868
936,0.0001627290681353033,1.4870683635148652e-05,0.00014519654540904683,0.00013032586177389818,-0.006175302938704406,3.813436638511192e-05,0.00016506487757139698,-0.001831495510201593,3.354375803898968e-06,4.5384598776232465e-05,0.0017672885209910343,3.1233087164350692e-06,0.00022514015987951108
937,2.3170067665945204e-05,1.1086407953516305e-05,0.00013412891085466208,0.00012304250290114577,0.003712180198362118,1.3780281824971041e-05,0.00010488180038070727,-0.0021618818518531918,4.673733141835612e-06,4.0828970993778135e-05,0.0038477537464642847,1.4805208893742261e-05,0.00025667596118950087
938,8.066540182338766e-05,7.913896821498678e-05,0.0002756886047376265,0.00019654963652263974,0.00895459461463414,8.018476471383096e-05,0.0002832171620503754,0.008810890215526942,7.763178638908741e-05,0.00026877156491345033,-0.008921903022490048,7.960035354204198e-05,0.0002750770872490538
939,0.0002073139058028639,6.411501274387425e-05,0.00032573659538296756,0.0002616215826390933,-0.006999408915809046,4.8991725170588474e-05,0.0005511515014898771,0.011958784178410618,0.00014301251902570922,0.0002204095635198744,-0.0005837756719957822,3.407940353250538e-07,0.00020564872113915111
940,-3.0679580638444115,1.0,1.0,0.0,0.0,1.0,1.0,0.0,1.0,1.0,0.0,1.0,1.0
941,6.0243737888932e-05,1.4115327969281092e-05,0.00025856404269849104,0.0002444487147292099,0.0023377269414722374,5.4649672532880444e-06,0.00034269494355254615,0.0009909040858235355,9.818909076919624e-07,0.00024609705168177065,-0.005991587915297178,3.589912574686327e-05,0.00018690013286115637
942,6.168693323094221e-05,1.2483398974453644e-05,0.0003874575222609182,0.0003749741232864645,0.0019179369269716404,3.6784820558466436e-06,0.0002925545630493298,-0.0031887438674345933,1.0168087451911667e-05,0.00035995052698800656,-0.004858356452033071,2.3603627415602624e-05,0.0005098674767454181
943,0.00015333625678470852,4.126898183087757e-05,0.0001926103698836427,0.00015134138805276512,0.009295954173128517,8.641476398962844e-05,0.0002910148353850728,0.0060010333131596235,3.6012400826179736e-05,0.00015031330666603893,0.0011746406584931196,1.379780676824538e-06,0.0001365029675998164
944,0.0018663102100429096,0.0005777862471756009,0.001015056020521432,0.00043726977334583117,-0.003020804300396021,9.125258621289767e-06,0.00041091634061740656,0.010384251219041496,0.00010783267337988178,0.00048672695229812213,-0.0402044874302027,0.001616400809525631,0.0021475247686487675
945,5.9592273361497305e-05,2.1373215407812413e-05,0.00015470030163688975,0.00013332708622907732,-0.00755941477121701,5.714475168350219e-05,0.00010779178009190371,-0.0007334403759647493,5.379347850498206e-07,0.00020845080936682248,-0.0025371164251661877,6.43695975488523e-06,0.00014785831545194306
946,0.000210794407968673,9.2373922468858e-05,0.00024721748500341106,0.00015484356253455306,-0.0027562041576335012,7.59666135874415e-06,0.00016686849656510905,0.011397488431043582,0.00012990274253565914,0.0003178369744314402,0.011816190736113223,0.00013962236351217072,0.000256946984013684
947,0.00028544426032806047,0.00027393601363516024,0.0005917655255974763,0.00031782951196231607,0.016458680679464405,0.00027088816970899376,0.0005397144156666922,-0.016747364415700204,0.00028047421487265023,0.0006098719069262959,0.016445232024023166,0.00027044565632383666,0.0006257102541994408
948,0.0003089767516114561,0.00015626904169848319,0.00039589540378170973,0.00023962636208322655,-0.011570119637933585,0.0001338676684361495,0.0003706083188840248,0.011372177571474996,0.0001293264227174573,0.00035505225055521006,-0.014339213156297178,0.00020561303394184272,0.00046202564190589435
949,0.00022677471016196993,8.859331717514518e-05,0.00021243917572980978,0.0001238458585546646,-0.013837070403961234,0.0001914645173642926,0.0002242518628490231,-0.007153662114793835,5.1174881652960025e-05,0.00014507730263135787,-0.0048104628164697604,2.314055250818292e-05,0.0002679883617090484
950,-3.0679580638444115,1.0,1.0,0.0,0.0,1.0,1.0,0.0,1.0,1.0,0.0,1.0,1.0
951,0.0001996425056031148,6.397495914012286e-05,0.00022832739071558064,0.00016435243157545779,-0.005191040034636022,2.694689664139993e-05,0.00020706447402674133,0.006200460120521282,3.844570570654682e-05,0.00019539940083401763,-0.011248656589664818,0.00012653227507242182,0.000282518297285983
952,0.00031903274347644395,9.659691295223667e-05,0.00039237411361806956,0.0002957772006658329,0.008419857550030049,7.089400116289113e-05,0.00041987588407976784,0.014512353475753094,0.00021060840340525466,0.0005294435370127859,-0.0028789467325076243,8.288334288564236e-06,0.0002278029197616549
953,0.00320018143380707,0.0005770456463355019,0.0011203210608337066,0.0005432754144982047,-0.03369020639585489,0.001135030006995108,0.002093758766770315,0.023444836025562667,0.0005496603362658004,0.0007125253449262736,0.006815173933642999,4.6446595745597286e-05,0.0005546790708045313
954,8.483337430431614e-05,2.6982241270105217e-05,9.430058794072475e-05,6.731834667061953e-05,-0.003490142228225012,1.2181092773566604e-05,4.9393553169352344e-05,-0.006734638728697948,4.535535880612063e-05,0.00012173920640268232,0.004838416293712855,2.3410272230628415e-05,0.00011176900425013958
955,4.302385122123553e-05,1.7198466710148057e-05,0.00021218182167918412,0.00019498335496903607,-0.0036967674190161817,1.3666089349051447e-05,0.0002440336675275656,0.00511420714432051,2.615511471504295e-05,0.0002966802947560465,0.0034313548440444734,1.1774196066349774e-05,9.583150275394026e-05
956,1.5526325095605031e-06,6.487421488898804e-07,0.00017437047666320668,0.0001737217345143168,-0.001015370078399082,1.0309763958105123e-06,0.0001833438215212979,-0.0006067909193459561,3.681952197576166e-07,0.00013437208667343992,0.0007396315508459288,5.470548311015122e-07,0.00020539552179488219
957,0.00014883649386543407,5.3252536681129094e-05,0.00015831209648945835,0.00010505955980832926,-0.0037904034145493583,1.4367158045258677e-05,5.103726533495223e-05,0.011465345321877395,0.00013145414335080652,0.0003639031308706464,-0.0037331365696045803,1.3936308647322093e-05,5.9995893262776434e-05
958,0.00024703139895210224,8.720044745721041e-05,0.00028951489422635035,0.00020231444676913995,0.0001131898014619635,1.2811931071610161e-08,0.00019722127236920795,0.008529386066220947,7.275042666710085e-05,0.00024961511466981,0.013741837714557226,0.00018883810377345878,0.0004217082956400331
959,-3.0593105262311537,5.404037186521974e-05,0.0002871284205382037,0.00023308804867298397,0.0073512156726636526,5.404037186529376e-05,0.0002871284205382407,-0.007351215672663648,5.404037186607091e-05,0.00028712842053879584,0.007351215672663658,5.4040371864294556e-05,0.0002871284205375746
960,2.667875643613815e-05,1.0018451583659882e-05,9.609353056320528e-05,8.60750789795454e-05,0.002799763666223384,7.838676586380267e-06,8.913379574848612e-05,-0.0011665555319421196,1.3608518086849486e-06,0.00011494186360105907,-0.004566817968340003,2.085582635591443e-05,8.420493234007065e-05
961,-3.0679580638444115,1.0,1.0,0.0,0.0,1.0,1.0,0.0,1.0,1.0,0.0,1.0,1.0
962,0.0003650590669806997,0.00010687929455725313,0.0003503292766576423,0.00024344998210038915,0.017522930184142114,0.0003070530822385509,0.0005063650561859534,-0.0033894484784363185,1.148836098774364e-05,0.0003772382996761747,0.0014479089905955899,2.0964404454648644e-06,0.00016738447411079882
963,0.00015860482111240692,0.00010757688657644,0.000701401737918402,0.0005938248513419619,-0.010065272423536388,0.00010130970895971814,0.000642522820049396,0.010485278853189135,0.00010994107262796149,0.0007116583574225954,-0.010558403200351204,0.0001114798781416404,0.0007500240362832145
964,5.769262990618085e-05,2.7696723530238703e-05,8.99491911887651e-05,6.225246765852639e-05,0.005682397487118895,3.2289641201499464e-05,9.028820822243322e-05,0.0053638308432617755,2.87706813150157e-05,8.543435609154049e-05,0.004693596496758033,2.2029848074200942e-05,9.412500925232159e-05
965,-3.0679580638444115,1.0,1.0,0.0,0.0,1.0,1.0,0.0,1.0,1.0,0.0,1.0,1.0
966,5.770468460530864e-05,1.141212351244795e-05,0.00018193570189147432,0.00017052357837902637,0.0013208586977906814,1.7446676996435428e-06,0.00021321307438215698,-0.0039179451020788045,1.5350293822602445e-05,0.000192848562872161,0.004140218474337614,1.7141409015097864e-05,0.00013974546842010493
967,0.0009696775413461367,0.00035138512528043453,0.0006423543584858823,0.00029096923320544776,-0.006113792727381711,3.737846151363744e-05,0.0002617525088258743,-0.007515635892962027,5.64847828752324e-05,0.0003771436776313086,-0.030988580662121786,0.0009602921314524338,0.0012881668890004638
968,5.6716311458426816e-05,1.9787303400205698e-05,0.00020114473094649346,0.00018135742754628775,0.004014155144322939,1.611344152296912e-05,7.956193663349875e-05,0.004058400112487814,1.6470611473251573e-05,0.000292242216932026,-0.005174732573226052,2.6777857204396405e-05,0.00023163003927395565
969,0.00010102576768800109,2.9629190414789026e-05,0.0003136139760448649,0.0002839847856300759,-0.001589909040211587,2.5278107558257545e-06,0.0004543907154461735,0.009188090201663978,8.442100155403587e-05,0.00019928707440797222,-0.001392393239859101,1.938758934505458e-06,0.00028716413828044907
970,0.00010268800424051427,3.6053832446203415e-06,9.378033298331386e-05,9.017494973869351e-05,0.00100886366169894,1.0178058879040108e-06,8.341053995708503e-05,0.0009962418078343924,9.924977398823032e-07,8.46589821505983e-05,-0.0029674645922879335,8.80584610607471e-06,0.00011327147684225825
971,9.827047342736428e-05,3.77805813522869e-05,0.00015728655317404083,0.00011950597182175393,-0.009829357264421877,9.661626423185243e-05,0.00033212403641857957,-0.001542877061553936,2.380469627305537e-06,7.871947207649388e-05,-0.003787480719099444,1.4345010197702734e-05,6.101615102704905e-05
972,0.00014274323946528167,5.447586984441699e-05,0.0001903935706801807,0.0001359177008357637,0.010630686465768993,0.00011301149473230687,0.00030646539262291217,-0.006075674315811864,3.691381839143748e-05,0.00014031329744701448,0.0036745471025811764,1.350229640950662e-05,0.00012440202197061545
973,0.00036655943624475107,0.00018071538870545467,0.0003470382448103049,0.0001663228561048502,0.0097243818705726,9.456360276460796e-05,0.00014717596027358226,-0.012230043538896533,0.00014957396496351194,0.00041956325420833274,-0.01726292554546973,0.0002980085983882441,0.0004743755199489996
974,-1.0928770747029124,1.6688466317379043e-06,0.00023146815879167745,0.00022979931215993954,0.0012969995893095535,1.6822079357270425e-06,0.0002324051429590801,0.0012656090292250041,1.6017662165523916e-06,0.00022753435258715538,0.0013124655207709711,1.7225657429342789e-06,0.00023446498082879685
975,-3.0679580638444115,1.0,1.0,0.0,0.0,1.0,1.0,0.0,1.0,1.0,0.0,1.0,1.0
976,6.131214957827424e-05,1.9795455346804935e-05,0.0001956190145430877,0.00017582355919628276,0.0010053124852294076,1.0106531924680695e-06,0.0001604376718523648,-0.0056389196366361345,3.179741466907693e-05,0.00026641814645544937,0.0051554144526515695,2.6578298178869808e-05,0.0001600012253214489
977,5.9087470807517306e-05,3.535070626022504e-05,0.00016839294083925704,0.000133042234579032,0.006959966577666236,4.844113476276668e-05,0.00022018651560518077,0.0005687780579852606,3.235084790054188e-07,0.00010531805281166484,0.007568849023396686,5.728747553890301e-05,0.00017967425410092552
978,-2.5861509828565765,9.122757501256462e-05,0.00023401896146217163,0.000142791386449607,0.009780029153188539,9.564897023650598e-05,0.0002566149371699966,0.009381222496561765,8.800733553016027e-05,0.00021917395457293765,0.009488225296186623,9.002641927102761e-05,0.00022626799264358066
979,0.00024491923259761794,3.9132371636552143e-05,0.00024335870337333088,0.00020422633173677873,-0.001991242513244251,3.965046747156364e-06,0.00035640703595096745,-0.009604365880467683,9.224384396600005e-05,0.0002400739717743905,0.004603066825110466,2.1188224196500016e-05,0.00013359510239463468
980,-2.818846687911749,9.394260429858766e-06,0.0001255873007034077,0.00011619304027354894,0.0030650057797039303,9.394260429118617e-06,0.00012558730070255653,-0.0030650057797039273,9.394260429673729e-06,0.00012558730070333368,0.0030650057797039277,9.394260430783952e-06,0.00012558730070433288
981,4.030175469071917e-05,1.730801106266296e-05,0.00012889558047816477,0.00011158756941550181,0.0047990630359817646,2.303100602274455e-05,0.00020670887783336145,-0.0021005357879313575,4.412250596219636e-06,9.252144587190703e-05,0.004947805227570988,2.4480776569024698e-05,8.745641772922585e-05
982,0.0003417594526431422,6.6087136136798e-05,0.00046559053822115004,0.00039950340208435203,-0.0072901212784618795,5.314586825433398e-05,0.00038825726854430087,-0.011996983807006563,0.00014392762046544494,0.0006382998498981607,0.0010899172861576275,1.1879196906150469e-06,0.00037021449622098856
983,7.08532021514996e-05,2.5292418004492962e-05,0.0001963266699902544,0.00017103425198576142,0.001904858614273153,3.628486340501169e-06,0.00016198689178159587,0.008030415206441188,6.448756838783876e-05,0.0002720800600978235,-0.0027858929063555716,7.761199285138964e-06,0.00015491305809134381
984,3.5881495065615e-05,1.042516316185349e-05,0.0001302041785582464,0.00011977901539639291,0.0004642094523826167,2.1549041584467687e-07,0.00020553102137332857,-0.004131189679897934,1.7066728171477585e-05,9.58062342243382e-05,-0.0037407580645530247,1.3993270898238208e-05,8.927528007707242e-05
985,3.34233501984027e-05,1.0219783028471893e-05,7.650033655056306e-05,6.628055352209117e-05,-0.0004027663291866127,1.6222071630433987e-07,4.893181114384859e-05,0.005250932076451516,2.7572287671029372e-05,0.00014795437224235375,0.0017102165647817778,2.9248406980819652e-06,3.261482626548684e-05
986,-3.0679580638444115,1.0,1.0,0.0,0.0,1.0,1.0,0.0,1.0,1.0,0.0,1.0,1.0
987,-3.0679580638444115,1.0,1.0,0.0,0.0,1.0,1.0,0.0,1.0,1.0,0.0,1.0,1.0
988,8.943636456215653e-05,2.71239541369539e-05,0.0001144589454493324,8.73349913123785e-05,0.0044460400713394604,1.9767272316117968e-05,7.803073201950728e-05,-0.0034904741831897463,1.2183410023403063e-05,0.0001053607088310482,-0.007030019919755808,4.9421180071340665e-05,0.00015998539549744173
989,9.923990855731368e-05,1.878069710507339e-05,0.000123499947735084,0.0001047192506300106,-0.004261367791337714,1.8159255453231715e-05,8.151867256456224e-05,0.005536356310835631,3.0651241200718715e-05,0.00015997918140253642,-0.002744375094826762,7.531594661269736e-06,0.00012900198923815331
990,0.0013854356339084717,0.0011004636837704436,0.0016775563853460203,0.0005770927015755767,0.028020979929998916,0.000785175316237674,0.0012632525792466431,0.03574798831585711,0.0012779186686306954,0.0018718715197126867,-0.03518944538413436,0.0012382970664429616,0.0018975450570787311
991,-2.8994305447309636,5.726918416123124e-06,0.00020248323545979385,0.00019675631704367072,-0.002228928459419756,4.9681220766206735e-06,0.00019341697551300552,-0.00248809281526139,6.190605856493114e-06,0.00020741954146197283,-0.002453981930456485,6.022027315255585e-06,0.0002066131894044032
992,-3.0679580638444115,1.0,1.0,0.0,0.0,1.0,1.0,0.0,1.0,1.0,0.0,1.0,1.0
993,5.434606612952919e-05,1.7606077243511226e-05,0.0001985337767949069,0.00018092769955139568,0.003939523864334233,1.5519848277523174e-05,0.0004318139236165752,0.006028586751366132,3.634385821860153e-05,0.0001158495472824983,-0.0009769980729699291,9.54525234408976e-07,4.7937859485647216e-05
994,9.072488414041402e-05,2.1884634247718953e-05,0.00025758202292454807,0.00023569738867682913,-0.003958777892501785,1.567192240214954e-05,0.00028059121733592374,-0.0008669202804827037,7.515507728372839e-07,0.00013373323666832082,-0.0070164399497256785,4.923042956817003e-05,0.0003584216147693997
995,0.00010932189035661732,6.6916069969188046e-06,0.0001944215498332532,0.00018772994283633437,-0.003947266783082281,1.5580915057489264e-05,0.00015328929779256928,-0.0013692947348715129,1.8749680714691408e-06,0.00020402172943634334,-0.001618313276991272,2.6189378617980097e-06,0.00022595362227084692
996,-3.0679580638444115,1.0,1.0,0.0,0.0,1.0,1.0,0.0,1.0,1.0,0.0,1.0,1.0
997,1.608312449985494e-05,9.825363836757361e-06,0.00012701747190616933,0.00011719210806941197,0.0038008613807293846,1.44465472352584e-05,0.00010524265786515663,0.001986909763623358,3.9478104075785225e-06,0.0001250423717973348,-0.003328923830314159,1.1081733867435162e-05,0.00015076738605601658
998,7.077033807767474e-05,2.1655595210834377e-05,8.771463896698843e-05,6.605904375615405e-05,0.0023905435376532533,5.714698405823171e-06,7.941766365748837e-05,0.006805208351200028,4.6310860703169254e-05,0.00010534012151774963,-0.0035973916277380535,1.2941226523510707e-05,7.838613172572728e-05
999,-3.0679580638444115,1.0,1.0,0.0,0.0,1.0,1.0,0.0,1.0,1.0,0.0,1.0,1.0
1000,0.00025060867367632245,8.364045571177907e-05,0.00032308210247574315,0.00023944164676396407,-0.009438579583040027,8.908678454544461e-05,0.0002868965644132748,-0.010502876908394502,0.00011031042335296615,0.0002941529295333867,-0.007178033103644594,5.152415923692644e-05,0.000388196813480568
1001,7.61787846781381e-06,1.674928576759586e-06,0.00015284526853516964,0.00015117033995841006,-0.002094898931089605,4.388601531513103e-06,0.00010415488902637549,-0.0007273684764480379,5.290649007783088e-07,0.000212414143856976,-0.00032729084573673124,1.0711929798734587e-07,0.0001419667727221574
1002,0.0002217157856927443,6.10685636444434e-05,0.000258392822971687,0.00019732425932724357,0.01033759638190032,0.00010686589895492205,0.0003508839328471014,-0.007771717037075513,6.039958570436266e-05,0.00016502751844549302,0.003992518788247519,1.5940206274045465e-05,0.0002592670176224665
1003,5.122883994246319e-05,3.489584396898504e-05,0.00016503803596564412,0.00013014219199665908,-0.007126011349675202,5.078003775560447e-05,0.00024062714030403942,-0.006946977883292569,4.8260501711805404e-05,0.0001917008655808461,0.002376340135461515,5.646992439545251e-06,6.278610201204682e-05
1004,0.00017113414053882003,2.593755202791777e-05,0.0001086129817966149,8.267542976869713e-05,-0.004560815132245809,2.0801034670836493e-05,9.408135858868238e-05,-0.007362174985398082,5.420162051572586e-05,0.00012504143592428907,0.001676305729115043,2.8100008971909674e-06,0.00010671615087687325
1005,0.00015570536245113065,6.472686824428771e-05,0.0001659604723585062,0.00010123360411421849,0.010152489003572024,0.00010307303296719361,0.00024963279676337713,0.006522856141662712,4.254765224487311e-05,0.00012166867218377231,-0.006968494781573572,4.855991952079641e-05,0.00012657994812836915
1006,3.859897659475031e-05,2.410239431031395e-05,0.00015092554471181815,0.00012682315040150421,0.0005901598429211025,3.482886403727292e-07,3.840929818965666e-05,-0.005959099630362249,3.551086840458684e-05,0.00021217160932762713,0.0060372200461815805,3.644802588598228e-05,0.00020219572661817065
1007,2.031261976898069e-05,5.809211217881287e-06,8.064209454872184e-05,7.483288333084055e-05,-0.00237787172200821,5.6542739251819185e-06,8.118214545516089e-05,0.0023854562768291826,5.6904016477732355e-06,8.077680659213105e-05,0.002466365358306083,6.082958080688705e-06,7.996733159887359e-05
1008,-3.0679580638444115,1.0,1.0,0.0,0.0,1.0,1.0,0.0,1.0,1.0,0.0,1.0,1.0
1009,0.00017630656651679288,2.9120044668632754e-05,0.0002033434636851498,0.00017422341901651706,-0.0017147256942171964,2.9402842062209444e-06,0.00021263906482604789,0.001623973904112275,2.637291240392692e-06,0.00018729353724900033,0.009043370973233345,8.178255855928462e-05,0.0002100977889804012
1010,0.00016613092535322505,4.312512281656744e-05,0.00016770284302799107,0.00012457772021142363,-0.005070264193705745,2.570757899400533e-05,0.00014446843079785054,0.005619554388668869,3.157939152720335e-05,0.00018394473744609563,0.008490488674306603,7.208839792849364e-05,0.00017469536084002701
1011,-3.0403159041206385,3.9678309215214945e-05,0.00011850699480486782,7.882868558965286e-05,-0.006299072091616417,3.967830921569604e-05,0.00011850699480508986,0.006299072091616418,3.967830921558502e-05,0.0001185069948053119,0.0062990720916164195,3.967830921436377e-05,0.00011850699480420168
1012,0.0011645709120454706,0.000450337520505754,0.0017217642003147053,0.0012714266798089513,0.0027949116294663247,7.811531016477247e-06,0.0009786249750340925,-0.03176240628558231,0.001008850453050214,0.0013128942627933515,0.01828525573926753,0.0003343505774505706,0.0028737733631166718
1013,0.001180768457726522,0.0004414793027512909,0.0007759835478263385,0.0003345042450750476,0.02970533414982011,0.0008824068769524018,0.0014929880747784896,0.015229096313198288,0.00023192537451721673,0.0005104250806262645,0.014495021793166559,0.00021010565678425408,0.0003245374880742613
1014,0.0005534453031801334,8.120188554257742e-05,0.0002498986059887483,0.0001686967204461709,0.0031051308289801074,9.641837465101943e-06,0.00036486380749545244,-0.0009388072290546505,8.81359013438221e-07,5.485234600366429e-05,-0.015267038355533374,0.0002330824601491921,0.00032997966446712823
1015,0.00019018798843739582,4.047802782887929e-05,0.0003140284172028866,0.00027355038937400733,-0.009310421911017892,8.668395616107105e-05,0.0006052623970803639,0.0007688337463603272,5.911053292395607e-07,0.00012318857601156807,0.005844572011391963,3.4159021996327255e-05,0.00021363427851672778
1016,4.259298367559339e-05,1.1415284213001087e-05,0.00018448820838801172,0.00017307292417501063,-0.003149601895731976,9.919992101758979e-06,0.00022118668831250243,-0.003871464288074812,1.4988235733981448e-05,0.00021011019044836488,0.003055752739233782,9.337624803262834e-06,0.00012216774640316785
1017,9.309659866396647e-05,2.067644916758926e-05,0.00018172443116371007,0.0001610479819961208,-0.004056793906076763,1.64575767974684e-05,0.0001805584324805487,0.0033536074190446087,1.1246682721233192e-05,0.00017013473333526985,0.005858761642577582,3.4325087984066194e-05,0.00019448012767531164
1018,2.3956207667930052e-05,5.70492644214049e-06,0.0001477209959654946,0.0001420160695233541,0.001094761606569133,1.1985029747529907e-06,0.00019383583655230296,0.002746435238441199,7.542906518609449e-06,8.562959435309825e-05,-0.0028936775620814975,8.37336983305903e-06,0.00016369755699108257
1019,1.5652306373903357e-05,4.77223948906295e-06,0.00025421715847366116,0.0002494449189845982,-0.0021290790665857463,4.5329776711122705e-06,0.00029491904551648407,0.001479205879736399,2.188050035045741e-06,0.00018724464991259904,0.0027560280768769946,7.595690761030838e-06,0.00028048777999190033
1020,-3.0679580638444115,1.0,1.0,0.0,0.0,1.0,1.0,0.0,1.0,1.0,0.0,1.0,1.0
1021,0.0002198266134751936,0.00010433696446502753,0.0005064224467026998,0.0004020854822376722,-0.001404654999950169,1.973055668846868e-06,0.00034794042356955934,0.012445702624305652,0.00015489551381264732,0.0008928903499857421,0.01249569221427664,0.0001561423239135884,0.0002784365665527977
1022,-3.0679580638444115,1.0,1.0,0.0,0.0,1.0,1.0,0.0,1.0,1.0,0.0,1.0,1.0
1023,3.334170512092616e-05,7.654066824384445e-06,0.0001504900946830793,0.00014283602785869487,-0.0031365592120339643,9.838003691142738e-06,0.00022392431706941274,-0.00013135971265366617,1.7255375017732888e-08,0.00014867755743530608,-0.003620351006023999,1.3106941406992867e-05,7.886840954451912e-05
1024,0.0030302006630651412,0.0022463423620392073,0.0101460298793834,0.007899687517344193,-0.05404383373379976,0.0029207359646465925,0.013167060050512158,0.03162950802248747,0.001000425777744396,0.004424747524923056,0.05308356943280467,0.0028178653437266332,0.012846282062714987
1025,0.00014966775296365586,4.641312873732151e-05,0.00022416018132368856,0.00017774705258636705,0.003967193462907754,1.5738623971639498e-05,0.00030281451881397636,-0.011034051826340886,0.00012175029970662443,0.000240845726635186,-0.0013230504654004537,1.750462533700592e-06,0.00012882029852190335
1026,5.0008448780003434e-05,1.6198150770437476e-05,0.00011987583538453084,0.00010367768461409337,0.002619658991831388,6.862613233127313e-06,0.00016013931957103988,0.0012014384692308926,1.4434543949004564e-06,6.2400308707522e-05,-0.006347313186232285,4.028838468328466e-05,0.00013708787787503063
1027,6.445239191021912e-05,9.359956855507315e-07,0.000250029881895449,0.00024909388620989825,-0.0014104312753058991,1.98931638206723e-06,0.0002672935529347553,-0.0007136995957539395,5.093671133771238e-07,0.0002614171625712203,0.0005561506642651953,3.0930356120784097e-07,0.00022137893018037147
1028,0.00010803908242695837,9.842944299620626e-07,0.00010516944343637775,0.00010418514900641569,0.0001247200892696297,1.555510087403178e-08,0.00010353057754963757,0.00020820308407170846,4.3348523548480955e-08,0.00010322042349386606,0.0017011700871072122,2.893979665463675e-06,0.00010875732926562964
1029,0.001800518709072052,0.000418776110581609,0.0010886792082578738,0.0006699030976762648,0.00427817845753613,1.8302810914416767e-05,0.00015822105331975145,0.0243926208625114,0.0005949999525421967,0.0008417842400825215,0.025357948818627938,0.0006430255682882136,0.002266032331371348
1030,3.3046138090297994e-05,1.6473562842252616e-05,0.00013768379389885363,0.00012121023105660102,-0.005703352668467844,3.252823166000063e-05,0.00018358167779564116,0.0013724697888688273,1.8836733206573086e-06,9.035332324958123e-05,-0.003874117131167092,1.5008783546099913e-05,0.00013911638065133847
1031,0.004513093723268802,0.0004369268117325742,0.0006422427194391345,0.00020531590770656027,-0.018105412059864136,0.0003278059458577953,0.0006232326544706179,0.019330887251247212,0.00037368320192043836,0.0005080213483888985,-0.024683826433909897,0.0006092912874194889,0.000795474155457887
1032,-3.0679580638444115,1.0,1.0,0.0,0.0,1.0,1.0,0.0,1.0,1.0,0.0,1.0,1.0
1033,3.062809198539629e-05,2.160025577143306e-06,0.00015484114520055345,0.00015268111962341013,0.0002446020795030184,5.983017714594752e-08,0.00015834616935828105,0.0011750594105651001,1.380764619307584e-06,0.00018467910062125448,0.0022448790468209824,5.039481934976386e-06,0.00012149816562212479
1034,6.691214978848947e-05,3.233583116235561e-05,0.00018601622257478448,0.00015368039141242887,0.004681777716187824,2.1919042583751214e-05,0.00017603090937023946,-0.006709712420575765,4.502024076691313e-05,0.00021383334389035724,-0.005483448744707858,3.0068210136402485e-05,0.00016818441446375676
1035,8.852925557134572e-05,3.959709313646383e-05,0.00023639114383981288,0.00019679405070334904,-0.004740099391056554,2.2468542236642186e-05,0.00031262313899205196,0.007990795443791042,6.385281182441638e-05,0.00013833765132875708,0.005698238793555256,3.246992534833293e-05,0.00025821264119862963
1036,6.409322702571885e-07,1.059720805921908e-07,0.0001437878799728972,0.000143681907892305,0.000512917051812111,2.6308390199680787e-07,0.00015873213335348968,-0.00019592205251724222,3.838545081791267e-08,9.239634544155884e-05,0.00012824542915467317,1.644688896185187e-08,0.00018023516112364302
1037,5.592990405123288e-05,1.4222504446566772e-05,0.00014715315381264027,0.0001329306493660735,0.0008572486044689572,7.348751711599988e-07,9.00140604366273e-05,-0.006444433192806795,4.153071917700757e-05,0.00029872806672603947,-0.0006339708128796874,4.019189915327459e-07,5.2717334275254046e-05
1038,0.0007870613267723092,0.0004891980306374055,0.005587872862475233,0.005098674831837828,-0.023579061255452796,0.0005559721296882758,0.006333355930155493,-0.01613314274340647,0.0002602782947791482,0.0033886509829634814,-0.02552143545031436,0.0006513436674447926,0.007041611674306725
1039,0.0006841276352061998,0.0003298668799753453,0.0007194909097819613,0.000389624029806616,0.012973461387533825,0.0001683107003735973,0.00045241710771815047,-0.022967566565232553,0.0005275091139284038,0.000873635941363915,-0.017140035753287406,0.00029378082562403485,0.0008324196802638184
1040,-3.0679580638444115,1.0,1.0,0.0,0.0,1.0,1.0,0.0,1.0,1.0,0.0,1.0,1.0
1041,0.00010945365044623401,1.7132139647639082e-05,0.00012841629519396344,0.00011128415554632436,-0.004494579021695785,2.0201240582218283e-05,7.995017143547223e-05,-0.0010370393367370595,1.0754505860299801e-06,0.00011404917433721629,0.005488144292441553,3.011972777466898e-05,0.00019124953980920179
1042,0.0005170492740721455,6.942846063873187e-05,0.00022623425709900058,0.0001568057964602687,-0.01289043717301117,0.00016616337051111874,0.00024630695647054335,-0.0031454987683273584,9.894162501966619e-06,0.0001058874325792214,0.005676957715480922,3.222784890311026e-05,0.000326508382247237
1043,0.002188367391131707,0.0006172808288231005,0.0011474596605917469,0.0005301788317686463,0.008431470592691843,7.108969635549744e-05,0.0008227563412703809,-0.0026343712807040554,6.939912044590102e-06,0.0005953063456900498,0.04211665796414709,0.0017738128780692142,0.0020243162948148097
1044,0.00016007605785040013,8.201220503597136e-05,0.00017749582357336666,9.54836185373953e-05,-0.011543072983173858,0.0001332425338952392,0.00021556128438293687,0.008677691812148544,7.530233518637797e-05,0.00015741492906840016,0.0061230503857208395,3.74917460262969e-05,0.00015951125726876292
1045,-2.96976814860502,3.813022409667373e-07,0.00012101570283088818,0.00012063440058992145,-0.0006174967539613762,3.8130224100374477e-07,0.00012101570283074015,0.0006174967539613761,3.8130224089272247e-07,0.00012101570283096219,-0.000617496753961376,3.8130224100374477e-07,0.00012101570283096219
1046,9.127960506272181e-05,1.643212243751524e-05,0.0001100214172479556,9.358929481044036e-05,0.0020405972307271448,4.164037058385084e-06,0.00015186088137031373,0.006256723146685778,3.9146584533744644e-05,8.903495263856698e-05,-0.002446578370019431,5.985745720415991e-06,8.916841773498607e-05
1047,0.0001866543729225345,0.00010531456910682173,0.00023894640353835003,0.00013363183443152832,0.011858494747575247,0.00014062389767843797,0.000260901861995011,-0.0038338988736881033,1.4698780573807468e-05,0.000263223497749987,0.01267363519546623,0.00016062102906821973,0.0001927138508700521
1048,0.00017873785175348544,7.16418812491959e-05,0.0002472764805173666,0.0001756345992681707,-0.005305108738810287,2.8144178730649116e-05,0.00011167299660119756,0.007468317447703578,5.577576549953278e-05,0.00011218487654440779,-0.011445772124134343,0.00013100569951740582,0.0005179715684064945
1049,0.00017346479121382874,5.650278830234464e-05,0.0001030699298013582,4.6567141499013566e-05,0.010038296928795718,0.00010076740523090599,0.00012280806745945672,0.00828538037333095,6.864752793078743e-05,0.0001246723685411899,-0.00030566606849726646,9.34317453404887e-08,6.1729353403428e-05
1050,0.00026478603023405434,3.4465474719006886e-06,0.0007270920987674604,0.0007236455512955597,-0.0002633293078562072,6.934232421595965e-08,0.0007565135927943833,0.0022037169491565356,4.856368391981114e-06,0.0006463589478756804,0.0023267857012403514,5.413931699504992e-06,0.0007784037556323176
1051,1.3630647494489168e-05,1.9200761225413032e-07,0.00010762161577763478,0.00010742960816538065,0.000590658254120061,3.488771734838636e-07,8.724149401961867e-05,0.00040715530321816783,1.6577544081908258e-07,0.00013756311940182897,0.00024773014022912897,6.137022245944479e-08,9.806023391145668e-05
1052,1.1291960512083143e-05,4.553555514467493e-06,0.00017600822783640316,0.00017145467232193567,0.0005484886007508779,3.008397453374556e-07,0.0001881023624403788,-0.0028511317474568,8.128952240893383e-06,8.870769284019531e-05,-0.002287110525745684,5.230874557171639e-06,0.0002512146282286354
1053,3.8128098783007935e-05,2.284321749312923e-05,0.0001474023041342365,0.00012455908664110726,0.004572049110725246,2.0903633070723515e-05,0.00013961360789915833,0.005788159071120328,3.350278543323704e-05,0.0001577681220717997,0.003758089138781015,1.412323397542714e-05,0.00014482518243175146
1054,5.4811171895874367e-05,8.78923056294815e-06,8.694079831776207e-05,7.815156775481391e-05,-0.0008890369775027119,7.903867473846304e-07,9.023802306074025e-05,0.0032263833472712697,1.0409549503931359e-05,9.048103774600413e-05,-0.0038945802645995982,1.5167755437528463e-05,8.01033341465418e-05
1055,5.722733823820825e-05,6.906025227237933e-06,0.00024061832797180513,0.0002337123027445672,0.002639066089825816,6.9646698263037266e-06,0.0003094285544490427,0.0006365456490175267,4.0519036315078694e-07,0.0002610593906910985,0.0036535209719787574,1.3348215492259285e-05,0.00015136703877527413
1056,6.78081383745921e-05,3.829172359892663e-05,0.00019381269768477724,0.0001555209740858506,-0.0020246173719970974,4.099075503360972e-06,8.432473126895879e-05,-0.008058293103374031,6.493608773872062e-05,0.0002573383401165419,0.006770524909866549,4.58400075546983e-05,0.00023977502166883102
1057,0.00025606362913965786,4.7584452792848175e-05,0.00015603230349089023,0.00010844785069804205,-0.01113491660389231,0.0001239863677765518,0.00028357935300493686,-0.003998829375036752,1.5990636370810662e-05,4.7774735968952875e-05,-0.0016662395477882097,2.7763542311820544e-06,0.00013674282149878092
1058,-2.8081259325434735,2.7820427255538977e-05,0.00013194034934164525,0.00010411992208610628,0.005274507299903114,2.782042725579803e-05,0.0001319403493418303,0.0052745072999031166,2.7820427255575986e-05,0.00013194034934149723,0.005274507299903114,2.782042725524292e-05,0.00013194034934160825
1059,0.00018228661418095982,5.039775939804277e-05,0.00039207001254178603,0.0003416722531437433,-0.008504764097891344,7.233101236059358e-05,0.0005683587241948063,0.005525146398443513,3.052724272400997e-05,0.0004488414085094261,-0.00695233939831819,4.8335023109524755e-05,0.00015900990492112577
1060,0.00022130687101085122,8.206186992050964e-05,0.00023137972161461443,0.00014931785169410478,0.004571767624461929,2.0901059212041773e-05,0.00018542677429922438,0.004959404793074226,2.459569590151922e-05,0.0001180313628110774,-0.014166469378355162,0.00020068885464796793,0.0003906810277335415
1061,-3.0679580638444115,1.0,1.0,0.0,0.0,1.0,1.0,0.0,1.0,1.0,0.0,1.0,1.0
1062,0.00011299735133329936,2.174794213753254e-06,0.0001495503935251922,0.00014737559931143895,0.000527650605844552,2.7841516170301617e-07,0.0001462291335424526,-0.0020398899801083374,4.161151131110152e-06,0.00015455243327455737,0.001443889313083389,2.0848163484465942e-06,0.00014786961375856666
1063,0.00041954392374166094,0.00013169057546221405,0.0004824688089320646,0.0003507782334698506,0.019386138518625834,0.0003758223666634475,0.0006202351488971969,-0.003009768460375884,9.058706185172127e-06,0.00023506924207061797,-0.00319228030376447,1.019065353802251e-05,0.0005921020358283791
1064,9.741108474969895e-05,2.5582089934380232e-05,0.0002362957045942323,0.00021071361465985206,0.0003525154874637635,1.2426716877733668e-07,0.0004195135147649909,0.008143044251544843,6.630916968186629e-05,0.00015015570367371556,0.0032113599848797203,1.0312832952497075e-05,0.00013921789534399043
1065,7.319720417331421e-05,6.860753216094324e-05,0.00019035678167655945,0.0001217492495156162,0.008233496253358084,6.77904605542734e-05,0.00018293509428213284,0.00831031239148573,6.906129204375944e-05,0.0002122343172555885,-0.008304868685582075,6.89708438847969e-05,0.000175900933491957
1066,-3.0679580638444115,1.0,1.0,0.0,0.0,1.0,1.0,0.0,1.0,1.0,0.0,1.0,1.0
1067,7.686595741374092e-05,3.49273136939221e-05,0.0002497603672174664,0.00021483305352354432,0.005713893531763504,3.264857929219378e-05,0.00035141126335502815,0.005301810390751069,2.810919341944551e-05,0.00016106108974889288,-0.006635071090055796,4.4024168370127015e-05,0.00023680874854847822
1068,9.322049846793856e-05,2.634594407406136e-05,0.00028007117745532106,0.0002537252333812597,0.003711626822265386,1.3776173667379155e-05,0.0001715401264411609,0.006522072068797743,4.253742407100969e-05,0.00047981641883676485,0.004766994281958991,2.2724234483795236e-05,0.00018885698708803744
1069,-3.0679580638444115,1.0,1.0,0.0,0.0,1.0,1.0,0.0,1.0,1.0,0.0,1.0,1.0
1070,4.0510231501977856e-05,1.9951350905748438e-05,0.00011832686679595177,9.837551589020332e-05,-0.003722481179625936,1.3856866132644363e-05,9.94302006854797e-05,-0.005812522344769888,3.378541600840279e-05,0.00013220262799407134,0.003494534386199125,1.2211770576198155e-05,0.00012334777170830424
1071,-3.0679580638444115,1.0,1.0,0.0,0.0,1.0,1.0,0.0,1.0,1.0,0.0,1.0,1.0
1072,0.00012094668836437616,3.7790548469048466e-06,9.445237334141747e-05,9.067331849451263e-05,0.0007127743182637213,5.080472283980342e-07,8.204438739078945e-05,0.003263106888601804,1.0647866566793063e-05,9.81852798315197e-05,-0.00042573553464927266,1.8125074552344245e-07,0.00010312745280194324
1073,-3.0679580638444115,1.0,1.0,0.0,0.0,1.0,1.0,0.0,1.0,1.0,0.0,1.0,1.0
1074,0.00031377562636469847,4.6085464298813626e-05,0.0001656488341929737,0.00011956336989416005,-0.007543143300976066,5.6899010858924015e-05,0.00020017864493127036,0.007439633275249613,5.53481432701286e-05,0.00019441931098140852,0.005099925368834663,2.6009238767388254e-05,0.00010234854666624216
1075,0.00011518238812946446,2.1119944010513276e-05,0.00021922127898384622,0.00019810133497333293,0.006011323281481098,3.6136007593778885e-05,0.00023515660288087048,-0.003098776447726164,9.602415473541903e-06,0.0002113375048671262,0.004197786198096418,1.7621408964219043e-05,0.00021116972920354193
1076,7.547346908221009e-06,1.7514208087524945e-06,0.00030811868759272887,0.00030636726678397636,0.0010977849485473425,1.2051317934691497e-06,0.0001454420381156174,0.0018744579506677248,3.5135926088614156e-06,0.00044455170144974687,0.0007318046350969622,5.355380239269181e-07,0.00033436232321282233
1077,2.0327818297194433e-05,6.155335262307086e-06,0.00031665087930484354,0.00031049554404253643,-0.0028531483421590474,8.140455462379848e-06,0.0003877740261849505,0.00254660152952462,6.485179350090853e-06,0.0003443279540783495,-0.0019596864478959855,3.840370974450558e-06,0.00021785065765123068
1078,9.866285663562291e-05,3.325289190666177e-05,0.00013288344802549665,9.963055611883487e-05,0.0025361404782616084,6.4320085250146875e-06,8.994316076249564e-05,-0.008037217949412246,6.459687236604061e-05,0.0001689510605618061,-0.0053600181743007486,2.872979482893001e-05,0.00013975612275218818
1079,5.040443296255859e-05,1.5242364568734956e-05,0.00010603814880786692,9.079578423913197e-05,0.0022681480541700996,5.144495596298704e-06,0.00013646140784107086,-0.005037218522736145,2.537357044618549e-05,0.00010989278943107639,-0.0038998753394852907,1.5209027663720676e-05,7.176024915145351e-05
1080,0.0003414839427358096,0.00013511270456549132,0.00044531998348810536,0.000310207278922614,0.013399561440363588,0.0001795482467940035,0.0004919113916663775,-0.014918338704748207,0.00022255682970950819,0.0006168414164895442,-0.0017980648466993307,3.233037192962307e-06,0.00022720714230839434
1081,-3.0679580638444115,1.0,1.0,0.0,0.0,1.0,1.0,0.0,1.0,1.0,0.0,1.0,1.0
1082,-3.0679580638444115,1.0,1.0,0.0,0.0,1.0,1.0,0.0,1.0,1.0,0.0,1.0,1.0
1083,-3.0679580638444115,1.0,1.0,0.0,0.0,1.0,1.0,0.0,1.0,1.0,0.0,1.0,1.0
1084,0.003476918796399886,0.0015438534880802453,0.0025496554573318044,0.0010058019692515592,-0.05652358009828894,0.0031949151071276605,0.005169697137067608,0.010367550079121346,0.00010748609464306114,0.00025306179563366893,-0.036457636545310444,0.0013291592624700144,0.0022262074392941367
1085,-3.0679580638444115,1.0,1.0,0.0,0.0,1.0,1.0,0.0,1.0,1.0,0.0,1.0,1.0
1086,1.5745972868796976e-05,1.3917295071867267e-05,0.00016934676191164103,0.00015542946683977377,0.0035561979235339282,1.2646543671168686e-05,0.0001886538662955184,-0.003780823585875809,1.4294626987654269e-05,0.00018293697421023492,-0.003848469118545823,1.4810714556778848e-05,0.0001364494452291698
1087,9.123102448937992e-06,2.292924197178081e-06,0.00031164175213693746,0.0003093488279397594,0.0007643166908007068,5.841800042594159e-07,7.289803332444222e-05,0.0014897040734356537,2.2192182262958937e-06,0.00043347206560861995,0.002018755646588091,4.075374360978934e-06,0.0004285551574777502
1088,4.4803109092050875e-05,1.960580862899371e-05,0.00026543962475903776,0.00024583381613004407,-0.006674436066962194,4.454809681175842e-05,0.0003331649705260453,-0.0034513161609082423,1.1911583242429913e-05,0.00022656877797222474,-0.0015354953051642326,2.3577458327928014e-06,0.00023658512577884316
1089,4.46354354407541e-05,1.7671873203635908e-05,0.00020793246253048014,0.00019026058932684423,0.002389955281350319,5.711886246873021e-06,0.0003299357779816825,-0.005392243825368571,2.907629347226326e-05,0.00015308944323022544,0.004269360595224882,1.8227439891771446e-05,0.0001407721663795325
1090,4.2176317949338404e-05,2.4533367344907003e-05,0.00015351621696331938,0.0001289828496184124,-0.005640594035549487,3.181630107362832e-05,0.00012362305685753583,-0.004088039699215248,1.671206858211427e-05,0.00014934042228276212,0.005007168099692543,2.5071732378978417e-05,0.00018758517174966016
1091,0.00014925938726417787,7.759707159863774e-06,0.00022658841862048065,0.0002188287114606169,0.0037778128870189836,1.4271870209414672e-05,0.0002202245949382009,0.0013875354123740642,1.925254520696029e-06,0.0002509872871491181,0.002661202124883651,7.0819967494806235e-06,0.00020855337377412297
1092,0.0001109572072601761,4.074902045455205e-05,0.0001983979291982537,0.00015764890874370163,-0.008126807961821357,6.604500764839649e-05,0.0002071345524635726,0.0018674465394722373,3.4873565777360227e-06,0.00024573302525110474,-0.0072604887671483855,5.2714697137523636e-05,0.0001423262098800837
1093,4.270623831670317e-05,1.1930745177579638e-05,8.07676349729632e-05,6.883688979538356e-05,-0.0021183967728616777,4.4876048874709085e-06,3.060410185384832e-05,-0.0021349988421683,4.558220056405382e-06,9.47335404586358e-05,-0.005171693203268969,2.6746410588862624e-05,0.0001169652626064055
1094,5.165656937322627e-05,1.5569715676548117e-05,0.0005328946197261653,0.0005173249040496172,-0.002476363313336525,6.132375259815248e-06,0.0005462104085087738,0.006343272456266656,4.0237105454421496e-05,0.00040317073127893455,0.0005828089873773282,3.3966631540760517e-07,0.0006493027193907874
1095,0.00016048923870870535,9.483812608738577e-05,0.00017780177935237487,8.29636532649891e-05,0.008467582410903136,7.16999518864947e-05,0.0001594779451168371,-0.010857463079380923,0.00011788450452066002,0.00019900698798347438,0.009743198748690672,9.49299218550026e-05,0.00017492040495681316
1096,5.24027620907308e-05,1.2474149803876067e-05,0.00013307719348528332,0.00012060304368140726,-0.0049653383709147856,2.465458513867258e-05,0.0002147172354652893,-0.002635027510678526,6.943369980971781e-06,3.522818291468166e-05,-0.0024133989086127547,5.824494291983839e-06,0.00014928616207587897
1097,6.771776889535897e-05,2.266932992023296e-05,0.00010155810787504382,7.888877795481086e-05,0.007858854256912417,6.176159023107974e-05,0.00014741146791141801,0.0005122850342008432,2.62435956521756e-07,0.00013185380600200247,-0.0024462141306320208,5.983963573097384e-06,2.5409049711710985e-05
1098,-3.0679580638444115,1.0,1.0,0.0,0.0,1.0,1.0,0.0,1.0,1.0,0.0,1.0,1.0
1099,0.00024697957200103815,0.00010041488416190347,0.00028416740949184965,0.00018375252532994618,-0.0013956343200438454,1.9477951550550543e-06,0.00019339965285380956,-0.012219723767271819,0.00014932164894909672,0.0002725220111250426,0.01224643655852622,0.00014997520838155864,0.00038658056449669687
1100,4.4334445532867583e-05,2.2191565339668706e-05,0.0001460037983770738,0.0001238122330374051,-0.005390286065982983,2.905518387363859e-05,0.00015602552370641565,0.0047589225492232715,2.2647343829174105e-05,0.00016580848623226618,-0.0038564450359846376,1.4872168316193424e-05,0.00011617738519253962
1101,7.836722163645504e-06,3.5639611411323693e-06,0.00011492517866854939,0.00011136121752741701,0.0016303438536419974,2.6580210807924942e-06,0.00014772145212837984,-0.0020468310428321014,4.189517317843006e-06,0.0001344765075558252,-0.0019607001363983073,3.8443450247616084e-06,6.257757632144312e-05
1102,6.856721944858979e-05,1.194390897585329e-05,0.00012082030189812058,0.00010887639292226729,-0.0002580150762605887,6.657177964441985e-08,5.995598230645882e-05,0.0010001870515529826,1.0003741394148946e-06,0.00011364577359174177,-0.0058961666367634705,3.4764781008500556e-05,0.00018885914979616114
1103,6.426600480291533e-05,2.3809724944571602e-05,0.00020684445059726553,0.00018303472565269394,0.0019249073027695323,3.705268124987171e-06,0.00010447833379667593,0.007831691360713877,6.133538956887286e-05,0.0003320384849154756,0.002527551609757912,6.388517139854777e-06,0.00018401653307964505
1104,0.00037441537807647585,9.77984588891682e-05,0.0003278464460790831,0.00023004798718991487,-0.007939759674215612,6.303978368438212e-05,0.00027418157821246236,-0.0006101916641167919,3.72333866849317e-07,0.0002979376994221017,-0.015165198947470019,0.00022998325911627315,0.0004114200606026852
1105,2.144431531292401e-05,7.100332149678756e-06,9.512074089594129e-05,8.802040874626253e-05,-0.004235968741155768,1.7943431175670987e-05,8.977850334745963e-05,-0.0014843050807779512,2.2031615730666587e-06,0.00010258410188634937,-0.0010744318033909458,1.154403700298623e-06,9.299961745401486e-05
1106,9.018522334414136e-05,4.7846230209924734e-05,0.00025607752044431997,0.00020823129023439524,-0.005508994831072959,3.034902404908113e-05,0.00028090063238339624,0.00576042470261047,3.318249275408025e-05,0.00021763090075310743,0.00894467293010876,8.000717382661282e-05,0.00026970102819645625
1107,-3.0679580638444115,1.0,1.0,0.0,0.0,1.0,1.0,0.0,1.0,1.0,0.0,1.0,1.0
1108,2.405126763949106e-05,4.587027894224309e-06,0.00024513516200908025,0.00024054813411485595,-0.001864364163370795,3.4758537336143647e-06,0.0002458472267361511,0.0027372875798316863,7.492743294257309e-06,0.00026148759763311435,0.0016710735037225046,2.7924866548012517e-06,0.0002280706616579753
1109,2.5292811564825435e-05,5.980369921091781e-06,0.00016294195652629315,0.00015696158660520137,-0.003840544760844109,1.4749784060241744e-05,0.00018777351912102613,1.365370900623309e-05,1.8642365429144547e-10,0.00010133977927473392,-0.0017863760183998924,3.191139279379307e-06,0.00019971257118311936
1110,7.665107977905539e-05,8.43485347072163e-06,0.00013825649591274006,0.00012982164244201844,-0.00014972073347715794,2.2416297484895154e-08,9.66703885326714e-05,-0.004027490276423302,1.6220677926837013e-05,0.0002238470284612326,-0.003010226932916035,9.061466187842981e-06,9.425207074431619e-05
1111,0.00014096153490938956,7.51861435750456e-05,0.00035154109107160547,0.00027635494749655987,-0.008215378887484005,6.749245026516082e-05,0.0003196078274816383,-0.007167892875580274,5.1378688275871554e-05,0.0003835385932939861,-0.010328954070200484,0.00010668729218410444,0.000351476852439192
1112,0.00021466020640159567,7.536510076681473e-05,0.0008518258200796621,0.0007764607193128474,0.00970211119564803,9.413096165267199e-05,0.00035570928537143054,-0.010885566270316265,0.00011849555302523296,0.0005930595711112208,0.0036699846896417502,1.3468787622539224e-05,0.001606708603756335
1113,-3.0679580638444115,1.0,1.0,0.0,0.0,1.0,1.0,0.0,1.0,1.0,0.0,1.0,1.0
1114,7.522661498182703e-05,4.243609538915709e-06,4.900796876331862e-05,4.4764359224402916e-05,0.0017226704562163483,2.9675935009354504e-06,4.7931661251832125e-05,-0.0003734038463042946,1.3943043186692705e-07,4.7860134850696845e-05,0.003102225762830034,9.623804683944748e-06,5.1232110187426905e-05
1115,0.00010145332668709539,3.911850497991439e-05,0.0001971702200573485,0.0001580517150774341,0.0029875495134638846,8.925452095520647e-06,0.00015119384988659945,0.003623561771469195,1.3130199911892682e-05,0.00011984523599850583,-0.009762164869140715,9.529986293232984e-05,0.0003204715742869402
1116,0.0007276709045132002,0.00038276522546298875,0.0007364464123535974,0.0003536811868906087,0.009791893469154565,9.588117771119897e-05,0.0002851196175913673,0.023195505425880027,0.0005380314719618529,0.000950065950253598,0.02268001381649192,0.0005143830267159144,0.000974153669215827
1117,7.001789707850037e-05,2.8826447139751465e-05,0.00030859561502490546,0.000279769167885154,0.0034497242780737814,1.1900597594594053e-05,0.0002270511222656202,-0.008147061789950852,6.637461580949466e-05,0.0004260947744972876,-0.0028642849046403825,8.20412801516568e-06,0.00027264094831180863
1118,0.00012520930738413316,8.260305385003146e-05,0.00015660576277135943,7.400270892132797e-05,-0.007807129495300719,6.095127095651076e-05,0.00011163067842800967,0.009581970550882895,9.181415963865902e-05,0.00015641416146716658,0.009749037437376398,9.504373095492458e-05,0.00020177244841890207
1119,8.101075813127245e-05,2.771084904688396e-06,0.00015950920291259626,0.00015673811800790788,0.0004476681466247122,2.0040676951271763e-07,0.00015605137924012968,0.002259284106029823,5.1043646713822e-06,0.000140645435259934,-0.001734497988674434,3.0084832731702704e-06,0.00018183079423772508
1120,0.00039370537223470947,0.0001416010882564119,0.0003555926413371102,0.0002139915530806983,0.019025038320872593,0.0003619520831105172,0.0006824596506636027,0.007902149943760551,6.244397373356136e-05,0.00024605349794193376,-0.000638128455018189,4.072079251571381e-07,0.00013826477540579418
1121,0.0003330677748023536,0.00013072151932791432,0.00039225698481337723,0.0002615354654854629,0.009724100310795993,9.455812685454923e-05,0.0004475695825497672,-0.014851105580449806,0.00022055533696163643,0.0004353932052744147,-0.008777875264966291,7.705109416755729e-05,0.0002938081666159498
1122,-3.0679580638444115,1.0,1.0,0.0,0.0,1.0,1.0,0.0,1.0,1.0,0.0,1.0,1.0
1123,0.000515454324524045,9.106472873687821e-05,0.0008657335285928344,0.0007746687998559562,0.008582639068735031,7.366169338418604e-05,0.0008738976372688612,-0.01159124210195447,0.00013435689346619206,0.0011881127622629384,0.00807314061319667,6.517559936025652e-05,0.0005351901862467034
1124,4.910690228443482e-05,3.155178752123344e-05,0.0001795008253611489,0.00014794903783991545,0.0048722208021880885,2.373853554538119e-05,0.00017450352032599703,-0.004975656076287002,2.4757153389343145e-05,0.00016962699312017548,0.006794091081882614,4.6159673628975995e-05,0.0001943719626372742
1125,6.003898137718622e-05,2.880133245242167e-05,0.00018809316867629544,0.00015929183622387377,-0.0030415866235458935,9.251249188158006e-06,8.765706102764614e-05,-0.007438401276855274,5.532981355560462e-05,0.00022415069889003547,0.00467150239356577,2.1822934613502376e-05,0.0002524717461112047
1126,7.259993787722685e-05,5.669725094955188e-05,0.00015043465970676628,9.37374087572144e-05,0.007286466889187052,5.3092599726523027e-05,0.00013197182955759779,0.007931561064489284,6.290966091992978e-05,0.00015991292014672087,0.007354555880707817,5.408949220220283e-05,0.0001594192294159802
1127,-3.0376010560578335,2.978274790025696e-05,0.0001315875578508837,0.00010180480995062673,0.005457357226778634,2.9782747900219952e-05,0.0001315875578510317,-0.005457357226778634,2.9782747900330975e-05,0.0001315875578510317,-0.005457357226778636,2.9782747900219952e-05,0.00013158755785058762
1128,9.706311352664088e-06,1.223094327632938e-06,0.0003054203042418176,0.00030419720991418464,-0.0009818266940992313,9.63983656121492e-07,0.00029181630663699387,0.0010463105555962651,1.094765779474649e-06,0.00031084953807480886,-0.0012690679839568687,1.6105335473026727e-06,0.0003135950680136501
1129,-3.0679580638444115,1.0,1.0,0.0,0.0,1.0,1.0,0.0,1.0,1.0,0.0,1.0,1.0
1130,0.0002767101212799439,9.658594725422039e-05,0.0002569929713068057,0.00016040702405258533,0.008495826419373256,7.217906654799489e-05,0.00011064274155181408,-0.013171505300014388,0.00017348855186827272,0.0004790946850085076,0.006640046938577279,4.4090223346393564e-05,0.00018124148736009538
1131,0.006164724076146988,0.00588872161857031,0.033361567105360646,0.027472845486790336,0.07715645131911444,0.005953117980158407,0.033540013483062125,0.07648741392065006,0.005850324488269165,0.033238299301518115,0.07656841638223093,0.005862722387283359,0.033306388531501696
1132,6.738964321950647e-05,1.9040191965006652e-05,0.000272196674852306,0.0002531564828872993,0.0034808805251789177,1.2116529230499218e-05,0.0002970333933821623,-0.0031138419072069606,9.696011422755113e-06,0.00031348359544336457,0.005942056482534764,3.530803524176562e-05,0.00020607303573139113
1133,3.666236201615991e-05,1.2106989262572476e-05,0.00014047201445184973,0.00012836502518927725,0.003736028324299125,1.3957907639694511e-05,0.0001564799340919576,-0.0036694095178403745,1.3464566209320239e-05,0.0001505342679704036,-0.002983034350798992,8.898493938702678e-06,0.00011440184129318798
1134,2.247630087792718e-05,8.120954868166367e-06,0.00019177648372562897,0.0001836555288574626,0.002428184457815911,5.896079760203676e-06,0.00024977315138174916,0.003960121420240201,1.568256166339932e-05,0.00015112757659252463,0.0016685991671212203,2.784223180896106e-06,0.00017442872320261316
1135,0.00010275767197964747,4.293344506060374e-05,0.0001839573213762158,0.00014102387631561206,0.005610448019437648,3.147712697748606e-05,0.00021058200944457095,0.008682724776205283,7.538970953868684e-05,0.00016366098332087908,0.004683321328770466,2.1933498665638318e-05,0.00017762897136319733
1136,6.368093045427958e-05,3.328965491655733e-05,0.00027071503127847524,0.0002374253763619179,0.007351224992437819,5.4040508890351724e-05,0.00020696902116579263,-0.0052244221360406105,2.729458665573503e-05,0.0002940509790126944,0.004305098048099634,1.853386920358524e-05,0.00031112509365693874
1137,1.653886443209185e-05,5.603765403557522e-06,0.00011011922451875655,0.00010451545911519904,-0.0004491693179112649,2.0175307635650341e-07,0.00010241633783247828,0.003754717082678854,1.409790037099068e-05,5.6776056639673556e-05,-0.0015848163184876516,2.5116427633253835e-06,0.00017116527908411783
1138,0.0001554666112885128,6.789358808323431e-05,0.0001539988570894065,8.610526900617219e-05,0.008305968737784218,6.898911667330143e-05,0.0001575479584556838,-0.011050363893625771,0.00012211054218136397,0.00022495242513032032,-0.003546985395466043,1.258110539503754e-05,7.949618768221534e-05
1139,6.742143329019346e-05,2.2877475910010325e-05,0.00035736199782550787,0.00033448452191549755,-0.007358510726088409,5.414768010569837e-05,0.0005232042114806656,-0.0028877362311187822,8.339020540648612e-06,0.0002687654699102815,0.002479057700763534,6.145727083683994e-06,0.0002801163120855765
1140,0.00011738790556370393,3.63893250153365e-05,0.0002987007107389343,0.0002623113857235978,0.009699476005345016,9.407983477804915e-05,0.00038801327190474133,-0.0017701533177355707,3.1334427682550015e-06,0.00010662122235571836,0.0034575565794232746,1.1954697499705347e-05,0.0004014676379563431
1141,4.8082689288464486e-05,1.747016734658195e-05,0.00025611742741996996,0.00023864726007338802,-0.00494249836246387,2.442829006310543e-05,0.0001484381025215198,-0.0015389819809610448,2.3684655376943198e-06,0.00019708700238862953,0.005061002513190609,2.5613746438946094e-05,0.0004228271773497605
1142,4.1029149015159305e-05,1.930374982139771e-05,0.00011650253214308866,9.719878232169095e-05,-0.00407527745013689,1.660788629576082e-05,6.859584108231953e-05,0.0023832908515470145,5.680075282787911e-06,8.468462577926328e-05,-0.005968524766265368,3.5623287885644395e-05,0.00019622712956768318
1143,-3.0679580638444115,1.0,1.0,0.0,0.0,1.0,1.0,0.0,1.0,1.0,0.0,1.0,1.0
1144,5.161736771530645e-05,2.2694025342976747e-05,0.00020577203662874854,0.0001830780112857718,0.005716030529206925,3.2673005011307765e-05,0.00027350864651842777,-0.0020448392035052154,4.181367368460975e-06,0.00014055050391681423,0.005588175341670996,3.12277036491615e-05,0.00020325695945100364
1145,0.00018371437970954307,0.0001006223266739233,0.0002932803315258692,0.0001926580048519459,0.011854778476608374,0.0001405357727295442,0.0003859303154871707,-0.011757314006181945,0.00013823443263993873,0.000384132994398767,0.004805910387473913,2.309677465228699e-05,0.00010977768469166982
1146,0.00015231802859794197,4.7042062943443895e-05,0.00013950665781825577,9.246459487481187e-05,0.0005646362283796087,3.188140705878695e-07,0.00011477300975504257,0.0104547658436265,0.00010930212884563417,0.00019818642967683875,0.005612953403876909,3.1505245914109636e-05,0.00010556053402288601
1147,5.614492154049078e-05,3.469142501573893e-05,0.00012967663546203934,9.49852104463004e-05,0.006191923491690099,3.8339916526797246e-05,0.0001302748889042693,0.005382459539621497,2.8970870695532724e-05,0.00011371018777539543,0.006063290181478192,3.676348782488681e-05,0.00014504482970645327
1148,0.0038945413486666247,0.0022354782398213238,0.004102196811806087,0.0018667185719847637,0.02061609781434678,0.0004250234890905702,0.0006934333908940049,0.050666095117056165,0.002567053194410751,0.004806249572041232,0.060945533355305684,0.0037143580359626505,0.006806907472483026
1149,3.205933525840532e-05,4.301960851845384e-06,0.00013884726031324993,0.00013454529946140453,0.0020431217406437054,4.174346446172983e-06,0.0001360587166392424,0.002351372805346045,5.528954069244918e-06,0.00015421140328819583,-0.0017895759385699195,3.2025820401182514e-06,0.00012627166101231158
1150,0.00023077555466821664,3.561867768967867e-05,0.00023339927832277674,0.00019778060063309807,0.0012754505944295685,1.6267742186659717e-06,0.0001622731901125274,0.007502545307888028,5.6288186097486204e-05,0.00018780870410639583,0.006995789644723099,4.894107275288384e-05,0.000350115940749407
1151,-2.8012886193802045,9.808237499705127e-06,0.00015035697571430529,0.00014054873821460015,-0.0038631200497918385,1.4923696519009155e-05,0.00020676630417026942,0.0035426585254572478,1.2550429427160559e-05,0.00019739912719629604,0.001396634008336824,1.9505865529456656e-06,4.690549577635039e-05
1152,7.138453777499887e-05,1.957889971293536e-05,0.0001413905218502487,0.00012181162213731334,-0.0005804295495906603,3.3689846157258785e-07,0.000159596469679113,-0.007221721273913016,5.2153258158327276e-05,0.00013587211400867272,-0.002499308408238554,6.246542518906217e-06,0.00012870298186296036
1153,2.4022459814365682e-05,2.999709359537602e-06,0.0003670120037468176,0.00036401229438728,-0.0003001505986452295,9.009038193230623e-08,0.00029925892890381167,0.0029771342920161836,8.863328592956243e-06,0.0005647175611547262,0.00021379687566528644,4.5709103724256295e-08,0.00023705952118191487
1154,0.00020920828766213262,9.197943450078849e-05,0.00024143018632283297,0.00014945075182204448,-0.009846436798048905,9.695231761785994e-05,0.0001775272893701496,0.010368416970830182,0.00010750407048110144,0.00037108936905239087,0.008454697830415345,7.14819154034041e-05,0.00017567390054595844
1155,6.14174244384369e-05,2.3350162884165176e-05,0.00015483540477467805,0.0001314852418905129,0.0063237063767887704,3.998926234005662e-05,0.00010050042885878518,0.004099554959085109,1.6806350862652586e-05,0.00013890666516735983,0.003640724577586568,1.3254875449786319e-05,0.00022509912029788914
1156,5.369259949905558e-05,1.4442908858177303e-05,0.0003645596934301887,0.0003501167845720114,-0.0007810302938900182,6.100083197457806e-07,0.0006516958227300584,-0.006325516405721225,4.001215779858569e-05,0.00022097601477066853,0.0016451627447614063,2.7065604562004353e-06,0.00022100724278983908
1157,2.6017859185545333e-05,1.1132624780733439e-05,0.0002574654463997443,0.0002463328216190108,-0.003353379312525339,1.12451528136992e-05,0.0005367208067154072,0.0033250246161337276,1.1055788698088875e-05,0.00013970950599295762,-0.003331205912319752,1.1096932830412243e-05,9.596602649086794e-05
1158,6.168727246902428e-05,2.222539182587339e-05,0.00016288544228907723,0.00014066005046320385,0.00018265282498944663,3.3362054563390586e-08,4.504512597103272e-05,0.005089972435993831,2.5907819399151322e-05,0.00028613542306321627,0.006382397200407968,4.073499402390546e-05,0.00015747577783298272
1159,-3.0679580638444115,1.0,1.0,0.0,0.0,1.0,1.0,0.0,1.0,1.0,0.0,1.0,1.0
1160,7.040891127263471e-05,3.634094162722571e-05,0.00038977443700497866,0.0003534334953777529,0.007353237157345557,5.407009669300411e-05,0.00040834255756694304,-0.004833336840111877,2.3361145010336593e-05,0.0003862312775995136,0.005620639036477106,3.1591583178336435e-05,0.0003747494758484793
1161,-3.0679580638444115,1.0,1.0,0.0,0.0,1.0,1.0,0.0,1.0,1.0,0.0,1.0,1.0
1162,0.0003825284635515791,0.00013066472577164903,0.0003998582072503032,0.0002691934814786542,-0.018960175682391993,0.0003594882619074591,0.0010201875590903908,0.005615507849496947,3.1533928407712075e-05,0.00011459555050585823,-0.0009858940105301466,9.719869997759645e-07,6.47915121546605e-05
1163,0.00021535331398492286,0.00012611791701825728,0.00021812979573369398,9.20118787154367e-05,-0.012096240996058338,0.00014631904623441105,0.00022560994269571477,0.007880011402953394,6.209457971051435e-05,0.00011493274572071943,-0.01303610851096081,0.00016994012510984646,0.00031384669878464777
1164,0.00013066528573124625,2.5162136930637995e-05,0.00016754891578359596,0.00014238677885295797,0.004974026222017009,2.4740936857337026e-05,0.00012563461745218607,0.004311247352357706,1.8586853732793784e-05,0.00018140659924070768,0.00567085709584829,3.215862020178317e-05,0.0001956055306578941
1165,0.00039019152168073834,0.00012965373401674363,0.00031246999620682114,0.00018281626219007752,-0.004364627035113092,1.9049969155582325e-05,0.00013688545985446332,0.019188606014819157,0.00036820260079184486,0.0006593591076602401,-0.0013071465498422803,1.7086321028036977e-06,0.00014116542110576003
1166,0.007055772424680029,0.0035615152973648887,0.012629912505155291,0.009068397207790402,-0.08127901596273157,0.006606278435869917,0.016819372923894682,0.04853262094323144,0.002355415295619445,0.014287019874261175,0.04150725431301359,0.0017228521606053038,0.006783344717310014
1167,0.00024951622872793067,7.474783730983721e-05,0.00033477054648245463,0.00026002270917261744,-0.005595364583335423,3.1308104820437777e-05,0.0001716815958227036,0.008621640348676815,7.433268230194745e-05,0.00017351708890489537,-0.010890487813089345,0.00011860272480712641,0.0006591129547197649
1168,1.960573446257996e-05,2.677259569224451e-07,0.0001430211414444882,0.00014275341548756573,-0.00027367261897206076,7.489670261762171e-08,0.00010089901782883715,-0.0004849461306778389,2.351727497185152e-07,0.00011841371866838646,0.0007022167889998515,4.931084184311985e-07,0.00020975068783624096
1169,5.134067013279342e-05,1.9154425806910957e-05,0.0001894382121389778,0.00017028378633206684,-0.0022166434916367455,4.91350836928639e-06,0.0002482178352876119,-0.0027565930277976274,7.598805120911933e-06,0.00017712818738579994,-0.006704548003451486,4.495096393053455e-05,0.00014296861374352154
1170,1.1107270467269892e-05,1.8355932744536692e-06,0.0002276623149237341,0.00022582672164928042,-0.0017700549720601041,3.133094603424702e-06,0.0002677311270304905,0.0011601114625671403,1.3458586060055566e-06,0.00021210451465014657,-0.0010138178407408987,1.027826613930749e-06,0.00020315130309056517
1171,0.00012208604684482705,1.524980713988692e-05,0.00014270501331270502,0.0001274552061728181,-0.0020816310617633835,4.333187877181288e-06,0.00014400835004646506,-0.003610190713963743,1.303347699133095e-05,0.00010612684603317213,0.005327546954387478,2.8382756551148525e-05,0.00017797984385847787
1172,-3.0679580638444115,1.0,1.0,0.0,0.0,1.0,1.0,0.0,1.0,1.0,0.0,1.0,1.0
1173,0.00019709299976378158,1.9399835227177736e-05,8.169803488559484e-05,6.22981996584171e-05,-0.006390626831450985,4.084011129878995e-05,9.838596729916382e-05,0.0034121698066219993,1.1642902789654741e-05,8.318796163353515e-05,0.0023909185667268873,5.716491593088513e-06,6.352017572408553e-05
1174,9.569156496735953e-05,4.8117859528333064e-05,0.00020990532867615208,0.00016178746914781902,0.004520010287500465,2.04304929990462e-05,0.0003034640596292215,-0.009745920601275286,9.49829683664083e-05,0.00019578998874836273,-0.005379601957409439,2.8940117219544703e-05,0.000130461937650872
1175,-2.9909716442494063,2.1304154413666804e-05,0.00012049946973998378,9.919531532631698e-05,-0.00461564236194085,2.1304154413259724e-05,0.00012049946974002079,-0.004615642361940849,2.130415441303768e-05,0.00012049946973913261,-0.004615642361940851,2.1304154414703014e-05,0.00012049946974079795
1176,0.000277341392783681,7.891515201537598e-05,0.0002095079962212513,0.0001305928442058753,-0.012668631282611089,0.00016049421857400326,0.0003792925658034907,-0.00848555251699612,7.200460151857158e-05,0.00020397308875519382,0.002060736750188067,4.246635953553124e-06,4.525833410506941e-05
1177,0.00016300451373474356,0.00014987141126598935,0.00047771209705445755,0.0003278406857884682,-0.012044297755983164,0.00014506510843514953,0.00046196185555347213,0.012638002177170336,0.00015971909903045312,0.0005053990068868419,0.01203453473683812,0.00014483002633236541,0.00046577542872305866
1178,0.0001802260906585973,8.290729060981643e-05,0.0001792747686263733,9.636747801655686e-05,0.004908153153735603,2.4089967380569455e-05,0.0001141501175031534,-0.011899847878331643,0.00014160637952753685,0.0002903548845037962,-0.009111834333501545,8.302552492134296e-05,0.00013331930387217028
1179,4.977942460482332e-05,4.039993199496846e-06,0.00011424669789465251,0.00011020670469515567,0.0016508744341564676,2.725386398227947e-06,6.073732810263355e-05,0.0006396928477213004,4.0920693811230535e-07,9.738594011643453e-05,-0.0029975633876533647,8.985386262150286e-06,0.00018461682546488944
1180,-3.0679580638444115,1.0,1.0,0.0,0.0,1.0,1.0,0.0,1.0,1.0,0.0,1.0,1.0
1181,-3.0679580638444115,1.0,1.0,0.0,0.0,1.0,1.0,0.0,1.0,1.0,0.0,1.0,1.0
1182,-3.0679580638444115,1.0,1.0,0.0,0.0,1.0,1.0,0.0,1.0,1.0,0.0,1.0,1.0
1183,-3.0181099974669836,3.332753247609066e-05,0.00012931123754511553,9.598370506902487e-05,0.005773000301092805,3.3327532475868615e-05,0.0001293112375450045,0.0057730003010927995,3.332753247753395e-05,0.00012931123754655882,-0.005773000301092808,3.3327532474869415e-05,0.00012931123754378326
1184,5.626572981354272e-05,2.167236659689209e-06,0.0002012745660047536,0.0001991073293450644,-0.002171684020041128,4.7162114831245106e-06,0.00022067462466190957,-0.0013295540927199432,1.7677140857763618e-06,0.0001875635165426992,0.00013335820248098327,1.7784410166754583e-08,0.00019558555680965206
1185,0.00010223421409460975,4.02647998041609e-05,0.00024212773188207284,0.00020186293207791195,-0.0057393099908822085,3.2939679171284375e-05,0.00025529377291400035,0.009149491720233955,8.371319873867744e-05,0.0002794079290584506,-0.002035072849464028,4.141521502520895e-06,0.00019168149367376763
1186,1.0420019510237744e-05,1.1288615026083804e-06,0.0003034464833163349,0.0003023176218137265,0.0006934065245790765,4.808126088384768e-07,0.00028897563989382924,0.001184288237891701,1.4025386304572507e-06,0.00029154206479686806,-0.0012260641369647135,1.5032332685294136e-06,0.00032982174525830743
1187,-3.0679580638444115,1.0,1.0,0.0,0.0,1.0,1.0,0.0,1.0,1.0,0.0,1.0,1.0
1188,0.00029489053330700177,0.00012999879230028247,0.00039873466739759333,0.0002687358750973109,0.01675189776255518,0.0002806260786470949,0.0006935433697763393,0.001911717358921903,3.654663260022062e-06,0.00019377795230290928,0.01028181088104712,0.00010571563499373049,0.00030888268011353137
1189,-3.0679580638444115,1.0,1.0,0.0,0.0,1.0,1.0,0.0,1.0,1.0,0.0,1.0,1.0
1190,2.053987474426311e-05,6.528169305723234e-06,0.00014395032835301524,0.00013742215904729202,0.0012295405660888254,1.5117700036260118e-06,9.066349400155271e-05,-0.0014911236797040834,2.223449828031576e-06,0.00011104982032594801,-0.0039811164370752595,1.5849288085512114e-05,0.000230137670731545
1191,4.635312522671686e-05,2.1438975281432942e-05,0.0001714223204638543,0.00014998334518242137,-0.004392220658511828,1.929160231273208e-05,0.00020902538131362114,-0.004564855270104817,2.0837903637382915e-05,0.00019781996912260347,-0.004918070749213989,2.4187419894183826e-05,0.00010742161095533831
1192,0.0001509840355214953,5.093908514767579e-05,0.00042349844912981105,0.00037255936398213524,0.0035234196805012247,1.2414486245115874e-05,0.0005468211357395614,0.002607323374606606,6.798135179786335e-06,0.00017082111861321803,0.011558747078219044,0.00013360463401812517,0.0005528530930366538
1193,-3.0679580638444115,1.0,1.0,0.0,0.0,1.0,1.0,0.0,1.0,1.0,0.0,1.0,1.0
1194,0.0011949720297707023,0.00025355075682242934,0.0005885925316448567,0.00033504177482242736,0.004426674698675133,1.959544888807674e-05,0.0002717140806337559,-0.02552089589759977,0.0006513161274158685,0.0009470919825316226,0.009473156504739086,8.974069416334274e-05,0.0005469715317691914
1195,8.28560665795397e-05,2.8016296444000055e-05,0.00011887037592580214,9.085407948180209e-05,-0.0012563049135911315,1.578302036175927e-06,9.604103706961631e-05,0.0013423181710878677,1.80181807252211e-06,8.602241100597041e-05,0.008981579439223947,8.066876922330213e-05,0.00017454767970181972
1196,-3.0679580638444115,1.0,1.0,0.0,0.0,1.0,1.0,0.0,1.0,1.0,0.0,1.0,1.0
1197,1.8879701804253024e-05,9.012647074313485e-06,0.0003166237011178093,0.0003076110540434958,0.0028021892628073684,7.852264664709452e-06,0.0004228084472777116,0.003507114289998892,1.2299850642771837e-05,6.635951878763979e-05,0.0026240857294927956,6.885825915459165e-06,0.00046070313728807655
1198,1.598130262947528e-05,6.161015245679617e-06,0.0003826746415505067,0.00037651362630482704,-0.002213156263669732,4.898060647962055e-06,0.0005443541377476713,0.0027742342069205454,7.696375434407265e-06,0.00013711378229430693,-0.0024266457620228106,5.88860965466953e-06,0.00046655600460954183
1199,2.3415760613487713e-05,6.7213417970594476e-06,0.00018842923660700173,0.0001817078948099423,-8.364954602833335e-05,6.997246670970014e-09,9.021867797132099e-05,0.004150154067234262,1.7223778781549903e-05,0.0001853111384643169,-0.0017126731628723723,2.9332493629574685e-06,0.0002897578933853673
1200,9.23366746808929e-05,2.6875027821948727e-05,0.00024045397538393262,0.0002135789475619839,-0.005928838853527657,3.5151130150734566e-05,0.0002959320370422569,-0.002835948251656925,8.042602486102446e-06,0.00014640122900055896,0.006118116608008756,3.743135082900917e-05,0.000279028660108982
1201,0.000144251593651612,9.722188264664015e-05,0.0003234127581692355,0.00022619087552259531,0.011211051763323938,0.00012568768163989663,0.0003082890086915091,0.007488086470029948,5.607143898256339e-05,0.00030926646955509174,-0.010483631399371357,0.00010990652731746042,0.00035268279626110566
1202,1.9149107489235817e-05,6.238770803412841e-06,0.00021733921091900607,0.00021110044011559323,0.0006711632875461114,4.504601585075818e-07,0.00019981220451692483,-0.004066396045820231,1.6535576801923746e-05,0.0002864333410286246,0.0013153993498302263,1.7302754498071948e-06,0.00016577208721146874
1203,-3.0679580638444115,1.0,1.0,0.0,0.0,1.0,1.0,0.0,1.0,1.0,0.0,1.0,1.0
1204,0.6909748824865767,0.3432574738968442,0.6599937433624614,0.3167362694656172,-0.29510288810451596,0.08708571456762648,0.6066274490305396,0.8138486562500746,0.6623496352800524,0.736266514648771,-0.5294686693685036,0.28033707184285384,0.6370872664080736
1205,0.00010166509183195949,2.2077422198137537e-05,0.00019480626728829442,0.00017272884509015687,0.004922299981763277,2.422903711007951e-05,8.59421775543101e-05,0.0026205192722342594,6.86712125597122e-06,0.00020926961456424475,0.0059275718661812304,3.5136108228361884e-05,0.0002892070097463284
1206,0.00010702135056372963,3.001755940142588e-05,0.00025393686466020543,0.00022391930525877954,0.001507589394860638,2.2728257838000587e-06,0.0002997501163085614,-0.009218176090181829,8.497477042923585e-05,0.00014698089677533943,0.001674837900066694,2.8050819912417424e-06,0.0003150795808967155
1207,0.0004627587644662201,0.00019560820048262575,0.0004896226296745206,0.0002940144291918949,-0.02058665975395157,0.00042381055982476656,0.0006291389775047174,0.012272137351512566,0.00015060535517441576,0.0003493846280354651,-0.0035225965492643027,1.2408686448694972e-05,0.0004903442834833793
1208,-2.8536926509518827,3.1249781206832417e-05,0.00013579375865861257,0.00010454397745178015,0.00559015037421728,3.124978120738753e-05,0.00013579375865913068,-0.005590150374217283,3.1249781207165483e-05,0.00013579375865835352,0.005590150374217281,3.124978120594424e-05,0.00013579375865835352
1209,-3.0679580638444115,1.0,1.0,0.0,0.0,1.0,1.0,0.0,1.0,1.0,0.0,1.0,1.0
1210,1.9032902285998077e-05,6.2071080932923905e-06,0.0001775665661185218,0.00017135945802522942,-0.00395175345115626,1.5616355338421428e-05,0.0002543815013574813,-0.0008237315965654827,6.785337423043103e-07,0.00014942213294777407,0.0015252656161980236,2.326435199151433e-06,0.00012889606405031007
1211,0.0002266184794890158,2.9877908125327164e-05,0.00012428151844608623,9.440361032075907e-05,0.005311903262042236,2.8216316265150532e-05,0.00016694416991591687,0.007812085613231619,6.1028681628383374e-05,0.00011042920004600276,-0.0006234793359178472,3.887264824475878e-07,9.547118537633903e-05
1212,-3.0679580638444115,1.0,1.0,0.0,0.0,1.0,1.0,0.0,1.0,1.0,0.0,1.0,1.0
1213,2.0454497145161454e-05,8.520953950837592e-06,0.00014210357165570878,0.00013358261770487118,0.0024584181161223656,6.043819633427816e-06,0.00012871416605364505,-0.003023976407811583,9.144433314678402e-06,0.0001026118277227539,-0.003220963971255872,1.0374608904406557e-05,0.0001949847211907274
1214,7.304769299487646e-05,3.9789903917693735e-05,0.0003691903873845141,0.0003294004834668204,-0.00617466896145697,3.812653678325617e-05,0.0002553852540149171,-0.003438741358722282,1.182494213314289e-05,0.00036395805772226897,-0.008331760488415618,6.941823283668214e-05,0.0004882278504163562
1215,5.098583813312185e-05,1.7487925416004302e-05,0.00041359721524725224,0.00039610928983124793,-0.005257241969682631,2.763859312782113e-05,0.0003150022709926814,0.0042373566199061215,1.7955191124241487e-05,0.0004540434051161224,-0.0026210669574902824,6.869991995950286e-06,0.0004717459696329529
1216,1.1102230246251565e-16,1.0,1.0,0.0,0.0,1.0,1.0,0.0,1.0,1.0,0.0,1.0,1.0
1217,2.2595353437182553e-05,8.477966743784352e-06,0.00019246556306606877,0.00018398759632228442,-0.0025176007586891185,6.338313580322996e-06,0.00021534627216046598,0.004062631010464916,1.6504970726916035e-05,0.00026142182817001647,0.001609539040833013,2.590615924114026e-06,0.00010062858886772386
1218,5.692705502269302e-05,1.6281531481402805e-05,0.0005489599527030246,0.0005326784212216218,0.004824585243196467,2.3276622768797495e-05,0.0006820777640031972,0.003169465178190136,1.0045509516110052e-05,0.0006392184269016221,-0.0039398556012797716,1.5522462159300865e-05,0.00032558366720425447
1219,0.00011398807216522755,2.4874813494483543e-05,0.00014650208483165303,0.00012162727133716948,-0.0024654359635020366,6.07837449118076e-06,0.00016898277603127898,-0.007302411506055221,5.3325213803412375e-05,0.00014281612477162753,0.0039013910582665996,1.5220852188857492e-05,0.00012770735369205255
1220,0.0002337901254180208,3.270344326219051e-05,0.00018720321740006707,0.00015449977413787655,-0.009702880298902896,9.414588609457653e-05,0.00022452772504366614,0.0010041532215806861,1.0083236920976901e-06,0.00017110829172828357,0.0017193370815580694,2.956119999897311e-06,0.0001659736354282515
1221,0.00016191994072189964,0.0001088688649643806,0.00016047011845110593,5.1601253486725326e-05,-0.004994463612410573,2.4944666775494895e-05,0.00010250149151547205,0.01218525037281202,0.00014848032664815936,0.0001935554992573696,-0.012376655504200623,0.00015318160146948756,0.00018535336458047613
1222,7.381217423718667e-05,2.561472036484898e-05,0.00018446689158494825,0.00015885217122009926,0.0036800493037037964,1.3542762877905012e-05,0.00016155516339144693,0.007536342114301531,5.679645246337017e-05,0.0002136313409540902,-0.002550479514404329,6.5049457532717625e-06,0.00017821417040930765
1223,9.24551608316726e-05,1.5996751125180175e-05,0.0002407722102409545,0.00022477545911577432,-0.004455313840735216,1.9849821418893576e-05,0.00022434178241914626,0.001706431592916042,2.911908781988437e-06,0.00022366886993507862,0.005022800331929503,2.5228523174658513e-05,0.00027430597836863857
1224,0.04598867081347857,0.018570671896702733,0.059472737712029024,0.040902065815326294,0.21370266086829354,0.045668827262188794,0.140439870498426,0.07094435575969138,0.005033101614157709,0.013640651678257676,-0.07078196672713809,0.005010086813761694,0.024337690959403413
1225,-2.8619680975734423,1.4691905628934817e-05,9.469309695294321e-05,8.00011913240084e-05,0.0037105911085161744,1.3768486374465816e-05,9.162765314651988e-05,0.004170154055882888,1.7390184849808143e-05,0.00010031621142492231,-0.0035940291683457045,1.291704566253049e-05,9.213542628738747e-05
1226,6.742637789014516e-05,2.843910337328263e-05,0.00019303207604959294,0.00016459297267631032,0.004132910363683977,1.708094807462146e-05,0.00011459272400793363,-0.0011932566319311894,1.4238613902373132e-06,0.00011137305138664289,-0.008173891402143026,6.681250065498912e-05,0.0003531304527542023
1227,3.454661518542679e-05,3.1429290147100275e-06,0.00031655086759833456,0.00031340793858362453,0.0005046494124098885,2.5467102970910815e-07,0.00025887190305184937,0.000986442388846035,9.730685869291378e-07,0.0002877485031868021,-0.002863747095560545,8.201047427491837e-06,0.00040303219655635214
1228,1.3507360330899942e-05,4.563571019966517e-06,0.00021760848767001426,0.00021304491665004774,-0.0030316794519815054,9.191080298731613e-06,0.00022366133519957643,0.002079740287939546,4.325319666098615e-06,0.0002501916037532803,0.0004175081985277363,1.743130950693228e-07,0.000178972524057186
1229,7.7245411085336e-05,2.7637967239591e-05,0.0002342891828876296,0.0002066512156480386,0.006110623056544246,3.7339714138995284e-05,0.00016800878032530164,-0.004764625442713383,2.2701655609580484e-05,0.00040082269394914327,-0.0047825235984936005,2.287253197019723e-05,0.0001340360743884439
1230,6.698017227424469e-05,2.0481397283537522e-05,0.00022554812969854954,0.00020506673241501203,-0.00471484901710924,2.222980125443641e-05,0.0001918459437039166,0.0007230525135645539,5.228049374528254e-07,0.0002215365661111246,0.006220256076635934,3.8691585658723326e-05,0.0002632618792806074
1231,0.00010388988537890498,1.4429427421802643e-05,0.00010456233412233414,9.013290670053149e-05,-0.006527972337143701,4.2614422834708066e-05,0.00021478648885531193,-0.0004126884811835208,1.703117824547462e-07,4.785697017184454e-05,-0.0007096109132231865,5.035476482451173e-07,5.1043543339845954e-05
1232,0.00011958145920298868,8.428407563221274e-05,0.0003032248723569368,0.00021894079672472405,0.010516722374447857,0.00011060144950147954,0.0002464928715028014,-0.009709746952054142,9.427918587312512e-05,0.0003332935155651029,-0.006926152721541637,4.797159152203356e-05,0.000329888230002906
1233,9.628627878255358e-05,7.871521293278949e-05,0.00019385372513195756,0.00011513851219916807,-0.009437527986643074,8.906693449861613e-05,0.00021830065368411145,0.008620402537296474,7.431133990520866e-05,0.00018649582927743324,-0.00853037891272337,7.276736439454368e-05,0.00017676469243432802
1234,-3.0679580638444115,1.0,1.0,0.0,0.0,1.0,1.0,0.0,1.0,1.0,0.0,1.0,1.0
1235,9.6895415283349e-05,1.9442298747285314e-05,0.0001542535617213107,0.00013481126297402538,0.006171858565232478,3.809183814917905e-05,0.0001860722999585951,-0.004404429969466127,1.93990033555691e-05,0.00021395014956038239,-0.0009143602885775923,8.360547371077942e-07,6.273823564495462e-05
1236,3.770498841204617e-05,9.311041263633987e-06,0.00016668439106722518,0.0001573733498035912,0.003941603683258508,1.5536239595936863e-05,0.00012407680289328038,-0.0034824224729594184,1.2127266280193005e-05,0.0001298691015922948,0.0005192474501568417,2.696179147720912e-07,0.00024610726871610034
1237,2.372610752876536e-05,1.487654277284219e-06,4.0972550747716184e-05,3.948489647043196e-05,-0.001015779574055546,1.0318081425930714e-06,6.0305564893559094e-05,-0.001696789080444325,2.87909318319457e-06,3.053938152319802e-05,0.0007430084159412933,5.520615060650158e-07,3.2072705826391434e-05
1238,-3.0679580638444115,1.0,1.0,0.0,0.0,1.0,1.0,0.0,1.0,1.0,0.0,1.0,1.0
1239,-3.0679580638444115,1.0,1.0,0.0,0.0,1.0,1.0,0.0,1.0,1.0,0.0,1.0,1.0
1240,2.2337480249379205e-05,8.033210053122927e-06,0.00019375036904415813,0.0001857171589910352,0.00468069750740595,2.1908929155878276e-05,5.6190726067106844e-05,-0.0014617205566875538,2.1366269861156084e-06,0.00034341007984162175,0.00023253820561073112,5.407401737489437e-08,0.00018165030122374581
1241,-2.6328363491146454,1.65999466571846e-05,0.00012653567936693477,0.00010993573270975017,0.005013681346696573,2.5137000646102692e-05,0.00013294214676551341,-0.00038781031521940287,1.5039684020390354e-07,0.00010586537166246135,-0.004951004189537267,2.45124424852472e-05,0.00014079951967282955
1242,7.62619440777268e-05,1.8469782392616096e-05,0.0001396449940325173,0.00012117521163990119,0.0025863675571608587,6.689297141981854e-06,8.761661141787336e-05,-0.0055939481442452785,3.129225584064255e-05,0.00018985703466922743,0.004174660967732427,1.742779419522389e-05,0.00014146133601045108
1243,8.871509262309285e-05,6.642203304411491e-06,0.00010995787595931746,0.00010331567265490596,0.003742419350992908,1.4005702598685055e-05,0.0001213648142542878,0.0008434333240440383,7.113797723112825e-07,7.822385213296368e-05,-0.002282438946040331,5.209527542238135e-06,0.0001302849614907009
1244,0.0002931255053266746,8.07085640987711e-05,0.00028213508761513556,0.00020142652351636447,0.010082405990771946,0.00010165491056246534,0.0002511698677498675,0.00925314076007808,8.562061392558551e-05,0.00029094248927796773,-0.007406089913590656,5.485016780826246e-05,0.0003042929058175714
1245,9.201965820293534e-05,6.078692659764832e-05,0.0002966939704048451,0.00023590704380719676,-0.008443335391610896,7.12899125349109e-05,0.0002714545048273509,-0.008484048434883897,7.19790778449525e-05,0.0004777768254271564,0.00625234271392976,3.909178941308156e-05,0.000140850580960028
1246,-3.0679580638444115,1.0,1.0,0.0,0.0,1.0,1.0,0.0,1.0,1.0,0.0,1.0,1.0
1247,0.00021971533963416334,8.356112969498675e-05,0.00019358796395548458,0.00011002683426049784,-0.008958195816968,8.024927229555168e-05,0.0001684600214966192,0.005170028468695933,2.6729194367858256e-05,0.00017291573989519637,0.011987698795904422,0.0001437049224215503,0.00023938813047463814
1248,-2.9704452852738474,2.624332533877431e-07,0.00012068995193007896,0.00012042751867669121,-0.0005122823958566533,2.624332519074457e-07,0.00012068995192859866,-0.0005122823958566528,2.6243325412789176e-07,0.0001206899519308191,-0.000512282395856653,2.6243325412789176e-07,0.0001206899519308191
1249,3.949674259540181e-06,1.806959025037654e-06,0.0001598569786741185,0.00015805001964908083,-0.0012304387855877849,1.5139796050167575e-06,0.00014081875004634536,0.0016841287906230085,2.8362897834810497e-06,0.00010253595837694807,-0.001034701738046295,1.0706076866151548e-06,0.00023621622759906202
1250,0.0006234717598246897,0.0002806871291504513,0.0012490718612075586,0.0009683847320571073,-0.014348431850319183,0.0002058774965630894,0.0018708685911323908,0.018946059790305916,0.000358953181577748,0.0007307150187205735,0.016650246524019002,0.0002772307093105164,0.0011456319737697118
1251,7.115625259523917e-05,2.393603097309664e-05,0.00022870388182649748,0.00020476785085340085,0.0032904933033105445,1.0827346178743369e-05,0.00024406066346782662,-0.004727478170367744,2.234904985110031e-05,0.00014942633493508772,-0.0062154402007580335,3.863169688944623e-05,0.0002926246470765781
1252,0.00022401455881737586,4.098875933866708e-05,0.00027586793614842176,0.00023487917680975468,-0.0016972941727424948,2.8808075086539375e-06,0.00020307810317732322,-0.0008368104948397492,7.002518043197625e-07,5.3480728988919424e-05,-0.01092635431894076,0.00011938521870302754,0.0005710449762790226
1253,0.0005209011870015434,0.00021414152571682296,0.00037561928915752496,0.000161477763440702,0.01635914700562664,0.0002676216907520068,0.0004115460722249331,0.014773852415870235,0.00021826671520608354,0.000348936179421222,-0.012511441611268201,0.0001565361711923785,0.00036637561582641975
1254,0.00028614066214038836,7.606855691374055e-05,0.0003056837490164055,0.00022961519210266496,0.0054958726035557685,3.0204615673823376e-05,0.000139427098160394,-0.00986960906517872,9.74091830990842e-05,0.0003631095042495591,0.010029549938480846,0.0001005918719683141,0.00041451464463926335
1255,-2.910625108887435,3.7998998478524135e-06,0.00010578767293475029,0.00010198777308689788,0.002017641409870018,4.07087685871943e-06,0.00010200171148688764,-0.0020274124198884228,4.110401120582807e-06,0.00011385379249340133,0.0017939959768598385,3.218421564255003e-06,0.00010150751482396192
1256,0.0002709518906830466,2.6134759124496476e-05,0.0001983501430964374,0.00017221538397194092,-0.008200522102709223,6.724856275697189e-05,0.0002664936942917695,0.00010230948142449856,1.0467229971666825e-08,0.00019788708645285258,-0.0033384498479249185,1.1145247386545876e-05,0.0001306696485446901
1257,1.2585194139491662e-05,3.0202453859725273e-06,0.00015182661704608394,0.0001488063716601114,-0.0011108238818548996,1.2339296964203328e-06,0.0002309408928039547,-0.0003818100597751161,1.457789214898142e-07,0.00010100510315069755,0.0027714666767754063,7.681027540007435e-06,0.0001235338551835996
1258,8.267871104283842e-05,2.7629665167857215e-05,0.00027664184953613,0.0002490121843682728,-0.008955545192481547,8.020178969458946e-05,0.00033809214275537514,0.0005884435318786405,3.4626579026308946e-07,0.0003511828220601476,-0.0015300130779418344,2.3409400187190954e-06,0.00014065058379286732
1259,6.467712299451644e-05,3.848573320526979e-05,0.00020367527509235206,0.00016518954188708226,-0.0062411353701720155,3.895177070856182e-05,0.0001449430156694742,0.004333017197287012,1.877503803171532e-05,0.00026236963522585643,0.007598051781593982,5.773039087553222e-05,0.00020371317438172554
1260,6.5934383379318e-05,1.4650556239873916e-05,0.00014446101379380258,0.00012981045755392867,0.004143129499956339,1.7165522052997595e-05,9.85630372826174e-05,0.0049332672385953,2.433712564753332e-05,0.00020126135551001845,-0.0015649348291015797,2.4490210190908357e-06,0.00013355864858877187
1261,-3.0679580638444115,1.0,1.0,0.0,0.0,1.0,1.0,0.0,1.0,1.0,0.0,1.0,1.0
1262,0.0664386657629733,0.02404958405097768,0.02673959817565789,0.0026900141246802116,-0.10694904691459285,0.011438098635939475,0.011893738436825507,-0.2269075079347278,0.05148701715714854,0.05689224887446509,-0.09603976447204071,0.009223636359845022,0.011432807215683072
1263,0.00014235786495919722,6.064596580982832e-05,0.00020622617701578547,0.00014558021120595715,0.008247082024531704,6.801436191983257e-05,0.0002070962593050396,0.00749603796788253,5.619058521599829e-05,0.0001994378457123025,-0.007598220205684116,5.7732950293654106e-05,0.00021214442603001427
1264,0.0002765109090279161,6.450674117027451e-05,0.0015407359509428769,0.0014762292097726024,0.0055398640683550675,3.0690093895779924e-05,0.0007428864670325774,0.012297949019567284,0.00015123955008777834,0.0018806744441631773,-0.0034044940192727927,1.1590579527265277e-05,0.0019986469416328756
1265,8.513692338252277e-05,2.614449361537652e-05,0.00011811646122938946,9.197196761401294e-05,0.002062421475828051,4.25358234401596e-06,7.255275671169681e-05,0.0061089381120681555,3.731912485727129e-05,0.00016578881891959885,-0.006071307408221309,3.6860773644842304e-05,0.00011600780805687272
1266,2.1414680547504616e-05,9.5376683566147e-06,0.00015757667136040432,0.0001480390030037896,-0.0029485192029101164,8.693765489176108e-06,0.00015973100043020771,0.0037324147605585917,1.393091994483786e-05,0.0001931537055118726,0.002447104336910442,5.9883196358301305e-06,0.00011984530813913263
1267,3.975178873416585e-05,3.7647281303510027e-06,0.00011093089531969784,0.00010716616718934684,0.0012756895794203654,1.6273839034131043e-06,0.00010953152778692132,0.0015234066437983128,2.3207678022663103e-06,0.00010525364965929818,-0.0027103565605147337,7.3460326853735936e-06,0.000118007508512874
1268,6.88917994995375e-06,5.331619519062987e-06,0.0002770415931773555,0.0002717099736582925,-0.0024521756212974254,6.0131652785955225e-06,0.0002915816011994643,-0.002024030512705814,4.096699515288016e-06,0.0002441867247248153,0.0024259006084442663,5.884993763305424e-06,0.00029535645360778684
1269,0.0013826614896232936,0.0004968481184416026,0.0011784602550849455,0.0006816121366433429,0.007860530652345744,6.178794213629324e-05,0.0005792979990137948,0.02132506755125883,0.00045475850606546686,0.0008164877644605273,-0.03120893953858111,0.0009739979071230476,0.0021395950017805143
1270,7.114895014626033e-05,2.0840403408254698e-05,0.00010504889313970682,8.420848973145212e-05,-0.001528055442900519,2.3349534366001734e-06,9.69563156757447e-05,0.005348334126161736,2.860467792498156e-05,6.34665702247128e-05,0.005619749003563331,3.158157886318236e-05,0.00015472379351866294
1271,0.00010157934916454892,0.00010130125433660542,0.00029053207725238117,0.00018923082291577575,-0.010071799902783729,0.00010144115328125647,0.0002958815243480073,-0.010072717808123202,0.00010145964404217889,0.0002947091931291279,0.010050023168462971,0.0001010029656863809,0.0002810055142800083
1272,9.888621775167028e-05,1.5319464682472805e-05,0.00019726937468178551,0.0001819499099993127,-0.006330676506719631,4.0077465032872794e-05,0.00012600723351485765,-0.0021497892250473506,4.621593712283989e-06,0.00019972975519355618,-0.0011222010970956314,1.2593353022616327e-06,0.0002660711353369427
1273,9.549095079908199e-05,2.973657343966855e-05,0.00023604387708079747,0.00020630730364112893,0.0010215508772605689,1.0435661949026453e-06,0.00015211904358181094,0.004802850373262131,2.3067371707763407e-05,0.00030154321127873196,-0.008068381647901222,6.50987824163396e-05,0.0002544693763818495
1274,7.410865181078918e-06,2.888688197718222e-06,0.00013440966305544588,0.00013152097485772765,-0.00014766532338326518,2.180504876658773e-08,0.00014179287479743063,0.002246395485375193,5.046292676946784e-06,0.0001392765388403827,-0.0018968307426086607,3.5979668674412935e-06,0.0001221595755285243
1275,-3.0679580638444115,1.0,1.0,0.0,0.0,1.0,1.0,0.0,1.0,1.0,0.0,1.0,1.0
1276,0.0001447341218679954,6.289466229107236e-05,0.00027953209331021966,0.0002166374310191473,-0.0006979455305398368,4.871279635221271e-07,9.173447396848555e-05,0.010812671735060432,0.00011691387005086096,0.0003314614002445371,0.008442925373312132,7.1282988858834e-05,0.00041540040571763637
1277,7.026018026368153e-05,5.1414951814561976e-06,0.00017484567977210652,0.00016970418459065031,-0.0007788270496920499,6.065715730807497e-07,0.0001170540377214424,0.0035068103039912145,1.229771850841388e-05,0.00011922082307158632,0.0015875123505495264,2.5201954628739642e-06,0.00028826217852329084
1278,0.00015420934125576213,6.312820344874422e-05,0.00021293245570393657,0.00014980425225519234,-0.010502108310884961,0.00011029427897357724,0.0002672084126438268,0.0004968436514324079,2.46853614105369e-07,0.00013716042451938915,-0.008879384987646932,7.884347775855005e-05,0.00023442852994859376
1279,0.0002075764715586681,7.186591439345413e-05,0.0002360061038062892,0.00016414018941283506,0.010966624695526023,0.00012026685721211461,0.0002890314374939251,-0.006905352375757743,4.7683891433392134e-05,0.00029289850110314486,-0.00690268024284867,4.764699453485566e-05,0.00012608837282179763
1280,1.0854904630264173e-05,4.912280120820493e-06,0.0001900328520198317,0.0001851205718990112,-0.0032334726598351113,1.0455345442639263e-05,0.0001115353377565409,0.0017831038643040772,3.179459390989514e-06,0.0002107270192647226,-0.0010497787996830634,1.102035528832701e-06,0.0002478361990382316
1281,9.375301773617561e-05,1.4726948064554731e-05,0.00032852186115891097,0.00031379491309435625,-0.0017461385780378098,3.048999933641383e-06,0.00017385231912703247,0.003597362656081402,1.2941018079581923e-05,0.0005762539107438958,0.005309503383595089,2.8190826180440887e-05,0.00023545935360580472
1282,-2.681867695976884,4.600678307690546e-06,0.0001706809753843815,0.00016608029707669097,0.0012174658097782814,1.4822229987832003e-06,9.045744011049184e-05,0.00262566357841436,6.894109227051359e-06,0.00022400131420363678,0.0023293137823035305,5.425702697237078e-06,0.0001975841718390159
1283,3.7955426349545185e-05,1.5850947805947275e-05,0.00021816600408723166,0.00020231505628128438,-0.004987581362147467,2.4875967844284474e-05,0.00023473258083883675,0.003727255819215828,1.3892435941298409e-05,0.00021206216322011695,0.0029638555350234084,8.784439632258945e-06,0.00020770326820274132
1284,-2.9181874324814308,6.933528868824368e-07,0.00010038194323595355,9.968859034907111e-05,0.0008233455917640684,6.778979642074745e-07,9.179854594287828e-05,0.0011828758955031893,1.3991953836667292e-06,0.00020879455897993004,5.4454686246450417e-05,2.965312773106632e-09,5.527247850523054e-07
1285,9.485811728637827e-05,6.57777777732423e-05,0.0002483951699524904,0.0001826173921792481,0.008841352049925385,7.816950607131279e-05,0.0002998976028631972,0.006989625904942536,4.885487029038238e-05,0.00018842118387096818,0.008385043646771954,7.030895695803174e-05,0.0002568667231233057
1286,-3.0679580638444115,1.0,1.0,0.0,0.0,1.0,1.0,0.0,1.0,1.0,0.0,1.0,1.0
1287,0.0001499502257984453,4.521913564736746e-05,0.0002767376726169705,0.00023151853696960306,-0.008165553283225652,6.66762604208948e-05,0.00028007796815365804,0.0042125858432500935,1.7745879486663618e-05,0.00027837211408565654,-0.007157881462709735,5.123526703454395e-05,0.0002717629356115969
1288,0.00015321754827946066,0.0001070852286326011,0.0004200091595450983,0.0003129239309124972,-0.012354129680648713,0.0001526245201657339,0.000517148603885853,-0.007315277579971411,5.3513286072170985e-05,0.00018712718899238645,0.010729300054514026,0.00011511787965989839,0.0005557516857570555
1289,0.00013676852009458784,8.61644360664974e-06,0.0001916817350586797,0.00018306529145202996,0.004602513176311926,2.118312753807139e-05,0.00019733870973359657,0.000790323345692279,6.246109910401643e-07,0.00019390817805531313,0.002010371182377376,4.04159229083767e-06,0.00018379831738712937
1290,1.2832302059173628e-05,1.0048626082337364e-06,0.00015483410024796918,0.00015382923763973544,-0.00015995302977253815,2.5584972029868425e-08,0.00019108614192531181,-0.0008498670173345633,7.222739468737416e-07,0.00015429754431628417,0.0015055659751125434,2.2667289057975992e-06,0.00011911861450231154
1291,0.00024732838712515637,9.976255305714037e-05,0.0002671287347558726,0.00016736618169873224,0.01199737582320677,0.00014393702664261543,0.000402989233777018,0.010022049206548379,0.00010044147029875106,0.0002730496329813592,0.007410071675047546,5.49091622300546e-05,0.00012534733750924065
1292,-3.05405296142706,4.9499281787102056e-05,0.00018093970136882445,0.0001314404195817224,0.007035572598349474,4.949928178787921e-05,0.0001809397013694536,-0.007035572598349483,4.94992817873241e-05,0.00018093970136889848,0.007035572598349483,4.9499281786102856e-05,0.00018093970136812132
1293,-3.0679580638444115,1.0,1.0,0.0,0.0,1.0,1.0,0.0,1.0,1.0,0.0,1.0,1.0
1294,7.433357155284259e-05,1.5428739920368233e-05,0.00018543616306558133,0.0001700074231452131,-0.005234821711230807,2.7403358348276896e-05,0.000301969034855909,0.004344208130587414,1.8872144281867342e-05,0.00011081673577895135,0.00010352357606335514,1.0717130960458121e-08,0.0001435227185618837
1295,-3.384508591388787,5.317024128796237e-06,0.00011422960744315407,0.00010891258331435782,-0.002796201567561924,7.818743206766676e-06,0.00011370835786606026,-0.001985322467199124,3.9415052980329435e-06,0.00011453768524882779,0.0020471501851222268,4.19082388158909e-06,0.00011444277921457413
1296,0.0001074293743974497,5.336349852654484e-05,0.00023786632945329197,0.00018450283092674713,0.00499077586497832,2.49078437348782e-05,0.00011215609359715994,-0.009282583527716477,8.616635694946861e-05,0.0003399831731035752,-0.00700116382431892,4.901629489528769e-05,0.0002614597216591408
1297,0.00013511983214431478,5.092107338411367e-05,0.00015993497637079024,0.00010901390298667657,0.010192742713994186,0.00010389200403371213,0.00022028017760633567,0.0053314875820245754,2.842475983733106e-05,7.722606926718889e-05,0.004521775788443002,2.044645628129782e-05,0.00018229868223884615
1298,4.119712371275508e-05,5.396612952994022e-06,0.00020627929602127595,0.00020088268306828194,0.001754678198540642,3.0788955800442608e-06,0.00022742141893661305,-0.0035077480185729125,1.2304296161835815e-05,0.00022214259837061157,0.0008981353559037947,8.066471171019884e-07,0.00016927387075660327
1299,0.00022774444435846863,7.987283880202718e-05,0.00024369518475949223,0.00016382234595746503,-0.013632603570462174,0.00018584788010866937,0.0003377276604770163,-0.00402995899334134,1.6240569489234247e-05,0.0002475147948233225,-0.006126178809686906,3.753006680817794e-05,0.00014584309897813785
1300,0.00013004817991091322,4.83154683614447e-05,0.0002995727197054876,0.0002512572513440429,0.002997177835010464,8.983074975321692e-06,0.00023085033288772205,0.009902569793956062,9.806088852415407e-05,0.00024490268093446677,-0.006156495885239283,3.790244158485834e-05,0.000422965145294274
1301,0.0001636058282310504,7.974509776650003e-05,0.0003912321822105251,0.00031148708444402506,-0.009287994826597312,8.626684789891925e-05,0.0004148868408945239,0.011016832456365888,0.000121370597370829,0.0005214446354666613,0.005621196316553801,3.159784802975185e-05,0.00023736507027039
1302,-3.0679580638444115,1.0,1.0,0.0,0.0,1.0,1.0,0.0,1.0,1.0,0.0,1.0,1.0
1303,-3.0679580638444115,1.0,1.0,0.0,0.0,1.0,1.0,0.0,1.0,1.0,0.0,1.0,1.0
1304,0.0001536663378267633,5.3124563347273224e-05,0.00027505872617672456,0.00022193416282945133,-0.0022552991132517492,5.086374090135237e-06,0.00021535310223763648,-0.00794925753530846,6.319069536298016e-05,0.00030749036718080713,0.009544454965516353,9.109662058870427e-05,0.00030233270911173005
1305,-2.9516651820202853,1.6570438772974447e-07,0.00012035019329903474,0.000120184488911305,0.0004070680377519294,1.6570438954310873e-07,0.00012035019330092211,-0.00040706803775193023,1.6570438687857347e-07,0.00012035019329847962,0.0004070680377519302,1.6570438676755117e-07,0.00012035019329770247
1306,9.204460007417037e-05,1.3044674170366774e-05,0.00017596783177450023,0.00016292315760413345,-8.89756177843273e-07,7.920331057675867e-13,8.270617538730374e-05,0.006189262147316163,3.830696592854732e-05,0.0002660001569458892,0.000909426077615687,8.270557905198928e-07,0.00017919716299030775
1307,0.00028863178703919523,0.00010236726525018429,0.0003530491142871665,0.0002506818490369822,0.00810728017950131,6.57279919090703e-05,0.0003626180137193957,-0.015519782662835189,0.0002408636539016351,0.0004090952536093262,-0.0007142478141071778,5.101499398474374e-07,0.00028743407553277756
1308,1.9565956695055675e-05,1.3444585153732369e-05,0.00015854810225202076,0.0001451035170982884,-0.0031833459685126995,1.0133691555336277e-05,0.00017455992159043365,0.0034633769822328127,1.1994980120277887e-05,0.00012319724551967948,0.00426674158880042,1.8205083785582943e-05,0.00017788713964594915
1309,1.6939807378268945e-05,7.438876752030588e-06,0.00014980529036697407,0.00014236641361494348,-0.0005185458530843885,2.6888980164674336e-07,0.0001458516697253609,0.003807172842584597,1.4494565053424502e-05,0.000165238253570954,-0.002748304095500098,7.553175401020518e-06,0.00013832594780460727
1310,6.93211583213671e-05,5.990207209927156e-06,0.00019806699909226863,0.00019207679188234147,-0.003105974062950938,9.647074879604034e-06,0.0002651670731811384,0.0010169620765554945,1.0342118659245614e-06,0.00016386128979872794,0.002699876827605926,7.289334884252874e-06,0.0001651726342969395
1311,0.00022214624351390988,0.00011096172967121436,0.00044665500668716884,0.00033569327701595447,-0.01186688498351874,0.000140822959211917,0.0004811359863307052,-0.010261018098787702,0.0001052884924237496,0.0004138778568604229,-0.009315242207166185,8.677373737797645e-05,0.00044495117687037844
1312,-2.9766240940219286,2.7876988483906593e-06,0.0001191374952083472,0.00011634979635995654,0.0016696403350086046,2.787698848205622e-06,0.0001191374952088653,-0.0016696403350086055,2.787698849315845e-06,0.00011913749520864325,-0.0016696403350086062,2.7876988476505105e-06,0.00011913749520753303
1313,-3.0679580638444115,1.0,1.0,0.0,0.0,1.0,1.0,0.0,1.0,1.0,0.0,1.0,1.0
1314,4.9756090314656554e-05,1.219296761049519e-05,0.0002652828571805266,0.00025308988957003137,0.0005254125426093068,2.760583399652461e-07,0.00021940642320217307,0.0029350260293410932,8.614377793425554e-06,0.00024262615537362642,-0.005261983152634325,2.768846669809477e-05,0.00033381599296578024
1315,2.6862929638160615e-05,2.050761753280561e-05,0.00014344590867180576,0.00012293829113900015,0.004411992642915182,1.9465679081176468e-05,0.00013983054975408304,0.004630212490438612,2.143886770678005e-05,0.00014344794594789434,-0.004540738465309398,2.0618305810460313e-05,0.00014705923031343993
1316,3.1413390177204015e-05,1.1337189600446607e-06,0.00014167832722189466,0.00014054460826185,0.0008643939289334071,7.471768642686172e-07,0.00024667451012283514,-0.0005818016847499544,3.3849320069112565e-07,8.828525110826657e-05,-0.0015216723745136562,2.315486815174239e-06,9.007522043458227e-05
1317,8.767326328618097e-05,3.750973140899857e-05,0.00015488810202427908,0.0001173783706152805,0.007947047283658092,6.315556052860494e-05,0.00013806192651333316,0.004538556220314263,2.059849256430546e-05,0.00015588465984173183,0.0053642465578750105,2.8775141134085302e-05,0.00017071771971777228
1318,3.452205183152035e-05,8.41476867241564e-06,0.00019725113117689355,0.0001888363625044779,-0.003399621428794594,1.1557425859010095e-05,0.0002382117251256144,-0.0003751466752369848,1.4073502829781148e-07,0.00018016530447428902,0.003680508814035468,1.3546145129939013e-05,0.00017337636393077727
1319,0.0002798613868516542,6.251793289831682e-05,0.00012124385104842854,5.8725918150111716e-05,0.013660322797212326,0.0001866044189233751,0.00020482881780414797,9.912305211177547e-05,9.82537928795324e-09,3.164434421221163e-05,0.0009693061397126794,9.395543922874339e-07,0.000127258391128926
1320,-3.0679580638444115,1.0,1.0,0.0,0.0,1.0,1.0,0.0,1.0,1.0,0.0,1.0,1.0
1321,7.05868022994327e-05,3.029662822995327e-05,0.00014251353624620636,0.00011221690801625309,-0.007334702968781162,5.3797867639926444e-05,0.00013653567364624308,0.006079443906516133,3.695963821215287e-05,0.00015020387878628139,-0.0003638390275364424,1.323788377805002e-07,0.00014080105630609463
1322,6.975235650108491e-05,2.6039037984223096e-05,0.0001578320541027652,0.0001317930161185421,0.00414124621165107,1.7149920185532963e-05,0.0001990751538339941,-0.0022182848328642386,4.920787599504983e-06,8.812781872713504e-05,0.007486414773926602,5.6046406167631346e-05,0.00018629318974716647
1323,3.536873469800472e-05,1.1394338827945086e-05,7.148921092729281e-05,6.0094872099347725e-05,0.00417162895905611,1.7402488171835984e-05,7.789736044727658e-05,0.0030731124471156776,9.444020112825413e-06,7.061937300556487e-05,-0.002708598936459574,7.3365081991738634e-06,6.595089932903697e-05
1324,0.00014375299819557874,7.962515345150134e-05,0.00012760023538997226,4.7975081938470915e-05,-0.011838722511779514,0.00014015535071099094,0.000190179770792831,-0.0009516865410631942,9.057072724028004e-07,8.175546102373588e-05,-0.009890116398244643,9.781440237111028e-05,0.00011086547435334992
1325,0.00014381413068609294,2.013068209860691e-05,0.00010126387042756295,8.113318832895604e-05,-0.0032257971912943643,1.0405767519539033e-05,5.967416788965618e-05,0.0003105747832307958,9.645669574176452e-08,0.00011131316498003141,0.007063272759880018,4.9889822080539936e-05,0.00013280427841300124
1326,0.0009156648137252921,0.0003422743649688457,0.0005592509708068905,0.00021697660583804473,0.00038148467249641876,1.4553055505128754e-07,0.00020075800319185877,-0.024643053662460262,0.0006072800938108358,0.000832275541529981,0.02047919604233975,0.00041939747054065,0.0006447193676988316
1327,-2.8059572573302956,1.0728471136219516e-05,0.00012678993438475228,0.00011606146324853277,-0.0032754344959133766,1.0728471136478568e-05,0.00012678993438519637,0.003275434495913377,1.0728471135923456e-05,0.00012678993438464126,0.003275434495913376,1.0728471136256523e-05,0.0001267899343844192
1328,1.962302378122338e-05,6.538046495789078e-06,0.00010897017105478597,0.00010243212455899689,0.0009307578485272971,8.663101728201283e-07,0.00010962292424165909,0.0038907007428377674,1.5137552270672039e-05,0.00012068606655724068,-0.0019000729048062601,3.6102770438750653e-06,9.660152236545816e-05
1329,-3.0679580638444115,1.0,1.0,0.0,0.0,1.0,1.0,0.0,1.0,1.0,0.0,1.0,1.0
1330,-3.0679580638444115,1.0,1.0,0.0,0.0,1.0,1.0,0.0,1.0,1.0,0.0,1.0,1.0
1331,5.565002375829131e-05,2.6903356741973344e-05,0.00012819551641685134,0.000101292159674878,-0.0033913824712917067,1.1501475066344469e-05,0.00016544601095880296,-0.0050672475855315915,2.5676998092860615e-05,7.859924162489929e-05,-0.006597847911740937,4.3531597066714944e-05,0.00014054129666685178
1332,1.6614860214203553e-05,5.30282463262477e-06,0.00014782774719187172,0.00014252492255924695,5.048104761352447e-05,2.548336208718638e-09,3.8467140258235943e-05,-0.0023036921804525275,5.306997662768431e-06,0.00015419201754296452,0.003255599468441908,1.0598927898897159e-05,0.0002508240837744147
1333,-3.0679580638444115,1.0,1.0,0.0,0.0,1.0,1.0,0.0,1.0,1.0,0.0,1.0,1.0
1334,0.00020894107644375826,7.415299336651267e-05,0.00027921406453645936,0.0002050610711699467,-0.0024603777571660895,6.053458708077386e-06,0.00011597578490407656,0.00485674254106429,2.358794810985998e-05,0.0002977691666690152,0.01388587675595707,0.00019281757328160065,0.0004238972420362863
1335,-3.0679580638444115,1.0,1.0,0.0,0.0,1.0,1.0,0.0,1.0,1.0,0.0,1.0,1.0
1336,6.172727577113957e-05,3.885803411966353e-06,0.0001511734994657695,0.00014728769605380315,-0.0007838042450456215,6.143490945964558e-07,0.00018706589094596993,0.0023155850652852097,5.361934194869633e-06,0.00013427591482906287,0.0023835114738326164,5.681126946432968e-06,0.00013217869262227566
1337,8.47204540087576e-05,3.121083413267408e-05,0.0001929233413972368,0.0001617125072645627,-0.0020678102151959372,4.275839085909894e-06,0.00017565716153100652,-0.0035214987393077457,1.2400953370406143e-05,0.00021108821755411178,0.00877244036406227,7.69557099417062e-05,0.00019202464510659212
1338,0.0001302403390098794,5.426172224361666e-05,0.00020550011024866865,0.000151238388005052,0.010499473783889532,0.00011023894973882786,0.0003267952856031986,0.0052398473797368745,2.745600056308639e-05,0.00011861271149182784,-0.0050090135185638296,2.509021642893572e-05,0.00017109233365097953
1339,2.4037498118745226e-05,1.8536962141305995e-05,0.00018606067310230254,0.00016752371096099655,0.004326422827924758,1.8717934486378596e-05,0.00017237421040816603,0.0040410320817375524,1.6329940285886302e-05,0.00018503906800526604,0.004534645702902625,2.0563011651653085e-05,0.00020076874089347552
1340,-2.442167947354239,2.9596830474284037e-05,0.00013717578837083946,0.00010757895789655543,-0.005062625692362778,2.5630178900670764e-05,0.00013567861199703657,-0.005657895805511265,3.201178494516288e-05,0.00013802560053877144,0.0055810865945878484,3.114852757701847e-05,0.0001378231525767104
1341,9.086195532603814e-05,1.8938968869434507e-05,0.00011881172705045333,9.987275818101882e-05,-0.0026267329025140376,6.8997257413050406e-06,0.00011503445529836842,-0.004954069804020501,2.454280762320682e-05,0.00014181926661549493,0.005037298208795289,2.537437324379166e-05,9.958145923749662e-05
1342,0.00021845594710767635,1.7251413769292512e-05,0.0005188466421242044,0.0005015952283549119,0.0006335708513867157,4.014120239537178e-07,0.0005665989284797668,-0.00611827509654335,3.743329015759578e-05,0.0007644074098128728,0.003730889857198331,1.391953912632804e-05,0.0002255335880799736
1343,3.687596120716119e-05,1.2067663089661748e-05,0.0001321132172105166,0.00012004555412085487,0.003648782311429725,1.331361235668016e-05,0.0001250331192769183,0.0037654249280922075,1.4178424889266239e-05,0.00014085267177865735,0.0029514321986452876,8.710952023038843e-06,0.0001304538605759742
1344,4.664609547333498e-05,3.1388960943049917e-06,0.00013992201918637073,0.00013678312309206575,0.002819600870007841,7.95014906607161e-06,0.0002442040498628062,0.0003994039434432965,1.5952350962411543e-07,0.00010207454183908116,-0.0011432478767171672,1.30701570721925e-06,7.348746585722488e-05
1345,0.00017355656053519297,4.004606115678063e-06,0.00016570581594406905,0.00016170120982839098,-0.002467934510239104,6.0907007468635754e-06,0.00011535934536566206,-0.0008571285731668089,7.34669390767273e-07,0.000260819579827376,0.0022778165442974754,5.18844820940334e-06,0.00012093852263916904
1346,-2.3012789730611316,6.31694823468217e-06,0.00010194673569226727,9.56297874575851e-05,-0.0028353018182098243,8.038936401000285e-06,0.00010261319125837165,0.003242423104458736,1.0513307587722842e-05,0.00010418255953914546,0.0006313483315730096,3.986007153233828e-07,9.904445627928471e-05
1347,0.0008233475172747529,0.00023541506100062856,0.0004093250995285865,0.00017391003852795792,-0.019288188284934005,0.0003720342073151306,0.0004591585935286302,-0.01559765767114126,0.00024328692482633585,0.000495420462447993,-0.00953541036665202,9.092405086041921e-05,0.0002733962426091363
1348,-3.0679580638444115,1.0,1.0,0.0,0.0,1.0,1.0,0.0,1.0,1.0,0.0,1.0,1.0
1349,4.1233379538097026e-05,9.554737710211944e-06,0.0001360417292171808,0.00012648699150696885,-0.0025141668570602886,6.32103498532377e-06,0.00010204940951097363,-0.0029462356212322967,8.68030433598399e-06,0.00014767188456688007,-0.0036963324808038,1.3662873809328069e-05,0.00015840389357368867
1350,0.0003254705758962695,0.0001173156066509214,0.00044267387801052066,0.00032535827135959927,0.013804033973864966,0.000190551353951407,0.0006221955841658744,0.007129726053713554,5.083299360075788e-05,0.0004928604442281381,0.010514869110015678,0.00011056247240059935,0.00021296560563754952
1351,0.00016396312853128592,3.331749400266778e-05,0.00013567544685514724,0.00010235795285247945,7.95067758860158e-05,6.321328016589689e-09,7.437614479099963e-05,-0.009974469462137259,9.949004105125336e-05,0.00017188629381925669,-0.000675366292571831,4.5611962873337575e-07,0.00016076390195518542
1352,0.00012517755937768715,6.009648920601851e-05,0.00017107814305794555,0.00011098165385192704,-0.00913029594055059,8.336230396266409e-05,0.00020482321662862457,-0.008694297580511911,7.559081041896842e-05,0.00019179254508272514,0.004619129056012874,2.1336353236423022e-05,0.00011661866746248695
1353,0.00015358521827113503,1.5004107270177869e-05,0.00026297316036923607,0.0002479690530990582,0.00658934880523118,4.341951767639074e-05,0.00030305405004793506,0.0004864820102486945,2.3666474646688584e-07,0.00025857559675779296,0.0011645339789788712,1.3561393876759809e-06,0.00022728983430198024
1354,-3.0679580638444115,1.0,1.0,0.0,0.0,1.0,1.0,0.0,1.0,1.0,0.0,1.0,1.0
1355,-3.0679580638444115,1.0,1.0,0.0,0.0,1.0,1.0,0.0,1.0,1.0,0.0,1.0,1.0
1356,0.00011563267865422056,1.3308824706922037e-05,0.0002394391142226393,0.00022613028951571726,-0.0023966365141153525,5.743866580920631e-06,0.00022391496582940817,0.0017669364899235529,3.1220645595464447e-06,0.00019781990410538963,0.005573198630995255,3.106054298029903e-05,0.0002965824727331201
1357,0.00016113220696711839,6.398260047605724e-05,0.0002542792164849095,0.00019029661600885223,-0.00526825075960509,2.7754466065954553e-05,0.00021022053574781818,-0.002588673509306473,6.701230537697889e-06,9.588827015083456e-05,0.012549585842744685,0.00015749210482451925,0.0004567288435560757
1358,0.0002455207420947181,7.953587612430368e-05,0.00032379613974342636,0.0002442602636191227,0.0005906427407612403,3.488588469213738e-07,7.497290966873571e-05,0.0013713320000853324,1.8805514545583435e-06,0.0004979576005749164,-0.015374596517354974,0.00023637821807143133,0.0003984579089866269
1359,0.0002448539837439645,7.857472376075296e-05,0.00019897154359978705,0.0001203968198390341,-0.0005424454911294568,2.9424711123215985e-07,8.896668579472244e-05,0.015341907494968629,0.00023537412558460868,0.000447071909712049,0.00023621724461788323,5.5798586418021046e-08,6.087603529258967e-05
1360,3.858018720370726e-05,8.747159151593445e-06,0.0001354255482665101,0.00012667838911491666,-0.0015072693694290998,2.27186095180798e-06,0.00012899219252482386,0.004815735922054489,2.3191312471082526e-05,0.0001757853715745883,-0.0008822154111394677,7.783040318898315e-07,0.00010149908070011815
1361,-3.0679580638444115,1.0,1.0,0.0,0.0,1.0,1.0,0.0,1.0,1.0,0.0,1.0,1.0
1362,0.00011798922666750311,7.56318949871974e-06,7.269110513781947e-05,6.512791563909973e-05,-0.00203683900266887,4.148713122931191e-06,6.509873512339226e-05,0.003219383947945199,1.0364433004728113e-05,8.360827829057005e-05,-0.0028594444158679794,8.176422368499914e-06,6.936630199949612e-05
1363,-3.0679580638444115,1.0,1.0,0.0,0.0,1.0,1.0,0.0,1.0,1.0,0.0,1.0,1.0
1364,-3.0679580638444115,1.0,1.0,0.0,0.0,1.0,1.0,0.0,1.0,1.0,0.0,1.0,1.0
1365,0.0002731244334769345,8.881235914652101e-05,0.000470465083974414,0.000381652724827893,0.006024683755768018,3.6296814357128504e-05,0.00021794707043676365,0.015148321112901894,0.0002294716325396129,0.0008634061788694858,0.0008176983200975157,6.686305428216244e-07,0.00033004200261699257
1366,0.00023415784710756338,6.050958884429303e-05,0.0003248101561909393,0.00026430056734664625,-0.008709924934442208,7.586279236437843e-05,0.0003363476063508175,0.008602499892832259,7.400300440629781e-05,0.0003508605520544661,0.005626985850500143,3.166296976220284e-05,0.0002872223101675342
1367,0.00021317858447289506,9.962294794581734e-05,0.000467880705794325,0.00036825775784850767,0.010363770257784911,0.00010740773395623293,0.0004258971273469747,0.012063409788811512,0.00014552585573202048,0.000554092676812723,-0.0067775551749004685,4.5935254149198634e-05,0.00042365231322327723
1368,0.00013020582079148468,5.979644369635828e-05,0.0002206067220791308,0.0001608102783827725,0.004395748223869904,1.9322602446969483e-05,0.0001583667934341726,-0.009281701744185985,8.614998726808043e-05,0.00032193606125507923,-0.00859748459575244,7.391674137402493e-05,0.00018151731154814055
1369,8.632813036368869e-05,5.990776782131372e-06,0.0001127767295738454,0.00010678595279171402,-0.00011413523759063714,1.3026852374586895e-08,8.874717822793254e-05,-0.0036878051640141856,1.3599906927619365e-05,0.00018302546495185812,0.0020879168007103682,4.359396566400164e-06,6.655754554174553e-05
1370,-3.0679580638444115,1.0,1.0,0.0,0.0,1.0,1.0,0.0,1.0,1.0,0.0,1.0,1.0
1371,-3.051286145003778,4.94992817863249e-05,0.00018093970136830637,0.00013144041958198147,-0.007035572598349479,4.949928178643592e-05,0.00018093970136834336,0.007035572598349481,4.949928178643592e-05,0.00018093970136823234,-0.00703557259834948,4.9499281786102856e-05,0.00018093970136834336
1372,5.042333393712184e-05,2.960760196080159e-05,0.00023977846838589093,0.00021017086642508934,0.006407525390375259,4.10563816287679e-05,0.000263695560813515,0.0017467044330184449,3.050976375873482e-06,0.0002304005439951462,-0.006686961034629145,4.471544787776338e-05,0.00022523930034901163
1373,0.00011951511505114976,3.993078830781075e-05,0.0002008086687968295,0.00016087788048901874,0.004519087718781075,2.04221538100402e-05,0.00019035933516942105,0.0073762420470217605,5.4408946736472785e-05,0.00019198041584789216,-0.0067053161280141655,4.4961264376919274e-05,0.00022008625537317528
1374,0.0002784201288232868,6.408819794349412e-05,0.00028346111422283826,0.00021937291627934413,0.002110716110190171,4.4551224979150206e-06,0.00016770182765524222,-0.005648709157615599,3.19079151469559e-05,0.0003336247533044512,0.012486054468311468,0.0001559015561856114,0.0003490567617088214
1375,0.00018767880099945788,1.3336304545141786e-06,0.0002469476661126994,0.00024561403565818524,-0.001957999675893048,3.8337627301654464e-06,0.00023916334944240614,-0.0002878371429648508,8.285022068399428e-08,0.0002535796623148734,-0.00029030744481585967,8.42784126930951e-08,0.00024809998658081867
1376,0.00013286235505027832,4.6065712817918346e-05,0.00030479487188087945,0.0002587291590629611,0.003206706421539154,1.0282966073749122e-05,0.00012623191133764866,-0.009286295369881117,8.62352816968226e-05,0.0005960509027029826,0.006455919042487751,4.167889068318331e-05,0.00019210180160200707
1377,-3.0464636232179965,1.7596220605079853e-05,0.00011845101819725941,0.00010085479759217955,-0.0041947849295219585,1.7596220605153867e-05,0.00011845101819696335,0.004194784929521957,1.7596220604931823e-05,0.00011845101819762949,-0.004194784929521958,1.7596220605153867e-05,0.0001184510181971854
1378,0.0002573702259935917,6.071723878753321e-05,0.000240052607615208,0.00017933536882767479,0.007142239028086439,5.101157833309333e-05,0.000283515425965164,-0.011259906304511673,0.0001267854899866805,0.00031827673231299425,-0.002086779346904716,4.354648042825815e-06,0.00011836566456746578
1379,9.658926034628035e-05,3.3123031611255925e-05,0.00019900155565658975,0.00016587852404533382,-0.006865786293994019,4.713902143527182e-05,0.00014978003918242333,-0.006465788760271222,4.180642429274517e-05,0.00021078140406327606,-0.0032285676555195084,1.0423649105750776e-05,0.0002364432237240699
1380,-3.0679580638444115,1.0,1.0,0.0,0.0,1.0,1.0,0.0,1.0,1.0,0.0,1.0,1.0
1381,0.00016636639802325437,9.797986964836063e-05,0.0002838673263681664,0.00018588745671980578,-0.01238288222058174,0.00015333577208875848,0.000373414116967008,0.009865517713752402,9.732843976029137e-05,0.00033419633107389934,0.006578403841052908,4.327539709603201e-05,0.00014399153106359197
1382,3.021314332618541e-05,6.110753066409143e-06,0.000191025949751511,0.00018491519668510184,-0.0033958682692020797,1.1531921302210257e-05,0.00013609481885590302,0.0009174111523439282,8.416432224489512e-07,0.0002059009366699449,-0.0024410437675763887,5.958694674568221e-06,0.00023108209372868505
1383,0.000644117987493642,6.631263456239693e-05,0.00020194658340962532,0.0001356339488472284,-0.005382535046432021,2.8971683526446412e-05,0.0001052884994999781,-0.00729459847451056,5.321116690426564e-05,0.00019704582370283497,0.010805325226789512,0.00011675505325647872,0.00030350542702606287
1384,5.507307859875521e-05,2.4428648774166284e-05,0.00016559123115433838,0.0001411625823801721,0.003722564790991847,1.3857488622703862e-05,0.00014806257819088842,-0.0055062989063669,3.031932764607781e-05,0.00018115873866064724,-0.005395287763738436,2.910913005371718e-05,0.00016755237661147948
1385,0.00023167402044077523,0.00014606364389705787,0.00044195203982292747,0.0002958883959258696,0.0134139216633177,0.0001799332943897003,0.00046074470855939076,-0.010497895390654306,0.00011020580763332344,0.00040926148253839223,-0.0121676550603854,0.0001480518296681499,0.00045584992837099936
1386,6.174332932140647e-05,1.9986737763081724e-05,0.00020623521424582383,0.00018624847648274212,-0.005529787092726251,3.057854529142645e-05,0.00019790550171838728,-0.0047837416093930805,2.28841837853766e-05,0.00021326037943891762,0.0025490163224773485,6.497484212442117e-06,0.00020753976158016663
1387,0.0001280266677309294,5.074334099734271e-05,0.0002431956413301295,0.0001924523003327868,-0.0052730628656332814,2.780519198497533e-05,0.0002555478705197345,0.00744615498694109,5.544522408984509e-05,0.00021164897375325342,0.008305396252862621,6.897960691720773e-05,0.0002623900797174006
1388,-2.00155532890869,7.820214464882014e-08,0.0001140395722049788,0.00011396137006032998,-0.00034458694389198223,1.1874016203616833e-07,0.00011418660206397035,0.000336380534798065,1.1315186465576943e-07,0.00011392940797472217,-5.2099979247715526e-05,2.714407254522655e-09,0.0001140027065762439
1389,7.271983111523106e-05,4.7663061441697664e-05,0.000204532054454587,0.00015686899301288934,-0.007613427416526026,5.796427702720042e-05,0.00022435663883635382,-0.00642989350859971,4.1343530532200745e-05,0.0001351955413000372,-0.006609188813009644,4.368137676569184e-05,0.00025404398322737
1390,0.00012041026056308635,5.174442100408516e-05,0.0002815420723583095,0.00022979765135422436,-0.003781825161341685,1.430220155063111e-05,0.00015800920471265023,-0.008022328296353829,6.435775129476351e-05,0.00026297071480985146,-0.008750617701972949,7.657331016686086e-05,0.0004236462975524269
1391,-3.0413089848074026,1.893526979113158e-05,0.00011426368649921266,9.532841670808108e-05,0.005908518260351739,3.4910588033176815e-05,0.00011398084108105166,0.004553441592046391,2.073383033285303e-05,0.00010200478783295441,-0.0010776785269294776,1.161391007364898e-06,0.00012680543058363192
1392,1.9366235240125818e-05,4.280266929557186e-06,0.00017814620199566958,0.0001738659350661124,-0.0014738871830184224,2.1723434281417653e-06,0.00023047254789421157,0.0030692890888199143,9.420535510784589e-06,0.00011603930899972692,0.0011171042247834129,1.2479218497452038e-06,0.00018792674909307028
1393,3.419063785281562e-05,1.4515438458243915e-05,0.00030042913077469685,0.0002859136923164529,-0.005544080271187643,3.073682605359007e-05,0.000489099385427183,0.00193824742264766,3.756803071630621e-06,0.00025860689537304804,-0.0030087682279441212,9.052686249511055e-06,0.00015358111152385945
1394,0.00010511616513442235,2.0421705951845226e-05,0.00013325699186835424,0.00011283528591650901,-0.001339066175305588,1.7930982217917446e-06,0.00013037211382438407,-0.007542622100950184,5.689114815721208e-05,0.00022182811168469652,0.0016065090962733449,2.580871476531854e-06,4.7570750095982106e-05
1395,0.0001251097679250135,4.003114216440581e-05,0.00035273961856900166,0.00031270847640459587,-0.000567278380965967,3.218047615050068e-07,0.00047272979096002476,-0.004499763726820776,2.0247873596890287e-05,0.0002630184062523133,0.009976158987035612,9.952374813482212e-05,0.00032247065849466683
1396,8.761385736721916e-05,2.0589212627338444e-05,0.00015612639644102533,0.00013553718381368687,0.0002422563561166362,5.868814256793087e-08,0.00013252518467299357,-0.005162810923243071,2.6654616629095962e-05,0.00021132233817833246,0.0059206699883313715,3.505433311035144e-05,0.00012453166647174996
1397,2.3163359460176558e-05,1.65532491198291e-05,0.00021143274747211413,0.00019487949835228502,0.0039836506685607,1.586947264942129e-05,0.0002119734775207771,0.004126600096479356,1.7028828355969416e-05,0.0002175128733021836,-0.00409407454186296,1.67614463540966e-05,0.00020481189159338165
1398,-3.0679580638444115,1.0,1.0,0.0,0.0,1.0,1.0,0.0,1.0,1.0,0.0,1.0,1.0
1399,0.00015261246455566813,3.750304175683302e-05,0.00016992809305475345,0.00013242505129792043,0.00981031398792486,9.624226054105733e-05,0.0002937182022879625,-0.003852724730581154,1.4843487850080272e-05,0.00011924420379327838,-0.0011930535943409655,1.4233768793614487e-06,9.682187308301948e-05
1400,6.31107608252135e-05,1.5202629658187897e-05,0.00012263894239979609,0.00010743631274160818,0.0010751884434106278,1.156030188464996e-06,0.00011322577591976746,-0.0044223167056418435,1.955688504473585e-05,0.00013149586449356931,-0.004989486320391809,2.4894973741362847e-05,0.00012319518678605146
1401,5.51294411718084e-05,1.355868887820133e-05,0.00014787789743853086,0.00013431920856032953,0.00419226553209961,1.757509029121085e-05,0.00010674910074459643,-0.0016704062397014912,2.7902570061133503e-06,0.00010298924704488233,0.004506741543183839,2.0310719337279792e-05,0.00023389534452611382
1402,0.00014165589841708126,3.0070953701851384e-05,0.00022983551362247093,0.00019976455992061953,-0.0071028204666129255,5.045005858095308e-05,0.0003056717771585671,0.001779167659952642,3.1654375624023956e-06,8.723467381688277e-05,-0.0060495756018103105,3.6597364962198675e-05,0.00029660008989196296
1403,0.0001762595455032656,4.6925743551621636e-05,0.0002564844510982341,0.00020955870754661246,-0.010864392119115,0.00011803501611784561,0.0003470037399432302,0.001299712804653404,1.6892533747370209e-06,0.0002621501421201655,0.004588350592782942,2.105296116228228e-05,0.0001602994712313066
1404,2.1568575785946287e-05,5.65686154596623e-06,0.0001593790522336954,0.00015372219068772916,-0.0020568319399484236,4.23055762932556e-06,0.00017658879719839593,0.00356913180954324,1.2738701874126512e-05,0.0002416916088894272,3.640239349424807e-05,1.3251344466169712e-09,5.985675061326301e-05
1405,6.442735163281199e-05,5.956599463056526e-05,0.0002843391062373006,0.00022477311160673533,0.007564891647434127,5.7227585637864564e-05,0.00029073686038005864,0.007703420659789932,5.934268986163005e-05,0.0002832415293171353,-0.007882113193322146,6.212770839220116e-05,0.0002790389290147077
1406,7.974973426094767e-05,9.824477702036205e-06,0.00011036010283164514,0.00010053562512960894,0.0024730860870580892,6.116154793622819e-06,5.257536565084209e-05,-0.004089726998791876,1.672586692469391e-05,6.551997246484476e-05,-0.002575152692223959,6.631411387791886e-06,0.00021298497037924857
1407,-3.066339987305926,5.2504535050605185e-05,0.00024449484452689535,0.00019199030947629017,0.007246001314558926,5.2504535051234313e-05,0.0002444948445269324,0.007246001314558927,5.2504535049902046e-05,0.0002444948445270434,-0.007246001314558925,5.25045350506792e-05,0.00024449484452671033
1408,7.055225952068422e-05,3.053039992514014e-05,0.00011949547988132636,8.896507995618622e-05,0.0064087941520565885,4.1072642483319655e-05,0.00014211762086369095,-0.006854839705160522,4.6988827383520615e-05,0.00013793704659104122,-0.0018787575438102464,3.529729908580137e-06,7.84317721892469e-05
1409,7.199387327661011e-05,7.037372352155143e-06,0.00010003584140997705,9.299846905782191e-05,-0.0009112210494333597,8.303238014928382e-07,0.00010137118531861056,0.0006670305790756391,4.449297938968755e-07,0.00011016389496598666,0.004453859389428692,1.9836863461075716e-05,8.857244394533392e-05
1410,-3.0092784039788842,3.941350215382518e-06,0.00011796526403414405,0.00011402391381876154,0.0019852834093227758,3.941350213976236e-06,0.00011796526403229368,-0.0019852834093227736,3.941350215863615e-06,0.00011796526403506924,-0.001985283409322774,3.941350216307704e-06,0.00011796526403506924
1411,-3.0679580638444115,1.0,1.0,0.0,0.0,1.0,1.0,0.0,1.0,1.0,0.0,1.0,1.0
1412,6.105433237624247e-05,3.760732463938451e-05,0.0002447245513600427,0.00020711722672065816,-0.005980613949541976,3.576774321378817e-05,0.00024657247623594003,-0.006048973728213097,3.6590083165921605e-05,0.00024347964813919987,-0.006361143571533368,4.046414753844374e-05,0.00024412152970498813
1413,2.670050527808776e-05,9.070255413671605e-06,6.06000925064872e-05,5.15298370928156e-05,-0.0038836882629521893,1.5083034523910577e-05,9.632820608218573e-05,-0.002053487594066618,4.2168112983631545e-06,4.1920193754596546e-05,-0.0028126358488988193,7.910920418741085e-06,4.355187768267932e-05
1414,7.456459078336586e-05,3.7923160681296864e-05,0.0001849807135214284,0.00014705755284013153,0.008422979157760567,7.094657789197267e-05,0.00017044539745436627,0.006521167405330077,4.252562432838225e-05,0.00020407023060375895,0.0005452337326705498,2.9727982353566773e-07,0.00018042651250615993
1415,4.891634460735261e-05,3.6150551710060576e-05,0.00014271271227757806,0.0001065621605675175,0.00658335225067319,4.334052685650569e-05,8.9491564005173e-05,-0.004768935839240675,2.2742749039683652e-05,0.00023786462839092692,-0.006509099725300284,4.236837923399239e-05,0.00010078194443663424
1416,1.3604848672854608e-05,3.2962406630495287e-06,7.95251227586613e-05,7.622888209561178e-05,0.00012540017124743083,1.5725202473504396e-08,8.18159006309438e-05,0.0031136863251612665,9.695042531676634e-06,4.677193638558119e-05,-0.0004218462454425889,1.7795425499844697e-07,0.00010998753125945893
1417,-2.9319431162204483,5.240211865542577e-07,0.00013433669848716967,0.0001338126773006154,0.0007978046429791097,6.364922487955837e-07,0.00014344074087646597,0.0008689679022233906,7.551052150223114e-07,0.00014334944891125634,-0.000424813013253787,1.8046609584487783e-07,0.0001162199056737867
1418,9.607690158730531e-05,7.742840048970597e-06,9.424836806718832e-05,8.650552801821773e-05,0.0018447998836378155,3.403286610192957e-06,9.469997937039398e-05,0.002338831676379297,5.470133609963845e-06,9.071014015682444e-05,0.00378881246914722,1.4355099926754988e-05,9.733498467434654e-05
1419,7.532250284891795e-05,1.079750476969584e-05,0.0002159502283457885,0.00020515272357609266,0.0034666698795773115,1.2017800054442418e-05,0.00022023519433878036,0.0011638965188519581,1.354655106089453e-06,0.00019733553947287596,0.004361199278734964,1.9020059148555646e-05,0.0002302799512257092
1420,0.00011280679838643337,5.758782241234902e-05,0.0002959811605232436,0.00023839333811089455,-0.00663213845089794,4.398526043225548e-05,0.00035243741247403815,0.007590873588174279,5.762136183173894e-05,0.00017795487169192103,0.008435451675701935,7.115684497305264e-05,0.0003575511974037715
1421,1.7272990655348153e-05,5.135956232082961e-06,0.00037051280456912306,0.0003653768483370401,-0.0026743952461266724,7.152389932096881e-06,0.0003874939656703935,-0.0017050804049147936,2.907299187282497e-06,0.00037498776376032605,-0.0023126131488547534,5.348179576869505e-06,0.0003490566842766496
1422,6.714365522020316e-06,2.4553169754026882e-06,0.00017618818110335757,0.00017373286412795488,0.002418299682425182,5.848173354139341e-06,0.0003066610398444469,0.0012305095976806023,1.5141538692864387e-06,0.00018798078049009348,-6.0197202569865416e-05,3.6237027822849655e-09,3.392272297553234e-05
1423,0.00028354157082144393,0.00011294181199487478,0.0004376634610004926,0.0003247216490056178,0.013683630510875204,0.000187241743958122,0.0004482476226327359,-0.01110536765118151,0.00012332919066837533,0.0006975031235494367,0.005315496341643908,2.8254501358127015e-05,0.0001672396368193052
1424,7.870607493964954e-06,1.0715443163518874e-06,0.0001612046239501952,0.0001601330796338433,0.0015160918206391489,2.2985344090287185e-06,0.00011437851470330607,-0.0009571136980678891,9.160666312180155e-07,0.00016061341397977102,-5.648815297022699e-06,3.190880892844916e-11,0.00020862194316750848
1425,5.447174926731524e-05,3.518593677568719e-06,0.00011734733727656692,0.0001138287435989982,0.0002859106828452187,8.174491850088117e-08,0.00011858291522237607,-0.003018225021497134,9.10968228118314e-06,0.00012968461785933805,-0.0011680555774729188,1.364353833022136e-06,0.00010377447874798662
1426,1.5915793627807595e-05,9.552150319465843e-06,0.00010776825459705523,9.82161042775894e-05,-0.003846992547901942,1.4799351663596916e-05,0.00010827609843500063,0.001793254445060478,3.2157615051930932e-06,0.00013560071746310243,0.003262106342487681,1.0641337789607519e-05,7.942794789306262e-05
1427,3.732830168567958e-05,2.0071804061383425e-05,0.00015179221387895403,0.0001317204098175706,-0.005550769803376529,3.081104541047264e-05,0.00012859527919839575,0.005268988700540533,2.7762241927575815e-05,0.0001106080842738777,-0.0012814541919415588,1.6421248461018223e-06,0.00021617327816458864
1428,0.0001256368101137939,7.053536464929344e-05,0.00023260096200132066,0.00016206559735202722,0.010810268323821851,0.00011686190123338935,0.0002550529435603188,0.007764111154448319,6.028142201874864e-05,0.00024531883116096775,0.005870500037964314,3.446277069574233e-05,0.00019743111128267543
1429,0.00011065408680521749,1.3779871525287923e-05,0.000145271229766597,0.0001314913582413091,0.004228216225076707,1.7877812446664976e-05,0.00013420525854823673,0.0024864116567738077,6.182242926366932e-06,0.00011776228308912895,0.004156868918231696,1.7279559202831862e-05,0.00018384614766242535
1430,0.000152741707714954,4.262459856100668e-05,0.0003092360394175338,0.0002666114408565271,0.001146568758129769,1.3146199170366302e-06,0.00011111122926554806,0.00860411895163631,7.403086293411576e-05,0.0004630710742110633,0.007247641880770621,5.252831283186765e-05,0.0003535258147759901
1431,5.0766286087466916e-05,7.811533281665284e-06,0.00010549095765366445,9.767942437199917e-05,-0.0029513310975033402,8.710355247409929e-06,9.947883701344473e-05,-0.0038245556034146896,1.4627225563557111e-05,9.693783570619008e-05,0.0003114787850314306,9.701903402881129e-08,0.00012005620024135855
1432,0.000140466062468092,3.975839165885434e-05,0.0002560982872054825,0.00021633989554662816,0.00970865076467169,9.42578996702137e-05,0.0003740030270897865,-0.0013365308758179614,1.786314781870857e-06,0.0002528555547363087,-0.004819850674477061,2.3230960524478483e-05,0.00014143627979035234
1433,0.00020388700923668068,9.631246675974776e-05,0.00034460967804587445,0.0002482972112861267,-0.014236254370387174,0.00020267093849901663,0.00048425310590316517,0.004162939503559958,1.733006531046133e-05,0.00023039987613271418,0.008302794497604349,6.893639646976535e-05,0.00031917605210174393
1434,0.0002455044994368327,5.640478709974713e-05,0.0002870744116575767,0.00023066962455782955,0.0005941039336328145,3.5295948364044705e-07,0.0002679989003232519,0.010271955432923379,0.00010551306841610764,0.00027147417327710865,-0.007959166627196859,6.33483333994933e-05,0.00032175016137236945
1435,6.999386155348564e-05,1.1379255839753336e-05,0.00015140138919271054,0.0001400221333529572,-0.0030303820039819084,9.183215089914043e-06,0.00014465386202033859,0.003840725590312395,1.4751173060711942e-05,0.00010981615409688672,0.0031942729013411395,1.0203379368634025e-05,0.00019973415146090634
1436,-3.0679580638444115,1.0,1.0,0.0,0.0,1.0,1.0,0.0,1.0,1.0,0.0,1.0,1.0
1437,0.003906331367832472,0.0014985649085158907,0.007173586257250952,0.005675021348735061,-0.011608561969897667,0.00013475871100920855,0.00043109026631105163,0.03476170678350094,0.0012083762585023416,0.006245046012607558,0.056147660289954986,0.003152559756036122,0.014844622492834247
1438,4.080307791864968e-06,1.3758668855704907e-06,0.0002435135441587096,0.00024213767727313912,0.00039766941784035885,1.581409661000066e-07,0.00014910913894194966,0.0007853014304230522,6.166983368416368e-07,4.48328686861732e-05,0.0018310547107511497,3.3527613537698286e-06,0.0005365986248480059
1439,5.407632422083086e-05,2.8710224330078898e-05,0.00013432081927204168,0.00010561059494196277,0.0006421967559858519,4.1241667347868827e-07,0.00014260153345635462,-0.0056485142993818625,3.190571379074747e-05,0.00015852928591508775,0.007335703274091435,5.381254252601053e-05,0.00010183163844468268
1440,5.656090930838964e-05,2.8729989528852862e-05,0.0002593468635228395,0.00023061687399398661,0.0008255644336842185,6.815566340190315e-07,0.0002294218889996591,0.005414564619884124,2.931751002277494e-05,0.00033851773606141666,0.007496059093323536,5.6190901929764614e-05,0.00021010096550744262
1441,0.0001415855946278466,2.3296191309955343e-05,0.00024019456216517465,0.00021689837085521932,0.00337977038873474,1.1422847880138143e-05,0.000221351170598294,0.006517082173841714,4.247236006071908e-05,0.00024176473054537961,0.003999170662532743,1.59933659890088e-05,0.00025746778535185033
1442,-2.8739125384987783,1.889178640560966e-07,0.0001205848580928907,0.0001203959402288346,-0.000434646827085854,1.889178651293122e-07,0.0001205848580934088,-0.00043464682708585414,1.8891786313091075e-07,0.00012058485809263164,0.0004346468270858543,1.8891786390806686e-07,0.00012058485809263164
1443,0.00023367342907898436,0.00011179780365973742,0.00025016559242156217,0.00013836778876182476,0.014938693515852908,0.00022316456396054285,0.00039862851342287176,-0.004375468721500147,1.9144726532638323e-05,0.00010318060817771091,-0.0096480112191979,9.30841204860311e-05,0.0002486876556641038
1444,7.721243991631876e-05,4.327481525131146e-05,0.00011890693305394162,7.563211780263016e-05,0.006123424057302927,3.7496322185637254e-05,7.065940562667183e-05,-0.005683071766021336,3.2297304697559426e-05,0.0001080858937652085,0.00774795578657568,6.003081887073769e-05,0.00017797549976994453
1445,0.00012986481460253163,2.975602206704379e-05,0.00016350994028124788,0.0001337539182142041,0.004076415168794488,1.6617160628173977e-05,0.00015658159570153263,0.0058230908918185656,3.390838753491998e-05,0.00017530948762156662,0.00622434880433377,3.874251803803741e-05,0.0001586387375206444
1446,0.0001686056782258527,2.4957294644763667e-05,0.0001773085244898276,0.0001523512298450639,0.005285885745084717,2.7940588109731657e-05,0.0001516421188539896,0.006359326177746375,4.044102943445704e-05,0.0001682921681901428,0.0025476001234256227,6.490266390102306e-06,0.00021199128642535037
1447,0.0002132720891202533,7.614701448762269e-05,0.0002112240381504001,0.0001350770236627774,-0.004012754190269181,1.6102196191414286e-05,0.00016289523699120068,0.0020191098824820465,4.0768047174788435e-06,4.000417667671119e-05,-0.01443128693339175,0.00020826204255397496,0.00043077270078328844
1448,3.612357954074774e-05,1.1179109985900068e-05,0.00025206661112827283,0.00024088750114237276,0.0014791148439341143,2.1877807209191857e-06,0.0002671958633204685,0.00044020800112636033,1.9378308457884685e-07,0.0002862279643559562,0.0055817350485322745,3.115576615220217e-05,0.00020277600570839382
1449,-3.0679580638444115,1.0,1.0,0.0,0.0,1.0,1.0,0.0,1.0,1.0,0.0,1.0,1.0
1450,0.00014861596946647015,1.444969924613293e-05,7.091826468115976e-05,5.646856543502683e-05,0.004524602773371788,2.0472030256679652e-05,6.889591597036837e-05,-0.003283791380019449,1.0783285827820066e-05,0.00010817623010073163,-0.003477611486956983,1.2093781653899072e-05,3.56826479723793e-05
1451,0.00015943742680213369,8.659488628641002e-06,0.0004997953472660003,0.0004911358586373593,0.003622841409285937,1.3124979876710796e-05,0.0005537837970637227,0.0012782858617264483,1.634014744178458e-06,0.0006545164200896236,-0.0033495479195240867,1.1219471265033754e-05,0.0002910858246446546
1452,-3.0679580638444115,1.0,1.0,0.0,0.0,1.0,1.0,0.0,1.0,1.0,0.0,1.0,1.0
1453,9.80121234587239e-05,2.018446944973551e-05,0.0001658389131206824,0.0001456544436709469,0.0022798137832048173,5.197550885793767e-06,0.00014997415453288365,0.007411142567982163,5.492503416260064e-05,0.00026689931979673176,0.0006563713132124624,4.3082330081212206e-07,8.06432650324318e-05
1454,0.0011873104823204583,0.00046694704648634716,0.0009977995980218572,0.00053085255153551,-0.020430945429591903,0.000417423531146488,0.001062628265931398,0.02095660330972763,0.0004391792222812052,0.000904690897099103,-0.023328917378039223,0.0005442383860313482,0.0010260796310350706
1455,1.730538693978101e-05,4.95329957791076e-06,0.0001760171826514038,0.00017106388307349302,-0.0030874044370797797,9.53206615783575e-06,0.0003292013414679662,-0.0021718063978542227,4.716743030264148e-06,9.73450618160232e-05,-0.0007817221663228076,6.110895456323817e-07,0.00010150514467022198
1456,-3.0679580638444115,1.0,1.0,0.0,0.0,1.0,1.0,0.0,1.0,1.0,0.0,1.0,1.0
1457,2.724780985141617e-05,5.910167498364889e-06,0.00017018163104365325,0.00016427146354528835,6.642138114496546e-05,4.411799481296441e-09,6.262014242708336e-05,-0.004076218867535694,1.6615560256005857e-05,0.00010117997918734911,0.0010538170807044443,1.1105304396075155e-06,0.00034674477151652727
1458,0.00012862184174178282,4.928679522394249e-05,0.00022015171753294224,0.00017086492230899974,-0.0013672103400431458,1.8692641142736832e-06,0.00026146143476402095,-0.005553331441553433,3.083949010007636e-05,0.00015708377687984054,-0.010730872818996755,0.00011515163145747742,0.0002419099409549652
1459,0.00022879550331988963,0.00015448516095084575,0.0005943236107189461,0.0004398384497681004,-0.010944725845139723,0.00011978702382486883,0.0005297470210272603,-0.012216059459822154,0.00014923210872563875,0.0005575928947462172,0.013944043542021107,0.00019443635030202966,0.0006956309163833607
1460,6.587081817643892e-05,2.251828839298457e-05,0.0002451306899367382,0.00022261240154375364,0.007586351766928256,5.755273313190479e-05,0.0002328035327564537,-0.0029027618154721184,8.426026157248856e-06,0.00027189528629967263,0.0012554305595710363,1.5761058898000613e-06,0.0002306932507540882
1461,-2.4931000086812123,4.651406038802541e-05,0.00018170940360140442,0.000135195343213379,-0.008276329975002652,6.849763785499174e-05,0.00026556292523916003,-0.006518983184569247,4.249714176063346e-05,0.00017419843511623512,-0.005342976843359186,2.8547401548451035e-05,0.0001053668504488181
1462,8.308380542221272e-06,2.3238645863177254e-06,0.000307990483313018,0.00030566661872670026,-0.0013898337200506415,1.9316377699585274e-06,0.000270461450869508,0.0008677454725084801,7.529822052543267e-07,0.00033986424530429993,-0.002070500853283921,4.286973783740322e-06,0.00031364575376524595
1463,-2.8294331010563436,5.369785326662472e-05,0.00015458228459256743,0.00010088443132594271,-0.007490033246522779,5.610059803362599e-05,0.0001618019161546691,0.009465806309370167,8.960148908587762e-05,0.00025718339756874986,0.003923196742502131,1.5391472680370555e-05,4.4761540054283344e-05
1464,7.031519628519778e-05,2.5787826763175776e-05,0.00022645225134728295,0.00020066442458410716,-0.00019615077724685214,3.847512730636993e-08,0.00016768689986546015,0.0066855407306758525,4.469645486193663e-05,0.0001727397739818004,0.005712140605817793,3.262855030028433e-05,0.00033893008019458826
1465,5.232353460293826e-05,2.402428924245618e-05,9.116664756803061e-05,6.714235832557443e-05,0.005181408962840068,2.684699883970243e-05,0.00011041597282490656,0.004840844611654654,2.3433776553893892e-05,9.040412159155853e-05,0.004668200117146327,2.1792092333772217e-05,7.267984828762675e-05
1466,-3.0679580638444115,1.0,1.0,0.0,0.0,1.0,1.0,0.0,1.0,1.0,0.0,1.0,1.0
1467,0.00020000005809461818,0.00012903436757620104,0.0002048656866726987,7.583131909649765e-05,0.010197873878730532,0.00010399663164650796,0.0001789985562848928,-0.009620090577755066,9.254614272391493e-05,0.00019201959269155022,0.013804359034670737,0.00019056032835818026,0.00024357891104165308
1468,9.934744191886224e-05,3.7733788718741224e-05,0.00013233765202706285,9.460386330832163e-05,-0.0007918220785244061,6.269822035998018e-07,0.00010609269556527412,-0.006990982645412118,4.887383834839554e-05,0.0001448712272138497,-0.007981262156125284,6.370054560422833e-05,0.00014604903330206476
1469,2.4615008072714772e-05,1.543321712090447e-05,0.00022975436056815735,0.00021432114344725287,0.0047407627047425845,2.2474831023022723e-05,0.00011171643154939126,-0.004842985539054725,2.345450893137535e-05,0.00030816095441599245,-0.0006085321752614759,3.7031140831533804e-07,0.0002693856957390883
1470,0.0030105486114261337,0.002877024512100331,0.017836083795848372,0.014959059283748041,-0.053323970747544726,0.002843445856285043,0.01840608704350588,-0.05312806702977023,0.002822591506319805,0.017029557992917832,-0.05445214572168655,0.002965036173696145,0.0180726063511214
1471,-3.0679580638444115,1.0,1.0,0.0,0.0,1.0,1.0,0.0,1.0,1.0,0.0,1.0,1.0
1472,-2.973113209625398,9.225962721533717e-06,0.00012174054606639562,0.0001125145833448619,0.003037426990370005,9.22596272134868e-06,0.00012174054606617357,0.003037426990370005,9.225962721792769e-06,0.00012174054606672868,0.0030374269903700054,9.225962721459702e-06,0.0001217405460662846
1473,6.969103190646031e-05,2.818962578180854e-05,0.00017384641175466342,0.0001456567859728549,-0.0023730766286631593,5.63149268584251e-06,0.00017833307193093617,-0.007317397950036206,5.3544312759501445e-05,0.00019445294130548962,0.005039153887327243,2.5393071900081665e-05,0.00014875322202756447
1474,0.00038925374318654615,0.0001463679533806698,0.0003351763080285212,0.00018880835464785142,0.008077225822169557,6.524157698239996e-05,0.00011620730111827626,-0.019315980830484695,0.0003731071154433607,0.0006013459375662222,-0.0008690038641487172,7.55167716248728e-07,0.0002879756854010651
1475,0.0013566586523079405,0.0003827935436789461,0.0036981443224930466,0.0033153507788141003,-0.013850079697680463,0.00019182470763201565,0.0035279494488574814,-0.009518567098988075,9.060311961772705e-05,0.0006159575879141066,0.029427076031897332,0.0008659528037870956,0.006950525930707552
1476,3.179182067514219e-05,8.2285117437945e-06,0.00010482602210704073,9.659751036324622e-05,0.0020808096125610434,4.329768643618337e-06,0.00010923274191054766,0.004177937230555646,1.7455159503132478e-05,0.0001301202579772065,0.0017031168736086736,2.9006070846326892e-06,7.512506643336803e-05
1477,4.880803291340552e-05,2.462277472436991e-05,0.00027684044044222017,0.00025221766571785026,-0.004706292551079216,2.2149189576325945e-05,0.0002826183420600037,0.005675809593526304,3.221481454218633e-05,0.00026733006740997656,-0.004416369555903746,1.9504320054597457e-05,0.0002805729118566802
1478,2.852719292234518e-05,1.1054569886407664e-05,0.0001382937586454173,0.00012723918875900964,0.0021194383130383166,4.492018762736194e-06,0.00016480696798515382,-0.00395927770574061,1.5675879951104754e-05,0.0001474960041640827,-0.003604970311336529,1.2995810945382047e-05,0.00010257830378701538
1479,9.758234352119644e-06,6.017287742632327e-06,0.00018780793032968646,0.00018179064258705413,-0.0028522642953511465,8.135411610821208e-06,0.0002535564670106405,0.002718995852503806,7.392938445427433e-06,0.0002579790746958244,0.0015885569464789565,2.5235131716483394e-06,5.18882492825945e-05
1480,-3.049555670582804,8.14861021203317e-06,0.00012409306474251794,0.00011594445453048477,-0.002854577063494481,8.14861021303237e-06,0.00012409306474348014,-0.0028545770634944836,8.148610211811125e-06,0.00012409306474203685,0.0028545770634944836,8.148610211256013e-06,0.00012409306474203685
1481,-3.0679580638444115,1.0,1.0,0.0,0.0,1.0,1.0,0.0,1.0,1.0,0.0,1.0,1.0
1482,3.1303287063022545e-05,2.5213963030790154e-06,7.620564307749451e-05,7.36842467744155e-05,-0.0014103687089620151,1.989139895353098e-06,7.485855856381729e-05,-0.0018825893705114289,3.544142738065581e-06,7.801778404248338e-05,0.0014250986898506634,2.030906275818367e-06,7.574058662618288e-05
1483,-2.827894511285402,1.6386725456970137e-05,8.500028193222005e-05,6.861355647524991e-05,-0.0032481769107508096,1.0550653242846764e-05,8.254428450449325e-05,0.005066884826157493,2.5673321841446217e-05,9.0257671707894e-05,-0.0035966931044689164,1.2936201286617433e-05,8.21988895842729e-05
1484,0.00019299959588081617,3.143059659083125e-05,0.0003129708355609588,0.00028154023897012753,0.0050528035387484285,2.5530823600905528e-05,0.00031727149593863135,-0.004674373804840576,2.1849770467374796e-05,0.00026725325111964793,-0.006849174819179305,4.6911195704213426e-05,0.000354387759624597
1485,-3.0679580638444115,1.0,1.0,0.0,0.0,1.0,1.0,0.0,1.0,1.0,0.0,1.0,1.0
1486,0.00013908618747260348,1.354294949040824e-05,9.21595125151405e-05,7.861656302473226e-05,0.003932860258001011,1.546738980928719e-05,8.573392336619357e-05,0.00033128868117895347,1.0975219089104371e-07,6.394766479100866e-05,0.005005167976334278,2.5051706471046487e-05,0.00012679694938821928
1487,2.977809101412099e-06,1.2274111868733801e-06,0.00023944812457847112,0.00023822071339159773,-0.001558141770665144,2.427805777305281e-06,0.0002778244507838368,-0.0010399765251801316,1.081551172954498e-06,0.00018502526203356684,-0.00041578433171839075,1.7287661036036184e-07,0.00025549466091800976
1488,0.00013935931365616216,1.543663724049941e-05,0.00012754869330607507,0.00011211205606557566,0.0066349268538496665,4.402225435584661e-05,0.00019010349221082468,-0.0002464539673685437,6.073955793883812e-08,0.00010040078405892938,0.0014922861010598137,2.2269178077127805e-06,9.214180364847113e-05
1489,7.881497410333616e-05,3.111140416197274e-05,0.00013708295385927993,0.00010597154969730718,0.004601149270669532,2.1170574610929194e-05,0.00014782452709471983,0.006538579847626461,4.2753026424202645e-05,0.00014185842388547698,0.005423155119517532,2.9410611450786384e-05,0.00012156591059764299
1490,-3.0679580638444115,1.0,1.0,0.0,0.0,1.0,1.0,0.0,1.0,1.0,0.0,1.0,1.0
1491,0.00012420859883455204,6.688662000893982e-06,0.00024883771401614424,0.00024214905201525025,-0.0013482115438163598,1.8176743666886708e-06,0.00028440198766765956,0.0038946312500201044,1.5168152573075133e-05,0.00018863000460589419,0.0017550381939892103,3.080159062918142e-06,0.00027348114977487903
1492,0.011813676569687348,0.004971622515588507,0.005603817374307374,0.0006321948587188668,-0.10764702143591928,0.01158788122402521,0.012958222318471213,0.014631621626650956,0.00021408435142544757,0.00034410837014187123,-0.05579338644780945,0.003112901971314863,0.003509121434309037
1493,0.0003212132893102293,7.488695290832255e-05,0.00042274069600301,0.00034785374309468747,0.006940122522147028,4.816530062234925e-05,0.000367974870915333,-0.008007750913504773,6.412407469280623e-05,0.0003352732171855166,0.010600541656450082,0.00011237148340981218,0.0005649739999081804
1494,-3.0679580638444115,1.0,1.0,0.0,0.0,1.0,1.0,0.0,1.0,1.0,0.0,1.0,1.0
1495,-2.987754349626388,2.862899705983561e-05,0.00019123550904102485,0.00016260651198118925,0.005122938869231145,2.6244502658312463e-05,0.00018077410789085757,0.00494244606143461,2.4427773070656578e-05,0.0001581050245981208,-0.005934198804357038,3.521471545053778e-05,0.0002348273946340962
1496,-3.015603091696045,3.364671778445979e-05,0.00013609184260724808,0.00010244512482278828,-0.005800579090426728,3.3646717784163727e-05,0.00013609184260721108,0.005800579090426728,3.3646717784052704e-05,0.00013609184260710006,0.005800579090426728,3.364671778516293e-05,0.00013609184260743312
1497,1.7936251694550265e-05,6.452355963822616e-06,0.00015214384145130952,0.0001456914854874869,0.0038582683741438337,1.4886234846689383e-05,0.00014731242724919102,0.0011094980723585818,1.2309859727110961e-06,0.00019546868187558797,-0.0017999575196430083,3.23984707206737e-06,0.00011365041522914954
1498,-3.0679580638444115,1.0,1.0,0.0,0.0,1.0,1.0,0.0,1.0,1.0,0.0,1.0,1.0
1499,8.852956776472798e-05,2.1982791376995436e-05,0.00012133911475438926,9.935632337739382e-05,0.0006780944561796601,4.5981209140233403e-07,5.639898320253245e-05,0.0019718172896740216,3.88806342377368e-06,0.0001757394889435604,-0.00784859851285505,6.16004986158103e-05,0.00013187887211707494
1500,0.0001840403770621002,6.51069200016489e-05,0.00022299856458403897,0.00015789164458239008,-0.002095881190672734,4.392717965373549e-06,0.0002033884008585396,-0.013028197135960318,0.00016973392061370163,0.00032209178935416194,0.004603707356683472,2.1194121425871515e-05,0.00014351550353941533
1501,0.00010026157290021764,5.595229199317764e-05,0.00019792844277270275,0.0001419761507795251,0.009476757309641926,8.980892910570581e-05,0.00023211363180197786,-0.00850875744258485,7.239895321675682e-05,0.0002182623442525955,0.0023767611694902138,5.648993657070278e-06,0.0001434093522635349
1502,1.5090667750294884e-05,4.325483034047413e-06,9.531464675727186e-05,9.098916372322445e-05,0.0015155046589905275,2.296754371577947e-06,0.00010403676576986598,-0.0011645585938848634,1.3561967184827495e-06,9.593518535999657e-05,-0.0030534403567495285,9.323498012081544e-06,8.597198914195303e-05
1503,0.00025937351649318874,7.280392028211995e-05,0.0003467574288962272,0.0002739535086141072,-0.011836675116085564,0.00014010687780341424,0.0004447555839979245,0.001667427931081722,2.7803159049488713e-06,0.00020353932171579547,-0.008690487163440085,7.552456713799671e-05,0.0003919773809749616
1504,0.0008800821732186659,0.0002788762505321711,0.0005137699788456684,0.00023489372831349736,0.005762192979946665,3.3202867937953684e-05,0.00026714709578301576,0.017462361976458722,0.00030493408579679304,0.0006818518544562391,0.02232692987990014,0.0004984917978617665,0.0005923109862977505
1505,2.423454546918169e-05,7.516357084032717e-06,0.00014877369018121792,0.0001412573330971852,-0.0004272038616336122,1.82503139267709e-07,0.00017458852776763845,0.0034292846144211753,1.1759992966320354e-05,0.0002033183044777287,0.003256773732710993,1.0606575146510089e-05,6.841423829828663e-05
1506,2.5299757962837788e-05,2.1084464141285508e-07,7.975826583087968e-05,7.954742118946682e-05,0.00019335549428558456,3.7386347351286986e-08,0.00010316675061794456,0.00019697488312131735,3.879910404069875e-08,0.0001029366501255069,-0.0007458877075198054,5.563484728465795e-07,3.3171396749187565e-05
1507,0.00017885939206330193,1.4806931826279643e-05,0.00013958954453185957,0.00012478261270557992,0.0032021217093273534,1.0253583440866798e-05,0.0001555279793025166,0.003941722374232445,1.5537175275581738e-05,0.00013108453984889135,-0.004316252629509644,1.863003676239039e-05,0.00013215611444417075
1508,4.801484884253693e-05,4.322696025090463e-06,0.00012456638012000218,0.00012024368409491172,7.114166433339029e-05,5.0611370649988885e-09,9.415851499394723e-05,-0.0034375721306610253,1.1816902152905762e-05,0.00018544405458731372,-0.0010705721764888445,1.1461247853006284e-06,9.409657077874556e-05
1509,4.431795939163763e-05,1.6159218408917653e-06,0.00020344568296197055,0.00020182976112107878,0.00027394653373934873,7.504670362923349e-08,0.00026331532028711635,-0.0006429400506081949,4.1337190870294194e-07,0.000254207925548644,-0.0020879049093656924,4.35934691034312e-06,9.28138030501513e-05
1510,-3.0679580638444115,1.0,1.0,0.0,0.0,1.0,1.0,0.0,1.0,1.0,0.0,1.0,1.0
1511,6.918846432291126e-05,4.444480894238989e-05,8.189798975129688e-05,3.7453180808906986e-05,-0.007650627471760379,5.8532100711827795e-05,8.772510301591208e-05,-0.004358325873732629,1.899500442148483e-05,6.622176166481974e-05,-0.007470429819888712,5.580732169385705e-05,9.174710457315882e-05
1512,1.1749165897967373e-05,4.7247641506616605e-06,0.0003059087807948761,0.00030118401664421446,-0.0008640790189534825,7.466325515625982e-07,0.0003488240522346864,0.0022825496043485344,5.210032695490696e-06,0.00042162542843149353,-0.0028666404039725244,8.217627204931688e-06,0.00014727686171844834
1513,9.152095277498162e-05,3.5518992591650665e-05,0.00014408372788924742,0.00010856473529759675,-0.005494087375808274,3.018499609308556e-05,0.00013042907550464555,0.0018058979136786394,3.2612672749010585e-06,7.044459499883082e-05,-0.008550480361162658,7.311071440696537e-05,0.0002313775131642659
1514,-3.0679580638444115,1.0,1.0,0.0,0.0,1.0,1.0,0.0,1.0,1.0,0.0,1.0,1.0
1515,1.853506197235788e-05,1.064724174659748e-05,0.00016002195403567546,0.00014937471228907798,0.003904192772432346,1.5242721204455911e-05,0.00021672029995811748,0.0033085800740516587,1.0946702105996131e-05,0.00014543383056075943,0.0023983956989996466,5.752301929340398e-06,0.00011791173158814949
1516,3.270809818445297e-05,4.948086458419117e-06,0.00023263566961591783,0.0002276875831574987,-0.0021064777530886876,4.437248523614379e-06,7.56624067718148e-05,0.001327263827601303,1.7616292683486634e-06,0.0003049285497714882,0.002940302974630082,8.64538158329431e-06,0.0003173160523044505
1517,7.793155075863645e-05,2.5968508826560804e-05,0.00028036516555777585,0.00025439665673121503,-0.007017539428354558,4.924585962851058e-05,0.0003290715125000565,0.0028285536951756147,8.000716006040243e-06,0.00034304528934825385,0.004545211859210442,2.0658950845131585e-05,0.00016897869482501715
1518,7.097073713624447e-05,2.452805396805739e-05,9.31188317044122e-05,6.85907777363548e-05,0.005825268655587025,3.393375490934325e-05,0.00010158865886944479,0.005867221695859065,3.4424290428658466e-05,5.9995933433976134e-05,-0.002286070113971903,5.226116566170447e-06,0.00011777190280981564
1519,-3.0679580638444115,1.0,1.0,0.0,0.0,1.0,1.0,0.0,1.0,1.0,0.0,1.0,1.0
1520,3.692938198063267e-05,1.233612148317705e-05,0.0003245811503693001,0.00031224502888612304,0.0006206884020395668,3.852540925164405e-07,0.00026067916847871686,0.002306158813391369,5.31836847283973e-06,0.0004653555981806168,0.0055950640643884384,3.130474188417498e-05,0.00024770868444856653
1521,0.4776550383786037,0.2346883785915891,0.7351117456804525,0.5004233670888634,0.5418849763840988,0.29363932763079525,0.7841827963569681,0.5940905168713164,0.3529435422364279,0.7689179392395931,0.23975459517503256,0.05748226590754413,0.6522345014447963
1522,1.0179911291374744e-05,1.7307411836660809e-06,0.00010833079884549808,0.000106600057661832,0.0003194851917552819,1.0207078782187295e-07,0.00018690296117751526,-0.001405124931641229,1.9743760731882887e-06,6.375250936252463e-05,-0.001765156279295455,3.1157766899880812e-06,7.433692599645436e-05
1523,-3.0679580638444115,1.0,1.0,0.0,0.0,1.0,1.0,0.0,1.0,1.0,0.0,1.0,1.0
1524,1.846708159647381e-05,7.131068144280069e-06,0.00011585017703441558,0.00010871910889013552,0.0033616636149075975,1.1300782259526798e-05,8.536102211298413e-05,0.00011744003618615681,1.3792162190107149e-08,8.830174469076635e-05,-0.003174685812949801,1.0078630011123302e-05,0.00017388776429949626
1525,0.00027603017266519814,6.606325419326413e-05,0.00027377922447872444,0.0002077159702854603,0.0027470096603815584,7.5460620740930295e-06,0.00027011515117703055,-0.008057441875085055,6.492236957023056e-05,0.00017507237594327485,0.011212552382708326,0.00012572133093546878,0.00037615014631586785
1526,0.00010174710520149954,1.807552079639378e-05,0.0001726168355760116,0.00015454131477961783,-0.004678628712864232,2.1889566632515844e-05,0.00019578402526165828,-0.0045123804243062905,2.0361577093286343e-05,0.00015490658346717368,-0.0034605517859407405,1.1975418663379145e-05,0.00016715989799920283
1527,5.681254106615352e-05,1.906352121424278e-05,0.0001743614923361466,0.0001552979711219038,-0.003031587841912053,9.190524842717096e-06,0.00024945456409741773,0.0027584111196273225,7.60883190509265e-06,6.0835061861719275e-05,-0.006355407689127438,4.0391206894918597e-05,0.00021279485104930274
1528,0.00029513234592215554,7.134787856218534e-05,0.0005265532814752912,0.0004552054029131059,-0.0017737895738410803,3.146329452308194e-06,0.0002508291686443842,0.004362857006550833,1.9034521259397863e-05,0.00043894934619026493,-0.013851454254865444,0.00019186278497485,0.0008898813295912245
1529,0.0008077388919895956,0.00022084944735763687,0.00046744198468036863,0.0002465925373227318,0.016757107864115845,0.000280800663969738,0.0005697762529333072,0.01941454332781718,0.00037692449262738403,0.0005354053055379726,0.002196175192365923,4.823185475788527e-06,0.0002971443955698261
1530,5.188632206853949e-05,2.399444974417649e-05,8.003219450739933e-05,5.6037744763222846e-05,0.004056184749972686,1.6452634726715765e-05,0.00010350544197257339,0.004620139152139012,2.134568578504581e-05,4.1010203915448074e-05,-0.005846796449411556,3.4185028720767896e-05,9.558093763417652e-05
1531,0.00010212113879881635,2.3769778447942553e-05,9.45578195880777e-05,7.078804114013515e-05,0.003604845747905886,1.2994912865993413e-05,9.872441010594368e-05,0.005972966531225256,3.5676329183331745e-05,0.00011164999555268729,-0.004757950535114576,2.2638093294502504e-05,7.329905310560214e-05
1532,6.214342567201214e-05,2.887625971181862e-05,0.00030994047325864454,0.0002810642135468259,-0.007299823268915112,5.328741975740847e-05,0.00048286651740947484,-0.005046601621145496,2.5468187922483843e-05,0.00023786395890246226,0.0028059172217183384,7.873171455563543e-06,0.00020909094346399648
1533,6.586724779888975e-05,2.513368721979159e-05,0.0003247123430779597,0.0002995786558581681,-0.004410576919004439,1.945318875851143e-05,0.00035917186699085946,-0.006109253004864876,3.7322972277986644e-05,0.0002608212358774509,0.004315657611873354,1.8624900622876694e-05,0.0003541439263655688
1534,6.820357505954444e-05,1.4308709091248595e-05,7.701246269938473e-05,6.270375360813614e-05,-0.00011199093864512959,1.2541970351165332e-08,8.276636772819312e-05,0.002015922390883582,4.063943085719224e-06,5.3173772025183474e-05,0.006232948116103354,3.8849642217675395e-05,9.509724834477762e-05
1535,9.695825662370261e-05,2.2424905208688155e-05,0.00012231847596777534,9.989357075908718e-05,-0.002405572791866879,5.786780457595064e-06,6.905696104553272e-05,-0.00041876819341153876,1.7536679963736646e-07,0.00010372416190163047,-0.007830234247390273,6.131256836883203e-05,0.00019417430495616284
1536,4.267677159297545e-05,1.2124694554656774e-06,7.945978484865297e-05,7.82473153931873e-05,-0.0007424555659356683,5.512402669882732e-07,7.920690574070299e-05,-0.0008135109366392995,6.618000449876149e-07,0.0001114385689083841,-0.0015570382314147996,2.4243680544211443e-06,4.7733879896871834e-05
1537,4.0907092577646686e-05,1.206534026543249e-05,0.0006887482224609368,0.0006766828821955043,0.0013643593455494778,1.8614764238922277e-06,0.0003517939073734988,0.005840989833861153,3.411716223922223e-05,0.0008980719298146145,-0.00046624256867270833,2.1738213318300836e-07,0.0008163788301946973
1538,5.91082421024236e-05,1.9796832736636755e-05,0.00014999762587430965,0.00013020079313767288,-0.006587401748146812,4.339386179108562e-05,0.0001649447488115685,0.0006181548122575687,3.821153722327608e-07,0.00014545276318600475,-0.00395152135859379,1.561452104659189e-05,0.00013959536562535568
1539,0.00016467942395992363,5.371480758764591e-05,0.00038671374937138125,0.00033299894178373535,0.006544871875903132,4.283534787219434e-05,0.0004811445301400319,0.009699660710532505,9.40834178997374e-05,0.00024038893369870973,0.004921956622212952,2.4225656991005984e-05,0.00043860778427540215
1540,0.00011851138112206616,4.510816953828822e-05,0.0002514885323213016,0.00020638036278301336,-0.0030269737097936645,9.162569840182044e-06,0.00020086949213693472,0.00627103345341933,3.932586057409093e-05,0.0003544754426365593,0.009318587779310094,8.683607820059169e-05,0.0001991206621904107
1541,9.585297032232987e-05,4.065828430151649e-05,0.00014443906667682693,0.00010378078237531044,-0.007772767601548353,6.041591618788367e-05,0.00015834737567455015,-5.376600215511197e-05,2.890783168396638e-09,6.329051059050794e-05,-0.007845766115158215,6.15560459334974e-05,0.0002116793137654227
1542,0.00012040905506938149,8.670055923583793e-05,0.0002965344658710419,0.00020983390663520396,-0.009265112288639018,8.584230572117324e-05,0.00027375058472922653,-0.009322404914435305,8.690723338811157e-05,0.00030060876765158895,0.009346236600823158,8.735213859822899e-05,0.0003152440452323102
1543,9.221523784608276e-05,6.002779743644974e-07,5.230301670341072e-05,5.1702738729046224e-05,-0.0008377246570655182,7.017826000321747e-07,5.3878574651555766e-05,0.00016687609919501816,2.7847631978161758e-08,5.0626708649414986e-05,0.0010349897058117951,1.0712036910831557e-06,5.24037668092614e-05
1544,-2.8385939382243297,3.690209344742179e-05,0.00013058847921476602,9.368638576734423e-05,0.008417525156298948,7.085472975743023e-05,0.0001695477222123376,-0.003399859748294559,1.1559046307785259e-05,8.947226813293963e-05,-0.005319069869609039,2.829250427704988e-05,0.00013274544729902082
1545,-3.039905134381379,2.1559502660251084e-05,0.00012390532657798511,0.00010234582391773403,-0.004643221151274772,2.1559502659918017e-05,0.00012390532657724496,-0.004643221151274773,2.155950266058415e-05,0.00012390532657835518,-0.004643221151274771,2.1559502660251084e-05,0.00012390532657835518
1546,0.0001096108372052873,1.825754304300246e-05,0.0002822544078191121,0.0002639968647761096,-0.0015417036277932355,2.376850075980208e-06,0.00017101962429599826,-0.006777797328396689,4.593853662437919e-05,0.0002502163450207595,-0.002541110471572538,6.45724242864798e-06,0.00042552725414057857
1547,-2.8700076154733543,4.1612245697357036e-07,0.00012163378536567127,0.00012121766290869769,-0.0006450755432953001,4.161224569365629e-07,0.00012163378536544922,-0.0006450755432953,4.161224570475852e-07,0.00012163378536611535,-0.0006450755432953001,4.161224569365629e-07,0.00012163378536544922
1548,0.0001294970026117781,4.900316650457981e-05,0.00020883281121035027,0.00015982964470577046,-0.0075042776640697065,5.631418325946491e-05,0.0003213123281202712,0.009446616277459042,8.923855909370726e-05,0.00023479945523785517,0.0012069619549622745,1.456757160567257e-06,7.038665027292446e-05
1549,-3.0679580638444115,1.0,1.0,0.0,0.0,1.0,1.0,0.0,1.0,1.0,0.0,1.0,1.0
1550,0.00021733913752353118,5.4549196544499225e-05,0.00016404004524236035,0.00010949084869786113,-0.007691479075832807,5.9158850373663974e-05,9.988608767075302e-05,-0.007787816273848655,6.06500823150391e-05,0.00020133277734113442,-0.006621076720963412,4.383865694479461e-05,0.00019090127071519358
1551,-3.0450930032782146,4.2373600766458054e-05,0.00011961989739010341,7.724629662364535e-05,-0.006509500807825869,4.237360076608798e-05,0.00011961989738951129,0.006509500807825864,4.237360076631003e-05,0.00011961989738984435,-0.006509500807825865,4.237360076697616e-05,0.00011961989739095458
1552,7.872838664579884e-05,1.7478245406136555e-05,0.00026841632509178037,0.0002509380796856438,0.004735789214733476,2.2427699486016195e-05,0.000161117818112122,0.003774524052877518,1.4247031826175593e-05,0.00039724612213498656,0.003969887266166267,1.5760004906217873e-05,0.00024688503502823256
1553,0.00023777147555426037,7.709198339537575e-05,0.00034679725975735504,0.0002697052763619793,0.009760350985095378,9.526445135266126e-05,0.00039060550683822637,0.008893389950738578,7.90923848164038e-05,0.0004445736584693938,-0.007544475728452489,5.691911401706218e-05,0.000205212613964445
1554,4.4266878539978016e-05,2.6582443211853324e-05,0.00010706684864122036,8.048440542936704e-05,-0.006499645309605105,4.224538915076348e-05,0.00010124027314284412,-0.003920106125465922,1.5367232035101708e-05,0.00011429222983205811,0.004704753813917102,2.2134708449694784e-05,0.00010566804294875887
1555,0.00021630010577389225,4.295752573479916e-05,0.00011591079077596007,7.295326504116091e-05,-0.009183667425677474,8.433974738519812e-05,0.00020296375580819426,-0.00631623779011724,3.989485982203167e-05,9.551223621684368e-05,-0.002153594668687802,4.637969997167701e-06,4.9256380302842295e-05
1556,3.153065178762571e-05,1.3224560695930995e-05,0.0001558798140745369,0.0001426552533786059,0.005558988748047592,3.090235590152979e-05,0.0003671080092901846,0.0029072146182388564,8.451896837180506e-06,9.695575116219768e-05,-0.0005651808111521928,3.194293490826894e-07,3.575681771228467e-06
1557,2.3424048548270626e-05,1.0095599810318786e-05,0.00017920662362665615,0.00016911102381633736,-0.0023612419067335477,5.575463342011311e-06,0.00011976202956853754,-0.0014554880295227634,2.1184454044309575e-06,0.00022499954182853,-0.004753197942912419,2.259289068451409e-05,0.0001928582994829009
1558,4.062073098665131e-06,1.988996615853722e-06,0.00022841548969961453,0.0002264264930837608,0.0010701327320312896,1.1451840635778865e-06,6.4377385295189e-05,-0.0016801439034261098,2.8228835364796367e-06,0.0003346999725561961,0.001413832468154447,1.9989222475036428e-06,0.0002861691112474585
1559,0.00024744909610363575,4.7718555517809826e-05,0.00018809051820104875,0.00014037196268323893,-0.007450334940281003,5.5507490723138986e-05,0.00016887268382270726,0.00235414051095892,5.541977545431287e-06,0.0001569845329215669,-0.009061247060131204,8.210619828485921e-05,0.00023841433785887212
1560,-3.0286065431586424,1.5875094435235937e-05,0.00011917549672642765,0.00010330040229119171,0.003984356213312512,1.587509443490287e-05,0.00011917549672679772,-0.00398435621331251,1.5875094435680026e-05,0.00011917549672701977,-0.0039843562133125105,1.5875094435124915e-05,0.00011917549672546546
1561,3.6380467204999434e-05,2.2831246080046164e-05,0.00018183197203636148,0.00015900072595631531,-0.0058642481188296335,3.438940599931328e-05,0.0001937358679527934,-0.0007103869458127163,5.046496126537292e-07,0.00016667004648507344,-0.005796523322463875,3.359968262817148e-05,0.00018509000167121759
1562,-3.0679580638444115,1.0,1.0,0.0,0.0,1.0,1.0,0.0,1.0,1.0,0.0,1.0,1.0
1563,0.00010275409907645194,5.735267352365477e-05,0.00022194426868349382,0.00016459159515983904,-0.008443951885056714,7.130032343727333e-05,0.00024147922017103696,-0.004909148621312764,2.4099740186023233e-05,0.0001772181463525202,-0.008755452983596129,7.665795694766775e-05,0.0002471354395269243
1564,-3.0679580638444115,1.0,1.0,0.0,0.0,1.0,1.0,0.0,1.0,1.0,0.0,1.0,1.0
1565,7.402205882767188e-05,1.2918977431941592e-05,0.00019129608772812853,0.00017837711029618694,0.0041201421187871,1.6975571079491658e-05,0.00012761329539368038,-0.0012856334853732624,1.6528534588777788e-06,0.00025070188971176854,0.004486480553526929,2.012850775745534e-05,0.00019557307807893665
1566,0.0003338386128854953,9.318475509686082e-05,0.000503492103098376,0.0004103073480015152,0.0032650206840265914,1.0660360066694352e-05,0.00028483814267565855,-0.012694184670073988,0.0001611423244380905,0.0009067946572144381,0.01038034588946872,0.00010775158078579761,0.00031884350940503126
1567,5.620853294585615e-05,1.3419396546828407e-05,0.00012830595278886156,0.00011488655624203316,0.006248280116512125,3.904100441431968e-05,0.00022220255989080506,0.0005003805507020399,2.5038069528804385e-07,3.23402780997295e-05,0.0009832621881793963,9.668045308774964e-07,0.0001303750203760501
1568,0.00018045688495182954,5.2215378081051554e-05,0.00046106323196900184,0.0004088478538879503,0.008281403978496344,6.858165185563703e-05,0.0004709610181016233,-0.001058152285850186,1.1196862600426627e-06,0.00022924623911646513,0.009324419345325258,8.694479612747497e-05,0.0006829824386889172
1569,1.5586600162209585e-05,3.5283046322757508e-06,0.0002586812356355865,0.0002551529310033107,-0.0008440102750872544,7.123533444231001e-07,0.00013897729760892208,0.0031381432607954763,9.847943125418368e-06,0.00040313818406945146,-0.0001568994159796562,2.461742698578462e-08,0.00023392822522838586
1570,-2.866088638540967,1.1428786673558141e-05,0.00012716371702795973,0.00011573493035440159,0.0033806488540181014,1.1428786673817193e-05,0.00012716371702803375,0.003380648854018101,1.1428786673151059e-05,0.00012716371702792273,-0.003380648854018098,1.142878667370617e-05,0.00012716371702792273
1571,0.0006006291593417812,0.00016095576596616054,0.00038862414766667924,0.0002276683817005187,0.021650059938141928,0.00046872509532525086,0.0007727221694135977,-0.00018084904639011025,3.2706377828262134e-08,0.0002786387819487812,0.003756260932811916,1.4109496195402471e-05,0.00011451149163765884
1572,9.708519626572265e-05,4.951453506396586e-05,0.00013294271621518602,8.342818115122017e-05,-0.0046735030880846185,2.1841631114405402e-05,8.731039563991683e-05,-0.009766582282066285,9.538612947324054e-05,0.00019563615717299587,0.0055960561652096666,3.131584460425163e-05,0.00011588159583264535
1573,-2.9485295894370336,2.880552755324395e-06,0.0001229637909243575,0.0001200832381690331,-0.001697219124342532,2.8805527542141718e-06,0.00012296379092313625,-0.0016972191243425296,2.880552755435417e-06,0.00012296379092446852,-0.0016972191243425296,2.8805527563235955e-06,0.00012296379092546772
1574,0.00014573731987632677,7.383347876255275e-05,0.00023557529770175853,0.00016174181893920578,-0.011195507431023682,0.00012533938663816802,0.0002607818280830898,0.009802488712312162,9.608878495492856e-05,0.0003314134634279098,-0.0002688209340537612,7.22646945616745e-08,0.00011453060159427597
1575,0.00014045834587572692,1.4694414090743457e-05,8.485851340256367e-05,7.016409931182022e-05,-0.002312644473515575,5.348324460752174e-06,8.739907918386969e-05,-0.004980480467766875,2.4805185689924514e-05,9.275493589866457e-05,0.0037322556345478703,1.3929732121553684e-05,7.442152512515676e-05
1576,6.863243732713187e-05,2.8097359503598263e-05,0.00019092973479691486,0.0001628323752933166,0.0060396727457363904,3.647764687586541e-05,0.00012777764828764138,0.0021861672389719314,4.779327196891003e-06,0.00016827426508492227,0.006560114666591336,4.3035104438038374e-05,0.0002767372910181809
1577,0.00010880963308967928,2.445322122964407e-05,0.0001969668204269137,0.00017251359919726963,0.003976931575661359,1.58159847576389e-05,0.0002076655219308554,-0.002672523309295737,7.142380838653928e-06,9.21190004629091e-05,0.007099387163160829,5.040129809263938e-05,0.0002911159388869766
1578,0.0001526814285388589,8.026517205750316e-05,0.0003510105013419344,0.00027074532928443123,0.009604660132546768,9.22494962621867e-05,0.0003182123885594468,-0.007589846893469709,5.7605775866442777e-05,0.0002323612205628045,-0.009536259436693614,9.094024404388001e-05,0.0005024578949035519
1579,9.888455824436093e-05,3.749125002724026e-05,0.00025786568850753405,0.00022037443848029378,-0.008428354591394675,7.103716111889202e-05,0.00022985559611965467,-0.005373608207549057,2.887566516895923e-05,0.00026331607960528025,0.0035441393586514067,1.2560923793869527e-05,0.0002804253897976672
1580,0.0006395788439437222,0.00038329949219791565,0.0007096924864261611,0.00032639299422824547,-0.020741418515423087,0.00043020644203206615,0.0005938846991722091,-0.019978572109003348,0.0003991433435144298,0.0007498145254483113,-0.017903873632465633,0.00032054869104725103,0.000785378234657963
1581,9.579932148529036e-05,2.3388525566825358e-05,0.0001775060405582544,0.00015411751499142903,-0.0031651645388655397,1.0018266558109445e-05,0.00014304866783265702,0.007729403167266091,5.9743673321843715e-05,0.00022233453455577923,0.000635324185413118,4.036368205229124e-07,0.00016713491928632696
1582,6.167688665958959e-05,2.6357029911716623e-05,0.00033772561481023217,0.00031136858489851554,-0.005300064695516941,2.8090685777137914e-05,0.0003587651821110871,0.005725722302307502,3.278389588334818e-05,0.00011254769672119913,0.004265736522007172,1.8196508074663775e-05,0.0005418639655984103
1583,0.00034645013541345637,0.00021498437979143117,0.0004618447839377741,0.0002468604041463429,0.01778719318200901,0.00031638424129387666,0.00048346954948474963,-0.005979520541260006,3.575466590344245e-05,0.00021881921841016005,0.017111815572194447,0.00029281423217697444,0.0006832455839184126
1584,0.0001687859286402249,0.0001651875320578903,0.00043773741086727824,0.00027254987880938797,0.012747309163814507,0.00016249389091771427,0.0004049021165686284,-0.012857625581921219,0.00016531853560497467,0.00045292203795355146,-0.012951840396293135,0.000167750169650982,0.00045538807807965487
1585,0.0053124444302300455,0.0018122659524026918,0.00654754585384439,0.004735279901441698,0.05050444197421875,0.0025506986591272707,0.009029159917651186,-0.04823547564348205,0.002326661110552908,0.009894452837741374,0.02365244358470671,0.000559438087527897,0.0007190248061406113
1586,0.00016011108001834362,3.870777031389494e-05,0.00017239659463215892,0.00013368882431826398,0.0063572883771482935,4.0415115510450406e-05,0.0002853556457744766,0.008011444311197543,6.418323995105446e-05,0.00012666587460075096,0.003394842482397584,1.1524955480179955e-05,0.0001051682635212492
1587,-3.0679580638444115,1.0,1.0,0.0,0.0,1.0,1.0,0.0,1.0,1.0,0.0,1.0,1.0
1588,3.0360530201889446e-05,3.3275657686330598e-06,8.106048483465707e-05,7.7732919066024e-05,0.001897114491440282,3.5990433940868982e-06,9.912327873962123e-05,0.000773197926158668,5.978350332558335e-07,6.978181410732809e-05,0.0024053729188698884,5.785818878556448e-06,7.42763616570219e-05
1589,-3.0679580638444115,1.0,1.0,0.0,0.0,1.0,1.0,0.0,1.0,1.0,0.0,1.0,1.0
1590,0.0006841817643962189,0.00030039333865853707,0.0005441288446719946,0.00024373550601345756,0.019965721389958314,0.00039863003062157176,0.0005105223980941265,-0.0193775823810341,0.0003754906989335005,0.0007722432672255808,0.0112720577722216,0.00012705928642053888,0.0003496208686962765
1591,-3.0679580638444115,1.0,1.0,0.0,0.0,1.0,1.0,0.0,1.0,1.0,0.0,1.0,1.0
1592,2.8729567826402125e-05,2.019855980687583e-05,0.0001887563645947369,0.0001685578047878611,0.004926102026594642,2.4266481176482557e-05,0.0002520655755033907,0.004509208530213096,2.033296156933595e-05,0.00015774264019985385,0.003999529556876896,1.5996236674808983e-05,0.0001564608780809662
1593,0.0001092783217173654,5.435407093827097e-05,0.00016860414591179929,0.00011425007497352832,-0.00790399157235113,6.247308277596009e-05,0.0001689139350572466,0.007852282623140954,6.165834239391099e-05,0.0001845070755956968,0.006239454114318187,3.8930787644941844e-05,0.00015239142708245446
1594,3.5717860977779736e-05,2.106321329916246e-05,0.0002718719661840933,0.0002508087528849309,0.004680520488662948,2.1907272044541237e-05,0.0003171803290658026,0.00302171408731751,9.130756025488296e-06,0.0001317388617786408,-0.005670239133202067,3.215161182745785e-05,0.00036669670770783647
1595,-3.0679580638444115,1.0,1.0,0.0,0.0,1.0,1.0,0.0,1.0,1.0,0.0,1.0,1.0
1596,0.0011048555465748011,0.0003372594038592025,0.0005059404468044093,0.0001686810429452068,0.00814313317190399,6.631061785544734e-05,0.00022734062018636703,0.0024600674137752565,6.051931679795786e-06,0.00020832394703362844,0.030649888450736646,0.0009394156620423644,0.0010821567731932324
1597,5.406617172343253e-05,1.3536202472796965e-05,0.00011521112002969384,0.00010167491755689688,-0.001432138096589533,2.0510195275491583e-06,9.82551301762502e-05,0.0044868141141195,2.0131500894970955e-05,0.00012443615347079717,0.004292561822111995,1.8426086995870783e-05,0.00012294207644203414
1598,0.00018707281954544186,0.00010985457338722841,0.0006961671649511706,0.0005863125915639422,0.009490036845749604,9.006079933437938e-05,0.0005730935570643636,-0.012768445090167531,0.00016303319002097805,0.0011294946861322153,-0.008744697296448072,7.64697308063278e-05,0.000385913251656933
1599,0.00013530451423915402,4.96488225384765e-05,0.00020035415243443064,0.00015070532989595414,0.00530609171032719,2.815460923732971e-05,0.00017204161140038643,0.010934439229657473,0.00011956196126683416,0.0003196807812595459,0.0011090072639806014,1.2298971112656432e-06,0.00010934006464335955
1600,0.00026222739546244433,8.50766564474877e-05,0.0001763710317513508,9.12943753038631e-05,0.011651932819183964,0.00013576753842259315,0.00026578216778472274,0.0015196435784044767,2.309316605386691e-06,3.720089959302619e-05,0.01082372922398674,0.00011715311431448328,0.00022613002787630343
1601,9.456414479958042e-05,1.5467503454528558e-05,0.00012592869575896634,0.00011046119230443778,-0.00046525958043407595,2.1646647740958258e-07,0.00019124250987101465,-0.0025561946473117,6.534131074431571e-06,6.904567929955086e-05,-0.006296976481767375,3.9651912811744516e-05,0.00011749789810633349
1602,7.117514199128649e-07,3.5151456667659176e-07,0.00016097770649448062,0.00016062619192780403,0.0006149798722144372,3.7820024456625134e-07,0.00011375937850344187,-0.0007498950420697876,5.623425752832034e-07,0.00018872906334421735,0.00033764016395282414,1.1400088018032051e-07,0.00018044467763578265
1603,0.00036595130200578474,0.00013846312541065942,0.0003769896073582875,0.0002385264819476281,0.005298815612606062,2.8077446896257463e-05,0.000384512963828354,0.017347662150758638,0.00030094138209668664,0.0005269096898232739,-0.009293575589577514,8.637054723903415e-05,0.0002195461684232347
1604,-3.0679580638444115,1.0,1.0,0.0,0.0,1.0,1.0,0.0,1.0,1.0,0.0,1.0,1.0
1605,0.00020861446751907486,1.1660563857041062e-05,0.00013539531684125805,0.000123734752984217,-0.0025378481453152374,6.440673208207848e-06,0.00016963414128567944,0.0036787094325119456,1.3532903088808723e-05,4.7641575503187816e-05,-0.003874030881937585,1.5008115274106615e-05,0.0001889102337349069
1606,1.0740905269757128e-05,5.914584601529604e-06,0.00010684898481908937,0.00010093440021755977,-0.002425779992247084,5.884408570744348e-06,7.891839839735404e-05,0.0027283587299282513,7.44394135909765e-06,0.0001412016186673748,-0.0021012862430644227,4.415403874746815e-06,0.00010042693739253927
1607,4.242620815864129e-05,9.724474326899823e-07,0.0001919798411420167,0.0001910073937093267,-0.0001237947767819306,1.5325146485167807e-08,0.00020349907296879355,0.001567876700267955,2.4582373476800257e-06,0.00019619475589072177,0.0006661679996157845,4.437798039047536e-07,0.00017624569456653472
1608,5.250245719989888e-05,1.1207013113412323e-05,0.00010976485771067394,9.855784459726162e-05,-0.0019483330954109608,3.7960018506311144e-06,6.761356764495297e-05,-0.0034401185406570034,1.1834415573619417e-05,0.00016695989064863248,0.004241535325323892,1.7990621915986438e-05,9.472111483843637e-05
1609,0.00014291252947129518,5.1152871868150505e-05,0.00024509224757688725,0.00019393937570873673,0.005268486754509775,2.775695268286693e-05,0.00011762820378735661,0.0005349098345099699,2.8612853131271265e-07,0.0002778938983507562,0.011198907732017736,0.00012541553439027187,0.0003397546405925489
1610,2.5947291218519908e-05,7.4225057328606665e-06,0.0001654549858204346,0.00015803248008757395,0.001823542947162011,3.325308879476019e-06,0.00017274199443595428,-0.0012897056464736272,1.6633406546562313e-06,0.0001967797634235824,0.004156785737103042,1.727886766444975e-05,0.00012684319960176715
1611,6.998821458303883e-05,2.290434936484213e-05,0.00015847480412541545,0.00013557045476057333,-0.002145430369553156,4.6028714706380924e-06,0.00013207453518682133,0.006952973783174905,4.834384442964357e-05,0.00018333475552201328,-0.00397068409652738,1.5766332194244725e-05,0.00016001512166741172
1612,1.2994641068742041e-05,8.309657945478518e-06,0.00022374692352437423,0.0002154372655788957,-0.0034950928324636588,1.2215673907078894e-05,0.00020104283243160825,-0.0035655484014670514,1.271313540396335e-05,0.00016945023922265712,1.2826786443659673e-05,1.6452539330913396e-10,0.00030074769891885733
1613,6.210546058715849e-05,7.129518442320719e-06,4.113847322521439e-05,3.4008954782893674e-05,-0.0015197411677827552,2.3096132165667527e-06,2.8809419424735694e-05,0.004366372044891608,1.9065204833745852e-05,7.790504625182493e-05,0.00011720612818090385,1.3737276649550267e-08,1.6700953999082557e-05
1614,0.00015405533950740846,5.70015927977933e-05,0.0003103040785534065,0.0002533024857556132,-0.009252652963802689,8.561158686848369e-05,0.0001615359187293608,-0.00813248651864702,6.613733697602431e-05,0.0004467741930658242,-0.0043881493306954155,1.925585454887191e-05,0.0003226021238650345
1615,0.0003035057085087889,4.726858684363696e-05,0.00019053181782916853,0.00014326323098553156,-0.010219627193697655,0.00010444077997817658,0.0002441417126222145,-0.000861234840166398,7.417254501707049e-07,0.000195602212198831,0.006051715054625048,3.662325510256359e-05,0.0001318515286664601
1616,2.942621312218563e-05,8.177741512775208e-06,0.00012482367449610324,0.00011664593298332802,0.004146580706179462,1.71941315530999e-05,0.00013176529440983575,0.0009043400528347107,8.178309308659593e-07,0.0001454990422715685,-0.0025536761843739466,6.521262054359767e-06,9.720668680690547e-05
1617,0.0001278772569873743,1.616575367976066e-05,0.00022993640988337263,0.00021377065620361196,0.00440399118893398,1.9395138391664624e-05,0.00022304267450623527,0.005310247135240453,2.819872463732942e-05,0.00025612526756202403,-0.0009504725193255961,9.033980102879369e-07,0.00021064128758185863
1618,8.414369952403078e-05,1.2175668422746236e-05,5.8188697273586776e-05,4.601302885084054e-05,0.0036311033210528793,1.3184911327512872e-05,6.624999852611335e-05,0.002299383969321216,5.287166637835128e-06,4.041654727526822e-05,0.00424910900103662,1.805492730289071e-05,6.789954601937875e-05
1619,0.00026920788633166826,9.13185797373206e-05,0.00026001804442173554,0.00016869946468441494,0.004965164604442159,2.465285954955654e-05,0.0002757716300465507,-0.015724497173547947,0.0002472598113609781,0.0004319290703631573,-0.0014293594023313994,2.0430683014271978e-06,7.235343285549867e-05
1620,8.773535574102542e-05,5.867835180898655e-06,0.00012283223628928308,0.00011696440110838442,0.001899716486160183,3.6089227276603353e-06,0.0001616854000140444,-0.0036269404387288175,1.3154696945738564e-05,0.00014150501840248797,-0.0009164528731974769,8.398858692970634e-07,6.530629045131686e-05
1621,0.0001640003776697263,5.87836910778868e-05,0.00047016731918436694,0.00041138362810648016,0.01134887810947826,0.00012879703434343082,0.00016414485925275724,-0.00296977981332243,8.81959213971939e-06,0.0007935016145722562,-0.006223700406537202,3.873444675051019e-05,0.00045285548372808737
1622,-2.955850315108997,2.624332534247505e-07,0.00012068995193041203,0.00012042751867698728,-0.0005122823958566528,2.6243325434993636e-07,0.00012068995193148524,-0.0005122823958566532,2.624332521294903e-07,0.00012068995192893173,0.000512282395856653,2.6243325379482485e-07,0.0001206899519308191
1623,0.00015763785611677683,2.3129404242946034e-05,0.00015150026990943624,0.0001283708656664902,-0.0021238451676349984,4.510718296546479e-06,0.0001310321857964647,0.004757723163529257,2.2635929699976742e-05,0.00018838102823681702,0.006499351100842164,4.2241564732314885e-05,0.00013508759569502704
1624,2.8090315775441965e-05,2.385672768823177e-05,0.00011485993109946098,9.100320341122921e-05,0.0047670787930761595,2.272504021905153e-05,0.00010879926533580164,-0.004851668818463979,2.3538690324231837e-05,0.0001237246469095732,0.005030551910247604,2.530645252141195e-05,0.00011205588105300812
1625,-3.0679580638444115,1.0,1.0,0.0,0.0,1.0,1.0,0.0,1.0,1.0,0.0,1.0,1.0
1626,0.00013284319152373492,9.471566438105465e-05,0.00019759664126680251,0.00010288097688574786,-0.006733399980040863,4.533867529121771e-05,0.0001730807762726494,-0.010664710699819339,0.00011373605431030942,0.00018637848577607308,0.011183571144386364,0.0001250722635416368,0.00023333066175168504
1627,5.2903079148736154e-05,3.454120515426299e-06,9.4589226859824e-05,9.11351063443977e-05,0.003188438295837736,1.0166138766476429e-05,7.905983116318627e-05,-0.00032399272296776036,1.0497128455355664e-07,0.0001089089189254544,-0.00030207862382865616,9.125149524891185e-08,9.579893049083132e-05
1628,4.692598588607044e-05,2.0385089958274705e-05,0.00011459309015782182,9.420800019954712e-05,0.004574984698923929,2.0930484995518306e-05,0.0001403611614829714,-0.0033363787811794767,1.1131423371280036e-05,8.378082854931801e-05,-0.005393826240046705,2.9093361508025772e-05,0.00011963728044117605
1629,0.0001431121802405455,4.109908052899828e-05,0.0001985688631465828,0.00015746978261758454,0.0010155173259243553,1.0312754393781987e-06,0.00016581802611903562,0.002362022895349523,5.5791521579307e-06,0.00021355368316089418,0.01080216709691296,0.00011668681398968594,0.0002163348801598186
1630,-3.0679580638444115,1.0,1.0,0.0,0.0,1.0,1.0,0.0,1.0,1.0,0.0,1.0,1.0
1631,0.0002017585059991278,6.034061486274537e-05,0.0003088236803358013,0.00024848306547305593,-0.006020552370538311,3.6247050846593964e-05,0.0001251943781527265,-0.012015126136317842,0.00014436325607170009,0.0005544670125410267,0.0006415120184842443,4.1153766994206364e-07,0.00024680965031365076
1632,7.845659538474603e-05,1.6501748526557652e-05,0.00020273354219043269,0.00018623179366387504,-0.002750547399034173,7.5655109942340815e-06,0.0002883681194093546,0.00546280558710437,2.9842244882671842e-05,0.00015821415806782646,0.0034781445776451243,1.2097489702767028e-05,0.000161618349094117
1633,7.280338054393987e-05,1.6692305007115493e-05,0.00018517637585872362,0.00016848407085160813,-0.005877629572839969,3.4546529395607095e-05,0.0003585695607362105,0.002364252227079362,5.589688593210518e-06,8.292616538685404e-05,0.0031528870947764385,9.940697032528867e-06,0.00011403340145310636
1634,6.57773388773597e-05,5.598777873686937e-06,0.00023020585030793703,0.0002246070724342501,-0.0002793985607955731,7.806355595274539e-08,0.00017879038123047586,0.0018819563397752847,3.5417596651043937e-06,0.00034123780032668805,-0.0036299463358415505,1.3176510400003671e-05,0.00017058936936664715
1635,0.00012033825397816944,4.567664456974393e-05,0.00013863300596454278,9.295636139479885e-05,-0.002776228449394796,7.7074444033709e-06,0.00018647568345431242,-0.0031811528485708278,1.0119733446001256e-05,8.14317730472025e-05,0.010918001459050128,0.00011920275585985962,0.00014799156139211345
1636,-3.0679580638444115,1.0,1.0,0.0,0.0,1.0,1.0,0.0,1.0,1.0,0.0,1.0,1.0
1637,-3.0679580638444115,1.0,1.0,0.0,0.0,1.0,1.0,0.0,1.0,1.0,0.0,1.0,1.0
1638,7.432565180398587e-05,4.8418422017378525e-05,0.00012688945628029172,7.847103426291319e-05,-0.008469550178621383,7.17332802289139e-05,0.0001636964750016956,-3.7034190351437254e-05,1.3715306668160565e-09,5.785477056130528e-05,-0.008574416265401069,7.352061429255485e-05,0.0001591171232778743
1639,8.157794922503125e-05,3.0916674914209054e-05,0.00025265771088082517,0.00022174103596661612,-0.008792117542255704,7.7301330876689e-05,0.00041495645722788854,0.0017635845858565097,3.1102305911856476e-06,0.00022526908207554097,-0.003512614877110116,1.233846327475252e-05,0.00011774759333904594
1640,0.0022122741081636033,0.0006655682896358576,0.0014985541691407238,0.0008329858795048662,-0.008322803199804682,6.926905310256082e-05,0.00045999372263738625,0.04246017258803345,0.0018028662562054043,0.0028265843543830993,0.011161073407140154,0.0001245695595996077,0.0012090844304016857
1641,1.980544993895883e-05,9.551407354109939e-06,0.00014879562654749692,0.00013924421919338698,-0.003701390528599916,1.3700291845109014e-05,0.00021322576144411354,0.002701238635730216,7.2966901665250106e-06,9.041947138221929e-05,0.0027671718505425055,7.65724005069579e-06,0.00014274164681615797
1642,5.3996084406149336e-05,2.3736365810433924e-05,0.0001861875419210864,0.0001624511761106525,-0.00470831287753979,2.216821015288417e-05,0.00022579956374269017,0.0004400095096412035,1.93608368559417e-07,0.0001105935056777696,-0.006989082837533331,4.884727890985818e-05,0.00022216955634279945
1643,0.0004199621066117709,0.00011946775597852326,0.0002542249300690654,0.0001347571740905421,0.015256790981647903,0.00023276967105767543,0.0003345676243745599,0.0020912426310196928,4.373295741988414e-06,9.233028844524149e-05,-0.011011825513321652,0.00012126030113590591,0.0003357768773873948
1644,0.00022656047960156744,5.997443943624633e-05,0.0002589935454148466,0.00019901910597860026,-0.013109886710216375,0.00017186912955469147,0.0005503465320492174,-9.739818119382395e-05,9.486405438963175e-09,0.00011083310692161508,-0.0028363184497864073,8.044702348608546e-06,0.0001158009972737073
1645,6.191364611329853e-05,2.686444282825236e-05,0.00021308494483995855,0.00018622050201170617,0.0006223996602210302,3.8738133656401885e-07,0.00018706486018760238,0.006283170363785745,3.947822982086624e-05,0.00025790211330944945,-0.006381827115134798,4.072771732732683e-05,0.0001942878610228238
1646,0.0062950265419537965,0.003125154690476547,0.012960652266160388,0.009835497575683841,0.07716831304838143,0.005954948538733018,0.027460921646631387,0.02800003875315416,0.0007840021701780442,0.004411745896717778,-0.05134698980971418,0.0026365133625185777,0.007009289255132001
1647,8.865327194751416e-05,4.042467859621812e-05,0.00016452721137934687,0.00012410253278312874,0.006213816233307143,3.861151218109704e-05,0.00015913157864755334,-0.0012212332461664552,1.4914106413188577e-06,0.00011841466333706308,0.009009501260673784,8.117111296623847e-05,0.00021603539215342416
1648,-3.0621860249342685,2.4317576054292783e-05,0.0001251578422881705,0.00010084026623387772,0.004931285436255017,2.4317576053922707e-05,0.0001251578422876154,-0.004931285436255018,2.4317576054255774e-05,0.00012515784228839255,0.004931285436255017,2.4317576054699863e-05,0.00012515784228850357
1649,0.0006138445239767254,0.0001401187534142793,0.0006166087690637386,0.00047649001564945936,-0.007409667633393434,5.4903174437570534e-05,0.0009344275967100302,0.013333948078171873,0.0001777941713513309,0.0003688782048578698,-0.013698865444032279,0.00018765891445393645,0.0005465205056233158
1650,0.00017939784368814493,3.2571172823958605e-05,0.0007904757552767613,0.0007579045824528027,-0.00027174794707298305,7.384694700185435e-08,0.0006637297543227172,-0.009116444319101961,8.310955702317546e-05,0.0009765665027128279,0.003811838729796815,1.4530114501698499e-05,0.0007311310087947387
1651,9.018403390836927e-05,6.380998396412115e-06,9.638334782920606e-05,9.000234943279395e-05,0.0027136952767289725,7.364142055266143e-06,0.0001162908143060859,0.0020597722908525834,4.242661890474508e-06,5.089451888873331e-05,-0.002745212422305053,7.5361912434956935e-06,0.00012196471029279898
1652,5.046386115825641e-05,1.126398429218689e-05,9.359939809820232e-05,8.233541380601543e-05,-0.005661866738485731,3.205673496387007e-05,9.731994316952708e-05,-0.0002769206150219641,7.668502732816052e-08,7.206637916390424e-05,-0.001287840395871076,1.6585328853624404e-06,0.00011141187196117563
1653,0.00015243320984881237,4.0478794218497725e-05,0.00042658608433713646,0.00038610729011863876,-0.0003109665150381054,9.670017331320224e-08,0.0002619929716153324,0.010310365397120646,0.00010630363462216241,0.0008314344383495431,0.003877634312253229,1.5036047860017554e-05,0.0001863308430465338
1654,2.7290054116835272e-05,2.9081316441266956e-06,0.00014060889706542698,0.00013770076542130028,0.0020464155815555474,4.187816731837657e-06,0.00011594339082310334,-0.0013953950046656015,1.9471272191262656e-06,0.00015670652565791254,0.0016091771131344045,2.5894509814161637e-06,0.00014917677471526503
1655,0.0002970548819005714,0.00016525117415052323,0.0007482900520133414,0.0005830388778628182,0.0170079248266918,0.00028926950691043896,0.0007412670423596612,-0.0013729406978033774,1.8849661601594292e-06,0.0004215323408185423,-0.014303812407228044,0.0002045990493809713,0.0010820707728618206
1656,-2.9174917539899705,6.991520482668712e-06,0.0001227252313558506,0.00011573371087318188,-0.002644148347285037,6.991520483445868e-06,0.00012272523135659075,0.0026441483472850378,6.991520482668712e-06,0.00012272523135559155,-0.0026441483472850378,6.9915204818915555e-06,0.0001227252313553695
1657,0.00017219801995294048,4.078035245650794e-05,0.000104047415311966,6.326706285545805e-05,0.007363355583314842,5.4219005446554114e-05,9.629296698265843e-05,0.001812904491256372,3.28662269455382e-06,0.0001179168277740672,0.008052045033914256,6.48354292284159e-05,9.793245117917238e-05
1658,4.839745216878022e-05,9.29322488326297e-06,0.00011379721224454482,0.00010450398736128186,-0.002540019340709863,6.451698251308535e-06,0.0001075048086484065,0.003612236829857681,1.3048254915326574e-05,0.00012096984994180993,-0.0028947748588355163,8.379721483153801e-06,0.00011291697814341806
1659,-3.0679580638444115,1.0,1.0,0.0,0.0,1.0,1.0,0.0,1.0,1.0,0.0,1.0,1.0
1660,8.294588933699387e-06,7.454978625494786e-06,0.00026001385813982186,0.0002525588795143271,-0.0027227172281540655,7.413189104910067e-06,0.0002642013047471359,0.0027915391743223625,7.792690962293847e-06,0.0002576327896676167,-0.0026756411958373354,7.159055809280446e-06,0.00025820748000471294
1661,0.0002569789340665096,0.00011074948519573802,0.00020783822465001803,9.708873945428001e-05,-0.015522263319121902,0.00024094065854829427,0.00028246534420295344,0.008024155995512084,6.438707944056432e-05,0.00011738403462824287,0.00518851786143416,2.692071759835546e-05,0.0002236652951188578
1662,-3.0679580638444115,1.0,1.0,0.0,0.0,1.0,1.0,0.0,1.0,1.0,0.0,1.0,1.0
1663,-3.0679580638444115,1.0,1.0,0.0,0.0,1.0,1.0,0.0,1.0,1.0,0.0,1.0,1.0
1664,7.768644420891313e-05,2.169705840078991e-05,0.00015180499397560165,0.00013010793557481173,0.006391365936139576,4.0849558529787444e-05,0.00013841565136718526,-0.00361499234808562,1.3068169676722086e-05,0.00020148587408963525,0.0033426706383305046,1.1173446995860203e-05,0.00011551345646998445
1665,-3.0679580638444115,1.0,1.0,0.0,0.0,1.0,1.0,0.0,1.0,1.0,0.0,1.0,1.0
1666,3.773414446683887e-05,3.7544005388282877e-06,0.00011516813138623405,0.00011141373084740576,-0.0022181064615231284,4.919996274166394e-06,0.00011660757102727182,-0.001584068860788967,2.5092741544607833e-06,0.00011652555051189228,-0.001958042692998962,3.8339311878576865e-06,0.00011237127261953805
1667,5.005242050559744e-05,1.1735763770152433e-05,0.00014361493742409692,0.0001318791736539445,-0.0017358119221733202,3.0130430287433896e-06,6.884731789680298e-05,0.0021727618174716356,4.7208939156773155e-06,0.0002463610002716443,0.0052415030636632255,2.7473354366036595e-05,0.00011563649410384347
1668,-2.859141905510986,1.782835537489369e-05,0.00012420211371244605,0.00010637375833755236,-0.004222363718855879,1.7828355376003913e-05,0.00012420211371344525,-0.004222363718855879,1.7828355374671645e-05,0.0001242021137116689,0.004222363718855884,1.782835537400551e-05,0.000124202113712224
1669,-3.0599912374013547,6.260599424072015e-05,0.00030581819576795216,0.000243212201527232,-0.010395304690319747,0.00010806235960425514,0.000568130468068806,-0.0021452170178659622,4.601956054450795e-06,3.705544963716889e-05,-0.00866912147013141,7.51536670634545e-05,0.0003122686695978816
1670,0.00011361073957438794,6.31932539052471e-05,0.0003200458752807093,0.0002568526213754622,0.0024704342806621937,6.103045534722185e-06,0.00012085679885021072,-0.010421394285475854,0.00010860545885293948,0.0003676477575181858,0.008652817883652618,7.487125732807964e-05,0.0004716330694737314
1671,-3.0679580638444115,1.0,1.0,0.0,0.0,1.0,1.0,0.0,1.0,1.0,0.0,1.0,1.0
1672,0.00023132897385702567,6.371597822015425e-05,0.00019339830148183226,0.000129682323261678,0.007259971457906135,5.270718556982246e-05,0.00019421480682457748,-0.0035922314985663635,1.2904127139057309e-05,6.158260515798375e-05,0.011204312649669626,0.000125536621951583,0.0003243974924629356
1673,1.840855412471587e-05,5.298580578775673e-06,0.00014805690936429508,0.00014275832878551942,0.00292237717101594,8.54028832975029e-06,4.337726857073232e-05,-0.00021435913839288112,4.594984015504622e-08,0.0001281859459665302,-0.0027036093591660424,7.309503566421682e-06,0.00027260751355562274
1674,1.331595041542677e-05,2.74334807270904e-06,0.0001118790696694368,0.00010913572159672776,0.0022927206168270675,5.2565678267946225e-06,0.0001082514846113547,0.0007572706925783373,5.734589023642656e-07,4.732443850397061e-05,-0.0015491989829870558,2.4000174889682313e-06,0.0001800612858929851
1675,0.0002495242116196117,9.231712979433186e-05,0.0003101843940983932,0.00021786726430406134,-0.003088541214772691,9.539086835208543e-06,0.000276113330248684,-0.006002244545896039,3.6026939588817974e-05,0.0002291347364720142,0.015211356381303172,0.00023138536295896905,0.00042530511557448136
1676,4.008227957363886e-05,8.601623869323541e-06,0.000111595209515906,0.00010299358564658245,-0.003887846984722897,1.511535417719756e-05,0.00013468914950709454,-0.002084331294274217,4.344436944414554e-06,3.077221146341458e-05,0.0025189443199123895,6.345080486358512e-06,0.00016932426757720886
1677,0.00014842498473432997,4.856600604060309e-05,0.0002481024480803784,0.0001995364420397753,-0.007060253469430493,4.984717905232028e-05,0.0001156363427903262,0.00907237871832987,8.230805560882626e-05,0.00036031997878904765,0.0036800521002833216,1.3542783460662733e-05,0.00026835102266176136
1678,3.424013985386942e-05,8.19117994492006e-06,0.00026790094673978526,0.0002597097667948652,0.0014755968209500296,2.177385977963908e-06,0.00019897913709288062,-0.00014075979260017336,1.9813319207528934e-08,0.0005250004564648636,0.004730363679194133,2.2376340537588746e-05,7.972324666161157e-05
1679,8.448387863202456e-05,3.445912700850151e-06,0.00016119813617262077,0.00015775222347177062,0.0014215298915931846,2.020747232323039e-06,0.00016061437360492814,0.0028837834173241084,8.3162067977538e-06,0.00017150141057564738,-2.8001284793901385e-05,7.840724736141169e-10,0.00015147862433728676
1680,1.0920501652411652e-05,3.641952534475893e-06,0.00021117171283846492,0.00020752976030398904,0.0010797511154136533,1.1658624711197163e-06,0.00022767237575771482,0.002695071522597,7.263410511604285e-06,0.0002656149918438544,0.0015800584236927244,2.496584620703679e-06,0.00014022777091382554
1681,6.273241308529798e-06,4.815390177233721e-06,0.00015693942338457223,0.0001521240332073385,0.0024238180791840663,5.87489408088171e-06,0.00011728847683190047,0.0022768559846986355,5.184073174957504e-06,0.0001383140749858791,-0.0018404356211771224,3.3872032758619497e-06,0.0002152157183359371
1682,0.00022997627484111494,4.3870130124782726e-05,0.00016181940096645273,0.00011794927084167,0.0037463626117317035,1.4035232818065957e-05,0.0001685051084205913,-0.010324499510847872,0.00010659529014955815,0.00019525275278831078,-0.0033135882976386005,1.0979867406724075e-05,0.00012170034169045607
1683,0.00011824435143970025,4.0565110183058785e-05,0.00019683625981921823,0.00015627114963615946,0.001228813900237378,1.5099836012666401e-06,0.0002880289528756075,0.009561875583729689,9.142946467854962e-05,0.00020006138143802144,-0.005362451143839985,2.87558822693601e-05,0.00010241844514402576
1684,-3.0679580638444115,1.0,1.0,0.0,0.0,1.0,1.0,0.0,1.0,1.0,0.0,1.0,1.0
1685,7.648968530227229e-05,3.206640032804575e-05,0.000167791347373177,0.00013572494704513124,-0.003804467166790247,1.4473970423201088e-05,0.0001305080035739481,-0.00723706778195659,5.237515008094107e-05,0.0001245542757337681,-0.005417571455932293,2.93500804799951e-05,0.0002483117628118148
1686,-3.0679580638444115,1.0,1.0,0.0,0.0,1.0,1.0,0.0,1.0,1.0,0.0,1.0,1.0
1687,9.442418112792783e-05,2.098103925192903e-05,0.00015779623766095283,0.00013681519840902379,-0.006982587979935437,4.875653489766485e-05,0.00021969150834444395,0.0026770217819554226,7.1664456199327375e-06,0.00016144737364598427,0.002649554158182755,7.0201372381895055e-06,9.224983099243023e-05
1688,1.6414330850977876e-05,1.6259933495188506e-06,7.745473066811392e-05,7.582873731859507e-05,0.0005473541541531418,2.995965697749625e-07,7.924975052098215e-05,0.0012339035908229077,1.522518071284118e-06,6.759873752137935e-05,-0.0017481033745412355,3.055865407497471e-06,8.551570396198027e-05
1689,-3.0679580638444115,1.0,1.0,0.0,0.0,1.0,1.0,0.0,1.0,1.0,0.0,1.0,1.0
1690,0.00017818348860665356,2.2694343023007175e-05,0.00015749577997921835,0.00013480143695621116,0.0030800658083625196,9.486805383929209e-06,8.050829893557765e-05,-0.006589332018854363,4.341929645479414e-05,0.0002058851941344475,0.0038957575938933543,1.5176927230298176e-05,0.00018609384686762986
1691,0.0007643911911948686,0.00040634558490167577,0.0006991550817494844,0.0002928094968478086,0.02043337665829152,0.0004175228816593046,0.000722091984174611,-0.016727257749797893,0.00027980115182790755,0.0005812046290416539,0.022841031527011942,0.0005217127212178152,0.0007941686320321883
1692,6.52902078042139e-05,1.301155077160221e-05,0.00018487536745219005,0.00017186381668058784,0.00598193850919893,3.5783588327453764e-05,0.00039995902943434913,-0.001602813160417954,2.5690100269315508e-06,8.955901360929719e-05,-0.0008258655828348076,6.820539604213138e-07,6.510805931292385e-05
1693,0.011533110258460821,0.004446455210103599,0.0081417792629724,0.003695324052868802,-0.07482589791037968,0.005598914998094839,0.010413775196676522,0.07784132685227015,0.0060592721661220095,0.01168049158414286,0.041002176358020774,0.0016811784660939466,0.002331071008097818
1694,6.152807220227707e-05,1.1425724949609695e-05,0.00017792999614507643,0.00016650427119546674,0.0027274173167501693,7.438805219583955e-06,0.00020974300120368827,-0.00467237718308636,2.183110854081516e-05,0.0001866229137905684,0.002237691017228295,5.007261088429971e-06,0.00013742407344097263
1695,-3.0679580638444115,1.0,1.0,0.0,0.0,1.0,1.0,0.0,1.0,1.0,0.0,1.0,1.0
1696,0.00011783929885500477,0.00010220983446107557,0.0003597668303357467,0.0002575569958746711,0.01080259574176145,0.0001166960747599477,0.00035186453473445845,0.010176514562301333,0.00010356144863665762,0.00032517965745315625,0.009293652671954358,8.637197998662138e-05,0.00040225629881962544
1697,2.9705227380105725e-05,1.444920785076409e-05,0.00011194295099555458,9.749374314479049e-05,-0.004284005342115137,1.83527017708629e-05,0.0001309242023735946,-0.0030066742320677704,9.040089937517592e-06,5.4042361072981215e-05,-0.003994349990190127,1.5954831843911776e-05,0.00015086228954008796
1698,8.896328305496581e-05,1.5067600248719337e-05,0.00014548517909314848,0.00013041757884442914,-0.004312352727289332,1.859638604417846e-05,0.00014807940613892345,-0.005133625634260001,2.635411215268224e-05,0.0001526968255174399,-0.0005022972716826943,2.523025492973119e-07,0.00013567930562308206
1699,0.00012873231281129716,7.018516575307832e-05,0.00045209936394989086,0.00038191419819681255,0.010031525171987273,0.00010063149727612686,0.0007166260330658814,-0.010393126048339845,0.00010801706905660957,0.0005949819105799392,0.001380916697969093,1.906930926498518e-06,4.4690148203851976e-05
1700,-2.4190755327900972,1.3701084585352833e-05,9.991341911486096e-05,8.621233452950812e-05,-0.003517245258252852,1.2371014207257502e-05,9.943525604216852e-05,-0.003417461797500344,1.1679045136880895e-05,9.929775339700964e-05,0.0041295513572608715,1.7053194411920103e-05,0.00010100724790540472
1701,0.00010865756964562046,4.4921352125082414e-05,0.00047531533036534085,0.00043039397824025844,0.009485981031541807,8.998383613079142e-05,0.0006911823919485416,0.0005709074260602709,3.2593528875857203e-07,0.00044263503322095055,-0.0066674046641795725,4.4454284955697254e-05,0.00029212856592653047
1702,2.5199136175269032e-05,1.2742737881136593e-05,0.00016856033062010814,0.00015581759273897156,0.002111006566761652,4.4563487243687305e-06,0.00021781667706943786,0.004567568699217456,2.0862683821842865e-05,0.0001164510488618209,-0.003592934886316835,1.2909181097198186e-05,0.0001714132659290657
1703,0.00011964878224124398,2.068010678553852e-06,9.947948233320532e-05,9.741147165465147e-05,0.0007972040432004056,6.355342864194924e-07,9.852627882667164e-05,-0.0006200177054680367,3.844219551574213e-07,9.957323433706922e-05,-0.002276856559884928,5.184075794084642e-06,0.00010033893383587511
1704,2.105714983702267e-05,4.790295805764029e-06,0.00015787766497347513,0.0001530873691677111,0.0035010384205595548,1.2257270022186795e-05,0.0002559723060219232,0.0002489823797091423,6.199222490899103e-08,0.0001324741313186717,0.0014323495280515726,2.051625170196303e-06,8.518655757983051e-05
1705,0.00010607222034264563,5.9484075348725796e-05,0.00018912188802241067,0.00012963781267368488,0.003849463596077639,1.4818369977853685e-05,0.00017417709791567315,-0.008282558621650215,6.86007773209596e-05,0.00011618159112680715,-0.009748491101082172,9.503307874736411e-05,0.0002770069750247517
1706,-1.3215684779666446,4.7431398876344545e-05,0.0001759185029150586,0.00012848710403871405,-0.005931992916844199,3.5188539965425036e-05,0.00011887758560169548,0.006509481406578628,4.237334818280036e-05,0.00017158014903040364,0.008045639097056105,6.473230848080824e-05,0.00023729777411307662
1707,0.00011782555523842664,2.0800457129340384e-05,0.000161041877734025,0.00014024142060468461,0.004743973722242631,2.250528667735452e-05,0.0001598261565368686,-0.006301957426460079,3.9714667404489035e-05,0.00019592616358676818,0.0004259311040532805,1.8141730617760032e-07,0.00012737331307843824
1708,0.00014795850278803702,0.00013703926085025428,0.0002384035112289462,0.00010136425037869193,-0.01193004069293078,0.00014232587093487847,0.00025088767865777406,0.011695873900126762,0.0001367934662879211,0.00023527402700207478,0.011489057634449336,0.00013199844532796323,0.00022904882802698978
1709,0.0001976750381746939,6.470515902101681e-05,0.00025543576124057815,0.00019073060221956134,0.01015819528096476,0.00010318893136596063,0.0002553379180468829,-0.006816742805169207,4.646798247176509e-05,0.00028646969593715266,0.006667725491146364,4.445856322532471e-05,0.00022449966973769886
1710,0.00016081162387293624,7.593870130158849e-05,0.00039150671435472795,0.0003155680130531395,0.010448587969149449,0.00010917299054913343,0.00047697952671743593,-0.009146936430150259,8.366644605706242e-05,0.0004214945639959833,0.005914107481143756,3.497666729856963e-05,0.0002760460523507646
1711,0.0002373149321938106,7.880874335260597e-05,0.00029017038830828995,0.000211361644955684,-0.005070179219710876,2.570671732005092e-05,0.00035833717813182897,-0.013398241431824538,0.00017951287346551492,0.00035497875491241615,0.005586290296066105,3.120663927225209e-05,0.00015719523188062468
1712,6.0261572417674714e-05,1.601914363291712e-05,0.00011737751191776002,0.0001013583682848429,-0.004644313222143294,2.156964530486416e-05,0.00011373034171380247,0.003389956674372467,1.1491806253260961e-05,0.000144939920618814,-0.003872464246577264,1.4995979340626242e-05,9.34622734206636e-05
1713,8.423119386191669e-05,2.983874245080879e-05,0.0002300650307263119,0.00020022628827550312,0.0017001637953017916,2.8905569308124157e-06,0.0002351782401434077,0.0018748121953362745,3.514920767777596e-06,0.00019805706636677467,0.009116509729804613,8.311074965383636e-05,0.0002569597856687533
1714,8.82579493469704e-05,3.817444039840486e-06,0.00015016157469712374,0.00014634413065728324,0.002228418994779261,4.965851215343875e-06,0.00015328649615786727,-0.0016722412789073342,2.79639089506567e-06,0.0001513813869900016,0.001920960699528918,3.6900900091119127e-06,0.00014581684094350233
1715,-2.9293215547812874,9.084000508356264e-05,0.00024687213890176957,0.0001560321338182069,0.009529092938686555,9.080361223323674e-05,0.0002466771793575573,-0.00954895753745552,9.11825900529184e-05,0.0002481451984709393,0.009514925799244801,9.053381296453278e-05,0.00024579403887681206
1716,7.139538330747097e-05,1.0616490993986538e-05,0.00017351816625873115,0.0001629016752647446,0.004780571659739328,2.2853865394023565e-05,0.0002850334101730523,0.0029580610624435804,8.750125249257223e-06,0.00013968872758796103,0.000495461742963913,2.454823386788263e-07,9.583236101518011e-05
1717,-3.0679580638444115,1.0,1.0,0.0,0.0,1.0,1.0,0.0,1.0,1.0,0.0,1.0,1.0
1718,0.00019818813515304345,4.469251246082736e-05,0.00022734819232280343,0.00018265567986197606,-0.003365495048138715,1.1326556918822561e-05,0.00022329966537448787,0.011034841362273246,0.00012176772389060897,0.0003015435934491384,-0.0009915929470944225,9.832565730505394e-07,0.000157201318144784
1719,0.006689835915367093,0.0026599748135308263,0.005857246518557457,0.003197271705026631,-0.03955244927411733,0.0015643962435815117,0.006115104809295668,0.06012058663446794,0.0036144849372725663,0.006356803589064652,0.05292488318115093,0.0028010432597384005,0.005099831157312051
1720,1.0332169071425312e-05,3.619469539750675e-06,0.00017393343403156644,0.00017031396449181577,0.0008772968409469463,7.696497473785868e-07,0.00015538514057211739,0.00043430448212553,1.8862038242417611e-07,0.00012749857348182125,-0.0031464485519069186,9.900138489449262e-06,0.00023891658804076066
1721,5.079475112979015e-05,1.8161611982314696e-05,0.00014194474533524293,0.00012378313335292823,0.0022345830763700605,4.993361525040818e-06,0.00014624684970920843,0.0022668450218706615,5.138586353092833e-06,0.00016573672140329787,-0.006659796398444324,4.4352888068810437e-05,0.00011385066489322249
1722,7.233289279096056e-06,2.08802157741772e-06,0.00015848847666322108,0.00015640045508580336,0.0017128678568084704,2.933916293801353e-06,0.00015201838879985718,0.0018239730268770128,3.326877602849443e-06,6.12833542192881e-05,5.7191214597295055e-05,3.270835602364741e-09,0.00026216368697051795
1723,0.00012487352641210592,3.425099746723337e-05,0.0002827912320191676,0.00024854023455193425,-0.002143926933436989,4.5964226959016585e-06,0.0001135818224513585,-0.009327165482553107,8.699601593908923e-05,0.0005183151782719442,0.003340741499497651,1.1160553766709214e-05,0.0002164766953342001
1724,0.00013138441822557745,8.85691592844573e-05,0.00034322169051574186,0.00025465253123128456,0.010357610564054997,0.00010728009659755067,0.00038991214320283074,-0.009702490884746935,9.413832936899791e-05,0.0003366710993879529,0.008018045390678748,6.428905188682332e-05,0.00030308182895644187
1725,-3.0282103912663247,7.189657039400703e-05,0.00021497988138863278,0.00014308331099462573,0.008718251328165,7.600790622130926e-05,0.00022968890233276973,-0.007993369741013176,6.389395981609702e-05,0.00018607155852345958,0.008705621467992194,7.578784514461478e-05,0.00022917918330966902
1726,-2.6679661914320874,6.601565432110916e-05,0.00018583539137776808,0.00011981973705665892,0.008655093456696237,7.491064274345316e-05,0.0002102091613053192,-0.006821418616155132,4.653175193636283e-05,0.00013024874046285717,-0.008752403571778995,7.660456828351148e-05,0.00021704827236512791
1727,0.00024332077483091297,0.00015560390234177954,0.0005328607858620105,0.0003772568835202309,0.015031677669815929,0.00022595133356895225,0.0006394909298830243,0.005848783259696725,3.420826561884027e-05,0.00030872028929807005,-0.014375399397466664,0.00020665210783754606,0.0006503711384049371
1728,-3.0679580638444115,1.0,1.0,0.0,0.0,1.0,1.0,0.0,1.0,1.0,0.0,1.0,1.0
1729,0.0003056099460541084,9.202076089583529e-05,0.0002847595491357602,0.0001927387882399249,0.01507484443574413,0.00022725093476183567,0.0003144355990947201,0.0014447992792884445,2.0874449571106624e-06,7.64564179138727e-05,-0.00683548849524083,4.672390296855955e-05,0.00046338663039868777
1730,0.007892400370153485,0.0017782092871163242,0.0022484158317446212,0.00047020654462829703,-0.01370807412369699,0.00018791129618056512,0.00044626801019620466,0.06917754319771877,0.004785532482872168,0.005234155500714266,0.01900484365355801,0.00036118408229623977,0.001064823984323393
1731,5.3117431232263534e-05,4.978850440188569e-06,0.0001317997051576795,0.00012682085471749094,-0.000775534353196045,6.01453533866092e-07,0.0001052517155468724,-0.0025691403485493696,6.60048213041442e-06,0.00017210313649151932,0.002781117698980506,7.734615656285193e-06,0.0001180442634346468
1732,0.0008099174439695211,0.0004154349261964452,0.0006413208883999285,0.00022588596220348334,-0.026535405043939992,0.0007041277208458263,0.0009106584845754995,0.02071376848248629,0.00042906020474586803,0.0007031859527973916,-0.010635640695190508,0.00011311685299764118,0.00031011822782689435
1733,4.798957089968692e-05,4.709061147985712e-06,7.711420615215865e-05,7.240514500417294e-05,0.002054554193070121,4.221192932418738e-06,5.60137400581473e-05,0.001832902756142971,3.359532513180774e-06,5.305491774598714e-05,0.0025586046976143317,6.546457998357624e-06,0.00012227396065234153
1734,9.421876175375044e-05,1.8473920904889714e-06,9.138356881703096e-05,8.953617672654199e-05,0.00021253887061262536,4.517277152338295e-08,8.404246555315797e-05,-0.001969453533387808,3.878747220964485e-06,9.823540904285721e-05,0.0012721070232198522,1.6182562789790467e-06,9.187283185507766e-05
1735,-2.8003693685389206,1.52624661945433e-05,0.00012609991060197334,0.00011083744440743004,-0.003906720644541712,1.526246619398819e-05,0.00012609991060164027,-0.003906720644541712,1.5262466195209434e-05,0.00012609991060241743,0.003906720644541712,1.5262466194432278e-05,0.00012609991060186232
1736,9.313727334780975e-05,4.334808496283168e-05,0.00016198538078756228,0.00011863729582473059,0.007281899207970348,5.3026056074712e-05,0.00017478348419530665,-0.008174687083964285,6.682550892078698e-05,0.00026667121656032133,-0.00319259923780898,1.0192689892996043e-05,4.450144160705882e-05
1737,2.592724324668172e-05,9.5051117928735e-06,0.00029858580256580947,0.00028908069077293597,-0.002150494553530834,4.624626825378009e-06,0.0002702441821780255,-0.004436473380134744,1.9682296053091797e-05,0.00033469250391071625,-0.002051441566365296,4.208412500150693e-06,0.00029082072160868666
1738,0.00018255926364418862,5.511278378519021e-05,0.00020686639607177723,0.00015175361228658701,-0.009589125607141773,9.195132990968968e-05,0.0001655382868096522,-0.007657390256340334,5.8635625537872826e-05,0.0002744244745732649,0.0038407546014379386,1.4751395908008114e-05,0.00018063642683241454
1739,3.843863655161872e-05,2.501900401001104e-06,0.00017810756509162307,0.00017560566469062197,0.0008324020430631912,6.928931612915079e-07,0.00023467066615356913,-0.0024314305417586593,5.911854479845324e-06,0.00012889061848642136,0.0009491857363685828,9.009535618664799e-07,0.0001707614106348787
1740,0.00016570377287583593,1.3640636508475504e-05,0.00019948137695509813,0.00018584074044662263,0.0005841187134418664,3.4119467084980926e-07,0.00019416647460379632,-0.0012790524866435151,1.635975262925804e-06,0.0002519805845391243,0.006240572056458254,3.89447395916509e-05,0.00015229707172237372
1741,2.443560790987842e-05,6.611199455700915e-06,0.00015605354018026021,0.0001494423407245593,-0.00242911469295963,5.900598190722306e-06,0.00015949374644064207,0.002539414226956134,6.448624615962295e-06,0.00014995995961863962,0.002735758680866227,7.484375560418144e-06,0.00015870691448149898
1742,0.00012167738704749187,3.3731167582355205e-05,0.00024281069268254166,0.00020907952510018646,-0.008354252523692918,6.979353522995613e-05,0.00021214405969183225,0.004333518954875475,1.877938653160882e-05,0.0002649666058719413,-0.0035525457049600624,1.2620580985500673e-05,0.0002513214124838514
1743,0.00012296970625413906,6.347918807314556e-05,9.374462863124637e-05,3.0265440558100806e-05,0.008905583110613529,7.930941054046237e-05,9.811025631556447e-05,-0.010521824668143658,0.00011070879434749159,0.00015528519408103403,-0.0006475795949718323,4.193593314827382e-07,2.78384354971406e-05
1744,-7.6586781068763,9.893693553308935e-08,0.00012800924260044275,0.00012791030566490966,0.0001737462619127494,3.018776273400192e-08,0.00012794045064246085,0.0005152184044878005,2.654500051990638e-07,0.00012829285711080107,3.4249652928011595e-05,1.1730386662023307e-09,0.0001277944200480663
1745,5.318562859768505e-05,2.2468039404754947e-05,0.0002096150031872431,0.00018714696378248816,-0.007078501966226355,5.0105190085969475e-05,0.00018432768228415775,0.003008150708155726,9.048970682989932e-06,0.0002946646601019731,-0.002872273915422437,8.249957445305434e-06,0.00014985266717559842
1746,0.0004745309180325119,0.0001988531273700763,0.0003405778028060154,0.0001417246754359391,-0.00724957085023165,5.255627751221681e-05,0.0001911514494148392,-0.020147141546360006,0.0004059073124890178,0.0005247310238972736,0.011751416600110478,0.00013809579210899425,0.00030585093510593353
1747,8.853162290467509e-05,1.9982904428728077e-05,0.00019020169492182473,0.00017021879049309666,-0.0038686299961250515,1.4966298046648063e-05,0.00019082751756971383,0.005036560928856733,2.5366945989979683e-05,0.00020182407189428542,0.004428935453282343,1.9615469249556483e-05,0.00017795349530147497
1748,2.8885937940592576e-05,1.1436493581780857e-05,0.00011913259972658648,0.00010769610614480563,-0.00510896594221131,2.6101532998645816e-05,0.0001607822507360135,0.0013541807369586878,1.8338054683653127e-06,8.367069279313633e-06,-0.0025247063747662404,6.3741422783314405e-06,0.00018824847916443233
1749,0.00012831218026398972,4.0729333793028864e-05,0.00039735332671438545,0.0003566239929213566,-0.010373364511647342,0.00010760669129139533,0.00024593831893859885,0.0024208121816478335,5.8603316187566534e-06,0.000536780117066038,-0.002953130283096302,8.720978468934604e-06,0.00040934154413851953
1750,3.681080127049263e-05,1.671958091116939e-05,7.86431937137196e-05,6.192361280255021e-05,-0.0040067597247634215,1.605412349170443e-05,8.28146410415398e-05,-0.00398996424083114,1.5919814643217123e-05,6.996145440518742e-05,-0.004264364501114339,1.8184804598586624e-05,8.31534856944316e-05
1751,0.00012199021279135636,8.393339957131948e-06,0.0001795578104417291,0.00017116447048459715,-0.002338088861344638,5.4666595243890725e-06,0.00017487282208306087,0.004033445825940237,1.626868523019187e-05,0.00015273732723353195,0.0018559835981982714,3.4446751168148992e-06,0.00021106328200859448
1752,-3.0679580638444115,1.0,1.0,0.0,0.0,1.0,1.0,0.0,1.0,1.0,0.0,1.0,1.0
1753,4.039431459135212e-05,7.806101434989129e-06,0.00016832301462380941,0.00016051691318882028,-0.0031001592538392768,9.610987398933624e-06,0.00016865514964492512,-0.0030744988151648186,9.452542964583088e-06,0.0001934098850624455,-0.0020868095125919236,4.354773941450674e-06,0.00014290400916405765
1754,2.8836534879062015e-05,9.76182285705729e-06,0.00042406547684803453,0.00041430365399097724,0.0048491589902130774,2.351434291258947e-05,0.000415709499647976,0.0020357357945448426,4.144220225543727e-06,0.00031232345420528773,-0.0012755020318797165,1.6269054330386723e-06,0.0005441634766908399
1755,0.001033926523883677,0.0003837552986009814,0.0008090961139307998,0.00042534081532981843,0.02343124726695566,0.000549023348485056,0.0007139161708568098,0.009112718258628756,8.304163406103182e-05,0.0007306687104331466,-0.022785980629695946,0.0005192009132568565,0.0009827034605024432
1756,0.0002998635362726487,0.00010580787855396512,0.0002681172288470461,0.00016230935029308097,-0.007230375207436391,5.227832564036472e-05,0.0002879838518214939,0.0052881388627155045,2.7964412631309443e-05,0.00011095854313680764,-0.01540067847175571,0.0002371808973902212,0.00040540929158283667
1757,9.19409743875832e-05,7.112492464489417e-05,0.00017275572077146695,0.00010163079612657278,0.00848697084758541,7.202867416777892e-05,0.0001704736061675094,0.008523259443844414,7.264595154676812e-05,0.00017790233646908238,0.008288555255317544,6.870014822013548e-05,0.00016989121967780907
1758,0.00022360435398238732,6.103129250922823e-05,0.0004971933792129087,0.0004361620867036805,0.012401484476624659,0.00015379681722382799,0.0005845955355893162,0.00271321030700477,7.361510170000862e-06,0.0007005909550878986,-0.004683540341850142,2.193555013385584e-05,0.0002063936469615113
1759,5.348216033462805e-05,1.7126429092573225e-05,0.00020626585365135508,0.00018913942455878185,0.00013610274928871298,1.852395858925604e-08,0.00017757571454601884,-0.006472473545059289,4.189291379141924e-05,0.00021187480695683547,0.003076987086097737,9.46784952771118e-06,0.00022934703945121093
1760,-3.0679580638444115,1.0,1.0,0.0,0.0,1.0,1.0,0.0,1.0,1.0,0.0,1.0,1.0
1761,-3.0679580638444115,1.0,1.0,0.0,0.0,1.0,1.0,0.0,1.0,1.0,0.0,1.0,1.0
1762,9.296465812491661e-06,5.2005314870040564e-06,0.00010762437973810268,0.00010242384825109863,-0.0019665493114914955,3.8673161941726875e-06,0.0001567130660269367,-0.0018851781626244976,3.5538967049220105e-06,0.00010931664424651544,-0.0028601366333980837,8.180381561917471e-06,5.684342894085592e-05
1763,0.00022390511683612058,0.00010260884898412777,0.00020384097308416096,0.0001012321241000332,-0.0029518258913913444,8.713276092975342e-06,0.00019234435701320773,0.01324085092194092,0.00017532013313648065,0.00020875627403216246,-0.011126236458163557,0.00012379313772292733,0.00021042228820711273
1764,0.00011890557151483794,3.802115644583696e-05,0.0002558410388779538,0.00021781988243211683,-0.0011651100322458785,1.357481387187498e-06,0.0003821890842897746,-0.007446876512512154,5.545596979261713e-05,0.00012326668391626772,0.007566374175100367,5.725001815770625e-05,0.0002620673484278191
1765,3.820423595279898e-05,3.101519383900501e-05,0.00019807629295679843,0.00016706109911779343,-0.006132409713542885,3.760644889472253e-05,0.00023709543089223128,-0.0041995500184105646,1.7636220358219212e-05,0.00011981268789551525,0.0061484072948586165,3.7802912264073285e-05,0.0002373207600826488
1766,0.0001372383370853436,2.2933187619330237e-05,0.00016342404439473324,0.000140490856775403,-0.007814097098645762,6.106011346707074e-05,0.0002770406590268948,-0.0018861416736787665,3.5575304127011265e-06,0.00012481771556616117,0.0020449740776320694,4.181918978218846e-06,8.841375859114375e-05
1767,0.0008008956353702246,0.00021728294472408058,0.0004266066337617058,0.00020932368903762524,0.0073034981485186,5.3341085205493854e-05,0.0002219849631077686,-0.022836749514376895,0.0005215171283823317,0.000626766406899848,-0.008774429929324859,7.699062058441619e-05,0.0004310685312775009
1768,7.88296072394834e-05,1.7539542860804207e-05,0.00016146870149139994,0.00014392915863059574,0.004350697475369082,1.8928568522258438e-05,0.0001438195677652132,0.005593330605066272,3.128534725860277e-05,0.00022508391440589914,-0.0015507136425897752,2.404712801551412e-06,0.0001155026223030875
1769,0.00013979252113538454,7.625456126728973e-05,0.00021244134614017973,0.00013618678487289,0.0114636638636727,0.00013141558917895146,0.00024994438453085355,-0.00016679617509880487,2.782096397702105e-08,0.00017170748313632966,-0.009865103834208558,9.732027365894069e-05,0.00021567217075335599
1770,1.2090740352799223e-05,3.7784397081130905e-06,0.00017315087796791287,0.00016937243825979978,-0.00020401654031621674,4.1622748470082627e-08,0.0002221710767904561,0.0031432354721658354,9.879929233513884e-06,9.36947494645235e-05,-0.0011890194034982788,1.4137671423553044e-06,0.00020358680764875903
1771,9.956371533725861e-05,2.3769829852267794e-05,0.00017484146410399562,0.00015107163425172782,-0.0024175878279685727,5.844730906812146e-06,0.00023302739181219057,-0.007868567308942382,6.191435149527358e-05,0.00015654104379814182,0.0018842524126422352,3.5504071547176608e-06,0.0001349559567016545
1772,0.000316188626843128,0.00013932564568364114,0.0009307674815446365,0.0007914418358609954,-0.01580206555659665,0.00024970527585443936,0.001318526297058198,0.010841253293719329,0.0001175327729789899,0.0010543877143163183,0.007123123487442762,5.073888821749417e-05,0.00041938843325939335
1773,-2.789435825521286,1.4377579756234363e-05,0.00011411310889071953,9.973552913448516e-05,-0.004979634038169922,2.479675515476565e-05,9.337443862034167e-05,0.0014514995202091366,2.1068508566646216e-06,0.00016907196429960525,-0.004028539841982346,1.622913325727282e-05,7.989292375221169e-05
1774,0.000634689957040746,0.00017638753730686574,0.0003432515709616002,0.00016686403365473446,-0.006561975407307756,4.30595212461693e-05,0.00013721686577516934,0.020128535259154166,0.00040515793167894554,0.0005994280348433634,-0.008996952761667346,8.094515899548238e-05,0.00029310981226626787
1775,1.6966412842434053e-05,3.2520170815860303e-06,0.0001482286674182228,0.00014497665033663676,0.0016251209063314893,2.6410179602143202e-06,0.00015336968404211504,-0.0018010991817234703,3.2439582628995822e-06,0.00014874144582099902,-0.001967504770516414,3.871075021644188e-06,0.0001425748723915543
1776,0.0001845329659894146,7.614320044061855e-05,0.0003175181842516676,0.00024137498381104905,0.008824854837530618,7.787806290371346e-05,0.000289523929859814,0.0041621430110623985,1.732343444438289e-05,0.0001749788934670704,-0.011542447919469056,0.00013322810397375928,0.00048805172942811836
1777,0.0002481970142667045,8.680341737625034e-05,0.0005317929206801372,0.0004449895033038868,0.00822399730652151,6.76341316977469e-05,0.00036961001432711527,-0.007140297580342198,5.0983849536390125e-05,0.0005530071166641726,0.0119076559781908,0.000141792270894614,0.0006727616310491236
1778,-3.00808102260497,2.8645433286881666e-05,0.0001310702173645447,0.00010242478407766302,-0.005352142868673912,2.8645433287288746e-05,0.00013107021736480373,0.005352142868673911,2.864543328751079e-05,0.0001310702173651368,0.005352142868673914,2.8645433285845456e-05,0.0001310702173636935
1779,-3.0679580638444115,1.0,1.0,0.0,0.0,1.0,1.0,0.0,1.0,1.0,0.0,1.0,1.0
1780,0.00019152447630055303,4.153861934423168e-05,0.0002762930999877418,0.00023475448064351015,0.00013589447706091284,1.846730857124612e-08,0.0003471106723667017,0.0075748138703684515,5.7377805171121565e-05,0.000216991492355878,0.00819875512216247,6.721958555300223e-05,0.00026477713524064583
1781,-2.8446786029594264,1.0728471136663606e-05,0.00012678993438549244,0.00011606146324882884,0.0032754344959133744,1.0728471136700612e-05,0.00012678993438575148,-0.0032754344959133774,1.0728471135701412e-05,0.0001267899343838641,0.003275434495913373,1.0728471137588791e-05,0.0001267899343868617
1782,0.00039775113826534536,0.00013357844005912334,0.00048314999277743187,0.00034957155271830853,-0.00917767917057218,8.422979495781302e-05,0.0004951590185261479,0.007209334919917754,5.197450998761788e-05,0.0003651683722514232,-0.01626440946459298,0.0002645310152319391,0.0005891225875547246
1783,0.00017397864436696775,9.788553565300469e-05,0.00018227169272751662,8.438615707451193e-05,-0.009894094541659595,9.78931067994182e-05,0.0001767608203565585,-0.011043014267989471,0.00012194816412314236,0.00021660528718359107,-0.008591585187628868,7.381533603645352e-05,0.00015344897064240026
1784,5.6387460341422724e-05,1.7340622808337258e-05,0.0002901906926618958,0.00027285006985355853,-0.002092152920750326,4.377103843378194e-06,0.0002096262416878547,0.0058217384011365475,3.3892638011123744e-05,0.0005462108685038158,-0.003708385979193163,1.3752126570509837e-05,0.00011473496779401682
1785,9.646226068182884e-05,3.3690734873100446e-05,0.00012938351960952352,9.569278473642306e-05,0.006069748980130316,3.6841852682156784e-05,9.774148282470918e-05,0.005358540643605346,2.8713957829440417e-05,0.00016870528539214558,0.005959563248045145,3.551639410770413e-05,0.00012170379061171577
1786,-1.943113905995089,3.915115850405826e-07,0.00019540286283999583,0.00019501135125495525,-0.0005807966511599841,3.37324749799528e-07,0.00019558824107113182,0.000690946443387271,4.774069876090081e-07,0.00019470390457398956,0.0005998358257973812,3.5980301771321166e-07,0.0001959164428748661
1787,0.00026932233775467385,7.042300789987059e-05,0.000309168973626317,0.0002387459657264464,0.007336886318035171,5.3829900844126755e-05,0.00013287674517725723,-0.0006274139335049822,3.936482441124767e-07,0.000558204068661472,0.012531778589301606,0.00015704547461137253,0.00023642610704022182
1788,4.173622336667293e-05,8.610411199372336e-06,9.505506779017292e-05,8.644465659080058e-05,-0.0019187801688859063,3.6817173362235778e-06,8.330047435090027e-05,0.0030966952223396914,9.589521300701342e-06,0.00012832830632536485,-0.003544008318528284,1.2559994961192089e-05,7.353642269425364e-05
1789,6.689059647180251e-06,1.4802187705183675e-07,0.00010935975196509536,0.00010921173008804352,-0.0005512551884950365,3.038822826706422e-07,0.00012233104504166814,-0.0001353613321807258,1.8322690698013844e-08,8.264604347729687e-05,0.0003490854589643323,1.2186065778685418e-07,0.00012310216737632107
1790,6.144845389910447e-05,2.8217354314611736e-05,0.00018910712009197658,0.00016088976577736486,0.0067868605926624664,4.6061476704717386e-05,0.0002315826675146626,-0.003877428139360779,1.5034448976103398e-05,0.00016074417774891714,-0.004853466520212957,2.355613726301442e-05,0.00017499451501234997
1791,0.00014646410268914778,6.252930097550013e-05,0.0001882843709666293,0.00012575506999112918,-0.008005549244715995,6.408881870967331e-05,0.0001772571838991599,-0.004301471428645809,1.8502656451202526e-05,9.259544694484312e-05,-0.010246776457290198,0.00010499642776562457,0.0002950004820558849
1792,0.0003098888767320007,0.00015225983391205697,0.00041533078687905345,0.00026307095296699645,-0.010850162002554188,0.0001177260154817672,0.0005685761253884092,0.010365222342050558,0.00010743783419986386,0.00023069145651233303,-0.015218924142481098,0.00023161565205453982,0.00044672477873641814
1793,7.452860765899683e-05,2.3896780298349185e-05,0.00022698854001464616,0.00020309175971629698,0.00570484816754048,3.254529261476069e-05,0.0002507603118614421,0.001798548109547848,3.234775302618509e-06,0.00021540163489197628,0.005992518083174258,3.5910272977668356e-05,0.00021480367329052008
1794,2.5416832539981726e-05,7.606681077909627e-06,0.0002560520294898246,0.00024844534841191496,-0.003282850898438839,1.0777110020954161e-05,0.00012110604906157008,-0.0004608469446572039,2.1237990655009753e-07,0.0003193128752627672,-0.003439557138037082,1.1830553306224623e-05,0.00032773716414513654
1795,-3.0679580638444115,1.0,1.0,0.0,0.0,1.0,1.0,0.0,1.0,1.0,0.0,1.0,1.0
1796,0.00010621144593292442,4.03598186053585e-05,9.399714684998894e-05,5.3637328244630446e-05,-0.001643039630737527,2.6995792277162423e-06,6.359107052200663e-05,0.0073374654739186435,5.3838399580841134e-05,9.959806895576406e-05,0.00803377103281317,6.454147700751811e-05,0.00011880230107219614
1797,0.0007986169104439167,0.0002853379945658707,0.0005549692046361946,0.00026963121007032387,0.021306484393214312,0.0004539662771982922,0.0006093024221435206,-0.005026177867238307,2.5262463953179548e-05,0.00023959221749580983,0.01941095676533943,0.00037678524254614043,0.0008160129742692535
1798,7.305646205069127e-05,3.166129779674787e-05,0.00020655101088692027,0.0001748897130901724,0.0005043712233693271,2.5439033080054685e-07,0.00018406623042488413,0.005833765290598687,3.4032817465612375e-05,0.00016377998869321342,-0.007790807762640755,6.069668559383068e-05,0.00027180681354266323
1799,3.9977459101780966e-05,1.6664259335774645e-06,0.0003313670089568251,0.0003297005830232476,-0.000932747646636703,8.700181722831601e-07,0.000348953930907836,0.00047480496599701014,2.254397559742216e-07,0.00027620140585271624,0.00197580866288138,3.903819872475012e-06,0.00036894569010992306
1800,0.0001222784836081292,3.431781769328938e-05,0.00017162925831889128,0.0001373114406256019,0.008050330674012342,6.480782396101059e-05,0.00018594048586451084,-0.0019361759855051322,3.748777446688223e-06,0.0001867085607262231,-0.005864882920589649,3.4396851672169326e-05,0.00014223872836593987
1801,0.00011871445203104347,1.53852803825479e-05,0.000185638678219191,0.0001702533978366431,0.0039008416816588734,1.5216565825260098e-05,0.00011098586978708358,-0.0014691833448030715,2.1584997008661233e-06,8.805096278163838e-05,-0.005364771721301011,2.8780775621517485e-05,0.00035787920208885105
1802,-3.027996525936473,1.940590726419907e-05,0.00011879703625324496,9.93911289890459e-05,-0.004405213645731405,1.9405907264680167e-05,0.00011879703625372606,-0.004405213645731406,1.9405907263236877e-05,0.0001187970362523938,-0.004405213645731406,1.9405907264680167e-05,0.00011879703625361504
1803,0.00016017681891045132,7.3756230418535e-05,0.00020092695731466215,0.00012717072689612713,-0.00752780239803698,5.666780894386658e-05,0.0001311809696542543,0.011986667642909685,0.00014368020118138425,0.00021533612617874454,-0.00457391310916817,2.092068113035417e-05,0.0002562637761109876
1804,8.89613247102572e-05,3.880617634866024e-05,0.00016305717684883536,0.00012425100050017512,0.00858847895405157,7.376197074460134e-05,0.00010656158710342645,-0.0040075363256565615,1.6060347401314345e-05,0.00016295252622611223,-0.00515715143270565,2.659621090006503e-05,0.0002196574172169674
1805,-2.970589697821958,1.2698523561708678e-05,0.00012159154095240747,0.00010889301739069879,0.00356349878089362,1.269852356167167e-05,0.00012159154095237046,0.003563498780893618,1.2698523561893715e-05,0.00012159154095270353,0.0035634987808936184,1.2698523561560648e-05,0.00012159154095214841
1806,-3.0679580638444115,1.0,1.0,0.0,0.0,1.0,1.0,0.0,1.0,1.0,0.0,1.0,1.0
1807,-2.970286285053244,1.3459456096690895e-05,0.0001210511931278857,0.0001075917370311948,0.003668713138998341,1.3459456097320022e-05,0.00012105119312810775,-0.003668713138998342,1.3459456097097977e-05,0.00012105119312877388,-0.0036687131389983433,1.3459456095654687e-05,0.00012105119312677548
1808,5.007077918284253e-05,1.7270590142300552e-05,0.00018363741471309294,0.00016636682457079238,0.006387206578349525,4.0796407874021945e-05,0.00026893887321088883,0.003308655981416817,1.0947204403533028e-05,0.00024028060542935492,-0.00026107115675246895,6.815814934668651e-08,4.169276549903511e-05
1809,6.920665996057451e-05,8.889168702822895e-06,0.00014415655392844653,0.00013526738522562365,-0.0004107839569076032,1.6874345920570022e-07,6.959049283195018e-05,-0.0014849512581159858,2.2050802390705115e-06,0.00021055979448236783,0.004928862182113454,2.4293682410192474e-05,0.00015231937447102162
1810,-2.9661194394324752,4.882568558276882e-05,0.00021151657525383025,0.00016269088967106143,0.0071785495955084,5.1531574296270755e-05,0.0002246417615722196,0.006580383092326671,4.330144164244043e-05,0.000185909585064592,0.007186378838447273,5.164404080959528e-05,0.00022399837912467913
1811,0.0003748158987283423,0.0003021582280341069,0.0006603083208526576,0.00035815009281855065,-0.01723993128577367,0.0002972152307381126,0.0006636750256479029,-0.01725387831157999,0.00029769631679088526,0.0006550357313221955,-0.01765115114018152,0.0003115631365733229,0.0006622142055878744
1812,5.894261737415807e-05,2.0328456895035707e-05,0.00021210553128951185,0.00019177707439447614,0.007154493171619315,5.118677254278836e-05,0.00015623671857512011,0.0015644800886619047,2.447597947652369e-06,9.781908258366112e-05,0.002711272799687774,7.3510001946663905e-06,0.0003822607927097543
1813,2.275774510585027e-05,7.241103762896846e-06,0.00011357859331147709,0.00010633748954858024,0.0005038552786987161,2.5387014124245155e-07,0.00011392581478342212,-0.0006318657291328961,3.9925429995424366e-07,8.588177171919842e-05,-0.0045902273198121955,2.1070186847493844e-05,0.00014092819343181073
1814,0.00015629000596462106,1.4815576616200588e-05,0.00014042366257878877,0.00012560808596258818,0.0005376644906863677,2.890831046764575e-07,0.00011093495271008447,0.005924306142532567,3.5097403270789584e-05,0.00018681573614265368,-0.0030100238326239833,9.06024347313572e-06,0.00012352029888362814
1815,-3.0679580638444115,1.0,1.0,0.0,0.0,1.0,1.0,0.0,1.0,1.0,0.0,1.0,1.0
1816,-2.921868890052534,2.8941405117148083e-05,0.00013352788371297683,0.00010458647859582874,-0.005379721658007839,2.8941405116666985e-05,0.0001335278837129028,0.005379721658007836,2.8941405116778007e-05,0.00013352788371256974,-0.005379721658007838,2.8941405117999253e-05,0.00013352788371345792
1817,3.8720339938236314e-05,6.2234782226185574e-06,0.00045997398072624335,0.0004537505025036248,0.0037303839191122645,1.3915764183747292e-05,0.0004278472593800542,0.001448242844273636,2.097407335921453e-06,0.00028503243485655805,-0.0016301113914001409,2.657263148186928e-06,0.0006670422479421179
1818,6.92644991140412e-05,2.6344951812640183e-05,0.0002872495440202627,0.0002609045922076225,-0.003537666462226942,1.2515083997688414e-05,0.00030205452848242054,0.005067314627272149,2.5677677531588117e-05,0.000286627108265769,0.006390781948153125,4.084209390864402e-05,0.0002730669953125986
1819,7.179660316369851e-05,2.5130827240908243e-05,0.00019117586156565855,0.00016604503432475032,2.1609795211141252e-05,4.669837849746727e-10,0.00016325863787824968,0.00821414440685738,6.747216833691283e-05,0.0002248365007233577,0.00281422216649115,7.91984640202692e-06,0.00018543244609536824
1820,0.002241320748107567,0.0003240168444139287,0.0006049341604510058,0.0002809173160370771,-0.028926311644940826,0.0008367315053802171,0.001131107548187793,-0.011615456544036985,0.00013491883072636046,0.00042965018355345386,-0.0006326113619911938,4.001971352085576e-07,0.00025404474961177037
1821,1.6595101921534905e-05,2.581083004031074e-06,0.00017217111437158503,0.00016959003136755396,-0.0012940351937265942,1.6745270825513359e-06,0.00018609724059359678,-0.002179445729018464,4.749983685714554e-06,0.00015770618832611216,0.0011483632888983062,1.3187382438273332e-06,0.0001727099141950461
1822,-3.0679580638444115,1.0,1.0,0.0,0.0,1.0,1.0,0.0,1.0,1.0,0.0,1.0,1.0
1823,9.238769829189586e-05,2.3641555123576907e-05,0.0001705043210487034,0.00014686276592512648,0.0016251783036472067,2.64120451831662e-06,0.00019188248684953724,-0.0015941000411076943,2.5411549412490686e-06,0.00015052141648730366,-0.0081081629183716,6.574230591116503e-05,0.00016910905980926927
1824,9.959143729532105e-05,2.973044828406361e-05,0.0001663877276938397,0.0001366572794097761,0.009311221076086142,8.669883792700173e-05,0.00017351227353767928,0.0009663233442092473,9.337808047904517e-07,0.00019276436302206879,0.0012484895356519967,1.5587261203986458e-06,0.000132886546521771
1825,-2.909456151038954,3.248766459037119e-06,0.0001225829828041721,0.00011933421634513498,-0.001802433482447252,3.2487664599623045e-06,0.00012258298280465318,0.001802433482447253,3.2487664592961707e-06,0.00012258298280465318,0.0018024334824472531,3.2487664578528808e-06,0.0001225829828032099
1826,0.00016208887937763095,5.5349093149192896e-05,0.00010086504050943468,4.551594736024178e-05,0.008521401976269046,7.261429164129307e-05,0.00010430763827262712,0.008803067700398405,7.749400093781666e-05,0.0001394645834356112,0.0039923660739847435,1.5938986868468952e-05,5.882289982006572e-05
1827,0.09282423379764904,0.059386516071723884,0.06587508200597307,0.006488565934249187,0.29010943968341407,0.08416348699342491,0.09317510509784888,0.2997254703290149,0.08983535756394945,0.09787395990920233,0.06450351663124382,0.0041607036577973044,0.0065761810108679875
1828,4.3535643101222377e-05,2.1143175850483567e-06,9.852261635534543e-05,9.640829877029707e-05,-0.0018789209823823526,3.530344058755297e-06,0.00010149893129240972,0.0010423206922751378,1.086432425800865e-06,9.661087103063348e-05,-0.0013138402757915803,1.7261762705889083e-06,9.745804674299308e-05
1829,-1.610102517336235,7.399904898515904e-05,0.00015592151001068513,8.19224610255261e-05,-0.007528280053393429,5.667500056183439e-05,0.00012064548766554939,-0.008745232571679565,7.647909273134079e-05,0.00014820587097175153,0.009425659322419053,8.884305366230194e-05,0.0001989131713947545
1830,-3.0679580638444115,1.0,1.0,0.0,0.0,1.0,1.0,0.0,1.0,1.0,0.0,1.0,1.0
1831,8.06385347730254e-05,5.1412442762706805e-06,0.00015923826763023877,0.00015409702335396808,-0.0021821357794258086,4.7617165597202415e-06,0.00018125888116582445,0.0025472401537776517,6.488432401474675e-06,9.714314461672924e-05,0.0020429351109308466,4.1735838676171255e-06,0.00019931277710816264
1832,1.1174708499983588e-05,1.5074581328026564e-06,0.0001629212382486441,0.00016141378011584145,0.00021755763031714692,4.733132263901041e-08,0.00017127794204174762,0.0011916865600589712,1.4201168576644108e-06,0.00011588590375644081,-0.001747834722653196,3.0549262181045478e-06,0.00020159986894774384
1833,5.6831231568521545e-05,2.1362289366481473e-05,0.0002343252795655356,0.00021296299019905412,0.005009993096162558,2.510003082289991e-05,0.00027886384605912973,0.002517962093920502,6.340133106852441e-06,0.0002628481374795655,-0.005713729444927839,3.2646704169692065e-05,0.00016126385515791153
1834,0.00010084427518730621,3.1798574139337475e-05,0.00022480770907099915,0.00019300913493166166,-0.00907422859456582,8.234162458675698e-05,0.00040693531442925757,0.0034553830697068052,1.1939672158067793e-05,0.00010628445874572012,-0.0010556636176452187,1.1144256731876467e-06,0.00016120335403801977
1835,-2.808872351795607,7.917503870487804e-06,0.00012155265515971052,0.00011363515128922272,0.00191199756239626,3.655734678753575e-06,0.00012452585659028514,0.0035053461263145386,1.2287451465864407e-05,0.00012001864387922723,-0.0027945170367086884,7.80932546684543e-06,0.00012011346500961917
1836,0.00010973636911593143,1.3611059923849625e-05,8.16846107394668e-05,6.807355081561717e-05,-0.0006133905803616175,3.762480039748439e-07,7.924310265494672e-05,-0.006212905175834352,3.860019072410292e-05,0.00011777702963988723,-0.0013626228543772553,1.8567410434711107e-06,4.803369992356643e-05
1837,-3.0679580638444115,1.0,1.0,0.0,0.0,1.0,1.0,0.0,1.0,1.0,0.0,1.0,1.0
1838,4.629608309869582e-05,1.5407444473110783e-05,7.370939324665333e-05,5.8301948773542556e-05,0.0008561547839619692,7.330010142192478e-07,9.648035224008034e-05,0.0026143205660800377,6.834672021560628e-06,7.77756821729314e-05,0.006217287220549235,3.8654660383552475e-05,4.687214532694828e-05
1839,-2.915614696106514,8.358524798227998e-09,0.00011961096812207472,0.00011960260959727649,-9.142496343776086e-05,8.358525982465892e-09,0.00011961096812362904,-9.142496343776096e-05,8.35852276281912e-09,0.0001196109681199653,9.142496343776087e-05,8.358525649398985e-09,0.00011961096812262983
1840,7.52791618124915e-05,1.726486376374403e-05,0.00010963816873118167,9.237330496743763e-05,-0.00032905009869383723,1.0827396812462808e-07,9.284564220513047e-05,0.007038204056181827,4.953631633619615e-05,0.00014232108515432884,-0.0014662881664612906,2.1500009869113157e-06,9.37477788340857e-05
1841,0.000711762570628327,0.00016306981368515347,0.0017172183571456296,0.0015541485434604763,0.0017210015923926855,2.9618464811864698e-06,0.0013845216373634672,-0.003266170372873832,1.0667868904801203e-05,0.0020931379746274015,-0.02180779048114291,0.0004755797256694727,0.0016739954594460205
1842,0.0006826385043527949,0.00027194646098960273,0.0016141347661196754,0.0013421883051300727,-0.019552283481474402,0.00038229178934001684,0.0025245679696367374,0.0198530162777102,0.0003941422553230822,0.001533983355376467,-0.006277367147577478,3.940533830570914e-05,0.0007838529733458222
1843,1.2929311860032655e-05,7.1435848061722025e-06,8.01388865034151e-05,7.299530169724289e-05,0.0014793117268529121,2.188363185329223e-06,8.18609978231466e-05,-0.0035436145112662334,1.2557203804441919e-05,8.218899146616998e-05,-0.0025855729400428005,6.685187428745465e-06,7.636667022092869e-05
1844,2.9823836504960788e-05,1.6321727188572943e-05,0.00013034539803528458,0.00011402367084671164,0.004768260805188541,2.2736311105941986e-05,0.00012777329878310706,-0.004596746632751593,2.1130079605913288e-05,0.00017647914465090953,-0.002258050232916241,5.098790853863555e-06,8.678375067183719e-05
1845,0.00011965887565101863,4.8742682399553296e-05,0.000217767471514733,0.0001690247891151797,-0.0038068510674343498,1.4492115049113963e-05,8.704790264801865e-05,-0.009504474045659767,9.033502688438055e-05,0.000379126634895699,0.006434353523472466,4.140090526516538e-05,0.0001871278770004814
1846,-3.0679580638444115,1.0,1.0,0.0,0.0,1.0,1.0,0.0,1.0,1.0,0.0,1.0,1.0
1847,0.0019970393863147917,0.0001798198770137649,0.0009428169830657529,0.000762997106051988,0.004763545825440423,2.2691368831040393e-05,0.0007605198569370364,-0.001165756904080183,1.3589891589838032e-06,0.0004373078729054125,0.02270262700771675,0.0005154092730512705,0.0016306232193548098
1848,0.0023420459425843587,0.0008016160351925391,0.0021456632290031883,0.001344047193810649,0.00987470063031644,9.750971253841278e-05,0.0008094229406004905,-0.047921004064419896,0.002296422630541861,0.00431255409613962,0.0033039011028408653,1.0915762497343273e-05,0.0013150126502694537
1849,0.0014012610047255958,0.000422556019415173,0.0006539901990143168,0.00023143417959914375,0.01841040027182002,0.0003389428381679327,0.0005445945204560765,-0.030129134902477653,0.00090776476997112,0.0012137598513249914,-0.004578258414050211,2.096045010646641e-05,0.00020361622526188228
1850,-2.9148854513643867,4.6959808012614346e-05,0.0001369253947175094,8.996558670489505e-05,-0.00685272267147396,4.6959808011615145e-05,0.00013692539471632514,0.006852722671473951,4.695980801328048e-05,0.00013692539471843457,-0.006852722671473957,4.695980801294741e-05,0.00013692539471776843
1851,-3.0679580638444115,1.0,1.0,0.0,0.0,1.0,1.0,0.0,1.0,1.0,0.0,1.0,1.0
1852,-3.0679580638444115,1.0,1.0,0.0,0.0,1.0,1.0,0.0,1.0,1.0,0.0,1.0,1.0
1853,9.684566873779943e-06,2.415206267573448e-06,0.0002888510792753059,0.00028643587300773243,-0.0014881535580325215,2.214601012240358e-06,0.00026113841434205476,0.0005725509847990546,3.278146299967588e-07,0.0004788766396471855,0.0021686869668602667,4.703203160483227e-06,0.00012653818383667748
1854,-3.0679580638444115,1.0,1.0,0.0,0.0,1.0,1.0,0.0,1.0,1.0,0.0,1.0,1.0
1855,0.00022636846767865038,8.825313459056201e-05,0.0003098556949591898,0.0002216025603686278,-0.013306508552615108,0.00017706316986076942,0.000348715727840454,-0.0049874024007683275,2.4874182707912418e-05,0.00017270525028501016,0.007926036285752709,6.282205120300421e-05,0.0004081461067521053
1856,1.8487145613033107e-05,9.872919228270938e-06,0.00015418121958676867,0.00014430830035849773,0.003884701575377671,1.5090906328896203e-05,0.00019200561505305913,0.0023619984603323063,5.579036726932607e-06,0.00015034198142316324,0.0029914569407972487,8.948814628984003e-06,0.00012019606228408364
1857,7.06243006798335e-06,1.6914760500400898e-06,0.00012972589518730113,0.00012803441913726105,-0.0013291067866521096,1.7665248500664532e-06,0.00013152222880963294,0.001080428641807118,1.1673260499334148e-06,0.0001229678146551505,-0.001463071170638364,2.1405772501204012e-06,0.00013468764209711992
1858,0.0017843280634870506,0.0008925245232474325,0.0013507227166256925,0.00045819819337826007,-0.028196070100354024,0.0007950183691037838,0.0012930926724683545,-0.01589059565334878,0.00025251103021839416,0.0008338601459247919,0.04037380549837085,0.0016300441704201196,0.0019252153314839315
1859,-3.0679580638444115,1.0,1.0,0.0,0.0,1.0,1.0,0.0,1.0,1.0,0.0,1.0,1.0
1860,7.664462895384805e-05,3.488114870993838e-05,0.00019818087915916363,0.00016329973044922524,0.001829867828888082,3.3484162706987064e-06,0.00014092954033262384,-0.006666131779138927,4.4437312897049885e-05,0.00012984274515281946,0.0075404056231781974,5.685771696206654e-05,0.0003237703519920476
1861,0.00019834422383102623,3.8745628323844095e-05,0.0008147735466289182,0.0007760279183050741,0.0007337023659448462,5.383191618024696e-07,0.001214135203382427,-0.0029075467937196555,8.453828357679605e-06,0.0006587792191898867,-0.010355903507277144,0.00010724473745205021,0.0005714062173144407
1862,0.0001771390893415825,5.223626141777812e-05,0.00020237503014567762,0.0001501387687278995,0.0020359367563412187,4.145038475789065e-06,8.580424114112972e-05,-0.012351608438649067,0.00015256223102211308,0.00031520883983238157,3.891986514197907e-05,1.5147554321970347e-09,0.0002061120094635216
1863,8.89723850685531e-05,2.1853128719162562e-05,0.00014196683231889237,0.00012011370359972981,-0.005577068406151661,3.1103692006650974e-05,0.0001689814308295512,-0.0036736727188965107,1.3495871245550184e-05,0.00011842198418166028,-0.004578189915783247,2.095982290528653e-05,0.00013849708194546562
1864,8.920657282951439e-05,2.055227357885177e-05,0.00014943827023787085,0.00012888599665901906,-0.006480324444315174,4.199460490361684e-05,0.00014004321369498474,-0.004230254178642257,1.7895050416050218e-05,0.0001598007716804295,0.0013293477413511938,1.7671654168882611e-06,0.00014847082533819833
1865,-28554.217982476795,3.676455542707865e-05,0.00021308928323752566,0.000176324727810447,0.006063807062480414,3.676975609245847e-05,0.00021311458896022817,0.006062974234457451,3.675965656824154e-05,0.00021306544691779283,0.006063353331361152,3.6764253620535925e-05,0.000213087813834556
1866,0.00010588528582922141,4.742097904930631e-05,0.00018129406654939414,0.00013387308750008783,0.008113633845173295,6.583105417445889e-05,0.00017793376292907226,-0.002821800183950297,7.962556278440225e-06,0.00019238543904354088,-0.008274619429050833,6.846932669501982e-05,0.00017356299767556926
1867,3.1954228010611097e-05,1.1780901644146505e-05,0.00016560981755697757,0.00015382891591283107,-0.002536278984496376,6.432711087245302e-06,0.00022690932324165303,0.004204305417117016,1.7676184040138487e-05,8.927988041840251e-05,0.003351687605541514,1.1233809805055728e-05,0.00018064024901087716
1868,-3.0679580638444115,1.0,1.0,0.0,0.0,1.0,1.0,0.0,1.0,1.0,0.0,1.0,1.0
1869,0.00018208758430149352,3.157089328564844e-05,0.000265578938890898,0.00023400804560524957,0.00239487756042037,5.735438529552717e-06,0.000313004833702224,-0.00939181262702115,8.820614442162089e-05,0.0002786489367004874,0.0008781212361169723,7.710969057717065e-07,0.00020508304626998264
1870,-2.9820454164238352,1.901482675018921e-10,0.00011955749301499156,0.00011955730286672406,1.3789394666962105e-05,1.9014723129373579e-10,0.00011955749301406637,1.3789394666962066e-05,1.9014734231603825e-10,0.00011955749301451046,1.3789394666962051e-05,1.9015022889590227e-10,0.00011955749301639784
1871,0.00030158871690577627,7.279184066166788e-05,0.0002034348327334401,0.0001306429920717722,-0.011496721475876477,0.00013217460469416853,0.00023741873196236885,0.0015908177301720162,2.530701050718065e-06,0.00012419947694430888,-0.009147142517788424,8.367021624011706e-05,0.00024868628929364256
1872,0.0001944432914048333,9.654786120002108e-05,0.0002695784742575702,0.00017303061305754913,-0.009017909680897631,8.132269501270883e-05,0.0002352069592824746,0.010160661950327403,0.00010323905126885524,0.0003938395617185675,-0.010250943240414926,0.00010508183731849918,0.00017968890177166852
1873,0.00038656261923264434,0.00016223737686893447,0.0005199387875895652,0.0003577014107206308,0.0065598134179319905,4.3031152078154555e-05,0.0001374072583567587,-0.013083483370704677,0.00017117753711137773,0.0004495387777846416,-0.01650767825640919,0.0002725034414172711,0.0009728703266272953
1874,0.0002457927206824806,0.00012225225241994467,0.00018079544520458826,5.8543192784643594e-05,-0.0021720552059952356,4.717823818278788e-06,1.400819990948765e-05,-0.01125763349765393,0.00012673431196819074,0.00019783608149726017,-0.015339642155971,0.0002353046214733645,0.000330542054207017
1875,-3.0679580638444115,1.0,1.0,0.0,0.0,1.0,1.0,0.0,1.0,1.0,0.0,1.0,1.0
1876,-3.0679580638444115,1.0,1.0,0.0,0.0,1.0,1.0,0.0,1.0,1.0,0.0,1.0,1.0
1877,1.4809785366165507e-05,5.2006378256826595e-06,0.00020196548075279708,0.0001967648429271144,0.003048910049348,9.295852488655498e-06,0.00021807042319321734,0.0025094471238432756,6.297324867454712e-06,0.0003038274377233918,9.346721979537956e-05,8.736120937768987e-09,8.399858134178206e-05
1878,-3.0679580638444115,1.0,1.0,0.0,0.0,1.0,1.0,0.0,1.0,1.0,0.0,1.0,1.0
1879,7.686735741985196e-05,1.558772428393122e-05,0.0001991437087328999,0.0001835559844489687,-0.0013324067889920522,1.77530785128166e-06,0.00021426250314959816,-0.005667915667578786,3.2125268014437935e-05,0.0002066517930221501,-0.0035864462892912573,1.286259698607406e-05,0.0001765168300269515
1880,0.0001103923407754781,8.007341505041529e-07,0.00018180587338264184,0.00018100513923213768,-0.0013750866498734803,1.8908632943848147e-06,0.00015278694845943797,0.0006871901049710763,4.7223024035591976e-07,0.00017570616510587111,-0.00019775974449523918,3.910891677172401e-08,0.00021692450658261642
1881,4.835721735840792e-05,8.805660726955248e-06,0.0001934127971705927,0.00018460713644363747,0.002596030403050731,6.739373854314223e-06,0.0001815671874492164,0.0022183708212169316,4.921169100668976e-06,0.00017560753701673093,-0.003841411098179664,1.4756439225882545e-05,0.0002230636670458308
1882,-3.0679580638444115,1.0,1.0,0.0,0.0,1.0,1.0,0.0,1.0,1.0,0.0,1.0,1.0
1883,0.0003617221016043448,0.00010866684522270464,0.00047783879010709907,0.0003691719448843944,-0.009603556332325807,9.222829422828038e-05,0.0008281999334192047,-0.0006678377224682224,4.4600722359788847e-07,0.0002873689493343434,-0.015275019941595901,0.00023332623421623566,0.00031794748756774904
1884,0.0009700126776889251,0.00020377620253057374,0.00040060587268142545,0.0001968296701508517,0.020035859357971413,0.0004014356602124458,0.0005930466695069914,-0.01025097621239749,0.00010508251330720864,0.00042747192333858486,0.010237696717134108,0.0001048104340720668,0.00018129902519870011
1885,-3.0679580638444115,1.0,1.0,0.0,0.0,1.0,1.0,0.0,1.0,1.0,0.0,1.0,1.0
1886,0.0003872915213070094,0.0003694187866000546,0.0007371506406672982,0.00036773185406724357,-0.01932856588446635,0.00037359345915022324,0.0007627810972035132,-0.018963487922185662,0.0003596138741742694,0.0007152461319781533,-0.01936618254781819,0.0003750490264756712,0.0007334246928202282
1887,0.00017097766807627757,5.060323495949722e-05,0.00030239114233695147,0.00025178790737745427,-0.008335095447869204,6.947381612509851e-05,0.00019756668455095383,0.008755975049581442,7.666709906850588e-05,0.000530285850895873,0.0023809220241759457,5.668789684887265e-06,0.00017932089156402764
1888,-2.7673647874209157,3.6132214851103406e-05,0.00013405972301557453,9.792750816447113e-05,-0.006011007806636175,3.613221485088136e-05,0.00013405972301527846,0.006011007806636175,3.613221485088136e-05,0.00013405972301583358,0.006011007806636174,3.6132214851547495e-05,0.00013405972301561153
1889,0.002808039191046885,0.0008019174335520315,0.0010463688445245072,0.0002444514109724757,0.025836071748542126,0.0006675026033957643,0.0009542602837786518,0.034516006142749106,0.0011913546800462749,0.001400972516881538,-0.023385786649461636,0.0005468950172140552,0.0007838737329133316
1890,-2.8895169837973946,2.592032827967531e-06,0.0001313854428794207,0.00012879341005145317,-0.002036081480263454,4.145627793827877e-06,0.00017389190049721392,0.00106520709257936,1.1346661501487887e-06,0.00014153254840909568,0.0015798115521710565,2.4958045399259277e-06,7.87318797319525e-05
1891,0.00010625634297634079,4.8717628685449967e-05,0.0003760037610225364,0.0003272861323370864,0.005729593083433021,3.28282369010946e-05,0.00041925609921200646,-0.006782683043636593,4.600478927074825e-05,0.0002394699490484431,0.008204868060135206,6.731985988450706e-05,0.00046928523480715967
1892,4.511834272591386e-05,1.1005115675311039e-05,0.00043352716842300537,0.00042252205274769433,-0.003849968283907377,1.482225578719465e-05,0.000594089921284513,-0.003812408589155955,1.4534459250259424e-05,0.00022398692120983998,0.0019127550779479451,3.658631988479044e-06,0.0004825046627746632
1893,0.0002891104350910556,0.00020153659653021627,0.00043207475176502513,0.00023053815523480886,0.015022457989059056,0.00022567424403341363,0.0004914531488059426,0.012398736880161028,0.00015372867622354125,0.0004371434044762035,-0.015006894060192537,0.00022520686933369394,0.00036762770201292927
1894,3.9389549402746304e-05,1.0124999239839264e-05,9.784390717156495e-05,8.771890793172568e-05,0.0036339142888856,1.3205333058929902e-05,7.714318201779147e-05,0.003977663889789909,1.5821810020910654e-05,7.325763545185104e-05,0.001160971420673654,1.3478546396772373e-06,0.00014313090404505235
1895,0.0007936496064926413,0.0002710557201676493,0.0005869160198248938,0.00031586029965724455,-0.02504047039865056,0.0006270251577857877,0.000717987422316213,-0.013189637119363896,0.00017396652734058549,0.0006105807338286917,0.003489337383555942,1.2175475376574596e-05,0.00043217990332977685
1896,-3.058528848816482,5.404037186640398e-05,0.0002871284205392399,0.00023308804867283595,0.0073512156726636465,5.4040371866181935e-05,0.00028712842053946197,-0.007351215672663648,5.4040371866515e-05,0.00028712842053879584,-0.007351215672663645,5.4040371866515e-05,0.00028712842053946197
1897,-2.9878793032473703,1.2698523561560648e-05,0.00012159154095222242,0.00010889301739066178,0.00356349878089362,1.2698523562337805e-05,0.00012159154095270353,0.0035634987808936236,1.2698523560339403e-05,0.00012159154095148228,-0.0035634987808936206,1.2698523562004738e-05,0.00012159154095248148
1898,3.561792508577355e-05,8.372230493029301e-06,0.0001939926541687139,0.0001856204236756846,-0.004057591319767483,1.646404731836526e-05,0.0002837507045831966,0.0006150481386051017,3.782842130650721e-07,6.250055949930111e-05,-0.002876518720205469,8.274359947657572e-06,0.0002357266984236439
1899,9.375816252921165e-05,3.19272811547903e-06,7.048186971636561e-05,6.728914160088657e-05,0.0025623490659116795,6.565632736266203e-06,7.81051939485744e-05,0.0013027252033419568,1.697092954944246e-06,6.0176025940217315e-05,0.0011469344596517642,1.3154586552266423e-06,7.316438926030511e-05
1900,-2.325869479740094,7.616604491230324e-05,0.00013955333275124845,6.338728783894522e-05,-0.008673700287407325,7.523307667578472e-05,0.0001346839689573276,-0.008940916379111511,7.993998569899574e-05,0.00015480333542639002,-0.008563006035380629,7.332507236212926e-05,0.00012917269387002772
1901,-3.0679580638444115,1.0,1.0,0.0,0.0,1.0,1.0,0.0,1.0,1.0,0.0,1.0,1.0
1902,5.322962047971114e-05,2.618899782706278e-05,0.00021020182504509025,0.00018401282721802747,-0.006785101851733165,4.603760713861593e-05,0.00020385393482491576,0.00201016493574628,4.040763068702269e-06,0.00015853383680353161,0.005337473491660372,2.848862327387014e-05,0.0002682177035068234
1903,5.0032769536856314e-05,5.672763951765821e-06,0.00012480901929305213,0.00011913625534128632,0.00393306360324502,1.5468989305600367e-05,0.00010940076720977743,0.0008306312847279274,6.899483312450272e-07,0.000135149393906131,0.0009270136025775669,8.593542184520686e-07,0.00012987689676324798
1904,0.0009067793542590907,0.0004333654062605996,0.000708307599658157,0.00027494219339755743,0.021417115337144667,0.00045869282936472633,0.0008657163634039344,0.013298038280804418,0.000176837822117748,0.0002652640150512253,-0.025779169251540838,0.0006645655672993245,0.0009939424205193115
1905,0.0002581367494661757,4.4580247959280506e-05,0.00019289218161877564,0.00014831193365949513,-0.009684608088692101,9.3791633831386e-05,0.00032687603881353944,-0.004202957394745846,1.766485086218683e-05,0.00013844087472181243,0.0047206206354970075,2.2284259184268684e-05,0.00011335963132097504
1906,0.00025819257933257234,4.565671164787529e-05,0.00032120212033348583,0.00027554540868561056,0.0076566489381719605,5.862427296221551e-05,0.000259679153972181,-0.006792045551637908,4.6131882775801714e-05,0.00044159816749456127,0.005675736005639447,3.2213979205608645e-05,0.0002623290395337152
1907,2.8027417527387577e-05,1.0893582774100056e-05,0.00013418010458636034,0.0001232865218122603,-0.0037705463368892453,1.4217019678519627e-05,0.000158144971080576,0.0005778752538140809,3.3393980880536134e-07,4.541076785635756e-05,-0.004257908974508598,1.812978883497518e-05,0.00019898457482214749
1908,-3.0679580638444115,1.0,1.0,0.0,0.0,1.0,1.0,0.0,1.0,1.0,0.0,1.0,1.0
1909,3.34326247142247e-05,2.852437574762945e-05,0.000531186458387641,0.0005026620826400116,-0.005274914843990697,2.7824726609670947e-05,0.0005408228979640883,-0.005673600017948891,3.218973716356821e-05,0.0005126559114767559,0.005055557681455525,2.555866346964919e-05,0.0005400805657220786
1910,0.0010902435474360317,0.00016855891620892738,0.0006018947061144919,0.00043333578990556454,-0.014743994340119753,0.0002173853691015415,0.0005458162632009378,0.0033098890271763192,1.0955365372211645e-05,0.00039617538593428314,-0.016653408484546155,0.000277336014153029,0.0008636924692082548
1911,0.00012559996160610432,3.1600640326368e-05,0.00019103803730498767,0.00015943739697861967,-0.003233718568943115,1.0456935783276222e-05,0.0001646088804991841,0.0002462968803563772,6.066215374467276e-08,7.21602028960211e-05,-0.009180649380205535,8.428432304208311e-05,0.0003363450285197578
1912,4.186498214575618e-05,3.453565999511632e-06,9.133169425616187e-05,8.787812825665024e-05,-0.001994905203557594,3.979646771568035e-06,9.961712316830518e-05,0.0006655668033645599,4.42979169457125e-07,8.995475173456668e-05,0.002436815967068971,5.938072057509736e-06,8.442320786561375e-05
1913,4.7855094688853406e-05,3.0854491481213664e-05,0.0002626413874718958,0.00023178689599068214,0.005182627800231009,2.6859630915754273e-05,0.00013990496136306874,0.006884487012964826,4.739616143190073e-05,0.00028075319758236184,-0.004278747725208727,1.830768209598599e-05,0.00036726600347025684
1914,8.275014261660552e-05,2.874695785178479e-05,0.00017334388220976069,0.0001445969243579759,-0.005219235885043113,2.7240423224106358e-05,0.0003221252997245294,0.002780858592913867,7.733174513746555e-06,8.18509549221913e-05,-0.0071601170254211016,5.1267275817501456e-05,0.00011605539198256132
1915,2.2366829004139e-05,1.5126980966099582e-05,0.0001384064897827312,0.00012327950881663163,-0.0046004501853807766,2.1164141908225353e-05,0.00011707722556109079,0.0021569209662953663,4.652308054797771e-06,0.0001149991985237575,0.004423176792202354,1.9564492935275624e-05,0.00018314304526334535
1916,4.2387491847373227e-05,4.6124739315385925e-06,0.000175219989464237,0.0001706075155326984,0.0002503156042141658,6.265790153392459e-08,0.000149272292391589,-0.0015263196633394354,2.329651715649028e-06,0.00012932100265139468,-0.003383062544105668,1.1445112177432826e-05,0.0002470666733497273
1917,9.711926970557005e-05,3.673637036327726e-05,0.00033065164436226385,0.0002939152739989866,0.0005371460460694666,2.885258749696362e-07,0.00040722912205970463,-0.006333015862473644,4.010708991453171e-05,0.0003941670961227217,0.008355447043698307,6.981349530033043e-05,0.00019055871490436527
1918,3.754064454741801e-06,9.047866817990524e-07,0.00024260364764017162,0.00024169886095837256,-0.0010494681480031128,1.1013833937090212e-06,0.00011371673610083288,0.000971601214784603,9.440089205892122e-07,0.0003223358317823166,-0.0008179044755692113,6.689677310989239e-07,0.00029175837503736535
1919,4.805752744785341e-05,2.2360477905084924e-05,0.00013916383114072803,0.0001168033532356431,-0.0049449256935223795,2.44522901143851e-05,0.00019799038101653288,-0.0015068505075052582,2.2705984520365874e-06,0.00011955997278523256,-0.00635283756670784,4.035854514883308e-05,9.994113962041862e-05
1920,0.0001256885169310662,1.8602451078320037e-05,0.00016362753874473354,0.0001450250876664135,0.0071047939560245745,5.0478097157524715e-05,0.00012058605695652869,0.0013607343464346181,1.8515979619548872e-06,0.00017216036090550446,-0.0018648480140457302,3.4776581154805086e-06,0.00019813619837216745
1921,-2.8443425942098393,8.148610211219006e-06,0.00012409306474211088,0.00011594445453089187,0.002854577063494486,8.148610210034768e-06,0.00012409306474059356,-0.002854577063494483,8.148610211367036e-06,0.0001240930647422589,0.00285457706349448,8.148610212255214e-06,0.00012409306474348014
1922,-3.0679580638444115,1.0,1.0,0.0,0.0,1.0,1.0,0.0,1.0,1.0,0.0,1.0,1.0
1923,0.00015069592451122382,6.522814390489777e-05,0.00020691992373877977,0.00014169177983388198,-0.011829035000113118,0.00013992606903390215,0.00027175184484207193,-0.007418896033401796,5.504001835487937e-05,0.0002483120750254031,0.0008475519604908023,7.183443259117794e-07,0.00010069585134886427
1924,0.0003131913013829646,8.73077855054379e-05,0.00021801436716506473,0.00013070658165962684,-0.01012112995758543,0.00010243727161840521,0.0001974331667797813,-0.0006358054980157839,4.042486314581595e-07,0.0001566263920702582,0.01261276481453224,0.00015908183626645034,0.0002999835426451547
1925,0.00011292281242769597,6.346458048104668e-05,0.0004105804746318646,0.0003471158941508179,0.006200562048506526,3.8446969717775836e-05,0.00033709786672531106,-0.007899906470560453,6.240852224370652e-05,0.00043679097794391275,0.009462465296242579,8.953824948165767e-05,0.0004578525792263699
1926,5.652757754881499e-05,1.4155581018434246e-05,0.0002656341989424327,0.00025147861792399845,-0.002314334303198651,5.3561432669102516e-06,0.00020833269682696276,0.0025581276653952683,6.5440171519437484e-06,0.0003790499628579802,0.005528705330930483,3.0566582636448736e-05,0.00020951993714235506
1927,-3.0679580638444115,1.0,1.0,0.0,0.0,1.0,1.0,0.0,1.0,1.0,0.0,1.0,1.0
1928,-3.0679580638444115,1.0,1.0,0.0,0.0,1.0,1.0,0.0,1.0,1.0,0.0,1.0,1.0
1929,0.00025180588516615643,9.145079334756574e-05,0.0005594699697881733,0.0004680191764406076,0.0029022882954885163,8.423277350066982e-06,0.0003743032880303421,0.01387823298433868,0.00019260535076748297,0.0011035680618596277,0.008562928933788932,7.332375192514728e-05,0.00020053855947455013
1930,0.000391531174392723,7.313551860517926e-05,0.00022643337119432339,0.00015329785258914413,0.0038996093805707464,1.5206953320912042e-05,9.173377577720299e-05,0.0036052100042102643,1.2997539174830486e-05,0.00024148899066389617,-0.013827583422979654,0.00019120206331979528,0.000346077347141871
1931,3.614067214474659e-05,1.564352724355474e-05,0.000130830651239792,0.00011518712399623728,0.00495600893015527,2.4562024515839553e-05,0.00020469363142983088,-0.004481716323059465,2.0085781200718245e-05,0.00012355687669651783,-0.001510885837547224,2.2827760141064246e-06,6.424144559302736e-05
1932,9.167069046966958e-06,3.231953726867687e-08,0.00030540148367041997,0.0003053691641331513,-0.0002776607149721537,7.709547233947234e-08,0.0003106850665963723,9.573954984357308e-05,9.166061243348622e-09,0.00028902714357381676,0.00010342668191255998,1.0697078223209644e-08,0.00031649224084107086
1933,1.4726936372277954e-05,9.220022039291287e-06,0.000196465151269735,0.0001872451292304437,0.00020385918950505114,4.155856925258661e-08,0.0003040194683288089,0.0036136813832017387,1.3058693139500477e-05,0.0001619008861876159,0.0038157324865882433,1.4559814409120797e-05,0.00012347509929278022
1934,-3.0679580638444115,1.0,1.0,0.0,0.0,1.0,1.0,0.0,1.0,1.0,0.0,1.0,1.0
1935,0.00010254271117204894,3.6608426800865956e-05,0.00013761125417136957,0.00010100282737050362,-0.00370102031261183,1.369755135427475e-05,9.17936236903838e-05,0.007671681017178854,5.885468962907314e-05,0.00017056739505028062,-0.0061051649788927565,3.7273039419249976e-05,0.00015047274377344433
1936,0.00035215640726493636,0.0001436429849543952,0.00030778377132641605,0.00016414078637202084,0.018620948835074085,0.00034673973551846426,0.0005436376415852706,-0.00894703889124005,8.004950492157548e-05,0.00018895096213744633,-0.0020346288170544043,4.139714423145868e-06,0.00019076271025653124
1937,5.927162125596297e-05,3.799931777973923e-05,0.00039547386499620235,0.0003574745472164631,0.007273479336715213,5.290350166220481e-05,0.00042497210295011634,-0.001391839756488663,1.9372179073107176e-06,0.0004585872602195229,-0.007691373984520385,5.915723376970217e-05,0.00030286223181896776
1938,0.00014069957788176435,3.9976838510165834e-05,0.00018437149115387483,0.000144394652643709,0.005535219618069124,3.063865621866224e-05,0.0001779764690930108,-0.005861204647779075,3.4353719922219916e-05,0.00017483744244517485,-0.007412026672199462,5.493813938961534e-05,0.0002003005619234388
1939,7.701405439819453e-06,1.5681936445336813e-06,0.0001814777766731742,0.00017990958302864052,-0.002062991972855635,4.255935880381756e-06,9.743030518882811e-05,-0.000441032493005586,1.9450965971223866e-07,0.00025570420942711003,0.0005041184318056844,2.5413539350704895e-07,0.0001912988154035844
1940,0.00037747119688380515,0.00015529601654902989,0.00036470288365160936,0.00020940686710257947,-0.008755829316297647,7.666454701604763e-05,0.00024237781120095558,0.007031460855002647,4.9441441755337934e-05,0.00019023816680818761,-0.018433178262997854,0.00033978206087570406,0.0006614926729456849
1941,5.764096175131517e-05,3.388563004913525e-05,0.00015130030015123955,0.0001174146701021043,0.00721297602689573,5.2027023164757935e-05,0.00011483651062249578,0.006824768467430068,4.657746463443413e-05,0.00014527652575790917,0.001747112574395711,3.0524023482136897e-06,0.00019378786407331372
1942,4.2589300957351917e-05,1.2128824449527306e-05,0.00023239369924362338,0.00022026487479409607,-0.00020635947753472377,4.258423391689803e-08,0.00019307424842540666,0.0008041472060505552,6.466527294746172e-07,0.00035976703253859377,0.005974716427190734,3.56972363851904e-05,0.0001443398167668697
1943,9.182836414123319e-05,3.302673241430595e-05,0.00020915241255514694,0.00017612568014084098,-0.005366521666175676,2.8799554793512705e-05,0.00020675119254720542,-0.0017075966249278148,2.9158862333567015e-06,0.0003050671601744215,0.008207603561097681,6.736475621604843e-05,0.00011563888494381391
1944,5.654167012680844e-05,2.1149828409468736e-05,0.00028350578968946066,0.00026235596127999194,-0.0064809733551405985,4.2003015629954454e-05,0.00020542840284021313,-0.0017953383231601584,3.2232396943721042e-06,0.0005364063335093761,-0.004268867520089474,1.8223229904079652e-05,0.00010868263271879286
1945,9.593393701712305e-05,5.8715589235351175e-05,0.00014481806311365344,8.610247387830228e-05,0.006706587797605398,4.49783198870346e-05,0.00013883524214997056,0.007839408904289673,6.145633196885658e-05,0.00015259611616069702,0.00834937817143939,6.971211585016235e-05,0.00014302283103029279
1946,0.00018870801193460185,0.00011062922343330062,0.00029838769863044234,0.00018775847519714173,-0.009728220908883575,9.463828205202862e-05,0.00025590639030792506,-0.010682597711033507,0.0001141178938565135,0.00021002009165294044,-0.011096463147802023,0.00012313149439135973,0.00042923661393046153
1947,-3.0679580638444115,1.0,1.0,0.0,0.0,1.0,1.0,0.0,1.0,1.0,0.0,1.0,1.0
1948,1.8138728988925656e-05,7.882180057539045e-07,0.00028290397492207003,0.00028211575691631613,-0.0005654316755772296,3.197129799792364e-07,0.0002996557234024033,0.0009766287904888946,9.538037951672962e-07,0.0002988705433097927,0.0010445751490382861,1.091137242115181e-06,0.00025018565805401405
1949,0.00018793316712728547,7.43296765817932e-05,0.0003684041738853949,0.00029407449730360174,-0.012539797329664055,0.00015724651706905401,0.0004771517465775865,-0.0069594637915229105,4.8434136265540495e-05,0.0005020520808235451,0.004160333689833874,1.7308376410785087e-05,0.00012600869425505312
1950,0.00016028521427868814,2.4769151704499375e-05,0.00012637386299548434,0.00010160471129098496,-0.006693877172829019,4.4807991605555486e-05,0.00014777325631665228,0.005246537596895992,2.7526156755275366e-05,0.0001196662419568062,0.0014047443727928399,1.97330675266727e-06,0.00011168209071299451
1951,8.664293363325193e-05,1.9075360574105638e-05,0.00014486509115244997,0.00012578973057834433,0.002986202202503105,8.917403594321804e-06,0.0002001173525333355,0.0010981991659939937,1.2060414077419424e-06,0.00014462224796052414,0.006863136070375686,4.7102636720253166e-05,8.985567296349029e-05
1952,4.287675860514817e-05,1.4787427357831895e-05,0.0002222087749450171,0.0002074213475871852,0.004762643074091197,2.2682769051263207e-05,0.00019461555137234576,0.003379707170612633,1.1422420559070723e-05,0.00012310152757510906,0.0032026695838010357,1.0257092463161754e-05,0.0003489092458875964
1953,-3.0679580638444115,1.0,1.0,0.0,0.0,1.0,1.0,0.0,1.0,1.0,0.0,1.0,1.0
1954,2.226532352467281e-05,1.7556216935036655e-06,7.433695211348883e-05,7.258133041998516e-05,-0.0008294604538890465,6.880046440338461e-07,0.00010147063084753327,-0.0019720967266619966,3.889165500092773e-06,3.816093520114805e-05,-0.000830478739215594,6.896949363843774e-07,8.337929029178515e-05
1955,-3.0679580638444115,1.0,1.0,0.0,0.0,1.0,1.0,0.0,1.0,1.0,0.0,1.0,1.0
1956,0.0003325177443207483,6.734865690849468e-05,0.00029349098532767864,0.00022614232841918397,-0.00043612200605610266,1.9020240416001144e-07,0.00031217793655224924,-0.01243789224606818,0.00015470116352478414,0.0002597209129420186,-0.006866921056531872,4.715460479653988e-05,0.00030857410648876815
1957,0.00011011097430435601,4.624907605369858e-05,0.00021139570487212675,0.00016514662881842818,0.00526125788082457,2.7680834488119643e-05,0.0002496820278936607,-0.004972826187227728,2.4729000288381542e-05,0.00013550864401812301,-0.009291791720902224,8.633739338459456e-05,0.00024899644270459653
1958,8.156715323370811e-05,3.820351219370929e-05,0.00017530705561559964,0.00013710354342189035,0.00849160464170503,7.210734939100405e-05,0.0001571432652660576,-0.0064543744721787324,4.165894982710583e-05,0.00016804649587420784,-0.0009188239022299587,8.442373630179745e-07,0.00020073140570653347
1959,7.565141636101114e-05,2.9419848007750105e-05,0.0002064593242823524,0.0001770394762746023,0.0043611716856482826,1.901981847163281e-05,0.0002060102077983128,-0.004635201767257946,2.148509542310162e-05,0.00015755369990277934,-0.006910472496766334,4.7754630128515885e-05,0.00025581406514596505
1960,0.00019169414167974352,0.00010776473741110533,0.0002330275980585809,0.00012526286064747555,0.005324289796485635,2.83480618382681e-05,0.00012196535436126421,-0.01375525050175247,0.00018920691636570286,0.00034963715678715257,-0.010282958427879957,0.00010573923402934504,0.00022748028302732592
1961,0.0001367378607679548,1.928469587864079e-05,0.0002752431810559841,0.0002559584851773433,-0.005724342736287493,3.276809976227035e-05,0.0003087395734594489,0.0040715504592573806,1.657752314243588e-05,0.0003917670522174399,0.002916927275623741,8.508464731216137e-06,0.0001252229174910635
1962,-3.0679580638444115,1.0,1.0,0.0,0.0,1.0,1.0,0.0,1.0,1.0,0.0,1.0,1.0
1963,-2.9696485535187844,8.707499389674448e-07,0.00012156663723890866,0.00012069588729994121,-0.0009331398282755455,8.707499382643036e-07,0.00012156663723794647,0.0009331398282755445,8.707499397075935e-07,0.00012156663723972283,0.0009331398282755445,8.707499389304374e-07,0.0001215666372390567
1964,7.355969934119688e-05,1.60989329546594e-05,0.00013632501683080722,0.00012022608387614782,0.0010914053942899793,1.1911657346042048e-06,0.00017160472579547115,0.0008433152450908578,7.111806022974676e-07,0.00013558275278957588,0.006811347335663932,4.6394452527076524e-05,0.00010178757190737464
1965,0.00010443489903966263,4.344822217609382e-05,0.00022407347837527514,0.00018062525619918132,-0.0076387387808312225,5.835033016121649e-05,0.0002588793596220995,-0.00040525370970962197,1.6423056914405265e-07,0.00010124720284387934,0.008475264349689484,7.183010579792093e-05,0.00031209387265984656
1966,5.3455851838579704e-05,2.0558878203809822e-05,0.00012684218450583393,0.00010628330630202411,-0.006861655283280658,4.7082313227253536e-05,0.00019429788977309848,-0.0031768517111018034,1.0092386794391395e-05,9.2537252004532e-05,-0.0021217762817392826,4.50193458978454e-06,9.369141173987128e-05
1967,3.906260104080683e-05,1.6013886845541354e-05,0.000180771357178607,0.00016475747033306565,-0.0024467978083193963,5.986819514913755e-06,0.00011276320235997783,0.006187995171451085,3.829128424137629e-05,0.0002480842935173033,0.0019399888609955905,3.763556780334021e-06,0.00018146657565853985
1968,-3.0679580638444115,1.0,1.0,0.0,0.0,1.0,1.0,0.0,1.0,1.0,0.0,1.0,1.0
1969,1.6724509381504937e-05,5.144760107156365e-06,8.675950745732723e-05,8.161474735017087e-05,0.0024530958976989154,6.0176794832722535e-06,0.0001279024345343105,-9.451424269312688e-05,8.932941830686048e-09,0.00011133130726848073,-0.003067192184534496,9.407667896366156e-06,2.1044780569190458e-05
1970,2.209980407119616e-05,4.840722323577277e-06,9.422457895384244e-05,8.938385663026516e-05,-0.0018416825053371622,3.391794450413599e-06,7.419434612809805e-05,0.003335856513324577,1.1127938677524263e-05,0.00012526417093594588,-4.9333998869735646e-05,2.4338427939696317e-09,8.321521979748336e-05
1971,0.0001940450212474243,6.244606180483281e-05,0.00030574475462563644,0.00024329869282080363,0.009732858636192087,9.472853723191399e-05,0.000281070070939915,-0.006072074610889643,3.687009008002118e-05,0.0003660066424993058,-0.007465892987614255,5.573955810256326e-05,0.0002701575504376885
1972,-3.0679580638444115,1.0,1.0,0.0,0.0,1.0,1.0,0.0,1.0,1.0,0.0,1.0,1.0
1973,-2.9624322183454916,2.5344791756420904e-06,0.00012331106120392712,0.00012077658202828503,0.0015920047662378062,2.534479176308224e-06,0.00012331106120444524,-0.001592004766237808,2.534479175198001e-06,0.00012331106120311297,-0.0015920047662378073,2.5344791754200457e-06,0.0001233110612042232
1974,0.0002095873004714921,8.929264301371642e-05,0.0002298753676851506,0.00014058272467143418,-0.003613911690661567,1.306035770809455e-05,7.841873399350163e-05,0.008635540542240177,7.457256045706462e-05,0.0002504338152207186,0.013425535776119093,0.0001802450108759901,0.00036077355384123155
1975,0.0001981566946909208,7.319068164653626e-05,0.0005350440074633293,0.000461853325816793,-0.01234143404847392,0.00015231099437229556,0.0008811017498346896,-0.00786056514900933,6.178848446136698e-05,0.0006319774590490823,-0.0023393516423473168,5.472566105946264e-06,9.205281350621597e-05
1976,7.824100015663138e-05,3.993974580840387e-05,0.00017048019685180402,0.00013054045104340015,0.0072521671824011934,5.2593928841937476e-05,0.00014845753625059022,0.002056270836342759,4.228249752435964e-06,0.00010303219543417175,0.007937068654752846,6.299705883083817e-05,0.00025995085887065006
1977,-3.0679580638444115,1.0,1.0,0.0,0.0,1.0,1.0,0.0,1.0,1.0,0.0,1.0,1.0
1978,3.7848431831410956e-05,1.1279764915994583e-05,0.00019618289813775705,0.00018490313322176247,0.0056654232310201485,3.20970203865345e-05,0.0003399277012900992,-0.0010424966741205731,1.0867993155416755e-06,0.00013522255744424783,-0.0008096141338642351,6.55475045907572e-07,0.00011339843567892416
1979,9.925846547187422e-05,4.11902563512608e-05,0.00023550381756635522,0.0001943135612150944,-0.0035607743795682063,1.2679114182345685e-05,0.00014341585652544175,0.005584243143515679,3.118377148614293e-05,0.0004240540332202114,-0.008927927160635469,7.970788338529378e-05,0.00013904156295341252
1980,0.00020638773702796875,7.171600117887127e-05,0.0002768614730337034,0.00020514547185483212,-0.0021013468772137687,4.415658698353475e-06,0.00022826988316659858,0.008389098560136832,7.03769746521754e-05,0.00020385436536418666,0.011847167179807216,0.0001403553701860849,0.000398460170570325
1981,8.338129823015628e-05,3.304332445430713e-05,0.00021381540455330436,0.00018077208009899723,-0.004231115554864861,1.7902338838471366e-05,0.0002259864643459064,0.004595175247772742,2.1115635557622525e-05,0.00016401660168186005,0.007753192824034095,6.011199896682751e-05,0.0002514431476321466
1982,7.789038006700277e-05,3.327848125045385e-05,0.00015019839358628348,0.00011691991233582963,0.004949391218839876,2.449647343694128e-05,0.00021778372563530102,-0.005235991880113146,2.7415610968528625e-05,0.00017091924240120182,-0.006922669957898297,4.792335934589165e-05,6.189221272234757e-05
1983,0.00010777146457163767,4.3968300019440555e-05,0.00025549549612465433,0.00021152719610521378,0.003573381972693425,1.2769058722938986e-05,0.0003757961236288132,0.010270775117222278,0.00010548882150829275,0.0002569553733136054,-0.0036941873027216865,1.3647019827089935e-05,0.00013373499143154444
1984,5.498535253556369e-05,6.519212460790828e-06,0.0001295389330298787,0.0001230197205690879,-0.0010203981963689587,1.041212478014586e-06,0.0001361428893051908,-0.00428867425496534,1.8392726864768782e-05,0.00010333752882651925,0.0003517073210594289,1.2369803958911518e-07,0.00014913638095792603
1985,2.2107199467713556e-06,9.584833849200318e-07,6.524198271003663e-05,6.42834993251166e-05,-0.0007375070402369802,5.439166339549217e-07,4.583704889282725e-05,0.0013544101577540964,1.8344268756242954e-06,7.55162252946695e-05,0.0007050579019260367,4.971066451808781e-07,7.437267394261315e-05
1986,0.00012575676075166076,4.185745013085551e-05,0.00029270145289272964,0.00025084400276187413,0.0045635237361316364,2.08257488907293e-05,0.0004483915349667855,0.0017840765344493306,3.1829290811913324e-06,0.00015219741535965614,0.010077880353566732,0.0001015636724206459,0.00027751540835174726
1987,0.00039996984769474775,0.0001370858806553077,0.0007151918976437965,0.0005781060169884888,-0.016754788238662156,0.00028072292892245,0.0008900630437278512,0.01061545792237205,0.00011268794690155737,0.0008327828784022717,0.0042245433057180376,1.7846766141915715e-05,0.0004227297708012667
1988,-3.0484533606605684,4.802986533865757e-05,0.0001589379334872021,0.00011090806814854451,0.0069303582402447566,4.8029865339027644e-05,0.00015893793348686902,0.006930358240244757,4.802986533847253e-05,0.0001589379334873131,-0.006930358240244749,4.802986533847253e-05,0.00015893793348742413
1989,5.365092657438897e-05,6.674158717430896e-06,4.027303671879275e-05,3.3598878001361854e-05,0.003673156001077543,1.349207500866978e-05,7.323390801738938e-05,0.0023929883470485765,5.726393228933091e-06,2.8591793850618608e-05,-0.0008966648844682106,8.040079146898194e-07,1.899340828837026e-05
1990,4.309165842986129e-05,1.1345158447436296e-05,0.00012905010176737322,0.00011770494331993693,0.0012492166608249415,1.5605422654108025e-06,0.00023581195822153234,0.005523829797515175,3.051269563181247e-05,9.09669074158348e-05,-0.0014007988597256494,1.962237445085613e-06,6.037143966475256e-05
1991,0.00013964639298447157,2.078640642366736e-05,6.811076142495172e-05,4.732435500128436e-05,-0.005899118697367002,3.479960140551075e-05,9.121585372817709e-05,0.0016587000262516323,2.7512857775358057e-06,4.5516705747372654e-05,0.004980796330742263,2.480833208795552e-05,6.759972479930543e-05
1992,0.0005444789314814624,0.0001885394045659794,0.0004611852176087024,0.000272645813042723,0.004751928134674495,2.2580820996931372e-05,0.00045745503060057313,-0.010765780311985282,0.00011590202572575592,0.00023054721015425272,0.020667253493761476,0.0004271353669752509,0.0006955534120712814
1993,0.00012793827337209684,9.932590619177173e-05,0.00016857307723242934,6.924717104065761e-05,-0.009686122856399143,9.382097598864547e-05,0.00016008394698741046,-0.010624546708631558,0.00011288099276329788,0.00018525850852413317,-0.009553834299562917,9.127574982337183e-05,0.00016037677618574442
1994,5.445245853830105e-05,7.1992921521305915e-06,0.00014530060001856823,0.00013810130786643765,-1.786406386799245e-05,3.1912583686732887e-10,0.000185760535781343,0.004594726560001328,2.1111512161109403e-05,6.575062158120648e-05,-0.0006971693979735086,4.860451694455037e-07,0.0001843906426931552
1995,8.291811657623605e-05,3.4860770674346085e-05,0.00012720461128579164,9.234384061144554e-05,0.008400716111371161,7.057203118421285e-05,0.0001991165724335442,0.0042791786198954325,1.831136966079505e-05,0.00013070927166369817,0.003962185151856373,1.569891117803035e-05,5.178798976013255e-05
1996,9.199950092708686e-05,7.634608954106466e-05,0.0001288963686744878,5.255027913342315e-05,-0.008503220578012269,7.2304760199704e-05,0.00012688754716050354,-0.008697051222706394,7.563869997118111e-05,0.0001288823923953908,-0.009005265595852024,8.109480845230888e-05,0.00013091916646756907
1997,0.00013569649236322423,6.507542384074731e-05,0.00028615318279701096,0.00022107775895626364,0.00849428793164977,7.215292746587387e-05,0.00030662709722140136,0.010816111037030845,0.00011698825796524481,0.0002741475625531731,0.0024667967267968664,6.085086091123237e-06,0.00027768488861645846
1998,0.00011554693537318972,2.1584522967891633e-05,0.00012722167939442178,0.00010563715642653014,-0.0002962514836986229,8.77649412034387e-08,9.063496077910127e-05,-0.007833777174693001,6.13680648224868e-05,0.00016952881058096558,0.0018159678246619435,3.2977391399846567e-06,0.0001215012668231985
1999,0.0008390303343366323,0.00024150506346713266,0.0005595135005233379,0.0003180084370562053,-0.017106438074775493,0.0002926302236060385,0.0006451716559747744,-0.020717434559123067,0.000429212094711362,0.0006250619854859529,0.0016348920712139278,2.6728720839974685e-06,0.0004083068601092865
2000,1.045523277842797e-06,6.015456085102974e-07,0.0001252840100522216,0.00012468246444371128,-0.000837210967812765,7.00922204277532e-07,0.0001432053670260558,-0.000913741789305607,8.349240574467842e-07,0.00010682210071122356,-0.0005184501552463952,2.6879056380657573e-07,0.00012582456241938544
2001,5.2296848108923655e-05,3.802584977711613e-06,0.00018241915794477612,0.0001786165729670645,-0.0005981644804738132,3.5780074625346714e-07,0.00017805975353268888,-0.0008804505277495632,7.751931320187921e-07,0.00015638335239043233,0.0032054268130565808,1.027476105486258e-05,0.00021281436791120711
2002,2.3707506105585807e-05,5.715694125959144e-06,0.0001254486524644438,0.00011973295833848467,-0.0017196839519139004,2.9573128941251525e-06,0.0001715032189801846,0.0021545395649725106,4.642040737357078e-06,0.00010818361668785137,0.003089939926193735,9.547728746395201e-06,9.665912172529545e-05
2003,5.595850655959467e-05,1.3818105572882544e-05,0.0001795042234925178,0.00016568611791963525,0.0019499204051155728,3.8021895863993294e-06,0.00013468108168557258,-0.001366408162521436,1.8670712663704236e-06,0.0002573302259828436,0.005982061172035326,3.578505586587788e-05,0.00014650136280913717
2004,0.00011466857253361606,5.281756411727271e-05,0.001798653975778386,0.0017458364116611131,0.007426203631466267,5.514850037602326e-05,0.0013171992791034537,-0.007150116981924535,5.112417285557669e-05,0.002503931771490664,-0.0072235738468238875,5.218001912021819e-05,0.0015748308767410402
2005,4.515589474196613e-05,1.961278010809142e-05,0.00012469125857520838,0.00010507847846711696,-0.006193799397070329,3.836315097127674e-05,0.00015277557641324435,0.0034113469516961177,1.163728802433539e-05,0.00011910379807589244,0.0029728607987256628,8.837901328662134e-06,0.00010219440123648837
2006,4.6773028931967886e-05,1.677667196427664e-05,0.00011422970662637126,9.745303466209462e-05,0.0058503879417074025,3.4227039068301934e-05,0.00011209082786078906,-0.003283008669051087,1.0778145921097604e-05,0.00011374395389129877,-0.00230755951253988,5.324830903430389e-06,0.00011685433812702595
2007,0.0003406158997589781,0.00011135916573704978,0.0003138119804015534,0.0002024528146645036,0.0014208888613696487,2.01892515627744e-06,8.278966545671729e-05,0.018196728264314774,0.0003311209195251408,0.0006251752075164818,0.0009683245992128212,9.376525297311034e-07,0.00023347106823146113
2008,5.0803411222322126e-05,2.155053592537796e-05,0.0002244755195646153,0.00020292498363923736,-0.005076863874171983,2.577454679719704e-05,0.00016404345793796793,0.0045375470980654605,2.0589333667109244e-05,0.0003521926921301599,-0.0042764152407891096,1.8287727311827595e-05,0.0001571904086257181
2009,-3.0679580638444115,1.0,1.0,0.0,0.0,1.0,1.0,0.0,1.0,1.0,0.0,1.0,1.0
2010,6.777078008679549e-05,1.9066501233844235e-05,0.00014453023529992226,0.00012546373406607803,0.0046226308004518775,2.1368715516612014e-05,0.00015237651104227368,0.0030975243619565935,9.594657172873333e-06,0.00012669950875399127,0.0051221217294557825,2.623613101204736e-05,0.00015451468610350183
2011,0.00015961298785871492,6.54298587342191e-05,0.000223830912373435,0.00015840105363921592,0.0041955385204215925,1.760254347626944e-05,0.0001850595337355987,0.011857012891756905,0.00014058875471489873,0.00027887276009663786,0.006172380254930387,3.809827801148913e-05,0.00020756044328806844
2012,7.375605899395676e-05,6.35928167621221e-06,0.0002605955015656525,0.0002542362198894403,-0.0008598770374831825,7.393885195217109e-07,0.00023819002192859706,0.0022910092344786926,5.248723312978321e-06,0.0002924664429566626,0.003617973631107864,1.30897331961366e-05,0.0002511300398116978
2013,6.461373544897064e-05,1.54060136328867e-05,0.0006413111406766333,0.0006259051270437466,-0.002728170350235175,7.442913459776435e-06,0.0006083140316768265,0.006197172758928006,3.840495020346335e-05,0.0005260296266911269,0.0006084219224796134,3.7017723542032144e-07,0.0007895897636619464
2014,0.0001571849634790512,3.783305175801092e-05,0.0004873212895862474,0.00044948823782823644,-0.003695125589871453,1.3653953124803664e-05,0.00028170102599522906,0.009991933360415279,9.983873227892293e-05,0.0007443676893053031,8.043550335324741e-05,6.469870306169412e-09,0.00043589515345821006
2015,2.551673613382377e-05,6.560471791002461e-06,0.0003357023420259564,0.00032914187023495395,0.000338572186901493,1.1463112581377999e-07,0.00011039687909397689,-0.0041627924123121655,1.7328840667851786e-05,0.00045383187049308216,0.001495975794995899,2.2379435793418168e-06,0.00044287827649081013
2016,9.037850187842977e-05,2.974120369011087e-05,0.00011671306460458997,8.69718609144791e-05,-0.00726697304365387,5.2808897217371253e-05,0.0001053891764274395,-0.006023586492205394,3.6283594229136185e-05,0.0001402552188255468,0.00036210443785424714,1.3111962382517106e-07,0.00010449479856078359
2017,-3.0679580638444115,1.0,1.0,0.0,0.0,1.0,1.0,0.0,1.0,1.0,0.0,1.0,1.0
2018,-3.0679580638444115,1.0,1.0,0.0,0.0,1.0,1.0,0.0,1.0,1.0,0.0,1.0,1.0
2019,8.211932698842794e-05,1.8861814751192085e-05,0.00011237812995649558,9.35163152053035e-05,-0.004143434244531665,1.716804733942201e-05,0.00012336264560253163,-0.004840923701071992,2.3434542279598958e-05,0.00012776784705736954,-0.00399785625492459,1.5982854634555288e-05,8.600389720958557e-05
2020,-3.0679580638444115,1.0,1.0,0.0,0.0,1.0,1.0,0.0,1.0,1.0,0.0,1.0,1.0
2021,-3.0679580638444115,1.0,1.0,0.0,0.0,1.0,1.0,0.0,1.0,1.0,0.0,1.0,1.0
2022,0.0002296295458853459,6.534051898536102e-05,0.00020981869751150276,0.00014447817852614175,-0.012380546105929546,0.0001532779218815783,0.00024330138651806887,0.003757115926951735,1.4115920088819678e-05,0.00013733735036181027,0.005350487359620728,2.862771498568506e-05,0.00024881735565462915
2023,0.000221731599345798,7.851248449197712e-05,0.00027800374078564466,0.00019949125629366754,-0.011948084208267878,0.00014275671624763842,0.0003303941170039737,0.009063345265028413,8.214422739294402e-05,0.0003625125704774801,-0.003261366252853564,1.0636509835348917e-05,0.00014110453487548025
2024,0.00026314692022177955,0.0001189439869918596,0.00025380318076839714,0.00013485919377653754,-0.01398710515738839,0.00019563911068376516,0.0003309206754931182,0.012559563579938026,0.00015774263731826998,0.00032164017026459213,0.0018574748916136698,3.4502129735436426e-06,0.00010884869654748108
2025,6.649653299439784e-05,2.302027979269224e-05,0.00033452445454851265,0.00031150417475582043,0.007491771219716605,5.6126636008402286e-05,0.0004543852484808486,0.0024450355663996094,5.978198920675304e-06,0.00040891955431787697,0.0026374238281563975,6.956004448999131e-06,0.00014026856084681238
2026,-3.0679580638444115,1.0,1.0,0.0,0.0,1.0,1.0,0.0,1.0,1.0,0.0,1.0,1.0
2027,-3.0679580638444115,1.0,1.0,0.0,0.0,1.0,1.0,0.0,1.0,1.0,0.0,1.0,1.0
2028,0.0001438943361957712,6.404258431647047e-05,0.00036508398417707993,0.00030104139986060946,0.0032868142654399633,1.0803148015381403e-05,0.0004350650339658424,0.00837624043533874,7.016140383075964e-05,0.0002225674903744146,0.010543396089638243,0.00011116320110327038,0.0004376194281909829
2029,6.748465893957611e-05,3.0487926846086328e-05,9.325135042326238e-05,6.276342357717606e-05,0.006021358592341333,3.625675929741501e-05,9.146746892174651e-05,-0.004812781086581521,2.3162861787495714e-05,8.760560890241909e-05,-0.005660756084968869,3.2044159453348264e-05,0.00010068097344562155
2030,0.001497950462662656,0.0005322885828190627,0.001374994616201053,0.0008427060333819902,-0.03106730156627369,0.0009651772266098257,0.0023675586857957454,0.011170000543747727,0.00012476891214729946,0.0007136729070312819,-0.022514875298344856,0.0005069196097000628,0.0010437522557761314
2031,1.1023046250335788e-05,4.940740231496044e-06,0.0002445610401842953,0.00023962029995279927,0.0023249728378536318,5.40549869665341e-06,0.00020790223687894294,-0.0013197652895456896,1.7417804193398112e-06,0.0001344809989853868,-0.0027703684914876206,7.67494157849491e-06,0.00039129988468855625
2032,7.626619887712849e-05,2.0756296731298345e-05,0.00017195945821664912,0.0001512031614853508,0.002243474564741041,5.033178122726412e-06,0.0001526806747617071,0.004601302328542015,2.117198311879509e-05,0.00017247078198845411,-0.006005308397773247,3.606372895237353e-05,0.00019072691789978613
2033,9.609512000230414e-05,1.7988599581834446e-05,0.0002473114851981502,0.00022932288561631578,0.0063526248856588,4.035584293771155e-05,0.0002248814220995321,0.0033205941805850127,1.1026345711817598e-05,0.0003671139969664283,0.0016073612212814006,2.583610095974187e-06,0.00014993903652849028
2034,0.00024001360593361998,7.431205649791976e-05,0.00021076101947355616,0.0001364489629756364,0.0056282522517969325,3.167722341024248e-05,8.957901698325443e-05,0.009360247737533361,8.761423770786703e-05,0.00029311706534695947,-0.010180604519168988,0.00010364470837564976,0.00024958697609045455
2035,0.0002186683522371613,4.584908220780134e-05,0.0002932848798374114,0.0002474357976296101,0.008137240214311586,6.621467830547623e-05,0.00019428853921776845,-0.005828960278411598,3.3976777927824386e-05,0.0003238834735426188,0.006111938349693601,3.7355790390103394e-05,0.0003616826267518469
2036,-1.427548133986527,2.795544621503332e-05,0.00012081372684783857,9.285828063280525e-05,0.0054202317822414515,2.9378912572597393e-05,0.00012068377265728181,0.00521010230313624,2.7145166010322797e-05,0.00012088726926273718,0.005228982698514421,2.734226006217977e-05,0.00012087013862349671
2037,0.0002930905982867493,9.483022159132808e-05,0.0003341690124896157,0.00023933879089828763,0.015838122134621622,0.0002508461127510575,0.00041354662829873323,-0.003896116029947945,1.5179720118441153e-05,0.000207311193121118,-0.004297072480728929,1.8464831904485557e-05,0.00038164921604899593
2038,5.0524813442698324e-05,2.318284367752721e-05,0.0003539348399198561,0.00033075199624232887,-0.004157182216712366,1.7282163982890175e-05,0.0004971393049535422,-0.006659807918791789,4.435304151551023e-05,0.00037199576015700675,0.0028130633719017284,7.913325534181226e-06,0.0001926694546490193
2039,0.03641039823899628,0.016334622962603757,0.043920973799497075,0.027586350836893318,-0.14539834448824857,0.0211406785799233,0.03261223721326656,0.10466877945523126,0.010955553392647865,0.021608611141213596,-0.13002936943337148,0.01690763691524011,0.07754207304401106
2040,3.989968163398139e-05,9.7736330543959e-06,0.00016757028050473632,0.00015779664745034042,-0.0013249552297866253,1.7555063608343247e-06,0.00020022118182427828,0.0023190465064019273,5.377976698639486e-06,4.7537265407182616e-05,-0.004710352014821882,2.2187416103713886e-05,0.0002549523942827481
2041,-3.0679580638444115,1.0,1.0,0.0,0.0,1.0,1.0,0.0,1.0,1.0,0.0,1.0,1.0
2042,9.256065235319078e-05,3.8604116450402515e-05,0.0001404639038897019,0.00010185978743929938,0.00819088542659488,6.709060407183998e-05,0.0001375948433659513,0.0010486921694671106,1.099755265854263e-06,0.0001429996200482675,0.006900868786848233,4.7621990013513305e-05,0.00014079724825488693
2043,1.8834230464559454e-05,1.2542310708167173e-05,0.0003147334667720954,0.0003021911560639282,-0.0038431363008286624,1.4769696627725537e-05,0.00033746179213078875,-0.003087160277320629,9.530558578552117e-06,0.0002812631835850121,-0.0036505721357760587,1.3326676918223868e-05,0.0003254754246004854
2044,-3.04505879367938,5.421936805564502e-06,0.00012161307880039403,0.00011619114199482952,-0.00232850527297087,5.421936805416472e-06,0.00012161307880054206,-0.0023285052729708675,5.4219368064156725e-06,0.00012161307880087513,0.0023285052729708697,5.42193680486136e-06,0.0001216130787997649
2045,0.0002989433208768766,0.0002758759783411853,0.0006968104215075618,0.00042093444316637646,0.017081236615933342,0.0002917686443300038,0.0007684260032472245,-0.015961318049807688,0.00025476367388754806,0.0005882605796548868,-0.016765906381876167,0.00028109561680600414,0.0007337446816205739
2046,0.0001425815027202848,4.634391722361612e-05,0.00028910988902538143,0.00024276597180176532,0.0001139935754147458,1.2994535225629988e-08,0.0003571860124120807,0.004957869902543819,2.4580473970581274e-05,0.0003218715745173517,-0.010697583052497689,0.00011443828316504145,0.00018827208014671193
2047,2.0243573055633846e-05,5.6323331415845485e-06,0.00023805323392752284,0.0002324209007859383,-0.003421507959108991,1.1706716714243726e-05,0.0002455098194467098,0.0020171881156530428,4.0690478941840524e-06,0.0002091947444242681,0.0010588837600523523,1.1212348163258667e-06,0.0002594551379115906
