expert_id,decode_r2,encode_linear_r2,encode_periodic_r2,periodic_gain,dim0_corr,dim0_linear_r2,dim0_periodic_r2,dim1_corr,dim1_linear_r2,dim1_periodic_r2,dim2_corr,dim2_linear_r2,dim2_periodic_r2
0,0.00011908770711543948,0.00011144616993189842,0.00031617688201005895,0.00020473071207816051,0.010483825786613511,0.00010991060312415257,0.00031239201817356843,0.010854161380687939,0.00011781281927703002,0.00033220464946914774,0.01032545821716038,0.00010661508739451264,0.0003039339783874606
1,0.0002300361551914598,8.173902395754624e-05,0.0004938031509162574,0.00041206412695871114,-0.008419829651257517,7.089353135614207e-05,0.0004796400386932742,0.00875828280418149,7.670751767818729e-05,0.0008139357622211074,-0.009880082127112496,9.761602283830939e-05,0.00018783365183439038
2,-3.2212830142003845,1.0,1.0,0.0,0.0,1.0,1.0,0.0,1.0,1.0,0.0,1.0,1.0
3,0.00022633697066520853,7.018199904518241e-05,0.00025243594174947,0.00018225394270428758,-0.011547692510007474,0.00013334920230578806,0.00029960281549201717,-0.00785754611211325,6.174103090406113e-05,0.0002156878794149497,0.0039313819358841005,1.545576392569803e-05,0.00024201713034144312
4,7.766829163069477e-05,5.802176052408884e-05,0.0002576046597229098,0.00019958289919882097,-0.008098491545537174,6.558556531377491e-05,0.0002869992597900328,0.008291795177616534,6.875386726701294e-05,0.00027818961219838734,-0.006302844515936047,3.9725848991478685e-05,0.00020762510718030924
5,-3.2212830142003845,1.0,1.0,0.0,0.0,1.0,1.0,0.0,1.0,1.0,0.0,1.0,1.0
6,8.614596770384342e-05,3.650798874891651e-05,0.00026974727911003676,0.00023323929036112026,-0.008911470845034434,7.941431262203924e-05,0.00025238041051689475,0.003624365421396237,1.3136024708426675e-05,0.000303592047805723,-0.004119906420704185,1.6973628916283623e-05,0.00025326937900749247
7,0.00011379710467063209,5.3871418769890766e-05,0.000333518135797443,0.0002796467170275522,0.00904157481096454,8.175007506161514e-05,0.00044648255071222387,0.00044062538354757195,1.9415072827211333e-07,0.00020540169409555276,-0.00892580699544005,7.967003051978505e-05,0.0003486701625845523
8,0.0015362304233635937,0.0005587125426756249,0.0018953124768835334,0.0013365999342079085,0.036361119332179545,0.0013221309990889552,0.002619709244954471,-0.013476528161630197,0.0001816168112909189,0.0009196791697595463,0.01312973029605441,0.00017238981764700068,0.002146549015936583
9,6.295362578767616e-05,1.1497510622386168e-05,0.00019447597074166248,0.00018297846011927632,-0.0008124371077894211,6.600540538581612e-07,0.0002127916119826212,-0.0039571777677984525,1.5659255886535384e-05,0.0001493339575883157,-0.004263006207671636,1.817322192676496e-05,0.00022130234265405058
10,0.0002528940257658929,7.97694284688788e-05,0.00036399462432164703,0.00028422519585276823,-0.0058753671362085,3.451993898495598e-05,0.0005200604578071699,0.013000659015593248,0.00016901713483996605,0.0003785220961477487,-0.005980903910105452,3.577121158171437e-05,0.00019340131901002255
11,0.00019671434507306795,7.070488354813757e-05,0.0003641622298369655,0.0002934573462888279,-0.010382422438899553,0.00010779469570065814,0.00040977812512710265,-0.008139316357706601,6.624847077119078e-05,0.00035858392531573635,-0.006170209410740826,3.8071484172563785e-05,0.00032412463906805744
12,-3.1272955864421874,5.913256675945296e-06,0.00015563457628646007,0.00014972131961051477,-0.0024317188727744406,5.9132566759823035e-06,0.00015563457628631205,0.0024317188727744424,5.913256674539014e-06,0.00015563457628520183,0.002431718872774439,5.913256677314571e-06,0.00015563457628786637
13,8.577624693983932e-05,3.117485595005576e-05,0.00035654018453390446,0.0003253653285838487,-0.004068051593094196,1.6549043764690907e-05,0.00013756922630181467,-0.0033714271187231253,1.1366520817013281e-05,0.00045465302524105855,0.008099938473140413,6.560900326846308e-05,0.00047739830205884015
14,-3.0007874013297835,5.948908312510456e-05,0.00017181853895424185,0.00011232945582913728,-0.007712916641974902,5.9489083125252584e-05,0.00017181853895431587,-0.007712916641974904,5.948908312469747e-05,0.00017181853895387178,0.007712916641974903,5.9489083125363607e-05,0.00017181853895453791
15,-3.2212830142003845,1.0,1.0,0.0,0.0,1.0,1.0,0.0,1.0,1.0,0.0,1.0,1.0
16,4.485111986718415e-05,1.4856102277619835e-05,0.00012944603512821118,0.00011458993285059134,-0.004125674597334881,1.7021190883537152e-05,0.0002521543540819904,0.00200120419165106,4.004818217273609e-06,7.439465506575704e-05,0.004852040573931827,2.3542297732048745e-05,6.178909623688611e-05
17,0.00012608545555015116,3.5724363478576805e-05,0.0001207308276031475,8.500646412457069e-05,-0.005247835390988786,2.7539776291218843e-05,0.00010350148766258283,0.003348993444358892,1.1215757090399237e-05,0.00012898439837472075,-0.008271490618625614,6.841755705411234e-05,0.00012970659677213892
18,-3.2212830142003845,1.0,1.0,0.0,0.0,1.0,1.0,0.0,1.0,1.0,0.0,1.0,1.0
19,-3.2212830142003845,1.0,1.0,0.0,0.0,1.0,1.0,0.0,1.0,1.0,0.0,1.0,1.0
20,0.00019895986270779265,7.068545708943663e-05,0.0001480775883666574,7.739213127722078e-05,0.005107058152454787,2.6082042972497277e-05,8.403307453652697e-05,0.009398947466242091,8.834021347292609e-05,0.00014154197022209214,0.009880997663329283,9.763411482288653e-05,0.0002186577203413531
21,2.416695597284857e-05,1.0717005249423947e-05,0.00010430360710426505,9.35866018548411e-05,0.004489359592026179,2.015434954660833e-05,0.00017631173809962153,-4.6565830832142985e-05,2.1683765893953932e-09,6.837671058990136e-05,0.0034633073536205782,1.1994497825074113e-05,6.822237262327224e-05
22,6.133634646943165e-05,3.0059169909428068e-05,0.00021249838117135914,0.00018243921126193108,-0.0054252363724486274,2.9433189697170015e-05,0.0001538031732318812,0.007648622293875895,5.850142299446137e-05,0.000205312575273231,-0.0014976304738816735,2.2428970366528134e-06,0.00027837939500896525
23,0.00038120461702062514,0.00015503842737189336,0.00021383194533205105,5.879351796015769e-05,0.0061995636464156996,3.84345894065552e-05,0.00010087106636802456,-0.00879465650585906,7.734598305664253e-05,0.00014865731471380705,-0.018690497843872625,0.00034933470965248237,0.0003919674549143215
24,-3.2212830142003845,1.0,1.0,0.0,0.0,1.0,1.0,0.0,1.0,1.0,0.0,1.0,1.0
25,2.0487490559162325e-05,4.2057480469370745e-06,0.0005806131189332783,0.0005764073708863412,-0.0005803595908648438,3.3681725508660776e-07,0.0003527786110095743,-0.0035033980178379885,1.227379767132497e-05,0.0007450576598966308,-8.141998826039146e-05,6.629214399644923e-09,0.0006440030858936296
26,0.00014038104563063314,2.4607083849474225e-05,0.00019247060109354544,0.00016786351724407123,0.00726609300866688,5.279610761044218e-05,0.00033408353857034,8.02067041428033e-05,6.433114929649264e-09,7.805666791360633e-05,-0.004584616758527348,2.1018710823050846e-05,0.00016527159679669
27,-3.2212830142003845,1.0,1.0,0.0,0.0,1.0,1.0,0.0,1.0,1.0,0.0,1.0,1.0
28,-3.2212830142003845,1.0,1.0,0.0,0.0,1.0,1.0,0.0,1.0,1.0,0.0,1.0,1.0
29,-3.2212830142003845,1.0,1.0,0.0,0.0,1.0,1.0,0.0,1.0,1.0,0.0,1.0,1.0
30,6.85231005894682e-05,3.5474384751081146e-05,0.00029758250495385646,0.0002621081202027753,-0.0036455971051742027,1.3290378253372204e-05,0.0003648533716565927,-0.005068580040432747,2.569050362621894e-05,0.00027432476494926306,0.008212324419662598,6.74422723736523e-05,0.0002535693782557136
31,0.0001500960072801094,1.4841527581910263e-05,0.00016628892187534974,0.00015144739429343948,0.003011803062599049,9.070957687651315e-06,0.0003077589879461051,0.0013944370743634756,1.944454754099212e-06,3.5075027200237585e-05,0.005788710590774274,3.350917030398026e-05,0.00015603275047970655
32,0.00012106965716285334,6.91376346544e-05,0.00024186158442596195,0.00017272394977156197,0.010652745547678031,0.00011348098770402881,0.0002890908560000405,-0.0052493446459687,2.7555619212527027e-05,0.0001656019972021694,-0.008147164969895588,6.637629704664416e-05,0.000270891900075676
33,1.6413996410502563e-05,4.954880437317104e-06,0.00016189933107805624,0.00015694445064073914,0.002039817473695662,4.160855326063029e-06,9.606018934715799e-05,-0.0032540126406592523,1.0588598265970361e-05,0.00021537780011549046,-0.0003393931635251934,1.1518771991791965e-07,0.0001742600037715203
34,9.171669629393087e-05,2.2991302731904344e-05,0.00014105637800417478,0.00011806507527227043,0.0016569271720687962,2.7454076539923378e-06,0.0001306871426404177,0.008135647211779628,6.618875555475245e-05,0.00017152211831428232,0.0001993614481929918,3.9744986968237583e-08,0.0001209598730578243
35,4.5765270921260814e-05,2.85285924848111e-05,8.580529158641603e-05,5.727669910160493e-05,0.003823954320542715,1.462262664542191e-05,6.334131502083729e-05,-0.005583601148109658,3.1176601781313096e-05,9.177340201804718e-05,-0.00630765796694128,3.978654902769829e-05,0.00010230115772036363
36,0.0003807629698232562,0.00026193746003899676,0.000678937037556319,0.0004169995775173222,-0.013310923292307026,0.00017718067889394007,0.000609069790786454,-0.01723888872911187,0.0002971792846145904,0.0007689305783420419,-0.01764801452312746,0.0003114524166084598,0.0006588107435404611
37,0.00012053257033250997,6.416373679289193e-05,0.00035438766347610046,0.0002902239266832085,0.0034801228693803264,1.2111255186741943e-05,0.0001803009092559149,-0.009205042314615334,8.473280401377625e-05,0.0004155577563754731,-0.009779936154097437,9.564715117815759e-05,0.0004673043247969133
38,4.0787195462299586e-05,1.4647222851086697e-05,0.0001905460525424285,0.00017589882969134182,0.0047416959387430535,2.2483680375051662e-05,0.00020009728743786148,-0.0020324465671332148,4.1308390480443435e-06,0.00017429952206404753,0.0041625892339339915,1.7327149130164088e-05,0.00019724134812537653
39,-3.2212830142003845,1.0,1.0,0.0,0.0,1.0,1.0,0.0,1.0,1.0,0.0,1.0,1.0
40,3.096558754867029e-05,2.814419635344123e-06,0.00019889255269892972,0.0001960781330635856,-0.0024429580836476503,5.968044198612077e-06,0.00019488483591334482,-0.001442877492866872,2.0818954595824835e-06,0.0001956570975846228,0.0006271516944315921,3.933192478378089e-07,0.00020613572459882157
41,0.002037615917362068,0.0008329268182889112,0.002119660453848963,0.0012867336355600516,-0.013185700110120517,0.0001738626873940552,0.0007625832234430252,-0.04001258219701804,0.0016010067340731515,0.004173683681940599,0.026905594834526314,0.0007239110333995269,0.0014227144561632654
42,-3.2212830142003845,1.0,1.0,0.0,0.0,1.0,1.0,0.0,1.0,1.0,0.0,1.0,1.0
43,-3.1830246841519045,4.332005224860769e-05,0.00017004375827770848,0.0001267237060291008,0.006581797037899171,4.3320052248940755e-05,0.00017004375827800455,0.006581797037899174,4.332005224727542e-05,0.00017004375827633922,-0.006581797037899165,4.332005224960689e-05,0.0001700437582787817
44,0.00011638568726524134,3.417676788119994e-05,0.0001936038019263083,0.00015942703404510836,0.00302169817011943,9.13065983132455e-06,0.00015488405365737812,0.00773557678533352,5.983914820173464e-05,0.00017585978418588333,0.005793142118988681,3.356049561054064e-05,0.0002500675679356634
45,1.1004663372893297e-05,3.1206105918594553e-06,0.00027216107253465643,0.00026904046194279696,0.0029615442411842336,8.77074429239677e-06,0.0003451641287520735,-0.00045871640277164814,2.1042073838906106e-07,0.0003641952139437077,0.0006169819647736301,3.8066674479253493e-07,0.0001071238749081882
46,-3.2212830142003845,1.0,1.0,0.0,0.0,1.0,1.0,0.0,1.0,1.0,0.0,1.0,1.0
47,7.513374213319324e-05,7.660440877299557e-06,0.00015641381462731344,0.00014875337375001388,-0.002304742576182964,5.311838341959252e-06,0.00014667540023216574,-0.0028043449273303504,7.864350472286397e-06,0.00015922658794809141,0.003131315030047753,9.805133817653022e-06,0.00016333945570168318
48,3.695570735351428e-05,1.2042391941154603e-05,0.0002229477927009338,0.00021090540075977918,-0.005039831383049103,2.5399900370204342e-05,0.00035424280241813655,0.002460711138122332,6.055099304957956e-06,0.00023333669387437528,0.0021615217204591915,4.67217614830151e-06,8.126388181028954e-05
49,-3.2212830142003845,1.0,1.0,0.0,0.0,1.0,1.0,0.0,1.0,1.0,0.0,1.0,1.0
50,0.0002381405326078445,0.00021180631651307458,0.0004618061377406428,0.0002499998212275682,0.014635435215183203,0.0002141959639384572,0.000476048814456953,0.01398533777678204,0.00019558967272981231,0.0004385924822837284,-0.01502109559493173,0.00022563331287095423,0.00047077711648124687
51,0.00021442371069679833,1.5178770153445598e-05,0.00018980371248844552,0.00017462494233499992,0.0013085920607859023,1.7124131813650578e-06,0.00017507363747770732,0.004413127754380962,1.9475696576565227e-05,0.00023289191141229182,0.004934389597752649,2.434820070240651e-05,0.00016144558857533742
52,0.00017985686228816355,8.348841747944184e-05,0.0005832316018225351,0.0004997431843430933,0.007928150214409041,6.285556582230623e-05,0.0007032174340370068,-0.004308070105918112,1.8559468037304683e-05,0.00019414032280196114,-0.01300193134033214,0.0001690502185787146,0.0008523370486286375
53,7.343762796241382e-05,8.876065465734939e-06,0.0002206354298365983,0.00021175936437086337,0.0009039499481073313,8.171255082567441e-07,0.00020068877813073094,0.0003201962136449754,1.0252561510881719e-07,0.00016654202939980767,-0.0050703594816984155,2.5708545273839256e-05,0.0002946754819792563
54,8.382766936099184e-05,2.5017507708483915e-05,0.00017445464950142467,0.00014943714179294076,-0.008330763947819822,6.940162795443516e-05,0.0002045309113228866,0.0021687724534342613,4.703573954545348e-06,0.00015612518332930314,-0.0009733042772389032,9.473212164712308e-07,0.0001627078538520843
55,0.00012768193736911737,2.232589628337056e-05,0.00026364699091778004,0.00024132109463440948,-0.0005737973497238879,3.292433982116094e-07,0.00018740609900624872,-0.002856237527365889,8.158092813626006e-06,0.0003686041537802609,0.007647898576640506,5.849035263827407e-05,0.00023493071996683046
56,-3.2212830142003845,1.0,1.0,0.0,0.0,1.0,1.0,0.0,1.0,1.0,0.0,1.0,1.0
57,0.00023680276407911371,9.621298922590782e-05,0.001239196041696015,0.0011429830524701072,0.00789257791914894,6.229278620961676e-05,0.0017341975895966977,-0.003915575627527682,1.533173249479436e-05,0.0006495384971475504,-0.014526336391991882,0.00021101444897331234,0.0013338520383437968
58,8.240141333326623e-05,4.733141197503047e-05,0.0002355114785486112,0.00018818006657358075,0.008551229238723179,7.31235214920245e-05,0.0002297687874133203,-0.001769623219630995,3.131566339797942e-06,0.00023316480403945405,-0.008107968185281329,6.573914809326897e-05,0.00024360084419305927
59,6.809744303704068e-05,8.38233111507177e-06,0.00021827391592817622,0.00020989158481310444,0.0021932075436278263,4.810159329515784e-06,0.00025279799709743145,0.004218137513437018,1.779268408208523e-05,0.000225145916053604,-0.0015950391636842302,2.5441499336142925e-06,0.00017687783463349316
60,0.00026620090924267537,6.197362701095462e-05,0.00026317790692187426,0.00020120427991091966,-0.012983568030073632,0.0001685730387918083,0.0005190972222539614,-0.0038819589023924004,1.506960491992615e-05,0.0001828561939221096,0.0015093830930039515,2.278237321129417e-06,8.75803045895518e-05
61,0.00013114525405666377,6.851284606534946e-06,0.00013544923068013284,0.0001285979460735979,-0.002804197648845397,7.86352445358851e-06,0.0001495214094507924,0.0019702989870500126,3.8820780983161995e-06,0.000126500200811841,0.0029678698198424796,8.808251267700129e-06,0.00013032608177776517
62,9.635429130450124e-05,4.6322515708019374e-05,0.0002446607714507258,0.00019833825574270641,-0.004977720879395231,2.4777705153300467e-05,0.00012158905645098805,-0.00924600177491977,8.548854882184376e-05,0.0002919663874376699,-0.005357358784767544,2.8701293148913898e-05,0.00032042687046351936
63,1.2940677969641712e-05,7.683237485234251e-06,0.00011979614082435752,0.00011211290333912327,0.0025190629056692755,6.345677922126036e-06,3.080645030095752e-05,0.002787462587005771,7.769947673597066e-06,0.000183475848519965,0.002988994289190532,8.93408685997965e-06,0.00014510612365215003
64,1.0907714842467442e-08,1.090771536057152e-08,0.00015896945141387805,0.00015895854369851747,0.00010444000591289502,1.0907716174735071e-08,0.00015896945141424812,0.00010444000591289497,1.0907715730645862e-08,0.0001589694514145812,0.00010444000591289513,1.0907714176333627e-08,0.00015896945141280483
65,4.818724334387792e-05,3.4839218358747224e-06,0.0005486272256933766,0.0005451433038575019,-0.00027598086529018087,7.616543828969924e-08,0.00047439361313117434,0.0015894388991148805,2.526316014273e-06,0.0006522032010026768,-0.0028016573764644984,7.849284055061467e-06,0.0005192848629462787
66,-3.183950005734337,1.0990576084409416e-06,0.00016172081811723546,0.0001606217605087945,-0.0010483594843995303,1.0990576086999937e-06,0.00016172081811738348,0.00104835948439953,1.0990576086999937e-06,0.00016172081811738348,0.0010483594843995303,1.0990576079228376e-06,0.0001617208181169394
67,0.00014406682051648634,1.0200577176415019e-05,0.00011281479997663861,0.00010261422280022359,0.0019296624720408341,3.7235972560889508e-06,0.00014600002537146217,-0.00026044990986691694,6.783415584799002e-08,0.00010498703238281948,0.005177866367287583,2.6810300117308117e-05,8.745734217563417e-05
68,0.0004404130694407593,0.00012931523121625008,0.002025654199106386,0.001896338967890136,0.013044831727263954,0.00017016763479271724,0.003002106658085202,0.008594401733947536,7.386374116469252e-05,0.002648743166517087,0.011996429372567617,0.00014391431769134044,0.000426112772716869
69,0.00014342527799271476,5.303746072959914e-05,0.00014594494245449377,9.290748172489463e-05,0.0032945746357190783,1.0854222030620697e-05,0.00013043683325297817,0.007646412179320112,5.846761921612931e-05,0.00014255210974045696,-0.009475787088290749,8.979054094204741e-05,0.00016484588437004621
70,-3.2212830142003845,1.0,1.0,0.0,0.0,1.0,1.0,0.0,1.0,1.0,0.0,1.0,1.0
71,2.8928850207443624e-05,6.807991743832768e-06,0.00017679320344488048,0.00016998521170104772,0.0026723397040884327,7.141399494314804e-06,0.00018058605046189502,0.0027017757194381154,7.2995920376017764e-06,0.00017766547153053036,0.0024460138388049803,5.982983699581723e-06,0.00017212808834221605
72,1.629659875124201e-05,1.7175197144133254e-06,0.00012428064771519143,0.0001225631280007781,-0.0016550531742869426,2.7392010100157904e-06,0.00012347824537184415,0.0010538087073085232,1.110512791835383e-06,0.00019785638874258993,-0.0011414225082795324,1.302845341388803e-06,5.15073090311402e-05
73,6.942650409869078e-05,1.5485899442557738e-05,0.00017213631939464827,0.00015665041995209053,0.006359997510024912,4.044956832727209e-05,0.00026970325937547557,0.0016890754122624457,2.852975748424136e-06,0.00011552027888106497,0.0017762753874129148,3.155154251976988e-06,0.0001311854199274043
74,0.00022897027991020114,6.0549083788608016e-05,0.0005348791840333877,0.00047433010024477973,-0.004239668204302205,1.7974786482688465e-05,0.0005815367964855378,0.005106733091031514,2.6078722863198678e-05,0.0005122312098067017,-0.011730035891663857,0.0001375937420199369,0.0005108695458079238
75,0.00010075032098555425,2.9563881963216392e-05,0.00022575983880827413,0.00019619595684505775,0.005451314512648351,2.97168299158157e-05,0.0002927920400344064,0.0013571605820612953,1.8418848458656711e-06,0.0001139804567933389,0.0075586328874789966,5.71329311279678e-05,0.0002705070195970771
76,3.98186813842516e-05,9.323316426520142e-06,0.0002581948457040332,0.0002488715292775131,0.003090735165906172,9.552643866150845e-06,0.000234105185508926,-0.0038946258374665246,1.5168110414021108e-05,0.0002376870841708234,0.001802552356889619,3.2491949993884717e-06,0.0003027922674323502
77,5.185094291149106e-05,1.065219159968045e-05,0.00016269500215885616,0.0001520428105591757,-0.004579632716344739,2.097303581594101e-05,0.00018330024007195966,-0.0032685178553443113,1.0683208970352354e-05,0.00015043241912804373,0.000548023733978929,3.0033001274798465e-07,0.0001543523472765651
78,-3.0952329781158454,4.929776827703828e-05,0.0001807402624195431,0.00013144249414250483,0.007021236947787448,4.9297768276113096e-05,0.00018074026241843288,-0.007021236947787445,4.9297768277001275e-05,0.00018074026241921004,-0.007021236947787443,4.9297768278000476e-05,0.0001807402624209864
79,0.00011235066761206003,4.238791090901047e-05,0.00015559222884823734,0.00011320431793922686,-0.007873234363544205,6.198781934296793e-05,0.00021384215413844387,-0.008056447244201785,6.490634219835645e-05,0.0001945792959954229,-0.00051920245193683,2.695711857070293e-07,5.835523641084528e-05
80,-3.2212830142003845,1.0,1.0,0.0,0.0,1.0,1.0,0.0,1.0,1.0,0.0,1.0,1.0
81,0.00011129113321917128,4.777039400124158e-05,0.00032659750753068667,0.0002788271135294451,-0.006622819155042073,4.386173356052403e-05,0.00031644757025406367,-0.006294517399808615,3.962094929665927e-05,0.0002751402058647212,0.007734888437914946,5.9828499146541425e-05,0.0003882047464732752
82,0.00012875199673112458,7.517353911989932e-05,0.000247888046649547,0.00017271450752964768,-0.01056802995200801,0.00011168325706667481,0.00033470064598772886,-0.0025127191541752117,6.313757547782295e-06,8.846908395310216e-05,-0.010369358839637776,0.00010752360274524086,0.00032049441000781
83,-3.2212830142003845,1.0,1.0,0.0,0.0,1.0,1.0,0.0,1.0,1.0,0.0,1.0,1.0
84,7.215229066603879e-05,1.2673953738014573e-05,0.0002051539466809693,0.00019247999294295473,0.005740646165119033,3.2955018392955004e-05,7.408901306205085e-05,0.0004466046029499216,1.9945567153456523e-07,0.00024785895787815537,-0.002206215571886328,4.867387149554148e-06,0.0002935138691027017
85,4.306723381430899e-05,5.684676639490978e-06,5.160896001762024e-05,4.592428337812926e-05,0.002410969157085879,5.812772276625466e-06,4.1689943060418955e-05,-0.0008150028997826976,6.642297259995544e-07,3.24435014920077e-05,-0.003252234295932264,1.0577027915847914e-05,8.069343550043406e-05
86,0.0009276702353080424,0.00020473909109219868,0.001116434079628914,0.0009116949885367154,0.017724633152576608,0.0003141626203936321,0.001111046728078935,0.015677945311662497,0.0002457979691955492,0.0007881161462232056,0.007365913635616521,5.4256683687414764e-05,0.0014501393645846017
87,0.00013196220912092826,8.212215582614757e-05,0.00016362714184329588,8.150498601714831e-05,0.0011866737633123,1.4081946202448847e-06,0.0001266958175436539,-0.011470146078600611,0.00013156425106464198,0.00018592845644338496,-0.010648662911049458,0.00011339402179355584,0.00017825715154284882
88,-3.2212830142003845,1.0,1.0,0.0,0.0,1.0,1.0,0.0,1.0,1.0,0.0,1.0,1.0
89,1.333039482287468e-05,1.2757252058811137e-06,0.00030481911473885975,0.00030354338953297866,-0.001101848081946914,1.2140691971751494e-06,0.00031799798346665575,0.0014028720747058668,1.968050057810089e-06,0.00032282039272579777,0.0008031540093107511,6.45056362658103e-07,0.0002736389680241258
90,0.0001248563788259771,4.3456984836950006e-05,0.00016012841517306273,0.00011667143033611271,0.0011611411385773836,1.3482487438709612e-06,0.00020604131866686082,0.010908025681140852,0.00011898502426010982,0.00016905380112042234,-0.0031682300274541776,1.0037681506869234e-05,0.000105290125731905
91,8.577761236716608e-05,1.1119569603830945e-05,0.00023546552945915197,0.00022434595985532102,-0.0024501060102059763,6.00301946085402e-06,0.00022921199309755558,0.004991307926075872,2.4913154812344906e-05,0.00015387045637116348,-0.0015628610103640688,2.4425345382939057e-06,0.00032331413890873684
92,-3.2212830142003845,1.0,1.0,0.0,0.0,1.0,1.0,0.0,1.0,1.0,0.0,1.0,1.0
93,-3.2212830142003845,1.0,1.0,0.0,0.0,1.0,1.0,0.0,1.0,1.0,0.0,1.0,1.0
94,0.0002843940197989614,0.00018402040918867138,0.0003174677119978468,0.0001334473028091754,-0.01570044816570242,0.000246504072603293,0.00039840600117302394,-0.009754903968136915,9.51581514276878e-05,0.00020199502599627106,-0.014505137142954408,0.00021039900353503338,0.0003520021088242453
95,1.2832731559608845e-06,4.0567585157802455e-07,0.00022875320161349263,0.0002283475257619146,-0.0001488109069431989,2.2144685751790405e-08,0.0003193918663926265,0.0010614159711508397,1.1266038638657605e-06,0.0001401433401239105,-0.0002613025167656968,6.827900511652274e-08,0.00022672439832394087
96,9.538787732987775e-05,3.621142898672473e-05,0.0002584164006062724,0.0002222049716195477,-0.0031211412406069415,9.741522643880174e-06,0.00031882890324452795,-0.008359031857911805,6.987341360176202e-05,0.00030839742303667705,-0.005386961176326513,2.901935071453199e-05,0.00014802287553761229
97,0.00012982450615639518,5.2356490445178615e-05,0.00026007480335836036,0.00020771831291318174,0.007619020771576845,5.804947751797407e-05,0.0002592422975080666,-0.007442125456367293,5.5385231308435756e-05,0.00027000252384457024,-0.0066056613982602595,4.363476250912601e-05,0.0002509795887224442
98,5.8391000326785125e-05,1.9943757305259286e-05,0.0001466685222720384,0.0001267247649667791,-0.0005621963609310733,3.160647482625123e-07,8.505553259530174e-05,-0.0015047620600790476,2.2643088570806214e-06,0.00014164564310792382,0.0075664323369963255,5.725089831043473e-05,0.00021330439111288957
99,9.377292522871894e-05,4.204327210599601e-05,0.00042014675268401785,0.00037810348057802184,0.00652588107874329,4.258712385396546e-05,0.00022937720048898935,-0.006286478395209737,3.9519810613231066e-05,0.0007043168828178015,0.006634974140934703,4.4022881850791507e-05,0.0003267461747452627
100,0.00019015601481797706,5.218071077454459e-05,0.0002592850612197495,0.0002071043504452049,0.009048138965245658,8.186881873473162e-05,0.0002918771445448165,0.008220722934234863,6.758028556097528e-05,0.00034066426862999766,0.002663273930495102,7.093028027926884e-06,0.00014531377048443428
101,0.00012234404946265265,4.1040700211048e-05,0.0002607988936995283,0.0002197581934884803,-5.231594916554446e-06,2.736832982463966e-11,0.00019984168878783848,0.009615067508200131,9.244952318743227e-05,0.00031667523901390826,0.005538280425976415,3.06725500773819e-05,0.0002658797532968382
102,0.00011930923030301077,7.722781470579735e-06,8.846686333367308e-05,8.074408186309334e-05,-0.0022436649205905468,5.034032276141076e-06,7.959340123830927e-05,0.00291375513519188,8.489968988945051e-06,0.00011177522260197303,-0.003105534277195162,9.644343146653078e-06,7.403196616073693e-05
103,0.00018656971611008544,9.292989742989051e-05,0.0003983404243017204,0.0003054105268718299,-0.009052810189267893,8.195337232319577e-05,0.0003805128442060379,0.009359485856606946,8.759997550000787e-05,0.0003912397657238609,-0.010451619227038503,0.0001092363444664679,0.00042326866297526244
104,-3.2212830142003845,1.0,1.0,0.0,0.0,1.0,1.0,0.0,1.0,1.0,0.0,1.0,1.0
105,0.00015718802479047778,3.8248716440462495e-05,0.0002137525434684484,0.00017550382702798592,-0.0020326728948151496,4.131759097747434e-06,0.0002988905378302764,-0.009347556398614598,8.737681062520597e-05,0.0002844330682554297,0.004820537272801053,2.3237579598434088e-05,5.793402431963912e-05
106,3.977851627567919e-05,1.1048688822401509e-05,0.00022944897572263478,0.00021840028690023328,-0.0027033683555769145,7.308200465905301e-06,0.00027399913319359204,0.004627505412651109,2.1413806343240083e-05,0.00015376732642047308,0.002103344873873882,4.424059658059143e-06,0.00026058046755383923
107,-3.20066453584828,1.455482213841286e-05,0.0001634437860120371,0.00014888896387362424,-0.0038150782611493512,1.4554822138190815e-05,0.00016344378601185205,0.0038150782611493517,1.4554822138301837e-05,0.00016344378601174103,0.0038150782611493465,1.4554822138745926e-05,0.0001634437860125182
108,-3.2212830142003845,1.0,1.0,0.0,0.0,1.0,1.0,0.0,1.0,1.0,0.0,1.0,1.0
109,-3.1174824564406585,5.808287916779046e-06,0.0001613962267734322,0.00015558793885665317,-0.0024100389865377445,5.808287917186128e-06,0.0001613962267734692,-0.0024100389865377454,5.808287917186128e-06,0.00016139622677380228,-0.0024100389865377467,5.808287915964883e-06,0.00016139622677302512
110,1.7525765063641785e-05,2.0733954420408076e-06,0.0005138329499897824,0.0005117595545477416,-0.0018780042340416586,3.526899902905889e-06,0.0005119075878177171,0.001295701965960873,1.678843584373979e-06,0.0005028537109218467,0.0010071955313264696,1.0144428388425553e-06,0.0005267375512297834
111,-3.2212830142003845,1.0,1.0,0.0,0.0,1.0,1.0,0.0,1.0,1.0,0.0,1.0,1.0
112,5.098696519423296e-05,1.1762778207321153e-05,0.00025724617970831104,0.0002454834015009899,0.004427300144537421,1.9600986568391043e-05,8.45159101339199e-05,0.0029215018886660847,8.535173285251219e-06,0.00034344187131418735,0.002674355019228098,7.152174768321196e-06,0.0003437807576768259
113,7.181444718784569e-06,1.2849675004034111e-06,0.000340037306438723,0.0003387523389383196,0.0009610977824211193,9.237089474423144e-07,0.00027905467494837577,-0.0003759960984418231,1.413730661425916e-07,0.0004074811666633371,0.0016702755722789947,2.7898204876253274e-06,0.0003335760777044561
114,2.8231569690562175e-05,8.09061214668283e-06,0.00038635677564987275,0.0003782661635031899,0.0016363712815902977,2.6777109725095727e-06,0.00041119409900503,0.004222286289343558,1.7827701508044136e-05,0.00038690272107388957,0.0019407276882555773,3.76642395949478e-06,0.00036097350687069873
115,9.28149098327058e-05,2.4552914031102564e-05,0.0006501397518496876,0.000625586837818585,-0.0039869395720228485,1.589568715110179e-05,0.0008084483970798306,-0.005193262048377577,2.6969970702950263e-05,0.0008873083343945432,-0.0055491516684412,3.079308423925564e-05,0.00025466252407468914
116,-3.2212830142003845,1.0,1.0,0.0,0.0,1.0,1.0,0.0,1.0,1.0,0.0,1.0,1.0
117,0.00017994587007330587,0.00010626300392180266,0.00042234582868905246,0.0003160828247672498,-0.012295493960133493,0.00015117917172402517,0.0005592196784043324,0.011813850737185666,0.00013956706924067586,0.0003291482983808214,-0.005295542540754268,2.804277080070694e-05,0.0003786695092820036
118,8.051542702725012e-05,3.573507464268063e-05,0.0004882654815773213,0.0004525304069346407,0.0003866193347531564,1.4947451043578752e-07,0.00027601810390109893,-0.006615957719327995,4.3770896544059745e-05,0.0006207493471609427,-0.0079551777399218,6.328485287354635e-05,0.0005680289936699223
119,8.258572523289764e-05,4.197857146629828e-05,0.0003906883454377989,0.0003487097739715006,-0.0073102438302960005,5.3439664858490055e-05,0.0004571846204114438,-0.0071084601703265,5.053020599288249e-05,0.0003552157380101173,0.004686773255428167,2.196584354752229e-05,0.00035966467789183554
120,1.584738286819487e-05,4.899491148494898e-06,0.00013867499754749435,0.00013377550639899946,0.0032827550849156297,1.077648094793826e-05,9.087616082481542e-05,0.0019711473073039136,3.885421707039427e-06,6.650209570924215e-05,-0.00019123490855072584,3.6570790507006734e-08,0.0002586467361084255
121,7.664524086259394e-05,6.967709113329483e-05,0.000331346514391521,0.0002616694232582262,-0.007552990537401968,5.704766605851841e-05,0.00030589734386499146,0.008682099652131056,7.537885436970093e-05,0.0003474704581883925,-0.00875241412245367,7.660475297166514e-05,0.00034067174112117904
122,-3.2212830142003845,1.0,1.0,0.0,0.0,1.0,1.0,0.0,1.0,1.0,0.0,1.0,1.0
123,-3.2212830142003845,1.0,1.0,0.0,0.0,1.0,1.0,0.0,1.0,1.0,0.0,1.0,1.0
124,0.00028373894389499554,0.00019079227305451862,0.00037608675769795763,0.000185294484643439,-0.015037754124839774,0.0002261340491189756,0.00044234159825962127,0.0151426571142633,0.0002293000644801868,0.0004916131119383493,0.010814005065847843,0.00011694270556439346,0.00019430556289590228
125,-3.1656642679147797,1.6367188114966662e-05,0.0001639183885837244,0.00014755120046875775,0.004045638159211835,1.636718811470761e-05,0.00016391838858409447,0.004045638159211837,1.6367188115040676e-05,0.00016391838858353935,-0.0040456381592118345,1.63671881151517e-05,0.00016391838858353935
126,0.00047570883112646456,0.00020169395836141155,0.00047120036566998075,0.00026950640730856923,0.01157152282488761,0.00013390014048675347,0.00022558116304793874,-0.009586825755732567,9.190722807062013e-05,0.000364139278617559,0.019474971284369938,0.000379274506526861,0.0008238806553444444
127,8.62822022170695e-05,2.30171107220567e-05,0.00014253187903412456,0.00011951476831206786,-0.00427780861459506,1.8299646543429304e-05,0.00020089670188250253,-0.0006175228260772242,3.8133444046906106e-07,0.0001049379740596379,0.007097207280483789,5.037035118227173e-05,0.00012176096116023327
128,-3.1487785146546328,1.1249037385437552e-05,0.0001601232477753308,0.00014887421038989324,0.00335395846502438,1.1249037384364335e-05,0.00016012324777403553,0.0033539584650243803,1.124903738558558e-05,0.00016012324777547882,-0.003353958465024379,1.1249037386362737e-05,0.00016012324777647802
129,-3.2212830142003845,1.0,1.0,0.0,0.0,1.0,1.0,0.0,1.0,1.0,0.0,1.0,1.0
130,9.04728400403787e-05,1.9244277155568607e-05,0.00017318980635057843,0.0001539455291950098,0.0004178516182355263,1.745999747004845e-07,0.00015423468206676727,-0.006572736519099151,4.3200865349479756e-05,0.00012472990229694947,0.0037891115241552365,1.4357366142525585e-05,0.00024060483468801852
131,2.6222998069869163e-05,4.075337252847551e-06,0.00017954149696049657,0.000175466159707649,-0.0021272799061390004,4.5253197995531735e-06,0.000175659377826487,0.0016197951793474946,2.623736422791012e-06,0.00017403671104532226,0.002253210051510566,5.076955536198469e-06,0.00018892840200968042
132,0.0002527740358005959,9.471391276346293e-05,0.0008191570059028486,0.0007244430931393856,-0.011739353823063962,0.00013781242818322603,0.00048285388472446567,0.007908786394649673,6.254890223644782e-05,0.0007367810623253312,-0.009153163817535743,8.378040787071495e-05,0.0012378360706587488
133,0.009645412699770262,0.0037618620379212078,0.012364698620053923,0.008602836582132716,-0.013979781856519108,0.00019543430075597001,0.0008293940624044538,-0.09366886856679363,0.008773856938583346,0.030206227173230737,0.04812790120526841,0.0023162948744243073,0.0060584746245265775
134,-2.9943720074992557,2.6798820939699652e-05,0.00016472240430465135,0.0001379235833649517,0.005176757763287567,2.679882093903352e-05,0.00016472240430420726,-0.0051767577632875665,2.6798820940254764e-05,0.00016472240430476237,0.0051767577632875665,2.6798820939810675e-05,0.00016472240430498442
135,0.00011967326012451984,5.68207560661671e-05,0.00025578791717998744,0.00019896716111382035,-0.007158165172566322,5.1239328638041926e-05,0.00023552588288311416,-0.006502427782537409,4.2281567066759784e-05,0.00021917491258327537,-0.008771623139102234,7.694137249369959e-05,0.00031266295607357275
136,-3.2212830142003845,1.0,1.0,0.0,0.0,1.0,1.0,0.0,1.0,1.0,0.0,1.0,1.0
137,4.6647879090144784e-05,2.7493322699578826e-05,0.0003032111282956773,0.0002757178055960985,0.006047772620402268,3.657555366776144e-05,0.00029509236202340805,0.006719680409149057,4.515410480154802e-05,0.00021234307275508346,-0.0008662041497792862,7.503096294270151e-07,0.0004021979501085404
138,-3.2212830142003845,1.0,1.0,0.0,0.0,1.0,1.0,0.0,1.0,1.0,0.0,1.0,1.0
139,-3.2212830142003845,1.0,1.0,0.0,0.0,1.0,1.0,0.0,1.0,1.0,0.0,1.0,1.0
140,0.0003066939355387266,0.00016710446750685856,0.0006317201571039247,0.0004646156895970661,-0.017451734622248284,0.00030456304132520096,0.000847724539408734,-0.00037180066058260585,1.3823573108417975e-07,0.0006219540047753824,0.014021844581374267,0.00019661212546429052,0.00042548192712765776
141,5.624265329162714e-05,3.388646479607349e-05,0.0002249956731415296,0.0001911092083454561,0.007178792111410503,5.153505617883081e-05,0.0003122110388945609,0.0014103715863433934,1.9891480118605642e-06,5.186525754041771e-05,-0.006937952882301736,4.81351901975291e-05,0.0003109107229896102
142,-3.2212830142003845,1.0,1.0,0.0,0.0,1.0,1.0,0.0,1.0,1.0,0.0,1.0,1.0
143,0.00015410654291414527,3.9558564324027046e-05,0.0003113924974179986,0.0002718339330939716,-0.00021846449281337634,4.772673445341269e-08,0.0002969015589591173,-0.008360078184885572,6.989090725739722e-05,0.00030422417669839774,0.006981193234708651,4.873705898023051e-05,0.0003330517565964808
144,0.00011861294326342975,4.219551166673163e-05,0.00020620085671996247,0.00016400534505323083,-0.010787001770191956,0.00011635940719012527,0.00018584232685459057,0.0019988781919088906,3.995514025967317e-06,0.00023574502348611137,-0.0024963200483796716,6.231613784102308e-06,0.00019701521981918546
145,0.00012243386605437223,1.750160830205072e-05,9.969525423296026e-05,8.219364593090954e-05,-0.0069359582885736085,4.810751738004715e-05,0.00011534700171345058,-0.0019448771397600102,3.782547088659882e-06,8.293230652223205e-05,0.0007840666028857263,6.147604374451276e-07,0.00010080645446319814
146,-3.0591834672084977,1.3038472527130788e-05,0.0001497210995319668,0.00013668262700483602,0.004522506016380357,2.04530606674469e-05,9.562139517371726e-05,-0.0032131453386143867,1.0324302967323895e-05,0.0002268710524765405,-0.0028875688645320927,8.33805394662157e-06,0.00012667085094564268
147,-3.2212830142003845,1.0,1.0,0.0,0.0,1.0,1.0,0.0,1.0,1.0,0.0,1.0,1.0
148,-3.1044934583814054,2.21354703774009e-06,0.0001654164843984581,0.000163202937360718,0.0014877993942878044,2.213547037777097e-06,0.0001654164843989392,-0.0014877993942878046,2.2135470374440303e-06,0.00016541648439816203,-0.0014877993942878052,2.2135470379991418e-06,0.00016541648439827306
149,0.00025287993754896654,4.636822774584104e-05,0.000674643995621782,0.000628275767875941,0.0054974518135150145,3.022197644197977e-05,0.0003455211184700824,-0.007739703474308701,5.9903009870465596e-05,0.0003505299942855311,-0.006998549630097215,4.8979696925077754e-05,0.0013278808741097325
150,0.00014061773725015936,4.2945283389291454e-05,0.00024584923924634666,0.0002029039558570552,-0.008488929601855766,7.206192578490533e-05,0.00029122163564487824,-0.0058956439645027284,3.475861775581457e-05,0.00022053014056588882,0.00469204716799676,2.2015306627154452e-05,0.00022579594152827287
151,8.953798735988894e-05,1.0927615801200238e-05,0.0001972498757485027,0.00018632225994730245,0.0018227950251245744,3.3225817036575123e-06,0.00021137955210648318,0.003058733188647895,9.355848719416748e-06,0.0002323152989747168,0.004483794930671472,2.010441698052645e-05,0.00014805477616430807
152,9.701013901397548e-05,3.276211844308966e-05,0.0002489515377841108,0.00021618941934102112,-0.008644299947550203,7.472392158325292e-05,0.0003477733364571911,-0.004827193499370747,2.3301797080321762e-05,0.00012523523948515525,-0.000510525871578772,2.6063666569431376e-07,0.00027384603740998603
153,-3.2212830142003845,1.0,1.0,0.0,0.0,1.0,1.0,0.0,1.0,1.0,0.0,1.0,1.0
154,-3.2212830142003845,1.0,1.0,0.0,0.0,1.0,1.0,0.0,1.0,1.0,0.0,1.0,1.0
155,4.9577480429996434e-05,1.8713890335771605e-05,0.00014834551888287528,0.00012963162854710367,-0.001969163792686293,3.877606042257398e-06,0.00016427172508060028,-0.002562514316187345,6.566479621161747e-06,0.00012477633553142908,0.006759998915949004,4.5697585343895675e-05,0.00015598849603659648
156,0.00016376112627702888,6.541534846615793e-05,0.0004701799640492628,0.0004047646155831049,-0.011472763205538547,0.0001316242955721192,0.0007334984408852163,-0.007121011969283494,5.0708811466182446e-05,0.0005054786137042022,-0.003730005142063634,1.3912938360172156e-05,0.00017156283755836998
157,3.5494405195457546e-05,1.3588348925101338e-05,0.0001457890914708567,0.00013220074254575537,0.0027585481732362808,7.609588024037883e-06,0.00014509517280369977,-0.0038622360913808875,1.4916867625447416e-05,0.0001676011848088521,-0.004270666356075415,1.8238591125818715e-05,0.00012467091680001818
158,0.00027936486561352947,0.0001468249771674849,0.0006147045167308463,0.00046787953956336137,0.016183292496335808,0.0002618989560216889,0.0007073325485982274,-0.006989865718618811,4.8858222764569526e-05,0.00043349287837601835,0.011389370163288164,0.00012971775271619634,0.000703288123218293
159,3.6759915271411536e-05,1.6699168473281272e-05,0.0005348382681133282,0.000518139099640047,0.0023518772153178226,5.5313264354373e-06,0.00019489943412243083,0.005029530880030563,2.5296180872880214e-05,0.0008403353737713726,0.0043897605984166395,1.92699981115263e-05,0.0005692799964461814
160,0.00011884427826125421,9.925979560917083e-06,0.00018937902497388284,0.00017945304541296575,-0.004759845952940727,2.2656133495280173e-05,0.00021733900425646713,-0.0026686581571363564,7.121736359749775e-06,0.0002194824840785481,8.296236449579973e-06,6.882772130012427e-11,0.00013131558658663334
161,0.00016199593905297238,5.565397615762505e-05,0.0002484729397284798,0.00019281896357085473,0.011365242116189472,0.00012916872835933013,0.0003087705472728519,0.004943973646000926,2.4442875411923026e-05,0.0002182153080036997,0.0036538096148845045,1.3350324701622007e-05,0.00021843296390888778
162,4.152394721179675e-05,1.0341479270999562e-05,0.00018317655499736998,0.0001728350757263704,-1.9397127657030218e-05,3.762482547742252e-10,0.00019197800269643572,0.002780981138529812,7.733856093317115e-06,0.0001630707682811483,-0.004825992692800315,2.3290205471426795e-05,0.00019448089401452595
163,-3.2212830142003845,1.0,1.0,0.0,0.0,1.0,1.0,0.0,1.0,1.0,0.0,1.0,1.0
164,-3.2212830142003845,1.0,1.0,0.0,0.0,1.0,1.0,0.0,1.0,1.0,0.0,1.0,1.0
165,0.0002747195491954457,4.743343394593887e-05,0.00030937243284512306,0.0002619389988991842,-0.005004523310788232,2.5045253568389825e-05,0.0003005618144273914,0.006340855179923275,4.020644441304899e-05,0.00022866381814412584,0.008777733412241862,7.70486038563778e-05,0.00039889166596385195
166,-3.2212830142003845,1.0,1.0,0.0,0.0,1.0,1.0,0.0,1.0,1.0,0.0,1.0,1.0
167,0.00015114934145188386,5.4363696526190296e-05,0.00015977977174042035,0.00010541607521423005,-0.009768263618595755,9.541897412190803e-05,0.0001784732469241046,0.007569981036857219,5.730461289887856e-05,0.00011642566555780665,-0.0032198606424586424,1.0367502557784292e-05,0.0001844404027393498
168,2.925193490843636e-05,1.0824164172603309e-05,0.00017181735236371232,0.000160993188191109,-0.0029904357625589297,8.94270605045211e-06,0.00019930869301243437,-0.004837014239007066,2.3396706748779472e-05,0.00016490364827537185,0.00036480092945969565,1.3307971857834389e-07,0.00015123971580333073
169,-3.2212830142003845,1.0,1.0,0.0,0.0,1.0,1.0,0.0,1.0,1.0,0.0,1.0,1.0
170,1.1954760345100901e-05,1.4731695918701604e-06,0.000145411302787668,0.00014393813319579785,-0.0007297574556682802,5.325459435656654e-07,0.0001294103320381712,0.0018351015453732266,3.3675976818248188e-06,0.00017059417893638962,-0.0007206699316400125,5.19365150219997e-07,0.0001362293973884432
171,-3.2212830142003845,1.0,1.0,0.0,0.0,1.0,1.0,0.0,1.0,1.0,0.0,1.0,1.0
172,-3.1998361572338903,5.6310565746768106e-05,0.0001618923713568495,0.0001055818056100814,0.007504036630149102,5.631056574861848e-05,0.0001618923713584408,0.007504036630149111,5.6310565745953944e-05,0.0001618923713563314,-0.0075040366301491164,5.63105657457319e-05,0.00016189237135577628
173,0.00010061643844139212,3.368414409514001e-05,0.000260431089908697,0.000226746945813557,0.000541638011061562,2.933717351272236e-07,0.0002091106798133291,0.007321517370172657,5.360461660219862e-05,0.0003208873690458969,0.006866909344705504,4.7154443948094205e-05,0.00025129522086686507
174,6.68171742828072e-05,2.4047574139281675e-05,0.00017194037785628336,0.00014789280371700167,-0.004935865091010387,2.436276419715e-05,0.00015541721980238954,-0.00539007877897791,2.9052949244157134e-05,0.00021765389991978967,0.004327471429870906,1.8727008976537896e-05,0.00014275001384667085
175,9.655612406622716e-06,3.739512226319519e-06,0.00022923266365644976,0.00022549315143013024,-0.003075275455945717,9.457319129935193e-06,0.00023271802784319284,-0.000995050449656868,9.901253974486934e-07,0.0001921936115978351,-0.0008781185293306942,7.710921515746705e-07,0.0002627863515283213
176,8.407476976834971e-05,1.9869302801733824e-05,0.00010482271977248676,8.495341697075294e-05,0.005829311896646709,3.3980877188088954e-05,7.96689739264167e-05,-0.004820842949722886,2.324052674596011e-05,0.00012744961014043987,-0.0015448315348368933,2.3865044711524064e-06,0.00010734957525060373
177,0.0004920545214008865,0.00017127390087194141,0.00039601687248676704,0.00022474297161482562,-0.008251357259629336,6.808489662579742e-05,0.00019354003524985064,0.02074460751754139,0.0004303387410572457,0.0008982424819428125,0.003924036815940309,1.5398064932781175e-05,9.626810026763799e-05
178,0.00020629002869843038,3.490405648901943e-05,0.00010633357434963742,7.142951786061799e-05,-0.0025413758211664497,6.4585910639625155e-06,2.9777395172625454e-05,0.008873350275280219,7.873634510924266e-05,0.00014403932830120425,-0.004417831288600948,1.951723329385313e-05,0.00014518399957508255
179,1.7613320237419572e-05,9.480824687731667e-06,0.00016724828565680325,0.00015776746096907157,-0.002229699283774579,4.971558896560424e-06,0.00013637659082754716,-0.0027080442299146495,7.3335035516430835e-06,0.00017974347177562855,0.004017139730560321,1.6137411614991493e-05,0.000185624794367234
180,0.00017275602645427934,5.855352682071491e-05,0.00019825369879141372,0.0001397001719706988,-0.003051005324399404,9.308633489135687e-06,0.00020852513231794934,0.012838737751489334,0.00016483318705173833,0.0002804380245613469,0.0012323797797538884,1.518759921270707e-06,0.00010579793949494487
181,0.00019698364986919792,6.342215961130382e-05,0.00019988466195045942,0.0001364625023391556,-0.011852939352655138,0.00014049217129785685,0.0001903201523985043,0.0061069789097759385,3.729519140471815e-05,0.0002746247591025597,-0.003532579246268701,1.2479116131336454e-05,0.00013470907435031432
182,0.00027039496066305624,0.00019691884715726063,0.000318393701962331,0.00012147485480507039,0.011837186130180765,0.0001401189754807186,0.0001863396837470388,-0.015185596628176574,0.00023060234495375642,0.0003538977126779086,-0.014833584227596713,0.00022003522103730688,0.0004149437094620456
183,-3.2212830142003845,1.0,1.0,0.0,0.0,1.0,1.0,0.0,1.0,1.0,0.0,1.0,1.0
184,0.00013754707317281678,5.8250404919357734e-05,0.00038421835783863934,0.0003259679529192816,-0.011156623139614243,0.00012447023987938177,0.00030630223927807787,-0.006441226808599917,4.14894027999102e-05,0.0005272277195359498,0.0029650585287438807,8.791572078781229e-06,0.0003191251147018903
185,0.00017226029100370077,8.387933439724105e-05,0.0005544356539287643,0.0004705563195315232,-0.009939601431341413,9.879567661374988e-05,0.0006899323357625331,0.001287424585297289,1.6574620627096692e-06,0.0002667005378864662,-0.012295725457043487,0.00015118486451526358,0.0007066740881372935
186,8.205446723208443e-05,3.2731989487796063e-05,0.00022195452567323284,0.00018922253618543677,0.007737563909856257,5.9869895259079264e-05,0.00013724602933051777,-0.0059668992012615685,3.5603886078483526e-05,0.00017891799147706777,0.001649905186542679,2.7221871258253927e-06,0.000349699556212113
187,-3.2212830142003845,1.0,1.0,0.0,0.0,1.0,1.0,0.0,1.0,1.0,0.0,1.0,1.0
188,0.0001519402954914817,4.125589675145017e-05,0.00035531189000167124,0.00031405599325022104,-0.009112070443322382,8.302982776386969e-05,0.00031959187134078526,0.0014076504733161424,1.9814798549733226e-06,0.0005496574302435997,-0.0062254624434759055,3.8756382635507514e-05,0.0001966863684206288
189,-3.2212830142003845,1.0,1.0,0.0,0.0,1.0,1.0,0.0,1.0,1.0,0.0,1.0,1.0
190,7.834565903397372e-05,2.565550796259271e-05,0.00021458365192313553,0.0001889281439605428,0.0006982942349396165,4.876148383958778e-07,0.00011539929250903302,-0.00536132697633818,2.8743826947286166e-05,0.00015906658048703282,-0.006909057975099581,4.7735082102096094e-05,0.0003692850827733407
191,-3.2212830142003845,1.0,1.0,0.0,0.0,1.0,1.0,0.0,1.0,1.0,0.0,1.0,1.0
192,0.00014985935186351274,6.791392952113877e-05,0.00016116333112318562,9.324940160204685e-05,0.010924022569015843,0.00011933426908894429,0.00028786871008301684,0.009187114561835878,8.440307397195035e-05,0.00014644583023670776,-6.667459805687271e-05,4.445502521654987e-09,4.9175453049832285e-05
193,0.00032547781474256965,0.00012844738957314603,0.00035019052094760933,0.0002217431313744633,0.017986015766453933,0.0003234967631512431,0.0007399659688429594,-0.00728125360516813,5.301665406298728e-05,0.00023367978286359392,0.0029713215081462077,8.828751505207677e-06,7.692581113627472e-05
194,1.0504593807358908e-05,6.668415925744261e-07,0.00025390740955784824,0.00025324056796527383,0.0012786644244356465,1.6349827105521797e-06,0.0001917863979072898,0.000572106925708407,3.273063339248594e-07,0.00034923038583734023,0.0001955395956954508,3.823573324623908e-08,0.00022070544492891475
195,0.000163498008877494,6.765276313998776e-05,0.0003149262454461936,0.0002472734823062058,0.00997731387560571,9.954679217238915e-05,0.00019114833014144406,-0.009057939702547415,8.204627165486755e-05,0.00026843232091411373,-0.00462225330251557,2.1365225592706594e-05,0.0004851980852830229
196,5.883872669998347e-05,2.28097154865529e-05,0.00016513253639090694,0.00014232282090435405,-0.007303825253352491,5.3345863331721866e-05,0.000214068473023743,-0.0026253863017159412,6.892653233281365e-06,0.00014359963057419822,-0.0028619276535942688,8.190629894655466e-06,0.0001377295055747796
197,-3.2212830142003845,1.0,1.0,0.0,0.0,1.0,1.0,0.0,1.0,1.0,0.0,1.0,1.0
198,5.9631353784062036e-05,3.8789140899460804e-05,0.00016242305396596546,0.00012363391306650465,0.007615892957591088,5.8001825541609264e-05,0.00021101006744461692,0.004917538633396003,2.4182186210808254e-05,0.00013740419544583382,-0.0058466581007258,3.418341094596489e-05,0.00013885489900744563
199,0.00011066572219464721,5.487569508721979e-05,0.00026123737509309297,0.00020636168000587318,-0.0057429754017159955,3.298176646560069e-05,0.00015614846031775098,-0.005198951673278669,2.7029098501163418e-05,0.0003084407493646468,0.010228207090956499,0.00010461622029489526,0.0003191229155968811
200,0.00011363615788384518,4.614879745793813e-05,0.00029417055657920965,0.0002480217591212715,0.0024650519131682413,6.076480934535944e-06,0.00032364376543603246,-0.01048703242424932,0.00010997784906718877,0.00034627412037468996,-0.004732025187185215,2.2392062372089683e-05,0.00021259378392690653
201,2.5437066881850434e-05,6.4311526688139624e-06,0.00011910062044095948,0.00011266946777214552,0.0033145147846846256,1.0986008257551916e-05,0.0001367498218194374,-0.0022059094513789926,4.866036507844562e-06,0.00011425398361974981,-0.001855104644111794,3.44141324104541e-06,0.00010629805588369123
202,-3.2212830142003845,1.0,1.0,0.0,0.0,1.0,1.0,0.0,1.0,1.0,0.0,1.0,1.0
203,0.0003582558690850002,0.0001736552350117826,0.0006350119388133976,0.000461356703801615,0.01730808800770507,0.0002995699104824112,0.0008667021681478815,-0.013847145448454556,0.0001917434370706239,0.0006797443738923992,-0.005445397825901593,2.9652357482312652e-05,0.00035858927439991195
204,0.00012448960169708645,3.56824880357968e-05,0.0001682508583115879,0.0001325683702757911,-0.008805552998553028,7.753776361030251e-05,0.00014826726118433164,-0.003708773441128801,1.3755000437987164e-05,0.000277349644025926,-0.003969219074255972,1.5754700059100735e-05,7.913566972450603e-05
205,8.74553044908355e-05,3.915422982133284e-05,0.0001545853564285752,0.00011543112660724236,0.007035778341693707,4.950217687360592e-05,0.0001914059152761105,-0.008135418781878357,6.618503875621684e-05,0.00019237276059713704,0.0013324690745435315,1.7754738341757559e-06,7.997739341247811e-05
206,-3.148797478653484,1.0824227268687222e-05,0.0002174813806367082,0.00020665715336802096,0.0032666875651335163,1.0671247647642268e-05,0.00021832823955181269,-0.0032053864789770197,1.027450248081152e-05,0.00021809008419315656,0.0033951335287660334,1.1526931677607877e-05,0.00021602581816515531
207,1.9186309827001757e-05,6.2440578940300045e-06,0.0001761350242759363,0.0001698909663819063,-0.000509084614335782,2.5916714430085364e-07,0.00018277821607315392,0.00353490896828088,1.2495581414251333e-05,0.00021925805239431106,0.0024448773228809154,5.977425123537827e-06,0.00012636880436034392
208,4.419072661077106e-05,1.5832138455647755e-05,0.0002295684309324327,0.00021373629247678494,-0.0018845954659498284,3.551700070381081e-06,0.00024550198051842553,-0.005757867155982481,3.3153034185939845e-05,0.00024142401106930222,0.003285069422592862,1.0791681110622342e-05,0.00020177930120957033
209,4.627101552701074e-05,1.3051794830872451e-05,0.000210479269420083,0.00019742747458921053,-0.004025482081067872,1.62045059850513e-05,0.00023265914612768945,-0.00361741612977733,1.3085699456238942e-05,0.0001989455075019908,-0.003140888258284024,9.865179051327111e-06,0.00019983315463056872
210,8.196986695074848e-06,2.080416543148722e-06,0.00019294691714962417,0.00019086650060647545,-0.001959277499252665,3.838768318997765e-06,0.00014231026047040185,-0.0012243336665431182,1.4989929268960367e-06,0.0002550445722181438,0.0009505200594039868,9.034883835523644e-07,0.00018148591876032683
211,2.287356162644638e-05,1.1247246840058919e-05,9.46821715364458e-05,8.343492469638689e-05,-0.004123690320047214,1.7004821855959307e-05,0.00011500580144829797,-0.002982837588185426,8.897320077028148e-06,7.838606752097466e-05,0.0027999283183433765,7.8395985871893e-06,9.065464564006476e-05
212,0.00020582456430595641,7.22357429957891e-05,0.0002281070064605132,0.00015587126346472413,-0.002668148398154333,7.119015874024193e-06,0.00018003607279637457,-0.0032707434715083753,1.0697762857114768e-05,0.00012478081782663075,-0.014102852557416834,0.0001988904502562283,0.00037950412875853434
213,7.904306514139314e-05,2.8643245184034605e-05,0.00017492331798178254,0.00014628007279774793,0.004182268041706632,1.7491365972510664e-05,0.0001689622619990283,0.0011089313989757275,1.2297288474183432e-06,2.8527498739161494e-05,0.008198087626535636,6.720864073217481e-05,0.00032728019320715784
214,0.0005406160011944827,0.00016829948242665557,0.001530347225138562,0.0013620477427119064,-0.015530533980112624,0.00024119748570716748,0.0011331076294256448,-0.013397561445654068,0.00017949465269007092,0.00211993697922519,-0.009176399559891052,8.420630888272829e-05,0.001337997066764851
215,0.00017949860572186171,2.6592886725869864e-05,0.00016157233508621674,0.00013497944836034687,0.005590523621555792,3.1253954363097414e-05,0.00018812697932713007,0.0004309293778386164,1.857001286076354e-07,9.074233759298611e-05,0.006952625812303555,4.8339005685904546e-05,0.00020584768833853406
216,-3.2212830142003845,1.0,1.0,0.0,0.0,1.0,1.0,0.0,1.0,1.0,0.0,1.0,1.0
217,8.602843647698144e-05,5.44721690065586e-06,0.00013094794310582655,0.0001255007262051707,-0.002083716612036186,4.341874919489008e-06,0.0001505483554595788,-0.0031275221485570085,9.781394789687425e-06,0.00013188150892562422,0.001489423040169909,2.218380992791147e-06,0.00011041396493227662
218,-3.2212830142003845,1.0,1.0,0.0,0.0,1.0,1.0,0.0,1.0,1.0,0.0,1.0,1.0
219,0.0004207356002970952,0.00016525005744979135,0.0006141121894147986,0.00044886213196500724,-0.018114566797919673,0.0003281375302760514,0.000446139825416747,-0.012140530645687837,0.00014739248435879926,0.00064621111193508,-0.0044966829679802854,2.0220157714523346e-05,0.000749985630892569
220,-3.2212830142003845,1.0,1.0,0.0,0.0,1.0,1.0,0.0,1.0,1.0,0.0,1.0,1.0
221,0.00026648200117307397,0.00012193181286723753,0.0005220597859025474,0.0004001279730353099,-0.009734915768832772,9.476858502566188e-05,0.0004378921287526705,0.007743302699486007,5.995873669617513e-05,0.0003539822431226636,0.014528183536804852,0.0002110681168798756,0.0007743049858323081
222,0.000158337436979461,5.358443962721893e-05,0.000243665678886007,0.00019008123925878806,0.007533516550644708,5.67538716186311e-05,0.0002512978012647604,-0.007703095810653828,5.933768506782844e-05,0.00019343387937009737,0.006682945622661966,4.466176219519724e-05,0.00028626535602316316
223,8.147053202822718e-05,6.25005549851713e-06,0.0001407246640287759,0.00013447460853025878,0.002015399621339304,4.06183563383955e-06,0.00014756978768315498,-0.0019470846220345924,3.7911385247779705e-06,0.00011772860470249391,0.00330108956814985,1.089719233693387e-05,0.00015687559970067877
224,9.384359582553792e-05,3.0106285055582955e-05,0.0001809284332821015,0.00015082214822651854,-6.528825063560902e-05,4.262555974854365e-09,0.00021580497124151776,-0.008351114068335361,6.974110618174212e-05,0.0001910712916816104,0.0045358005279239905,2.0573486429031895e-05,0.00013590903692317635
225,1.146454418299303e-05,6.0130899100322805e-06,0.0001304099347001856,0.00012439684479015334,-0.002251191229170685,5.067861949981101e-06,9.998255555054847e-05,-0.0027957068398853867,7.815976734715235e-06,0.0001543573770007578,0.0022705574305314715,5.155431045400505e-06,0.00013688987154925059
226,-3.2212830142003845,1.0,1.0,0.0,0.0,1.0,1.0,0.0,1.0,1.0,0.0,1.0,1.0
227,4.937053411957493e-05,1.627633204148715e-05,6.856768375414675e-05,5.22913517126596e-05,0.0014884377903590451,2.2154470558088946e-06,5.9897414551812744e-05,0.006762856626288647,4.573622974757274e-05,0.00012310617376554145,0.000936653255444746,8.773193210798169e-07,2.269946294508607e-05
228,-3.2212830142003845,1.0,1.0,0.0,0.0,1.0,1.0,0.0,1.0,1.0,0.0,1.0,1.0
229,-3.2212830142003845,1.0,1.0,0.0,0.0,1.0,1.0,0.0,1.0,1.0,0.0,1.0,1.0
230,0.0001753392334428172,0.0001292967170140417,0.00024971369725109344,0.00012041698023705175,-0.010809666175982176,0.00011684888283602923,0.00023870553138216621,-0.011553852512924158,0.0001334915078898824,0.0002591409031176273,0.01172816099467504,0.00013754976031621347,0.0002512946572534869
231,0.00017595397615788322,7.19883285503764e-05,0.0003117690924550794,0.000239780763904703,0.010782643523460497,0.00011626540135412089,0.00037797993853061485,0.009984880353844842,9.96978356806455e-05,0.0002927119673880041,4.18164614651563e-05,1.7486163628177565e-09,0.0002646153714466193
232,-3.2212830142003845,1.0,1.0,0.0,0.0,1.0,1.0,0.0,1.0,1.0,0.0,1.0,1.0
233,0.00018127678712132056,1.5341435300575412e-05,0.000334604105058071,0.00031926266975749556,0.005717147064014708,3.268577055259847e-05,0.0003574393224228256,0.003007898501682157,9.047453396693328e-06,0.0003068026405244062,0.0020714926870422567,4.291081952434439e-06,0.00033957035222698106
234,3.3409604532796955e-05,1.089420702615751e-05,0.0001455639170121851,0.0001346697099860276,-0.003883371198161975,1.5080571863057557e-05,9.985188879579887e-05,0.0014047141586595643,1.9732218681234315e-06,0.0002358089662298779,0.003953331170902182,1.562882734729154e-05,0.00010103089601087856
235,2.128007917412411e-05,4.13502617380157e-06,8.212276857699763e-05,7.798774240319606e-05,-0.003181652378165442,1.0122911855314776e-05,8.144470765480971e-05,0.0012257274257875467,1.502407722675514e-06,9.254070588426977e-05,0.0008830396045533152,7.797589434144214e-07,7.23828921919134e-05
236,-3.2212830142003845,1.0,1.0,0.0,0.0,1.0,1.0,0.0,1.0,1.0,0.0,1.0,1.0
237,0.00034770655031346465,5.3554099130289266e-05,0.0003207480000649114,0.00026719390093462214,-0.002877362672190881,8.279215947371021e-06,0.0002199970551465258,-0.007054534091104473,4.976645124243895e-05,0.00027282586129639963,0.0101299866831496,0.00010261663020105782,0.0004694210837518087
238,-3.0454098811978234,1.7725267876097146e-05,0.0003077664973641185,0.00029004122948802136,0.004163495242760999,1.7334692636095106e-05,0.0003027268775945835,-0.004214046311804622,1.7758186318772573e-05,0.00030854367294175233,0.004252402223994108,1.808292467342376e-05,0.00031202894155601957
239,5.2860418472855386e-05,1.2791571655975295e-05,0.00013405718405416303,0.00012126561239818774,-0.0005100034464880019,2.601035155036513e-07,0.00017044993388459773,0.004908636654772516,2.40947138083758e-05,5.807978713190387e-05,-0.0037443153773040294,1.401989764404643e-05,0.00017364183114598752
240,0.00024854630484860696,7.146937550447004e-05,0.0002856166846048798,0.0002141473091004098,-0.00030188398997483894,9.113394350279691e-08,0.00024089688840156498,-0.014611625800916591,0.00021349960854599725,0.0005485087112455656,0.0009040929285767152,8.173840239100727e-07,6.7444454167509e-05
241,0.00011756792910555536,5.977909269298346e-05,0.00016042126478269894,0.00010064217208971549,-0.005415827439319563,2.9331186852443736e-05,0.00021464888536382176,-0.008864595461749517,7.858105270075466e-05,0.0001356807158988671,0.008451333535364716,7.1425038525752e-05,0.000130934193085408
242,-3.127119429129557,2.2785276976300395e-06,0.00016091303693599457,0.00015863450923836453,0.001509479280524501,2.2785276972969726e-06,0.00016091303693555048,0.0015094792805244997,2.2785276976300395e-06,0.00016091303693599457,0.0015094792805245007,2.2785276979631064e-06,0.00016091303693643866
243,-3.2212830142003845,1.0,1.0,0.0,0.0,1.0,1.0,0.0,1.0,1.0,0.0,1.0,1.0
244,2.276157720437766e-05,2.7787772936734476e-06,0.00015887643119227857,0.0001560976538986051,-0.0025642741532638457,6.575501933059336e-06,7.896470704082947e-05,0.0013044121376482672,1.7014910248525084e-06,0.00021900014548148494,-0.00024359581947278072,5.933892310849842e-08,0.00017866444105452128
245,0.0001402014122238171,4.335641252003105e-05,0.00038560539322392745,0.0003422489807038964,0.0025369591375538113,6.4361616657349074e-06,0.0004075225810281635,-0.007959031390007596,6.334618066772268e-05,0.0004686674776472888,0.0077644636148445,6.028689522663555e-05,0.0002806261209963301
246,0.00033500974746314416,0.00021442981260747876,0.00028077556414248434,6.634575153500558e-05,0.011459487498509112,0.00013131985372882848,0.0002166629293766098,-0.014455678451369022,0.00020896663948910543,0.00028853696532860074,0.017406979766866438,0.0003030029446045024,0.0003371267977222425
247,7.472967618793458e-05,1.3574257460254499e-05,7.582439711636042e-05,6.225013965610593e-05,0.004270331514788867,1.8235731245930253e-05,7.926806142422027e-05,0.00359516654086978,1.2925222456994234e-05,9.815410924596257e-05,-0.003092219053835077,9.561818677839007e-06,5.005102067889844e-05
248,0.00010359104431034716,6.976288799650139e-05,0.00023495320176617854,0.00016519031376967713,-0.008373190352046735,7.011031667158996e-05,0.00018679599319082474,0.008353415485639212,6.977955027531735e-05,0.0001797216030222648,-0.008330594038994438,6.939879704259688e-05,0.0003383420090854461
249,0.0024714491235076075,0.0011499021099783402,0.0028940466218044802,0.00174414451182614,-0.012079155112718107,0.00014590598823682743,0.0008542882200126556,0.046511644744637176,0.0021633330968513498,0.0030290294296002607,0.03377080462243852,0.0011404672448468434,0.0047988222158005245
250,0.00016690946539565932,6.17015328148914e-05,0.00020346348999433772,0.00014176195717944634,-0.010639518441849433,0.00011319935267484205,0.0002743898788490906,0.0022792611790972478,5.195031522298166e-06,0.00012099444117974478,0.00816763210779142,6.671021424753398e-05,0.00021500614995417777
251,0.00013910471355482734,1.5279263886077327e-05,0.00013372781339715534,0.00011844854951107801,0.004307712561299925,1.8556387510471062e-05,0.0001684345938176568,0.001951168804593001,3.8070597038197818e-06,0.00016497919582736387,-0.004845032966268667,2.3474344443941142e-05,6.776965054644535e-05
252,0.00023689534234572207,8.712795960019726e-05,0.00039284989128166953,0.00030572193168147227,0.00722568176321812,5.221047694325964e-05,0.0002495037532207478,-0.013771309368774328,0.00018964896173034873,0.000553327955520988,0.0044186468660689735,1.95244401269834e-05,0.0003757179651032727
253,-3.2212830142003845,1.0,1.0,0.0,0.0,1.0,1.0,0.0,1.0,1.0,0.0,1.0,1.0
254,1.619726386192788e-05,2.409246259012695e-06,0.00017235093088848372,0.000169941684629471,0.0018246967899203969,3.329518375227991e-06,9.903624415263934e-05,-0.0011527000040932889,1.3287172995202212e-06,0.00020703175644543048,-0.0016029669684769264,2.5695031022898718e-06,0.0002109847920673813
255,7.038887578247888e-06,2.2129552344300287e-06,0.0003298040911113483,0.00032759113587691824,0.0009665574375625019,9.342332799588959e-07,0.0005427211196707971,-0.001681775788054986,2.828369801144426e-06,0.0002292849223248794,0.0016959547818889114,2.876262622186765e-06,0.00021740623133836845
256,-3.2212830142003845,1.0,1.0,0.0,0.0,1.0,1.0,0.0,1.0,1.0,0.0,1.0,1.0
257,-3.2212830142003845,1.0,1.0,0.0,0.0,1.0,1.0,0.0,1.0,1.0,0.0,1.0,1.0
258,-3.2212830142003845,1.0,1.0,0.0,0.0,1.0,1.0,0.0,1.0,1.0,0.0,1.0,1.0
259,0.00016828874242935665,0.0001311675621549583,0.00045331505120127513,0.00032214748904631685,-0.0115072335141571,0.00013241642314876234,0.00043232926183633946,-0.012032789277810497,0.00014478801780515305,0.0004460899028055909,0.010784166426369788,0.00011629824551095957,0.000481525988961895
260,0.00011583506801915444,4.015442842571678e-05,0.00021694845553380895,0.00017679402710809217,0.007078149974274632,5.010020705831231e-05,0.000169056480522789,0.0030887755293751893,9.540534270602308e-06,0.00012705334078477737,0.007798880942033265,6.082254394823572e-05,0.00035473554529386053
261,0.0002879707489312766,0.00012032372113816396,0.0010337016853316783,0.0009133779641935144,0.014794674235817337,0.00021888238574396812,0.00072885662476041,-0.010071500219166349,0.00010143511666460547,0.001240049082310013,0.006376022349853358,4.0653661005918273e-05,0.0011321993489246118
262,0.00016359351302441816,8.339240956552658e-05,0.0004769640481247321,0.0003935716385592055,0.012202346361067302,0.00014889725671529686,0.0005573749943159623,0.007466519246530872,5.574890965898138e-05,0.00022446016617372333,-0.0067476708812948955,4.553106232230153e-05,0.0006490569838845106
263,4.623424089944539e-05,4.161716987708767e-05,0.00019047458240943152,0.00014885741253234386,0.006445527656833999,4.1544826774986277e-05,0.00018517573591680936,-0.00636010707769569,4.045096203897369e-05,0.00017020302457682046,-0.0065464280961026605,4.2855720817303045e-05,0.00021604498673466477
264,0.0005913622886417613,0.00030111101989253414,0.0004687966383739954,0.00016768561848146124,-0.019353074820075124,0.0003745415049916101,0.0004520724230600015,0.012688744773597733,0.00016100424392917478,0.00030435749165258486,0.01917778169539766,0.0003677873107568175,0.0006499600004093997
265,-3.218278072009027,8.313712009688778e-05,0.0008124153875163816,0.0007292782674194939,0.00911795591658651,8.313712009677676e-05,0.0008124153875159745,0.009117955916586505,8.31371200974429e-05,0.0008124153875167517,0.009117955916586507,8.31371200964437e-05,0.0008124153875164186
266,0.0003016365597183768,0.0002861318626835585,0.0006079903052553423,0.00032185844257178375,-0.01680928401528018,0.00028255202910698607,0.0006267858286085337,-0.01717192174731014,0.00029487489649537846,0.0006288715279837431,0.016762119867370185,0.000280968662448311,0.0005683135591737498
267,0.0004319304823898751,0.0001033508835032541,0.0005210839737654164,0.00041773309026216227,-0.0033593564245765267,1.1285275587580301e-05,0.0005357369398619749,-0.015148994958508261,0.00022949204825284397,0.0005295518063903604,0.008323180081499768,6.9275326669338e-05,0.000497963175043914
268,0.00014394307663645467,0.00012492993545047218,0.00048184072729432853,0.0003569107918438563,-0.011902801977487741,0.00014167669491482737,0.0005315774056647848,-0.010033991171948779,0.00010068097883897398,0.00042103698294659875,-0.0115079160840625,0.00013243213259761522,0.000492907793271602
269,9.300381645316325e-05,3.398976720140704e-05,0.00018962950710473456,0.00015563973990332752,-0.00579954545614617,3.363472749740026e-05,7.77782097586277e-05,-0.0013160647525375978,1.7320264327214119e-06,0.00020370135262304245,0.008161038394387256,6.660254767409945e-05,0.0002874089589325335
270,4.239788597482086e-05,1.6614499641742775e-05,0.0002870288041316356,0.00027041430448989284,-0.001154381667312167,1.3325970337207949e-06,0.00019980057036139698,-0.005570270205077431,3.102791015718864e-05,0.000243506541174221,0.004181266761936453,1.7482991734318887e-05,0.00041777930085928894
271,9.64678045107803e-05,4.273460991125836e-05,0.00039204694764975273,0.00034931233773849435,-0.005146147244015621,2.648283145878505e-05,0.000271257197108854,-0.004959778226249194,2.4599400055058673e-05,0.0003928378704490809,0.008781890355816791,7.712159821993136e-05,0.0005120457753913232
272,-3.2212830142003845,1.0,1.0,0.0,0.0,1.0,1.0,0.0,1.0,1.0,0.0,1.0,1.0
273,-2.91100499961726,1.9489300654836523e-05,0.0001875783495026706,0.00016808904884783407,0.0026673779557688793,7.11490515858948e-06,0.00015725206419081594,-0.005079100425084212,2.579726112705849e-05,0.00020292064492466455,-0.0050552681115116575,2.5555735678861602e-05,0.00020256233939253132
274,0.00021319509058970176,6.0456353610960356e-05,0.00026405986520109764,0.0002036035115901373,0.00805476986626652,6.487931759813215e-05,0.00027669047362954835,0.006313498917931937,3.9860268587377234e-05,0.00024100302875573743,0.008753826286084305,7.662947464737169e-05,0.0002744860932180071
275,-3.2212830142003845,1.0,1.0,0.0,0.0,1.0,1.0,0.0,1.0,1.0,0.0,1.0,1.0
276,0.00019935192304254556,4.390372830990567e-05,0.00019595296220668393,0.00015204923389677827,-0.0006225970743339782,3.8762711684903195e-07,0.0001125381831856842,0.0008461060470465806,7.158954432595621e-07,0.00011765540756281112,-0.011428370941178375,0.0001306076623696084,0.0003576652958715565
277,-3.161605275532991,2.9239084291088346e-05,0.00016607336361344296,0.00013683427932235462,0.005407317661350051,2.923908429119937e-05,0.000166073363613517,-0.00540731766135005,2.923908429119937e-05,0.000166073363613628,0.005407317661350051,2.9239084290866302e-05,0.00016607336361318392
278,-3.2212830142003845,1.0,1.0,0.0,0.0,1.0,1.0,0.0,1.0,1.0,0.0,1.0,1.0
279,3.275295852944726e-05,7.817896655567166e-06,0.00023579345345207484,0.00022797555679650766,0.0006602244387263986,4.3589630926987866e-07,0.00022399935766093115,0.004133079529613836,1.7082346398189507e-05,0.00033234100878576367,0.00243627733632839,5.93544725924211e-06,0.0001510399939095297
280,9.269640931974799e-05,1.5720899198360765e-05,0.00011059391379852901,9.487301460016824e-05,0.0031979258979742634,1.0226730048024102e-05,0.0001424175216119261,-0.003433815389164567,1.1791088126988925e-05,9.29872927671882e-05,0.005014467012520637,2.5144879420069266e-05,9.637692701647271e-05
281,-3.2212830142003845,1.0,1.0,0.0,0.0,1.0,1.0,0.0,1.0,1.0,0.0,1.0,1.0
282,-3.2212830142003845,1.0,1.0,0.0,0.0,1.0,1.0,0.0,1.0,1.0,0.0,1.0,1.0
283,5.8646843915766134e-05,1.1854961954623397e-05,0.00017992938658795143,0.00016807442463332803,-0.0034621989288622893,1.1986821422893534e-05,0.00016325046921694675,0.004051255806421341,1.6412673608745543e-05,0.00018108316779896771,0.002676824766683591,7.165390832231111e-06,0.00019545452274793984
284,0.0001949359642805515,7.415800498452214e-05,0.00031486638886135676,0.00024070838387683463,0.008135040689005711,6.617888701154762e-05,0.0002067949991265694,-0.0014093434119217105,1.9862488523925137e-06,0.00015133376989051595,-0.012422112505105366,0.00015430887908962632,0.0005864703975669849
285,0.00010165658984295778,4.02387260258393e-05,0.0003530041214928614,0.00031276539546702214,0.007429970948821726,5.52044683006514e-05,0.00038043815320376595,0.004749263493202375,2.255550372709525e-05,0.00030797407342486594,0.0065540984162068576,4.295620604977124e-05,0.0003706001378499524
286,1.0526785592324117e-05,4.1217119052990485e-06,0.000167228549154963,0.00016310683724966393,-0.0030628788749106537,9.381227002669412e-06,0.00012019911528904359,0.0014969623829862834,2.2408963762377e-06,0.00023249001433234273,0.0008619816338310983,7.430123369900343e-07,0.00014899651784350265
287,0.00029275581350485247,6.275515266033575e-05,0.0008188318104496162,0.0007560766577892805,0.012783842861544806,0.00016342663830870574,0.0003387404373620395,-0.0019629954276283953,3.853351048799247e-06,0.0018916233919027414,-0.004580989917423978,2.0985468623502257e-05,0.00022613160208406757
288,-3.0504835088188367,1.1104080525514703e-05,0.00016334252734451216,0.00015223844681899745,0.003332278578787687,1.110408052584777e-05,0.00016334252734406807,0.003332278578787686,1.110408052440448e-05,0.00016334252734440113,0.0033322785787876855,1.110408052629186e-05,0.00016334252734506727
289,-3.2212830142003845,1.0,1.0,0.0,0.0,1.0,1.0,0.0,1.0,1.0,0.0,1.0,1.0
290,4.275550800725281e-05,6.25757129694519e-06,0.00011548970550815756,0.00010923213421121236,0.0019060103818710733,3.6328755759207354e-06,0.00010025481381670254,-0.003844397921420314,1.477939537875006e-05,0.0001515785831189831,0.0006003689999469668,3.604429361647732e-07,9.463571958878703e-05
291,-2.6577949728623804,7.268098613610885e-05,0.00025641467782847965,0.0001837336916923708,-0.00852672879862907,7.270510400469998e-05,0.00022952782113405679,-0.006756346651857356,4.564822008057412e-05,0.00018087338149541665,0.009984469656499741,9.968963432305245e-05,0.00035884283085596547
292,3.139459508938458e-05,1.4443615078444752e-05,7.762286709311894e-05,6.317925201467418e-05,-0.004296773723299086,1.8462264428698028e-05,8.806203768330079e-05,0.0031960208259533794,1.0214549119869076e-05,7.526572227256612e-05,-0.003828058474897076,1.4654031686767155e-05,6.954084132348992e-05
293,9.949878476089857e-05,4.219342612850804e-05,0.00019478443207980126,0.0001525910059512932,-0.00784607914460211,6.156095794362937e-05,0.00016997224198744831,0.007628896180753384,5.820005693624175e-05,0.00017243414283552028,-0.002611371958342745,6.819263505652984e-06,0.0002419469114164352
294,0.00012345020327231282,3.185123147460741e-05,0.00015453771862672383,0.00012268648715211641,-0.00660585642246853,4.363733907419842e-05,0.00016478673250241993,-0.005719750667035427,3.271554769301854e-05,0.00014221301604866454,-0.004381872619846331,1.9200807656605257e-05,0.00015661340732908702
295,9.658661558820114e-05,5.8429478511090593e-05,0.00026087036367787125,0.00020244088516678066,0.009066468778176082,8.220085610544103e-05,0.00029602644987181126,-0.00955725732958295,9.134116766407185e-05,0.0002818988116958243,0.0013215187337681487,1.7464117637588927e-06,0.00020468582946597813
296,0.00010009210058081752,3.0308352192087717e-05,0.00017947438061949317,0.00014916602842740545,0.0049748436865357445,2.4749069706397897e-05,0.00013667266529615585,0.0012583740621464532,1.5835052802337657e-06,0.00023002128721538728,0.00803694479201439,6.459248158963149e-05,0.00017172918934693637
297,0.00010136966937590586,4.20310002472446e-05,0.0003695768983481562,0.0003275458981009116,-0.007190554066676198,5.170406778576275e-05,0.0004621790636425427,-0.008533161063037984,7.281483772780817e-05,0.000511023231001273,0.0012546295182321613,1.574095228162875e-06,0.00013552840040065295
298,-3.2212830142003845,1.0,1.0,0.0,0.0,1.0,1.0,0.0,1.0,1.0,0.0,1.0,1.0
299,8.680656747750426e-06,3.948510619985098e-06,0.00015565970065648896,0.00015171119003650385,0.0016504539725866695,2.7239983158011682e-06,0.0001673378869974096,0.002529043405220589,6.396060544977544e-06,9.642276212495915e-05,0.0016509006628693337,2.7254729991765814e-06,0.00020321845284709816
300,7.090632758444126e-05,2.928209399954973e-06,0.00019067829073767437,0.0001877500813377194,-0.0026418863209681544,6.979563333064931e-06,0.00018944624593575377,-0.0012423119951345876,1.543339093634799e-06,0.00022107666449311392,0.0005115914125408995,2.6172577316518897e-07,0.0001615119617841554
301,1.54323536779577e-05,5.348576067598643e-06,0.0002166086708594861,0.00021126009479188745,0.0037162099186101873,1.3810216158760547e-05,0.00046067610314792784,-0.0003357769799893971,1.1274618061385411e-07,5.551015691473982e-05,-0.0014569714695534578,2.1227658634215274e-06,0.00013363975251579063
302,-3.2212830142003845,1.0,1.0,0.0,0.0,1.0,1.0,0.0,1.0,1.0,0.0,1.0,1.0
303,-3.2212830142003845,1.0,1.0,0.0,0.0,1.0,1.0,0.0,1.0,1.0,0.0,1.0,1.0
304,-3.2212830142003845,1.0,1.0,0.0,0.0,1.0,1.0,0.0,1.0,1.0,0.0,1.0,1.0
305,5.7203988140575035e-05,2.5449214115994916e-05,0.00019420864766513576,0.00016875943354914086,-0.0061407427981873975,3.7708722113838355e-05,0.00029474876381996307,-0.005987775173174519,3.585345152401498e-05,0.0001906523950431227,0.0016689723516596225,2.7854687101314113e-06,9.72247841323215e-05
306,-3.2212830142003845,1.0,1.0,0.0,0.0,1.0,1.0,0.0,1.0,1.0,0.0,1.0,1.0
307,0.00017988999295148744,6.6083410948381e-05,0.0007092259388996233,0.0006431425279512423,0.00968577924726178,9.381431962685038e-05,0.0007682859151468824,-0.009575527543583696,9.169072773784759e-05,0.0010886582928287813,-0.0035700399830147713,1.274518548044501e-05,0.00027073360872320595
308,-3.2212830142003845,1.0,1.0,0.0,0.0,1.0,1.0,0.0,1.0,1.0,0.0,1.0,1.0
309,0.00015430180780129366,9.258289099252821e-05,0.00018060280699157735,8.801991599904914e-05,0.009188776945621696,8.443362175647451e-05,0.00017406107320794284,0.012409911907410118,0.00015400591354963744,0.0002178759250232032,0.006269699966611853,3.9309137671472705e-05,0.000149871422743586
310,4.119170804872674e-05,2.1883226714147774e-05,0.00017783206935103232,0.00015594884263688455,-0.002345677047721322,5.502200812301794e-06,6.789341697577278e-05,0.006042711140390927,3.651435792628721e-05,0.00028134255373168937,-0.004861390891912595,2.3633121403854318e-05,0.0001842602373456348
311,0.00019588799943359714,8.945694488612006e-05,0.00039104275067021926,0.0003015858057840992,0.012687093003940487,0.00016096232889062367,0.00045584941144949376,0.010363333955019732,0.00010739869066345165,0.00019406354722362185,-9.907120837228689e-05,9.815104284882636e-09,0.0005232152933375422
312,4.443388492980649e-05,2.4206757643622605e-05,0.00024913746881623694,0.00022493071117261435,0.003955201605160123,1.5643619737604197e-05,0.0004108752346073663,-0.004997065470241983,2.4970663313972352e-05,0.00016189774141384117,-0.0056573836602574635,3.200598987929126e-05,0.0001746394304275034
313,7.236305004609811e-05,2.7526302957029774e-05,0.0001999190784136203,0.00017239277545659054,-0.0007795263171066082,6.076612792949021e-07,0.000154749000758736,0.0049387947178483535,2.4391693264957937e-05,0.00016875245362402147,0.007588119287848544,5.757955432683648e-05,0.00027625578085810343
314,4.495790691749768e-05,1.2794459937330119e-05,0.000175875603712905,0.0001630811437755749,0.0036929424770527756,1.3637824138323928e-05,9.211358904237521e-05,-0.0032677271750563585,1.067804089072144e-05,0.00021264198087056485,-0.0037506685780800885,1.406751478294499e-05,0.00022287124122577495
315,-1.1838605834880478,5.316324927776931e-05,0.00010864052109423501,5.54772718164657e-05,0.007552733326417424,5.7043780700039015e-05,0.0001053554137151469,0.006934765704368659,4.809097537450402e-05,0.00011330819317478813,-0.0073725837911559605,5.4354991758764903e-05,0.00010725795639277003
316,1.0650493851849241e-05,3.207261888737989e-06,0.0004642210523719825,0.00046101379048324453,-0.0016737673400145636,2.801497108406714e-06,0.00033614811403859246,0.000570200163321633,3.251282260086086e-07,0.0005775669471385081,-0.00254856044308712,6.495160331798644e-06,0.000478948095938847
317,6.522845949452627e-05,1.7949770957962723e-05,0.0002139624438391626,0.0001960126728811999,-0.0008570312730101562,7.345026029614843e-07,0.00019511224667689842,-0.007282590056787266,5.303611793516794e-05,0.0002781535941162039,-0.0002805215426050859,7.869233575874546e-08,0.00016862149072438548
318,3.4322789368435025e-05,7.102364340871858e-06,0.0002917544614521317,0.00028465209711125983,0.0013518394006157375,1.8274697654030447e-06,0.00027479172441158273,0.0024126074616761506,5.820674764067668e-06,0.000252219414762056,0.0036958014682836405,1.3658948493144862e-05,0.0003482522451827563
319,0.0001515109252421265,2.9223633371211477e-05,0.0001880862837475942,0.00015886265037638272,-0.007575216656406819,5.738390739096211e-05,0.00018113150629894825,0.00373247240227614,1.3931350233198359e-05,0.0001051125620588067,-0.004044210984776816,1.6355642489473965e-05,0.0002780147828850277
320,-3.2212830142003845,1.0,1.0,0.0,0.0,1.0,1.0,0.0,1.0,1.0,0.0,1.0,1.0
321,4.494168449753477e-05,2.3421752055348872e-05,0.0001634775099509748,0.0001400557578956259,0.002125609705265028,4.518216619509019e-06,6.468016536509413e-05,0.0054070328057768055,2.9236003762700413e-05,0.00016181639385071112,-0.006042436245759836,3.651103578383719e-05,0.00026393597063711915
322,5.1105151236185975e-05,1.5519163369615008e-05,0.0001931650731244646,0.0001776459097548496,0.005123859301515164,2.6253934141462487e-05,0.00021326170412672152,-0.00043124887163434165,1.8597558959498883e-07,0.00016717836176760592,-0.0044852625762142745,2.0117580377787547e-05,0.00019905515347906633
323,0.00014099835110870096,3.036684928544216e-05,0.0002931414127655592,0.0002627745634801171,0.003973591974846017,1.5789433182589185e-05,0.00012083763842918316,-0.0060382592251050395,3.646057446970996e-05,0.000508969214357391,-0.006233020151102508,3.885054020402734e-05,0.0002496173855101036
324,0.00012608351698906173,1.178462661177715e-05,0.00018584455318778245,0.0001740599265760053,-0.004813955186729871,2.3174164540007425e-05,0.00020448934988737122,0.0008561281856857958,7.329554698731755e-07,0.00019578171347733875,-0.0033833060497269795,1.1446759825450847e-05,0.00015726259619863736
325,8.29018733519149e-05,3.544409988687214e-05,0.0002481416457439008,0.00021269754585702866,0.007317174985771571,5.354104977239871e-05,0.000315648146676617,0.003188257870183096,1.0164988247018947e-05,0.0001820513024934911,0.006528879049362533,4.262626164119876e-05,0.00024672548806159433
326,9.941905181065636e-05,3.706546539557672e-05,0.0001690020165499758,0.00013193655115439906,-0.009369423621900417,8.778609900661483e-05,0.00034655818080808753,-0.004516398629407105,2.039785657970139e-05,6.692585801415518e-05,0.0017356383841462726,3.012440600413946e-06,9.352201082768463e-05
327,0.0003551600868575422,9.805597922833235e-05,0.0010950063192135169,0.0009969503399851845,-0.010595607749630045,0.00011226690358434599,0.0022920895395150964,0.0024697288120371923,6.0995604045377405e-06,0.0004961322462635476,-0.013259014808648807,0.00017580147369611332,0.0004967971718619069
328,3.326842422790577e-05,1.7620243801474977e-05,0.00011997355047236684,0.00010235330667089186,0.004407332760471468,1.9424582061278173e-05,0.00016910607138531653,0.0021380733922135744,4.571357830274181e-06,5.773394469266169e-05,0.005372596347499483,2.886479151287258e-05,0.0001330806353391223
329,-3.2212830142003845,1.0,1.0,0.0,0.0,1.0,1.0,0.0,1.0,1.0,0.0,1.0,1.0
330,-3.2212830142003845,1.0,1.0,0.0,0.0,1.0,1.0,0.0,1.0,1.0,0.0,1.0,1.0
331,0.00011849892141113649,5.329156340002269e-05,0.0003299009984552385,0.00027660943505521585,0.002729003193672747,7.447458430842602e-06,0.0002628362660784811,0.007251125358424753,5.257881896369998e-05,0.000360839430986859,0.009992417765787033,9.984841280552548e-05,0.0003660272983003754
332,5.402032528656342e-05,1.5965004869999966e-05,0.00011804664237513585,0.00010208163750513588,0.0008859695303323213,7.849420090577652e-07,5.4795550426978146e-05,-0.006370136392447702,4.057863765893899e-05,0.00020190476337111907,-0.0025556672204901697,6.531434942003145e-06,9.743961332731033e-05
333,0.00012949184862331986,7.939339697871084e-05,0.0004006731241432693,0.00032127972716455844,-0.010993668186992966,0.00012086074020578597,0.00046409155316529116,0.0009426933096908722,8.886706763799879e-07,0.0003934535725755861,0.01079030954394522,0.00011643078005396656,0.00034447424668893056
334,2.9947538091712467e-05,1.0564697351130489e-05,0.0004195238990638561,0.00040895920171272565,0.004543456630581395,2.064299815385251e-05,0.00034127960243623967,0.0033099263135486627,1.0955612201546394e-05,0.0004746134512751965,0.0003090011299040591,9.548169799256101e-08,0.0004426786434801322
335,0.00022631110164739177,7.987478165472073e-05,0.00022546515102743006,0.00014559036937270933,-0.004745028123925397,2.251529189678525e-05,8.258629927082595e-05,-0.008412436706880348,7.076909134728915e-05,0.00019784067526462668,-0.012097105510000917,0.00014633996172008779,0.0003959684785468376
336,-3.1815101067036258,4.033821320574097e-05,0.00017052900573533147,0.0001301907925295905,0.006351237139836686,4.033821320548192e-05,0.00017052900573488738,-0.006351237139836685,4.0338213206148055e-05,0.00017052900573533147,0.006351237139836685,4.033821320559294e-05,0.00017052900573577556
337,0.00041235324883770463,0.00015715039726049707,0.00045910636586924775,0.0003019559686087507,-0.000791655461897689,6.267183705332968e-07,0.00021792422580435566,-0.015986919765647412,0.0002555816035929581,0.0007017663524406803,0.014671157753157854,0.00021524286981799978,0.0004576285193627072
338,2.2325094053532446e-05,7.958365552858856e-07,9.371843634531363e-05,9.292259979002775e-05,-0.00016710214356578434,2.7923126477702453e-08,8.478539281486785e-05,0.001377318466865223,1.8970061591572218e-06,0.0001024588271987259,-0.0006801326194716959,4.625803802227324e-07,9.391108902234713e-05
339,0.00011620876885465314,5.379455193114483e-05,0.000250750640471568,0.00019695608854042315,-0.010760644476441025,0.00011579146954854291,0.0004279820383455979,0.003585368876152532,1.2854869978373706e-05,0.00016343297173537774,-0.005721653280856358,3.273731626651788e-05,0.00016083691133372824
340,0.0001472817363151746,4.785149860912311e-05,8.480617038527279e-05,3.6954671776149674e-05,-0.0024220695513861644,5.866420912159498e-06,9.629817413092656e-05,0.007378775937557647,5.44463343369328e-05,6.407861970170181e-05,0.009123691170684168,8.324174057827705e-05,9.404171732319e-05
341,-3.2212830142003845,1.0,1.0,0.0,0.0,1.0,1.0,0.0,1.0,1.0,0.0,1.0,1.0
342,-3.2138229592615932,3.4693482323026416e-05,0.00016606783583221021,0.0001313743535091838,-0.005890117343711718,3.469348232199021e-05,0.00016606783583128504,0.005890117343711711,3.469348232376657e-05,0.0001660678358330614,-0.005890117343711716,3.469348232332248e-05,0.00016606783583228424
343,0.005871594073819653,0.002425054805482348,0.004547550738401259,0.0021224959329189104,-0.03389967714361915,0.0011491881104418455,0.002583946349455579,0.04573797264651341,0.002091962141813175,0.004255136202635068,0.06351388953758044,0.0040340141641920235,0.006803569663113129
344,-3.1453358565913536,3.027736342827344e-06,0.00015958612893026322,0.00015655839258743587,-0.0017400391785869853,3.027736342420262e-06,0.0001595861289307443,-0.0017400391785869853,3.027736342531284e-06,0.0001595861289297451,-0.0017400391785869847,3.027736343530485e-06,0.00015958612893030022
345,4.310261649298486e-05,2.0750279025520218e-05,0.00028037873486545334,0.0002596284558399331,0.0044137236146253546,1.948095614634493e-05,0.00013819539213488774,-0.004939027083617132,2.439398853293362e-05,0.0006120738691487437,0.004286711139958571,1.83758923972821e-05,9.086694331272849e-05
346,7.924188733798854e-05,1.7795022448548654e-05,0.00019905423123101063,0.00018125920878246196,-0.0037754275867246403,1.4253853462875554e-05,0.00021576580681792468,-0.006202307370140154,3.8468616713638326e-05,0.0001828334071098947,0.000814000717743567,6.625971691320842e-07,0.0001985634797652125
347,6.874348341390224e-05,1.644628157508136e-05,0.00025302988723822456,0.0002365836056631432,0.006597281044043084,4.352411717367666e-05,0.000276510391188145,-0.0018376133536521112,3.376822837575233e-06,0.0002681956855752343,0.0015613791064338772,2.4379047139921894e-06,0.00021438358495129428
348,0.00010475291109868223,3.5797005722537634e-05,0.00014921217049379543,0.00011341516477125779,-0.010227849911262505,0.00010460891380703607,0.000173073883348418,-3.500667964835312e-05,1.2254677272949266e-09,0.00015096307434636635,0.0016675964418736906,2.7808778928495315e-06,0.00012359955378660192
349,4.4044099821505256e-05,2.3579036625864802e-05,0.00012813491438234959,0.00010455587775648478,0.006405457546202992,4.102988637566529e-05,0.00011073365186131667,-0.005402071662073693,2.9182378242564866e-05,9.57075956667941e-05,0.0007244620479884034,5.248452593642483e-07,0.00017796349561893798
350,0.0003452963477623694,8.234570454213053e-05,0.0003570322082038964,0.0002746865036617659,-0.0035531593181385873,1.2624941139960377e-05,0.00040810347243469547,0.014754829919690429,0.00021770500595874598,0.0005064237360611346,0.004087440094689191,1.6707166527685224e-05,0.00015656941611585928
351,0.00012656034925995208,4.953896009681399e-05,0.00033694773356181723,0.00028740877346500326,0.00608303424981627,3.700330568467969e-05,0.00047268959771662455,-0.0038219125671745905,1.4607015671463941e-05,0.000181292715441983,-0.00984919077557217,9.700655893429833e-05,0.0003568608875268442
352,-3.2212830142003845,1.0,1.0,0.0,0.0,1.0,1.0,0.0,1.0,1.0,0.0,1.0,1.0
353,0.00010330683394543794,1.6513729554172112e-06,9.950404030223403e-05,9.785266734681682e-05,0.00011976017756937836,1.4342499965458444e-08,0.00010344540642936995,-0.0007962182504915932,6.339635023611123e-07,9.352602614354222e-05,-0.002075045267869614,4.3058128639250626e-06,0.00010154068833378993
354,-3.2212830142003845,1.0,1.0,0.0,0.0,1.0,1.0,0.0,1.0,1.0,0.0,1.0,1.0
355,-3.2212830142003845,1.0,1.0,0.0,0.0,1.0,1.0,0.0,1.0,1.0,0.0,1.0,1.0
356,0.0002093996835824674,7.835413179887081e-05,0.0002542435397188865,0.00017588940792001573,0.010125650776171493,0.00010252880364158834,0.0002726950140137241,0.0070241563662967335,4.933877265778097e-05,0.0003469494527000849,0.009121119399360457,8.319481909724313e-05,0.0001430861524428506
357,0.0010642038724310021,0.0004979054182249568,0.0008487481446692868,0.00035084272644433,-0.006496368948818811,4.2202809519054085e-05,0.0003602399701599923,0.025385899396532983,0.0006444438881710868,0.0012941946889712952,-0.028408969657214213,0.0008070695569847297,0.000891809774876573
358,-3.2212830142003845,1.0,1.0,0.0,0.0,1.0,1.0,0.0,1.0,1.0,0.0,1.0,1.0
359,0.00029764938948995123,0.0001311635641892591,0.00046749907486964837,0.00033633551068038925,-0.005438427335980435,2.9576491888838596e-05,0.00021108986294349208,-0.011391626501308618,0.00012976915434559366,0.00019429065140175172,-0.015301798794044206,0.00023414504633334499,0.0009971167102637013
360,-3.2212830142003845,1.0,1.0,0.0,0.0,1.0,1.0,0.0,1.0,1.0,0.0,1.0,1.0
361,0.0006539077646243729,0.00019400294384286365,0.0007003725197417173,0.0005063695758988537,0.004305152303979714,1.8534336360342962e-05,0.0009234851392169174,-0.014361936908435107,0.00020626523176137113,0.000553851858244192,0.018899980513395084,0.00035720926340687686,0.0006237805617640424
362,4.169103973494792e-05,1.326340319681337e-05,0.00024245227418399443,0.00022918887098718105,-0.000680393784583825,4.629357022167824e-07,0.00019571679939478503,0.0061520785648781625,3.7848070668200506e-05,0.00016859522831613738,0.0012162249873351823,1.4792032200228178e-06,0.0003630447948410609
363,-3.2212830142003845,1.0,1.0,0.0,0.0,1.0,1.0,0.0,1.0,1.0,0.0,1.0,1.0
364,0.0003026438252190511,0.00012766157995551067,0.0012088417475838813,0.0010811801676283705,-0.014560025622039981,0.0002119943461147411,0.0007660916550388253,0.0037646804625323577,1.4172818984969915e-05,0.0007960585338175896,-0.012522682411005267,0.000156817574766821,0.002064375053895229
365,0.0001301662944059867,6.308325588810781e-05,0.00022339285821397029,0.00016030960232586247,-0.009753467228294434,9.513012297379664e-05,0.00026501126114319984,0.006966694829663442,4.853483684996718e-05,0.0002281394334421316,0.006751652230419883,4.558480784055963e-05,0.00017702788005657943
366,7.087821621232226e-05,2.2177056019034858e-05,0.0003128960642107363,0.00029071900819170143,0.005271495063799611,2.7788660207805904e-05,0.0001489595284452916,0.002827514510966831,7.994838309599572e-06,0.000397607075835138,-0.005545058118716478,3.0747669539699096e-05,0.00039212158835177924
367,1.3469547513911273e-05,6.157841408967653e-06,0.0003617610650371213,0.00035560322362815366,0.0017059277036609827,2.910189330074253e-06,0.00041675842272381747,0.0035368534170544586,1.2509332093624259e-05,0.00022248562821947093,0.001747570543039684,3.0540028032044475e-06,0.00044603914416807555
368,-3.2212830142003845,1.0,1.0,0.0,0.0,1.0,1.0,0.0,1.0,1.0,0.0,1.0,1.0
369,0.00011052597553229404,2.8997459122104274e-05,0.0002639756377134835,0.0002349781785913792,0.009146415521240155,8.365691688649868e-05,0.00028152632360689545,0.0010645887862418826,1.1333492840881476e-06,0.00044473287661805916,-0.0014839512106577233,2.2021111957259976e-06,6.566771291549589e-05
370,0.0001384561652665317,4.8524907355592305e-05,0.0002561030869970467,0.0002075781796414544,-0.009716573620220107,9.441180291691609e-05,0.0004502636306280561,-0.005496206830011343,3.020828951838528e-05,0.00015154640164305455,-0.004577622705221462,2.095462963147554e-05,0.00016649922872002954
371,8.631833931704858e-05,7.304591750319685e-05,0.00011653800349438932,4.3492085991192475e-05,-0.00833148269330291,6.94136038690285e-05,0.00012437713103363723,0.008529006299288776,7.27439484526915e-05,9.882603907229726e-05,-0.008773836115935537,7.698020018787055e-05,0.0001264108403772335
372,4.045955304343707e-06,1.306558720548523e-06,0.0001512573608516791,0.00014995080213113057,-0.0008102322266763202,6.564762612404351e-07,0.00011472614501417677,0.00024490356721945786,5.997775665012028e-08,9.466488214815438e-05,-0.0017897547719377524,3.2032221437550135e-06,0.00024438105539270616
373,0.00011375607875530047,1.4607978807109253e-05,0.00028892593820761814,0.0002743179594005089,-0.003963460981697042,1.570902295400245e-05,0.00010726660852411474,0.0025282820533056283,6.392210141092924e-06,0.0003634541589270235,-0.0046607620971426044,2.1722703326232384e-05,0.0003960570471717162
374,0.00010267706888344996,3.782846837382022e-05,0.00023520323229882698,0.00019737476392500675,-0.0027897824701877986,7.782886230822683e-06,0.0002650502370253882,0.00985023719638082,9.70271728247818e-05,0.0001575473027695118,0.0029453940425229457,8.675346065856182e-06,0.0002830121571015809
375,-3.2212830142003845,1.0,1.0,0.0,0.0,1.0,1.0,0.0,1.0,1.0,0.0,1.0,1.0
376,3.81436229480725e-05,8.401384453386266e-06,0.00019645255824936778,0.00018805117379598152,0.0022544593641374306,5.082587024141105e-06,0.00022781777338609643,0.00014563292348690886,2.1208949263495924e-08,0.00012066955524991929,0.004483342211663762,2.0100357386754197e-05,0.00024087034611208757
377,9.927606064741301e-05,1.709863746002238e-05,0.0001478444456272839,0.00013074580816726153,-0.0022118502894326315,4.8922817035279564e-06,7.43363617305981e-05,-0.0016918512397714458,2.8623606171951366e-06,0.00015662042949027288,0.006598580912567734,4.354127005934405e-05,0.00021257654566098072
378,0.0002300289959893398,0.00011371611974212807,0.0002849835507647465,0.00017126743102261843,0.014468997770224548,0.0002093518964749741,0.0004453179209954472,-0.009854657478910895,9.711427402692152e-05,0.0002341034752946225,-0.005889158575230831,3.468218872448858e-05,0.0001755292560041699
379,-3.2212830142003845,1.0,1.0,0.0,0.0,1.0,1.0,0.0,1.0,1.0,0.0,1.0,1.0
380,0.0002295378301625517,0.00015489191698817942,0.00037155491531078627,0.00021666299832260685,-0.013775053169034178,0.00018975208980975822,0.0003830810705304222,0.012977982122983026,0.0001684280199845123,0.000373499707030045,0.010319672532121769,0.00010649564117026777,0.0003580839683718917
381,0.00016567807948331126,3.6345951847242354e-05,0.00021194214758994226,0.0001755961957426999,0.0014467220440239322,2.0930046725764484e-06,0.00023677543618461083,0.009506644379076402,9.037628735009129e-05,0.00025607203818034385,0.004070450038951811,1.656856351905933e-05,0.00014297896840487212
382,0.00012567343491010075,3.5045754213351245e-05,0.00019555122649680032,0.00016050547228344908,-0.0029168992672336663,8.5083013356968e-06,0.0002099158663554368,0.00012721417492230923,1.6183446249762312e-08,0.0002048572265713755,-0.009829179917908824,9.661277785810718e-05,0.00017188058656358862
383,-3.2212830142003845,1.0,1.0,0.0,0.0,1.0,1.0,0.0,1.0,1.0,0.0,1.0,1.0
384,-3.2212830142003845,1.0,1.0,0.0,0.0,1.0,1.0,0.0,1.0,1.0,0.0,1.0,1.0
385,-3.2212830142003845,1.0,1.0,0.0,0.0,1.0,1.0,0.0,1.0,1.0,0.0,1.0,1.0
386,-3.2212830142003845,1.0,1.0,0.0,0.0,1.0,1.0,0.0,1.0,1.0,0.0,1.0,1.0
387,1.3051701369559687e-05,7.348835750634978e-06,0.00023194194290077075,0.00022459310715013578,-0.003490444150652214,1.2183200368331981e-05,0.00014155492063905317,0.0030928625976711123,9.565799047983603e-06,0.00012698756044549064,-0.0005454427886058298,2.975078355893501e-07,0.00042728334761776843
388,6.905429900161408e-05,1.7948158754776955e-05,0.00018789123554422785,0.0001699430767894509,-0.003481180074626031,1.2118614711953413e-05,0.00018818378764573485,-0.005455301153292106,2.976031067336571e-05,0.00011022351996459179,0.0034591257391894314,1.1965550879011744e-05,0.00026526639902235694
389,0.00012381089556678937,3.2323737102490924e-05,0.00020541377669088443,0.0001730900395883935,0.0035390345200363707,1.2524765334309684e-05,0.00014170942846936097,0.008985203754723777,8.07338865137508e-05,0.0002861204514599258,0.0019268003163877684,3.71255945941229e-06,0.00018841145014336647
390,-3.2212830142003845,1.0,1.0,0.0,0.0,1.0,1.0,0.0,1.0,1.0,0.0,1.0,1.0
391,0.0013259301769863452,0.0004025996176657924,0.0015709618376990402,0.0011683622200332477,-0.005969751203113776,3.563792942740118e-05,0.00026374394607930896,-0.03417127948786493,0.0011676763418382308,0.004299445334915664,0.0021176831046801816,4.484581731745152e-06,0.00014969623210214777
392,0.0003234119096203747,8.852163359836703e-05,0.0007232051059300101,0.000634683472331643,0.010087442720884196,0.00010175650064725428,0.0008891052952032519,0.006489226649895203,4.2110062513867064e-05,0.0003756045371684502,-0.011031696951696285,0.00012169833763397975,0.000904905485418328
393,8.602359115839064e-05,3.4110475637135394e-05,0.000186558185693834,0.0001524477100566986,-0.0065823250065908,4.332700249198851e-05,0.00013299087913498653,-0.0073128500225715706,5.3477775452503984e-05,0.00015955262542433069,-0.0023508825931765937,5.526648966913683e-06,0.00026713105252218483
394,9.07278562062297e-05,2.8369349593456345e-05,0.00011223764917685693,8.386829958340059e-05,-0.008149739602002593,6.6418255581846e-05,0.00023502332909353107,-0.003599809441184102,1.2958628012649243e-05,6.388170904625401e-05,0.0023939852101198793,5.731165185873799e-06,3.780790939078571e-05
395,6.190163940278381e-05,3.800158066188016e-05,0.0002573474214201399,0.00021934584075825972,0.0062360805764063885,3.888870095591912e-05,0.00010849741942198232,-0.0038146800240905798,1.4551783686145292e-05,0.0004248477991494193,0.007782304115335087,6.056425734357607e-05,0.00023869704568901806
396,9.889588045386422e-05,5.861246950496687e-05,0.00018611463067360243,0.00012750216116863555,0.008532374743370714,7.280141876209179e-05,0.00015975720673788718,0.003391104238625147,1.1499587957097823e-05,5.1056733227472506e-05,0.009567465797993946,9.153640179571099e-05,0.00034752995205544757
397,0.0002905380276660985,0.00012659559241560517,0.000353301595588625,0.00022670600317301984,0.014242941415595635,0.0002028613801680068,0.000522308491708201,0.013123797729533404,0.0001722340668453004,0.00042371680685815427,0.002165947883430277,4.691330233508317e-06,0.00011387948819951976
398,0.00021699202035507792,7.31207651205971e-05,0.00042643128481641607,0.00035331051969581895,0.01470521176289588,0.00021624325299174352,0.0007631844196426263,0.0015988104262041375,2.5561947786245653e-06,0.00029129486756473977,0.0007502316917341882,5.628475914232212e-07,0.0002248145672418822
399,7.768894978832375e-05,3.540406485991188e-05,0.0001426607371491917,0.00010725667228927982,-0.00421153863381538,1.773705766427991e-05,9.24296041356909e-05,0.006849720689583748,4.691867352457635e-05,0.00014692300540852798,0.006446430282862259,4.155646339087937e-05,0.0001886296019033562
400,0.00034798052125173395,0.0003177546977642942,0.0006933050460481057,0.0003755503482838115,0.018589030504366,0.00034555205509201325,0.0007415688347945926,0.016466825368892452,0.00027115633772945014,0.0005753680483100432,-0.018345454490723865,0.00033655570047141925,0.0007629782550396813
401,-3.2212830142003845,1.0,1.0,0.0,0.0,1.0,1.0,0.0,1.0,1.0,0.0,1.0,1.0
402,0.00010934407557661174,2.8863005042789602e-05,0.00024092165244645378,0.00021205864740366417,0.00564456410004895,3.186110387942698e-05,0.0002556625712540894,0.001524391474779922,2.3237693684841076e-06,0.000282228510021465,-0.00723907051220566,5.240414188045772e-05,0.0001848738760638069
403,5.3586594160215384e-05,1.9287877116987612e-05,0.00016230542354467303,0.0001430175464276854,0.00032014410632334956,1.0249224879910201e-07,0.00021600270342159167,0.0072584686530765405,5.268536718772143e-05,0.0001847962321060992,0.0022529473839049334,5.075771914442306e-06,8.611733510632824e-05
404,0.0007023312213322308,0.0003286305696252508,0.0012783182453036668,0.000949687675678416,0.01897133027831956,0.00035991137252922023,0.0014112077368323428,0.024381952508162833,0.000594479608110432,0.0017325192416104418,0.005612550956207168,3.150072823610017e-05,0.0006912277574682157
405,5.0687299441798395e-05,1.2908819056689502e-05,0.00028375294605724005,0.00027084412700055055,0.001968030346757299,3.8731434456318325e-06,0.00035477185473942185,-0.0058543466651659656,3.42733748770474e-05,0.0002999240071223097,-0.0007615371607825596,5.799388473892719e-07,0.00019656297630998854
406,0.00011606757223603381,6.012301350818058e-05,0.00044382477863428676,0.0003837017651261062,-0.0099672039358559,9.934515429876889e-05,0.00045777311592187786,-0.008785310672182764,7.71816836065975e-05,0.0003438965202976485,0.001960153723303138,3.842202619175339e-06,0.0005298046996833339
407,-3.2212830142003845,1.0,1.0,0.0,0.0,1.0,1.0,0.0,1.0,1.0,0.0,1.0,1.0
408,5.513236951459888e-05,5.95584696387134e-06,0.00015613207746619415,0.00015017623050232282,0.0029025169351196284,8.424604558188165e-06,0.00015468258814910207,-0.0015564330911453368,2.4224839663133935e-06,0.00015467468353091984,-0.0026496136258624538,7.020452367112462e-06,0.0001590389607185605
409,-3.2212830142003845,1.0,1.0,0.0,0.0,1.0,1.0,0.0,1.0,1.0,0.0,1.0,1.0
410,-3.2212830142003845,1.0,1.0,0.0,0.0,1.0,1.0,0.0,1.0,1.0,0.0,1.0,1.0
411,0.00020657712721949828,7.595469181664871e-05,0.000369590319192407,0.00029363562737575827,0.0002772882899974976,7.688879566369877e-08,0.0002991516654071713,0.00841245182288499,7.076934567218363e-05,0.00035172869809063645,-0.012530675998614427,0.0001570178409820988,0.0004578905940794131
412,0.0001432254179374315,5.0436753959252435e-05,0.0001582159291520687,0.00010777917519281627,-0.005400799211561331,2.9168632123544036e-05,7.56381783358906e-05,-0.009175088787121005,8.418225425133041e-05,0.00017682546502251206,0.006161118040004591,3.7959375502882864e-05,0.0002221841440978034
413,0.0002582880044499358,0.00010493732201100059,0.0003988965668170567,0.0002939592448060561,-0.015146126248707136,0.0002294051403418651,0.0005586543123390353,-0.0065891530646729896,4.341693810971936e-05,0.00015630477609784865,0.006479960461417954,4.198988758141731e-05,0.00048173061201428613
414,-3.2212830142003845,1.0,1.0,0.0,0.0,1.0,1.0,0.0,1.0,1.0,0.0,1.0,1.0
415,-3.119824745704359,3.4485045137995957e-07,0.00016027025779981793,0.00015992540734843796,-0.0005872396882745599,3.448504509728778e-07,0.0001602702577997439,0.0005872396882745599,3.4485045219412314e-07,0.00016027025780007698,0.0005872396882745599,3.448504509728778e-07,0.0001602702577996329
416,7.97319015051201e-05,2.646318166284652e-05,0.00011059736921252099,8.413418754967447e-05,0.008700286178760609,7.569497959203364e-05,0.00013250671715159257,-0.0013700125602218297,1.8769344151126077e-06,0.00011467622425442858,0.0013481954536607855,1.8176309813933145e-06,8.46091662315418e-05
417,7.712122997949322e-05,3.67146212064684e-05,0.0004598216238611563,0.0004231070026546879,-0.0080661581380799,6.506290710850404e-05,0.000593583149904986,0.0002685720631746142,7.213095321034757e-08,0.00040504303430322075,0.0067088617184775795,4.500882555769081e-05,0.0003808386873752623
418,6.890780275203845e-05,2.1381933379749363e-05,0.00011439594151085863,9.301400813110927e-05,-0.0019539420466439393,3.817889521862128e-06,0.00013024922764348634,-0.005620287865851307,3.158763569455214e-05,0.00010838501788346111,0.00536099570254336,2.874027492283382e-05,0.00010455357900562845
419,0.00013039102707246286,6.698918286222415e-05,0.0002062884486776125,0.00013929926581538837,0.010144336150293896,0.00010290755592956558,0.00030927646706235823,-0.009573170586535692,9.164559507879311e-05,0.00016193621185733864,-0.0025326661008445487,6.414397578313746e-06,0.00014765266711314062
420,1.5034775426303604e-05,9.790627675069588e-06,0.0001624253463579454,0.00015263471868287581,-0.003085516591382134,9.520412636576658e-06,0.00015386962017804873,-0.002800663189610496,7.843714301403182e-06,0.00014097481692210145,-0.0034652209291367734,1.2007756087228927e-05,0.00019243160197368603
421,6.775034649886269e-05,1.1052457156601747e-05,0.00019790786152788323,0.00018685540437128148,0.005348039702852996,2.8601528663241282e-05,8.294648050377607e-05,-0.001501140603934779,2.2534231129966997e-06,0.00021988056539312684,-0.00151737262840563,2.302419693567259e-06,0.0002908965386867468
422,0.00018761695602709239,0.00011258350971950677,0.00022787831772412095,0.00011529480800461418,-0.005959848467869695,3.551979375981951e-05,0.00014721233122094723,0.01123487854611494,0.0001262224959458491,0.0002321173207535665,0.01326680969383875,0.0001760082394528517,0.00030430530119784915
423,6.062010006058216e-05,2.0868107089751695e-06,0.0001711191854153471,0.00016903237470637192,-0.0024858212856706174,6.179307464271311e-06,0.00016886326588572143,-9.986784270838034e-05,9.973586290179526e-09,0.0002161809010140514,0.00026674159054447235,7.115107636401774e-08,0.00012831338934626846
424,9.839118084020715e-05,2.7871774858190257e-05,0.00018340950332658887,0.0001555377284683986,-0.0012901279281766214,1.6644300705470627e-06,0.0001477124945983288,-0.0026948396074878414,7.262160509724502e-06,0.00024266009962670143,0.008642264402014757,7.46887339942992e-05,0.00015985591575473634
425,0.00010200164322604621,4.525958374235195e-05,0.00026100323242302564,0.0002157436486806737,0.0020437242567210036,4.1768088371307854e-06,0.0001484948894044935,-0.009674129205458097,9.358877588383496e-05,0.0005455019469109423,0.006165481855187705,3.80131665060901e-05,8.901286095364114e-05
426,7.726986051226348e-05,7.728069144249025e-06,0.00016327296967092822,0.0001555449005266792,0.003214177144786787,1.0330934718694174e-05,0.00021786927223843566,0.0035479200984721458,1.258773702550453e-05,0.00010701332093321358,-0.0005153015510855467,2.655356885483684e-07,0.00016493631584113544
427,3.37396551892688e-05,2.1878520476044844e-05,0.00015031831205825075,0.0001284397915822059,0.004398200752857118,1.9344169862267613e-05,0.00011681214425485198,-0.005321610739658995,2.8319540865240356e-05,0.0001425068042214539,-0.004239321962308308,1.7971850700626568e-05,0.00019163598769844636
428,3.584448665339135e-05,4.234143534564971e-06,0.0001621238946881709,0.00015788975115360593,-0.0028307183631892338,8.012966452253245e-06,9.636686671288253e-05,0.00044472794298733835,1.977829436894396e-07,0.00020377620017331122,0.002119358678397054,4.4916812077522295e-06,0.00018622861717831896
429,0.00010963856012202733,2.418405554556931e-05,0.0001997966006085742,0.0001756125450630049,-0.008331185394601025,6.940865007898367e-05,0.0004487409188963509,0.0017521805275310383,3.070136601168727e-06,7.823296471642927e-05,0.0002708873503462421,7.337995655554153e-08,7.241591821294247e-05
430,0.0093414294475207,0.001696528454165791,0.0034803444732406374,0.0017838160190748464,0.038710736873485134,0.0014985211492882788,0.002727198844303391,-0.024771897954724193,0.0006136469282794765,0.00445461071419162,-0.054565715288351996,0.0029774172849296177,0.003259223861226901
431,-3.2212830142003845,1.0,1.0,0.0,0.0,1.0,1.0,0.0,1.0,1.0,0.0,1.0,1.0
432,0.0001151600726023716,2.53433365292229e-05,0.0002485597933701659,0.00022321645684094302,-0.0005261456543602785,2.7682924974570255e-07,0.0002625500454647156,-0.0044185507007580265,1.9523590295555948e-05,0.00033992292514195555,-0.0074986392126985685,5.622959004236705e-05,0.00014320640950382657
433,6.381089948992447e-05,1.0124072382803698e-05,7.909098975807567e-05,6.896691737527197e-05,0.0048725397157494575,2.3741643281560698e-05,0.00010646538640002312,-0.002412186044828994,5.8186415151650905e-06,7.51275880378488e-05,-0.0009010728895023009,8.119323516853072e-07,5.567999483635511e-05
434,0.00016641030783337563,3.221215280842701e-05,0.0002804316760142145,0.0002482195232057875,0.0024756784623158386,6.128983848774361e-06,0.0002484853057774794,0.008275936977896673,6.849113286178099e-05,0.00032261043323977834,-0.004692157469104187,2.2016341714725662e-05,0.0002701992890253857
435,1.4273653655139107e-05,4.7353122867299646e-07,0.000100031840916374,9.9558309687701e-05,0.00039075307578457526,1.5268796560441444e-07,7.730680624129516e-05,0.0010621361253820086,1.1281331483425916e-06,3.710084483121712e-05,-0.0003738617022970738,1.3977257207198335e-07,0.00018568787167660972
436,0.000477052304514447,0.00038655401203713247,0.001054468939318857,0.0006679149272817246,0.01818946277561886,0.000330856556065684,0.001068906487495358,-0.021579129921872314,0.00046565884818505765,0.0009752103123228384,0.019056406583103053,0.00036314663186065577,0.0011192900181383747
437,3.0582763185127426e-05,1.6879031599229915e-05,0.0001662432514239661,0.0001493642198247362,0.004136759146051369,1.7112776232397486e-05,0.000230283950264365,0.004648862161258112,2.1611919394426415e-05,0.0001968736935269444,0.0034514343643093034,1.191239917086584e-05,7.157211048058887e-05
438,8.466427314901548e-05,2.6959707117154192e-05,9.493860893376264e-05,6.797890181660846e-05,-0.0048443602756963276,2.3467826480327858e-05,0.00011424884808686198,-0.007028234534287401,4.939608066889534e-05,8.052862566232388e-05,-0.002831115363702963,8.015214202239385e-06,9.003835305210206e-05
439,4.6764206742100356e-05,6.633755301706697e-06,0.00011285592837040337,0.00010622217306869668,-0.00378270311390001,1.4308842848476111e-05,0.00010875084515638012,-0.00207862364228349,4.320676246560851e-06,0.00014237599446875748,0.0011277175223591168,1.2717468100831297e-06,8.744094548607251e-05
440,6.957840991339559e-05,1.9408608298299157e-05,0.00015302524303036544,0.00013361663473206628,-0.0014343374500139605,2.0573239205567972e-06,0.0001479234229534443,0.007484872592604112,5.602331772758262e-05,0.00028723151834986194,0.0003810291942892998,1.451832467580516e-07,2.3920787787790054e-05
441,0.00011782929969472722,0.00010095811546143955,0.00023581222116660547,0.00013485410570516593,-0.010257042339716872,0.00010520691755888656,0.0002615903775737838,-0.009601509858409006,9.218899156127058e-05,0.0002046728964577582,0.010270269580883623,0.0001054784372641615,0.00024117338946827438
442,-3.1489707598769225,1.2693818012129062e-05,0.00016508887910019845,0.00015239506108806938,0.0035628384768501696,1.269381801216607e-05,0.00016508887910016146,0.0035628384768501705,1.2693818012055047e-05,0.0001650888791003835,0.0035628384768501714,1.269381801216607e-05,0.00016508887910005043
443,-3.2212830142003845,1.0,1.0,0.0,0.0,1.0,1.0,0.0,1.0,1.0,0.0,1.0,1.0
444,1.1451340955370704e-05,7.682404464544787e-06,0.0002897217960902143,0.00028203939162566954,0.0021662026977893,4.692434127595568e-06,0.0002146748462207304,0.0028293913653263184,8.005455498505398e-06,0.0003268178409638889,-0.003217036488391168,1.0349323767533392e-05,0.00032767270108602364
445,2.7162226158283787e-06,5.516786435085427e-07,0.00022661433148444635,0.0002260626528409378,0.001149119458801039,1.3204755310303185e-06,0.00029690158549022794,-0.0004927146529772686,2.4276772991882467e-07,0.00015397892226132193,-0.0003029730513998485,9.17926695764848e-08,0.0002289624867017892
446,0.00016230396487271204,2.3753754570384384e-05,0.00020902352845360758,0.0001852697738832232,0.003974890701541491,1.579975608934081e-05,0.00021725077871881382,-0.0034772616609661743,1.2091348658760381e-05,0.0001930055741615755,0.006585602399452352,4.3370158963051963e-05,0.0002168142324804334
447,3.069902034524841e-05,3.851639247987038e-06,0.00010179709433037291,9.794545508238588e-05,-0.000934550595651213,8.733848155806356e-07,8.794780197585172e-05,0.002296135200478623,5.272236858977486e-06,5.332846545380576e-05,0.0023257893434314105,5.409296069402991e-06,0.00016411501556146124
448,-3.2212830142003845,1.0,1.0,0.0,0.0,1.0,1.0,0.0,1.0,1.0,0.0,1.0,1.0
449,-3.2212830142003845,1.0,1.0,0.0,0.0,1.0,1.0,0.0,1.0,1.0,0.0,1.0,1.0
450,0.0001042010324400211,5.0076881622100146e-05,0.0005173345729030387,0.0004672576912809386,-0.009460471223506538,8.950051577072404e-05,0.00035061151649629085,0.002416328861677494,5.8386451674552475e-06,0.0005393157003149573,0.0074088787227372605,5.4891483928121154e-05,0.000662076501897868
451,-3.19386805647708,1.0990576081448822e-06,0.00016172081811723546,0.00016062176050909058,0.0010483594843995305,1.0990576079228376e-06,0.00016172081811716144,-0.0010483594843995296,1.0990576085889714e-06,0.0001617208181174945,0.0010483594843995305,1.0990576079228376e-06,0.0001617208181170504
452,5.0904401722062786e-05,2.533635977908233e-06,0.00019747101108321305,0.00019493737510530482,0.0026518694678815636,7.032411674545713e-06,0.00013412909586307808,-5.5677617349371516e-05,3.0999972588929836e-09,0.00022607045390288238,0.0007519283628551674,5.653962619200925e-07,0.00023221348348367865
453,2.3818439327971674e-05,9.65514852065604e-06,0.00013343901053941565,0.0001237838620187596,-0.004287820069071624,1.8385400944564978e-05,0.00013992909062143788,0.0007016821935869819,4.92357901116236e-07,7.229973132583112e-05,0.0031761118866661915,1.0087686716286903e-05,0.00018808820967097795
454,-3.2212830142003845,1.0,1.0,0.0,0.0,1.0,1.0,0.0,1.0,1.0,0.0,1.0,1.0
455,5.112236186377572e-06,1.5869187885986236e-06,0.0001663144348580762,0.00016472751606947758,-0.0009667418387010583,9.345897826751326e-07,0.00024157240573341454,-0.0015089282837459654,2.2768645656645603e-06,0.00019026682581435583,-0.0012447096117477198,1.5493020174561778e-06,6.710407302645827e-05
456,-2.205060290084958,1.8645225213035725e-06,0.0002867226775861524,0.0002848581550648488,-0.0013604630347439518,1.8508596683064482e-06,0.0002867422856732693,0.0013236207680511088,1.7519719364145203e-06,0.00028340908040069834,-0.0014109344275412127,1.990735959189749e-06,0.00029001666668448944
457,6.825543635047282e-05,1.3030121202869024e-05,0.0002849172520073366,0.0002718871308044676,0.0037369428610238655,1.3964741946370651e-05,0.0003546120397436292,0.004962646498383106,2.4627860267800727e-05,0.00015243535690900867,0.0007055220722739686,4.977613944356918e-07,0.00034770435936937183
458,-3.1998571649419363,5.6310565746398034e-05,0.0001618923713564054,0.00010558180561000738,-0.007504036630149114,5.6310565745953944e-05,0.00016189237135599832,0.00750403663014911,5.631056574706417e-05,0.0001618923713568865,-0.007504036630149111,5.631056574617599e-05,0.0001618923713563314
459,4.458005354501804e-05,1.4688333307459148e-05,0.00020582982906436342,0.00019114149575690428,0.0014430004736215004,2.0822503669082337e-06,0.00015534172828268744,-0.004656270210709833,2.168085227505223e-05,0.0002840586448386029,-0.004505762674690086,2.030189728041698e-05,0.00017808911407179995
460,3.872682473826661e-05,6.806127816375944e-06,0.00011744427880244768,0.00011063815098607173,-0.003380706805959704,1.1429178507271764e-05,0.00017201626994900465,0.0014945360475512816,2.233637997783866e-06,0.0001406826816441331,-0.0025991473496296746,6.7555669440722e-06,3.963388481420527e-05
461,2.2287120735042798e-05,9.396017429293598e-07,0.00018187561235982752,0.00018093601061689815,-0.0009348802075074106,8.740010022378897e-07,0.00014133489058809623,0.0007719647449391981,5.95929567248632e-07,0.00016414602317338378,0.0011614106335607883,1.3488746593015577e-06,0.00024014592331800255
462,-3.2212830142003845,1.0,1.0,0.0,0.0,1.0,1.0,0.0,1.0,1.0,0.0,1.0,1.0
463,0.00014589215182891913,2.8238818705654072e-05,0.0001685483298059879,0.00014030951110033385,0.0023201524975115895,5.3831076127774935e-06,0.00020834108520684236,0.007411476371062177,5.492998199796428e-05,0.00010552920271655886,-0.004939976366963803,2.4403366506220436e-05,0.00019177470149456255
464,0.00017129055409093041,7.988345923263622e-05,0.00020859800241423976,0.00012871454318160353,0.010550479673076627,0.00011131262133157183,0.0001470857720865526,-0.003461555356407228,1.1982365485385671e-05,0.0003176740602859329,-0.010786815604263117,0.00011635539088095115,0.00016103417487023375
465,-3.1485449087392796,1.2313745183993122e-05,0.0001435557680768973,0.00013124202289290418,0.0032150371808001696,1.0336464074223173e-05,0.00011609103407517196,-0.0027424394558224156,7.5209741688953e-06,0.00011943259387892091,0.004368500578900099,1.9083797308860895e-05,0.000195143676276599
466,0.00010325921763565393,6.551551131132409e-05,0.000640990643348179,0.000575475132036855,0.007941825386861426,6.307259047588776e-05,0.0006390631251729229,0.007973953793221638,6.358393909644544e-05,0.0006341805795364586,-0.008360024184324915,6.989000436163906e-05,0.0006497282253351555
467,-3.2212830142003845,1.0,1.0,0.0,0.0,1.0,1.0,0.0,1.0,1.0,0.0,1.0,1.0
468,8.685885690973283e-05,1.8624336789970403e-05,0.000433422994594516,0.0004147986578045456,-0.0012844073702087651,1.6497022927719485e-06,0.0003888915193757114,-0.006705913803547738,4.4969279940576534e-05,0.0006482719590955588,-0.0030420434146113465,9.25402813656273e-06,0.0002631055053122777
469,-3.1110942467567693,3.0446917067550316e-06,0.00015413791868431245,0.00015109322697755742,0.0022264962953524752,4.957285753115492e-06,0.00016283012829521049,1.7897564170407448e-05,3.2032365648859695e-10,0.00015312528216926413,-0.002043641123901713,4.176469043493114e-06,0.0001464583455884627
470,-3.0217475735361736,1.4389871231294352e-05,0.00016659545517805352,0.00015220558394675918,0.0037933983749126533,1.4389871231368367e-05,0.00016659545517883068,0.003793398374912655,1.4389871231812457e-05,0.00016659545517805352,0.0037933983749126546,1.4389871230702234e-05,0.00016659545517727636
471,4.788441665315446e-05,1.490042786848426e-05,0.0002541732159330179,0.00023927278806453364,0.0026729192177003046,7.144497144118134e-06,0.0003108687669520771,-0.003954198585806616,1.563568645623903e-05,0.000192286494502536,0.004681997437512974,2.1921100005095617e-05,0.0002593643863444406
472,3.9793009893762665e-05,1.2342945489203968e-05,0.000393995526676183,0.00038165258118697903,0.0037960519090204947,1.4410010096055359e-05,0.0003916970562499733,0.003087657868428045,9.533631112446095e-06,0.00035752596601323905,0.0036173464389370824,1.308519525911045e-05,0.0004327635577653366
473,0.00025750750089070795,0.00011367739704770674,0.000285341171968249,0.00017166377492054224,-0.015889959332001546,0.000252490807572503,0.0004782780596419567,0.008947201005745514,8.005240583675022e-05,0.00018277314088133156,0.002913585031086848,8.488977733867031e-06,0.00019497231538145865
474,1.1508160341566764e-05,4.609377149078497e-06,0.00014654964778189802,0.00014194027063281953,-0.002652866771533909,7.037702107748345e-06,9.596045532656028e-05,-0.002594735185028979,6.732650680407737e-06,0.00016542635567085018,-0.00024037192087616804,5.777865907941049e-08,0.00017826213234828359
475,-3.2212830142003845,1.0,1.0,0.0,0.0,1.0,1.0,0.0,1.0,1.0,0.0,1.0,1.0
476,7.95465074119317e-05,1.5865846015539198e-05,0.00022865997145715689,0.0002127941254416177,0.004618383102463956,2.1329462480568218e-05,0.00023736059524626096,-0.003364798324453903,1.1321867763425253e-05,0.00023120749648020134,-0.003866032566198261,1.4946207802624123e-05,0.00021741182264500836
477,0.00015705280560729395,9.824724240518427e-05,0.0004971274994214347,0.00039888025701625046,0.010864284926180745,0.00011803268695687041,0.0004858711293757034,0.009544416251972753,9.109588159061932e-05,0.0005041337412836633,0.009252737901210345,8.561315866806307e-05,0.0005013776276049375
478,0.00020330206895924352,7.677110805718683e-05,0.0004823896850724892,0.00040561857701530235,-0.010866235333435342,0.00011807507032146614,0.0005657639881159193,-0.006065137384579326,3.67858914935848e-05,0.0004285255638183383,-0.008686331927611833,7.545236235650954e-05,0.00045287950328321003
479,3.5906946426300657e-05,7.559439608099498e-06,0.00014525622576618455,0.00013769678615808506,-0.004180508001102819,1.7476647147240953e-05,0.0001264422370195195,0.0011943493948445608,1.4264704768507386e-06,0.00011828759515986054,-0.0019429876994092106,3.7752012002068014e-06,0.00019103884511917357
480,0.00022778352907137922,7.280295397852725e-05,0.00018301333134666345,0.0001102103773681362,-0.006038414785791542,3.6462453125163385e-05,0.00014453923404433855,0.008641482322066615,7.46752167223308e-05,0.0001650558947536851,-0.010357180701721383,0.00010727119208808755,0.00023944486524196673
481,0.0004620278228568697,0.0001163374289776901,0.0003582121912478013,0.00024187476227011118,0.0008690040633022314,7.551680621942225e-07,0.00026631983651992375,-0.004106293540328403,1.686164663949885e-05,0.0003404645361486658,-0.01820427071407709,0.0003313954722313772,0.0004678522010748143
482,0.0002095745427541651,9.441308383180876e-05,0.00022479063603338587,0.0001303775522015771,0.01263649123698078,0.00015968091078244484,0.00034719500823510163,0.010020588659095981,0.00010041219707468407,0.00015909861728136132,-0.00481104392394066,2.3146143638297367e-05,0.00016807828258369462
483,0.00019774882473122535,4.547822889833242e-05,0.0003097306091844147,0.0002642523802860823,0.005929498897940448,3.515895718042561e-05,0.0004438673615810851,0.0031312569078606597,9.804769822707726e-06,0.000253131343585955,0.009564045153166337,9.147095969186392e-05,0.00023219312238620393
484,0.00016416047024070402,0.00010511583316408224,0.00029177358665658887,0.00018665775349250663,0.010571202485792826,0.00011175032199528534,0.0002882300193818299,-0.011941345391318891,0.0001425957297545022,0.00028751760547485183,-0.007810342357568854,6.100144774245919e-05,0.0002995731351130848
485,0.00011133210410108063,4.0121762152807903e-05,0.00011916876238493579,7.904700023212788e-05,0.004395290007336229,1.931857424852801e-05,8.575836382718194e-05,-0.00649681182122255,4.2208563840961943e-05,0.0001673765352946388,0.007670602868650952,5.883814836893375e-05,0.00010437138803298662
486,7.695823717757122e-05,2.9416443825221645e-05,0.0002531126666262355,0.00022369622280101384,0.0019598276022593434,3.840924229892018e-06,0.0003363785386021334,-0.008320042481769872,6.922310689860822e-05,0.00031205395102362754,0.003896832091222505,1.5185300347164699e-05,0.00011090551025294548
487,5.903766989334702e-05,1.3847367149932843e-05,0.0004478827146621918,0.000434035347512259,0.0016743363988108483,2.803402376239106e-06,0.0002773828159349234,-0.0023249875199624044,5.405566967819908e-06,0.00022560846905483878,0.005773485265065987,3.3333132105739516e-05,0.0008406568589968133
488,0.00013578875785624778,3.953768350598944e-05,0.00021338376907316844,0.000173846085567179,0.0031989267862903977,1.0233132583969962e-05,0.00016397581231097913,0.001955977422796894,3.825847678329275e-06,0.000210143713391564,0.010225168470786344,0.0001045540702556691,0.00026603178151696216
489,0.00024107068264400677,0.00016019431333680334,0.0003895387693364505,0.00022934445599964715,0.010168023281832316,0.00010338869745951662,0.0002719545466906004,0.011813608471274661,0.00013956134511239338,0.0003173271542488143,0.01541534616667189,0.00023763289743850002,0.0005793346070699368
490,0.00010718400674891715,4.0045577087625496e-05,0.00024250455431440443,0.00020245897722677894,0.005992352138550622,3.590828415200864e-05,0.00019643998530827211,0.008565356859287053,7.336533812718482e-05,0.00035716374465777356,-0.003295923085198367,1.0863108983683034e-05,0.00017390993297716761
491,-3.1144218594131843,7.027610472369143e-06,0.00027214952111576096,0.0002651219106433918,0.0024953591188036257,6.2268171314716625e-06,0.00021288044904232972,0.002769269904773516,7.668855806053365e-06,0.0003062051083112527,0.0026808876292915115,7.187158479582401e-06,0.00029736300599370047
492,0.0001533607715891172,6.592695575587577e-05,0.00033141133079084284,0.0002654843750349671,0.00279272422182953,7.799308579303776e-06,0.0003002241835060593,-0.00903271314604542,8.158990677908928e-05,0.0003749923223890228,-0.010411131154157784,0.00010839165190923428,0.00031901748647744643
493,-3.2212830142003845,1.0,1.0,0.0,0.0,1.0,1.0,0.0,1.0,1.0,0.0,1.0,1.0
494,3.260979037045253e-05,6.521923500738917e-06,0.0002592797122014101,0.00025275778870067117,-0.00033847204578827316,1.1456332593695606e-07,0.00010015306420330106,0.0014735656533581768,2.171395734995585e-06,0.00033001871936189087,-0.00415689925800669,1.727981144128421e-05,0.0003476673530390384
495,0.00016530379344148471,4.252842379008174e-05,0.00013164693596282953,8.91185121727478e-05,-0.005849494925803301,3.421659088698181e-05,9.116110341234052e-05,0.009157139158854927,8.385319757464593e-05,0.00014916032216616415,-0.003084717638403372,9.515482908617479e-06,0.00015461938230998395
496,0.00022824640747187708,0.00016577588868120033,0.0006078905292290123,0.000442114640547812,-0.013978086384967591,0.0001953868989862384,0.0005527094036104074,-0.012854438904444368,0.0001652365995477023,0.0008293310201776816,-0.011692055743513582,0.0001367041675096603,0.00044163116389894785
497,1.3533653288932967e-05,3.0666855184898387e-06,0.0001268587054505943,0.00012379201993210445,-0.0022970441163479498,5.276411672139325e-06,0.00013938686397507727,-0.00014479657697031453,2.09660486749641e-08,8.820693455602324e-05,-0.0019755198897040264,3.902678834655227e-06,0.0001529823178206824
498,1.7490396232777705e-05,9.09945094599666e-06,8.39294187825838e-05,7.482996783658713e-05,-0.002466743242555741,6.084822224083908e-06,7.08618370404146e-05,0.0030929345933922983,9.56624439896192e-06,7.52117867821589e-05,0.003412812068657571,1.1647286214944153e-05,0.00010571463252517788
499,7.878978978059781e-05,3.1438249629515504e-05,0.00022860454743615458,0.00019716629780663908,-0.005569790364770562,3.102256470755016e-05,0.000346629695536671,-0.005593738013065935,3.1289904958375914e-05,0.00012411709530890658,0.005657055702655187,3.2002279222620444e-05,0.00021506685146288618
500,6.542308959067711e-05,3.1795428302820263e-06,0.00015635728755436507,0.00015317774472408305,0.002186174607919708,4.779359416007267e-06,0.00011004056653840522,0.0019214013086755143,3.6917829886462528e-06,0.00021662854372406226,-0.0010331921825244362,1.0674860861925595e-06,0.00014240275240062772
501,4.1461403786691164e-05,9.053701346850573e-06,0.00013628635032373695,0.00012723264897688638,0.001025038354494024,1.0507036281026672e-06,0.00010182252970647454,0.004653536492370919,2.1655401885922743e-05,0.0001601378204247883,-0.002110686742792835,4.45499852652631e-06,0.00014689870083994805
502,0.00033079180126960317,7.641234785378999e-05,0.00043892207283657836,0.0003625097249827884,0.00014933336117110678,2.230045303974748e-08,0.00036232199305641366,0.007315777151658148,5.352059533270115e-05,0.00021997856023270312,-0.01325496690965327,0.00017569414777562908,0.0007344656652206183
503,-3.2212830142003845,1.0,1.0,0.0,0.0,1.0,1.0,0.0,1.0,1.0,0.0,1.0,1.0
504,0.0002163054717329027,6.348498902849127e-05,0.0005718279899149156,0.0005083430008864243,-0.012677457076304669,0.00016071791792171553,0.0008689174026955682,0.00487647147969927,2.3779974092308365e-05,0.0004608479592738135,0.0024407120009483315,5.957075071449935e-06,0.00038571860777536493
505,0.00048421209847615554,6.927063405670619e-05,0.0012141497828151622,0.001144879148758456,0.011511609424204577,0.000132517151535394,0.0015573650185182197,0.0035858177640728183,1.2858089037059983e-05,0.0008058016166310189,-0.007901687262705452,6.243666159766459e-05,0.001279282713296248
506,-3.2212830142003845,1.0,1.0,0.0,0.0,1.0,1.0,0.0,1.0,1.0,0.0,1.0,1.0
507,-3.2212830142003845,1.0,1.0,0.0,0.0,1.0,1.0,0.0,1.0,1.0,0.0,1.0,1.0
508,0.0002100760940947355,1.0604923757410548e-05,0.00018679934264468714,0.0001761944188872766,0.005071624796826884,2.572137807954622e-05,0.0001471144589452189,-0.002467846897280538,6.090268308001079e-06,0.00024131017518147502,5.590066738934639e-05,3.124884684346796e-09,0.00017197339380736754
509,0.00019440533227466084,1.9812211367116934e-05,0.00018513417680698918,0.00016532196543987224,-0.0029427030816730373,8.659501427144e-06,0.0001494932290847517,-0.0003421652355570329,1.1707704772323524e-07,0.00013744764600387427,0.007117587767388118,5.066005562648357e-05,0.00026846165533234156
510,2.763068314048933e-05,1.0126261514642465e-05,0.00012100620711234338,0.00011087994559770091,-0.0035693757282108237,1.2740443089187536e-05,0.00010602009760707354,-0.003817750221046395,1.4575216750301045e-05,0.0001344000408721735,-0.0017501784779086187,3.0631247044388132e-06,0.00012259848285778308
511,2.2647414460674753e-05,7.357636999993922e-06,0.0002660377128896145,0.00025868007588962055,0.004250291975918563,1.806498188050565e-05,0.0002986745666800905,0.0006190160490350502,3.83180868479549e-07,0.00040844326117572827,-0.001903877162724614,3.624748250996568e-06,9.099531081302459e-05
512,-3.2212830142003845,1.0,1.0,0.0,0.0,1.0,1.0,0.0,1.0,1.0,0.0,1.0,1.0
513,0.0001294538646990917,6.481726267337784e-05,0.00039951835312231526,0.0003347010904489374,-0.009482636649372626,8.992039782340644e-05,0.00043722184191707925,0.006130002808021942,3.757693442552057e-05,0.00038244727739000783,0.00818257024233906,6.695445577120651e-05,0.00037888594005985876
514,8.673363384170685e-05,3.35749872582373e-05,0.0005162576931926344,0.00048268270593439705,0.007432194601547229,5.523751659541887e-05,0.0006257079166458457,-0.006721676594118306,4.518093623595565e-05,0.0004910868019395442,0.000553632498460326,3.065089433373913e-07,0.0004319783609925132
515,3.650586330272709e-05,2.3126721143055622e-05,0.00010830781261013851,8.518109146708289e-05,0.004391437296461319,1.9284721529011506e-05,9.910360795173379e-05,-0.004724643486997785,2.232225607923244e-05,0.00010636856591694777,0.005270027117644105,2.777318582092292e-05,0.000119451263961734
516,-3.2212830142003845,1.0,1.0,0.0,0.0,1.0,1.0,0.0,1.0,1.0,0.0,1.0,1.0
517,7.741869186039807e-05,7.309019617318668e-06,0.00021327197161558065,0.00020596295199826198,0.0025022566039138456,6.261288112097141e-06,0.0002559774186265962,0.0039462071863338565,1.5572551157028158e-05,0.0002494895942175557,0.00030531882076785576,9.321958283070586e-08,0.0001343489020025901
518,-3.2212830142003845,1.0,1.0,0.0,0.0,1.0,1.0,0.0,1.0,1.0,0.0,1.0,1.0
519,5.3631335332648966e-05,2.306711776519273e-05,0.00020567949765189683,0.0001826123798867041,-0.00526743687454592,2.774589122755966e-05,0.0001917422644157618,-0.004424106056087058,1.9572714395232893e-05,0.00018972542011919113,-0.004677899921255256,2.188274767278564e-05,0.00023557080842073752
520,-3.2212830142003845,1.0,1.0,0.0,0.0,1.0,1.0,0.0,1.0,1.0,0.0,1.0,1.0
521,7.696879613983132e-05,4.229475845303939e-05,0.00018673645703367234,0.00014444169858063294,0.008332172392703447,6.942509678198316e-05,0.0002949294855750795,-0.003599297306365044,1.2954941099874162e-05,0.00012500541469206983,0.0066711496368804255,4.4504237477260844e-05,0.00014027447083386768
522,9.923323362359682e-05,2.8323898890773396e-05,0.0002922620880863036,0.0002639381891955302,0.00784945498917076,6.161394362691475e-05,0.00040393835638941056,0.004416770941108826,1.950786554616446e-05,0.00019173545776107748,0.0019621130189642995,3.849887499240978e-06,0.0002811124501084228
523,0.0002719755250417677,7.382540644214804e-06,0.00010159026345683368,9.420772281261888e-05,0.003428150285788409,1.1752214381766102e-05,0.00011478764727101964,0.002827437443513268,7.994402496658282e-06,7.43327524281856e-05,0.0015495176842641439,2.401005054220029e-06,0.00011565039067129579
524,4.159354893784606e-05,4.853457409118948e-06,0.00016458517494825445,0.0001597317175391355,0.0009390097201362604,8.817392546101033e-07,0.00017941385839259638,0.0010110843638844638,1.0222915913793429e-06,9.249757460749741e-05,0.0035575752109303694,1.2656341381367398e-05,0.00022184409184466958
525,0.00011582475275617732,1.2178502430108354e-05,0.00027885625111253215,0.0002666777486824238,0.0034598201062195633,1.1970355167423286e-05,0.0003381274162992387,0.004807958578219569,2.311646568975423e-05,0.0003239291645079634,0.001203613905179117,1.4486864331475502e-06,0.00017451217253039442
526,5.4733509295079585e-05,3.592587501895691e-05,0.0003099086550579407,0.0002739827800389838,0.004186864404293115,1.752983354030846e-05,0.00011063602310890097,-0.006472511575743735,4.189340609805914e-05,0.00045809265235485785,-0.0069537317620604906,4.835438541850312e-05,0.0003609972897100633
527,1.5751922439743993e-05,9.33491878796211e-07,0.00012356009275212484,0.00012262660087332863,0.001482466210310244,2.1977060646882762e-06,0.0001330719395983282,0.0007585858182467962,5.754524439183228e-07,0.00010357177527053896,-0.00016527893965339902,2.731712778203388e-08,0.00013403656338750736
528,0.00018357715436567723,6.103531427844218e-05,0.00025757664023950966,0.0001965413259610675,0.011438910113558924,0.00013084866458623612,0.0003812041418889134,0.005786843876767662,3.34875620542352e-05,0.0002044217794234804,0.004332403050741316,1.8769716194855235e-05,0.0001871039994061352
529,-3.2212830142003845,1.0,1.0,0.0,0.0,1.0,1.0,0.0,1.0,1.0,0.0,1.0,1.0
530,7.314444724704217e-05,2.5893569010985534e-05,0.00024607404850907066,0.00022018047949808514,0.002571744589253478,6.61387023248583e-06,0.00024682332466874346,-0.003084638890226136,9.51499708312653e-06,0.0002950159652895801,-0.007845498054129436,6.155183971734424e-05,0.00019638285556888846
531,0.00013804547920281962,8.610734789771257e-05,0.0004999743697016538,0.0004138670218039412,-0.00743450977370883,5.527193557552934e-05,0.0002667749424939414,-0.011328633240214821,0.00012833793109123803,0.0005684523284472665,0.008643620597092809,7.471217702637034e-05,0.0006646958381637535
532,0.00010176738727085688,4.212248582150894e-05,0.00024791459229408136,0.00020579210647257243,-0.007457219577921171,5.561012383314967e-05,0.00021856526641050866,0.005312962133050749,2.822756662712589e-05,0.0002979358434870294,-0.00652148503062359,4.252976700425126e-05,0.00022724266698470608
533,0.00024096797279293813,0.00010282585006545404,0.0003692593721629593,0.00026643352209750526,-0.012256969812465572,0.00015023330898378262,0.0003522487751624892,-0.010874676379534591,0.00011825858636005382,0.0004565702740215727,0.006323421135170609,3.99856548525257e-05,0.0002989590673048159
534,5.5381718156000126e-05,3.51573739884777e-05,0.00033804787237908435,0.00030289049839060667,-0.006021296129485645,3.6256007079349395e-05,0.0002048320390892755,-0.0058195894822567415,3.38676217421785e-05,0.00036477227645703714,0.00594545987665553,3.53484931439052e-05,0.00044453930159094046
535,5.167550692386502e-05,1.897639729434945e-05,0.00011887558542663286,9.98991881322834e-05,0.0029796176170432676,8.878121144473283e-06,8.160765674092296e-05,0.0063074691557856435,3.978416715133548e-05,0.00013419104618994648,-0.0028752223543977956,8.266903587239582e-06,0.00014082805334902915
536,4.1045442023435186e-05,1.1562263826666216e-05,0.0002058489474723313,0.00019428668364566506,0.0017192891019656004,2.955955016425982e-06,0.0002350622634362809,-0.005587753780029096,3.1222992306068065e-05,0.00025595560201774337,0.0007126318528583096,5.078441575046e-07,0.0001265289769629696
537,0.00011186302802801418,4.4937046203711674e-05,0.0002124617731076306,0.00016752472690391892,-0.007006172110927094,4.908644764811676e-05,0.00019239158751949148,0.007345240937964611,5.3952564436743344e-05,0.00022473154633662062,-0.005636676904606246,3.1772126526274924e-05,0.00022026218546677967
538,5.016650994504879e-05,8.77778314264018e-06,0.00010438602365414607,9.560824051150589e-05,-0.0009590450870078123,9.197674790684118e-07,0.0001500181750374585,0.005026515868081899,2.5265861771983644e-05,4.115735675913612e-05,0.0003843438263304361,1.4772017686848216e-07,0.00012198253916584356
539,0.0018046896437577953,0.00043657660958906774,0.0013585935086181482,0.0009220168990290805,-0.010475897854029564,0.00010974443584799154,0.00027488533378505764,-0.029547695295222366,0.0008730662972591396,0.002455559604654156,0.018080904171531235,0.00032691909566007205,0.0013453355874152306
540,1.7428838952282533e-05,4.717116126077651e-06,0.0002272522727595853,0.00022253515663350765,-0.0010674274489568837,1.139401358929426e-06,0.00018841659124180232,-0.0006938749600766124,4.814624605664619e-07,0.00018603708122533202,-0.003539842448221554,1.2530484558737065e-05,0.00030730314581162155
541,4.178671979060411e-05,1.4711963348161087e-05,0.0002944774746457268,0.0002797655112975657,0.004575618470048178,2.0936284383377135e-05,0.00019706875465475004,-0.002475910945006071,6.130135007276216e-06,0.00040874409290359015,0.004131521590681664,1.706947065382991e-05,0.00027761957637884027
542,-3.2212830142003845,1.0,1.0,0.0,0.0,1.0,1.0,0.0,1.0,1.0,0.0,1.0,1.0
543,8.315143987802642e-06,3.613324813430315e-07,0.00017014119772854977,0.00016977986524720673,0.0008323250813254548,6.927650398891316e-07,0.00019823825808717999,0.0005891904222867922,3.4714535390723e-07,0.0001725905324932997,0.0002099691689116954,4.408705023273285e-08,0.00013959480260516965
544,-3.2212830142003845,1.0,1.0,0.0,0.0,1.0,1.0,0.0,1.0,1.0,0.0,1.0,1.0
545,-3.041876797643579,3.178566337528702e-05,0.00016900670536027876,0.00013722104198499174,-0.0056378775594125375,3.178566337436184e-05,0.00016900670535902051,-0.005637877559412536,3.178566337580513e-05,0.0001690067053604638,0.0056378775594125305,3.1785663375694106e-05,0.00016900670536135198
546,7.222251851324302e-05,1.5274008355363005e-05,0.0007819452427742698,0.0007666712344189068,-0.0025964445439617687,6.741524270048593e-06,0.0007950767368712919,-0.005824590132367804,3.3925850210003716e-05,0.0008069084737633014,0.0022703855589520363,5.154650586036702e-06,0.000743850517688216
547,2.237236754443206e-05,7.141538585904901e-06,9.423200115354913e-05,8.709046256764423e-05,0.003305485108224321,1.0926231800545416e-05,0.00011781473869021397,0.0012685992891159532,1.6093441563835853e-06,7.3200545813501e-05,0.0029814492785185252,8.889039800785703e-06,9.168071895693242e-05
548,1.3813035297349785e-05,4.145326688909101e-06,0.00042214883469819203,0.00041800350800928293,0.002547414711386195,6.4893217112116375e-06,0.00046136238801419704,-0.0017330337271041158,3.003405899315581e-06,0.0003938843835522565,0.0017155909932799515,2.943252456200085e-06,0.0004111997325281225
549,4.983003185154988e-05,1.4447761055524921e-05,0.00012091740502284676,0.00010646964396732184,-0.0030793181418965004,9.482200218902115e-06,0.0001006951514321841,0.003878938732143794,1.5046165687038204e-05,0.00015166246301523412,-0.004337616541398232,1.8814917260634445e-05,0.00011039460062112205
550,7.526579868055716e-05,1.4334095935245964e-05,0.000302082599071866,0.00028774850313662004,-0.0059186851710435265,3.5030834153793045e-05,0.0004085493257229844,-0.0027094054987125233,7.340878157013897e-06,0.0002671815219044138,0.0007940878382969203,6.305754949309517e-07,0.0002305169495881998
551,7.743117341540984e-05,2.1704333105776463e-05,0.00020991659077599736,0.0001882122576702209,0.007817940491166818,6.112019352266795e-05,0.00030915954949573,0.0016270726084820222,2.6473652730008013e-06,0.00021102847850595907,-0.0011599312571675523,1.3454405216606347e-06,0.00010956174432630306
552,-3.2212830142003845,1.0,1.0,0.0,0.0,1.0,1.0,0.0,1.0,1.0,0.0,1.0,1.0
553,-3.2212830142003845,1.0,1.0,0.0,0.0,1.0,1.0,0.0,1.0,1.0,0.0,1.0,1.0
554,-3.2212830142003845,1.0,1.0,0.0,0.0,1.0,1.0,0.0,1.0,1.0,0.0,1.0,1.0
555,-3.2212830142003845,1.0,1.0,0.0,0.0,1.0,1.0,0.0,1.0,1.0,0.0,1.0,1.0
556,2.024937648248404e-05,5.863934659178227e-06,0.0002061384880662024,0.00020027455340702419,0.0010830965337005167,1.1730981015478648e-06,0.00014590601516761836,0.0012492271231361275,1.5605684052788504e-06,0.00020805299178727754,-0.003854625464377705,1.4858137470707966e-05,0.00026445645724371136
557,-3.2212830142003845,1.0,1.0,0.0,0.0,1.0,1.0,0.0,1.0,1.0,0.0,1.0,1.0
558,-3.2212830142003845,1.0,1.0,0.0,0.0,1.0,1.0,0.0,1.0,1.0,0.0,1.0,1.0
559,7.073827413617284e-05,1.4277097635832329e-05,0.0005952304251111151,0.0005809533274752828,-5.6465793435387476e-05,3.1883857776193736e-09,0.0007541827462723694,-0.005946824530207551,3.53647219929476e-05,0.0008454524979604194,-0.002731919202449565,7.463382528771767e-06,0.00018605603110055657
560,-3.2212830142003845,1.0,1.0,0.0,0.0,1.0,1.0,0.0,1.0,1.0,0.0,1.0,1.0
561,0.00022724663838913362,7.678912076651094e-05,0.00026458079353982217,0.00018779167277331121,0.007689368350663688,5.9126385632213285e-05,0.00039375475104130864,-0.0017904615115793916,3.2057524244066826e-06,0.00012818015202797906,0.01296284013026118,0.00016803522424291284,0.00027180747755017887
562,-3.2212830142003845,1.0,1.0,0.0,0.0,1.0,1.0,0.0,1.0,1.0,0.0,1.0,1.0
563,4.8546201524057864e-05,2.530933379840672e-05,0.00010920757712440388,8.389824332599716e-05,-0.004769577439118609,2.2748868947597423e-05,0.00010543176448440938,0.005322548789612573,2.8329525618042695e-05,0.00010667529813523924,-0.004984937996513288,2.484960682958004e-05,0.000115515668753563
564,-2.74939635654533,2.4617789490995654e-06,0.0001396029613751626,0.00013714118242606302,0.0014129230457698386,1.996351532973506e-06,0.00012791458957150947,-0.0020630045002076537,4.255987568035913e-06,0.0001689417775471158,0.0010644236690021893,1.132997746289277e-06,0.00012195251700686249
565,4.948916565994388e-05,1.2565374648036235e-05,0.0004932368925817757,0.00048067151793373947,-0.003547203005713086,1.2582649163594972e-05,0.00040325710527311376,-0.0008816032895712807,7.772243602044426e-07,0.00038237921066375247,0.004933178531189729,2.433625042030929e-05,0.000694074361808461
566,7.264343304880239e-05,3.739195571705878e-05,0.0002585886594099381,0.0002211967036928793,-0.003724470840532819,1.3871683042010474e-05,0.00019212550619229773,0.007382364487336301,5.4499305424227096e-05,0.00026421545277255376,-0.006618525416193278,4.3804878684938764e-05,0.0003194250192649628
567,0.00015780516927121901,5.089447320146453e-05,0.0002390701870759552,0.00018817571387449067,-0.00118221339340894,1.3976285077044182e-06,8.504963878641636e-05,-0.0004566262311530905,2.0850751458745265e-07,0.00029608875309417027,0.012291349949542939,0.0001510772835821017,0.000336072169347279
568,3.3794027528899484e-05,1.4660499068138341e-05,0.0003422141826281422,0.00032755368356000386,0.0046865650258012285,2.196389174125013e-05,0.00014049127881332613,0.004205714805213496,1.768803702295596e-05,0.0006816409265026913,-0.0020807615049275876,4.329568440208931e-06,0.00020451034256840916
569,3.5752856629600593e-05,2.242863994953807e-05,0.00018224628798613196,0.0001598176480365939,0.00569074416498767,3.2384569151333586e-05,0.00016343287129017003,-0.0047975741778437326,2.3016717991541924e-05,0.0001879090645460213,0.0034474095645235583,1.1884632705738696e-05,0.00019539692812220455
570,0.00010015466695323383,1.848938642982449e-05,0.00026988297588777704,0.00025139358945795254,0.003917978426328003,1.5350554948945216e-05,0.0003474587225062997,0.0004500195137830095,2.0251756338574012e-07,0.0002803544899830923,0.0063178387742067335,3.9915086777142506e-05,0.00018183571517393915
571,-2.9653704536153396,6.681487169128235e-05,0.00021221206247138782,0.0001453971907801055,0.008174036438099871,6.681487169113431e-05,0.0002122120624712398,-0.00817403643809987,6.681487169135636e-05,0.0002122120624712398,-0.008174036438099871,6.681487169135636e-05,0.0002122120624716839
572,6.622598802841217e-05,3.274970228243449e-05,0.00012183944464475942,8.908974236232492e-05,0.005508386151550364,3.034231799459164e-05,7.992856967908857e-05,-0.008004564713011099,6.40730562451175e-05,0.00014675433530697557,0.001957991983460672,3.833732607594342e-06,0.0001388354289482141
573,0.00011414628849570896,4.5243031091324326e-05,0.0004756198193601735,0.0004303767882688492,-0.007360868920803542,5.418239126919744e-05,0.000425689180934552,-0.0035351200018066417,1.2497073427097938e-05,0.0004182169705052585,0.00830961061528921,6.90496285776776e-05,0.00058295330664071
574,3.272519256281026e-05,1.6502114467501865e-05,0.00018291211678715205,0.0001664100023196502,-0.005530210652287297,3.058322985849404e-05,0.0002251634421909232,-0.003130698793745474,9.801274937104587e-06,0.0001409525735615036,-0.0030202381705188856,9.121838606906962e-06,0.00018262033460902938
575,0.00018318439019660016,5.534643103285072e-05,0.00017979867161906546,0.00012445224058621474,-0.009025226181654892,8.14547076306571e-05,0.00020133368453267853,0.0007845948005073334,6.155890012182752e-07,0.00014121844488967916,0.009163459852468964,8.396899646667677e-05,0.00019684388543483866
576,-3.2212830142003845,1.0,1.0,0.0,0.0,1.0,1.0,0.0,1.0,1.0,0.0,1.0,1.0
577,1.6422601445631457e-05,4.153290686111551e-06,0.0002644964953376257,0.00026034320465151417,-0.0025657587460695,6.583117942993155e-06,0.00011327894129653515,-0.00055509517983404,3.0813065898804837e-07,0.000466784198141168,0.0023597930960472598,5.56862345635345e-06,0.000213426346575174
578,-3.2212830142003845,1.0,1.0,0.0,0.0,1.0,1.0,0.0,1.0,1.0,0.0,1.0,1.0
579,3.84613209223339e-05,2.3595082862500522e-05,0.00015318508768361974,0.0001295900048211192,0.003632939753194598,1.319825125012386e-05,0.00010047766966136962,0.005069783675961211,2.5702706520913665e-05,0.00014362313183335917,0.0056466176438985565,3.1884290816464045e-05,0.00021545446155613046
580,0.00039127122671878123,6.708229117717106e-05,0.00019916219867651316,0.00013207990749934212,0.003468792081939411,1.2032518507787415e-05,0.00014750442970912214,0.013735671741766169,0.0001886686781974456,0.00029388266600594015,-0.0007386994153888954,5.456768262801504e-07,0.00015609950031447717
581,1.0352520793066589e-05,7.758303487426232e-07,0.00021385417392390713,0.0002130783435751645,-1.1055702262649513e-05,1.2222833856156967e-10,0.0002117639178994546,0.001468154016615612,2.1554762158482177e-06,0.00025086364118698246,-0.00041459932704563204,1.7189260204109047e-07,0.0001789349626852843
582,0.00018668707095659265,6.934860023059357e-05,0.00028484375358280484,0.00021549515335221126,0.00014825773194798836,2.1980354314443673e-08,0.00019421137934549915,0.012270772260192322,0.00015057185186062583,0.0003378158661190289,-0.0075797076775295956,5.745196847684042e-05,0.0003225040152838865
583,0.00032854988240615945,0.00022790252238276873,0.0004298620095853911,0.00020195948720262238,0.01159382409360176,0.00013441675711323153,0.00032327749034022357,-0.018031235313712445,0.0003251254469379683,0.0005333915587318883,-0.014972152921242075,0.00022416536309710633,0.0004329169796840615
584,-3.1812301372834915,2.4679809352834425e-05,0.0001596208708845026,0.00013494106153166818,-0.004967877751461778,2.467980935216829e-05,0.00015962087088416954,-0.004967877751461775,2.4679809353389537e-05,0.00015962087088428056,-0.004967877751461777,2.4679809352945448e-05,0.00015962087088505772
585,0.00010464960485701003,2.928574561848289e-05,0.0001697780639795902,0.00014049231836110732,0.008990604075108346,8.083096163524761e-05,0.0002391920507147649,-0.002368868804513686,5.6115394126976526e-06,5.620364196190497e-05,-0.0011894266717490099,1.4147358075033978e-06,0.00021393849926210073
586,0.0003363491687147224,0.00022319626800015868,0.0004954249835568877,0.000272228715556729,-0.016332134302779133,0.0002667386108838876,0.0005922872380591526,-0.01406362114794805,0.00019778543979331875,0.0003901293056423061,-0.014320082168886215,0.00020506475332326968,0.0005038584069692043
587,0.00037291555037721746,5.1814078952457564e-05,0.00027088042482444524,0.00021906634587198767,0.004754035251827581,2.2600851176113324e-05,0.0002925462081366792,0.011359091753029576,0.0001290289654544141,0.0002812686361559624,-0.0019525419910343476,3.812420226845248e-06,0.00023882643018069416
588,0.0013844324936271857,0.0004380951700862316,0.0009340073791594591,0.0004959122090732275,-0.005215909316607138,2.7205709999034156e-05,0.0007598811060592903,-0.030819132577118703,0.0009498189328061013,0.0010789742785707324,-0.018364663554053615,0.0003372608674535593,0.0009631667528483545
589,9.353977589465767e-05,2.5054797707350456e-05,0.00011331869685948792,8.826389915213746e-05,0.0033251363133639375,1.1056531502351419e-05,7.642226491244575e-05,0.0021918595302130835,4.8042481999299724e-06,0.00015235555140447055,-0.0077008839375326335,5.9303613419769974e-05,0.00011117827426154747
590,0.00024870658894760034,4.275542776044361e-06,0.0003798394504080556,0.00037556390763201125,-0.0029857667140761085,8.914802870796379e-06,0.0002750720190384248,0.0016701766554104312,2.789490060273181e-06,0.00039283097157383207,-0.0010594033213676788,1.122335397063523e-06,0.00047161536061191
591,6.37646168221151e-05,2.275322378523607e-05,0.00012929114620726287,0.0001065379224220268,-0.0029592821907701563,8.757351084520693e-06,0.00013314559415211757,-0.007524306686705717,5.6615191115660934e-05,0.00015374009972968228,0.0016991554242096506,2.88712915552658e-06,0.00010098774473998873
592,0.00010627329476786684,4.1754321364625056e-05,0.00021452292468004952,0.00017276860331542446,0.004494646111344883,2.0201843666578512e-05,0.00022596341900227301,0.005515032832416102,3.041558714256265e-05,0.0002750038567561619,0.00863976465448127,7.4645533284734e-05,0.00014260149828171365
593,6.078673359244391e-05,2.4397756808144006e-05,0.0002524267782527678,0.0002280290214446238,0.00472851904422297,2.235889235180366e-05,0.0002321612001834339,-0.004129293464875504,1.7051064518769365e-05,0.0002693147016075148,-0.005812341486379789,3.3783313553858996e-05,0.0002558044329673548
594,-3.2212830142003845,1.0,1.0,0.0,0.0,1.0,1.0,0.0,1.0,1.0,0.0,1.0,1.0
595,-3.2212830142003845,1.0,1.0,0.0,0.0,1.0,1.0,0.0,1.0,1.0,0.0,1.0,1.0
596,-3.2212830142003845,1.0,1.0,0.0,0.0,1.0,1.0,0.0,1.0,1.0,0.0,1.0,1.0
597,-3.0800492344125665,6.972762468378709e-06,0.0001607537645228844,0.00015378100205450568,0.0026405988846002317,6.972762468415716e-06,0.00016075376452295842,-0.002640598884600229,6.972762470081051e-06,0.00016075376452462375,-0.0026405988846002334,6.9727624666393595e-06,0.00016075376452107104
598,-3.1558517069889778,3.883260721130692e-06,0.00015798958933888052,0.00015410632861774984,0.0019705990766494697,3.883260721426751e-06,0.00015798958933943563,0.0019705990766494706,3.8832607215377735e-06,0.0001579895893393246,-0.0019705990766494706,3.8832607204275504e-06,0.00015798958933788132
599,-2.6347624680701296,1.6890823894888385e-05,0.00015985275038747174,0.00014296192649258335,-0.0034206713461071014,1.1700992457175374e-05,0.00015551371877176035,-0.00415332808987946,1.725013422326782e-05,0.00015616060565903922,-0.004660616375975004,2.172134500422196e-05,0.00016788392673161567
600,-3.0888818484638456,2.9527586575447038e-06,0.0001649501982636803,0.00016199743960613558,0.0017183592923502898,2.9527586581368226e-06,0.00016495019826434643,-0.0017183592923502896,2.9527586576927334e-06,0.00016495019826379131,-0.0017183592923502911,2.952758656804555e-06,0.00016495019826290314
601,-3.2212830142003845,1.0,1.0,0.0,0.0,1.0,1.0,0.0,1.0,1.0,0.0,1.0,1.0
602,8.223895170478279e-05,2.615758260093859e-05,0.000353778933052995,0.0003276213504520564,0.008092208150895022,6.548383275750691e-05,0.0003250125554080663,0.00029952793281706774,8.97169826208355e-08,6.378352507763196e-05,-0.0035915453585747387,1.2899198062688022e-05,0.0006725407186732868
603,4.904985003939544e-05,1.6960550238846277e-05,0.0001483407769749349,0.00013138022673608862,-0.005028976969728676,2.5290609362405014e-05,9.196354058393919e-05,-0.002683747048293442,7.202498219283093e-06,0.0001976534207352998,-0.0042881864622536904,1.838854313485072e-05,0.00015540536960556572
604,7.216503795437479e-05,2.7542794398686492e-05,0.0001295323879076197,0.0001019895935089332,0.006487453768874848,4.208705640329491e-05,0.00017809142533831146,0.003529310066824171,1.2456029547358582e-05,7.842761312237823e-05,0.005299556325315324,2.8085297245405982e-05,0.00013207812526216944
605,5.508483783711604e-05,1.2053873103212709e-05,0.00018429299786604236,0.00017223912476282965,0.001403601758748502,1.9700978973746786e-06,0.00019636014838875226,-0.004984045391025275,2.4840708459872296e-05,0.0001578797922762165,-0.0030579098992654023,9.350812952391152e-06,0.0001986390529331583
606,0.0007876735221912234,0.0003215789707047649,0.0004976097310896987,0.00017603076038493387,-0.016727367389726022,0.000279804819791063,0.0004896419839015564,-0.005309684781045004,2.8192752474121008e-05,0.00014928703834682366,0.025626926071011597,0.0006567393398491106,0.0008539001710207161
607,0.0001401032593949525,1.078153542370212e-06,0.00031638576607769436,0.00031530761253532413,0.000949362452074796,9.012890658244288e-07,0.0002984703276476264,0.0010996991653495598,1.209338254759551e-06,0.00031766386068909913,0.0010601100445074211,1.123833306526656e-06,0.00033302310989635764
608,-3.2212830142003845,1.0,1.0,0.0,0.0,1.0,1.0,0.0,1.0,1.0,0.0,1.0,1.0
609,-3.2212830142003845,1.0,1.0,0.0,0.0,1.0,1.0,0.0,1.0,1.0,0.0,1.0,1.0
610,7.755945963838773e-05,4.363459146968414e-06,0.00016024138952489922,0.0001558779303779308,-0.0021070906828403275,4.439831145397477e-06,9.024603398066766e-05,-0.0005463219930715286,2.984677193174079e-07,0.00018546422293608256,0.0028899962934414124,8.352078576190358e-06,0.00020501391165794747
611,3.761681732605826e-05,1.347959016073652e-06,0.00017183253748217128,0.00017048457846609763,-0.0008443989741766073,7.130096276730669e-07,0.00014063547616094407,0.0015082094783852283,2.2746958305841503e-06,0.00014948374077727866,0.001027702092231959,1.0561715899637392e-06,0.00022537839550829109
612,8.677614281016321e-05,3.551890456428749e-05,0.00015780539909289923,0.00012228649452861173,-0.008599411004741245,7.394986962827588e-05,0.00023604160603207802,0.005583615870875721,3.1176766193463656e-05,0.00012501291402555736,-0.0011958586334528038,1.4300778711229256e-06,0.00011236167722106227
613,-3.2046704570712494,5.631056574691614e-05,0.00016189237135707155,0.0001055818056101554,-0.00750403663014911,5.6310565746953145e-05,0.00016189237135710854,-0.007504036630149115,5.631056574628701e-05,0.0001618923713563314,0.007504036630149108,5.6310565747508257e-05,0.00016189237135777468
614,-3.2212830142003845,1.0,1.0,0.0,0.0,1.0,1.0,0.0,1.0,1.0,0.0,1.0,1.0
615,-3.155862761166211,1.4554822138819942e-05,0.00016344378601225915,0.0001488889638734392,0.0038150782611493486,1.4554822139745127e-05,0.00016344378601296228,-0.0038150782611493473,1.4554822139301038e-05,0.00016344378601285126,0.0038150782611493534,1.4554822137413659e-05,0.00016344378601096388
616,-3.2212830142003845,1.0,1.0,0.0,0.0,1.0,1.0,0.0,1.0,1.0,0.0,1.0,1.0
617,-3.2212830142003845,1.0,1.0,0.0,0.0,1.0,1.0,0.0,1.0,1.0,0.0,1.0,1.0
618,-3.2212830142003845,1.0,1.0,0.0,0.0,1.0,1.0,0.0,1.0,1.0,0.0,1.0,1.0
619,1.880023184019919e-05,1.1048875933246846e-05,0.0002565850125532491,0.0002455361366200023,0.0016807661425796644,2.824974826065585e-06,9.888137499813876e-05,-0.003536090059033126,1.2503932905083559e-05,0.0002223809363015583,0.0042211041291566765,1.781772006859139e-05,0.0004484927263600502
620,-3.2212830142003845,1.0,1.0,0.0,0.0,1.0,1.0,0.0,1.0,1.0,0.0,1.0,1.0
621,-3.2212830142003845,1.0,1.0,0.0,0.0,1.0,1.0,0.0,1.0,1.0,0.0,1.0,1.0
622,9.89334737712122e-05,1.5937936602705705e-05,0.0002082386006010406,0.0001923006639983349,0.004312427373558539,1.8597029852296387e-05,0.00020284817638982489,-0.004626083288470763,2.1400646592062422e-05,0.000316073806690631,0.0027957348522097405,7.816133363758304e-06,0.00010579381872266591
623,0.00018831099465943524,0.0001634705302745454,0.00029984712190748536,0.00013637659163293997,-0.013185626563136685,0.00017386074786129857,0.00034247089561778576,-0.012192501952171777,0.000148657103854255,0.0002368922859695699,0.012957381645553143,0.00016789373910808258,0.00032017818413510035
624,2.5418927721787554e-05,9.03780325041866e-06,0.00012301754791529026,0.00011397974466487161,-0.002932799307142673,8.601311775713327e-06,0.00012099510110941125,0.003623224392027721,1.3127754994846086e-05,0.000137766840753617,-0.002320418708100433,5.384342980696566e-06,0.00011029070188284251
625,0.00014925392357278966,0.00010783462764304048,0.00020597074682071614,9.813611917767566e-05,0.007985126391583558,6.376224348925152e-05,0.00018620803486046889,-0.011407835403084595,0.00013013870858391563,0.0002124863200020366,-0.011384328300609068,0.0001296029308559543,0.00021921788559964295
626,4.0575118205210536e-05,1.5214721417374418e-05,0.00011616336969133556,0.00010094864827396115,-0.0010092961745889726,1.0186787680055431e-06,0.00011716078316081902,0.0037627723222395737,1.4158455548862747e-05,8.375453433151492e-05,0.005519694732073142,3.0467029935254963e-05,0.00014757479158167275
627,-3.2212830142003845,1.0,1.0,0.0,0.0,1.0,1.0,0.0,1.0,1.0,0.0,1.0,1.0
628,3.042765985172835e-05,1.8148790163374784e-05,0.00019641291818239814,0.00017826412801902336,-0.004555717412743328,2.0754561144809003e-05,0.0001941796118299921,-0.0035605870974367744,1.2677780478420608e-05,0.00019868207613815692,-0.004584106114229219,2.101402886689474e-05,0.0001963770665790454
629,0.00012138843052422743,3.0267186466592655e-05,0.0004930851992614264,0.0004628180127948337,0.00021309291089545608,4.540858855595076e-08,0.0006174204879386691,-0.0016441184402208985,2.7031254453691034e-06,0.00047182915070609344,0.009383657355528334,8.805302536585291e-05,0.00039000595913951663
630,0.00014059842015790025,3.7671518858658125e-05,0.00019096056466823738,0.00015328904580957925,-0.0024238780528675176,5.875184814985168e-06,0.00018205459293851867,0.010123672277078473,0.00010248874037377398,0.00027680206782787486,-0.0021565322597098336,4.6506313872152205e-06,0.00011402503323831858
631,5.7736389336815463e-05,2.3373593143120413e-05,0.00012741746311117907,0.00010404386996805866,0.005768103001140119,3.327101223171702e-05,0.0001281818855973782,-0.0015574775307247626,2.4257362579716e-06,0.00012388515160288716,0.00586719958239941,3.442403093967261e-05,0.00013018535213327187
632,-3.097314558013746,5.017218213110297e-07,0.00010517693266539248,0.00010467521084408145,7.235984972962456e-05,5.235948230541965e-09,0.00010630225571739427,5.618914641805258e-05,3.1572201519836085e-09,0.00010657581409700967,-0.0012234264570364754,1.4967722955505636e-06,0.00010265272818177351
633,0.006990603971848031,0.006525513744104631,0.02932018115580574,0.02279466741170111,-0.0800715221234508,0.006411448655166407,0.03327997243846825,-0.08356182127105834,0.0069825779741364835,0.03103529011387518,-0.07862896796354009,0.006182514603011002,0.023645280915073785
634,4.702037757797761e-05,5.147764082706156e-06,8.928960346939648e-05,8.414183938669031e-05,0.0001429918964345587,2.044668268030847e-08,0.0001308179960702871,0.003924406596296218,1.540096713315009e-05,7.215850988240291e-05,-0.00014791359567145425,2.1878432288069405e-08,6.489230445549943e-05
635,1.7406538155961826e-05,8.793813476404289e-06,0.00016253470486190155,0.00015374089138549726,-0.00043508907614247687,1.8930250456072883e-07,2.850967784362446e-05,-0.003409254845099909,1.1623018598583279e-05,0.0002762327559402422,0.0038169515749406835,1.4569119326068858e-05,0.00018286168080183796
636,9.65516207239725e-05,2.6371538562922996e-05,0.00022404642519791018,0.0001976748866349872,0.006993828963935457,4.891364357650918e-05,0.0002733354627741935,0.0041013412462517764,1.6821000018207855e-05,0.00013728703218851557,-0.0036578644171425317,1.337997209405195e-05,0.00026151678063102146
637,5.4240505465430466e-05,2.648698284683319e-05,0.0001868725088188805,0.00016038552597204733,-0.0030591322165887517,9.358289918881546e-06,6.898684415346246e-05,0.004343965957108448,1.8870040236595997e-05,0.0001294814695970148,-0.007157696444035749,5.123261838502202e-05,0.0003621492127061643
638,6.0605068846308896e-05,1.5795227528000073e-05,0.000173274438872865,0.00015747921134486492,0.0038700136917270457,1.4977005974303736e-05,0.00018268125284415238,0.003864617370426295,1.4935267419136089e-05,0.00017794346484745205,-0.004180120714764423,1.7473409190560396e-05,0.00015919859892699062
639,6.416661891972542e-05,1.8466947052468246e-05,0.0001498782862566772,0.00013141133920420897,-0.005090130928242015,2.5909432866844107e-05,0.00023520984928082633,0.004383706024428891,1.921687850836573e-05,0.00012517519805066435,-0.0032053907378290824,1.0274529782194897e-05,8.924981143854094e-05
640,4.5640447096984005e-05,3.7278233791330586e-06,0.0001544785896016032,0.00015075076622247016,-0.0026622217422207443,7.087424604312886e-06,0.0001389653661434398,-0.0016921218363747212,2.8632763086067214e-06,0.00016588697325981006,0.0011103014116928011,1.2327692244795685e-06,0.00015858342940155978
641,0.00012441652619687993,8.297794690107867e-05,0.00038951806193032734,0.00030654011502924866,-0.009495370003512643,9.01620515034729e-05,0.0004194269392793215,0.00856298757600235,7.332475622667811e-05,0.0002780038932960194,0.009243756431959273,8.544703297308498e-05,0.00047112335321564114
642,0.00010369468086146583,2.7853927825375695e-05,0.00020529039285621664,0.00017743646503084096,-0.0019068719323258297,3.6361605662005303e-06,0.00013229823190186174,0.008871662951536389,7.870640352558578e-05,0.0003297210955123253,0.0011041826770657368,1.219219384340775e-06,0.00015385185115446287
643,0.00018961349890023182,6.623617065322958e-05,0.00034449993966153186,0.0002782637690083023,0.011470881250300368,0.0001315811166590075,0.0005539300959032101,-0.006817171213766875,4.647382335820627e-05,0.0002910683237145051,0.004544620109797982,2.065357194247497e-05,0.00018850139936688048
644,0.00029797392339514506,0.00014656472930959138,0.00036807271002610903,0.00022150798071651764,0.0073235119678671115,5.3633827543531076e-05,0.0002895186605430533,0.012979342439440803,0.00016846333016007353,0.000313322044728781,0.014751170469671145,0.00021759703022516952,0.0005013774248064928
645,0.0001560197910445149,3.7796240925924707e-07,0.00019772847056983198,0.00019735050816057273,-0.00010460378475298752,1.0941952122145437e-08,0.0001936757002863887,-0.0010425589161447998,1.0869290932857822e-06,0.00019294954463733305,0.0001897792967620444,3.601618236981352e-08,0.00020656016678577416
646,5.634148595212718e-05,3.143917571324373e-05,0.0001860992747343785,0.00015466009902113478,0.0006984075527712888,4.877731104580008e-07,0.000240689327670629,0.0070446292348349615,4.962680105646822e-05,0.00021942632306859444,0.006648530136264902,4.4202952972804965e-05,9.818217346391211e-05
647,0.00045542859155445203,0.00013968672962868153,0.0006402068523565138,0.0005005201227278322,-0.001481791248810071,2.195705304908202e-06,0.0002607062656792003,-0.020054184568460837,0.00040217031870593,0.00046072791883977615,-0.0038332968675687694,1.4694164875206361e-05,0.0011991863725505647
648,0.00037574191803979584,0.00012737123767218397,0.0006205951474982374,0.0004932239098260535,-0.0110785664762185,0.00012273463516787597,0.00037776691750868174,0.0033996036706920177,1.1557305117704253e-05,0.0002217921356147956,-0.01574235600953604,0.0002478217727309717,0.0012622263893712349
649,4.9673059408728015e-05,1.7306309155344184e-05,0.000322874489410004,0.0003055681802546598,0.004033989851923177,1.6273074125550124e-05,0.00039357695521990976,0.0007603272957178368,5.78097596792837e-07,0.00013070768716094694,0.005921803419896278,3.506775574368959e-05,0.0004443388258491554
650,2.2122072481089994e-05,1.2896476886736785e-05,0.00018288016022064793,0.00016998368333391115,0.004417590021514453,1.9515101597700202e-05,0.000187450341030182,0.0005531553249064823,3.059808134642239e-07,0.00018173549803413014,0.004343771201215323,1.886834824904593e-05,0.0001794546415976317
651,0.00020011105218153968,8.94264109693547e-05,0.000326906882867406,0.00023748047189805127,-0.007387782888498646,5.457933600860887e-05,0.00013197047442947696,-0.005327688588386991,2.8384265694514355e-05,0.0004003730298316466,-0.013613068397873268,0.00018531563120494088,0.00044837714434109444
652,-3.2212830142003845,1.0,1.0,0.0,0.0,1.0,1.0,0.0,1.0,1.0,0.0,1.0,1.0
653,-1.8584690095027234,5.543086614900883e-05,0.0001693988827593159,0.00011396801661030706,0.007371693423530702,5.434186392982987e-05,0.00016904994904853865,-0.007307011463186646,5.339241652391191e-05,0.00016881295856563394,-0.007652340687235812,5.85583179932847e-05,0.00017033374066377505
654,-3.0323776040318684,4.929776827703828e-05,0.0001807402624195431,0.00013144249414250483,-0.007021236947787442,4.9297768278000476e-05,0.00018074026242020924,-0.007021236947787444,4.92977682771123e-05,0.00018074026242020924,0.0070212369477874485,4.9297768276002074e-05,0.00018074026241821084
655,-3.2212830142003845,1.0,1.0,0.0,0.0,1.0,1.0,0.0,1.0,1.0,0.0,1.0,1.0
656,0.00010949528590731283,3.826938919537781e-05,0.00014699456512690112,0.00010872517593152331,0.0009952382583572714,9.904991910003602e-07,3.2943071549218494e-05,-0.0025908546490421916,6.712527812369196e-06,0.00022076848378160818,0.01034916134685742,0.00010710514058276388,0.0001872721400498767
657,-3.2212830142003845,1.0,1.0,0.0,0.0,1.0,1.0,0.0,1.0,1.0,0.0,1.0,1.0
658,-3.0154387196253136,5.598566244313652e-05,0.00017117861258523584,0.00011519295014209932,-0.007482356743912415,5.598566244313652e-05,0.00017117861258530986,-0.007482356743912415,5.598566244313652e-05,0.00017117861258530986,0.0074823567439124185,5.598566244313652e-05,0.00017117861258508782
659,-3.2212830142003845,1.0,1.0,0.0,0.0,1.0,1.0,0.0,1.0,1.0,0.0,1.0,1.0
660,3.8608996589584166e-05,1.446958811997708e-05,0.00029082420424027716,0.0002763546161203001,-0.0027735723451040497,7.692703553385805e-06,0.0001763131191778733,-0.0055253141235809145,3.052909616407806e-05,0.0003788397996228321,0.0022774908655633355,5.186964642467373e-06,0.00031731969392012616
661,0.00011644166232227526,2.3891412531932648e-05,0.00033566888004528855,0.0003117774675133559,0.00241582728977662,5.8362214939711166e-06,0.00035727423563358673,0.002604192924298088,6.781820787060688e-06,0.0003130661239877375,0.007684802880660739,5.9056195314766136e-05,0.0003366662805145415
662,0.00031108118031519805,7.267689002909972e-05,0.0004773326669433864,0.00040465577691428667,-0.008796628335117991,7.738067006657356e-05,0.0006602604895714625,0.006492184717030306,4.2148462399915765e-05,0.00014335774688811753,-0.009924794084561638,9.850153762080982e-05,0.0006283797643705791
663,0.000134375502512607,5.949900638365276e-05,0.00038059176045690535,0.0003210927540732526,0.010930384967855717,0.00011947331554529317,0.00047608649234720524,-0.005631589580181877,3.1714801200011244e-05,0.0003675186368113925,0.005225792036219791,2.7308902405653868e-05,0.0002981701522121183
664,-3.2212830142003845,1.0,1.0,0.0,0.0,1.0,1.0,0.0,1.0,1.0,0.0,1.0,1.0
665,9.45144890565075e-05,3.814599095737966e-05,0.00021565684392728843,0.00017751085296990876,-0.005049384467464504,2.5496283500570094e-05,0.0001504510031541395,-0.009359856956201545,8.760692224096811e-05,0.00026149856567225793,-0.0011553212238739508,1.334767130600767e-06,0.00023502096295546782
666,-3.1715744300377064,2.2135470372960007e-06,0.00016541648439782897,0.00016320293736053296,0.0014877993942878057,2.213547036555852e-06,0.00016541648439771794,-0.0014877993942878048,2.213547037777097e-06,0.00016541648439816203,-0.0014877993942878057,2.2135470375550526e-06,0.00016541648439760692
667,0.00019089448926534747,7.257242243100907e-05,0.0003945898088986155,0.0003220173864676064,-0.0067158892758169275,4.5103168765048274e-05,0.00029816781709979256,0.009507512060922485,9.03927855882003e-05,0.0005907706164048898,-0.009067596866870345,8.222131293977863e-05,0.0002948309931911641
668,7.88336109899257e-05,2.3216936381446434e-05,0.0001605272341865064,0.00013731029780506,0.0027267780178384304,7.435318357673637e-06,0.00017103761599346345,0.00724489718898773,5.24885352790605e-05,0.00015693323123100456,-0.0031188067441435827,9.726955507605162e-06,0.00015361085533505126
669,0.0006925360962994898,0.00020168168486267568,0.0005455864086265269,0.00034390472376385117,-0.023993616032772926,0.0005756936103278321,0.001299854256939792,-0.005414548308290867,2.9317333382516964e-05,0.00021441496815299832,-0.00018469130458705015,3.411087767801746e-08,0.00012249000078679018
670,2.8242039445069977e-05,5.94106205054068e-06,0.00037533765769330135,0.00036939659564276067,0.003903456367691533,1.5236971614318584e-05,0.00034693666670071455,-0.0007614258785709231,5.797693686249161e-07,0.00043106779821877605,0.001416490440527826,2.006445168678539e-06,0.0003480085081604134
671,0.0001829151033473364,0.00011348266160027265,0.00020532596981629828,9.184330821602563e-05,-0.012379776972134162,0.00015325887787964732,0.00023960990400595517,-0.0077416846222307925,5.993368078960337e-05,0.00018566286261822995,-0.011280754679176146,0.00012725542613156726,0.00019070514282470974
672,-3.2212830142003845,1.0,1.0,0.0,0.0,1.0,1.0,0.0,1.0,1.0,0.0,1.0,1.0
673,0.00020683506243213134,4.7507169654218785e-05,0.00017197446135919225,0.00012446729170497348,0.008422005642702712,7.093017904580279e-05,0.0001725595427098936,-0.00012460523070287194,1.5526463226223086e-08,6.005343714754474e-05,-0.008460248427421916,7.157580345362735e-05,0.0002833104042201384
674,-3.2212830142003845,1.0,1.0,0.0,0.0,1.0,1.0,0.0,1.0,1.0,0.0,1.0,1.0
675,0.00011572317122832132,4.6919031830183755e-05,0.00031424402716762057,0.0002673249953374368,-0.005824062644267062,3.391970568522584e-05,0.0003028949724463992,0.010006065047210718,0.00010012133772929754,0.00034233078013445883,-0.002591534695064121,6.7160520760278786e-06,0.0002975063289220037
676,0.00011845233071750005,4.1198227517358355e-05,0.00019334625120574303,0.00015214802368838468,0.005777812382013252,3.338311592149257e-05,0.0001179394150967461,-0.009414730542811585,8.863715119378224e-05,0.0002708545264052953,-0.0012547571226163103,1.5744154368002583e-06,0.00019124481211518773
677,5.704646213422482e-05,2.419249878138352e-05,0.00018676421460228632,0.0001625717158209028,0.005061621287652185,2.562001005934622e-05,0.00021837103675403924,0.006231058133571258,3.8826085463905535e-05,0.00016289372090039222,0.0028515611199614824,8.131400820898804e-06,0.00017902788615242748
678,-3.2212830142003845,1.0,1.0,0.0,0.0,1.0,1.0,0.0,1.0,1.0,0.0,1.0,1.0
679,7.106007820156801e-05,1.289851140751086e-05,0.00011259103989591512,9.969252848840426e-05,0.0036124195217755103,1.3049574801415886e-05,3.5714497763961184e-05,0.0015856154856032382,2.5141764679048606e-06,6.465229813945594e-05,0.004809551221592616,2.3131782953211832e-05,0.00023740632378432824
680,3.851241466668043e-05,9.93428691590618e-06,0.0001457652710988485,0.00013583098418294232,0.0002124661279414279,4.514185536486082e-08,0.00018286476491125025,-0.0018526926162629046,3.4324699301757633e-06,0.00014041461487068752,0.005130813674459941,2.6325248962177916e-05,0.00011401643351460766
681,-3.1568363615532675,2.6360102228376963e-05,0.00013265821880633263,0.00010629811657795567,-0.0060646272983554015,3.6779704267519975e-05,0.0001436548869988563,-0.00565396550729065,3.196732595822649e-05,0.00010876204344756335,-0.003214541407127234,1.0333276459384422e-05,0.0001455577259725782
682,-1.5343121765807557,7.660449394764068e-05,0.00013173374820085737,5.5129254253216686e-05,0.00865159424924452,7.485008305341267e-05,0.00013015474632804835,0.008227430784677863,6.769061731748405e-05,0.00013181099004233587,0.009341990230715323,8.727278147202533e-05,0.00013323550823218788
683,-3.2212830142003845,1.0,1.0,0.0,0.0,1.0,1.0,0.0,1.0,1.0,0.0,1.0,1.0
684,-3.2212830142003845,1.0,1.0,0.0,0.0,1.0,1.0,0.0,1.0,1.0,0.0,1.0,1.0
685,0.0001615027314937345,4.7475234906002584e-05,0.00028015903386839164,0.00023268379896238905,0.0015021006763453208,2.256306441794642e-06,0.0001903558233226077,-0.00922730601585045,8.51431763101429e-05,0.00041483939005626524,-0.007417966161015484,5.502622196607021e-05,0.00023528188822630192
686,0.00012442347923879993,0.00011562705487448237,0.00028036408045217787,0.00016473702557769548,-0.010426003415264883,0.00010870154721454028,0.00025542584266535773,-0.010926215697024344,0.00011938218945839463,0.0003061423315973144,0.010899423285328476,0.00011879742795051218,0.00027952406709386146
687,0.00014818167214680766,4.2845875701876444e-05,0.0004090042736785519,0.0003661583979766755,0.005702430714079264,3.251771604906306e-05,0.000725446154779652,0.005266827070137653,2.7739467386656003e-05,0.0001935822420559008,-0.008263198150228461,6.828044366991026e-05,0.00030798442420010286
688,0.00011060260280271184,2.2033717272310998e-05,0.00021607994800047306,0.00019404623072816207,-0.0077454222006624876,5.999156506641956e-05,0.0002493862785176715,0.0005268689559667425,2.7759089671341997e-07,0.0002232753569976209,-0.002414952557293463,5.831995853800009e-06,0.00017557820848612682
689,1.3651675946468877e-05,4.802313633941087e-06,0.00021723345943699032,0.00021243114580304923,0.0034645057550712973,1.20028001278083e-05,0.00019276841106841136,0.0005516243026456566,3.042893711446837e-07,0.00024889374889103255,0.0014490864032127898,2.0998514028702786e-06,0.00021003821835152703
690,-3.2212830142003845,1.0,1.0,0.0,0.0,1.0,1.0,0.0,1.0,1.0,0.0,1.0,1.0
691,5.34409521182333e-05,1.930000476912941e-05,0.00036626629630065466,0.00034696629153152525,0.005574265701393643,3.107243810962501e-05,0.0002223094149883531,0.004984666650565782,2.4846901617192607e-05,0.0004842644681407604,0.0014073644093244796,1.980674580570607e-06,0.00039222500577285047
692,8.520734186900913e-05,2.6893436965343593e-05,0.000151147077469956,0.0001242536405046124,-0.004447535342151633,1.9780570619465365e-05,0.0001319206652589111,0.0032870571305199346,1.0804744579484549e-05,0.00017583150479738574,0.007077781834514368,5.009499569708087e-05,0.00014568906235357115
693,0.0006028820549142111,0.00013651859088270601,0.0013188399872453942,0.0011823213963626882,-0.0034687688109129216,1.2032357063818111e-05,0.001105684581444999,-0.019936958660212892,0.00039748232061942446,0.0027198583285567013,0.00020271893082639497,4.109496487547659e-08,0.00013097705173448215
694,0.0004732297090124238,0.0001844933862059639,0.0002407897835605318,5.62963973545679e-05,-0.005681542107439557,3.227992071874741e-05,9.517443847961715e-05,0.018404866573792627,0.0003387391135989404,0.00038486313217656054,-0.013507817155270472,0.0001824611243002039,0.00024233178002541766
695,2.8937964682285156e-06,1.0590626358849182e-06,0.00016308009695409353,0.0001620210343182086,-0.0015191603363545365,2.3078481278249185e-06,9.145915323083287e-05,-0.0006939951199491484,4.816292273890355e-07,0.00014509376964677578,-0.0006226640768006842,3.877105524408009e-07,0.00025268736798467195
696,0.00010845705192497057,6.395197486260458e-05,0.00022982930094335904,0.00016587732608075445,0.0043699478615247395,1.9096444311861305e-05,0.00022686162499330198,0.00895045165432106,8.011058481616207e-05,0.00017576164600907607,0.009625429624669963,9.264889545979038e-05,0.00028686463182769906
697,0.0002406628788401699,8.089563517706584e-05,0.00031485835090183656,0.00023396271572477073,-0.0002631737003333164,6.926039619603586e-08,0.00014704361091677498,0.012489442837909216,0.00015598618240142414,0.0005403393295673187,0.00930760241596565,8.663146273357736e-05,0.000257192112221416
698,-3.2090797083918687,3.746268989882987e-05,0.00016892602937893889,0.00013146333948010902,-0.006120677241774199,3.746268989879287e-05,0.0001689260293789019,-0.006120677241774204,3.746268989890389e-05,0.0001689260293790129,0.0061206772417742,3.746268989879287e-05,0.0001689260293789019
699,0.00012513623657472994,6.644400504759081e-06,0.00019028605655010042,0.00018364165604534133,0.0025602527170118187,6.554893974164422e-06,0.00019254858841566413,-0.002844883809565107,8.093363889516425e-06,0.0002267274847019829,-0.002298900530723217,5.2849436505963965e-06,0.0001515820965326542
700,5.6547761265068885e-05,2.817789157512814e-05,0.0003341768133331054,0.00030599892175797727,0.006652155941513607,4.4251178669907354e-05,0.0004350594348492276,-0.0010785849375059484,1.1633454672921317e-06,9.307467895802723e-05,-0.006254530405051429,3.911915058818494e-05,0.0004743963261920614
701,0.0001027369603644468,2.4035361868938548e-05,0.00013560482845194807,0.00011156946658300952,0.0046885462280634215,2.1982465732151013e-05,6.619553366971065e-05,-0.006928464988100245,4.8003627091008916e-05,0.000290425673661443,0.0014560194997832645,2.119992783655711e-06,5.0193278024690535e-05
702,-3.2212830142003845,1.0,1.0,0.0,0.0,1.0,1.0,0.0,1.0,1.0,0.0,1.0,1.0
703,8.974313198328865e-05,1.0663849388007721e-05,0.00014755516496441542,0.0001368913155764077,0.004792422102989535,2.296730961326432e-05,0.0001850075381154559,-0.0029353613841715436,8.616346456102875e-06,9.027996157162654e-05,0.0006386643055603373,4.0789209465597054e-07,0.0001673779952061638
704,-3.2212830142003845,1.0,1.0,0.0,0.0,1.0,1.0,0.0,1.0,1.0,0.0,1.0,1.0
705,6.231768678921501e-05,2.425823454443865e-05,0.00011172122567130553,8.746299112686688e-05,-0.005065887433349407,2.5663215487914393e-05,7.050137494524211e-05,-0.005402890246133556,2.919122301214827e-05,6.680769492473093e-05,0.0042332334135926795,1.7920265133253288e-05,0.00019785460714394354
706,3.150439697274798e-05,1.2027997522941666e-05,0.00015057348284308603,0.00013854548532014435,-0.0028280396831200203,7.997808448734212e-06,0.00014005480524881264,0.0005366628810499966,2.8800704776621444e-07,0.0001665075829315743,-0.005272397658739933,2.779817707232457e-05,0.00014515806034887113
707,-3.2212830142003845,1.0,1.0,0.0,0.0,1.0,1.0,0.0,1.0,1.0,0.0,1.0,1.0
708,-3.2212830142003845,1.0,1.0,0.0,0.0,1.0,1.0,0.0,1.0,1.0,0.0,1.0,1.0
709,5.2181775859305723e-05,7.519692537612717e-06,0.0001311503783078353,0.00012363068577022257,0.0021804834911679444,4.754508254878331e-06,0.0001374602869188557,0.0029960627189665966,8.976391816073459e-06,0.00012518307939546336,-0.0029712249228920884,8.828177541886362e-06,0.00013080776860918686
710,7.931335623201363e-05,6.209007584282815e-05,0.00021289718104281855,0.0001508071051999904,0.00843794480562977,7.119891254292465e-05,0.0002303014661898528,-0.008332929794339706,6.943771895662199e-05,0.00022534248447070304,0.0067552643197021575,4.5633596028937795e-05,0.0001830475924678998
711,-3.2212830142003845,1.0,1.0,0.0,0.0,1.0,1.0,0.0,1.0,1.0,0.0,1.0,1.0
712,0.00011458510659023702,8.19167175410603e-05,0.00019608114053234113,0.00011416442299128084,0.009770749156997181,9.546753908895589e-05,0.00021626702517041352,-0.008064607793378262,6.503789885980993e-05,0.00015427110230625818,-0.009232806435442565,8.524471467441508e-05,0.00021770529412035167
713,0.00011290683420350778,1.976428958905263e-05,0.00016390151801126684,0.00014413722842221421,-0.001061995979333688,1.1278354594690398e-06,9.767369521851421e-05,-3.615451077425858e-05,1.3071485005511363e-09,0.00013992758936420824,-0.007626514679653911,5.81637261591883e-05,0.0002541032694510781
714,-2.8138106309597557,4.087249953362478e-05,0.000189060428054999,0.00014818792852137422,-0.001214042603932298,1.4738994459362331e-06,0.0001437501016217091,0.007981424704601225,6.370314031545199e-05,0.00022866325146220223,0.007578948399334301,5.744045883948612e-05,0.0001947679310810857
715,-3.1276883599446625,9.755618608016844e-06,0.0001580850414794055,0.00014832942287138864,0.0031233985669618953,9.755618608275896e-06,0.00015808504147962754,-0.003123398566961893,9.755618609053052e-06,0.00015808504148073776,-0.0031233985669618983,9.755618606721583e-06,0.00015808504147785118
716,1.9970740637642592e-05,8.799375382673169e-06,0.00021671203587754947,0.0002079126604948763,0.0012617239150402772,1.59194723792222e-06,0.000225862248525055,-0.0032166691646746265,1.0346960515161818e-05,0.00022357916762272279,-0.0038025278953436013,1.4459218394935469e-05,0.00020069469148487062
717,5.076179300234074e-05,7.6132264509679954e-06,0.00025505324545101643,0.0002474400190000484,-0.002742188649105678,7.5195985874687565e-06,0.0003113206308161809,-0.0018653502396775133,3.4795315172475583e-06,0.00020288008689983705,0.003441009916981506,1.184054924818767e-05,0.0002509590186370314
718,6.601078122570048e-05,1.0391590488915506e-05,0.00014031430753639698,0.00012992271704748148,-0.0018728112849721095,3.5074221091946356e-06,0.00013492248478375046,0.005259726131680561,2.766471898130174e-05,0.0001316583236418145,5.128719351025701e-05,2.6303762501456163e-09,0.000154362114183626
719,-3.2212830142003845,1.0,1.0,0.0,0.0,1.0,1.0,0.0,1.0,1.0,0.0,1.0,1.0
720,7.816389000137036e-05,3.0904061556517405e-05,0.0001241587960144619,9.32547344579445e-05,-0.004301818470788328,1.850564215566397e-05,0.00010567799910954356,-0.008189149567101435,6.706217063323638e-05,0.0001699913470494252,-0.0026728957854446588,7.1443718806518675e-06,9.680704188441691e-05
721,0.0003236081856250461,0.00012595547915850158,0.0002946564979975734,0.0001687010188390718,-0.017745474690755957,0.00031490187200022834,0.0004407437672278025,0.005037721938987145,2.537864233465026e-05,0.00013006911907742502,0.006130735937927169,3.758592314062614e-05,0.00031315660768749254
722,7.256773267061423e-05,4.6588057968866003e-05,0.00023565495552727947,0.00018906689755841347,0.005003023228232076,2.5030241422530075e-05,0.00019833952681458378,-0.008060415827680523,6.49703033156479e-05,0.000255060626566217,0.0070543340697861185,4.976362916842003e-05,0.0002535647132010377
723,5.734275456958926e-05,2.682949267514741e-05,0.0001407063728012803,0.00011387688012613288,0.0010954809792685233,1.2000785755139631e-06,0.00016262051402882172,-0.0075342121358165405,5.676435250756562e-05,0.00011460013300068628,0.004745950583593476,2.2524046942362652e-05,0.00014489847137433287
724,0.00014333671678190552,3.093047902587761e-05,0.0002763777184858392,0.0002454472394599616,0.003488594164274406,1.2170289243385035e-05,0.0003134007843910158,-0.00891889785246362,7.954673890253616e-05,0.00035025571578850556,-0.0010365369898818128,1.0744089317116234e-06,0.00016547665527799627
725,-3.2212830142003845,1.0,1.0,0.0,0.0,1.0,1.0,0.0,1.0,1.0,0.0,1.0,1.0
726,6.696647497128616e-05,2.7192834535153903e-05,0.00016543318254413908,0.00013824034800898519,-0.003186345549249538,1.0152797959239734e-05,8.013159459552277e-05,-0.00764559036880607,5.8455052087680315e-05,0.00022890892752369663,-0.0036014793569163492,1.2970653558541656e-05,0.00018725902551319784
727,3.730412116309534e-05,5.167635121298512e-06,0.00040936840973915256,0.00040420077461785403,0.0018057571664221676,3.2607589430799777e-06,0.0004462998632174253,-0.0023169786192268685,5.368389922710826e-06,0.00038173929815710217,-0.002621784983230993,6.873756498104733e-06,0.0004000660678429302
728,-3.2212830142003845,1.0,1.0,0.0,0.0,1.0,1.0,0.0,1.0,1.0,0.0,1.0,1.0
729,9.517580657369962e-05,4.48391282394193e-05,0.00031840257224739304,0.0002735634440079737,0.009449788093186163,8.929849500605158e-05,0.00036810654054153513,-0.002613675457295767,6.831299396270474e-06,0.00016519852628560372,0.006195771970929758,3.838759031593586e-05,0.00042190264991504023
730,-3.2212830142003845,1.0,1.0,0.0,0.0,1.0,1.0,0.0,1.0,1.0,0.0,1.0,1.0
731,0.00021702462406780754,1.92476798797081e-05,0.00013831681472390814,0.00011906913484420004,-0.0007929322840728366,6.287416067785045e-07,0.00014457210657692343,-0.006510955233655817,4.2392538055824325e-05,0.00013954896125079053,0.0038368945745302398,1.4721759976521476e-05,0.00013082937634401048
732,5.8920904983605915e-05,8.499462547847022e-06,0.0002364689849175076,0.00022796952236966056,-0.00371858981300235,1.3827910197550253e-05,0.00011539105368829627,-0.001462907922492443,2.1400995899867326e-06,0.00041832644032679944,0.0030871310073246057,9.53037785600408e-06,0.00017568946073742708
733,5.022932269860281e-05,2.2005209103485395e-05,0.00015323228175253187,0.00013122707264904648,0.0009427868269031396,8.888470011125804e-07,0.00017542039671314402,0.006368487636152087,4.0557634772064866e-05,0.0001292053296066964,-0.004956727301078698,2.4569145537278736e-05,0.00015507111893775516
734,8.838904425012561e-05,4.454109415408247e-06,0.00016919853740908022,0.00016474442799367198,0.0004626679573431693,2.1406163919213128e-07,0.00014351880448426613,0.00043068887145153467,1.854929044808884e-07,0.00016052191619531087,0.0036003852158962538,1.2962773702551722e-05,0.0002035548915476637
735,-3.2212830142003845,1.0,1.0,0.0,0.0,1.0,1.0,0.0,1.0,1.0,0.0,1.0,1.0
736,6.411623761248819e-06,1.0348673442628353e-06,0.00023409383289529906,0.00023305896555103622,-0.0007053416138171716,4.97506792318525e-07,0.0003555950009133113,-0.001549665510961337,2.401463195966791e-06,9.323296039220885e-05,0.00045346669614302547,2.0563204450319006e-07,0.000253453537380377
737,3.295336829389761e-05,1.0871465806435351e-05,0.0002594668001393667,0.00024859533433293135,-0.00372599047835291,1.3883005044790231e-05,2.0503993017562117e-05,-0.001630711053499505,2.6592185404794577e-06,0.0003394261803234544,0.004009011578190237,1.6072173834036363e-05,0.0004184702270770835
738,0.0001771928146863111,3.1991477771109444e-05,0.0005397480190760436,0.0005077565413049342,-0.008730388149185801,7.62196772354784e-05,0.00041407511367541616,0.0037487216662130045,1.4052914131035266e-05,0.0005556602785120601,0.002387852999377763,5.7018419468146675e-06,0.0006495086650406545
739,4.891361672487715e-05,1.1999827594366685e-05,0.00025960420983746807,0.0002476043822431014,-0.005569387992756026,3.101808261429806e-05,0.00036556970588075277,-0.0012576125123212756,1.581589231025582e-06,0.00026507271825992884,0.0018438576240431622,3.399810937776415e-06,0.00014817020537172265
740,3.191864461804528e-05,1.3312737102477712e-05,7.363948876093485e-05,6.0326751658457134e-05,0.004058694343217844,1.6472999771366403e-05,5.5864549807216335e-05,-0.0029138874653640823,8.490740161404275e-06,0.00010323585231941657,0.0038696862114288985,1.4974471374662457e-05,6.181806415617164e-05
741,-2.127763018381953,8.31182757989879e-05,0.00028065249167959677,0.00019753421588060888,-0.009012193782785578,8.121963677854005e-05,0.00027359133879079067,-0.009152694366255265,8.377181416208135e-05,0.00028307133388361105,0.009184953808111936,8.436337645634229e-05,0.00028529480236438864
742,0.00017339944070926538,6.768630847571917e-05,0.00031534206660754904,0.0002476557581318299,-6.823841394558929e-05,4.656481644715882e-09,0.00014546762099143518,-0.006627466746202029,4.3923315471872115e-05,0.0002699059391245706,-0.0126147117871851,0.0001591309534736407,0.0005306526397066413
743,9.496820655985339e-06,6.190693701779715e-06,0.00016303211698831532,0.0001568414232865356,-0.00237915704745379,5.660388256223392e-06,0.00015919434510325292,0.0025521911097758756,6.513679461028765e-06,0.00017546827708159185,-0.002529429459092616,6.398013388086987e-06,0.0001544337287801012
744,-3.2212830142003845,1.0,1.0,0.0,0.0,1.0,1.0,0.0,1.0,1.0,0.0,1.0,1.0
745,-3.2212830142003845,1.0,1.0,0.0,0.0,1.0,1.0,0.0,1.0,1.0,0.0,1.0,1.0
746,4.287101880640076e-05,8.339673941574569e-06,0.00012024304120653954,0.00011190336726496497,0.004627469469297264,2.1413473689557705e-05,0.00018137248144589613,-0.0018241199759272706,3.3274136866934256e-06,9.293135331633895e-05,0.0005273845355620729,2.7813444847257784e-07,8.642528885738354e-05
747,4.981430171158152e-05,6.1951244685332085e-06,5.392327467120447e-05,4.772815020267126e-05,0.003520594589548002,1.239458626411949e-05,8.878326499706102e-05,-0.002439781363150658,5.952533099984336e-06,1.7124501406340364e-05,0.00048811273406943975,2.382540414958001e-07,5.586205761021201e-05
748,0.00011873816615115551,3.41626535094545e-05,0.0002816945184487644,0.0002475318649393099,0.007899677304676065,6.240490151798728e-05,0.00027303295318592546,-0.0056620584601899315,3.205890600632699e-05,0.0004248254597630785,-0.0028326935951422413,8.02415300404924e-06,0.00014722514239728923
749,0.00041265729496664516,0.0001261141379656309,0.0007786221063555976,0.0006525079683899667,0.002891600413555314,8.36135295179119e-06,0.0008191162316794065,0.018710696110771956,0.000350090148949711,0.0014215723331374441,0.004459922868762568,1.9890911995390503e-05,9.517775424994213e-05
750,0.000166131886645271,6.664587483647584e-05,0.0001755650564675045,0.00010891918163102866,0.008552630947229228,7.3147496119641e-05,0.0001771472195508661,0.010990155880548422,0.00012078352627886701,0.00025957685076971604,0.002450837022589209,6.006602110919523e-06,8.997109908193135e-05
751,-3.2212830142003845,1.0,1.0,0.0,0.0,1.0,1.0,0.0,1.0,1.0,0.0,1.0,1.0
752,0.00013968975251932303,4.362806015793345e-05,0.0003474603204314623,0.00030383226027352883,-0.010000632946348738,0.00010001265932779724,0.0004280232501544523,0.005378244819332732,2.8925517336575446e-05,0.0003831063595848283,0.0013949924046586049,1.9460038094276655e-06,0.00023125135155510623
753,-3.2212830142003845,1.0,1.0,0.0,0.0,1.0,1.0,0.0,1.0,1.0,0.0,1.0,1.0
754,6.904429584209115e-05,3.495987962320868e-05,0.00013643365411027583,0.00010147377448706715,0.008057140141750418,6.491750726389522e-05,0.00023257594464887177,-0.000268698721976034,7.219900310939664e-08,6.050841816662711e-05,0.006315847734292054,3.9889932602621414e-05,0.00011621659951532859
755,6.56403547659723e-05,2.6754572452751073e-05,0.00021331465120666415,0.0001865600787539131,-0.0006317763171127661,3.991413148884959e-07,0.000201282104763445,0.0074604834190075495,5.565881284563812e-05,0.00033150203122822575,0.004919935283996012,2.4205763197726604e-05,0.00010715981762832172
756,0.00012466699584390284,4.0450537049485646e-05,0.00024167319752680752,0.00020122266047732187,-0.00783669113981736,6.141372802181966e-05,0.00018793172341957654,0.0023452922737119174,5.500395848123674e-06,0.00025666009809510726,-0.00737817641962874,5.443748727851361e-05,0.0002804277710657388
757,0.00015127799676573073,2.6329633961245474e-05,0.00028844570283851717,0.0002621160688772717,-0.004856478315888837,2.3585381632829083e-05,0.0003482894640537415,0.003833651131226654,1.4696880996201145e-05,0.00014795833227132515,0.0063801754877873176,4.070663925470619e-05,0.0003690893121904848
758,8.033825308895182e-06,7.870606973566415e-07,0.00012224334736691636,0.00012145628666955972,0.0011649678635972027,1.3571501232823024e-06,5.582345321364368e-05,5.9114400821608106e-05,3.494512568202879e-09,0.00018699865843430086,0.00100026869202006,1.0005374562194191e-06,0.00012390793045280457
759,0.0004099541870644652,3.8136553180708375e-05,0.0004126754637004959,0.00037453891051978755,0.005093529532161076,2.5944043095083025e-05,0.0005304649187080068,-0.006856851666734699,4.701641477944385e-05,0.00035121919343983343,-0.006438105440861281,4.1449201667598246e-05,0.00035634227895364745
760,8.017677786908983e-06,5.4924743800495906e-06,0.0001820857651175419,0.0001765932907374923,-0.0011414628306813828,1.302937393754533e-06,6.867598250415163e-05,-0.002728330208669355,7.443785727367924e-06,0.00024914486666638425,-0.0027804136417228166,7.730700019026315e-06,0.0002284364461820898
761,0.0001082556795355405,3.4878158618615686e-05,0.00022532518415126676,0.00019044702553265108,0.003325384954790895,1.1058185097834183e-05,0.00017429335061647233,0.008209587582192592,6.739732826932521e-05,0.00028939943271200086,-0.005116538135150841,2.6178962488687674e-05,0.00021228276912532706
762,-2.512982178226224,9.347153067699547e-05,0.00019502004894511593,0.00010154851826812046,-0.009719632438459145,9.447125473838192e-05,0.0001956980263218,-0.009706253132565283,9.42113498743069e-05,0.00019603004557977588,0.009577681735105916,9.173198741829758e-05,0.0001933320749337719
763,7.243816911073342e-05,3.841147708523914e-05,0.0001742151119534796,0.00013580363486824046,-0.0071511474639459754,5.113891005092963e-05,0.00012954354541372393,0.006380760006688463,4.0714098262673026e-05,0.00021614715886131286,0.004835434100659066,2.338142294211476e-05,0.00017695463158540203
764,2.6469264925665925e-05,1.1003244510458346e-05,0.00044986357320149956,0.0004388603286910412,-0.003353292587040541,1.124457117418487e-05,0.0006390268489365747,-0.0012342952349267316,1.5234847264844475e-06,0.0005016311795923434,0.004499075197266846,2.0241677630705723e-05,0.00020893269107558066
765,0.00015915262501697836,5.2170348075438376e-05,0.0003493833788821658,0.00029721303080672745,-0.0015442839642254337,2.3848129624415293e-06,0.0002819975912156103,0.0033734812716357796,1.1380375890213124e-05,0.0003583353543036294,0.011947629696883911,0.00014274585537366047,0.00040781719112725767
766,0.00024922461588372524,8.23489548418636e-05,0.0001616211289838058,7.92721741419422e-05,0.0047032712411035705,2.212076036733901e-05,0.00011383211413318328,0.009529191063356713,9.080548232187624e-05,0.00013058112979735803,-0.011581045800639908,0.00013412062183637552,0.00024045014302087608
767,-3.2212830142003845,1.0,1.0,0.0,0.0,1.0,1.0,0.0,1.0,1.0,0.0,1.0,1.0
768,5.308174517348885e-05,4.971486142209732e-05,0.0004090509496172956,0.0003593360881951983,-0.007133328587591928,5.088437673872459e-05,0.0004125363035990537,0.007076836223553233,5.008161093467134e-05,0.00044516843123754146,-0.0069410803621178475,4.817859659289603e-05,0.00036944811401529165
769,-3.2212830142003845,1.0,1.0,0.0,0.0,1.0,1.0,0.0,1.0,1.0,0.0,1.0,1.0
770,7.86177968961077e-05,4.024156963677861e-05,0.00029949523466917444,0.00025925366503239583,0.008105941422422637,6.570628634328113e-05,0.0001484608220009287,-0.004312150011160565,1.859463771847203e-05,0.0003809836158021884,-0.00603521207983657,3.642378484858266e-05,0.00036904126620440625
771,0.00015229802607330534,9.729262412797961e-05,0.00038816217734468267,0.00029086955321670305,-0.010451192879758977,0.00010922743260954881,0.0005400886954100015,0.009712989161317232,9.434215844805749e-05,0.0003271375395502707,-0.009397248604033947,8.83082813263325e-05,0.0002972602970737759
772,-3.2212830142003845,1.0,1.0,0.0,0.0,1.0,1.0,0.0,1.0,1.0,0.0,1.0,1.0
773,0.00011769818407736388,2.4287984817794595e-05,0.0002188848140503389,0.00019459682923254432,0.0036172768350352744,1.3084691701359397e-05,0.00020359952609516618,0.0057792905081604125,3.3400198777511214e-05,0.0002500100370269598,-0.005136055293245182,2.6379063974513173e-05,0.0002030448790288908
774,0.00040389419990127795,0.00017368953711608773,0.0008276525426765824,0.0006539630055604947,0.012975923827376185,0.00016837459917395936,0.0008172311008094457,0.014991265404736434,0.00022473803843547913,0.0009591765557159793,-0.011311762627407422,0.00012795597373882472,0.0007065499715043222
775,2.818311814478669e-05,1.015990886817549e-05,0.0003149484159582494,0.00030478850709007393,0.0034728990983130506,1.2061028146992392e-05,0.0002873274499037848,0.004261893528148842,1.8163736445031553e-05,0.00041762596386130113,0.000504937632394464,2.5496201250252426e-07,0.0002398918341096623
776,0.00011186776852112335,4.34117691596736e-05,0.00029148512126338694,0.00024807335210371334,0.009156411385838335,8.383986946658428e-05,0.0002702619867175349,-0.005320737817769513,2.8310250925533964e-05,0.00033643102181801776,-0.004252668231450717,1.8085187086902543e-05,0.00026776235525460823
777,-3.2212830142003845,1.0,1.0,0.0,0.0,1.0,1.0,0.0,1.0,1.0,0.0,1.0,1.0
778,-3.060575532189328,1.2693818012129062e-05,0.0001650888791003465,0.00015239506108821743,-0.003562838476850171,1.2693818011055846e-05,0.00016508887909949532,-0.003562838476850169,1.2693818012610159e-05,0.0001650888791009386,-0.0035628384768501683,1.269381801272118e-05,0.00016508887910060555
779,0.007093419074384322,0.006972097732629856,0.03062444886501529,0.023652351132385434,-0.08313451930823651,0.006911348300611575,0.030487795580861676,-0.08378695365459322,0.007020253602716742,0.030669104460238517,-0.08357446556551794,0.006984691294561252,0.030716446553945675
780,7.6710489246401e-05,2.4253601854688316e-05,0.0002411058014356593,0.000216852199580971,0.002296034656015908,5.2717751418684955e-06,0.00036086902328391623,0.0019524741155433943,3.812155171867282e-06,0.00014735967929135896,-0.007979779147963953,6.367687525032917e-05,0.0002150887017317027
781,3.6431180460039236e-05,1.4892511488081203e-05,0.0002856324338226246,0.0002707399223345434,-0.0047125308342599445,2.2207946863805894e-05,0.0001614431466444577,0.001402609549914485,1.9673135492892513e-06,0.00030685611842307114,-0.004527943689054215,2.050227405114846e-05,0.00038859803640034496
782,-3.2212830142003845,1.0,1.0,0.0,0.0,1.0,1.0,0.0,1.0,1.0,0.0,1.0,1.0
783,-3.2212830142003845,1.0,1.0,0.0,0.0,1.0,1.0,0.0,1.0,1.0,0.0,1.0,1.0
784,-3.2212830142003845,1.0,1.0,0.0,0.0,1.0,1.0,0.0,1.0,1.0,0.0,1.0,1.0
785,-3.2212830142003845,1.0,1.0,0.0,0.0,1.0,1.0,0.0,1.0,1.0,0.0,1.0,1.0
786,0.0003034418626236546,6.079476365668709e-05,0.0004986876754498789,0.00043789291179319184,-0.000845024800180632,7.140669128213872e-07,0.00024600032249000314,-0.006945725668345046,4.824310506001961e-05,0.0005404694095564322,-0.0115510657082957,0.00013342711899722026,0.0007095932943032013
787,6.122554219956111e-05,1.8978572151199618e-05,0.00025853268263324275,0.00023955411048204314,0.004687703449677972,2.1974563632176647e-05,0.00021780468013876675,0.0024247668029198756,5.87949404917687e-06,0.00023021071372197888,0.005392741304022224,2.9081658772245333e-05,0.00032758265403898257
788,-3.2212830142003845,1.0,1.0,0.0,0.0,1.0,1.0,0.0,1.0,1.0,0.0,1.0,1.0
789,-3.2212830142003845,1.0,1.0,0.0,0.0,1.0,1.0,0.0,1.0,1.0,0.0,1.0,1.0
790,9.108739738838967e-05,4.703650065599844e-05,0.0001925495404759836,0.00014551303981998517,-0.008521787910464573,7.26208691911312e-05,0.00022161231964468175,0.005661415480307517,3.2051625240669956e-05,0.0002889285576630485,0.0060363074421515,3.6437007536194166e-05,6.710774412022058e-05
791,0.00012003370429081173,4.563068727355309e-05,0.00023338683809929575,0.00018775615082574265,-0.006547614867881711,4.287126045798839e-05,0.00012032226564229198,-0.00919233904158296,8.44990970554349e-05,0.00022784092046834736,0.003085725896254022,9.521704307235979e-06,0.00035199732818724794
792,-3.2212830142003845,1.0,1.0,0.0,0.0,1.0,1.0,0.0,1.0,1.0,0.0,1.0,1.0
793,-3.2212830142003845,1.0,1.0,0.0,0.0,1.0,1.0,0.0,1.0,1.0,0.0,1.0,1.0
794,-3.2212830142003845,1.0,1.0,0.0,0.0,1.0,1.0,0.0,1.0,1.0,0.0,1.0,1.0
795,9.604487440140197e-05,3.4681086778805735e-05,0.00018794613062474616,0.00015326504384594042,0.0014253101576536464,2.03150904598548e-06,0.00014426831123715012,0.00940808542100731,8.851207128979244e-05,0.00019107001539997448,-0.0036741910674159333,1.349968000063928e-05,0.00022850006523711386
796,2.3453416347352096e-05,7.969412281575808e-07,0.00017281069518030692,0.00017201375395214935,-0.001100809912216313,1.2117824639279462e-06,0.00012486531237199117,0.0008711798632807785,7.589543546959732e-07,0.0002098049587044848,0.0006481410849036904,4.2008686584882327e-07,0.00018376181446444484
797,0.00010045517974366369,3.7264138190976993e-05,0.00028193758156103144,0.0002446734433700544,0.004712587510511587,2.2208481044283523e-05,0.00024024567212876935,0.008241746871619167,6.79263914958872e-05,0.0003539098085910686,-0.004653766435128853,2.165754203276027e-05,0.0002516572639632564
798,9.699967334797499e-05,3.4889102717095e-05,8.166844435764098e-05,4.677934164054598e-05,0.004437582287936764,1.9692136562388107e-05,0.00010645759924832188,-0.006243970723192618,3.8987170392190684e-05,7.962225637869746e-05,-0.006781445361922652,4.598800119670621e-05,5.8925477445903596e-05
799,3.4465651156612154e-05,2.600251453710456e-06,0.0001851507930109945,0.00018255054155728404,-0.0003767015436534086,1.4190405228653447e-07,0.00017251868990242336,0.0005190349220892756,2.6939725039643037e-07,0.00014236577898396607,0.0027183548441519737,7.389453058448403e-06,0.00024056791014659407
800,1.9364327477067178e-05,5.854458385745609e-06,0.0006469605840458229,0.0006411061256600773,0.002551626493199922,6.510797760816978e-06,0.0005452050181935508,0.0032679184777403667,1.0679291177373429e-05,0.0010132672881865146,0.0006109715368242932,3.7328621904642034e-07,0.00038240944575740343
801,-3.2212830142003845,1.0,1.0,0.0,0.0,1.0,1.0,0.0,1.0,1.0,0.0,1.0,1.0
802,6.587895396736876e-05,2.3418231304361825e-05,0.00017618180018523036,0.00015276356888086853,-0.0006967546973385218,4.854671087350937e-07,5.890686815612778e-05,-0.00783862523715093,6.144404560881611e-05,0.00015379380500135653,0.0028853390087329634,8.32518119553427e-06,0.0003158447273982068
803,-3.2212830142003845,1.0,1.0,0.0,0.0,1.0,1.0,0.0,1.0,1.0,0.0,1.0,1.0
804,6.549993417803712e-05,4.229618029845857e-05,0.0001400445635853694,9.774838328691082e-05,-0.007518486957923991,5.652764613583994e-05,0.00015108235974548023,-0.002818144147940173,7.94193643838259e-06,0.0001115331156391619,0.007900566961969191,6.241895832115318e-05,0.00015751821537146604
805,0.0002921897434086107,5.074171961368575e-05,0.0003668805588497026,0.0003161388392360169,-0.009575356657696887,9.168745512277976e-05,0.0005785946337915071,-0.001945169473013312,3.783684278446664e-06,0.00028053301621355775,-0.00753352636153591,5.675401943983083e-05,0.00024151402654404297
806,0.0013258730973447763,0.0005016213138566336,0.001239170921008596,0.0007375496071519624,0.016747448634926963,0.0002804770357794917,0.0014954299943028548,0.015545397003932964,0.00024165936801012755,0.000659981442182489,-0.031348485414459504,0.0009827275377802813,0.0015621013265404438
807,0.00011879734746955695,2.401869365102153e-06,0.0003646942375845989,0.00036229236821949673,0.0009930908677860766,9.86229471533484e-07,0.00036338821298809165,0.0024298858549551368,5.904345267371269e-06,0.0004761059401801049,-0.0005612783235240542,3.1503335640170604e-07,0.0002545885595856001
808,5.5607991568562554e-05,5.880415304397128e-06,0.00018581497244825793,0.0001799345571438608,-0.0011662115792638783,1.3600494467302937e-06,0.00015629901261426937,0.0031569689325843518,9.96645284156994e-06,0.00020791539265241354,-0.0025129153636926386,6.31474362489115e-06,0.00019323051207809083
809,1.4101466632832071e-05,5.98238296826518e-06,0.00019235423481193484,0.00018637185184366967,-0.0012927633712266446,1.67123713434858e-06,0.00016071775642068076,0.0036746266669894475,1.3502881141436163e-05,0.00025901477940748485,0.0016652419131485882,2.7730306290107976e-06,0.00015733016860763893
810,0.00028315378394094814,0.0002451956561332347,0.00041512870963344994,0.00016993305350021526,0.016491784118690164,0.00027197894341657314,0.0004354294901436351,0.015429357379539172,0.00023806506914592074,0.00045347114892502205,-0.015018087622487238,0.00022554295583721018,0.0003564854898316927
811,0.0006562151998121823,0.00021270859482880322,0.0006695833993408303,0.0004568748045120271,0.0025715591089784796,6.612916250925416e-06,0.00023023554864642914,-0.0035836615438360176,1.2842630060960758e-05,0.000618985708501274,-0.024873082602975966,0.0006186702381745235,0.0011595289408747878
812,0.0001317380988887784,3.838109858692965e-05,0.0001843120321983749,0.00014593093361144524,-0.002086362276219437,4.352907547744422e-06,0.000126690252511108,0.0033575815332228605,1.1273353752949689e-05,0.0001438736738440527,0.009975822495439676,9.951703446009486e-05,0.00028237217023996397
813,-3.2212830142003845,1.0,1.0,0.0,0.0,1.0,1.0,0.0,1.0,1.0,0.0,1.0,1.0
814,-3.2212830142003845,1.0,1.0,0.0,0.0,1.0,1.0,0.0,1.0,1.0,0.0,1.0,1.0
815,-3.2212830142003845,1.0,1.0,0.0,0.0,1.0,1.0,0.0,1.0,1.0,0.0,1.0,1.0
816,0.00027088640608130543,8.873512695402781e-05,0.00023707380213059773,0.0001483386751765699,0.013731729549007901,0.0001885603964070226,0.0002856292830802909,-0.008811163022049913,7.76365938014445e-05,0.000277773479482879,9.160050944792848e-05,8.390653616352495e-09,0.0001478186438286233
817,0.00012028288464338566,1.2984995588179634e-05,0.0001584679638649833,0.00014548296827680365,0.0025431534211681657,6.4676293237697635e-06,0.00013775726140485833,-0.0009028446773198282,8.151285117996565e-07,0.00023210784640059767,-0.005627808536981817,3.167222892896948e-05,0.00010553878378949388
818,3.886429613453313e-05,1.270976080451162e-05,0.0001266473285138255,0.00011393756770931389,0.004701422508599118,2.2103373604198673e-05,0.00021320263175084175,0.003061271017348671,9.371380241374183e-06,4.2945948614203644e-05,-0.002579637293889885,6.654528567962004e-06,0.00012379340517643111
819,0.00015106304903833578,4.8350136825877264e-05,0.00021982107238220175,0.00017147093555632448,-0.006702359599866238,4.492162420610679e-05,0.00024475247811495127,0.0038317220604264838,1.4682093948392705e-05,0.0001821582678267486,0.00924373800592013,8.544669232313229e-05,0.0002325524712049054
820,0.00014457698315062384,4.263872855643965e-05,0.00017432631748840835,0.0001316875889319687,-0.003798023624124132,1.4424983449945472e-05,0.00015883129364469006,-0.002899591239371707,8.407629355500212e-06,0.0001242639281289204,0.010251027893031719,0.00010508357286387326,0.00023988373069161462
821,0.0001076990995638738,3.778631772966001e-05,0.00029865296877869724,0.0002608666510490372,0.004379438227536942,1.9179479189723736e-05,0.000253564527193717,0.0024175333964160527,5.844467722448954e-06,0.00018919226651459287,0.009398670452613321,8.833500627680735e-05,0.00045320211262778187
822,0.00013292208695692143,4.3065753327760824e-05,0.0004035342510076978,0.000360468497679937,0.005074591679561744,2.575148071448652e-05,0.0003948456980619186,6.950324494672075e-05,4.830701172409135e-09,0.000503446472868041,0.010170592341028333,0.00010344094856762354,0.0003123105820931338
823,0.00012686892306967845,4.315943777033482e-05,0.0004920694753314988,0.000448910037561164,-0.007693624371316139,5.91918559667004e-05,0.0003832652805098036,0.0037130627594867565,1.3786835056261992e-05,0.00021296204654908113,-0.00751662306409539,5.649962228804206e-05,0.0008799810989356116
824,-2.9952184914645086,3.719776874174426e-05,0.00017801731005225493,0.00014081954131051067,-0.006098997355537508,3.7197768741670245e-05,0.00017801731005195887,-0.00609899735553751,3.719776874200331e-05,0.00017801731005295807,-0.006098997355537512,3.719776874155922e-05,0.00017801731005184784
825,0.00016752725200674945,7.5624082745455e-05,0.00022253176175427805,0.00014690767900882307,0.005388709585713906,2.9038190998975644e-05,0.00035088371191605017,0.011287549033674675,0.0001274087631875087,0.00022501963213072962,0.008391977958150743,7.042529404988063e-05,9.16919412160544e-05
826,-3.2212830142003845,1.0,1.0,0.0,0.0,1.0,1.0,0.0,1.0,1.0,0.0,1.0,1.0
827,6.643870003075758e-05,2.381001663002517e-05,0.0002680221289399857,0.00024421211230996054,-0.0018110515806920632,3.27990782811316e-06,9.143920737353373e-05,0.00645718587932187,4.169524948027803e-05,0.0003461416233865311,0.005143431984740756,2.645489258168432e-05,0.0003664855560598923
828,1.8002889901613806e-05,9.018127213026675e-06,0.00016145064809258702,0.00015243252087956036,-0.0011821467929748885,1.3974710406650104e-06,8.117703899179762e-05,0.0035551331787479325,1.2638971918832453e-05,0.00017805330685216614,-0.0036080380651076624,1.3017938679582564e-05,0.0002251215984337973
829,7.628545779869711e-05,2.554195454855061e-05,0.00022235398955094965,0.00019681203500239905,0.005509548371877047,3.035512326188261e-05,0.00015349219823823645,-0.004777249096764616,2.2822108932452068e-05,0.00025173621268403945,0.004842378697613632,2.3448631451317148e-05,0.00026183355773057304
830,7.33385763498351e-05,1.2256494046717728e-05,9.849653807377419e-05,8.624004402705646e-05,-0.0036589691547594737,1.3388055275953548e-05,0.00010810721361986797,-0.003708881947359502,1.3755805299386914e-05,8.743955094192568e-05,-0.0031025185839798786,9.625621564812725e-06,9.994284965952893e-05
831,-3.209578536572012,5.982398345505402e-05,0.00017405588940847908,0.00011423190595342506,0.007734596528211591,5.9823983456275265e-05,0.00017405588940921923,-0.007734596528211603,5.9823983453832774e-05,0.00017405588940744288,0.007734596528211595,5.982398345505402e-05,0.00017405588940877514
832,4.29082406998571e-05,2.1609337923389482e-05,8.871264284682212e-05,6.710330492343264e-05,-0.0047577859207497564,2.2636526867625406e-05,8.719518356115064e-05,0.004751083530169772,2.2572794710851163e-05,9.060307934805056e-05,0.004429299289008199,1.9618692191691878e-05,8.833966563126516e-05
833,5.729393081244094e-05,8.797128496366527e-06,7.952739309013968e-05,7.073026459377314e-05,-0.004053127222168174,1.642784027977573e-05,9.638763996178135e-05,0.002747411557615993,7.548270268165069e-06,7.97803462658786e-05,0.0015541154852298747,2.415274941158785e-06,6.241419304275908e-05
834,0.0001251744078231143,6.921029169582038e-05,0.00026247205869741236,0.00019326176700159198,0.007107944253851283,5.0522871515079615e-05,0.00018395085009692558,0.010479839466744075,0.0001098270352485331,0.00026965167429815473,0.006876115787554858,4.728096832384843e-05,0.0003338136516971568
835,0.00017809436341420515,5.410156507719884e-05,0.00022208154030164037,0.00016797997522444152,-0.002379911534462954,5.663978911774059e-06,0.0002723695501585244,0.0005379358139924527,2.893749398991119e-07,0.00011479026344429766,0.012504052998111704,0.00015635134137992335,0.00027908480730209906
836,6.626701492451481e-05,2.774329298834329e-05,0.0001618054160086683,0.000134062123020325,-0.005688561002383386,3.2359726277797485e-05,0.0001155910728312115,-0.006168512162281724,3.805054229633065e-05,0.00028404365398082554,-0.003580448350541917,1.2819610390901737e-05,8.578152121396787e-05
837,0.00024828829449130563,0.00013794862517317133,0.00028073383966342735,0.00014278521449025602,-0.007596577224116673,5.7707985521626703e-05,0.00017867196976251165,0.014947475236424772,0.00022342701594413317,0.0004117567468602257,0.011520020575208454,0.00013271087405375415,0.00025177280236754473
838,0.00022573589663144045,2.9539838576823445e-05,0.00022745478941303224,0.0001979149508362088,0.007161380424000577,5.128536957765828e-05,0.0003258757136247459,0.003019642502597172,9.118240843264402e-06,0.00015949755625044304,-0.00531186457932076,2.821590530954765e-05,0.00019699109836390782
839,0.00013199708871469706,5.109705784489549e-05,0.00030630551890660956,0.0002552084610617141,-0.003870179671926846,1.4978290692857499e-05,0.00026453762539735415,0.004722482847702945,2.230184424678594e-05,0.00016132705997273789,0.010770842055999373,0.00011601103859504303,0.0004930518713497367
840,8.817644022462989e-05,2.3914936821411992e-05,0.00018240022639367157,0.00015848528957225957,-0.001114574158775613,1.2422755553131992e-06,0.0001736837347064979,-0.008395969249259705,7.049229963429493e-05,0.0003076094230918258,-0.00010116953311373022,1.023527462784557e-08,6.590752138269096e-05
841,-3.2212830142003845,1.0,1.0,0.0,0.0,1.0,1.0,0.0,1.0,1.0,0.0,1.0,1.0
842,-3.2212830142003845,1.0,1.0,0.0,0.0,1.0,1.0,0.0,1.0,1.0,0.0,1.0,1.0
843,0.0001559402096533713,1.4996824351724372e-05,0.00020108037047602187,0.0001860835461242975,-0.005087169954805521,2.5879298149344976e-05,0.00028880054761692975,-0.0013965724222847347,1.9504145311044496e-06,8.44867551155204e-05,-0.0041425548125277115,1.7160760374723694e-05,0.00022995380869561544
844,4.213083436466203e-05,6.156731132319256e-06,0.00021534863469826102,0.00020919190356594175,-0.00011393866824241027,1.2982020014540296e-08,0.00019216353699802458,-0.0008259250530658974,6.821521938427111e-07,0.00016114090399543812,0.004216047815561002,1.7775059183100517e-05,0.0002927414631013203
845,-3.2212830142003845,1.0,1.0,0.0,0.0,1.0,1.0,0.0,1.0,1.0,0.0,1.0,1.0
846,-3.2212830142003845,1.0,1.0,0.0,0.0,1.0,1.0,0.0,1.0,1.0,0.0,1.0,1.0
847,9.560110416062528e-05,1.0405837868857995e-05,0.00010917539381335069,9.876955594449269e-05,-0.003987714230895787,1.590186478772626e-05,8.427994837278963e-05,0.0027669410961867376,7.655963030206436e-06,0.00015737588893149912,-0.0027676137354703846,7.65968578864129e-06,8.587034413576333e-05
848,-3.2212830142003845,1.0,1.0,0.0,0.0,1.0,1.0,0.0,1.0,1.0,0.0,1.0,1.0
849,0.00012789866383300375,4.657817675191023e-05,0.0003997135111920569,0.00035313533444014666,-0.008208798299026519,6.738436951447824e-05,0.0006355951387464476,0.008371302387373278,7.007870366071423e-05,0.0003757781937714366,0.0015071353889235422,2.2714570805382195e-06,0.00018776720105828648
850,2.316886081077385e-05,9.43025505791469e-06,0.00015590584137958885,0.00014647558632167415,-0.0003248769612853606,1.0554503970805484e-07,7.857724794790855e-05,0.0036559295758345784,1.3365821064481587e-05,0.00017823087556356754,0.0038495972607364244,1.4819399069554429e-05,0.00021090940062729047
851,0.00010761383413848691,2.7347562997936947e-05,0.00015586592044103398,0.00012851835744309703,0.005872161314354946,3.4482278502112607e-05,9.101480625273162e-05,-0.006701902332500015,4.4915494874508965e-05,0.00029243731363726155,0.0016263196540354167,2.6449156171892696e-06,8.414564143310876e-05
852,8.244236870158517e-05,2.578998023483603e-05,0.0002592015615485721,0.00023341158131373607,-0.006044554861720576,3.653664347624819e-05,0.0002494913776961427,0.0018816553520896832,3.540626864251273e-06,0.00014870372499664608,-0.006106772499786038,3.729267036400863e-05,0.0003794095819529275
853,9.127501209660327e-05,3.8248213401925746e-05,0.0008004866935198418,0.0007622384801179161,-0.00799991885046793,6.399870161399868e-05,0.001073963169036296,0.004478541560278054,2.005733450716196e-05,0.0004439787126100381,0.005539729603907002,3.06886040846166e-05,0.0008835181989131913
854,-3.2212830142003845,1.0,1.0,0.0,0.0,1.0,1.0,0.0,1.0,1.0,0.0,1.0,1.0
855,5.601716334013851e-06,1.7418851726939504e-06,0.00023961306836014126,0.00023787118318744732,-5.299820331104718e-05,2.8088100734180443e-09,0.0002597239540054197,-0.001727934536982788,2.985757763807051e-06,0.0002168364560415359,0.0014956901233425615,2.237088944201382e-06,0.00024227879503346816
856,0.0001338070897169974,5.551492539716355e-05,0.00012731424477689193,7.179931937972839e-05,0.007373505165513284,5.43685784258896e-05,0.00011968059972866651,-0.008414755751936412,7.080811436488421e-05,0.0001371252135902168,0.006431802500096438,4.136808340071685e-05,0.00012513692101179252
857,4.9671699939857206e-05,1.6214762955620483e-05,0.0004531047201923692,0.0004368899572367487,0.0052983116920064174,2.8072106786125595e-05,0.0005233421177402997,-0.0029827960692756514,8.897072390823269e-06,0.00020040846773994314,0.0034168859638314024,1.1675109689912588e-05,0.0006355635750968647
858,-3.2212830142003845,1.0,1.0,0.0,0.0,1.0,1.0,0.0,1.0,1.0,0.0,1.0,1.0
859,2.5071223286099453e-05,3.471950507538679e-06,0.00019907810935511824,0.00019560615884757956,-0.002466194970418624,6.082117632422168e-06,0.0002863464276809946,0.0002899352581239857,8.406245399772416e-08,0.00013362551299633818,0.0020614731228787804,4.249671436196145e-06,0.00017726238738802191
860,4.6136591775325364e-05,1.0397779780587276e-05,0.00028522039968055984,0.0002748226198999726,-0.005415522780076343,2.932788698173372e-05,0.00026370085581139957,-0.000942730505674598,8.887408063928959e-07,0.0002745138841468986,-0.0009882871818305047,9.767115536352122e-07,0.0003174464590833814
861,9.755156106350249e-06,2.951979071482332e-06,0.000536225142995265,0.0005332731639237827,0.002573281889661022,6.6217796836909315e-06,0.00035170138220352865,-0.0005886829880522693,3.4654766067898635e-07,0.0007908460754455504,0.0013739031514662455,1.8876098700770783e-06,0.00046612797133671613
862,0.00022016370190403034,5.2902606492895764e-05,0.00023826820491027836,0.0001853655984173826,0.010568999734632689,0.0001117037553918232,0.0002881546740733931,-0.006427346119671904,4.131077814240047e-05,0.00016344853853544894,-0.00238606075870972,5.693285944463611e-06,0.00026320140212199306
863,0.0001269930746805592,4.8334101030815075e-06,0.0001338300203812167,0.0001289966102781352,-0.0026441713932913538,6.9916423572902175e-06,0.00014128531083468232,-0.0013264930580361785,1.7595838329720337e-06,0.00013047492206241795,0.002397708097245565,5.7490041189822705e-06,0.00012972982824654977
864,0.004318658263273489,0.0010372593451617451,0.0018499595061547784,0.0008127001609930333,0.02740579464106639,0.0007510775799082214,0.0009140501331217354,-0.004012483151251896,1.6100021039133772e-05,0.0015056521352286856,-0.04842107428112119,0.00234460043453788,0.003130176250113914
865,-3.2212830142003845,1.0,1.0,0.0,0.0,1.0,1.0,0.0,1.0,1.0,0.0,1.0,1.0
866,3.930009843888804e-05,1.3977642019528483e-05,0.0002695557146864906,0.0002555780726669621,-0.001808719550899243,3.271466414211943e-06,0.0003228437184639166,-0.006200566383767862,3.844702347954865e-05,0.00018583786737236263,-0.0004630725267730946,2.144361648248605e-07,0.0002999855582231925
867,-3.003260841072774,6.309881954162193e-05,0.00018323514215194217,0.00012013632261032024,0.007943476540037384,6.309881954236207e-05,0.00018323514215312642,-0.007943476540037391,6.30988195410298e-05,0.00018323514215068393,0.007943476540037384,6.30988195414739e-05,0.0001832351421520162
868,0.00010447236382749026,4.4346635602154905e-05,0.00033663679082159465,0.00029229015521943974,-0.0076209128059859564,5.80783119962236e-05,0.0003832468445259529,0.008586759995131189,7.373244721387007e-05,0.0003093129833826591,0.001108669290886304,1.2291475963710496e-06,0.00031735054455617195
869,0.00013236761516166595,0.00012564111601539216,0.0003521872066275152,0.00022654609061212303,0.011304816076381046,0.00012779886652070083,0.00039031518002441423,0.010970701442178618,0.00012035629013351645,0.0003059522253870961,0.01134760729808084,0.00012876819139195916,0.00036029421447103527
870,0.00013420295903809887,6.226893821803525e-05,0.00014217651266375717,7.990757444572191e-05,0.010278453378375666,0.00010564660385148361,0.0001412583244417842,-0.0054352262999070936,2.954168493130016e-05,0.00012738578712578885,-0.007184603389989439,5.1618525871321985e-05,0.0001578854264236984
871,0.0001485341276248331,1.9536190973945544e-05,0.0001104034942552475,9.086730328130195e-05,0.0017894423655627682,3.20210397963816e-06,8.392874288543073e-05,0.007323720256296436,5.363687839277098e-05,0.00016115699011642892,-0.001330259579632364,1.769590549427491e-06,8.612474976388285e-05
872,0.00021970141550486932,6.926114087280055e-05,0.0003492054789732875,0.00027994433810048697,0.0036607412730210137,1.3401026668025118e-05,0.00030499296788577546,0.013926840868511346,0.0001939568965767524,0.0005415700018239766,0.0006523031300347997,4.254993736241275e-07,0.00020105346721011053
873,5.5995057664737224e-05,2.513705326153322e-05,0.00016210753306648376,0.00013697047980495053,0.005829870563489332,3.3987390786749394e-05,0.00020453266951803162,0.006378708014353008,4.068791593270227e-05,0.0002027017717173285,-0.0008578187834251953,7.358530651480066e-07,7.908815796409119e-05
874,0.004877886938103093,0.0022097334613207695,0.004286530291484514,0.0020767968301637443,0.032905093870639016,0.0010827452026357376,0.002372039110735913,-0.06182208411118822,0.0038219700838508786,0.0069107126392607965,0.04152692015398862,0.001724485097475692,0.003576839124456832
875,-3.2212830142003845,1.0,1.0,0.0,0.0,1.0,1.0,0.0,1.0,1.0,0.0,1.0,1.0
876,0.00017755788023354757,8.199478162325875e-05,0.00033283493054636626,0.0002508401489231075,-0.004197147669521075,1.761604856043153e-05,0.00018592553366292286,-0.007174957051455296,5.1480008690152346e-05,0.00014119191073314052,0.013299935624626004,0.0001768882876191924,0.0006713873472430354
877,3.590922744656222e-05,3.4897513789452126e-06,0.00021649192135061077,0.00021300216997166554,0.0016462754951101007,2.7102230059083965e-06,9.349838062089333e-05,-0.0012494166955702008,1.561042079822883e-06,0.00026997115702720453,0.0024895760785023473,6.197989051104358e-06,0.0002860062264037344
878,-3.2212830142003845,1.0,1.0,0.0,0.0,1.0,1.0,0.0,1.0,1.0,0.0,1.0,1.0
879,0.0003149264299785459,4.6471820903818774e-05,0.00026447184633112314,0.00021800002542730437,-0.007985999527971015,6.377618846098443e-05,0.00026964135571949654,-0.00034551340455806634,1.1937951271967506e-07,0.0001528494892514276,0.00869021833658363,7.551989473775222e-05,0.0003709246940224453
880,0.0003355920501394438,0.00010534368187442578,0.00018964255689853568,8.42988750241099e-05,0.004153092088689232,1.7248173896811103e-05,0.00011971858405557256,-0.017271800304691463,0.0002983150857651662,0.0003795580813500399,-0.0006839488005109227,4.677859613000379e-07,6.965100528999457e-05
881,0.006876853052680376,0.006803934680795765,0.029200421993055687,0.022396487312259922,-0.08217659554484272,0.006752992855340256,0.028408032836781505,-0.08285992880252738,0.00686576780115955,0.030131051186459645,-0.08241992104999461,0.006793043385887487,0.029062181955925914
882,-3.2212830142003845,1.0,1.0,0.0,0.0,1.0,1.0,0.0,1.0,1.0,0.0,1.0,1.0
883,-3.2212830142003845,1.0,1.0,0.0,0.0,1.0,1.0,0.0,1.0,1.0,0.0,1.0,1.0
884,-3.2212830142003845,1.0,1.0,0.0,0.0,1.0,1.0,0.0,1.0,1.0,0.0,1.0,1.0
885,8.759808575797834e-05,5.894393655436758e-05,0.00018403379957783925,0.00012508986302347166,-0.008944407806384532,8.000243100725335e-05,0.00019527788522832878,-0.00513660418829661,2.6384702587090025e-05,0.00011182790611874438,0.008393132673131147,7.044467606875937e-05,0.00024499560738644455
886,9.431084858102512e-05,2.760510389517486e-05,0.0002909983840469292,0.00026339328015175434,-0.00029768753988948916,8.86178712633523e-08,0.0002455907393750234,-0.0008309182801680524,6.904251883543822e-07,0.0002838157803933816,0.009057387516597896,8.203626862590685e-05,0.00034358863237238246
887,8.459129215210304e-05,2.8593041136596813e-05,0.00011758424422921483,8.899120309261802e-05,-0.006711165383951656,4.503974081138118e-05,0.0001303153710340288,0.004207947129845683,1.7706819047891287e-05,0.00010981287551958818,0.0047992253072714885,2.303256355051797e-05,0.00011262448613402753
888,0.00015031916410923607,3.34259763570266e-05,0.0001800828050774935,0.0001466568287204669,-0.0033603327948958975,1.1291836491733598e-05,0.00020904953889966382,0.006967058906380334,4.853990980568934e-05,0.00016828285120196185,-0.006359731344447731,4.044618277365686e-05,0.0001629160251308548
889,4.202848641510215e-05,2.224817891027797e-06,0.00022726518016987404,0.00022504036227884625,-0.002030190167454014,4.121672116164099e-06,0.00014730820594321958,-0.0013095104947214817,1.714817736142571e-06,0.0002564954219451687,0.0009154036382410154,8.379638207767215e-07,0.0002779919126212338
890,4.1374993514642355e-05,3.1477930820182166e-05,0.0002387553517420038,0.00020727742092182164,-0.005934120345244386,3.521378427129296e-05,0.0002566327802900892,-0.004787313250174212,2.2918368155266933e-05,0.0002211297146249569,-0.006025084234661664,3.6301640033986615e-05,0.0002385035603109653
891,0.00022887975751217926,1.0117271720437119e-05,0.0001898323364336596,0.0001797150647132225,0.004807615513127033,2.3113166921828743e-05,0.00024261893279453606,0.0012831403464996132,1.6464491487955257e-06,0.00012139075364858698,0.002364783095876519,5.592199090687089e-06,0.00020548732285785576
892,-3.2212830142003845,1.0,1.0,0.0,0.0,1.0,1.0,0.0,1.0,1.0,0.0,1.0,1.0
893,3.457028699682674e-05,6.812172412606898e-06,0.00018844815974120946,0.00018163598732860256,0.001031215320905012,1.0634050380264881e-06,0.00016229998651284827,-0.001640073586185253,2.6898413684195432e-06,0.0001463371432124383,-0.0040845159849471875,1.6683270831374664e-05,0.00025670734949834184
894,3.780055702207186e-05,6.78819206034742e-06,0.00016191492739769942,0.000155126735337352,-0.0040248090233825475,1.6199087674695356e-05,0.00017646942386173592,-0.0020354892425845372,4.143216456697907e-06,0.00015146958433498448,-0.00014923823370323905,2.2272049648996983e-08,0.00015780577399637785
895,0.00013714349294802197,7.584599062915309e-05,0.0005293871084213567,0.00045354111779220363,0.00910539395787822,8.290819912815106e-05,0.0005234137486987978,0.008922561137238128,7.961209724771656e-05,0.000540274980645461,-0.008063353862489459,6.501767551159165e-05,0.0005244725959198115
896,9.075425814275562e-05,4.76011219352479e-06,0.00017041052155530867,0.00016565040936178388,0.000783744831390216,6.142559613175891e-07,0.00013485043465510937,0.00279516460893037,7.812945190588394e-06,0.00019339973504350905,-0.002419325407537839,5.853135428668388e-06,0.0001829813949673076
897,0.00013839027703144158,3.2077489524717784e-05,0.00031114242518615054,0.00027906493566143276,-0.0006188940145891428,3.830298010987221e-07,0.00017655701954533143,-0.00024558081493236976,6.030993637828885e-08,9.856321432888393e-05,0.009787192081324963,9.578912883667634e-05,0.0006583070416842363
898,0.0004810839437831005,0.00018862868668656496,0.0006812712327855704,0.0004926425460990055,0.016330229960879756,0.00026667641057553926,0.0011436027317106578,-0.01690482348815207,0.00028577305716559476,0.000461892242274331,0.003665595765849442,1.343659231856087e-05,0.00043831872437172237
899,0.0001913119473377911,3.0139209986216702e-05,0.0001563171783761271,0.0001261779683899104,0.004840847037320504,2.3433800038552555e-05,0.00015790752761402072,-0.0016564373384967215,2.743784656589199e-06,0.0001321130089769751,0.008014988787483525,6.424004526350835e-05,0.00017893099853738548
900,0.00026726198295723425,9.378624406053415e-05,0.0002862692068678803,0.00019248296280734617,0.004174945538966395,1.7430170253240895e-05,0.00022258114309947619,0.014526709011099597,0.00021102527469329946,0.0003678446947205094,0.0072734645963996435,5.29032872350621e-05,0.00026838178278365543
901,-3.2212830142003845,1.0,1.0,0.0,0.0,1.0,1.0,0.0,1.0,1.0,0.0,1.0,1.0
902,0.0002271845077529422,4.482379360426503e-05,0.0001656996591491433,0.00012087586554487828,0.007567141719611227,5.7261633804595036e-05,0.000272112835920435,-0.008227537164146906,6.76923677873642e-05,0.00015400354788763781,0.0030850249951693376,9.517379220835842e-06,7.09825936393571e-05
903,-3.2271124385415604,0.0001457911096533667,0.0007835692078842863,0.0006377780982309196,0.012069888561022521,0.0001456822098749866,0.0007757982010025977,0.012066046031883874,0.000145589466844398,0.0007737438559320964,0.012087251641302943,0.00014610165224071547,0.000801165566718165
904,3.5905686183168584e-05,1.7685467609792244e-05,0.0002905223332890043,0.00027283686567921206,-0.0053591879849023034,2.8720895857925477e-05,0.00028040493866809957,-0.003890556714108996,1.5136431545714757e-05,0.00014340872181051179,-0.0030329977623276614,9.199075425736503e-06,0.00044775333938840145
905,1.9553142172834548e-05,9.24195146856377e-06,0.00021072890595989305,0.00020148695449132928,0.00011693159082546773,1.3672997289937427e-08,6.764757681620992e-05,-0.004241913470901879,1.799382989420284e-05,0.00040739801983336044,-0.0031174270663602167,9.718351514198531e-06,0.00015714112123010882
906,6.617826082766509e-05,2.8750833457213965e-05,0.0002230295755770347,0.00019427874211982074,-0.004623048040217228,2.1372573181910326e-05,0.0002242663315975557,-0.004512208859018287,2.0360028786248208e-05,0.00023872820083337132,0.006672323313739475,4.451989840348336e-05,0.00020609419430017706
907,0.00015347738535254063,6.121085741976155e-06,0.0009891557982640482,0.000983034712522072,-0.00048672908798969104,2.369052050088527e-07,0.0009493108279211571,-0.003999004460360855,1.5992036674017385e-05,0.0010032000474990976,-0.0014609296174187486,2.134315346902227e-06,0.0010149565193718901
908,9.21126056551147e-05,2.800660594026727e-05,0.00019159772914915477,0.0001635911232088875,0.005713096473533158,3.26394713159317e-05,0.0002933677065409812,-0.005525991063103904,3.0536577229622885e-05,0.00015391626219318777,-0.004565497702897169,2.0843769275247226e-05,0.00012750921871329535
909,-3.2212830142003845,1.0,1.0,0.0,0.0,1.0,1.0,0.0,1.0,1.0,0.0,1.0,1.0
910,5.3266886751779374e-05,8.869605143013715e-06,0.00025785396906223096,0.00024898436391921724,0.0029689828419691565,8.81485911563562e-06,0.00021392011579368653,-0.0010690523209465153,1.1428728649010012e-06,0.00026701020466413095,0.004080573911679844,1.6651083448504522e-05,0.00029263158672887535
911,7.264957456432075e-05,2.366876294076133e-05,0.0001575923677489266,0.00013392360480816526,0.004042932028943939,1.63452993906521e-05,0.00019921115068244344,-0.00703886591600464,4.954563338299689e-05,0.00017805132533332824,-0.002261715288769511,5.115356048635e-06,9.551462723100812e-05
912,0.00015898983463269456,2.1302705605889354e-05,0.00015093072347582837,0.00012962801786993902,-0.0008281430130839462,6.858208502213969e-07,0.00020346719689701143,0.007316089294770983,5.3525162569290075e-05,0.00015550900282268465,0.0031140220612476373,9.697133398156588e-06,9.381597070778902e-05
913,-3.2212830142003845,1.0,1.0,0.0,0.0,1.0,1.0,0.0,1.0,1.0,0.0,1.0,1.0
914,-3.2212830142003845,1.0,1.0,0.0,0.0,1.0,1.0,0.0,1.0,1.0,0.0,1.0,1.0
915,0.00020903388137105683,5.5080394122053455e-05,0.0009142072630548373,0.0008591268689327839,0.012627717676706052,0.00015945925372240488,0.000991189498475542,0.0023687880864085267,5.611156998375222e-06,0.0010217681602268103,-0.00041324526077615985,1.7077164538026324e-07,0.0007296641304621598
916,5.653273160954875e-05,9.39421063768838e-06,0.00041068391092391465,0.0004012897002862263,-0.0022486589171014947,5.056466925279501e-06,0.00043453824575034883,0.003541900368580415,1.2545058221014038e-05,0.0003677230408138943,-0.0032528613199119512,1.0581106766771597e-05,0.00042979044620750084
917,7.5325406463711e-05,2.3538840373057052e-05,0.000447970316044044,0.000424431475670987,0.00284924423775284,8.118192726391804e-06,0.0006635556727723202,-0.004043678500339836,1.6351335813902246e-05,0.00043179654133507217,0.006793157776687267,4.614699257887711e-05,0.0002485587340247397
918,0.00012083902599002716,3.248381433196279e-05,0.000321998714949386,0.0002895149006174232,-0.007232385326436092,5.230739751005409e-05,0.0003107887657269881,-0.0030724070676822063,9.439685189627234e-06,0.00020935766374885478,-0.005975312568929391,3.570436029620705e-05,0.0004458497153723151
919,1.328776424847078e-05,7.543092638136646e-06,5.4910463296161303e-05,4.7367370658024655e-05,0.0028793986974772756,8.290936859389753e-06,6.724451462869485e-05,-0.0024171895173588065,5.842805163136511e-06,5.501409584296457e-05,0.0029147102587290955,8.495535891883677e-06,4.247277941682448e-05
920,8.503580972374358e-06,2.3140862311551067e-06,0.0001719645368354339,0.00016965045060427877,-0.00011495751342735595,1.3215229688334773e-08,0.0001717343669440652,-0.0014834251166586335,2.2005500767141584e-06,0.00010937617250839082,-0.0021745099188533114,4.7284933870628265e-06,0.00023478307105384566
921,8.363191989713137e-06,1.4402512445258846e-06,0.00021107023278417922,0.00020962998153965334,0.001771261667760193,3.13736789503416e-06,0.00031072243135332744,-0.0010384525315363343,1.0783836608130315e-06,0.00031516080489157883,0.00032404039535636467,1.0500217773046217e-07,7.327462107631355e-06
922,0.0007308326154821243,0.00023895133218861572,0.0011036334933685794,0.0008646821611799637,0.0068637066800350255,4.711046938954411e-05,0.0018041266584671867,-0.004483499417150222,2.0101767023494865e-05,0.0005952936460765779,-0.025488070938238922,0.0006496417601528082,0.0009114801755619739
923,0.000718854958775661,0.0002874365459322921,0.0006414879570678286,0.00035405141113553645,-0.0014247711770782449,2.029972906991695e-06,0.00023284413139956772,-0.017098066854208546,0.00029234389015098117,0.000548825598846836,-0.023831403121491,0.0005679357747389036,0.0011427941409570819
924,-3.2212830142003845,1.0,1.0,0.0,0.0,1.0,1.0,0.0,1.0,1.0,0.0,1.0,1.0
925,0.012145455151452489,0.005059967021662115,0.016666471442324842,0.011606504420662727,0.035130051825682365,0.001234120541275363,0.010136166108435374,-0.05587519956791901,0.003122037926755028,0.007857116218095928,0.10403721736453742,0.010823742596955954,0.03200613200044322
926,0.00011783494627015667,6.647854056610984e-05,0.0002516108694007313,0.00018513232883462144,0.009392837179351231,8.822539027764087e-05,0.0002511633520441148,-0.007108216899042965,5.052674748351471e-05,0.0002570408665102386,0.007789960457990502,6.068348393717393e-05,0.0002466283896478405
927,-3.2212830142003845,1.0,1.0,0.0,0.0,1.0,1.0,0.0,1.0,1.0,0.0,1.0,1.0
928,-3.2212830142003845,1.0,1.0,0.0,0.0,1.0,1.0,0.0,1.0,1.0,0.0,1.0,1.0
929,3.6978397016773634e-05,8.517325084445027e-06,0.00013424220188218428,0.00012572487679773925,-0.004560214099403349,2.0795552632679737e-05,0.00019212767192822167,-0.0017511891466817791,3.0666634285303473e-06,9.323121180626615e-05,0.0012999073782714629,1.6897591921249955e-06,0.00011736772191206502
930,2.7896013927608543e-05,1.2577530107712084e-05,0.00022589071435948535,0.00021331318425177326,-0.0010453254462906602,1.0927052886966493e-06,0.00018844333689271853,0.003654585882905897,1.3355997974140443e-05,0.00017476412924866125,0.004825338025587004,2.3283887060299158e-05,0.00031446467693707625
931,-3.2212830142003845,1.0,1.0,0.0,0.0,1.0,1.0,0.0,1.0,1.0,0.0,1.0,1.0
932,0.000183431644629084,3.501194581279066e-05,0.0004364271991435705,0.0004014152533307798,-0.004760320793579557,2.2660654057760077e-05,0.00037792187438057123,0.007317858414647605,5.355105177706765e-05,0.0005459096636196703,-0.0053688110046367366,2.8824131603544245e-05,0.00038545005943046995
933,-3.2212830142003845,1.0,1.0,0.0,0.0,1.0,1.0,0.0,1.0,1.0,0.0,1.0,1.0
934,-3.2212830142003845,1.0,1.0,0.0,0.0,1.0,1.0,0.0,1.0,1.0,0.0,1.0,1.0
935,7.700381473119133e-05,2.2900104476808458e-05,0.0002978214940724995,0.00027492138959569107,-0.006513490306894694,4.242555597788744e-05,0.0002763287650102697,0.0009865151436082003,9.732121286631923e-07,0.00035057722934905833,-0.005030064147125362,2.530154532387474e-05,0.0002665584878581706
936,0.0004763633104026832,0.00017164629029220446,0.0005678530857990971,0.00039620679550689264,-0.017421018245588157,0.0003034918767131911,0.0007197756775028097,0.014399466982652546,0.0002073446493843223,0.0005851769288938158,-0.002025424592251335,4.102344779099987e-06,0.00039860665100066583
937,0.0002612100831325126,5.4778496774487984e-05,0.0003125787972925916,0.0002578003005181036,0.006933471817019262,4.80730314376121e-05,0.0005706983341532412,-0.010569843835697226,0.00011172159871108978,0.0001899020039841659,0.0021309294157606158,4.540860174762074e-06,0.00017713605374036767
938,0.0001547763860142437,3.7903625561959885e-05,0.0002400843003539007,0.0002021806747919408,0.00840920531895059,7.071473409614448e-05,0.0004623820026901093,0.0048760693246732625,2.377605205894362e-05,0.00013200151984149588,-0.004384072368365512,1.9220090530791545e-05,0.00012586937853009683
939,0.00018896506243237798,7.158288846761025e-05,0.00021757219066816566,0.0001459893022005554,0.006112524549504766,3.7362956368358624e-05,0.0002339117588399109,0.009767593701478283,9.54058867170815e-05,0.00014247979454451443,0.009054270943458495,8.197982231739065e-05,0.00027632501862007164
940,0.00013431265968821826,3.04783902194868e-05,0.00032045789852079104,0.00028997950830130426,0.00704252943979571,4.959722091046892e-05,0.0005026262075337184,0.0016963016352640418,2.8774392376584856e-06,0.0002224459813933155,0.006241835508121991,3.8960510510333e-05,0.0002363015066353391
941,0.00012374252468405622,3.639723653414695e-05,0.00035953337829412274,0.0003231361417599758,0.0036685153482101545,1.3458004860078532e-05,0.00018542505166940781,0.0034137079514288083,1.1653401977396172e-05,0.00030244320129646507,-0.009169531218389195,8.408030276496614e-05,0.0005907318819164953
942,0.0003593522569058649,0.00011846698977317309,0.0020517218560700177,0.0019332548662968445,-0.010858798191660043,0.00011791349816703267,0.002132319926333559,0.009269842848176188,8.592998642997784e-05,0.0020004004009902543,0.012310868560857176,0.00015155748472250874,0.0020224452408862392
943,7.674136760926764e-05,3.204723320734034e-05,0.0001109922526267108,7.894501941937046e-05,0.004419971380512622,1.953614700433981e-05,0.0001118533535485744,0.003821286756514271,1.4602232474958399e-05,0.00010476717170704308,-0.007874218700498873,6.20033201427228e-05,0.00011635623262451489
944,0.00011301488568615792,6.045163730568811e-05,0.00017789673489865265,0.00011744509759296454,-0.007983620893264268,6.373820256722063e-05,0.0001796004552109265,-0.008238322633699039,6.78699598173349e-05,0.00018188964213450287,-0.00705313756652824,4.9746749532508794e-05,0.0001722001073505286
945,0.0006229726991168194,0.0001929975647735708,0.0015460045081052327,0.0013530069433316618,-0.023937414333914424,0.0005729998049933682,0.002492940692250256,0.001284529356829644,1.6500156685417267e-06,0.0011100649043911393,0.002083956251614912,4.342873658802482e-06,0.001035007927674303
946,3.0845421581049415e-05,1.1315524800492582e-05,0.00029313176225324405,0.00028181623745275147,0.0019706496852792406,3.8834601823189985e-06,0.0003638965535165406,-0.005482504105585428,3.005785126797278e-05,0.00025983107247895543,7.254619960012902e-05,5.2629511859692e-09,0.0002556676607642361
947,5.304672873540639e-05,4.796555478681075e-05,0.0002339926804080239,0.00018602712562121315,0.007035879165317934,4.950359562971851e-05,0.00023699330609860958,0.006524527901456858,4.2569464336672524e-05,0.00022643346036277379,0.007198861326227085,5.182360439404121e-05,0.00023855127476268834
948,0.00020823757775390028,0.00010899382318415214,0.00037849837208196274,0.0002695045488978106,-0.013709936018744302,0.0001879623456381152,0.00039407425413995334,-0.00020482402303821003,4.195288061392688e-08,0.00034095009517165487,-0.011788857918986016,0.0001389771710337273,0.00040047076693427996
949,-3.2212830142003845,1.0,1.0,0.0,0.0,1.0,1.0,0.0,1.0,1.0,0.0,1.0,1.0
950,0.00014407490988654903,2.0477824435890152e-05,0.00019720528528259043,0.00017672746084670027,-0.0071539013894433125,5.117830508982735e-05,0.00031839024093016643,-0.003153907616487119,9.947133253307427e-06,0.00012209411405317283,0.0005550089770309733,3.0803496453568613e-07,0.00015113150086443206
951,0.0001892638909178901,7.37273766117097e-05,0.0002601158187609161,0.0001863884421492064,-0.008096024969221358,6.554562030236522e-05,0.00014408904963469915,-0.010882454846412275,0.00011842782348459036,0.0005149356881612999,0.006099892298029241,3.720868604817351e-05,0.00012132271848674936
952,1.2719572076491659e-05,4.042478544944809e-06,9.729794656765378e-05,9.325546802270897e-05,-0.0011502493198431816,1.3230734977609515e-06,5.705984940507225e-05,0.001344794169387834,1.8084713575561295e-06,7.177097100941054e-05,-0.0029993150517312107,8.995890779517346e-06,0.00016306301928847855
953,-3.2212830142003845,1.0,1.0,0.0,0.0,1.0,1.0,0.0,1.0,1.0,0.0,1.0,1.0
954,-3.1381814567114334,4.5261175979508884e-05,0.0001603780077849004,0.00011511683180539153,0.006157012946188069,3.790880841925137e-05,0.000168493264608105,-0.0069551293385328936,4.837382411471136e-05,0.00015579438997193051,-0.007035687273118847,4.950089540456393e-05,0.00015684636877466573
955,-4.056824546954234,2.2298788488879968e-05,0.00024392759311745818,0.0002216288046285782,-0.0047593709989965415,2.2651612306856528e-05,0.0002443634203374012,-0.004691631881155706,2.2011409707589635e-05,0.00024349632139875066,-0.0047152246449313935,2.2233343452193743e-05,0.0002439230376162227
956,-3.2212830142003845,1.0,1.0,0.0,0.0,1.0,1.0,0.0,1.0,1.0,0.0,1.0,1.0
957,5.308763914957382e-05,2.271103950979292e-05,0.0001135019679700718,9.079092846027888e-05,0.0036927687566815338,1.3636541089878662e-05,0.00019265008756663704,-0.005802004070511074,3.366325123543845e-05,7.5876424659449e-05,0.004564353864965997,2.0833326204061642e-05,7.197939168412937e-05
958,4.817565661874301e-05,1.5183169421802608e-05,0.0002167398872315133,0.00020155671780971068,0.006314270767349491,3.987001532357315e-05,0.00026278705676385794,0.0003682480283524222,1.3560661060729728e-07,0.00015576556842344935,-0.002354545886402997,5.543886331227377e-06,0.00023166703650723264
959,0.00011359378505182427,3.963465401934929e-05,0.0002073641358360708,0.0001677294818167215,-0.0033260221054419625,1.1062423045937742e-05,0.00011346011446888848,0.010379148425863075,0.00010772672204617528,0.00022930258259479253,-0.00033884652163261185,1.1481696593484969e-07,0.00027932971044453136
960,7.751831697111466e-05,2.0429730527108763e-05,0.0001902474723633659,0.00016981774183625714,0.001489868528396241,2.2197082318875516e-06,0.00010803257046421155,-0.006657341440229081,4.432019505129503e-05,0.00034285159768487894,0.003840480217137531,1.4749288298143703e-05,0.00011985824894100716
961,-3.2212830142003845,1.0,1.0,0.0,0.0,1.0,1.0,0.0,1.0,1.0,0.0,1.0,1.0
962,8.28272043100764e-05,6.243419421244252e-05,0.00020407565380564652,0.000141641459593204,-0.008154428433782812,6.649470308150995e-05,0.0002244217243739799,0.008361613117320118,6.99165739244112e-05,0.0002838061884610221,0.00713381424145173,5.0891305631406425e-05,0.00010399904858193754
963,8.663274980402758e-05,1.7095523901981362e-05,0.00024550828873585545,0.0002284127648338741,-0.0035564585984621017,1.2648397762604624e-05,0.0001981510526358754,-0.00026098661237700473,6.811401165318642e-08,0.0002997478715426327,-0.006210479847138092,3.8570059931686274e-05,0.00023862594202905818
964,0.00014498854866329403,5.201228705701647e-05,0.00018227391708021864,0.00013026163002320218,0.006549445938561941,4.289524210143725e-05,0.0001793519309936098,0.010580885475441415,0.00011195513744488572,0.0002136937319510146,-0.0010892573728934958,1.1864816247264542e-06,0.0001537760882960315
965,1.1971053850534652e-05,2.066325143434966e-06,0.00036608623218629493,0.00036401990704285997,-0.000402621399125251,1.6210399123028907e-07,0.000388656209944771,-0.001455231128142625,2.1176976364722933e-06,0.00020133200542771235,0.0019796903299090893,3.919173802602316e-06,0.0005082704811864014
966,7.684852982858814e-05,2.1286401276780314e-05,0.00019265438262927592,0.00017136798135249562,0.006058454298263775,3.670486848417198e-05,0.000130044317397493,-0.003793427889918566,1.4390095156024962e-05,0.00019649617697536925,-0.003572707683230099,1.2764240190143994e-05,0.0002514226535149655
967,-3.2212830142003845,1.0,1.0,0.0,0.0,1.0,1.0,0.0,1.0,1.0,0.0,1.0,1.0
968,0.00013326963336535158,4.9767977976696485e-05,0.0001858719692793276,0.0001361039913026311,-0.00677188433020236,4.585841738191654e-05,0.00015531715629768517,-1.4497256834530372e-05,2.1016988149824556e-10,0.00020947878186838853,-0.010170806574610494,0.00010344530637829141,0.00019281996967190906
969,0.00014858804002326753,2.679729750176829e-05,0.00021816496856486012,0.00019136767106309183,0.0006736150490165573,4.5375723389806666e-07,0.00015320089366166467,0.006723581512733837,4.5206548357490384e-05,0.00029550511516929223,0.005893351076822132,3.4731586913916423e-05,0.00020578889686362345
970,0.00018247104300217476,4.876695733209887e-05,0.0002781372335784645,0.0002293702762463656,0.0004867255634253063,2.36901774197662e-07,0.00016830909932841198,-0.010772244547215702,0.0001160412525849086,0.00019410342148828974,0.005479299009655471,3.0022717637190333e-05,0.0004719991799186918
971,0.00016979428900776306,2.5842234917750062e-05,0.0001510537204010657,0.00012521148548331565,-0.002571892850458837,6.614632834356371e-06,9.748280854515734e-05,0.0041364726676341775,1.7110406130171896e-05,0.00014566794935644278,-0.007334961880516774,5.380166578872192e-05,0.00021001040330159704
972,8.275164852855621e-05,2.362404901338581e-05,0.00043215493975645725,0.0004085308907430714,-0.0007833678211188361,6.136651428123585e-07,0.0005305739933688658,-0.007334943039563223,5.3801389393703936e-05,0.00037276212320869195,0.004056734216524349,1.6457092503641135e-05,0.000393128702691814
973,-3.2212830142003845,1.0,1.0,0.0,0.0,1.0,1.0,0.0,1.0,1.0,0.0,1.0,1.0
974,9.663053218667006e-05,7.126076004423017e-05,0.0001345200524065134,6.325929236228324e-05,-0.006721719285556367,4.5181510153979865e-05,0.00012926785013056552,-0.008680532018148448,7.535163611838147e-05,0.00010884537339783673,0.00965655911079927,9.324913386032918e-05,0.00016544693369113794
975,8.622284777637379e-05,2.895413525172419e-05,0.0002511730003488255,0.00022221886509710131,-0.000205481715074431,4.2222735308072856e-08,0.0002997414378115293,-0.0016927827989234227,2.865513604288772e-06,0.00010820319039483994,-0.0091626780700851,8.395466941557572e-05,0.0003455743728401073
976,0.00014327358969357107,6.488096195896483e-05,0.00021553570369436947,0.00015065474173540466,-0.006506440764736398,4.233377142504047e-05,0.00018816982754521483,-0.004138625962559802,1.7128224857887453e-05,7.668518265513402e-05,-0.011626731681523058,0.00013518088959396657,0.00038175210088275957
977,-3.1568559419062368,7.087728254047872e-06,0.00015557644711280036,0.00014848871885875248,-0.0026622787708369244,7.08772825364079e-06,0.00015557644711172713,0.0026622787708369226,7.0877282547510134e-06,0.00015557644711383656,0.002662278770836925,7.087728253751813e-06,0.00015557644711283736
978,7.574626529749384e-05,1.8401719719340903e-05,0.0005773600344403847,0.0005589583147210438,0.002527884829060699,6.390201708450505e-06,0.0005112667795771353,-0.004065823641102818,1.6530921880253402e-05,0.0005852734811988558,-0.005681904220430603,3.22840355693188e-05,0.000635539842545163
979,-3.2212830142003845,1.0,1.0,0.0,0.0,1.0,1.0,0.0,1.0,1.0,0.0,1.0,1.0
980,0.0005166776847821408,0.0001568895820624657,0.0006560767582557784,0.0004991871761933127,0.016581259146174247,0.00027493815487256157,0.0005860402481689952,0.013947411877171884,0.00019453029807126043,0.0009216154160762713,-0.0010955789535997285,1.200293243575068e-06,0.0004605746105220687
981,2.2771357835571493e-05,1.0955497789548e-05,0.0001852061549844445,0.00017425065719489652,0.004512260562632242,2.0360495385784994e-05,0.00011425888258809191,0.0020901054996130385,4.368540999610815e-06,0.0001352393418869724,-0.002852622825270503,8.137456983248192e-06,0.00030612024047826925
982,-2.7301410699094926,6.754629272391159e-06,0.00045122025532825144,0.00044446562605586026,0.0015547016207016994,2.4170971291148646e-06,0.0003359433577867499,-0.003597759045734333,1.2943870151826964e-05,0.0005336884567623823,-0.002214253945706823,4.9029205362316475e-06,0.0004840289514356222
983,0.00010551735854913424,2.7136306757435946e-05,0.0005796847108944606,0.0005525484041370247,-0.0038799968537995377,1.5054375585576985e-05,0.0007161551675144429,-0.0069625548705389015,4.8477170325300634e-05,0.000844688478364275,0.004228164419819242,1.787737436143022e-05,0.00017821048680466411
984,2.8877751678924035e-05,1.4636753380166864e-05,0.00016571120754112675,0.00015107445416095988,-0.0020839759599388997,4.342955801206472e-06,0.00014333822893408676,0.004441753861754077,1.9729177369032236e-05,0.0001750889147366097,-0.004454001231491002,1.9838126970261882e-05,0.00017870647895268377
985,8.796649768472165e-05,3.810104749605673e-05,0.00024338035795908505,0.00020527931046302833,0.006407049910847856,4.105028856038473e-05,0.0002433973183227911,0.008318545668767333,6.919820204309701e-05,0.00030822783709782975,0.002013616618080967,4.054651884688454e-06,0.00017851591845663428
986,0.0001680798070511358,0.00012904406293245962,0.00028578402929761254,0.00015673996636515292,-0.012262166016454515,0.00015036071541485452,0.00031021408069775713,0.009491394341666806,9.008656654763136e-05,0.00020147765562839037,-0.012111354459175246,0.000146684906834893,0.00034566035156669006
987,6.663365613102101e-05,4.387074158518356e-05,0.00023684566271009455,0.000192974921124911,0.004124545132172966,1.7011872546879303e-05,0.00020375712284470548,0.007670366548210882,5.883452298405256e-05,0.00028726834386172406,-0.007467652189603354,5.576582922461881e-05,0.0002195115214238541
988,0.0006638033821410039,0.00021572945668661228,0.000986997168411145,0.0007712677117245327,-0.00814841305648744,6.639663533880569e-05,0.00027504090427721284,-0.00688088977672712,4.734664411953915e-05,0.0008122368573894034,0.023096430256670932,0.000533445090601492,0.0018737137435668183
989,-3.1372385876227593,1.0990576085889714e-06,0.00016172081811742048,0.0001606217605088315,0.0010483594843995296,1.0990576090330606e-06,0.00016172081811804961,0.0010483594843995296,1.0990576096991944e-06,0.00016172081811782757,-0.0010483594843995305,1.0990576070346592e-06,0.00016172081811638428
990,5.018709295290247e-05,2.170189591007195e-05,0.00012795336458137907,0.00010625146867130712,0.004549635383129777,2.069918211899946e-05,9.99381581270331e-05,0.0027303683799277446,7.454911490678562e-06,6.375010923764801e-05,-0.006078782289279016,3.6951594120537834e-05,0.0002201718263794561
991,0.00012892777389872379,4.525245366511962e-05,0.0003899569562681264,0.0003447045026030068,-4.1880094661985416e-05,1.7539424357337907e-09,0.00013962883915330515,0.005182321830562102,2.6856459555246737e-05,0.00042295948969484076,0.010435475432278993,0.00010889914749767637,0.0006072825399562332
992,8.486398320284305e-05,2.2870644493614794e-05,0.00024804423745509546,0.00022517359296148068,-0.0021952065197731563,4.818931664707371e-06,0.0003755540756299469,0.004355884864564746,1.8973732953564415e-05,0.0001879247566490827,-0.0066947194759808685,4.481926886257259e-05,0.0001806538800862567
993,5.7854363990528235e-05,1.2424262815446951e-05,0.0003315110758360292,0.00031908681302058223,-0.004000025099074297,1.6000200793397923e-05,0.0003633074073022824,0.0017787654623468599,3.1640065696336706e-06,0.00045883840968385936,-0.004255417850644554,1.810858108330926e-05,0.00017238741052194584
994,-3.2212830142003845,1.0,1.0,0.0,0.0,1.0,1.0,0.0,1.0,1.0,0.0,1.0,1.0
995,1.780181867816477e-05,1.4215937014524135e-05,0.00020701378562434,0.00019279784860981586,0.003679316978447983,1.3537373428129662e-05,0.00019996748396466923,0.003780678415154341,1.429352927873051e-05,0.00022473446946269515,-0.0038492737414486835,1.4816908336712231e-05,0.0001963394034456556
996,-3.2212830142003845,1.0,1.0,0.0,0.0,1.0,1.0,0.0,1.0,1.0,0.0,1.0,1.0
997,0.00010839653292482598,4.350550244136553e-05,0.00010072050473045972,5.7215002289094194e-05,-0.008288784362298676,6.87039462043959e-05,0.0001582360864454957,0.004623476668404315,2.137653650324811e-05,3.393991240230321e-05,0.006358932663297897,4.043602461645257e-05,0.00010998551534358025
998,9.301862040578257e-05,5.7597937239436035e-05,0.00017236187720785315,0.0001147639399684171,-0.007374069829357276,5.437690584786381e-05,0.00013715607413289366,0.005535975106886019,3.0647020384244605e-05,0.00012367393966838947,0.009368558346209933,8.776988548619968e-05,0.00025625561782227635
999,0.00020661824171019916,6.0647454217373685e-05,0.00019384750152340313,0.00013320004730602944,-0.00899908453792642,8.098352252072782e-05,0.000142613575628725,-0.00338884569432064,1.148427513997241e-05,0.0002795167945750521,-0.009459099586706937,8.947456499142081e-05,0.0001594121343664323
1000,0.00010774147801884126,3.195226448826638e-05,0.000540990011740905,0.0005090377472526386,-0.0011834703824223493,1.4006021459289641e-06,0.0003387008435703498,-0.009128980233734936,8.33382801078697e-05,0.0005471702838385495,0.003334353192310393,1.1117911211000475e-05,0.0007370989078138157
1001,0.00010558884210365438,4.88315287830258e-05,0.0003544206036715236,0.0003055890748884978,0.0030342631751692573,9.20675301596674e-06,0.00016749289948969626,0.007026403812077946,4.937035053087513e-05,0.0004559144688546235,-0.009376432306680591,8.791748280223555e-05,0.0004398544426702511
1002,1.893603430958013e-05,5.5026393256385475e-06,0.00020625648561471235,0.0002007538462890738,-0.00017203092344843886,2.9594638295549203e-08,0.00022224776864088192,0.0038278933792817173,1.4652767723166704e-05,0.00014335273987209352,-0.0013511312355601356,1.8255556154533892e-06,0.00025316894833116166
1003,5.0161522655578494e-05,3.118218847538342e-05,0.0003387804488176697,0.0003075982603422863,-0.005754069331872421,3.310931387523475e-05,0.0003505375850456627,-0.006076727470838481,3.692661675502862e-05,0.00035090018121830546,0.004848776628810824,2.3510634795886887e-05,0.00031490358018904097
1004,-3.2212830142003845,1.0,1.0,0.0,0.0,1.0,1.0,0.0,1.0,1.0,0.0,1.0,1.0
1005,6.948482044832893e-05,1.2902542496417979e-05,0.00011188519745963799,9.898265496322001e-05,-0.004375754486716741,1.9147227327653837e-05,0.00020986750328721993,-0.0034318315444125313,1.177746774871924e-05,7.547072702229762e-05,0.002789790747167824,7.78293241288086e-06,5.031736206939641e-05
1006,8.890749646617291e-05,3.369970416818487e-05,0.00023919021356207568,0.0002054905093938908,0.0038845514470817913,1.5089739945128855e-05,0.00028273368476949834,0.0001253037794446683,1.57010371371058e-08,7.59337502018731e-05,0.009273277280571373,8.599367152228865e-05,0.00035890320571485557
1007,-3.2212830142003845,1.0,1.0,0.0,0.0,1.0,1.0,0.0,1.0,1.0,0.0,1.0,1.0
1008,0.004002155086222703,0.0005574430409939213,0.0029445193741148845,0.0023870763331209632,0.02297802654298118,0.0005279897038097392,0.004291103230644744,0.0006365302713606023,4.051707863661491e-07,0.00035265301516007597,-0.033822097042995436,0.0011439342483856585,0.004189801876539834
1009,1.924653137430621e-05,4.933826134645436e-06,0.00015638934774294308,0.00015145552160829764,-0.0016185262393756989,2.6196271876166577e-06,0.000123422954767749,0.00310397216731233,9.634643215683525e-06,0.00019300546364764415,-0.0015959974939961797,2.5472080006361253e-06,0.00015273962481343606
1010,3.431815444299158e-05,1.1162507363734106e-05,0.00013534929952322786,0.00012418679215949374,-0.004024869451316143,1.619957410026185e-05,0.00010555367385545189,0.003593392838479234,1.2912472091453076e-05,0.00011314505652781914,-0.002091763824970968,4.375475899487391e-06,0.00018734916818641256
1011,0.00016975740803315542,2.7854810906872512e-05,0.00017835893354097485,0.00015050412263410234,0.003792364000219416,1.4382024710157815e-05,0.00015040650409814393,0.005543340182965253,3.072862038411284e-05,0.0003075533626467619,-0.0062011118056789155,3.845378762634688e-05,7.711693387801866e-05
1012,-3.2212830142003845,1.0,1.0,0.0,0.0,1.0,1.0,0.0,1.0,1.0,0.0,1.0,1.0
1013,6.4609095729029065e-06,3.8891938590375945e-06,0.0004927803421957236,0.000488891148336686,-0.00205847650455776,4.237325519906854e-06,0.0003873725820310314,-0.002202863691210248,4.8526084420741356e-06,0.0005695656527731074,-0.0016055054080181808,2.577647615131795e-06,0.0005214027917830322
1014,-2.699468441257763,7.331133846618283e-06,0.00015936119420919179,0.0001520300603625735,-0.0026969296088082844,7.273429315279856e-06,0.00015931358018239639,0.002726989750636403,7.436473100419505e-06,0.00015944810162238365,0.0026987958654861293,7.28349912415549e-06,0.0001593219008227953
1015,4.466561431804017e-05,1.3135208393892187e-05,0.00021314442125131006,0.00020000921285741788,0.0062047437664795955,3.84988452074575e-05,0.00024338822860903164,-0.0009501763346701302,9.028350671513863e-07,0.00013680816101035997,6.280849680990504e-05,3.944907067676695e-09,0.00025923687413453855
1016,8.083981359530146e-05,9.042467198794313e-06,0.0001982064752416024,0.00018916400804280809,0.005079334941677413,2.5799643450397092e-05,0.00035171582367787835,-0.0009814902637160223,9.63323137592731e-07,0.00020993850239681144,-0.0006036845267235122,3.644350083931158e-07,3.29650996501174e-05
1017,-3.2212830142003845,1.0,1.0,0.0,0.0,1.0,1.0,0.0,1.0,1.0,0.0,1.0,1.0
1018,0.00012023134892358289,2.817576901081864e-05,0.0003232046028444439,0.00029502883383362527,0.0024830236427620072,6.165406410851837e-06,0.0003715872479344018,-0.0024112310934936466,5.814035386020322e-06,0.00038455242296464576,-0.008517503462601378,7.254786523558376e-05,0.00021347413763428413
1019,-3.2212830142003845,1.0,1.0,0.0,0.0,1.0,1.0,0.0,1.0,1.0,0.0,1.0,1.0
1020,0.0001608097072883785,7.967503856039689e-05,0.0001639478858442104,8.427284728381353e-05,-0.011670758192426424,0.00013620659678603708,0.00019254889573971923,0.005294608458359813,2.8032878727213273e-05,0.0001309001039005997,0.008647869111386965,7.478564016794031e-05,0.00016839465789231234
1021,3.463799222924724e-05,1.2065593813429901e-05,0.00012959896062233098,0.00011753336680890107,0.0056933614912607735,3.2414365069954876e-05,0.0001258640863027738,0.0013115996697075174,1.720293693385777e-06,0.00020928060549041394,0.001436009288496886,2.062122676949052e-06,5.365219007380517e-05
1022,7.645440952874782e-05,3.348959881728971e-05,0.00038378697822475755,0.00035029737940746786,-0.00612192627447052,3.747798131004121e-05,0.0003840212260380893,-0.007828704460697854,6.128861353260628e-05,0.0003755192326355683,-0.001304684486355909,1.7022016092216319e-06,0.000391820476000615
1023,7.085115879901238e-05,2.450551740547831e-05,8.655006489662516e-05,6.204454749114685e-05,0.003902383279043969,1.522859525704412e-05,8.412082635667062e-05,0.002469315353058568,6.097518312042638e-06,6.663657474437201e-05,-0.007224295027704295,5.219043864734818e-05,0.00010889279358883286
1024,-3.2212830142003845,1.0,1.0,0.0,0.0,1.0,1.0,0.0,1.0,1.0,0.0,1.0,1.0
1025,0.00017540188575149163,8.572190648807136e-05,0.00016452420126744638,7.880229477937502e-05,0.003218718386787709,1.0360148053223384e-05,0.00013285330242163162,0.011638287604068796,0.00013544973835455387,0.00019632327914698156,0.010552527330288195,0.00011135583305643681,0.00016439602223372596
1026,0.0001273442606450903,1.0420999648282544e-05,0.0001876289624439531,0.00017720796279567055,-0.001474127761037191,2.173052655929375e-06,0.00019798888823507887,-0.004912568896890317,2.4133333166531656e-05,0.000189839372227385,0.0022263452387473277,4.9566131223865995e-06,0.00017505862686939544
1027,0.0001284032850824568,2.9016259091759384e-05,0.00014101363822649482,0.00011199737913473544,0.009099767657471319,8.280577141983603e-05,0.00020749381020357394,0.0009977147386668384,9.954346993357177e-07,0.0001184276214674096,-0.0018021018717218652,3.2475711561064102e-06,9.711948300850093e-05
1028,-3.2212830142003845,1.0,1.0,0.0,0.0,1.0,1.0,0.0,1.0,1.0,0.0,1.0,1.0
1029,0.0001821553829435274,3.234018691548416e-05,0.0018061005045368523,0.001773760317621368,-0.0061390862604373125,3.7688380112976816e-05,0.0019362539498409825,-0.0004810700976396021,2.314284387461285e-07,0.0012780676253401069,-0.007687701359606325,5.9100752194729544e-05,0.002203979938429468
1030,7.526900076326726e-05,5.757768739086029e-06,0.00012805982376988082,0.00012230205503079478,0.0005170209351921443,2.6731064761698065e-07,0.00014730659252748524,-0.0004460502657328348,1.9896083969239697e-07,0.00013880042976055496,-0.004099638365792372,1.680703472994871e-05,9.807244902160228e-05
1031,-3.162993428334776,2.467980935346355e-05,0.00015962087088568686,0.0001349410615322233,0.004967877751461775,2.4679809354166693e-05,0.00015962087088605692,-0.004967877751461778,2.4679809351835225e-05,0.00015962087088416954,0.004967877751461771,2.4679809354388738e-05,0.00015962087088683408
1032,-3.2212830142003845,1.0,1.0,0.0,0.0,1.0,1.0,0.0,1.0,1.0,0.0,1.0,1.0
1033,6.849182586898817e-05,2.53772057777768e-05,0.00013759764134639121,0.00011222043556861441,0.0031527580789984895,9.939883504617164e-06,0.0001907170542465586,-0.00810359048781683,6.566817879471998e-05,0.00015315958292383414,-0.0007235710289507636,5.235550339932615e-07,6.891628686878093e-05
1034,5.113592848038362e-05,1.9586993242966717e-05,0.0001769849974573671,0.00015739800421440037,-0.0006258089454448561,3.916368362943956e-07,0.00011682462786888337,0.006956528024666306,4.839328215777705e-05,0.000214283404134874,-0.0031584902619424086,9.976060734828707e-06,0.00019984696036834393
1035,5.329912332119324e-05,1.793122879623077e-06,0.0003360342431393641,0.000334241120259741,0.001304622146265209,1.7020389442290451e-06,0.0003463429294493503,-0.00036143205585651545,1.3063313086814077e-07,0.0003939197215417911,0.0018832675231754902,3.546696563772045e-06,0.0002678400784269508
1036,-3.2212830142003845,1.0,1.0,0.0,0.0,1.0,1.0,0.0,1.0,1.0,0.0,1.0,1.0
1037,0.001645898457761974,0.0007785457770336975,0.0015571631160727166,0.0007786173390390191,-0.002160632104817242,4.6683310922501775e-06,0.0003636749188355992,0.037495030568177226,0.001405877317308346,0.002629294091101797,-0.030415319868453812,0.0009250916827004962,0.0016785203382807534
1038,0.00010319409908710053,4.491005763503549e-05,0.00015890686565996534,0.00011399680802492984,0.008024062999682863,6.438558702226427e-05,0.00014617292650509484,0.006810986840914341,4.638954174762677e-05,0.00010383384923651207,-0.004894389046194719,2.395504413521543e-05,0.0002267138212382891
1039,1.465069265127461e-05,8.635949469611623e-06,0.00015162529943387368,0.00014298934996426205,-0.0035620037446034637,1.2687870677208224e-05,0.0001089895746587688,-0.003597001581710181,1.2938420378194593e-05,0.00012398351810405384,-0.0005306197824498075,2.8155735343204924e-07,0.00022190280553879838
1040,-3.2212830142003845,1.0,1.0,0.0,0.0,1.0,1.0,0.0,1.0,1.0,0.0,1.0,1.0
1041,0.02667173803827605,0.009727829158412785,0.04048685258920178,0.030759023430788998,-0.15760953167509548,0.024840764474842847,0.08866353438803631,-0.010719915292954145,0.00011491658388818049,0.0074714493359430145,0.06502158423560324,0.004227806416507329,0.02532557404362601
1042,0.00017736224244047083,3.0993138318150905e-05,0.0002753616280664432,0.0002443684897482923,0.006600663250399361,4.35687553455022e-05,0.000185080546370342,0.007029246852297255,4.941031131111551e-05,0.000316556381852795,1.8662726434003505e-05,3.4829783501777456e-10,0.0003244479559761926
1043,0.00012826687731126718,9.30180605026217e-06,0.00020710782699791727,0.0001978060209476551,0.00081424490112966,6.629947588709939e-07,0.00019986647719894002,0.004443808294656027,1.9747432159489264e-05,0.00014418353892386992,-0.0027376981631532173,7.494991232426251e-06,0.00027727346487094184
1044,0.00018290948936516838,0.00011212576365867329,0.00017649288410877725,6.436712045010397e-05,0.010084050744860625,0.00010168807942412261,0.0001557766121165205,-0.011527295619751658,0.00013287854430588109,0.0001854877580547143,0.010090127216524069,0.00010181066724601617,0.00018821428215509695
1045,0.00023506546545293272,0.00014416791417655914,0.0002682557390201549,0.0001240878248435958,-0.011840027318726947,0.00014018624690859127,0.0003373514168425462,0.01323306381106159,0.00017511397782798976,0.0003182470703703144,0.010826057352187298,0.00011720351779309635,0.0001491687298476041
1046,2.9159452957339127e-05,1.1559764426349872e-05,0.0002494363239767816,0.00023787655955043174,0.004506098595371434,2.0304924551073356e-05,0.00034500469663412137,-0.0031591372469136902,9.980148144794754e-06,0.00026742302632232207,-0.002096239629179086,4.394220583181507e-06,0.00013588124897390141
1047,4.7847041458881634e-05,1.4714947861353226e-05,0.0001170637421487782,0.00010234879428742497,-0.0026000672840563233,6.760349882228844e-06,0.00010216766822901402,0.0023023116698245544,5.300639025707099e-06,8.746723585906224e-05,-0.005664261176559907,3.2083854676123735e-05,0.00016155632235825834
1048,0.000138364989174522,7.137458959845706e-05,0.00020744778816102669,0.0001360731985625696,-0.00291524831851226,8.498672759871262e-06,0.00015155946101641504,-0.01144720881551174,0.00013103858966501125,0.00030357612215459184,0.00863634797647483,7.458650637048869e-05,0.00016720778131207314
1049,0.00033630172039067485,0.00011933734430343475,0.0007963250380071211,0.0006769876937036863,0.014353736777953869,0.000206029759490578,0.0013231727836967577,0.011784058338187086,0.00013886403091789568,0.00020004466293621626,-0.003621911443113666,1.311824250183058e-05,0.0008657576673883893
1050,0.00012183388594655398,1.909934515109679e-05,9.822915763146867e-05,7.912981248037187e-05,-0.0040186160246658,1.6149274753574083e-05,7.026474916005387e-05,0.003542906320600032,1.2552185196579302e-05,0.00013251168952665981,-0.005347576600874509,2.859657550313699e-05,9.191103420769231e-05
1051,5.6179065794803584e-05,2.4328131906855194e-05,0.0004029387824142268,0.00037861065050737164,-0.004558002606917157,2.077538776468213e-05,0.00042260840189245474,0.001513409809465937,2.290409251592962e-06,0.00022657971647255248,0.007065309526440131,4.9918598704290496e-05,0.0005596282288776733
1052,2.620177977197269e-05,1.5955446793706567e-05,0.00013617919727345237,0.0001202237504797458,0.0037027030972250855,1.3710010225986835e-05,0.00012113383568190805,0.004243414643682044,1.8006567838457777e-05,0.00014449167992758305,0.004018676687205924,1.6149762316675087e-05,0.000142912076210866
1053,-3.2212830142003845,1.0,1.0,0.0,0.0,1.0,1.0,0.0,1.0,1.0,0.0,1.0,1.0
1054,1.0223720775082157e-05,3.839565815918118e-06,0.00038279515357275695,0.00037895558775683885,0.001125632920546308,1.267049472009063e-06,0.00024470117131503155,0.0020395043437179197,4.159577967732808e-06,0.0002602578753109208,0.0024682119050420345,6.0920700080124845e-06,0.0006434264140923185
1055,0.00014883315416713838,5.7615581690077335e-05,0.00026479774271518747,0.00020718216102511014,-0.010562652957000268,0.00011156963749026083,0.0002186701602397978,-0.004779376122446056,2.2842436119829834e-05,0.00029903338624959197,0.006199570264144586,3.8434671460141345e-05,0.0002766896816561726
1056,-3.2212830142003845,1.0,1.0,0.0,0.0,1.0,1.0,0.0,1.0,1.0,0.0,1.0,1.0
1057,-3.2212830142003845,1.0,1.0,0.0,0.0,1.0,1.0,0.0,1.0,1.0,0.0,1.0,1.0
1058,0.00011130791620028724,3.432702091932249e-05,7.294851477179787e-05,3.8621493852475375e-05,-0.0075287227358961355,5.668166603434166e-05,9.708175242262307e-05,-0.0031209935975825298,9.740601036201113e-06,4.846938190317118e-05,-0.006046386994500676,3.6558795687424706e-05,7.329440998959935e-05
1059,-3.2212830142003845,1.0,1.0,0.0,0.0,1.0,1.0,0.0,1.0,1.0,0.0,1.0,1.0
1060,0.00015249158271068985,6.058973456009772e-05,0.0003527608621809823,0.0002921711276208846,0.01025147119312306,0.00010509266162395114,0.0005664592524059486,0.005538070991197989,3.067023030323135e-05,0.00017361710157115517,0.006782795275771074,4.600631175311065e-05,0.000318206232565843
1061,1.72422458051269e-05,8.31214560063446e-06,0.00018297595000367947,0.00017466380440304502,0.0036273657820072493,1.3157782516759475e-05,0.0001269855158857469,0.0016988386543776881,2.8860527739871245e-06,0.00012751570330582496,-0.002982046530672053,8.892601511156784e-06,0.0002944266308194665
1062,5.695957277829233e-05,2.1031499634801185e-06,0.00021511247048137486,0.00021300932051789473,-0.001673094414934661,2.79924492108119e-06,0.00025851853145020254,0.0011929086795811313,1.42303111827502e-06,0.00019501500306495778,-0.0014447054547367761,2.0871738510841453e-06,0.00019180387692896428
1063,0.00010969499357571522,6.674513552880808e-05,0.00026532698006224525,0.0001985818445334372,0.009353793698884675,8.749345656100527e-05,0.000272710129927356,0.0067693646595654786,4.58242978941259e-05,0.00026831170860053266,0.008180321028631164,6.691765213129308e-05,0.00025495910165884705
1064,7.305927336498375e-05,2.25235448710522e-05,0.00035446484548973256,0.0003319413006186804,-0.0032097937821056284,1.0302776123571888e-05,0.00032459751610014465,-0.002341506566905847,5.482653002597537e-06,0.0002689457201217049,-0.007196193819461315,5.1785205486987174e-05,0.0004698513002473481
1065,2.493856735807931e-05,2.762842595852947e-06,0.00015643836958952514,0.0001536755269936722,0.0025142180573725936,6.321292440047976e-06,0.00014761016685671535,-0.0010215462530499563,1.0435567469047058e-06,0.0001574583990606726,-0.0009610819947128653,9.236786006061593e-07,0.00016424654285118745
1066,0.00011862752293201329,5.107291671246905e-06,0.00011485907736463741,0.0001097517856933905,0.00247285337656069,6.115003822193543e-06,0.00011490936989322353,-0.0030342147615242364,9.206459218980001e-06,0.0001255388532525048,2.0297101425976713e-05,4.119725671714036e-10,0.00010412900894818389
1067,0.00016723277599495212,9.851317886814629e-06,0.00017399152611274893,0.0001641402082259343,-0.0027157748602571192,7.3754330915942745e-06,0.00020097800552687506,-0.0004992127372138748,2.4921335683991686e-07,0.00020700748368851496,-0.004682873819775805,2.1929307212009697e-05,0.00011398908912285677
1068,0.00013032627915854356,4.242513198941348e-05,0.00020208149426625965,0.00015965636227684618,0.0006655660525254669,4.4297817014538055e-07,0.0001789924702910728,-0.001069691711241551,1.1442403573536097e-06,0.00017028119037854061,-0.011211073875448604,0.00012568817744074146,0.00025697082212916555
1069,3.8323456840627657e-05,9.041637932472035e-06,0.00016805183180653346,0.00015901019387406143,0.004890593327822892,2.3917903098302773e-05,9.247957555569286e-05,-0.0017883510070067416,3.1981993239282858e-06,0.00017914782623762449,-9.386892779163531e-05,8.811375185047154e-09,0.00023252809362628302
1070,8.45687540440565e-07,4.109673514459307e-07,9.433420327623991e-05,9.392323592479398e-05,0.0004786897431626437,2.2914386987871183e-07,8.543349840739456e-05,-0.0007893924625190739,6.231404605649971e-07,0.00011039737493256929,-0.0006169422371696207,3.806177238940833e-07,8.717173648875587e-05
1071,8.189485442289257e-05,3.578229363513744e-05,0.00028385568529346966,0.0002480733916583322,0.006704457895019434,4.494975566604609e-05,0.00018551847010173095,0.0032532959404122184,1.0583934475949519e-05,0.000296592391096584,0.007198138006706673,5.181319076341673e-05,0.000369456194682094
1072,0.0001220314459829952,7.250252154637297e-05,0.0008043854741265714,0.0007318829525801984,-0.009291812438809149,8.633777839828216e-05,0.0008497512354304071,0.007947495484755932,6.316268448025575e-05,0.0007729101983852127,0.008246641847532408,6.8007101760581e-05,0.0007904949885640944
1073,6.537128120431834e-05,3.3578424953957985e-05,0.00018011343924195788,0.0001465350142879999,0.0035526763088564294,1.2621508956200955e-05,0.00013266784931242892,-0.0065202167286297855,4.251322618897824e-05,0.0001892107532329712,-0.006752817168857132,4.5600539716694755e-05,0.00021846171518047353
1074,0.0001352475439760914,0.0001070504548358701,0.0002654034604821683,0.00015835300564629817,-0.011426466997909723,0.00013056414805423522,0.00030579928713658777,0.009571095319171437,9.160586560830186e-05,0.00022506367672592287,0.009948937171641184,9.89813508450732e-05,0.00026534741758399427
1075,2.625693487079417e-06,7.199113669642543e-07,0.00018030275382056407,0.00017958284245359982,-0.0007827328014456635,6.126706384446123e-07,0.00020532363319614166,-0.0012249402945121522,1.5004787254913055e-06,0.0002826840171362699,-0.000215834975876164,4.658473695684506e-08,5.2900611129280684e-05
1076,2.0126093934424993e-05,1.1360884406082702e-05,0.000238688998097721,0.0002273281136916383,-0.003643526632547014,1.3275286321889901e-05,0.00030414078253593324,0.0013174709708795567,1.7357297588116438e-06,0.00017832867598888136,0.004367108555666891,1.907163713754656e-05,0.0002335975357683484
1077,3.305379807372333e-05,1.3151185750478097e-05,0.00013871369915437656,0.00012556251340389846,0.004827039103091715,2.3300306503326595e-05,0.00012126202348550219,-0.002294675076476247,5.265533706055869e-06,0.000158108543916069,-0.0032996540791098757,1.0887717042051825e-05,0.00013677053006155848
1078,2.094298698218644e-05,1.0716350564562068e-05,0.00038816742390475795,0.0003774510733401959,0.003275875650171969,1.0731361274940454e-05,0.000172152727449415,0.0012441330697731607,1.5478670946089679e-06,0.0002603576960685805,0.0044575580000938845,1.986982332413678e-05,0.0007319918481962784
1079,-3.2212830142003845,1.0,1.0,0.0,0.0,1.0,1.0,0.0,1.0,1.0,0.0,1.0,1.0
1080,-3.2212830142003845,1.0,1.0,0.0,0.0,1.0,1.0,0.0,1.0,1.0,0.0,1.0,1.0
1081,-3.2212830142003845,1.0,1.0,0.0,0.0,1.0,1.0,0.0,1.0,1.0,0.0,1.0,1.0
1082,-3.2212830142003845,1.0,1.0,0.0,0.0,1.0,1.0,0.0,1.0,1.0,0.0,1.0,1.0
1083,0.014965086287407225,0.004932367667282851,0.006441687005749541,0.0015093193384666899,-0.10172490893683622,0.010347957098207683,0.012877845698716639,0.05609154187309442,0.003146261069701062,0.003706582400511027,0.03609549603398892,0.0013028848339398102,0.0027406329180209577
1084,0.00042912781745618744,0.00016642450500770067,0.0011831102439266623,0.0010166857389189616,0.014045784836072916,0.00019728407166141881,0.0017478634936838322,-0.017355217992344733,0.00030120359156171617,0.0006639539048534093,0.0008864828256144233,7.858517999670411e-07,0.0011375133332427456
1085,2.4135373650202574e-05,1.6812865634855772e-05,0.00038723577046273494,0.00037042290482787915,0.002649737576358436,7.021109223681599e-06,0.00012212267945388433,0.004519152322312978,2.0422737712189054e-05,0.0005187012438988559,-0.004795284138486141,2.299474996869666e-05,0.0005208833880354646
1086,0.0003313462144916013,8.67413575768398e-05,0.0007495947518978788,0.0006628533943210391,0.00019179420840124498,3.678501814263768e-08,0.0010690434821459815,0.01522822919276746,0.0002318989643474989,0.0010043671348305416,0.005318676843423132,2.8288323364877854e-05,0.00017537363871711342
1087,0.0001484490736108901,9.431422282143072e-05,0.00025456597150452787,0.00016025174868309716,0.004344971674411689,1.887877885109468e-05,6.682674227409535e-05,0.011226489932263405,0.00012603407619959928,0.0003429407698959386,0.011748608999092117,0.0001380298134135982,0.00035393040234354967
1088,0.00032123239008097215,0.00015438399404998915,0.00043664651569563784,0.0002822625216456487,-0.01660544241717564,0.0002757407178700655,0.0004960514615567346,-0.012554514361788833,0.00015761583086038033,0.0003357232316472114,-0.005458519343150333,2.9795433419521622e-05,0.0004781648538829675
1089,-3.2212830142003845,1.0,1.0,0.0,0.0,1.0,1.0,0.0,1.0,1.0,0.0,1.0,1.0
1090,5.796505138300212e-05,3.679948691862981e-05,0.0001471447661242816,0.00011034527920565179,0.004492214999531274,2.0179995602331857e-05,0.00012912198492609495,-0.006820226910419822,4.651549510958919e-05,0.00016521339756758735,0.0066108221912476485,4.370297004396839e-05,0.00014709891587916246
1091,1.2184520215563488e-05,1.2393071672963292e-06,6.725953136406855e-05,6.602022419677223e-05,-0.001904162211239891,3.625833726372818e-06,5.9241481954575015e-05,0.00020401294359164812,4.162128108831098e-08,6.399298707626677e-05,0.00022464748959786772,5.046649442785878e-08,7.854412506136388e-05
1092,3.054253897094572e-05,1.1079808291107144e-05,0.0002974337563390976,0.0002863539480479904,-0.00549678144160202,3.0214606216660833e-05,0.0004266409438389296,-0.0013682190812377899,1.8720234546965031e-06,0.00025009449196333744,0.0010736830083812351,1.1527952019640963e-06,0.00021556583321502565
1093,-3.2212830142003845,1.0,1.0,0.0,0.0,1.0,1.0,0.0,1.0,1.0,0.0,1.0,1.0
1094,4.990998201503949e-05,1.6717032389331383e-05,0.00022253568416078876,0.00020581865177145736,-0.0029504149949951698,8.704948642690447e-06,0.0002732688785903603,0.006240224805962928,3.894040562923973e-05,0.0002902036627792093,-0.001582953851693186,2.5057428960639783e-06,0.0001041345111127967
1095,0.0001392351457470964,2.5565322954908726e-05,0.00017318146796755732,0.00014761614501264858,-0.003787370580216096,1.4344175911618073e-05,0.00014525998513226224,-0.003967519736238927,1.5741212858078057e-05,0.000144601846523984,-0.006827194159732004,4.661058009503005e-05,0.00022968257224642574
1096,2.6070159890423383e-05,8.894795655763529e-06,0.0002887478851342588,0.0002798530894784953,0.0006105549313517852,3.7277732434226607e-07,0.0003076513407128667,0.0009252346771259281,8.560592077433427e-07,0.00040769368449589116,-0.005045349386825403,2.5455550435204977e-05,0.0001508986301940185
1097,0.00010570177573132611,6.042489076015419e-05,0.0001444738548529075,8.404896409275331e-05,0.0034704304547901917,1.2043887541834941e-05,7.837970818769247e-05,-0.009446509285980358,8.923653769077333e-05,0.00018443521897382187,0.00894395030443656,7.99942470478543e-05,0.00017060663739720816
1098,1.2307640798847608e-05,4.231281757120324e-06,0.00013553287306059905,0.00013130159130347874,0.00318815970767979,1.0164362321818388e-05,0.00010157034187108227,0.000878961960462009,7.725741278941101e-07,0.0001644947085461812,0.0013254843724311378,1.756908821648473e-06,0.0001405335687645337
1099,0.00048019565884804827,0.0002013716438550306,0.0005953974021937943,0.00039402575833876374,0.0005093953666940965,2.594836399083533e-07,0.00026522340455414906,0.016290347598290292,0.0002653754248732598,0.0006813219583429175,0.018397826584997178,0.0003384800230519236,0.0008396468436843163
1100,0.00035239321652058564,9.995997519189152e-05,0.0005405750813995599,0.00044061510620766836,-0.016176785845027353,0.0002616884002756281,0.0005661324028203296,0.004604528785832191,2.1201685339478082e-05,0.00043237019565500745,0.0041218733557100585,1.6989839960568354e-05,0.0006232226457233425
1101,0.0002473246506341509,5.396629199135491e-05,0.00023129087165052464,0.00017732457965916973,-0.0032261700916389503,1.0408173459985903e-05,0.00013890012530159979,-0.010473810532159778,0.0001097007070635092,0.0001804274744473533,-0.006464518191679684,4.1789995450569606e-05,0.00037454501520262085
1102,1.773623561329707e-05,5.61897539952394e-06,8.454877906027836e-05,7.892980366075442e-05,-0.0017226340057225873,2.9674679178359753e-06,0.0001253612578523411,0.00031385530246926717,9.850515103604351e-08,4.59054955153082e-05,0.0037136172567498837,1.3790953129699801e-05,8.237958381318577e-05
1103,-3.2212830142003845,1.0,1.0,0.0,0.0,1.0,1.0,0.0,1.0,1.0,0.0,1.0,1.0
1104,-3.2212830142003845,1.0,1.0,0.0,0.0,1.0,1.0,0.0,1.0,1.0,0.0,1.0,1.0
1105,4.7733513626413426e-05,1.1121185715667892e-05,0.00022364383004887708,0.0002125226443332092,0.0027222602172392958,7.410700690546612e-06,0.0001302741813347108,-0.004379047593484052,1.9176057825753823e-05,0.00043503433795466506,0.0026032285014291365,6.77679863070324e-06,0.00010562297085725536
1106,3.4764083212901475e-05,1.6427280244942406e-05,0.00023026323082427544,0.00021383595057933302,-0.004516744468666122,2.0400980595414175e-05,0.0003450532288774566,0.004482445886007913,2.0092321121212287e-05,0.00013881718721497904,-0.002964547017372961,8.788539018200758e-06,0.00020691927638039065
1107,5.005570962990369e-05,4.566985884542814e-06,0.00022616503751515804,0.00022159805163061522,-0.0030074469302594077,9.044737038554906e-06,0.00019547629491634133,0.0016261349401321874,2.6443148434251995e-06,0.00025581886392289643,-0.0014184166424789121,2.011905771648337e-06,0.00022719995370623636
1108,1.7305298843917072e-05,4.332343954878877e-06,0.0002219414787620518,0.00021760913480717292,0.0003182435978519424,1.0127898786294054e-07,0.0002828039038231811,0.00022857654728897705,5.224723864660774e-08,0.00028127655516851924,0.0035837837042231487,1.2843505638127084e-05,0.00010174397729445506
1109,0.0001421250392540374,2.650345059015032e-05,0.00024348469080970325,0.00021698124021955292,-0.004114776412618871,1.693138492608881e-05,0.0003483529115864137,0.006049477800086122,3.659618165430256e-05,7.451055356300085e-05,0.005097331183098508,2.5982785190059587e-05,0.00030759060727969523
1110,6.600141517509872e-05,2.3474045753054302e-05,0.00020408791663872883,0.00018061387088567452,-0.0012466027304927632,1.5540183677664743e-06,0.0001281633020365769,0.0024202503523474725,5.857611768078641e-06,0.00012819954921949872,-0.007937915792149126,6.30105071233178e-05,0.0003559008986601109
1111,0.004244745779870218,0.0038748902071659153,0.008626603129930577,0.0047517129227646615,0.06362715757915119,0.004048415181602372,0.009037246198831173,-0.05772904610155887,0.0033326427637959677,0.007543708460327592,-0.06514301709392405,0.004243612676099406,0.009298854730632966
1112,0.00013543588964626263,6.179633437038608e-06,0.00011187379463154883,0.00010569416119451022,-0.0011889145354131462,1.4135177724972081e-06,0.00011902961491616626,0.003936093845166501,1.549283475832386e-05,9.155388657722252e-05,0.0012777119316467096,1.6325477802947574e-06,0.00012503788240125768
1113,1.1536594492711494e-05,1.9005343572982744e-07,0.0002054287978541606,0.00020523874441843076,0.00013482214755179887,1.8177011784636932e-08,0.00019701980615272063,-0.00042696548791435536,1.8229952847281794e-07,0.000204386145909341,0.0006080162560059813,3.696837669320274e-07,0.00021488044150042018
1114,-3.2212830142003845,1.0,1.0,0.0,0.0,1.0,1.0,0.0,1.0,1.0,0.0,1.0,1.0
1115,0.00015170851292456433,9.081636044853496e-05,0.00032762873903735557,0.0002368123785888206,0.008661552370284493,7.502248946300583e-05,0.00027678390728747004,-0.007465498255200132,5.573366419853176e-05,0.00029517696641279123,-0.011903483846516762,0.00014169292768406727,0.0004109253434118054
1116,0.00012308679440320436,4.3748219305454285e-05,0.00024042839822106346,0.00019668017891560918,-0.004498652550720625,2.0237874771678044e-05,0.0002090308294757648,-0.010034682287707613,0.00010069484861496836,0.0003352673063123923,0.0032112200998117802,1.031193452971646e-05,0.0001769870588750333
1117,1.4625728621542322e-06,2.1896807285889017e-07,0.00010539972179150296,0.00010518075371864408,-0.0007609412025560214,5.790315134035495e-07,0.0001040573417608881,0.00019058440436182825,3.6322414631584365e-08,6.955287638643615e-05,-0.0002038388830762904,4.155029054153658e-08,0.00014258894722718463
1118,0.0012522366885092673,0.00027486940087051437,0.0009033981704172541,0.0006285287695467398,-0.013269200894037486,0.00017607169236655285,0.000365115475407074,-0.025204393346544392,0.0006352614439673054,0.001880383536954633,0.003643496435789331,1.3275066277684822e-05,0.00046469549889005535
1119,0.00022510132234487834,5.944613257324871e-05,0.0004522598089287122,0.0003928136763554635,0.001626133966168134,2.6443116757368657e-06,0.0005783436158296462,0.012983496580506198,0.00016857118345592337,0.0004284540074380727,0.002668876652850179,7.1229025880859e-06,0.0003499818035184177
1120,-3.2212830142003845,1.0,1.0,0.0,0.0,1.0,1.0,0.0,1.0,1.0,0.0,1.0,1.0
1121,8.468107054260265e-05,3.0698310150752604e-05,0.00028688783176048876,0.0002561895216097362,0.0026101855005467704,6.813068347155671e-06,0.00042730449200900633,0.009010357862968745,8.118654881850151e-05,0.0003025452573083287,0.0020236880409280796,4.0953132866006214e-06,0.0001308137459641312
1122,0.00011314038167753449,1.5014992663283284e-06,0.00022810683037162902,0.00022660533110530068,-0.0020223703494826684,4.089981830546208e-06,0.0001632449270163594,-0.0005276710939860152,2.7843678396255456e-07,0.0002745117338658343,0.0003688891218274728,1.3607918447622325e-07,0.00024656383023269335
1123,0.00010567976110531507,4.358543757835657e-05,0.00019569625493072915,0.00015211081735237258,-0.005260500459317111,2.7672865082206677e-05,0.00010155193593019973,0.004407208914321359,1.9423490414505196e-05,5.200279268890995e-05,-0.009146581724261098,8.365995723835784e-05,0.00043353403617307773
1124,0.00010077732493896097,3.749158523798831e-05,0.00017768151834240964,0.00014018993310442132,-0.0049902676404992635,2.4902771124768464e-05,0.00010817839271726193,0.008884146573186471,7.892806033360511e-05,0.000326431844998476,-0.0029400551451044016,8.643924255591351e-06,9.843431731149099e-05
1125,0.010668906984145798,0.00108769530739176,0.004413403568614416,0.0033257082612226556,-0.015198636617724273,0.00023099855503749822,0.0014991990080956974,-0.0072593422798980425,5.269805033680797e-05,0.0015496722709514854,0.054583782543910435,0.0029793893168009733,0.010191339426796064
1126,0.0001723248727097948,4.462998119262688e-05,0.00017764672129871872,0.00013301674010609185,0.006193315985194723,3.835716289202207e-05,9.475512844325795e-05,-0.0006196174931248506,3.839258375659682e-07,0.00011594341516418805,-0.009754427448502592,9.514885484829261e-05,0.0003222416202887102
1127,0.00014956949834166178,4.8659658711887786e-05,0.00018609218675228836,0.00013743252804040057,-0.012003009457649956,0.00014407223603996044,0.0002721574402614335,0.0012780729982897346,1.6334705890130863e-06,4.8297474296576937e-05,0.0005227518594646249,2.7326950668982164e-07,0.00023782164569885467
1128,0.00010093363049423765,3.933155359322112e-05,0.00030803681108086217,0.00026870525748764107,-0.00878553304451682,7.718559087721566e-05,0.0004188879981060767,-0.006241238418152293,3.895305699286311e-05,0.0003393092660205488,0.0013623556469154908,1.8560129095845923e-06,0.000165913169115961
1129,6.918656517518329e-05,3.7078079352233693e-05,0.00028859238330188514,0.00025151430394965146,-0.0066022210327826986,4.3589322566317534e-05,0.0002890579783585423,-0.007394836349822499,5.468360464055966e-05,0.0003263123143094626,0.0036001820577509606,1.2961310849823882e-05,0.00025040685723765055
1130,7.120064232002399e-05,7.072489118575831e-06,0.0002795377938399716,0.0002724653047213958,0.003285412991255036,1.0793938521880264e-05,0.00025405663709243687,0.0032270551806078294,1.0413885138338408e-05,0.00029098354674306215,-9.82023233849469e-05,9.643695508820826e-09,0.0002935731976844158
1131,-3.2212830142003845,1.0,1.0,0.0,0.0,1.0,1.0,0.0,1.0,1.0,0.0,1.0,1.0
1132,0.00013816212355588497,2.7504710884714474e-05,0.00020762314805526186,0.00018011843717054737,0.0001832370598296958,3.357581990215408e-08,0.00016659674237651245,0.007904228711691113,6.24768315264923e-05,0.00020811021488986725,-0.004472552437671921,2.0003725307748965e-05,0.0002481624868994059
1133,4.050285929790842e-05,9.884036821154277e-06,0.0003383216890039398,0.0003284376521827855,-0.00032190571621258884,1.0362329005975113e-07,0.0006299446853735846,0.005374922956784878,2.8889796791276012e-05,0.00019870395432375343,-0.0008115974262398186,6.586903821270695e-07,0.00018631642731448128
1134,-3.2212830142003845,1.0,1.0,0.0,0.0,1.0,1.0,0.0,1.0,1.0,0.0,1.0,1.0
1135,7.316858341799293e-05,3.760648306664708e-05,0.00026446956936258353,0.00022686308629593646,-0.006254709032793845,3.91213850847727e-05,0.0003865013820704144,0.0029136063055700337,8.489101704034496e-06,0.00015037900150871586,-0.008075206648216714,6.520896241113405e-05,0.0002565283245086203
1136,-3.1176134354976384,1.0990576092180977e-06,0.0001617208181179016,0.0001606217605086835,0.0010483594843995285,1.0990576112535066e-06,0.000161720818119937,0.0010483594843995298,1.0990576080338599e-06,0.00016172081811638428,-0.0010483594843995303,1.0990576083669268e-06,0.00016172081811738348
1137,5.899009915988351e-06,1.7397193242304116e-06,0.00010005834269932734,9.831862337509693e-05,4.130749126701864e-05,1.7063087609514582e-09,0.00012762941553101648,0.001174277035479334,1.3789265559394082e-06,7.867435094599529e-05,0.001959215431794012,3.8385251079908755e-06,9.387126162097026e-05
1138,0.0001230046915879912,4.147477417859591e-05,0.00022019544568348723,0.00017872067150489132,-0.0013332901423354774,1.7776626035637122e-06,0.00029921446054803624,-0.010774040173012658,0.00011607994164963831,0.00014581033113092445,0.0025625608836814754,6.566718282585704e-06,0.00021556154537150096
1139,-2.920548987074905,5.653066093014303e-08,0.00013919326137556975,0.0001391367307146396,4.296456436635703e-06,1.8458234940510465e-11,0.00013877233377290743,-0.0002300954258931962,5.2943904482738446e-08,0.00013904486449811682,0.0003415107882916778,1.1662962007275013e-07,0.00013976258585568502
1140,5.605511493644855e-06,2.9428335918494732e-06,0.00010286977457096835,9.992694097911888e-05,0.0018065103713896166,3.2634797219044387e-06,0.00012101109705175972,0.0008615909633199241,7.423389879468445e-07,6.985093679290344e-05,0.002196060578791207,4.822682065697137e-06,0.0001177472898682419
1141,5.518785738301002e-05,1.8851831253940965e-05,0.0003215701227508398,0.00030271829149689883,-0.0036585578984469447,1.3385045895986103e-05,0.00041461947819043665,0.003740956243210928,1.3994753613633115e-05,0.00028260669096125124,0.005401452976053267,2.9175694252203677e-05,0.00026748419910083143
1142,0.0001046714752797051,5.672634283012309e-05,0.0001859781058216233,0.0001292517629915002,-0.0029030203760535968,8.427527303456195e-06,6.733549513238124e-05,-0.009370762981204345,8.781119885015176e-05,0.000338258332063468,-0.008598854710762853,7.39403023367613e-05,0.00015234049026902063
1143,2.8303464259193944e-05,1.0006320965927351e-05,0.00018531244117706938,0.00017530612021114203,-0.004806494265130957,2.3102387120665924e-05,0.00021437159800652417,0.0008953645731309433,8.01677719097782e-07,0.00011881280015391127,0.0024728319914657957,6.114898058018348e-06,0.00022275292537077274
1144,0.00010897660979070078,4.9769020037393474e-05,0.00017208181220533061,0.00012231279216793714,0.009932700678261807,9.865854276391861e-05,0.0002169112609486934,0.004375532393148214,1.9145283723709383e-05,0.00019662535823650185,0.005612774146925438,3.150323362455243e-05,0.00010270881743079663
1145,0.0002379654856563551,5.364995555519799e-05,0.00021311127053188125,0.00015946131497668325,-0.004163906281861385,1.7338115523957143e-05,0.00022035253730756654,0.011979641320739618,0.0001435118061735574,0.0003111592571033439,0.00031614074143558325,9.994496807941289e-08,0.00010782201718473328
1146,6.711832871153511e-05,4.273825446495424e-05,0.00023542146394250896,0.0001926832094775547,-0.007787343942335308,6.064272567685158e-05,0.0002831108413413608,-0.002559176522937419,6.549384476195463e-06,0.00018796712528068582,-0.007811699766505493,6.102265324181566e-05,0.00023518642520548028
1147,0.00016721136188291297,5.665688567117281e-05,0.0005527598502802489,0.0004961029646090761,0.005749075590321962,3.3051870143463447e-05,0.0006202563130850436,0.006397742106075957,4.093110405600786e-05,0.0005353140806710899,0.00979733039219674,9.598768281404713e-05,0.0005027091570846132
1148,7.534682636578527e-05,1.92759952902799e-05,0.00018687976779689178,0.00016760377250661188,-0.0005271872218172842,2.7792636758672273e-07,0.00012544086111054842,-0.007577474458934994,5.7418119175922655e-05,0.0003894991213355681,0.00036323591131694406,1.3194032733032657e-07,4.569932094455886e-05
1149,8.465285485481644e-06,1.92360423811877e-06,0.0001924529361410817,0.00019052933190296292,-0.0014221116665156372,2.0224015911951554e-06,0.00021591583142943627,0.0012259815995794925,1.5030308828656302e-06,0.0001781610471105477,-0.0014984592885224377,2.2453802402955247e-06,0.00018328192988326109
1150,1.4176374196761543e-06,4.367560551369702e-07,0.00014880383245615322,0.00014836707640101626,-0.00040343939959584693,1.6276334935394488e-07,0.00015536053492748447,0.00011162184259530006,1.2459436149470093e-08,0.00016436025176125302,-0.0010653850852222033,1.1350453799074955e-06,0.00012669071067972215
1151,-3.2212830142003845,1.0,1.0,0.0,0.0,1.0,1.0,0.0,1.0,1.0,0.0,1.0,1.0
1152,7.388653720175054e-05,1.944023280046429e-05,0.00020828652568971595,0.00018884629288925167,0.0008810116695821693,7.761815622453483e-07,0.00011820876905688227,-0.0036743503789542767,1.3500850707615086e-05,0.00018614354951940193,-0.006636540223000217,4.404366613153243e-05,0.00032050725849286366
1153,0.00014246200816903087,1.6458676950696176e-05,0.00016841588668788562,0.00015195720973718946,0.005608026236028852,3.144995826398489e-05,0.00020723145819301347,0.0036795880659324805,1.3539368335147017e-05,0.00016240143003509733,0.002094446049304899,4.386704252956619e-06,0.00013561477183554604
1154,-3.2212830142003845,1.0,1.0,0.0,0.0,1.0,1.0,0.0,1.0,1.0,0.0,1.0,1.0
1155,0.0006499806071810221,0.00032702171265978447,0.0008506404273472823,0.0005236187146874978,-0.020863084095389704,0.00043526827797113476,0.0009766964542559098,0.021666915960542026,0.0004694552472416236,0.0011778153767538768,0.008737368755341385,7.634161276659501e-05,0.00039740945103206027
1156,-3.2212830142003845,1.0,1.0,0.0,0.0,1.0,1.0,0.0,1.0,1.0,0.0,1.0,1.0
1157,0.00019582927793904137,8.191478800019987e-05,0.00026365517960806145,0.0001817403916078616,-0.011144264312433257,0.00012419462706547701,0.0003157929838650819,-0.010844310936566876,0.0001175990796890014,0.0003385351653489854,-0.001987626032727971,3.950657246121203e-06,0.00013663738961011695
1158,5.2109347822959506e-05,1.84560428820868e-05,0.0001311478313287632,0.0001126917884466764,0.0025922128587734586,6.71956750541991e-06,6.262169655957273e-05,0.0027455162330559525,7.537859385231549e-06,0.00019377210700166625,0.00641176276507548,4.1110701755608936e-05,0.00013704969042505066
1159,0.0007488408389831891,0.0003253777689089891,0.0005905825709197806,0.0002652048020107915,-0.010135634399659955,0.00010273108468406011,0.0002441865439806179,-0.015696525412582134,0.0002463809100279324,0.0006295956021228344,0.02504039360742414,0.0006270213120149748,0.0008979655666558894
1160,-3.2212830142003845,1.0,1.0,0.0,0.0,1.0,1.0,0.0,1.0,1.0,0.0,1.0,1.0
1161,-3.2212830142003845,1.0,1.0,0.0,0.0,1.0,1.0,0.0,1.0,1.0,0.0,1.0,1.0
1162,5.287459778191561e-05,1.4937491131165418e-05,0.0002721751753326969,0.0002572376842015315,0.004570498747243376,2.0889458798967198e-05,0.00024947510165163056,0.004840014112662944,2.3425736610849235e-05,0.0002606679132600709,0.0007051793981718776,4.972779836798225e-07,0.00030638251108638936
1163,5.860988767758535e-05,1.625110933419401e-05,0.0002178017628572023,0.00020155065352300827,-0.002179197857863362,4.748903303819496e-06,0.00021925027302849287,-0.0016791976826279718,2.819704857159877e-06,0.00016358435979524355,0.0064175322236395375,4.118471984160266e-05,0.0002705706557478704
1164,-3.2212830142003845,1.0,1.0,0.0,0.0,1.0,1.0,0.0,1.0,1.0,0.0,1.0,1.0
1165,-2.97505242104396,7.456592318907014e-05,0.00035074846906935075,0.00027618254588028063,-0.008635156234224842,7.456592318899613e-05,0.00035074846906935075,0.008635156234224842,7.456592318921818e-05,0.0003507484690695728,0.008635156234224846,7.456592318899613e-05,0.0003507484690691287
1166,0.00013819752537580499,3.5332109573663985e-05,0.0005563247925321665,0.0005209926829585025,-0.006943660219182097,4.821441723934505e-05,0.0007537203534349057,0.006057506149888405,3.6693380755736804e-05,0.0008498345427820908,-0.004592225029957336,2.1088530725910104e-05,6.541948137950282e-05
1167,-3.2212830142003845,1.0,1.0,0.0,0.0,1.0,1.0,0.0,1.0,1.0,0.0,1.0,1.0
1168,0.00017244317475750837,6.57536528046269e-05,0.00022685378977638226,0.00016110013697175535,-0.004687595954628294,2.197355583377636e-05,0.00012609610453617748,0.00978953808978507,9.583505601151732e-05,0.00034615692124684294,-0.008913604577745217,7.945234656858702e-05,0.00020830834354612637
1169,-3.2212830142003845,1.0,1.0,0.0,0.0,1.0,1.0,0.0,1.0,1.0,0.0,1.0,1.0
1170,0.000539096931420513,0.00017779203042311842,0.0004323991595994725,0.0002546071291763541,0.0009351222136350546,8.744535545668342e-07,0.00032654369708384756,0.020001273775560435,0.00040005095264483703,0.0006351149026494474,0.011508722130185722,0.0001324506850699514,0.0003355388790651226
1171,-1.7042353540004629,2.076330674061211e-08,0.00011612525757827748,0.00011610449427153687,0.0001268333252440569,1.6086693532813e-08,0.00011601038899411442,-0.0002113432030770938,4.466594860641493e-08,0.00011401739025151958,3.9208148682294356e-05,1.5372780826083954e-09,0.00011834799348919844
1172,0.00010597014690116868,4.106310210124272e-05,0.0002612319516371124,0.00022016884953586965,-0.008299306147102945,6.887848252346007e-05,0.00037725441150771033,0.007270867213442196,5.286551003524931e-05,0.00018727401662765875,-0.001202212021484355,1.4453137450187725e-06,0.000219167426775968
1173,0.00018655682025314757,5.351594596358922e-05,0.000315140834678133,0.00026162488871454376,-0.007306747795356285,5.338856334491382e-05,0.00030240245603041505,-0.003151297761239239,9.93067758003896e-06,0.00036446134931156227,-0.009860456225034259,9.722859696581487e-05,0.00027855869869242156
1174,0.00014402443032313084,4.9208035704961794e-05,0.0002145554094566219,0.00016534737375166012,0.006937484026532181,4.8128684618564677e-05,0.00017809221842790546,-0.0064104154954922506,4.1093426825011825e-05,0.00020038801602695333,-0.007642119841448037,5.840199567130888e-05,0.00026518599391500697
1175,6.975021389910019e-05,2.6692829327286855e-05,0.0006772922574191561,0.0006505994280918692,-0.004498262630073912,2.0234366689075856e-05,0.0005855688472077292,-0.005145172112844815,2.6472796070931004e-05,0.0007215681529069151,-0.005776791948970676,3.337132522185371e-05,0.0007247397721428239
1176,0.00015742212670433187,7.481349457779303e-05,0.00019562174655792428,0.00012080825198013125,0.008910150038173416,7.939077370289205e-05,0.00020550170942934542,0.004372451994635805,1.9118336445522743e-05,9.014701704523898e-05,0.011221914880469903,0.0001259313735849643,0.0002912165131991884
1177,-3.2212830142003845,1.0,1.0,0.0,0.0,1.0,1.0,0.0,1.0,1.0,0.0,1.0,1.0
1178,0.00039836588678221485,0.0002756565916759805,0.002938800335458421,0.0026631437437824408,0.016346363046195144,0.00026720358483789397,0.001840500861822969,0.019693913457449714,0.00038785022726928187,0.003766170656665846,0.013111672773546053,0.0001719159629207656,0.003209729487886448
1179,0.00014106689350479318,9.133800439720119e-05,0.0004563212100051987,0.0003649832056079975,-0.011428666703983872,0.00013061442263062606,0.0003938739840083638,0.008474735036657093,7.182113394166301e-05,0.0004483711606252383,0.008460405227828191,7.15784566193145e-05,0.000526718485381994
1180,0.00016085601466231392,8.11214018323995e-05,0.00043592913572942926,0.00035480773389702974,0.00977150436083277,9.548229747402548e-05,0.0001926799724698558,-0.0031639297179830266,1.0010451260589193e-05,0.0003413037894182125,0.011741867686296752,0.00013787145676258383,0.0007738036453002195
1181,-3.2212830142003845,1.0,1.0,0.0,0.0,1.0,1.0,0.0,1.0,1.0,0.0,1.0,1.0
1182,-3.2212830142003845,1.0,1.0,0.0,0.0,1.0,1.0,0.0,1.0,1.0,0.0,1.0,1.0
1183,9.676256897761526e-05,2.5304234040531465e-05,0.0004358376762933676,0.00041053344225283617,0.0029931315803065576,8.958836656747238e-06,0.00018892428088523872,0.008131409503505424,6.611982051363263e-05,0.000619651048554215,0.0009132606151801055,8.340449512145298e-07,0.0004989376994406491
1184,7.352724886988682e-05,3.1322445772345255e-05,0.00011415913905262383,8.283669328027857e-05,-0.005877493740189122,3.454493266663583e-05,0.00011105812133171966,-0.005738408938432058,3.292933714482693e-05,0.0001398557980858417,0.0051471416830972975,2.649306750557301e-05,9.156349774031014e-05
1185,-3.2212830142003845,1.0,1.0,0.0,0.0,1.0,1.0,0.0,1.0,1.0,0.0,1.0,1.0
1186,0.000181424149760967,2.1621848506107415e-05,9.086103142482334e-05,6.923918291871592e-05,0.003481496728661144,1.2120819472105637e-05,0.0001377777810995795,0.002799877245020691,7.839312587187841e-06,4.3592215028143144e-05,0.006701150159405468,4.4905413459028765e-05,9.121309814674738e-05
1187,-3.2212830142003845,1.0,1.0,0.0,0.0,1.0,1.0,0.0,1.0,1.0,0.0,1.0,1.0
1188,0.0002139359493538162,5.703664926082208e-05,0.0001688005689285029,0.00011176391966768082,0.008908907660431724,7.936863570179309e-05,0.00021755513297527784,-0.009577583836304547,9.173011214147486e-05,0.0002587141793307657,0.00010582976416255849,1.1199939198291986e-08,3.013239447946514e-05
1189,0.0002344430412912768,0.00010749253737551978,0.0010900346583616234,0.0009825421209861036,0.0029398627729212107,8.642793123847525e-06,0.0013258225883838737,-0.012832082346073964,0.00016466233733647417,0.0011561523839151988,0.012213618696607698,0.00014917248166623764,0.0007881290027857979
1190,0.00038057683416181654,0.00030844535526897143,0.0008124833862045433,0.0005040380309355719,-0.017259743839192397,0.0002978987573943881,0.0006398761017912813,-0.018447689582182434,0.000340317250920541,0.0008927837587840992,-0.016944617360442765,0.0002871200574919852,0.0009047902980382494
1191,0.00015001011446147405,0.00010233998411050364,0.0003442565443814531,0.00024191656027094943,-0.011517579844922214,0.00013265464548373185,0.00034856639490488117,-0.00663245892089927,4.3989511337105824e-05,0.0003440053287814271,0.011418222081844006,0.00013037579551067324,0.00034019790945805095
1192,0.00013959695709542252,6.492661349688511e-05,0.0002114947725111449,0.0001465681590142598,0.0006560766961996301,4.304366311158603e-07,0.0002144358934854651,0.010450443535352868,0.00010921177008560434,0.00022059057980183816,-0.009227005677571783,8.513763377393513e-05,0.00019945784424613144
1193,2.454626252379466e-05,7.659785276355654e-06,0.00012651122265735135,0.0001188514373809957,-0.00240744292385638,5.795781431117142e-06,0.00011725537909590411,0.0041452365594149936,1.718298613317959e-05,0.00014630566443940562,2.4254146341103144e-05,5.882647702293298e-10,0.00011597262443674428
1194,-3.178374854635348,4.033821320622207e-05,0.0001705290057354055,0.00013019079252918342,-0.0063512371398366865,4.033821320592601e-05,0.00017052900573566454,0.006351237139836682,4.0338213206703166e-05,0.00017052900573588659,-0.006351237139836683,4.033821320603703e-05,0.00017052900573466534
1195,4.117137878656418e-05,3.960641450399353e-05,0.0002832191122150718,0.00024361269771107827,-0.006323822427286894,3.999073009175458e-05,0.0002813425470895581,-0.0064041463428052585,4.101309037995993e-05,0.0003162268124474732,-0.006149424610468621,3.781542304026608e-05,0.0002520879771081841
1196,0.00016043292335676806,2.0580225603250568e-05,0.00022446907131878913,0.00020388884571553856,-0.005661640992630722,3.205417872831351e-05,0.00020877573737099198,0.005394014774134107,2.9095395383649247e-05,0.00017783361027401412,-0.0007688320352913804,5.911026977889478e-07,0.0002867978663113613
1197,0.00012098824563500088,5.051040560814327e-05,0.00018007463881157074,0.00012956423320342747,-0.004266485354643721,1.8202897281272e-05,0.00012704693237597375,-0.005682448219310125,3.2290217765518214e-05,0.0001621773730167142,0.01005177107663412,0.00010103810177763961,0.0002509996110420243
1198,0.0001817734673285054,4.296992271290989e-05,0.0001377767286686223,9.480680595571242e-05,0.001437167906268716,2.0654515912044147e-06,0.00012740642704389682,-0.005569102316817425,3.101490061518941e-05,8.949016971948609e-05,-0.009789250018886697,9.582941593233585e-05,0.000196433589242484
1199,2.4131678836747383e-05,3.434837319460371e-06,0.00023456962803799128,0.0002311347907185309,0.00028610868584439195,8.185817990113975e-08,0.0001818562523991929,-0.0031265314808210693,9.775199100725551e-06,0.00028322243942024983,-0.000668920531641319,4.4745467775442194e-07,0.00023863019229453108
1200,-3.2212830142003845,1.0,1.0,0.0,0.0,1.0,1.0,0.0,1.0,1.0,0.0,1.0,1.0
1201,4.747122330450715e-05,1.4609602762856907e-05,0.000267485437682254,0.00025287583491939714,0.002075463966418454,4.307550675930472e-06,0.00014977613136268886,-0.0018121891239567167,3.2840294212910237e-06,0.0005648001171130179,-0.006019736554974259,3.6237228191349224e-05,8.788006457105535e-05
1202,0.00014404426234537748,8.912949975958817e-06,0.0002619510749077847,0.00025303812493182587,-0.004213774292983012,1.7755893791160382e-05,0.00012682581500333967,0.002982133765595361,8.893121795638947e-06,0.00033473040489973016,0.000299723773194899,8.983434107712185e-08,0.00032429700482028423
1203,-3.2212830142003845,1.0,1.0,0.0,0.0,1.0,1.0,0.0,1.0,1.0,0.0,1.0,1.0
1204,9.079252687038686e-05,7.502559997929481e-06,0.0002592925187481591,0.00025178995875022964,0.000679781787869108,4.621032791973789e-07,0.00031929460574164903,0.0036935955465639035,1.3642648061584772e-05,0.0002324624038348988,0.0028987805459500995,8.402928653006292e-06,0.00022612054666792947
1205,8.622119248336002e-05,3.109710248661024e-05,0.0002839040623382842,0.00025280695985167395,0.0033511228172654283,1.1230024135944205e-05,0.0004447567462780855,-0.008644993087397723,7.473590548157105e-05,0.00026030755252681725,-0.002706543523058485,7.325377842315461e-06,0.00014664788820994978
1206,-3.2212830142003845,1.0,1.0,0.0,0.0,1.0,1.0,0.0,1.0,1.0,0.0,1.0,1.0
1207,2.7047460219864483e-05,1.2482204796919008e-05,0.00015618817148702982,0.00014370596669011082,0.004342590739537988,1.8858094331553055e-05,7.658877924321406e-05,0.004248603380977119,1.8050630688826175e-05,0.00022157002060307907,-0.000733409415464577,5.378893703777976e-07,0.00017040571461479637
1208,-3.2212830142003845,1.0,1.0,0.0,0.0,1.0,1.0,0.0,1.0,1.0,0.0,1.0,1.0
1209,0.00010309510322548121,3.5552556358046474e-05,0.0004171966430859264,0.0003816440867278799,-0.008050994763314544,6.481851667927696e-05,0.00031505894366479215,0.0034618236093336267,1.1984222702210445e-05,0.0004648076147731883,0.005463966479833922,2.985492969265202e-05,0.00047172337081979876
1210,4.8997660816119115e-05,3.593654364630883e-05,0.00012280955667128465,8.687301302497583e-05,-0.006026503693156929,3.631874676279789e-05,0.00010867308006201615,-0.006670186223249737,4.4491384252554056e-05,0.0001409899372618595,-0.005196104302604366,2.6999499923574533e-05,0.0001187656526899783
1211,0.00017049931522727935,5.004695689888224e-05,0.000168157547301336,0.00011811059040245375,0.006512894402951542,4.2417793504112566e-05,0.00015424615325565494,0.010274581743764305,0.00010556703000974554,0.00021654720107144865,-0.0014683484541222745,2.156047182788612e-06,0.0001336792875769044
1212,3.921201427514731e-05,1.8462960739077754e-05,0.0002838856556285352,0.0002654226948894574,0.0038149599617778134,1.455391951021845e-05,0.00037849436617209964,-0.0017419066214602054,3.0342386778681174e-06,0.0003578019089137685,-0.006148229340990808,3.780072402914669e-05,0.0001153606917997374
1213,3.5226419824008204e-05,1.3400366162671004e-05,0.0001731035177121217,0.0001597031515494507,0.004668197489588462,2.179206780161813e-05,0.0002351571159734389,-0.004219235895479087,1.7801951541440708e-05,0.00023073515598104333,0.0007791528379810668,6.070791449541701e-07,5.3418281181882854e-05
1214,0.00011868212129051425,4.4525732785386886e-05,0.00017761183047545112,0.00013308609769006424,0.006338214520918835,4.017296331315645e-05,0.00022975819706139156,0.001071830047126646,1.1488196497433378e-06,0.00017540405267957304,-0.009604968266101594,9.225541539326088e-05,0.00012767324168538874
1215,-3.2212830142003845,1.0,1.0,0.0,0.0,1.0,1.0,0.0,1.0,1.0,0.0,1.0,1.0
1216,5.44703061544638e-05,2.9562993427748967e-05,0.00013256054846311205,0.00010299755503536308,0.006710701627252549,4.503351632956232e-05,0.00017805538206916438,-0.004175993353864948,1.7438920490886467e-05,0.00011016362549931547,0.005120209318194083,2.6216543462798114e-05,0.0001094626378208563
1217,0.000388232466407179,6.611053189457354e-05,0.0004670378086565341,0.00040092727676196055,-0.01034574172269179,0.00010703437179249153,0.00033371582207397665,-0.008823169549848213,7.784832090562688e-05,0.0006319091315942771,0.0036672745991632146,1.3448902985602196e-05,0.00043548847230134857
1218,7.538516044303112e-05,5.135596930257632e-05,0.00031173842682700553,0.00026038245752442923,0.008450376755906179,7.140886731704654e-05,0.00020656234419191843,-0.00673814301319419,4.540257126595115e-05,0.0003732302892484052,-0.006103807772633599,3.7256469324731256e-05,0.00035542264704069293
1219,-3.1557422541719973,2.4679809354980858e-05,0.00015962087088709312,0.00013494106153211227,0.004967877751461767,2.4679809356054072e-05,0.0001596208708884994,0.004967877751461772,2.467980935549896e-05,0.00015962087088705612,0.004967877751461776,2.4679809353389537e-05,0.00015962087088572385
1220,4.041455352998824e-05,7.128159357846127e-06,0.0002328549827737373,0.00022572682341589118,-0.0002144811006139704,4.600214287275861e-08,0.00022289333180935955,-0.0008233724533092537,6.779421971581101e-07,0.00017008488043757097,-0.004545385982891026,2.0660533733507513e-05,0.00030558673607428144
1221,0.00036622317448575803,0.00022231555482132848,0.0016733223532582702,0.0014510067984369417,0.01840947685515703,0.0003389088380805205,0.0007992522438978744,-0.017932498774489002,0.0003215745122971958,0.001117105217084191,0.002542304876682718,6.463314086269101e-06,0.003103609598792745
1222,3.792256424239859e-05,1.828748316227517e-05,0.00021139206080130388,0.00019310457763902872,0.0028564377331454175,8.159236523308522e-06,0.00018292707743483572,0.0029771428752450374,8.863379699852736e-06,0.0001328979548144149,-0.006151409047011292,3.7839833263664246e-05,0.000318351150154661
1223,9.898405507524632e-05,2.7502751038873303e-05,0.00019444999835031376,0.00016694724731144045,0.0076686901392108734,5.8808808451216166e-05,0.00019422338889607538,0.0018591819559458161,3.4565575450784536e-06,0.0002541394423950516,0.004499209610616518,2.0242887120325292e-05,0.00013498716375981434
1224,0.00011974863735408903,4.610029421966052e-05,0.00026849622270345524,0.00022239592848379472,-0.0043686957292585335,1.9085502374838192e-05,0.00020485241110679286,-0.005337858226040704,2.8492730441587177e-05,0.00021557387044890408,0.009524843822491283,9.072264984255618e-05,0.00038506238655466873
1225,-3.2212830142003845,1.0,1.0,0.0,0.0,1.0,1.0,0.0,1.0,1.0,0.0,1.0,1.0
1226,0.00022020525363553034,9.515422810535412e-05,0.00018186345145154714,8.670922334619302e-05,0.0148074276305876,0.00021925991303450854,0.0003076641493283683,0.001536194628463171,2.3598939358215887e-06,9.733561553515457e-05,0.007990173799444849,6.384287734573224e-05,0.00014059058949111858
1227,0.00027222869552656626,3.463554961746773e-05,0.0001922107614220625,0.00015757521180459477,-0.009834237390492112,9.671222505247545e-05,0.0002549330976840958,-0.0015114818825394268,2.2845774810820174e-06,0.0001473077898995756,0.0022158173025760316,4.909846318845723e-06,0.00017439139668251613
1228,7.15769339741934e-05,3.629297110145183e-05,0.00016775329200894676,0.00013146032090749493,-0.007220170626308818,5.2130863872568156e-05,0.00017481030587407353,0.005247057374322221,2.7531611089703922e-05,0.00016211024071643987,-0.005405223246172437,2.921643834208343e-05,0.0001663393294363269
1229,6.026108909096273e-05,6.7521368839473794e-06,0.0003456004187276651,0.00033884828184371774,-0.00041261509625476357,1.7025121779035146e-07,0.00019434729387013405,-0.004165759257466928,1.7353550191168132e-05,0.00015836971096061525,0.0016530605683651976,2.7326092428836546e-06,0.000684084251352246
1230,0.00016022671523319154,6.5725241924941e-05,0.00021245916908263496,0.00014673392715769396,-0.009762491993840777,9.530624992959424e-05,0.000269261274296162,0.00777350204828798,6.042733409461487e-05,0.00017078016199778556,-0.006437557126022606,4.144214175061389e-05,0.00019733607095395733
1231,0.00030391592974354786,0.00013129773013427956,0.0007893194689459296,0.00065802173881165,0.015695326578097114,0.00024634327639327935,0.0006342099656334588,0.003303458659242085,1.0912839113252915e-05,0.0007174709286432712,-0.011689186237559763,0.0001366370748963064,0.001016277512561059
1232,0.00015417940640383154,3.591720781481733e-05,0.00038617375415720784,0.0003502565463423905,0.007077377313887211,5.008926964311655e-05,0.0008983494767821343,-0.007526735233151399,5.665174327007527e-05,0.00015118605641351035,0.0010052912668447335,1.0106105312601699e-06,0.00010898572927597883
1233,-3.2212830142003845,1.0,1.0,0.0,0.0,1.0,1.0,0.0,1.0,1.0,0.0,1.0,1.0
1234,2.5381815169089883e-05,1.0898979685166251e-05,0.00022222566523666387,0.0002113266855514976,-0.004927598152500038,2.4281223552691245e-05,0.0002152948378201236,0.0028704474896275646,8.239468790915971e-06,0.00030648483774153856,-0.0004198174744062555,1.7624671189153673e-07,0.00014489732014832946
1235,4.0928558017516714e-05,1.8715205655920702e-05,0.0005984740582838007,0.0005797588526278801,0.0034421013035302508,1.1848061383767927e-05,0.0006112124587691614,0.005028264287106008,2.5283441740797663e-05,0.0006074653020308185,0.004360517611837144,1.9014113843196512e-05,0.0005767444140514222
1236,8.813186731315703e-05,5.813667092198956e-05,0.0002114534941208094,0.00015331682319881984,0.0014522465471333745,2.1090200332807285e-06,0.00023516273308599178,-0.009382907016047482,8.803894407238833e-05,0.00021143641044563122,0.009179436184239,8.426204866029963e-05,0.00018776133883080526
1237,-3.2212830142003845,1.0,1.0,0.0,0.0,1.0,1.0,0.0,1.0,1.0,0.0,1.0,1.0
1238,3.965276975115284e-05,1.9909112949282697e-05,0.0002244898959457379,0.0002045807829964552,-0.004292756751686338,1.8427760529293735e-05,0.00022741252413938096,0.004348735840548288,1.8911503410601327e-05,0.00022041721435528405,-0.004731603840871928,2.2388074907953026e-05,0.00022563994934254872
1239,9.797892200147373e-05,9.031331124842445e-06,0.00012646234901347864,0.00011743101788863619,-0.004034065904983374,1.6273687725609776e-05,0.00011602219025241833,-0.0030573174729759526,9.347190130570837e-06,0.00018991552154590252,0.001213719703491085,1.4731155183467237e-06,7.344933524211505e-05
1240,9.245178015704347e-05,2.0415284832320246e-05,0.00023926280649388953,0.0002188475216615693,-0.0018017707602410956,3.246377872634376e-06,0.00015539459794822186,-0.00047155915088509454,2.2236803298714136e-07,0.0002611251227134792,-0.007601125481883186,5.777710859133922e-05,0.00030126869881996754
1241,-3.2212830142003845,1.0,1.0,0.0,0.0,1.0,1.0,0.0,1.0,1.0,0.0,1.0,1.0
1242,0.0001828147910789557,0.00016394260017941567,0.0004865585752366434,0.0003226159750572277,0.012764134521968661,0.00016292313009469428,0.0004967544251074374,0.012835478364068564,0.00016474950483524875,0.00046905037386868464,-0.012812305241742023,0.000164155165608304,0.0004938709267338082
1243,0.00010705239039388026,4.900474703750657e-05,0.0002922511312951996,0.00024324638425769302,-0.0033283300359343167,1.1077780827650763e-05,0.00022457054083713235,-0.00890581184080125,7.931348454248699e-05,0.00040002130480076836,-0.007524823967590439,5.6622975742381954e-05,0.000252161548247698
1244,-3.2212830142003845,1.0,1.0,0.0,0.0,1.0,1.0,0.0,1.0,1.0,0.0,1.0,1.0
1245,7.092694600852045e-05,2.551234226692382e-05,0.00015882004620134302,0.0001333077039344192,0.0022786899102770915,5.192427707356728e-06,9.07518268116192e-05,0.00798401049841837,6.374442363921151e-05,0.00016546658725125063,-0.0027568415721422996,7.600175454203217e-06,0.0002202417245411592
1246,-3.2212830142003845,1.0,1.0,0.0,0.0,1.0,1.0,0.0,1.0,1.0,0.0,1.0,1.0
1247,-3.2212830142003845,1.0,1.0,0.0,0.0,1.0,1.0,0.0,1.0,1.0,0.0,1.0,1.0
1248,0.00016317686837219458,5.486332395239953e-05,0.00027448987933975655,0.000219626555387357,-0.012598149914951262,0.00015871338127948498,0.00025369030793020997,0.0024187354973053687,5.85028140609456e-06,0.0003718788963277264,-0.0001622010234212434,2.630917161905444e-08,0.00019790043376133326
1249,0.0001290811270618919,5.682583661925644e-05,0.00028150079838799397,0.00022467496176873752,-0.0054371976093166175,2.9563117842634767e-05,0.00015228441803649684,-0.007908419974324643,6.254310649067563e-05,0.0001450468556309925,-0.008852755815253707,7.837128552445893e-05,0.0005471711214964925
1250,0.029341121864591146,0.005129496357030268,0.020283307126993482,0.015153810769963215,-0.013785472869528519,0.00019003926223626344,0.003413691445342537,-0.1114612124676846,0.012423601884766322,0.05129587964951987,0.05267682530381259,0.0027748479240882196,0.006140350286118035
1251,0.00023607036638495504,7.824489417573854e-05,0.00024232599906888938,0.00016408110489315084,-0.00036635909348696466,1.3421898548138245e-07,7.131834996576547e-05,-0.0006609943436574453,4.369135222503928e-07,0.00019083794201968374,-0.01530240340663578,0.00023416355001948386,0.0004648217052212189
1252,8.066437842557672e-05,2.174161552940627e-05,0.00010277061447220663,8.102899894280036e-05,0.0005706346454627618,3.2562389828960647e-07,0.0001381665419951661,-0.005236749157561904,2.7423541739124424e-05,9.976530431465847e-05,-0.006121738392832093,3.747568095080478e-05,7.037999710679532e-05
1253,0.00011933263972918606,2.0658986170170774e-05,0.00015307408349122623,0.00013241509732105544,0.006662397474505112,4.4387540108714596e-05,0.00018034934879262998,-0.0035310561194064186,1.2468357318495826e-05,9.244027201005256e-05,0.0022629761562444686,5.121061083301903e-06,0.00018643262967099616
1254,2.411771749621927e-05,1.0044027083636978e-05,7.441028386982278e-05,6.43662567861858e-05,-0.0019582311421461984,3.834669205615704e-06,6.314360296633126e-05,-0.003146400621774783,9.899836872495626e-06,5.854523496784392e-05,0.004049391951012083,1.6397575172799606e-05,0.00010154201367529314
1255,3.113593802783754e-05,1.2731024026879645e-05,0.00020655882011981022,0.00019382779609293058,-0.0021239088287271337,4.510988713013475e-06,0.00013976055133779752,-0.004827964869504137,2.3309244781333227e-05,0.00013830677909132394,0.0032206891476961423,1.0372838586292232e-05,0.00034160912993030923
1256,-3.2212830142003845,1.0,1.0,0.0,0.0,1.0,1.0,0.0,1.0,1.0,0.0,1.0,1.0
1257,-3.0700090217257987,3.198578903962357e-07,0.00016107569135866603,0.0001607558334682698,-0.000565559802037865,3.198578901741911e-07,0.00016107569135892508,0.0005655598020378645,3.198578913954364e-07,0.00016107569135970223,-0.000565559802037865,3.1985788961907957e-07,0.00016107569135737076
1258,0.00018058553270128286,6.152962268823892e-05,0.00021264674914378556,0.00015111712645554665,-0.00385722273179703,1.4878167202470038e-05,0.00018563784128833305,0.012959464371602593,0.00016794771679884413,0.00022754725770923745,0.0013277741011597575,1.762984063402584e-06,0.0002247551484337862
1259,-3.08562049242441,9.30255107789435e-06,0.0001615474606193231,0.00015224490954142875,-0.0025179517734456366,6.340081133426878e-06,0.00016586298151854972,0.00350437607426237,1.2280651670248943e-05,0.00015574346500990544,-0.0030474449020477658,9.286920430007228e-06,0.0001630359353295141
1260,7.330944091421543e-05,1.713392237849091e-05,0.0003668724764523956,0.0003497385540739047,-0.0002728745089094756,7.446049765658103e-08,0.00022016042038786043,-0.0017294925749164623,2.991144566588666e-06,0.0004504452278227822,0.006952421309953013,4.8336162071227484e-05,0.00043001178114654426
1261,-3.1742439999079615,4.033821320655514e-05,0.0001705290057358496,0.00013019079252929444,-0.006351237139836684,4.033821320692521e-05,0.0001705290057364417,-0.0063512371398366865,4.0338213206148055e-05,0.00017052900573510943,0.006351237139836685,4.0338213206592144e-05,0.0001705290057359976
1262,3.885676914894276e-06,1.1269341843034297e-06,0.00032847737689515694,0.0003273504427108535,0.00012358384424705516,1.5272966558121936e-08,0.0001009252528139104,0.0015189437584613185,2.3071901416038543e-06,0.0003722005339383827,-0.001028756261295254,1.058339444748313e-06,0.0005123063439331776
1263,0.045876255878766425,0.020081501647409367,0.045407645491491753,0.025326143844082386,0.045842336308109057,0.002101519798185736,0.005654294024517115,0.12861980850737656,0.016543055140474383,0.03920173523824044,-0.20396060895076776,0.041599930003567986,0.0913669072117177
1264,1.6611256060339308e-05,1.2159532994678498e-05,0.00019873108951566168,0.00018657155652098317,0.0033241012114101904,1.1049648863115102e-05,0.0002967618221139112,-0.0037400202851150233,1.3987751733224307e-05,0.0001737955799313573,0.003382484055794935,1.1441198387696083e-05,0.00012563586650171654
1265,4.549833148637106e-05,1.7449884041731423e-05,0.00010003991221685382,8.25900281751224e-05,0.002410903777956827,5.812457026577178e-06,9.144223099633031e-05,0.0066076855812747005,4.366150874113295e-05,0.00011503009798885522,-0.0016957848794678365,2.875686357484142e-06,9.364740766537594e-05
1266,0.00019559823065873339,6.941308541967099e-05,0.00047837713122907594,0.00040896404580940493,0.013965177911798255,0.00019502619410816102,0.0011453233107989735,-0.0036332641850179035,1.3200608638075373e-05,0.00018391332454559262,0.00011159531000806968,1.245351277656681e-08,0.00010589475834266171
1267,0.00015466664922469953,7.7044709251702e-05,0.0003728296948132999,0.00029578498556159794,0.008754097936557473,7.663423068282604e-05,0.0005212932235477696,-2.623700949452697e-05,6.883804637425328e-10,0.00021846396746383334,-0.012429771063525635,0.00015449920869181621,0.00037873189342829683
1268,-3.1539059249052945,1.636718811526272e-05,0.00016391838858405747,0.00014755120046879475,0.004045638159211832,1.6367188116817033e-05,0.0001639183885852047,-0.004045638159211835,1.636718811481863e-05,0.0001639183885842055,-0.004045638159211838,1.6367188114152498e-05,0.0001639183885827622
1269,0.0001874453855756908,1.4866120787752438e-05,0.00016902547537633872,0.0001541593545885863,-0.005377985930048937,2.892273266397183e-05,0.00011629882995878305,-0.003884987888043218,1.5093130890320161e-05,0.0003315402817667401,0.0007632160960330358,5.82498808965326e-07,5.9237314403493e-05
1270,0.00021727736888910165,9.434651022314593e-05,0.0002782949009743074,0.00018394839075116148,0.0072806087203235465,5.3007263338344934e-05,0.00031655392647722547,-0.004290156936219505,1.8405446537084202e-05,0.00015822756846495256,-0.014547399107509172,0.00021162682079400863,0.00036010320798074424
1271,-3.2212830142003845,1.0,1.0,0.0,0.0,1.0,1.0,0.0,1.0,1.0,0.0,1.0,1.0
1272,-3.2212830142003845,1.0,1.0,0.0,0.0,1.0,1.0,0.0,1.0,1.0,0.0,1.0,1.0
1273,-3.2212830142003845,1.0,1.0,0.0,0.0,1.0,1.0,0.0,1.0,1.0,0.0,1.0,1.0
1274,-3.2212830142003845,1.0,1.0,0.0,0.0,1.0,1.0,0.0,1.0,1.0,0.0,1.0,1.0
1275,-3.2212830142003845,1.0,1.0,0.0,0.0,1.0,1.0,0.0,1.0,1.0,0.0,1.0,1.0
1276,-3.2212830142003845,1.0,1.0,0.0,0.0,1.0,1.0,0.0,1.0,1.0,0.0,1.0,1.0
1277,7.807895818301436e-05,2.5229828443366447e-05,0.0003024970057926198,0.0002772671773492533,0.0058595403634903835,3.433421327170283e-05,0.00037229839996222314,0.0004805039599164808,2.308840556519698e-07,0.00010240616789969348,-0.006412829952748934,4.112438800274454e-05,0.0004327864495159428
1278,0.0002145589080844168,7.769950429233526e-05,0.0003333878145842147,0.00025568831029187944,-0.005939477454222538,3.527739242925598e-05,0.0002655175032360013,7.57003693761898e-05,5.730545815652022e-09,0.0001544833672144641,-0.014064685915524618,0.00019781538990193415,0.0005801625733021787
1279,0.0003158089887395077,0.0002358691779756894,0.000744090346067483,0.0005082211680917936,0.017325978112922014,0.0003001895175694935,0.0006328627648960472,0.014024081598051272,0.0001966748646687888,0.0007439820466523805,0.014516995270634275,0.00021074315168878588,0.0008554262266540213
1280,7.590310310878756e-05,5.457042614379996e-06,0.00015446142132717147,0.00014900437871279149,0.003266185757246608,1.0667969400857125e-05,0.00016757836973524398,-0.0016274585428109585,2.648621308720678e-06,0.00016861427793757322,-0.0017477234145095325,3.054537133562185e-06,0.00012719161630869724
1281,-3.2212830142003845,1.0,1.0,0.0,0.0,1.0,1.0,0.0,1.0,1.0,0.0,1.0,1.0
1282,-3.2212830142003845,1.0,1.0,0.0,0.0,1.0,1.0,0.0,1.0,1.0,0.0,1.0,1.0
1283,7.830465928226893e-05,1.5543319266120292e-05,0.0001262329239286967,0.00011068960466257641,0.003745294192178312,1.4027228585566931e-05,0.00013280066625576126,-0.003761527495331995,1.4149089098136614e-05,0.0001233686297521519,0.004295770025830919,1.8453640114657333e-05,0.00012252947577817697
1284,-3.2212830142003845,1.0,1.0,0.0,0.0,1.0,1.0,0.0,1.0,1.0,0.0,1.0,1.0
1285,-3.2326060064387017,3.09645179783861e-05,0.00019956600618616557,0.00016860148820777948,0.005402388689814288,2.918580355626421e-05,0.0001979304341801491,0.005703748714367145,3.25327493962968e-05,0.0002007631848262026,-0.005583457798093363,3.117500098259729e-05,0.000200004399552145
1286,5.757963364350083e-05,5.141466015897341e-07,0.00018692151778369284,0.0001864073711821031,0.0010640308748917178,1.132161702721568e-06,0.00018847606031846542,-0.0002711860198811504,7.354185760366505e-08,0.0001816155611262804,0.0005802897929852606,3.367362444439692e-07,0.00019067293190633272
1287,7.493161465532694e-05,2.1332080904971445e-05,0.00028677510758357005,0.0002654430266785986,-0.007898761555132272,6.239043410505296e-05,0.00020937173850699153,0.0010343124038117199,1.0698021484234488e-06,0.00030707036187560544,0.0007321246215527099,5.360064614379212e-07,0.0003438832223681132
1288,2.411468658047866e-05,8.765116089752093e-06,0.00021690303638174,0.0002081379202919879,-0.003209740755812348,1.0302435719866665e-05,0.0004099227942454542,0.0036697943118131375,1.3467390291177495e-05,0.00010570277161081609,-0.0015891891827512958,2.5255222582121206e-06,0.00013508354328894967
1289,0.0002607583363805066,7.223782715781724e-05,0.0005547426237237177,0.0004825047965659005,-0.006384479347195523,4.0761576534875665e-05,0.0005481340668316292,0.0040330964251947,1.6265866775055926e-05,0.0006874122082455303,-0.012636694115291006,0.00015968603816352012,0.0004286815960939938
1290,3.607627493906751e-05,1.566251063459904e-05,0.00030362522991012053,0.0002879627192755215,0.005496750232005857,3.0214263112893214e-05,0.0002770123891508991,-0.003444885735290396,1.1867237728946378e-05,0.0002626452058063222,0.0022149562211685185,4.906031061957528e-06,0.00037121809477314027
1291,-3.177386491724799,7.581959563551788e-05,0.0001537431382991894,7.792354266367152e-05,-0.00878672857780336,7.720659910037675e-05,0.00015386998705346766,-0.008603313506404081,7.401700328912852e-05,0.00015364824903241203,0.008731276225047838,7.623518451704836e-05,0.0001537111788116885
1292,-3.2212830142003845,1.0,1.0,0.0,0.0,1.0,1.0,0.0,1.0,1.0,0.0,1.0,1.0
1293,3.026262653571532e-05,3.2102862019452636e-06,0.00018401208287062895,0.00018080179666868368,-0.0014603552739769312,2.132637526353065e-06,0.0001632456067806043,0.0002729115911703917,7.448073624516383e-08,0.0003239938102052031,0.002724654169494998,7.4237403432375615e-06,6.479683162607941e-05
1294,0.0001940111231751862,4.238651864015471e-05,0.00014585831790018636,0.00010347179926003164,-0.0041640845964201435,1.7339600525745347e-05,5.0326778086362545e-05,-0.0014394021005314393,2.071878406950667e-06,0.00010071321400428879,-0.010380177117315427,0.00010774807698776812,0.00028653496160990777
1295,8.97096128004149e-05,3.440205502684238e-05,0.00012684919945715745,9.244714443031507e-05,0.0008313494504757126,6.911419090371851e-07,4.3969377494956774e-05,-0.008933930645036635,7.981511677035424e-05,0.0001784800633982675,-0.004764441877219077,2.2699906401135728e-05,0.00015809815747824807
1296,0.00011049210387215069,5.4870323885736205e-05,0.0001800248738757689,0.0001251545499900327,-0.009490927077141203,9.0077696783597e-05,0.0002513427728008111,0.008200407133694175,6.724667715862775e-05,0.000260706472778649,0.00269936987367172,7.286597714983856e-06,2.8025376047846606e-05
1297,-3.145444353815673,8.274223761994826e-05,0.0006320137139546415,0.0005492714763346932,0.009096276030349819,8.274223761961519e-05,0.0006320137139540494,-0.00909627603034981,8.274223762094746e-05,0.0006320137139552706,0.009096276030349812,8.274223761928212e-05,0.0006320137139546045
1298,0.00018605807297278343,8.203185781367288e-05,0.00024173434254652162,0.00015970248473284876,-0.00291611834988869,8.503746230736908e-06,0.00021935798734906697,-0.009818397052326738,9.640092067730865e-05,0.0002720379841606446,-0.011882377983082995,0.00014119090653297306,0.0002338070561298533
1299,0.00013870441460539507,9.17044707141601e-05,0.00022852601462638086,0.00013682154391222076,-0.008575847544768016,7.354516111068854e-05,0.00020210203483395084,-0.009709876815422711,9.428170777092681e-05,0.00020808695390117649,-0.010357921763613418,0.00010728654326086495,0.00027538905514401524
1300,0.0001421427341957715,4.703060340068473e-05,0.0003789706979709558,0.00033194009457027107,0.005463768827891988,2.9852769804494805e-05,0.0003717782885892529,-0.004544259983076889,2.0650298793833954e-05,0.00020400498098616104,-0.00951781180753464,9.058874160372543e-05,0.0005611288243374535
1301,2.0032271055958617e-05,5.382605630580943e-06,0.00044775841228950064,0.0004423758066589197,0.001973112519657648,3.8931730146352095e-06,0.0002648883226950005,0.0024030492631181084,5.774645760459052e-06,0.00047356883768168156,0.002545584042334271,6.4799981166485665e-06,0.0006048180764918198
1302,0.00021011779364721317,3.587992561733996e-05,0.00017295404338687112,0.00013707411776953116,0.006788949673721028,4.608983767284691e-05,0.0002034651598252779,-0.004855230301128369,2.357326127699899e-05,0.00014869813919315966,0.006162522040690548,3.797667790217396e-05,0.00016669883114217576
1303,-3.2212830142003845,1.0,1.0,0.0,0.0,1.0,1.0,0.0,1.0,1.0,0.0,1.0,1.0
1304,-3.2212830142003845,1.0,1.0,0.0,0.0,1.0,1.0,0.0,1.0,1.0,0.0,1.0,1.0
1305,-3.2212830142003845,1.0,1.0,0.0,0.0,1.0,1.0,0.0,1.0,1.0,0.0,1.0,1.0
1306,-3.2212830142003845,1.0,1.0,0.0,0.0,1.0,1.0,0.0,1.0,1.0,0.0,1.0,1.0
1307,0.00021210332356458306,8.345731638133753e-05,0.00020416932063960225,0.00012071200425826471,-0.0024644723624613384,6.073624025160207e-06,3.238067739752548e-05,-0.0062771292808466795,3.94023520083886e-05,0.00023194218300204295,0.014314187825744444,0.00020489597311046381,0.0003481851015192383
1308,7.316628112008505e-05,2.1841659786174066e-05,0.00035689152522599965,0.00033504986543982557,0.007646191907787745,5.846425069078176e-05,0.0003334447388219086,0.0012433319904373821,1.5458744384577727e-06,0.0003741934875598485,-0.0023483726766039344,5.514854229282662e-06,0.00036303634929624184
1309,0.00017631317413169256,7.21034688658806e-05,0.00021095414505922783,0.00013885067619334723,0.008549342109993386,7.309125051346843e-05,0.00023199737817247712,0.011766242349718677,0.00013844445903221647,0.0002464379609380396,0.0021851080184126,4.774697051956878e-06,0.00015442709606716676
1310,4.251594187165697e-05,4.698596209366339e-06,0.0001300149662676331,0.00012531637005826676,0.0001307097227722254,1.7085031611685508e-08,5.183631538119293e-05,0.0010714473165823143,1.1479993529128762e-06,0.000243020611801259,0.0035959288430489535,1.2930704243574453e-05,9.518797162044734e-05
1311,-3.2212830142003845,1.0,1.0,0.0,0.0,1.0,1.0,0.0,1.0,1.0,0.0,1.0,1.0
1312,0.00013726541602299136,7.015082866893933e-05,0.00018748406600466172,0.00011733323733572239,0.0017946800521435834,3.2208764895180764e-06,0.0001402297178301204,0.00943975737417258,8.910901928360637e-05,0.00016586944783814062,0.01086842169929081,0.00011812259023369354,0.00025635303234572415
1313,0.00018549007137547147,5.173171792416387e-05,0.0001822498418314241,0.00013051812390726022,-0.0021905579167836213,4.798543986828108e-06,9.269736361416925e-05,-0.011984438166306469,0.0001436267581617079,0.0003866631338467208,0.0026018938533226227,6.769851623955603e-06,6.73890280333822e-05
1314,0.0008000658983394748,0.0003035980630471021,0.0017204816467647117,0.0014168835837176097,-0.0006683256114948722,4.4665912313224254e-07,0.002520795981716284,-0.023957949919642806,0.0005739833643519932,0.0006791997785243753,-0.018340233522669516,0.0003363641656661809,0.001961449180053476
1315,0.0001456076184790378,4.6144047705865e-05,0.00026229497357917647,0.00021615092587331147,-0.009258723864887148,8.572396760642143e-05,0.00031346569065415775,0.005262350536455125,2.7692333168682914e-05,0.00025381895805653976,-0.005001583983356915,2.5015842342490657e-05,0.00021960027202683197
1316,7.598387082530245e-05,6.365691117493633e-05,0.0001503222149431549,8.666530376821857e-05,-0.00791819101538213,6.269774895584224e-05,0.00015432635886192259,0.007769102672677255,6.035895633815791e-05,0.00015707995051106316,-0.008240996798391688,6.791402823080883e-05,0.00013956033545647895
1317,7.41199768166112e-05,2.0505344660877906e-05,0.00029344798615353146,0.00027294264149265357,-0.0031879038443844267,1.0162730920693086e-05,0.00013390360432374848,0.007145573743723838,5.1059224127181224e-05,0.0004519205861989173,-0.0005422904523075046,2.9407893475941194e-07,0.00029451976793792856
1318,-2.1946664437941346,4.027139587729304e-06,0.000198727229349512,0.0001947000897617827,-0.0022591623472232114,5.103814510576399e-06,0.00021432074615912455,0.0010897006608632828,1.1874475304152199e-06,0.0001636438430924203,-0.0024062744484637014,5.7901567221962935e-06,0.00021821709879699114
1319,-3.1892287174451495,4.332005224838564e-05,0.00017004375827770848,0.00012672370602932284,-0.00658179703789917,4.3320052248052576e-05,0.00017004375827767149,-0.006581797037899169,4.3320052248940755e-05,0.00017004375827789353,0.006581797037899169,4.33200522481636e-05,0.00017004375827756046
1320,0.00018140980165970433,5.1641037533893076e-05,0.0004938534530466073,0.00044221241551271423,0.00839720287441453,7.051301611427085e-05,0.000524725094434908,0.008767625560722882,7.687125797284367e-05,0.0005367196389476359,-0.0027456945412101157,7.538838514564716e-06,0.000420115625757278
1321,7.613374595072386e-05,2.304083635943736e-05,0.0001804180425069394,0.00015737720614750206,0.00040166006278223663,1.6133080527058752e-07,9.562523937867162e-05,-0.0022865825330366484,5.228459680539643e-06,0.00019322406315169793,0.007983277434291124,6.373271859250185e-05,0.0002524048249904487
1322,-3.2212830142003845,1.0,1.0,0.0,0.0,1.0,1.0,0.0,1.0,1.0,0.0,1.0,1.0
1323,1.3633751456687548e-06,4.878316621400222e-07,0.0002085140671466886,0.00020802623548454857,0.0006919210210423767,4.787546994400316e-07,0.0001405959413033342,-0.00032133557058119873,1.0325654908882598e-07,0.00023959818324892357,-0.0009388736538937179,8.814837378912088e-07,0.000245348076887808
1324,5.367166928060829e-05,2.526633201553145e-05,0.00022407075226068182,0.00019880442024515038,0.006371948238067684,4.060172434861009e-05,0.00027923847407451685,0.004286981357089636,1.837820915628896e-05,0.000201594261726612,-0.004101105038985507,1.6819062541695295e-05,0.0001913795209809166
1325,-3.1139218823826162,7.79815076238366e-05,0.0006786430220604803,0.0006006615144366437,-0.011118526215916195,0.00012362162521450948,0.0008512116340236853,-0.010439509595237265,0.0001089833605888435,0.0008537819544697234,0.001157383716997203,1.3395370681568153e-06,0.00033093547768803244
1326,0.00022339342290600417,0.00013709858237394754,0.0004310906325917241,0.0002939920502177765,-0.013649394495062505,0.0001863059700818459,0.000560522944846209,0.0025672542645182347,6.590794458527505e-06,0.00022106059223414576,0.014778328138929774,0.00021839898258146917,0.0005116883606948175
1327,-3.2212830142003845,1.0,1.0,0.0,0.0,1.0,1.0,0.0,1.0,1.0,0.0,1.0,1.0
1328,0.00014477077275121264,5.407488522453837e-05,0.00018113866633488276,0.0001270637811103444,-0.004575637602588373,2.093645947087719e-05,0.0002026127093963659,0.00840741907927496,7.068469557491852e-05,0.0001816398741633085,0.008402588924119865,7.06035006278194e-05,0.00015916341544497392
1329,-3.2212830142003845,1.0,1.0,0.0,0.0,1.0,1.0,0.0,1.0,1.0,0.0,1.0,1.0
1330,6.28535959723564e-05,2.957351015738426e-05,0.00015004150463071575,0.0001204679944733315,-0.0033460955509289976,1.119635543567199e-05,4.996923539657416e-05,0.0046062085260997285,2.1217156985886554e-05,0.00016552263046942794,0.0075038002405889166,5.630701805059424e-05,0.00023463264802614514
1331,0.00036583245768873063,0.00011070738637767678,0.0002850758129648486,0.00017436842658717178,0.007000431780535837,4.900604511370865e-05,0.00036294113105239667,0.016743160746580957,0.00028033343178557324,0.00030191462911155487,0.001668137354591421,2.782682233748446e-06,0.00019037167873059424
1332,0.00010462752294715383,1.669541573812161e-05,0.0002615009320519797,0.0002448055163138581,0.003906401194090571,1.52599702905043e-05,0.0001733468328678489,-0.0034140102012912596,1.1655465654181185e-05,0.00028985005570625333,-0.0048136068878105774,2.3170811269679348e-05,0.00032130590758183697
1333,0.00012001817195828046,4.332137558989609e-05,0.00025378405645012,0.00021046268086022388,-0.006304289544757428,3.9744066663960353e-05,0.0002543573136468691,0.007361773216195823,5.419570488651715e-05,0.00025396782926934147,0.0060020292584518145,3.602435521921077e-05,0.0002530270264341494
1334,-3.2212830142003845,1.0,1.0,0.0,0.0,1.0,1.0,0.0,1.0,1.0,0.0,1.0,1.0
1335,9.368833474132643e-06,1.650324058447931e-06,0.00021423612608895137,0.00021258580203050345,-0.0005600226034353226,3.136253163837921e-07,0.00024518260871242425,0.0016063912277602607,2.580492775683396e-06,0.00015962514130218874,-0.001434173658485494,2.0568540832766047e-06,0.00023790062825224112
1336,2.8586308027822582e-05,9.023827057548969e-06,0.00011213548041862549,0.00010311165336107653,0.0011977268667844217,1.4345496474055253e-06,0.000124177869412323,0.00373677889342959,1.396351649807226e-05,9.72235619127737e-05,-0.0034166379713464457,1.167341502716912e-05,0.00011500500993077978
1337,1.2479315020241799e-05,5.597911177638674e-06,0.000249983986659356,0.0002443860754817173,0.002687103735209002,7.220526483053824e-06,0.000215096075707355,0.0020785985306273035,4.320571851401667e-06,0.00027173544240621794,0.002291862822762422,5.252635198460531e-06,0.000263120441864495
1338,-2.8835306005494785,4.3044881051039025e-06,0.00016831620536228442,0.00016401171725718053,0.002440574283650509,5.956402834406127e-06,0.0001759787839088478,-0.002397657384104445,5.748760932289265e-06,0.0001629626876742396,-0.0010992272509226923,1.2083005486163145e-06,0.00016600714450376586
1339,-3.2212830142003845,1.0,1.0,0.0,0.0,1.0,1.0,0.0,1.0,1.0,0.0,1.0,1.0
1340,-3.2212830142003845,1.0,1.0,0.0,0.0,1.0,1.0,0.0,1.0,1.0,0.0,1.0,1.0
1341,8.525064741971011e-05,2.1505434432319188e-05,0.00021594196596511997,0.00019443653153280077,-0.0067690527408278385,4.582007500775198e-05,0.00036246371819104173,0.002719367252126669,7.394958251194517e-06,0.00019619457354458358,-0.0033617361641915303,1.1301270038011069e-05,8.916760615973462e-05
1342,-3.2212830142003845,1.0,1.0,0.0,0.0,1.0,1.0,0.0,1.0,1.0,0.0,1.0,1.0
1343,0.0022286034358171003,0.0008906505708599818,0.002570153572916567,0.001679503002056585,0.010236690683107917,0.00010478983614159443,0.002420057516673624,-0.03384549342885515,0.001145517425442777,0.001725914801825379,-0.037704700648535726,0.001421644450995574,0.0035644884002506982
1344,8.397316229014073e-05,3.744058690857699e-05,0.00020198644307530453,0.00016454585616672754,0.0036473838717309076,1.3303409107212616e-05,0.00017744640182471016,-0.008733175008027514,7.626834572105334e-05,0.00020009425186395813,-0.004769696625319828,2.275000589746501e-05,0.00022841867553724526
1345,0.00024605396571175664,6.100312366622933e-06,0.00036551098396131465,0.0003594106715946917,-0.002124173034393592,4.5121110799906106e-06,0.0004164366809584763,-0.002624972450358323,6.890480364729612e-06,9.55094270659318e-05,0.002626470189219238,6.8983456551485745e-06,0.0005845868438595359
1346,-3.2212830142003845,1.0,1.0,0.0,0.0,1.0,1.0,0.0,1.0,1.0,0.0,1.0,1.0
1347,3.780881813952863e-05,6.760757317351522e-06,0.00015088226374937452,0.000144121506432023,-0.00027060938471219726,7.32294394012456e-08,0.00010185488866532033,0.004277581964037321,1.8297707458203583e-05,0.00015749425030997521,0.0013825104173373524,1.9113350544497365e-06,0.00019329765227282802
1348,1.2125974318100141e-05,8.91619684547281e-06,0.00027662219203143196,0.00026770599518595917,-0.003442197569751051,1.1848724109198017e-05,0.0002528155349871275,0.0028095953552022945,7.893826060811904e-06,0.0003946538382769704,-0.0026468925869770664,7.006040366408506e-06,0.0001823972028301979
1349,-3.2212830142003845,1.0,1.0,0.0,0.0,1.0,1.0,0.0,1.0,1.0,0.0,1.0,1.0
1350,2.702472281512769e-05,4.18059770294447e-06,0.00031788896741698675,0.00031370836971404226,-0.0001833065359269133,3.360128597584833e-08,0.00038878248695894957,0.0035285131058284285,1.2450404737629484e-05,0.00029969711285371403,0.0002403894452662868,5.778708522807818e-08,0.0002651873024382967
1351,-3.2212830142003845,1.0,1.0,0.0,0.0,1.0,1.0,0.0,1.0,1.0,0.0,1.0,1.0
1352,-3.0121453908820186,4.611329479490648e-05,0.00018407718683107385,0.00013796389203616738,-0.006790677049724959,4.6113294793981296e-05,0.00018407718683011165,0.006790677049724954,4.611329479620174e-05,0.00018407718683222107,-0.006790677049724952,4.611329479453641e-05,0.0001840771868308888
1353,3.4536809444318806e-05,8.156238209230024e-06,0.00014684058414404788,0.00013868434593481785,0.0003646207502619939,1.3294829137588948e-07,0.00013510270110450584,0.0008580453814443944,7.362418764644829e-07,0.00014088241766507803,-0.004857934176164384,2.3599524459849697e-05,0.00016453663366255977
1354,1.1822115060233784e-06,2.821438274865547e-07,0.00021746574934400353,0.00021718360551651697,-0.0003686725200617286,1.3591942726876027e-07,2.977613322197037e-05,-0.0008194666127591912,6.715255294054145e-07,0.0003324351588966934,-0.00019745005826677284,3.8986525785489334e-08,0.00029018595591334684
1355,0.00012434592234233932,2.2691301753511675e-06,0.00032381887743874554,0.00032154974726339436,0.0025450056894970505,6.477053959619283e-06,0.00035738276601582353,-0.00016444576986240626,2.7042411754329976e-08,0.00025095678717257375,0.0005507214856454493,3.032941546798895e-07,0.0003631170791278393
1356,1.1662347584096011e-05,2.050470414941922e-07,0.0002078100254229905,0.00020760497838149633,0.0006719706050288409,4.515444941288749e-07,0.00021620832926161349,0.00021680563148627607,4.7004680925333275e-08,0.00026818545310758335,0.00034145563342582465,1.1659194942836848e-07,0.00013903629389977468
1357,-3.1359303606547337,1.284877189555722e-05,0.0001620693247231797,0.00014922055282762248,0.003584518363086864,1.284877189555722e-05,0.00016206932472306868,-0.003584518363086863,1.284877189600131e-05,0.0001620693247237348,0.003584518363086865,1.2848771895113131e-05,0.0001620693247227356
1358,-3.2212830142003845,1.0,1.0,0.0,0.0,1.0,1.0,0.0,1.0,1.0,0.0,1.0,1.0
1359,7.561963304503205e-05,2.7269262736625183e-05,0.00021532989161202978,0.0001880606288754046,0.0035260439092172236,1.2432985649679651e-05,0.00025688881806940067,0.0057613970684008056,3.319369617971191e-05,0.00017443377420034434,0.006015073264760398,3.6181106380483996e-05,0.00021466708256634437
1360,8.132231295643333e-05,3.728610897350363e-05,0.00010481540949869306,6.752930052518943e-05,-0.005565108831682307,3.097043630839735e-05,9.886979396089846e-05,-0.005823120094724962,3.390872763830988e-05,0.00010172372399519514,-0.006854134735616096,4.697916297380367e-05,0.00011385271053998558
1361,1.5321446098393032e-05,5.01326854325986e-07,0.00017285156494432444,0.00017235023808999844,0.0009590060544372375,9.19692612177947e-07,0.00017648004822656826,0.00017156041885269013,2.9432976611509787e-08,0.00018136325908058026,0.0007448858800277311,5.548549741885012e-07,0.0001607113875258248
1362,2.2384380154338857e-05,1.6897412796756939e-06,0.00019016181500897122,0.00018847207372929553,-0.002117348572095573,4.483164975810361e-06,0.0002520339553586659,0.00012517262113367772,1.566818563780714e-08,0.00010810668391370015,-0.0007552421312482343,5.703906775789136e-07,0.00021034480575454761
1363,1.255284516044064e-05,3.780266704112023e-06,0.0001473574186208563,0.00014357715191674428,0.0013327387973468782,1.776192701474777e-06,0.00013592845435117518,-0.0012609857787834432,1.5900851341177358e-06,0.00022538638646951714,0.002823919665395489,7.974522276743556e-06,8.075741504187661e-05
1364,1.9381534365758846e-05,3.222738936788557e-06,0.0002618855435918184,0.0002586628046550299,-0.002257654866661236,5.09700549722325e-06,0.0003580453986836707,0.0011315825779395008,1.2804791305054408e-06,0.00020986721972138245,-0.0018140375360825617,3.2907321826369795e-06,0.0002177440123704022
1365,-3.2212830142003845,1.0,1.0,0.0,0.0,1.0,1.0,0.0,1.0,1.0,0.0,1.0,1.0
1366,-3.2212830142003845,1.0,1.0,0.0,0.0,1.0,1.0,0.0,1.0,1.0,0.0,1.0,1.0
1367,0.0002351372394004958,3.298560577702503e-05,0.0003183408265731898,0.00028535522079616477,-0.0035692518148207055,1.2739558517438354e-05,0.0003104252536347829,0.007572421132637699,5.7341561810142494e-05,0.0003133528107518435,0.005373611169719113,2.887569700349424e-05,0.000331244415332943
1368,8.227078058764548e-05,4.640990459710744e-05,0.0001576605865366565,0.00011125068193954904,-0.006474491918661434,4.191904560546522e-05,0.00018075103795323066,-0.0089990188801128,8.098234080433642e-05,0.0002352854670377713,-0.00404083251097617,1.632832738152068e-05,5.694525461896749e-05
1369,-3.104472379507098,6.33806576296377e-07,0.00016266266872892268,0.0001620288621526263,-0.0007961197001003502,6.338065769995183e-07,0.00016266266872910773,-0.0007961197001003508,6.33806575445206e-07,0.00016266266872855262,-0.0007961197001003507,6.338065764444067e-07,0.00016266266872910773
1370,-3.2212830142003845,1.0,1.0,0.0,0.0,1.0,1.0,0.0,1.0,1.0,0.0,1.0,1.0
1371,-3.2212830142003845,1.0,1.0,0.0,0.0,1.0,1.0,0.0,1.0,1.0,0.0,1.0,1.0
1372,0.00015427077822993684,7.060723343743636e-05,0.0005447823899954093,0.00047417515655797293,0.005628685127875279,3.1682096268803583e-05,0.0005748702685358653,0.010299682754975522,0.00010608346485330156,0.0005690889612386396,0.008605587672556576,7.405613919020393e-05,0.0004903879402117228
1373,0.0001253189413279454,4.61397462468612e-05,0.00019822476678813908,0.00015208502054127787,0.009239660712737137,8.537133008656994e-05,0.00019808453884129218,-0.006608532001994963,4.367269522131956e-05,0.0003530273679269724,-0.003061897031648884,9.375213432694096e-06,4.356239359615266e-05
1374,-3.2212830142003845,1.0,1.0,0.0,0.0,1.0,1.0,0.0,1.0,1.0,0.0,1.0,1.0
1375,-3.2212830142003845,1.0,1.0,0.0,0.0,1.0,1.0,0.0,1.0,1.0,0.0,1.0,1.0
1376,-3.141493957430897,1.2848771895668243e-05,0.00016206932472292065,0.0001492205528272524,0.003584518363086865,1.2848771895224154e-05,0.00016206932472295765,0.0035845183630868645,1.2848771895890287e-05,0.00016206932472284663,0.003584518363086864,1.2848771895890287e-05,0.00016206932472295765
1377,0.00010706565472906604,1.0678235838150012e-06,0.0001564740740146823,0.0001554062504308673,0.0010206240449235043,1.0416734412821427e-06,0.0001585679042687138,-0.0012554169585172557,1.5760717403390245e-06,0.00015907346072829842,-0.0007653270997887049,5.857255698238362e-07,0.0001517808570470347
1378,9.569090796701651e-05,4.7206562274267526e-05,0.00017699823307948392,0.0001297916708052164,0.007443649271198932,5.540791447267157e-05,0.00020621767456574513,-0.00806729439104429,6.508123879145344e-05,0.00024699128329574993,-0.0045967960102113545,2.1130533558677556e-05,7.778574137695671e-05
1379,0.00017488277283372877,8.432514443882748e-05,0.00024082471376511241,0.00015649956932628495,0.01311005193164151,0.00017187346165026263,0.00032726408311989363,-0.001596026891628401,2.5473018387955904e-06,0.00015366535090788336,0.008863107233236559,7.85546698274242e-05,0.00024154470726756028
1380,-3.4612747094714793,3.184734210411507e-05,0.0001545623888746054,0.00012271504677049033,-0.009625823879084831,9.265648535128346e-05,0.0002281638045085188,-9.677892334973894e-05,9.366160069745888e-09,0.00011966950935093923,-0.00169592889021885,2.876174800992004e-06,0.00011585385276435822
1381,0.00011021793194321283,5.501220625647729e-05,0.00020878867926036696,0.00015377647300388966,-0.00810296148392156,6.565798481006357e-05,0.00023462301288645904,-0.00996402458264597,9.928178588369807e-05,0.00022622953893070008,0.0003112042348004559,9.684807567023057e-08,0.00016551348596394178
1382,8.550252262440328e-05,1.778161390257142e-05,0.0003025016447265605,0.00028472003082398906,-0.007285143315099752,5.3073313121543286e-05,0.00043743854008704286,0.00023457726977714626,5.5026495582310986e-08,0.00023824567662944496,-0.00046529785165687197,2.16502090588655e-07,0.00023182071746319366
1383,0.00013386445660923396,4.940346264033687e-05,0.00013110690586570772,8.170344322537085e-05,-0.00928043528349564,8.612647905203996e-05,0.00018292242054918084,-0.007528854385476884,5.668364835742512e-05,8.56603564183267e-05,-0.002323846060168238,5.400260511545518e-06,0.00012473794062961563
1384,5.4053446057023e-05,7.3490547388329235e-06,0.00040239358929494706,0.00039504453455611416,-0.004249406514032228,1.8057455722031435e-05,0.00018761629913754962,-0.000162480037880234,2.6399762487194778e-08,0.0004974461466143998,0.0019908060509333018,3.963308731980142e-06,0.0005221183221328918
1385,4.814125714069917e-06,9.894574221810022e-07,0.0001885702026644953,0.0001875807452423143,-0.0006868045042240249,4.717004270515801e-07,0.00019078616628320777,0.00049153219917347,2.4160390255101305e-07,0.00021981915200686153,0.0015016883620278974,2.2550679369404136e-06,0.00015510528970341664
1386,0.00011130461647701484,7.58038669361009e-05,0.00025701565608367744,0.00018121178914757652,0.009232754603448764,8.524375756802094e-05,0.000274485343561115,-0.007780372350644637,6.053419391471859e-05,0.0003309346273563385,0.009035134162009139,8.163364932556316e-05,0.00016562699733357888
1387,-3.2212830142003845,1.0,1.0,0.0,0.0,1.0,1.0,0.0,1.0,1.0,0.0,1.0,1.0
1388,-3.2212830142003845,1.0,1.0,0.0,0.0,1.0,1.0,0.0,1.0,1.0,0.0,1.0,1.0
1389,0.00025825641715737646,0.00018216460340440369,0.00037395907527071337,0.00019179447186630968,0.012800109571311858,0.0001638428050376728,0.00036640718368585734,-0.015224242381077368,0.00023177755607817208,0.0002991578316964283,0.012283055364914208,0.00015087344909736622,0.0004563122104298545
1390,0.00015544161837133252,5.201051070443293e-05,0.0002551570131457496,0.00020314650244131668,-0.010933056013280922,0.00011953171378942251,0.0003065523627152622,0.003009417551567844,9.056593999523521e-06,0.00017817603678293992,-0.005238628095605031,2.7443224324352755e-05,0.0002807426399390467
1391,6.37708745947485e-05,1.5915365012405164e-05,0.0001719673395932375,0.00015605197458083234,0.0015565177173154402,2.422747404251524e-06,0.00014578138792087358,0.004098837013274344,1.680046486163267e-05,0.00022968859632688243,0.005340681863907298,2.8522882771331304e-05,0.00014043203453195652
1392,-3.2212830142003845,1.0,1.0,0.0,0.0,1.0,1.0,0.0,1.0,1.0,0.0,1.0,1.0
1393,0.00014043245443540187,4.565177270710041e-05,0.00016248627043661626,0.00011683449772951585,-0.0006962724589686258,4.847953370967772e-07,0.0001431973086167826,-0.004923561152045341,2.4241454417595065e-05,8.851260905706759e-05,-0.010593822179313046,0.0001122290683666094,0.0002557488936359986
1394,0.00197678933641654,0.0006869643573395035,0.0014472054382410986,0.0007602410809015951,0.04286004237483555,0.001836983232372691,0.00213137388817497,0.009174980721721033,8.41802712440165e-05,0.0019790217668063104,0.011820726221417242,0.00013972956840180295,0.00023122065974201522
1395,-3.2212830142003845,1.0,1.0,0.0,0.0,1.0,1.0,0.0,1.0,1.0,0.0,1.0,1.0
1396,0.00016644137338595044,0.0001269693690685303,0.00033104372091130596,0.00020407435184277567,-0.008910916018601054,7.940442429044126e-05,0.0002315022962378066,-0.0128600542892758,0.00016538099632312786,0.00035514377795564656,0.011667162748171932,0.00013612268659202176,0.0004064850885404647
1397,-3.2212830142003845,1.0,1.0,0.0,0.0,1.0,1.0,0.0,1.0,1.0,0.0,1.0,1.0
1398,5.433614018157673e-05,2.2902507610870575e-05,7.932167250968014e-05,5.641916489880956e-05,0.004830381380683116,2.3332584282997892e-05,8.317072053376506e-05,0.004178231899886862,1.745762180960231e-05,6.552462200237752e-05,0.0052836840121264095,2.7917316740011522e-05,8.926967499289784e-05
1399,-3.2212830142003845,1.0,1.0,0.0,0.0,1.0,1.0,0.0,1.0,1.0,0.0,1.0,1.0
1400,0.00032687349925630826,0.00010679247748338987,0.0003934782363505344,0.00028668575886714454,-0.00793355778722063,6.294133916295852e-05,0.00037222917538870526,0.01043073181909019,0.0001088001662816751,0.00035479319117859287,0.01219163348389416,0.00014863592700553596,0.00045341234248430506
1401,-3.093599618469261,2.3492159518763895e-05,0.00018510690129802665,0.00016161474177926274,-0.005049661944087882,2.5499085749558503e-05,0.00018360902846159544,-0.004000602993217242,1.6004824309523435e-05,0.0001612378282620508,0.005382617253443561,2.897256849720975e-05,0.00021047384717043371
1402,-3.2212830142003845,1.0,1.0,0.0,0.0,1.0,1.0,0.0,1.0,1.0,0.0,1.0,1.0
1403,8.006423147610686e-05,4.274557467250547e-05,0.0003844664087176615,0.0003417208340451561,0.006168733001344418,3.8053266841808764e-05,0.0003835957007568558,-0.00725618616487522,5.265223765937854e-05,0.00040346676412872373,-0.006126272889491967,3.7531219516329095e-05,0.0003663367612674051
1404,2.5157013406662543e-05,8.527002631986136e-06,0.00016288638096310462,0.00015435937833111849,-0.004933139169058636,2.4335862061186653e-05,0.00010123388531257937,-0.0010901576019965262,1.188443597310851e-06,7.237361621936778e-05,-0.00023812231613778626,5.670223746090386e-08,0.00031505164135736674
1405,9.819459705651123e-05,1.162587272611019e-05,0.00018334966162577201,0.00017172378889966183,-0.0020169390506642798,4.068043134242139e-06,0.00017702005843189816,0.0024890114657869964,6.19517807698422e-06,0.0001970469669779762,-0.004961289849148844,2.4614396967104213e-05,0.00017598195946744166
1406,1.8487033036640454e-05,1.0247823610106307e-05,0.0001527257651529427,0.00014247794154283638,0.003816902520140015,1.4568744848397763e-05,0.00012600302470500147,0.002210119573577743,4.884628529433499e-06,0.00013012847990356846,-0.003360074024844378,1.1290097452487657e-05,0.0002020457908502582
1407,-3.2212830142003845,1.0,1.0,0.0,0.0,1.0,1.0,0.0,1.0,1.0,0.0,1.0,1.0
1408,0.00021665416880756183,8.266141571936872e-06,0.00021685925749607518,0.00020859311592413832,0.002155893070302686,4.647874930596707e-06,0.0002074502990475624,-0.0034182935618173966,1.1684730874650384e-05,0.00020637723532734853,0.0029096080338244174,8.465818910563527e-06,0.00023675023811331464
1409,4.868046415207328e-05,2.0494154877370718e-05,0.00022489358945191698,0.00020439943457454626,0.006970516676624174,4.858810273866698e-05,0.00043117813927351367,-0.002847953531926695,8.110839320396579e-06,0.00011301223730009191,0.002187126556265271,4.783522573048593e-06,0.0001304903917821454
1410,1.9143584758851695e-05,5.1415539293886425e-06,0.0001931657168856571,0.00018802416295626845,-0.003822589894457612,1.4612193501517545e-05,0.00010538750368838112,-0.0009013033238945174,8.123476815669051e-07,0.0003522906795021541,1.0982045007695436e-05,1.2060508147726523e-10,0.00012181896746643606
1411,0.00045084894530611486,0.00029353381600446166,0.0015255608382731916,0.00123202702226873,0.01520997037338253,0.00023134319875928178,0.0008064339061282233,0.01788426106064799,0.00031984679368524116,0.002022015819731715,-0.018149695743148425,0.0003294114555688621,0.001748232788959636
1412,0.00022582613726829237,7.249108795089516e-05,0.00019770268679153435,0.0001252115988406392,-0.004430857463617775,1.9632497862853704e-05,0.00023114649104682972,-0.0015530560457255385,2.4119830811519805e-06,5.367525318988875e-05,0.013979584504162935,0.00019542878290867982,0.0003082863161378846
1413,2.4733597763559878e-05,5.606360915807092e-06,0.00014996630929320354,0.00014435994837739644,-0.00021751446838653396,4.731254354961578e-08,0.00019675004072738922,-0.0013205228803764152,1.7437806770770337e-06,0.00011975919406947977,-0.003876595094587703,1.5027989526794627e-05,0.00013338969308274162
1414,-3.2212830142003845,1.0,1.0,0.0,0.0,1.0,1.0,0.0,1.0,1.0,0.0,1.0,1.0
1415,-3.2212830142003845,1.0,1.0,0.0,0.0,1.0,1.0,0.0,1.0,1.0,0.0,1.0,1.0
1416,-3.2212830142003845,1.0,1.0,0.0,0.0,1.0,1.0,0.0,1.0,1.0,0.0,1.0,1.0
1417,0.000413124582890223,0.0001628549233066249,0.00044985852274170846,0.0002870035994350836,0.007534893836210026,5.677462512310161e-05,0.00046376837604578114,0.016098085758152525,0.00025914836507667793,0.0005727642449263604,0.013139321889659333,0.0001726417797200952,0.00031304294725298387
1418,0.00013459465811926918,3.4642028273671834e-05,0.0002834949522686851,0.00024885292399501324,-0.009713475212108191,9.43516006965961e-05,0.00022629843440913344,0.0013917429757936935,1.936948510805614e-06,0.00027768666018590515,-0.0027636091643425107,7.6375356136138e-06,0.00034649976221101664
1419,0.0002480875234618374,9.263001395546737e-05,0.00024993989731680877,0.00015730988336134139,0.004191072827650231,1.756509144645868e-05,0.00015234910114214628,0.006927337369206225,4.79880030270774e-05,0.0001294995152618661,0.014571786005595628,0.00021233694739286602,0.00046797107554641393
1420,0.00013937945755126968,4.659727758408542e-05,0.0004665602201104531,0.0004199629425263677,-0.011192058247023072,0.00012526216780450738,0.0007162076736926259,-0.00010939523681185336,1.1967318358507839e-08,0.00019097572628534731,-0.0038102096568485033,1.451769762939037e-05,0.0004924972603533861
1421,0.00012347003737767093,2.4776274435570993e-05,0.00023042558968389137,0.0002056493152483204,-0.005194118969020415,2.6978871864313803e-05,0.0002188499835458213,-0.0016128525579450134,2.60129337359416e-06,0.0001681260265344875,-0.006689443778712298,4.4748658068805014e-05,0.0003043007589713653
1422,8.307585540567874e-05,2.4936975639914632e-05,0.00015554088905041694,0.00013060391341050231,-0.0006408255497403772,4.106573852080686e-07,0.0001332743594573138,-0.00814495683220239,6.634032179819727e-05,0.00014324950141886283,0.0028390047087317456,8.059947736338557e-06,0.00019009880627507414
1423,6.41051830392314e-05,1.6009248236488933e-05,0.0001737274177825432,0.00015771816954605425,0.0037321802693914244,1.3929169562665322e-05,0.00017972743602168162,0.005837353078636521,3.407469096294857e-05,0.000188041367240821,0.00015454508499259713,2.3884183852906915e-08,0.00015341345008512697
1424,6.304580961269401e-05,3.326547090113744e-05,0.00033945724953006923,0.00030619177862893177,-0.0046115789420975465,2.1266660339080978e-05,0.0002578910699608805,0.006689266704747214,4.474628904749256e-05,0.0004316332108207366,-0.005812354369508895,3.378346331683879e-05,0.00032884746780859064
1425,-3.2212830142003845,1.0,1.0,0.0,0.0,1.0,1.0,0.0,1.0,1.0,0.0,1.0,1.0
1426,-3.2212830142003845,1.0,1.0,0.0,0.0,1.0,1.0,0.0,1.0,1.0,0.0,1.0,1.0
1427,8.950842902577527e-05,4.4502234160378094e-05,0.00012866656481195596,8.416433065157786e-05,0.0048785871564533635,2.3800612643065655e-05,0.00017910931965992027,0.00807254675066912,6.516601104189501e-05,0.00010026033443100157,-0.00667383538871505,4.454007879617361e-05,0.00010663004034494605
1428,2.3515101759907786e-05,7.2638333576587515e-06,0.00016290822237596814,0.00015564438901830938,-0.0022737296436244675,5.169846492125707e-06,0.00010624509771262058,0.004020457779505097,1.6164080756220223e-05,0.00011793219511935238,-0.0006764412942259111,4.5757282463032567e-07,0.00026454737429593145
1429,8.58512210775153e-05,1.5396669969673187e-05,0.00022175826050122952,0.00020636159053155634,0.0022418732736717057,5.025995775009839e-06,0.00040913896306871145,-0.0021163192321764926,4.478807092311854e-06,6.64975408085633e-05,0.006056831435829649,3.6685207041697865e-05,0.00018963827762641383
1430,-3.2212830142003845,1.0,1.0,0.0,0.0,1.0,1.0,0.0,1.0,1.0,0.0,1.0,1.0
1431,0.00023603645832526166,0.0002113603112258907,0.00033724454587247266,0.00012588423464658197,-0.0151144153080825,0.00022844555010592682,0.0003518609843581322,-0.014362634919290643,0.00020628528182553563,0.0002855012397756651,0.014119139554041593,0.0001993501017462096,0.0003743714134836207
1432,6.875474899847855e-05,5.319540340368671e-06,0.00017601097051678227,0.0001706914301764136,0.0031347412238246905,9.826602540119467e-06,0.00018089908604046467,-0.00203345373691485,4.13493410067467e-06,0.0001844552663953225,0.0014131823590293145,1.9970843803118754e-06,0.00016267855911455964
1433,7.331538087806955e-05,2.4397941102316523e-05,0.00012133012965102423,9.69321885487077e-05,0.003593846335657872,1.2915731484430815e-05,0.00010648877446883809,0.007488116564827308,5.60718896883694e-05,0.00014421974012579497,0.0020509027607502786,4.2062021341493505e-06,0.00011328187435843962
1434,3.7495755916938656e-05,1.0326094836495455e-05,0.00031329764372704333,0.0003029715488905479,-0.00039134409156558206,1.5315019841199984e-07,0.00034759186869048886,0.005492202818170688,3.016429179580893e-05,0.0002543387065789826,-0.0008129222074431627,6.608425152654362e-07,0.00033796235591165846
1435,9.703463865684547e-05,2.6358134859664577e-05,0.0003093111644785577,0.0002829530296188931,-0.002708565118637837,7.336325002271771e-06,0.0003818693720970545,0.0062313295640122595,3.882946813515975e-05,0.00019954978223724051,0.005736602778755246,3.290861144156221e-05,0.0003465143391013781
1436,-3.2212830142003845,1.0,1.0,0.0,0.0,1.0,1.0,0.0,1.0,1.0,0.0,1.0,1.0
1437,0.00018690343103455742,1.3685741443521712e-05,0.0002625959221415064,0.0002489101806979847,-0.006299311285856968,3.96813226757331e-05,0.00025564136708744467,-0.0007856635993008851,6.172672910587096e-07,0.0002871820105128098,-0.000870996190481303,7.58634363773325e-07,0.00024496438882426474
1438,7.830099373207222e-05,1.6995168335420807e-05,0.0001435664464566333,0.0001265712781212125,0.004062083390279439,1.65005214700642e-05,0.00015514004587791064,0.0007583896047123117,5.751547922372424e-07,6.64151849016914e-05,-0.005823214640017724,3.390982874396098e-05,0.00020914410859029786
1439,0.00018337652111377611,5.6610230406780225e-05,0.000379111480884838,0.0003225012504780578,-0.009040890421715174,8.173769961750121e-05,0.000436804683872416,-0.009375676112717909,8.790330257046897e-05,0.0005372223038677681,0.0004355330437635683,1.8968903237048806e-07,0.00016330745491432985
1440,3.1617152263963e-05,9.173498084380505e-06,0.00030338705565902124,0.00029421355757464074,-0.003730395832573294,1.39158530679806e-05,0.00048683296434604006,0.003575465203102654,1.2783951418571249e-05,0.0002745609289849238,0.0009059192935030707,8.206897665896662e-07,0.00014876727364609987
1441,0.00011309368906275985,2.5551461773446842e-05,0.00014713457669538835,0.0001215831149219415,0.004735800068006278,2.242780228367547e-05,0.0001424391940355596,-0.006726237169154011,4.524226645541418e-05,0.0001865685718303034,-0.002997384957116334,8.984316581250873e-06,0.00011239596422030207
1442,-3.2212830142003845,1.0,1.0,0.0,0.0,1.0,1.0,0.0,1.0,1.0,0.0,1.0,1.0
1443,0.00024980565606191885,3.3039166144869604e-05,0.0003181646042628901,0.0002851254381180205,-0.002708268816572887,7.3347199827100695e-06,0.00020243438333034103,0.002659952188507753,7.075345645146669e-06,0.00029255538460204455,-0.009203664096790461,8.470743280675208e-05,0.0004595040448562848
1444,-3.2212830142003845,1.0,1.0,0.0,0.0,1.0,1.0,0.0,1.0,1.0,0.0,1.0,1.0
1445,6.784139939997047e-05,1.0146725224665273e-05,0.00011965248801056501,0.00010950576278589974,-0.0026043068336279855,6.782414083694732e-06,0.0001590466144598679,-0.003193918123799497,1.0201112981667038e-05,0.00010188398702437595,0.0036683304933142155,1.3456648608634048e-05,9.802686254745119e-05
1446,-3.2212830142003845,1.0,1.0,0.0,0.0,1.0,1.0,0.0,1.0,1.0,0.0,1.0,1.0
1447,-3.155551506179112,3.4485045156499677e-07,0.00016027025780055806,0.00015992540734899308,-0.00058723968827456,3.448504507508332e-07,0.00016027025780041004,0.00058723968827456,3.448504515279893e-07,0.000160270257800188,-0.0005872396882745597,3.4485045241616774e-07,0.00016027025780107618
1448,-6.3048915993393875,1.8982468061867763e-05,0.0002919622498056181,0.0002729797817437503,0.003967624218383276,1.5742041938215934e-05,0.00027783977146866867,0.004721421080782996,2.229181702262384e-05,0.00030612961607601186,-0.004348970593807243,1.8913545224763517e-05,0.00029191736187217376
1449,5.3797147662737466e-05,1.008194718158754e-05,0.0001349814242903591,0.00012489947710877156,0.004624406381579613,2.13851343824345e-05,0.00021715220586759898,-0.0020439774784783023,4.1778439325845795e-06,0.00015770555117677887,0.002163992428387905,4.682863229743539e-06,3.008651582669941e-05
1450,0.00025369207562364604,4.902483952003619e-05,0.0002884196897998681,0.0002393948502798319,0.0022110224646407785,4.888620339094096e-06,0.00042701754197227437,0.0093472568354562,8.737121034796402e-05,0.00020922214742002954,0.007403694204432183,5.481468787305044e-05,0.00022901938000730038
1451,-3.2212830142003845,1.0,1.0,0.0,0.0,1.0,1.0,0.0,1.0,1.0,0.0,1.0,1.0
1452,0.0003092712416562504,9.924485176067883e-05,0.0007961703978388579,0.000696925546078179,0.012524865064678876,0.000156872244888695,0.0010374696952837326,0.006839289717673373,4.677588384249809e-05,0.0008731213074524291,-0.009699815799860241,9.408642655084343e-05,0.00047792019078041204
1453,3.64409085388262e-05,3.0864903907505216e-05,0.00023753213185466007,0.00020666722794715486,-0.005593325866824954,3.128529425255877e-05,0.00025209956331195826,0.005251942325425683,2.758289818949322e-05,0.0002194034060075678,-0.005807453769079994,3.372651928046366e-05,0.00024109342624445418
1454,-0.4848615181349243,1.1074835255494206e-05,0.0001521883943497171,0.00014111355909422288,0.0030238295603864916,9.14354520997751e-06,0.0001503287027634359,0.001628038473168741,2.6505092700634947e-06,0.00014381284841891162,0.004629303542255703,2.143045128644161e-05,0.00016242363186680375
1455,8.951861079520285e-05,4.603565758172964e-05,0.00017609998426448836,0.00013006432668275872,-0.006332677701972114,4.010280687605228e-05,0.00021056979355427163,0.006413393616240263,4.113161767715923e-05,0.0002013802208280513,-0.00754138900951631,5.68725481919774e-05,0.00011634993841114216
1456,0.00034530853661718375,0.00014754888546793707,0.0005076762458455786,0.0003601273603776415,-0.017890028712245803,0.00032005312732508173,0.0008926059131616482,-0.010897179496937292,0.00011874852098825439,0.0003837629387949404,0.001960869218084454,3.845008090475055e-06,0.0002466598855801472
1457,0.00029833598414297224,0.00012271421123366544,0.0015519712492563231,0.0014292570380226577,0.009298444227310881,8.646106504850426e-05,0.0030382852186060516,-0.0103969111526436,0.0001080957615157141,0.0013790394449203491,0.01317519666406745,0.00017358580713677796,0.00023858908424256864
1458,0.00020233270333236408,2.7102134216194784e-05,0.00020648131757357765,0.00017937918335738287,-0.007625236826572613,5.814423666150592e-05,0.000204368268996169,-0.0007072668775139554,5.002264362730102e-07,0.00020364380271176152,0.0047604558133562845,2.266193955080542e-05,0.00021143188101280241
1459,-3.058528237728173,9.620658774559901e-06,0.00016181335607586464,0.00015219269730130475,0.0031017186807252013,9.620658774633917e-06,0.00016181335607601266,0.003101718680725201,9.620658774189828e-06,0.0001618133560752355,-0.0031017186807251996,9.620658774855961e-06,0.00016181335607634573
1460,4.270708256570721e-05,1.3161102587940418e-05,0.00014276565147948914,0.0001296045488915487,0.0016571032657901514,2.7459912332883363e-06,9.008899093831957e-05,-0.003910231257798181,1.528990848986833e-05,0.00013038604972215317,-0.004631134638562979,2.1447408040664584e-05,0.00020782191377799464
1461,8.318718498434574e-05,3.329104985253887e-05,0.00014960578152996748,0.00011631473167742862,-0.008719402308563306,7.602797661854233e-05,0.00015090404446616024,-0.004478691616936138,2.0058678599332858e-05,0.00020381747488595892,-0.0019458916567733776,3.786494339741431e-06,9.409582523778326e-05
1462,-3.2212830142003845,1.0,1.0,0.0,0.0,1.0,1.0,0.0,1.0,1.0,0.0,1.0,1.0
1463,0.00016342045045958375,5.946393070495789e-05,0.0005209225902811365,0.00046145865957617865,-0.0018838705019831108,3.5489680682010416e-06,0.0010154645215654234,-0.01251675839513349,0.0001566692407222181,0.00038483432813463114,-0.00426304859515522,1.8173583324454512e-05,0.00016246892114335498
1464,-3.2212830142003845,1.0,1.0,0.0,0.0,1.0,1.0,0.0,1.0,1.0,0.0,1.0,1.0
1465,-3.2212830142003845,1.0,1.0,0.0,0.0,1.0,1.0,0.0,1.0,1.0,0.0,1.0,1.0
1466,0.0003609393842897157,8.926582422770964e-05,0.000328872386085625,0.0002396065618579154,-0.005175261138713435,2.6783327853552308e-05,0.0003763928034778985,0.01492761843044029,0.00022283379200471742,0.0005190188218532343,0.004263842495329435,1.818035282485919e-05,9.120553292574218e-05
1467,4.6558402298946255e-05,7.660120242780621e-06,0.00011011500659459846,0.00010245488635181783,-0.0039054632267346624,1.5252643015495337e-05,8.97716002957738e-05,0.0026174172702353136,6.850873166652782e-06,0.00010260487139202024,0.0009363997790491961,8.768445461937446e-07,0.00013796854809600134
1468,-3.1024564120638454,4.365311405655584e-05,0.00014333322526723555,9.968011121067971e-05,0.0068142121017884935,4.643348656752089e-05,9.529085996151654e-05,-0.007993136765990326,6.389023535924299e-05,0.00011284363887953397,-0.0045426446309806325,2.0635620242903663e-05,0.0002218651769606561
1469,0.0006665807528831724,0.00013779191963136928,0.00048692768734518815,0.0003491357677138189,-0.01469685688969576,0.00021599760243617983,0.0007457394162623254,0.0014469147432732755,2.0935622744300275e-06,0.00032104470392757545,-0.013974426434866313,0.00019528459418349797,0.00039399894184566353
1470,0.00032428692711949925,0.00013538911952530133,0.00027281971784480036,0.00013743059831949902,0.01799207741979126,0.00032371484987980814,0.0004876740154150516,-0.0070821446662966605,5.015677307418365e-05,0.00013604130955902072,-0.005682933716130572,3.2295735621912236e-05,0.00019474382856032868
1471,7.085884020008315e-05,3.289727609486389e-05,0.0001789279399809033,0.00014603066388603941,0.007899155122373203,6.239665164731178e-05,0.00026853589999609184,0.0060152059804983275,3.618270298777482e-05,0.00014199895641431315,0.0003353709130000862,1.1247364950506267e-07,0.00012624896353230497
1472,0.002188291031249623,0.000990721160291123,0.001431154191402384,0.000440433031111261,-0.018662419227919558,0.00034828589143864885,0.0005620713729923565,-0.03823884529471445,0.0014622092894730487,0.0023381151086818708,0.034083255419069154,0.0011616682999616712,0.0013932760925329246
1473,-3.208856542344069,6.344371689540977e-05,0.00020309082179333546,0.0001396471048979257,-0.007965156426274078,6.344371689537276e-05,0.0002030908217930394,0.007965156426274078,6.344371689537276e-05,0.00020309082179392757,0.00796515642627408,6.344371689548378e-05,0.0002030908217930394
1474,1.6539467202036917e-05,3.670135728957765e-06,0.00021444565368988755,0.00021077551796092978,-0.0008413202149560988,7.078197040710776e-07,0.00027466190936786816,0.002507234666968346,6.286225675222745e-06,9.877376302813712e-05,0.0020040862775290392,4.016361807579472e-06,0.00026990128867365737
1475,0.0004544190624623523,0.00015987106674960247,0.00042079501418782844,0.000260923947438226,-0.011680402209221443,0.00013643179576894315,0.00042806031985265225,0.01160339704742907,0.00013463882304032282,0.0003809740887583679,0.014441003477585408,0.0002085425814395414,0.0004533506339524651
1476,4.3416035833798716e-05,2.6850094832608917e-05,9.117749958327999e-05,6.432740475067107e-05,0.0061132716858335705,3.7372090704979044e-05,9.26318662348713e-05,-0.005394680569335996,2.910257844546127e-05,9.300012676738412e-05,-0.003751748305431277,1.4075615347386439e-05,8.790050574758457e-05
1477,-2.980114551151077,5.598566244324754e-05,0.00017117861258516184,0.0001151929501419143,-0.007482356743912408,5.598566244313652e-05,0.00017117861258475475,0.007482356743912413,5.5985662442470385e-05,0.00017117861258464373,-0.007482356743912415,5.598566244413572e-05,0.00017117861258608702
1478,6.850483431319887e-05,2.412353381027928e-05,0.00029817420083951457,0.0002740506670292353,-0.004329819252451913,1.8747334758595358e-05,0.0003557283545581047,0.007078537105966674,5.010568756036449e-05,0.0002670053724349586,0.0018755210240961558,3.5175791118779998e-06,0.0002717888755254805
1479,2.5988185488379223e-05,8.135159121347435e-06,0.00032343487179586905,0.0003152997126745216,-0.000517624763588662,2.679353958701114e-07,0.00019861488509786973,-0.003137191817612141,9.841972500534979e-06,0.00039319133191462186,-0.0037809482233512617,1.4295569467637215e-05,0.00037849839837511556
1480,0.00015109951019853796,3.372174881033363e-05,0.00025374277772745774,0.0002200210289171241,0.008321007042626177,6.923915820378213e-05,0.00033236915730827654,0.005648781499584841,3.1908732429752895e-05,0.0003545415948469355,-0.00013174140250968042,1.7355797465867795e-08,7.431758102716124e-05
1481,-3.2212830142003845,1.0,1.0,0.0,0.0,1.0,1.0,0.0,1.0,1.0,0.0,1.0,1.0
1482,2.0383996188422238e-05,5.250273286868297e-06,0.0003021661296028026,0.0002969158563159343,0.002136012622250603,4.5625499237589295e-06,0.00030789962829691486,0.002394299176618441,5.7326685471981165e-06,0.00030372974111914086,0.0023357228837768513,5.455601389647846e-06,0.000294869019392352
1483,4.541172099481461e-05,2.53006419493144e-05,0.00020382794060920992,0.00017852729865989553,-0.005940152630910053,3.5285413277907907e-05,0.00019093815759940735,-0.005147967431320048,2.6501568674897058e-05,0.00015295510120760802,-0.0037569860121860715,1.4114943895138232e-05,0.00026759056302061435
1484,7.942764677904002e-05,2.1995062431390267e-05,0.0001803294402230963,0.00015833437779170603,0.007296361481986373,5.3236890875996146e-05,0.0003072421032459527,-0.0010152898523350612,1.0308134842373917e-06,0.0001451127751721515,-0.0034230809125716357,1.1717482933937262e-05,8.863344225118475e-05
1485,-3.2212830142003845,1.0,1.0,0.0,0.0,1.0,1.0,0.0,1.0,1.0,0.0,1.0,1.0
1486,0.00036090110753084215,1.1387999031664542e-05,0.0001573904944322709,0.00014600249540060636,0.004107360958098223,1.687041404008216e-05,0.00017298416282884865,-0.0036655907669860886,1.343655567120905e-05,0.00017349058581650478,-0.001963931613794987,3.857027383702416e-06,0.00012569673465145925
1487,-3.202819167662163,5.982398345498e-05,0.00017405588940870112,0.00011423190595372112,-0.007734596528211587,5.982398345560913e-05,0.00017405588940977434,-0.007734596528211596,5.982398345460993e-05,0.00017405588940788697,0.007734596528211593,5.982398345472095e-05,0.00017405588940844208
1488,-3.2212830142003845,1.0,1.0,0.0,0.0,1.0,1.0,0.0,1.0,1.0,0.0,1.0,1.0
1489,0.0001279430299238049,3.875901190060945e-05,0.0002631433019365896,0.00022438429003598012,-0.003664435795286089,1.3428089698064305e-05,0.00021952935029889709,0.010116866805127725,0.00010235099395283775,0.00043125622680484366,0.000705657176609795,4.979520509262869e-07,0.00013864432870602794
1490,7.891419911354447e-05,2.195463889886895e-05,0.00014883696092652757,0.00012688232202765862,0.00013744721632021894,1.88917369525754e-08,0.00014224558351716432,-0.00059188725145553,3.5033051870581033e-07,0.00017627333309544468,-0.008092879242939333,6.549469444094846e-05,0.00012799196616697373
1491,0.00010215661910195628,7.831420432043619e-05,0.0002833707053598866,0.00020505650103945044,0.009837966288013868,9.678558068337839e-05,0.0003439096688331311,0.009931409712855435,9.863289888389914e-05,0.0003510285199631591,-0.006286822201509814,3.952413339403105e-05,0.00015517392728336965
1492,-3.0383394498015335,3.443855819214766e-05,0.0001732450513556305,0.00013880649316348284,-0.005868437457475022,3.443855819196262e-05,0.00017324505135518642,-0.00586843745747502,3.443855819207364e-05,0.00017324505135596358,0.005868437457475019,3.443855819240671e-05,0.00017324505135574153
1493,0.012580003099856962,0.00681226908515394,0.026528629046557246,0.019716359961403307,0.07363669431561252,0.005422362749731291,0.022434914009002105,0.04991246528561047,0.0024912541908873598,0.010922579932784227,-0.11190706105891163,0.012523190314843169,0.04622839319788541
1494,0.0001749418108162315,5.5664608842912834e-05,0.00029322640887829987,0.00023756180003538704,-0.004831211115872674,2.3340600846299964e-05,0.00033302347527219833,0.011980936438591256,0.00014354283794748568,0.0002695851819348727,-0.00033224649787205827,1.1038773495286591e-07,0.0002770705694278286
1495,1.872426031868102e-05,3.5405116861249772e-06,0.000135814183727323,0.00013227367204119803,0.003062712147006814,9.38020569551945e-06,0.00012008146290221067,0.0010269641403143688,1.0546553455004215e-06,0.00021559627879297327,-0.00043205788740088635,1.8667401735505962e-07,7.17648094867851e-05
1496,-3.2212830142003845,1.0,1.0,0.0,0.0,1.0,1.0,0.0,1.0,1.0,0.0,1.0,1.0
1497,6.78811238530308e-05,2.4779315422440717e-05,0.00022319710290537773,0.000198417787482937,0.0046702136700809355,2.1810895724172497e-05,0.00025171810802859795,0.002850452634935345,8.125080224075099e-06,0.0002767853507408269,-0.006663480345844338,4.440197031907456e-05,0.0001410878499467083
1498,2.4623687813196682e-05,1.794659286509977e-05,0.0002019963447579635,0.0001840497518928637,0.00371438447970097,1.3796652062914028e-05,0.00012193795405690544,-0.00457105339342687,2.0894529124904082e-05,0.0002480684866990046,0.004375911037420572,1.9148597407481205e-05,0.00023598259351798045
1499,3.1965805419087445e-05,8.217920976568335e-06,0.00030687355143640033,0.000298655630459832,-0.00013755887529401012,1.89224442781466e-08,0.00028653609768969357,-0.004375268086772384,1.9142970831387274e-05,0.0003077587054088893,-0.002343473843228834,5.491869654039583e-06,0.0003263258512106182
1500,2.7330724804208728e-05,2.1418703940826824e-06,0.00012098781813581667,0.00011884594774173399,-0.00030774759375537297,9.47085811997539e-08,0.00011119559706818105,-0.0023589964113899004,5.564864068885456e-06,0.0001405032546722973,-0.0008752362720902563,7.660385321628382e-07,0.00011126460266697169
1501,9.724090732154966e-05,3.9800436466452815e-05,0.00032572691799426234,0.00028592648152780953,-0.008798624292938404,7.741578944830962e-05,0.0002307578701691293,0.00024019405842992664,5.7693185673279856e-08,0.0003678921784301403,-0.00647517001824467,4.192782676537554e-05,0.0003785307053835174
1502,-3.2212830142003845,1.0,1.0,0.0,0.0,1.0,1.0,0.0,1.0,1.0,0.0,1.0,1.0
1503,-3.2212830142003845,1.0,1.0,0.0,0.0,1.0,1.0,0.0,1.0,1.0,0.0,1.0,1.0
1504,-3.2212830142003845,1.0,1.0,0.0,0.0,1.0,1.0,0.0,1.0,1.0,0.0,1.0,1.0
1505,-3.2212830142003845,1.0,1.0,0.0,0.0,1.0,1.0,0.0,1.0,1.0,0.0,1.0,1.0
1506,0.0004019598740766517,0.00015941560491542864,0.00024502635111152876,8.561074619610012e-05,0.003870974543111635,1.4984443914123347e-05,5.598581195120911e-05,-0.010589694776076549,0.00011214163545025801,0.0002857280324632949,0.018738215907117675,0.0003511207353819046,0.0003933652089200823
1507,-3.2212830142003845,1.0,1.0,0.0,0.0,1.0,1.0,0.0,1.0,1.0,0.0,1.0,1.0
1508,3.2178070053512364e-05,1.595992929566877e-05,0.00029798028809779886,0.0002820203588021301,-0.004856104657327844,2.3581752442991544e-05,0.00015731418064068858,-0.0037845297911933452,1.4322665740418294e-05,0.0003690129068969483,0.0031583808674253313,9.97536970359647e-06,0.0003676137767557597
1509,-3.02744836739675,6.3098819541955e-05,0.00018323514215223824,0.00012013632261028324,-0.007943476540037386,6.3098819542029e-05,0.00018323514215212722,-0.007943476540037388,6.30988195414739e-05,0.0001832351421520162,-0.007943476540037386,6.309881954236207e-05,0.0001832351421525713
1510,-3.172375740544785,3.469348232269335e-05,0.00016606783583243226,0.00013137435350973892,0.0058901173437117165,3.469348232210123e-05,0.0001660678358320622,-0.005890117343711711,3.4693482322767366e-05,0.0001660678358326173,0.005890117343711714,3.4693482323211455e-05,0.0001660678358326173
1511,-3.0846717720879306,3.798286010566384e-06,0.0001638910000323346,0.0001600927140217682,0.0019489191904127755,3.7982860108254357e-06,0.00016389100003255663,-0.001948919190412776,3.7982860103813465e-06,0.00016389100003255663,0.0019489191904127757,3.798286010492369e-06,0.0001638910000318905
1512,1.5291954313489953e-05,3.4621810584001267e-06,0.00010641900465017488,0.00010295682359177476,0.00289024340569354,8.353506943392652e-06,0.00017817990017021668,-0.0008974323508126422,8.053848242761674e-07,6.486958945606247e-05,0.0011079943176592866,1.2276514075315603e-06,7.620752432424549e-05
1513,9.10192099026208e-05,1.9427926202057282e-05,9.106409881243227e-05,7.163617261037498e-05,-0.006153702458227311,3.786805394456749e-05,0.00010968500476804532,-0.004095230447579785,1.677091241869544e-05,8.826689813867805e-05,-0.0019091391367014932,3.6448122429089125e-06,7.524039353057344e-05
1514,-3.2212830142003845,1.0,1.0,0.0,0.0,1.0,1.0,0.0,1.0,1.0,0.0,1.0,1.0
1515,2.3403308696101632e-05,8.762150862947257e-06,0.00015277008453865962,0.00014400793367571235,0.00013642856257670597,1.8612752783475628e-08,0.00011383155016919666,-0.0023241015439525356,5.4014479863306875e-06,0.00020466964681475908,-0.00456797458942555,2.0866391849727606e-05,0.00013980905663202314
1516,5.9557521355002585e-05,1.4427467966204865e-05,0.0003206420910028725,0.00030621462303666763,0.005817123844764262,3.383892982511405e-05,0.00022215047523233,-0.000621364033028853,3.8609326136196387e-07,0.000532475397890031,-0.0030095482738116096,9.057380812138582e-06,0.0002073003998862566
1517,-3.2212830142003845,1.0,1.0,0.0,0.0,1.0,1.0,0.0,1.0,1.0,0.0,1.0,1.0
1518,-3.2212830142003845,1.0,1.0,0.0,0.0,1.0,1.0,0.0,1.0,1.0,0.0,1.0,1.0
1519,-3.2212830142003845,1.0,1.0,0.0,0.0,1.0,1.0,0.0,1.0,1.0,0.0,1.0,1.0
1520,0.4433010283714154,0.19070437034626916,0.6976575884765103,0.5069532181302411,0.23958023438291784,0.05739868870697373,0.7135564586978431,-0.6630611405594451,0.43965007611999185,0.7055864607649845,-0.2739787331378871,0.07506434621184188,0.6738298459667036
1521,0.0001678612051266848,3.9898669975002576e-05,0.0002089454501993012,0.00016904678022429861,-0.005265124372488663,2.7721534657798585e-05,8.14744977147841e-05,-0.0037409392168731683,1.3994626224200779e-05,0.00026535179707753986,0.008830619969338808,7.797984904300836e-05,0.0002800100558055796
1522,1.6288256538654622e-05,4.691622660368822e-06,0.00014653834965923837,0.00014184672699886955,0.00021176993974246882,4.484650695246728e-08,0.0001053451453741916,0.0036320781721630845,1.3191991849126339e-05,0.00017608609851893497,0.0009154395803088893,8.380296250276587e-07,0.0001581838050845885
1523,2.4760334646600768e-05,8.438010526486591e-06,0.00022151673274143727,0.00021307872221495067,0.004916906240669153,2.4175966979234076e-05,0.000310933328655838,0.0003409100460143367,1.1621965956276625e-07,0.00019480056797105405,-0.001010863462965993,1.0218449406629304e-06,0.00015881630159741977
1524,4.924235569803148e-05,1.6101584685272268e-05,0.0001108935636537911,9.479197896851883e-05,0.00590808148605753,3.490542684592146e-05,6.340243150648739e-05,0.0030405558752623855,9.244980030742589e-06,0.0001644762282984047,-0.00203822157262944,4.154347179152751e-06,0.00010480203115648123
1525,0.00019123851775404432,5.068612551780335e-05,0.0002731509727244748,0.00022246484720667145,0.0007664408038396153,5.874315051057621e-07,0.00031925067278248953,-0.010322172929998347,0.00010654725399683596,0.0002814894944350721,-0.006702513785963406,4.492369105146832e-05,0.00021871275095586284
1526,8.563722439203225e-05,3.408507636530148e-05,0.0003218114354876696,0.0002877263591223681,0.007593078339796836,5.76548386740372e-05,0.0005079958976585974,-0.0005301453782003485,2.810541221975882e-07,0.00016812891673756436,0.006657276943304631,4.4319336299669665e-05,0.0002893094920668471
1527,-3.2212830142003845,1.0,1.0,0.0,0.0,1.0,1.0,0.0,1.0,1.0,0.0,1.0,1.0
1528,-2.837276343881198,1.6750131274593608e-07,0.00016287957090281116,0.00016271206959006523,-0.00030936993065459515,9.570975423311978e-08,0.00016288041927881025,-0.0005362781551787671,2.875942576308077e-07,0.00016287767942257947,-0.0003452534233634961,1.1919992637388077e-07,0.0001628806140070438
1529,0.00033048213439246243,0.00019314366213022774,0.0006265931711932904,0.0004334495090630627,-0.017247272221915133,0.0002974683990969451,0.0005528301857309348,-0.016787341875904388,0.0002818148472583104,0.000551694502609168,-0.00038436965984816555,1.4774003542772363e-07,0.0007752548252397684
1530,0.00023255218130280308,6.299829003712325e-05,0.0002567514303640032,0.00019375314032687996,0.008132383218439652,6.613565681201639e-05,0.0003890975699090138,0.003589517265792321,1.288463420145991e-05,8.332436079450112e-05,0.010486876517715918,0.00010997457909789343,0.0002978323603884947
1531,-3.2212830142003845,1.0,1.0,0.0,0.0,1.0,1.0,0.0,1.0,1.0,0.0,1.0,1.0
1532,-3.2212830142003845,1.0,1.0,0.0,0.0,1.0,1.0,0.0,1.0,1.0,0.0,1.0,1.0
1533,5.236493199001213e-05,1.4967467510285104e-05,0.00019112657998783997,0.00017615911247755486,-0.00044478094492121374,1.978300889771134e-07,0.0002266696800521384,-0.0005245291535520327,2.7513083300512164e-07,0.0002767991177948792,0.0066655413590231746,4.442944160887308e-05,6.991094211650228e-05
1534,5.134421188812688e-05,2.451382955196794e-05,0.00021476187446889394,0.000190248044916926,-0.0011410191676733544,1.301924741237137e-06,0.0001986811570555691,0.005378670543104769,2.8930096810708683e-05,0.00026720806430413635,-0.006580992866149781,4.3309467103958e-05,0.00017839640204697638
1535,0.00018310776372598703,4.4898410706576776e-05,0.0001820037622415338,0.00013710535153495704,0.004661860065504427,2.1732939269991647e-05,0.0002046600939789034,-0.00404313102849469,1.6346908513598102e-05,0.00021959441079932862,0.009829312505802826,9.661538433614059e-05,0.00012175678194636941
1536,0.0005033727783257946,9.507732583228605e-05,0.00032893306855164006,0.000233855742719354,-0.005801008688606853,3.365170180524846e-05,9.39877570552694e-05,0.001651960888105037,2.7289747756009675e-06,0.00024340176342751985,-0.015775021423623296,0.0002488513009160087,0.0006494096851721309
1537,8.121071186428797e-05,2.6516927484602586e-05,0.0001819633231686657,0.00015544639568406313,-0.008050033450578397,6.480303855538327e-05,0.00020035787625349855,0.0034308113259608206,1.1770466353921982e-05,0.00015788791172377525,0.0017254789318737575,2.977277544502499e-06,0.0001876441815287233
1538,7.633790268080087e-05,1.0677277572683034e-05,0.00024095286000691551,0.0002302755824342325,-0.00035051074296445906,1.2285778105969314e-07,0.00029126827642533826,-0.004002031094656472,1.601625288227826e-05,0.00022030685248053405,-0.003986567703523209,1.589272205471115e-05,0.00021128345111487423
1539,-3.2212830142003845,1.0,1.0,0.0,0.0,1.0,1.0,0.0,1.0,1.0,0.0,1.0,1.0
1540,-3.2212830142003845,1.0,1.0,0.0,0.0,1.0,1.0,0.0,1.0,1.0,0.0,1.0,1.0
1541,-3.2212830142003845,1.0,1.0,0.0,0.0,1.0,1.0,0.0,1.0,1.0,0.0,1.0,1.0
1542,0.0002659852934711049,8.386994457920682e-05,0.0002641991306304714,0.00018032918605126458,-0.002537255744123287,6.437666710823464e-06,9.712404411665876e-05,0.01518776232726442,0.00023066812450944774,0.0004550479880784941,0.0038084173244797206,1.450404251734927e-05,0.00024042535969626133
1543,0.00010397380095650277,2.6826824106559084e-05,0.00016385738592250565,0.00013703056181594656,-0.0039050969123107545,1.5249781893933445e-05,0.0001633611851388217,-0.0016230655249563353,2.63434169833765e-06,0.0001668081409773592,0.007911785432341353,6.259634872740616e-05,0.00016140283165133607
1544,-3.2212830142003845,1.0,1.0,0.0,0.0,1.0,1.0,0.0,1.0,1.0,0.0,1.0,1.0
1545,0.00026590659683345397,5.464633861740342e-05,0.00028089332214953355,0.00022624698353213013,0.007943388599211131,6.3097422438263e-05,0.0003558109231509565,-0.002762362454472045,7.630646329914725e-06,0.00022910644442208916,-0.009654581662834403,9.321094708403255e-05,0.00025776259887555497
1546,0.0001868759859162683,3.91247345206495e-05,0.00029828264487674616,0.00025915791035609664,-0.002754828633053101,7.589080797565373e-06,0.000276692658529365,0.0020242357048412376,4.097530188151843e-06,0.00029540206068268127,-0.010280447100045357,0.00010568759257623128,0.00032275321541819224
1547,0.0005079935096600208,0.00020789442596976423,0.0006739898446258552,0.00046609541865609094,-0.010542169758826688,0.00011113734322387714,0.0005100129662137798,0.017785217266493056,0.0003163139532164072,0.0008350819518937458,0.014008282602410316,0.00019623198146900833,0.00067687461577004
1548,0.00013396277722388383,1.70574577158152e-05,0.00019775077103793373,0.00018069331332211852,0.006520030787907356,4.2510801475770243e-05,0.00015030744017752173,7.86571480051027e-05,6.186947287822875e-09,0.0001738835203309863,-0.0029420035221673717,8.655384724387538e-06,0.0002690613526052932
1549,0.00011636291906758078,2.404960992944775e-06,8.374443169382555e-05,8.133947070088077e-05,0.002393963316732272,5.731060362057505e-06,6.899401587179277e-05,0.00047696960032966585,2.2749999972759838e-07,9.56251350500148e-05,-0.0011208579826611621,1.2563226170492214e-06,8.661414415966906e-05
1550,1.7860776195033345e-05,5.279640455639149e-06,0.0001228364659199288,0.00011755682546428965,0.003833843982507952,1.4698359681930562e-05,0.00023336044947863677,-0.001061089200006257,1.1259102911109764e-06,4.544283127694282e-05,-0.00012104294062600673,1.4651393875908525e-08,8.970611700420683e-05
1551,9.473030250517489e-05,6.148043133839358e-05,0.00019318571413814065,0.00013170528279974708,-0.007847657993195097,6.158573597914163e-05,0.0002024426765505627,0.007280093624603008,5.299976318329236e-05,0.00020409314034441906,0.008357977916516926,6.985579485274673e-05,0.00017302132551944016
1552,-3.1025046503378935,3.7982860110474803e-06,0.00016389100003266766,0.00016009271402162017,-0.0019489191904127744,3.7982860110474803e-06,0.0001638910000333338,-0.0019489191904127744,3.798286012046681e-06,0.00016389100003300072,-0.0019489191904127764,3.7982860100482796e-06,0.00016389100003166845
1553,0.00011362753415633531,3.0222078015396114e-05,0.0002570493194177237,0.00022682724140232757,0.008105029378565654,6.569150122770484e-05,0.0003575382386453718,0.004631008183405933,2.1446236794564477e-05,0.00018855353469959812,-0.001878429137262945,3.5284960239190255e-06,0.00022505618490820112
1554,0.0011635757856950368,0.00044373924305692497,0.0013872885283335117,0.0009435492852765868,0.02062444296862963,0.00042536764776612834,0.001168627137570044,0.019802135301876612,0.000392124562513807,0.000670278227263843,0.02266551386778701,0.0005137255188908396,0.0023229602201666477
1555,0.0011569853422116472,0.00029856362128307296,0.001293548578769214,0.0009949849574861411,0.011318370551571137,0.00012810551194286646,0.0012267825786203002,-0.027115443749292492,0.0007352472897210749,0.002415804284917056,0.005686656503210784,3.233806218527757e-05,0.00023805887277028592
1556,0.00020430082704114838,0.00010248229384620296,0.00025753842023749457,0.00015505612639129163,-0.013995352152824036,0.00019586988188147192,0.000269298320896727,0.010153176763630511,0.00010308699839367552,0.00044174077706715664,0.0029137606737189175,8.490001263461444e-06,6.15761627486e-05
1557,0.00013505490572773837,6.768220739579907e-05,0.0003405020370860952,0.00027281982969029617,-0.004709125839372315,2.2175866171370018e-05,0.00027652314380299803,-0.008656289438406056,7.493134684144476e-05,0.0004427236091263387,0.010292687169760518,0.00010593940917458244,0.000302259358328949
1558,-3.2212830142003845,1.0,1.0,0.0,0.0,1.0,1.0,0.0,1.0,1.0,0.0,1.0,1.0
1559,-3.2212830142003845,1.0,1.0,0.0,0.0,1.0,1.0,0.0,1.0,1.0,0.0,1.0,1.0
1560,2.899626281771539e-05,1.0085303808489895e-05,0.0001640772494285366,0.0001539919456200467,-0.003736918533174257,1.3964560123369552e-05,0.00013216627313772378,-0.003035516998062931,9.214363445253504e-06,0.00013892656697378492,-0.002660260862540415,7.076987856846628e-06,0.0002211389081741011
1561,-3.1677739817148307,9.755618607239688e-06,0.00015808504147910943,0.00014832942287186973,0.0031233985669618966,9.755618607387717e-06,0.00015808504147929447,-0.0031233985669618966,9.755618607276695e-06,0.00015808504147851732,-0.003123398566961895,9.75561860705465e-06,0.00015808504147951652
1562,-2.591870692061594,5.075715981961437e-07,0.00015314870237503886,0.00015264113077684272,0.00032972065088421467,1.0871570754744653e-07,0.00015247000145213185,0.00014998573455140806,2.2495720841675393e-08,0.00015272978497282708,0.0011796200091885312,1.3915033661993093e-06,0.00015424632070015765
1563,5.834987237629541e-05,1.6081282107431132e-05,0.00014853392829775972,0.0001324526461903286,-0.0001491499785020595,2.2245716491120504e-08,4.556872029426451e-05,-0.0053492009259692936,2.8613950546096945e-05,0.0001128153739249349,-0.004428052626139124,1.9607650059705328e-05,0.00028721769067407976
1564,-3.2212830142003845,1.0,1.0,0.0,0.0,1.0,1.0,0.0,1.0,1.0,0.0,1.0,1.0
1565,3.69393424585196e-05,1.7662146180523013e-05,0.0003052638319292293,0.00028760168574870626,0.004291406412764815,1.8416168999335625e-05,0.0003744788883511818,0.003935420609657691,1.548753537483627e-05,0.0003400313475097061,0.0043683788946707845,1.9082734167397142e-05,0.0002012812599267999
1566,-3.2212830142003845,1.0,1.0,0.0,0.0,1.0,1.0,0.0,1.0,1.0,0.0,1.0,1.0
1567,0.00019371796517397843,8.031783687153145e-05,0.0004940339788418827,0.0004137161419703513,-0.00940565066842122,8.846626449654504e-05,0.0004764099359482188,-0.005803633755070124,3.368216476329344e-05,0.0005625667055311201,-0.010899774371742414,0.00011880508135475587,0.0004431252950463094
1568,-3.2212830142003845,1.0,1.0,0.0,0.0,1.0,1.0,0.0,1.0,1.0,0.0,1.0,1.0
1569,-3.2212830142003845,1.0,1.0,0.0,0.0,1.0,1.0,0.0,1.0,1.0,0.0,1.0,1.0
1570,1.418763890337349e-05,3.212808398952068e-06,0.0005023972998657497,0.0004991844914667976,0.0026072323227932593,6.797660384916249e-06,0.0003285455554070671,-0.0011227420305542875,1.2605496669815253e-06,0.0006404799344230661,0.0012570660859786667,1.58021514495843e-06,0.0005381664097671157
1571,-3.2212830142003845,1.0,1.0,0.0,0.0,1.0,1.0,0.0,1.0,1.0,0.0,1.0,1.0
1572,0.00022328173984598187,3.536078673697466e-05,0.00010846147771093051,7.310069097395586e-05,-0.006136668714057801,3.765870290606266e-05,6.530455756992293e-05,0.0026217148804767035,6.873388914474532e-06,0.00010041530070548088,0.007845397911553805,6.15502683903868e-05,0.00015966457485738772
1573,0.0004994328948788596,0.00014947404012074136,0.0005200165025123956,0.0003705424623916542,0.01639410449256745,0.00026876666211317346,0.0005309273629158229,0.013166663086629315,0.00017336101683684824,0.00048180314910739597,-0.002508872538082616,6.294441412202367e-06,0.0005473189955139679
1574,0.0001257017184431719,9.148065025717707e-05,0.00027511445099511384,0.00018363380073793678,0.009680452695225068,9.371116438450233e-05,0.0003975939443779941,0.007879502966050566,6.208656699213666e-05,0.0002338932261223281,-0.010892392730485841,0.00011864421939489223,0.00019385618248501935
1575,0.0002829004261288848,0.00015155958442869544,0.000309477756959405,0.00015791817253070956,0.011389479165053572,0.00012972023565105406,0.00022526094546038156,-0.016575380887793777,0.0002747432515750603,0.00043175981581544676,-0.007086273072629765,5.021526605997195e-05,0.0002714125096023867
1576,0.0001803619892739583,7.303847244325794e-05,0.0003324286992271164,0.0002593902267838584,-0.007181733440032689,5.157729520444132e-05,0.00033768380188592406,-0.011846346925059224,0.00014033593546913803,0.00046898854913157706,-0.005215571556055817,2.720218665619445e-05,0.000190613746663848
1577,9.751148784153951e-05,7.36894801766456e-05,0.0002931486466786204,0.00021945916650197478,-0.008063811475525772,6.502505551297943e-05,0.0001893057052837488,-0.009439855294435813,8.911086798013557e-05,0.00032379581152142123,-0.0081812295553272,6.693251703682179e-05,0.00036634442323069116
1578,0.00011732690365739984,3.251201905892417e-05,0.00011028636035755508,7.777434129863092e-05,-0.005418584108351188,2.9361053739296317e-05,7.481476859716452e-05,0.006767773758337648,4.580276164456443e-05,0.00016551629091232645,-0.004729930421606641,2.237224179291175e-05,9.05280215631743e-05
1579,-3.2212830142003845,1.0,1.0,0.0,0.0,1.0,1.0,0.0,1.0,1.0,0.0,1.0,1.0
1580,-3.2212830142003845,1.0,1.0,0.0,0.0,1.0,1.0,0.0,1.0,1.0,0.0,1.0,1.0
1581,-3.1269227428870305,9.791295309498812e-06,0.00013938840800679456,0.00012959711269729574,0.003225132781457932,1.0401481458699458e-05,0.00014658496912844932,-0.0024936906786258107,6.218493200704778e-06,0.00013692766944162216,0.0035712618593894993,1.27539112690922e-05,0.00013465258545031222
1582,-3.2212830142003845,1.0,1.0,0.0,0.0,1.0,1.0,0.0,1.0,1.0,0.0,1.0,1.0
1583,0.00012117413182122228,3.211561474784445e-05,0.0002646863404618764,0.00023257072571403195,0.0042527866855359185,1.8086194592870086e-05,0.00017856390461701288,0.008814416994859126,7.769394695877896e-05,0.00022633429403551286,0.000752796580575151,5.667026918843021e-07,0.0003891608227331034
1584,8.185584215114616e-05,1.267271368358506e-05,0.00012243933172743451,0.00010976661804384945,-0.004254228336988484,1.8098458743232015e-05,0.00011121286443604994,-0.0030840619758726213,9.511438270881634e-06,0.00011458728860680445,-0.0032261810297198918,1.0408244036641534e-05,0.00014151784213944918
1585,0.00019311449002823444,6.2526224602714e-05,0.00022949467832496703,0.00016696845372225305,0.012453213509343647,0.00015508252670870526,0.00030743185985848687,-0.00525744675040266,2.7640746333323918e-05,0.0001386406706540555,0.002203497394112527,4.855400766112794e-06,0.0002424115044623587
1586,2.3908872681888127e-05,1.282880244294719e-06,0.00037056268133458153,0.0003692798010902868,0.00048975836728335,2.398632581446236e-07,0.00034669944068332903,-0.0013647677474349557,1.862591004764269e-06,0.0004411696619522898,-0.0013214334906019407,1.7461864699752638e-06,0.00032381894136812583
1587,-3.2799719337992235,2.054361543957217e-05,0.00013463978225684384,0.00011409616681727167,-0.003934444474618788,1.5479853324840143e-05,0.00013717453941319846,0.003791317986336603,1.4374092072166889e-05,0.000138427201637481,0.005637100400262676,3.177690092170948e-05,0.00012831760571985207
1588,-3.1941390055384655,4.332005224790455e-05,0.00017004375827711637,0.00012672370602921182,0.006581797037899172,4.332005224771951e-05,0.0001700437582762282,-0.006581797037899171,4.33200522481636e-05,0.00017004375827789353,0.006581797037899173,4.332005224783053e-05,0.0001700437582772274
1589,0.00010116453174546791,3.7573176552322764e-05,0.00017459869996209557,0.0001370255234097728,-0.004543765469037181,2.0645804637786647e-05,0.00012756060847751716,0.0020629335402350506,4.255694791233111e-06,0.00020458864181238656,0.009371127479011915,8.781803022794854e-05,0.000191646849596383
1590,-3.085085887363145,2.952758658247845e-06,0.0001649501982641984,0.00016199743960595056,-0.0017183592923502896,2.9527586581368226e-06,0.00016495019826379131,0.0017183592923502896,2.952758659025001e-06,0.00016495019826545665,-0.001718359292350291,2.952758657581711e-06,0.00016495019826334723
1591,0.0001664121576603339,6.251805925361342e-05,0.00021120102822513864,0.00014868296897152522,0.003719557559157319,1.3835108435999999e-05,0.00010275799182246637,0.008804621835407804,7.752136566485657e-05,0.000184099112769065,0.009808042804759078,9.61977036599837e-05,0.0003467459800838846
1592,0.00010967273502182628,2.438712776997587e-05,0.00017414948263738683,0.00014976235486741096,0.006971534281558041,4.860229023928575e-05,0.00018221274371188478,0.004273974135130893,1.8266854906467955e-05,0.00010028217633994974,-0.0025084334083760123,6.292238164173902e-06,0.00023995352786032598
1593,0.00012320128748688486,5.992105343177734e-05,0.00019836705013927722,0.00013844599670749988,-0.007810871960262709,6.1009720779492405e-05,0.00020094937663983625,-0.008206411981910444,6.7345197618085e-05,0.0002088930270367495,-0.007169954107106562,5.1408241897754614e-05,0.00018525874674124587
1594,3.523357237389391e-05,2.215180060013052e-06,9.019766091522552e-05,8.798248085521247e-05,0.0013924600514685977,1.938944995005798e-06,5.955953726566321e-05,0.0010036751974304534,1.0073639022945002e-06,4.999466053379198e-05,0.001923338577157165,3.6992312827388574e-06,0.00016103878494622137
1595,0.00013741756789598103,8.411740474649024e-06,0.00022716907431641342,0.0002187573338417644,0.004654328868399048,2.1662777215047946e-05,0.00034312941705672007,0.0018692695639815021,3.4941687023781753e-06,0.00014703244348879263,-0.00027977760380881966,7.827550652095283e-08,0.00019134536240372757
1596,0.00041937886270371205,5.477407142447562e-05,0.0003173191151533879,0.0002625450437289123,0.010207486645390004,0.00010419278361573081,0.0004746391446773801,0.0002836794177995256,8.04740123427905e-08,0.0001458131312106481,0.007749126185923845,6.004895664535326e-05,0.00033150506957213555
1597,-3.2212830142003845,1.0,1.0,0.0,0.0,1.0,1.0,0.0,1.0,1.0,0.0,1.0,1.0
1598,0.0002587726439056137,8.85247882527566e-05,0.0001620932845680286,7.3568496315272e-05,0.0006580494250716254,4.330290463983033e-07,3.688771343912656e-05,0.016042281414926085,0.0002573547929958231,0.0003801667835079403,-0.0027904377285528966,7.786542716048395e-06,6.922535675701891e-05
1599,-3.2212830142003845,1.0,1.0,0.0,0.0,1.0,1.0,0.0,1.0,1.0,0.0,1.0,1.0
1600,-3.2212830142003845,1.0,1.0,0.0,0.0,1.0,1.0,0.0,1.0,1.0,0.0,1.0,1.0
1601,2.3487016678758188e-05,1.0608928915245563e-05,0.00019200491593170574,0.00018139598701646017,0.0031003838171154733,9.612379813006555e-06,0.00035971006409696304,0.0030333467833398484,9.201192707530836e-06,0.00010639143064716805,0.0036073832932810184,1.3013214225199299e-05,0.00010991325305098609
1602,-3.2212830142003845,1.0,1.0,0.0,0.0,1.0,1.0,0.0,1.0,1.0,0.0,1.0,1.0
1603,-3.2212830142003845,1.0,1.0,0.0,0.0,1.0,1.0,0.0,1.0,1.0,0.0,1.0,1.0
1604,2.0677263963153614e-05,5.775281038289393e-06,0.0001759314073672321,0.0001701561263289427,0.0019826515536232915,3.93090718320277e-06,0.0001503654138506061,0.0033917231549402136,1.1503785959599e-05,0.000228437913631252,-0.0013751908857571203,1.8911499720664082e-06,0.00014899089461983817
1605,0.0002383009099677924,7.095790962496906e-05,0.0004750697464369624,0.00040411183681199336,0.014445535556399654,0.00020867349751119146,0.00035928621198111355,0.0008188891022319649,6.705793617056699e-07,0.0009858266319948683,0.001878736810181246,3.529652002010053e-06,8.009639533490542e-05
1606,-3.2212830142003845,1.0,1.0,0.0,0.0,1.0,1.0,0.0,1.0,1.0,0.0,1.0,1.0
1607,-3.0744751219684714,2.2135470378881195e-06,0.0001654164843985321,0.00016320293736064398,-0.0014877993942878042,2.21354703888732e-06,0.0001654164843999384,0.0014877993942878044,2.2135470382211864e-06,0.0001654164843984951,0.0014877993942878061,2.213547036555852e-06,0.00016541648439716283
1608,-3.2212830142003845,1.0,1.0,0.0,0.0,1.0,1.0,0.0,1.0,1.0,0.0,1.0,1.0
1609,9.205672262213582e-05,7.540415780523298e-05,0.00021872225974624757,0.00014331810194101458,0.008465325036017133,7.16617279643561e-05,0.0002330924068004725,0.008072209050689547,6.516055895799955e-05,0.00017292513249878017,0.009454638358672,8.93901864933433e-05,0.00025014923993949
1610,0.0003734207783353538,0.00011871797548634877,0.0005143136441913369,0.0003955956687049881,0.0063876364610657085,4.0801899558573496e-05,0.0005937082919348358,-0.0028359055972706016,8.042360556848038e-06,0.0003942933995471076,0.017530250036537423,0.0003073096663436248,0.0005549392410920673
1611,0.00010123313929510935,2.2361194335740464e-05,0.000230714027437684,0.00020835283310194352,-0.007083786731522779,5.018003445766972e-05,9.59026963855969e-05,-0.004110372919840862,1.689516554004289e-05,0.00026581477261855557,-9.155877607254016e-05,8.383009508783346e-09,0.0003304246133088995
1612,-3.184120404798631,1.1249037384919447e-05,0.0001601232477753678,0.00014887421039044835,0.00335395846502438,1.124903738503047e-05,0.00016012324777514575,0.0033539584650243803,1.1249037384697402e-05,0.00016012324777581188,-0.0033539584650243807,1.124903738503047e-05,0.00016012324777514575
1613,9.397921415876809e-05,5.2544568824974824e-05,0.00025626083771856933,0.0002037162688935945,0.00796027007382807,6.336589964717199e-05,0.00028006221887610927,-0.009671884394093715,9.354534773187151e-05,0.00014724148980205243,0.0008499759382761764,7.224590958809785e-07,0.0003414788044775463
1614,-3.2212830142003845,1.0,1.0,0.0,0.0,1.0,1.0,0.0,1.0,1.0,0.0,1.0,1.0
1615,9.919798770585686e-05,4.679450629970402e-05,0.000254528584367623,0.00020773407806791896,-0.000743192608823033,5.523352539782422e-07,0.00010568654976106373,0.009301073330917191,8.650996510728426e-05,0.000283282816076591,-0.007302137942959561,5.3321218537849546e-05,0.0003746163872652142
1616,0.0005000419521734578,0.0002856930311687285,0.0008591722960712422,0.0005734792649025138,-0.022104137460763007,0.0004885928928846095,0.0009718864202957755,-0.005166127570477443,2.6688874074420887e-05,0.0006947040752411926,-0.01848776153424976,0.0003417973265471552,0.0009109263926767586
1617,5.6541019055611486e-05,2.7735263740151044e-05,0.00015368612335061224,0.0001259508596104612,-0.0033602215015425953,1.1291088539255867e-05,0.00012171097572910572,-0.006299599127821085,3.968494917105936e-05,8.335664306369228e-05,-0.005677125461871846,3.2229753510137904e-05,0.0002559907512590387
1618,8.102357287775863e-05,1.718655467390177e-05,0.00017484678007310497,0.0001576602253992032,-0.0022085688004954227,4.877776146439139e-06,0.00015602271917414257,0.004250626632886938,1.8067826772383278e-05,0.00017635003717519915,0.005349211259870824,2.8614061102882893e-05,0.00019216758386997324
1619,6.838130720621116e-05,9.15119930278152e-06,0.00016407584451560986,0.00015492464521282834,0.003842410304991848,1.4764116952337147e-05,0.00015211369194900737,-0.0014515164116916026,2.1068998937723293e-06,0.00021079313011140854,-0.0032530879272690445,1.0582581062235086e-05,0.00012932071148641366
1620,0.000198139000004538,6.244669608264826e-06,0.00020910699480232905,0.00020286232519406422,0.002969277727677186,8.816610223782995e-06,0.0002118035319124134,0.0013990451595256852,1.95732735897014e-06,0.00015961621800508752,-0.0028213598214076106,7.960071242041344e-06,0.0002559012344894862
1621,0.00015946548153644713,3.839518978758042e-05,0.00018773606843943322,0.0001493408786518528,0.004374400777496727,1.9135382162138725e-05,8.105951333048367e-05,0.009702341108241357,9.413542298075672e-05,0.0003924087436405488,0.00138375005684031,1.9147642198458215e-06,8.973994834726717e-05
1622,-3.2212830142003845,1.0,1.0,0.0,0.0,1.0,1.0,0.0,1.0,1.0,0.0,1.0,1.0
1623,-3.2212830142003845,1.0,1.0,0.0,0.0,1.0,1.0,0.0,1.0,1.0,0.0,1.0,1.0
1624,0.00010210925381703984,6.28096650392429e-05,0.0001953467091613259,0.000132537044122083,-0.00021908914172760958,4.800005226623938e-08,0.00013898013068402992,0.00973369670226322,9.474485149174594e-05,0.00022344649933125904,0.009676577058758516,9.363614357371652e-05,0.00022361349746868875
1625,-3.2212830142003845,1.0,1.0,0.0,0.0,1.0,1.0,0.0,1.0,1.0,0.0,1.0,1.0
1626,0.00016697822545419516,4.188164215213064e-05,0.00015945890620609285,0.00011757726405396221,-0.006263146741606781,3.922700710723426e-05,0.0001026654138465144,-0.002326853153260647,5.414245596857548e-06,0.00020730374486810366,0.009000204095037287,8.100367375230011e-05,0.00016840755990366052
1627,-3.1590880625540585,1.580651151411594e-06,0.00016512844775003663,0.00016354779659862503,0.0012572394962253187,1.5806511515226163e-06,0.00016512844775029567,-0.0012572394962253194,1.5806511524107947e-06,0.00016512844775118385,0.0012572394962253202,1.580651150301371e-06,0.00016512844774863034
1628,0.0001511376606233572,4.384032028104112e-05,0.0001824351967216753,0.00013859487644063417,0.004664926898095853,2.176154296484878e-05,0.0001600281114607638,0.008273842026473738,6.845646187914056e-05,0.00014909285338116085,-0.006426737585944912,4.130295599913403e-05,0.00023818462532310125
1629,0.00025819284246175744,6.12356653264164e-05,0.00024145236752023033,0.00018021670219381392,-0.007803378565013396,6.089271703035859e-05,0.00023719892880291749,0.00927413653867286,8.600960853799577e-05,0.00033223470584886616,-0.006066685290240882,3.680467041089486e-05,0.00015492346790890732
1630,8.249163229678835e-05,1.8423885014680803e-05,0.00015099939069625665,0.00013257550568157583,-0.0036518395502678725,1.3335932100178027e-05,0.0001410276939324273,-0.0018412527286300615,3.3902116115536174e-06,0.00013799894853805394,0.006208503147474422,3.854551133231077e-05,0.00017397152961828866
1631,9.878166566856805e-05,2.7270426160722987e-05,0.00010100867343617222,7.373824727544923e-05,-0.004425532797498908,1.958534054236072e-05,0.00015476264739899825,0.0030716624554506,9.435110240096911e-06,5.244015359950893e-05,-0.0072657296742664025,5.279082769971133e-05,9.582321931000948e-05
1632,-3.2212830142003845,1.0,1.0,0.0,0.0,1.0,1.0,0.0,1.0,1.0,0.0,1.0,1.0
1633,0.000162821725584128,4.816598242363135e-05,0.0001365520104673982,8.838602804376686e-05,0.003798886724223329,1.443154034330707e-05,8.778285302146749e-05,0.011404558579353128,0.00013006395639003632,0.00018646942298083946,4.950290621787619e-05,2.4505375506578275e-09,0.0001354037553998877
1634,9.941997011098103e-05,2.770705008037222e-05,0.00010085482066091167,7.314777058053945e-05,-0.007094621778277323,5.0333658176859863e-05,0.00013962294604219494,-0.0012230965091876004,1.4959650710411054e-06,4.62839779780122e-05,-0.005593882997845254,3.129152699321569e-05,0.00011665753796252787
1635,0.00011326081385232278,3.066778794654409e-05,0.00012482025310841158,9.415246516186748e-05,-0.006305808458794106,3.976322031917778e-05,0.00020284824565386383,-0.006800062486607994,4.624084982163268e-05,0.00012143079450932515,0.002449345565427589,5.999293698821795e-06,5.0181719162045724e-05
1636,-2.9967599968874183,3.443855819296182e-05,0.00017324505135688875,0.00013880649316392693,-0.005868437457475018,3.443855819240671e-05,0.00017324505135618562,-0.005868437457475014,3.4438558193627955e-05,0.00017324505135796198,-0.005868437457475019,3.44385581928508e-05,0.0001732450513565187
1637,0.00013031781210937066,5.8707636269953824e-05,0.0003174714516664216,0.00025876381539646776,0.007636662627750954,5.831861609018052e-05,0.00021212433938233577,0.01080673570682266,0.00011678553663740932,0.000501560150799496,0.001009334474985214,1.0187560822716435e-06,0.00023872986481743297
1638,-3.2212830142003845,1.0,1.0,0.0,0.0,1.0,1.0,0.0,1.0,1.0,0.0,1.0,1.0
1639,9.3265366738704e-05,4.0839102669905834e-05,0.0005883343416425898,0.0005474952389726839,0.008924308371625111,7.964327991183406e-05,0.0008159214636178636,-0.006537875937918276,4.2743821779489544e-05,0.0007217938535556412,0.00036084112601058156,1.302063183938884e-07,0.00022728770775426455
1640,5.332533006918716e-05,2.6230440651198172e-05,0.00028758570252633103,0.00026135526187513286,-0.002669178567675098,7.1245142259090954e-06,0.00021660812734225487,0.006444454469954001,4.153099341508426e-05,0.00032358705620194606,0.005480493984375879,3.003581431260116e-05,0.0003225619240347921
1641,-3.2212830142003845,1.0,1.0,0.0,0.0,1.0,1.0,0.0,1.0,1.0,0.0,1.0,1.0
1642,-3.2212830142003845,1.0,1.0,0.0,0.0,1.0,1.0,0.0,1.0,1.0,0.0,1.0,1.0
1643,8.409807081066756e-05,2.3794893853179566e-05,0.00011522597654508211,9.143108269190255e-05,0.008022107933773984,6.435421570127886e-05,0.00022806430565092128,-0.0024419518317724495,5.963128749231217e-06,7.134143088061151e-05,-0.0010331200844127296,1.067337109028621e-06,4.6272193103713555e-05
1644,0.00015355060276245336,0.0001312311763878767,0.00026347982858158464,0.00013224865219370793,-0.011653824258275495,0.00013581161984266288,0.0002583688284122365,0.011823744984030564,0.00013980094544707722,0.000290335432212796,-0.010866506516538758,0.00011808096387389,0.00024173522511972134
1645,2.9235960269158312e-05,4.627764847257391e-06,0.00029225825963049196,0.00028763049478323455,-0.00017136548179620548,2.936612841786257e-08,0.0003506046130901108,-0.003690137276418396,1.3617113118646884e-05,0.00016495069231459158,0.0004866367173233302,2.3681529470742646e-07,0.0003612194734867735
1646,4.6948434330063016e-05,1.3767523547573527e-05,0.00014960474624159392,0.0001358372226940204,-0.0028174890468799954,7.938244529381855e-06,0.0001058985498334497,-0.005773323543943433,3.3331264742364475e-05,0.00020436344347030122,0.00018182786210978684,3.306137097425221e-08,0.00013855224542103084
1647,-3.2212830142003845,1.0,1.0,0.0,0.0,1.0,1.0,0.0,1.0,1.0,0.0,1.0,1.0
1648,-3.2212830142003845,1.0,1.0,0.0,0.0,1.0,1.0,0.0,1.0,1.0,0.0,1.0,1.0
1649,0.004305576757347662,0.002555847500282371,0.0043791590330521935,0.0018233115327698224,0.04652010761658479,0.0021641204126591207,0.0036407913952936077,-0.05713273606361684,0.0032641495301152235,0.005830700103456543,-0.047320952632770544,0.002239272558072769,0.0036659856004064295
1650,-3.2212830142003845,1.0,1.0,0.0,0.0,1.0,1.0,0.0,1.0,1.0,0.0,1.0,1.0
1651,0.0001210764964670874,3.7405581443198756e-05,0.000245727353913298,0.00020832177247009923,-0.003738882880686343,1.3979245195527845e-05,0.00014289868007966167,0.0003612579220133453,1.3050728597807648e-07,9.707131945502212e-05,0.009904897366872474,9.810699184809035e-05,0.0004972120622052101
1652,3.868263249906523e-05,1.181510800637072e-05,0.0001559237314036436,0.00014410862339727287,0.001123764394220691,1.262846413108143e-06,0.00013421361074927862,-0.005807182806756355,3.3723372150462616e-05,0.0001707281225253876,-0.0006775732100421903,4.591054555413976e-07,0.0001628294609362646
1653,0.00010962614351817113,7.71158134453831e-05,0.00030074204867340065,0.00022362623522801756,0.008934970953869302,7.983370594655259e-05,0.00034552723647141015,-0.010286852887884656,0.00010581934233699908,0.0003652510934323283,-0.00675976272163039,4.569439205259762e-05,0.00019144781611646344
1654,0.00016529089117123252,6.353049489190206e-05,0.0002837418862601619,0.00022021139136825984,0.0060270689313660685,3.6325559903405136e-05,0.00023125071499285887,-0.008302759002890832,6.893580706013314e-05,0.00019651183404767458,-0.009237430254804552,8.533011771216792e-05,0.00042346310973995216
1655,-3.1904964731952132,2.2442180444078492e-05,0.00016071653893101612,0.00013827435848693762,-0.0047373178533992935,2.24421804431163e-05,0.00016071653893012794,-0.004737317853399289,2.2442180444337545e-05,0.00016071653893112714,-0.004737317853399288,2.2442180444781634e-05,0.00016071653893179327
1656,0.00016436803879948947,2.3105900751237605e-06,0.00010548105862073776,0.000103170468545614,-0.0006568653565489006,4.314720966069885e-07,0.00012715515886041473,0.0008962140322683393,8.031995917257007e-07,0.00011371650804137268,0.0023868595554408065,5.697098537038592e-06,7.557150896042586e-05
1657,-3.2212830142003845,1.0,1.0,0.0,0.0,1.0,1.0,0.0,1.0,1.0,0.0,1.0,1.0
1658,0.0001642169078490685,6.37931104326972e-05,0.0002315199231204268,0.0001677268126877296,-0.01202330964039289,0.00014455997470852466,0.00025384828216568067,-0.006628102451803681,4.393174211148043e-05,0.0003209102027129651,-0.0016992982310486452,2.8876144780864976e-06,0.00011980128448263461
1659,2.568892893928254e-05,3.092200868544855e-06,0.000135114370665268,0.00013202216979672313,-0.0014710013517456118,2.163844976754703e-06,0.00013195725982018125,-0.0025188072718902617,6.344390073298456e-06,0.00017203557997680363,0.0008765657733484025,7.683675555814062e-07,0.00010135027219881909
1660,8.514231292655605e-05,3.137788679970684e-05,0.00041089892468996564,0.0003795210378902588,-0.004043114614027642,1.6346775781994616e-05,0.00025370142908698323,0.00854142980390265,7.295602309520532e-05,0.0002514245269961135,-0.002197922091858664,4.830861521920582e-06,0.0007275708179868001
1661,5.63793331287421e-06,2.0554018448729985e-06,0.0002136911409929739,0.0002116357391481009,-0.0011136532085463979,1.2402234688124736e-06,0.00027254265545917367,0.0017687980964487195,3.128646706151983e-06,0.0001441812790863306,-0.001340647365809335,1.7973353596545394e-06,0.0002243494884334174
1662,0.00020149869583585556,9.531462791430763e-05,0.0005047019044032893,0.0004093872764889817,0.007062484131822515,4.987868211248081e-05,0.0007772744283470745,0.013973685857014953,0.00019526389643054198,0.0003419869552661048,0.0063875899367394524,4.0801305199900106e-05,0.0003948443295966886
1663,0.00021721357098936078,0.00010357858437666974,0.00042550135076964885,0.0003219227663929791,0.0020866831775091547,4.354246683213603e-06,0.00024082691494720088,-0.014526090181375356,0.00021100729595713297,0.0004802549923079713,0.009765972070918599,9.537421048966266e-05,0.0005554221450537744
1664,-3.2212830142003845,1.0,1.0,0.0,0.0,1.0,1.0,0.0,1.0,1.0,0.0,1.0,1.0
1665,-3.1784673934564234,6.761449588954527e-05,0.00017327423990905663,0.00010565974401951136,-0.007709574383651394,5.943753717618794e-05,0.0001675978783860499,-0.008618153496059534,7.427256968106644e-05,0.0001763202162834432,0.008314648568062423,6.913338081138143e-05,0.0001759046250576768
1666,-3.000578825370889,5.598566244428375e-05,0.00017117861258679015,0.00011519295014250641,-0.007482356743912411,5.59856624440247e-05,0.0001711786125864201,0.007482356743912414,5.598566244446879e-05,0.00017117861258686418,-0.007482356743912409,5.5985662444357764e-05,0.00017117861258708622
1667,1.9823945607844173e-05,1.2015723141689527e-05,0.0002580307033627216,0.0002460149802210321,0.0032377974329566954,1.0483332217536834e-05,0.0002678644414997322,-0.0035885618017331357,1.2877775804720493e-05,0.00025490794831561914,0.0035617497669546026,1.2686061402811255e-05,0.00025131972027281346
1668,0.00014627385089893696,5.8469655795219864e-05,0.00038246331564077235,0.0003239936598455525,0.011490629175347199,0.00013203455884513993,0.0003571304986825785,0.004305019333044812,1.8533191458058873e-05,0.0005273215070088488,0.004984096415830089,2.4841217082460787e-05,0.00026293794123088965
1669,0.0001551624105181615,2.605708590279014e-05,0.00030537577862902826,0.0002793186927262381,0.004348555783225038,1.890993739939173e-05,0.00017706658451233093,-0.007345745396555228,5.395997543056197e-05,0.000465036389407425,-0.0023024649571386996,5.301344878416714e-06,0.0002740243619673288
1670,-3.2212830142003845,1.0,1.0,0.0,0.0,1.0,1.0,0.0,1.0,1.0,0.0,1.0,1.0
1671,5.5342987077211525e-05,4.193196261477924e-05,0.000498134989824058,0.0004562030272092788,-0.007279857841572362,5.299633019306693e-05,0.000585381726018297,-0.007379966248219197,5.4463901824619576e-05,0.0007876233398812493,-0.004282015393098088,1.8335655826651198e-05,0.00012139990357262764
1672,0.00013425407315215132,6.933935229632333e-05,0.0002176319332732879,0.00014829258097696457,-0.00753948527921682,5.684383827520012e-05,0.00020978252047310075,0.010679289679639752,0.00011404722806163115,0.00037988938157906826,0.006093192147998826,3.712699055213875e-05,6.322389776769466e-05
1673,0.01816074645596133,0.004054811110979569,0.006744800193705491,0.0026899890827259227,-0.023498686966076578,0.0005521882891295071,0.0023799959089246814,0.05614990703447526,0.0031528120599804144,0.0037269937031542133,-0.0919751759108333,0.008459432983828785,0.01412741096903758
1674,-3.2212830142003845,1.0,1.0,0.0,0.0,1.0,1.0,0.0,1.0,1.0,0.0,1.0,1.0
1675,1.4918414214526443e-05,3.720604502488456e-06,0.000162089395141544,0.00015836879063905554,0.002844203137734067,8.089491488783018e-06,0.0001259716597984406,0.0013173553703047865,1.7354251716783509e-06,0.00013145136615344555,0.0011562425554663208,1.3368968470039988e-06,0.00022884515947274586
1676,0.00022904636634368813,0.0001308043927776096,0.0004522048478321124,0.00032140045505450277,0.013764585732793438,0.00018946382039575216,0.0005715677564865906,-0.004904296442123932,2.4052123592466224e-05,0.00028439137523328384,-0.013375247076047167,0.00017889723434461047,0.0005006554117764628
1677,-3.2212830142003845,1.0,1.0,0.0,0.0,1.0,1.0,0.0,1.0,1.0,0.0,1.0,1.0
1678,0.0001137385487974818,3.4486511576670154e-05,0.0003055820732151826,0.00027109556163851245,-0.00579542273505113,3.358692467791968e-05,0.00030168249570472483,0.004428950438985139,1.9615601990929932e-05,0.0002104549128900679,0.0070892177326669055,5.0257008061160846e-05,0.0004046088110507551
1679,-3.2212830142003845,1.0,1.0,0.0,0.0,1.0,1.0,0.0,1.0,1.0,0.0,1.0,1.0
1680,0.00013695538777447336,3.162347636057975e-05,0.0005370508726188309,0.0005054273962582512,0.007297144831740764,5.3248322695598205e-05,0.0003691308643599678,0.006402249115635208,4.098879373903852e-05,0.0007802763819939607,-0.0007958094284700935,6.333126471025352e-07,0.00046174537150256434
1681,5.1152707905677275e-05,1.005352812695944e-05,0.00031328148120982985,0.0003032279530828704,0.0026093711882392663,6.8088179981939945e-06,0.00015018510697673015,0.004185666517906181,1.7519804198729005e-05,0.00042850917499570595,0.0024149455862459116,5.831962183955319e-06,0.0003611501616570534
1682,0.0003448727982804378,7.926431269322798e-05,0.0005798883014892509,0.0005006239887960229,-0.0025628737314560028,6.568321763267271e-06,0.0005686910199533823,-0.0008810780608831539,7.762985494430552e-07,0.0006741016737576988,-0.015180524291583097,0.0002304483177669736,0.0004968722107566714
1683,0.00013246361732455192,4.22338604272691e-05,0.0007039161021128818,0.0006616822416856127,-0.003775292412078712,1.4252832796879389e-05,0.0007292582521150059,0.009217639477888218,8.496487754439119e-05,0.0009743100732214627,-0.005242506169789702,2.7483870940536725e-05,0.0004081799810021769
1684,-3.120324400310569,4.845100831947964e-06,0.0001565359626622964,0.00015169086183034844,0.0022011589747119556,4.84510083187395e-06,0.00015653596266240744,0.0022011589747119534,4.845100832762128e-06,0.00015653596266285152,-0.002201158974711955,4.845100831207816e-06,0.00015653596266163028
1685,0.00013957618675530803,2.255769789257419e-06,0.0001473629946976048,0.00014510722490834738,-0.0025882023237675054,6.698791269466042e-06,0.00014909829073816994,0.00013164627049250607,1.7330740731402727e-08,0.0001722243597536144,-0.00022624623179887327,5.118735757481119e-08,0.00012076633360103006
1686,0.00011827576569189979,2.3176430605712877e-05,0.000171032394745807,0.00014785596414009414,0.0032991987862500257,1.0884712630887527e-05,0.0001790559072331055,-0.006496245536272018,4.220120606779343e-05,0.0001229855895504839,0.004055042924336678,1.644337311845767e-05,0.00021105568745383163
1687,0.00010231618993694624,3.257886015924546e-05,0.00014993945151287047,0.000117360591353625,0.0038111713046802597,1.4525026713618772e-05,0.00014738255110935405,0.009050132482696205,8.190489795456557e-05,0.00017683236818555326,-0.0011430904641376958,1.3066558095520264e-06,0.0001256034352437041
1688,-3.1538064039498703,3.664018732085772e-05,0.00017069525400955263,0.0001340550666886949,0.005666982698104625,3.2114692899654074e-05,0.00019819632034090429,-0.004976611233041903,2.476665936401723e-05,0.0002087356532362028,0.007282802324564511,5.303920969890186e-05,0.00010515378845155077
1689,3.343770313668504e-05,1.5300324977540747e-05,0.000153294087406645,0.00013799376242910424,0.005543098828861037,3.072594462616429e-05,8.805547599333163e-05,-0.002225220163463503,4.951604775427221e-06,0.00018886994922617806,0.003197409190377913,1.0223425531030728e-05,0.0001829568370004253
1690,0.00015568383559860788,5.0541333631581864e-05,0.0007569296628451664,0.0007063883292135845,-0.011989045637126248,0.00014373721528926353,0.00048430211364547393,-0.001064135727749143,1.1323848468913766e-06,0.001069750587017415,0.002598922999724382,6.754400758590684e-06,0.0007167362878726102
1691,7.710581187536647e-06,1.4248363806960522e-06,0.0002167361166263889,0.00021531128024569285,-0.0018033300913700148,3.2519994185298273e-06,0.00018219916320050267,0.00036808648210151306,1.3548765842585908e-07,0.0002713941990137858,0.0009418184885147968,8.870220651324701e-07,0.00019661498766487817
1692,6.829160773946796e-05,1.892654604925455e-05,0.00030385540552768653,0.000284928859478432,0.0009343513665944857,8.730124759770419e-07,0.0004035606933840974,0.00641770027769213,4.118687685439326e-05,0.0002912975952732433,0.003836632484002035,1.4719748817393352e-05,0.0002167079279257189
1693,8.308890416997006e-05,3.507159616481884e-05,0.0002525398778721044,0.00021746828170728558,0.008923528600102886,7.962936267646992e-05,0.00015196001901229828,-0.003034944474157035,9.210887961019765e-06,0.0002582619112955209,0.0040465464110913665,1.6374537856966853e-05,0.00034739770330849407
1694,0.0002259593918768621,6.936454489647748e-05,0.0003216897214165515,0.000252325176520074,0.012822907526203764,0.00016442695742557856,0.0002515789648772637,-0.006240033232791544,3.893801474641467e-05,0.0006215748720774794,0.002174548807805378,4.728662517439197e-06,9.191532729491136e-05
1695,4.3577966392094325e-05,1.5657031817532346e-05,0.00012511480934155697,0.00010945777752402462,-0.004571625264943731,2.0899757563586085e-05,0.00011027716047995462,0.0016809291277456598,2.8255227324525123e-06,0.00016618126071321626,0.004821391412938298,2.3245815156558436e-05,9.888600683150006e-05
1696,-3.0230658469251113,7.063723957364172e-05,0.0002658641640020572,0.0001952269244284155,-0.008404596336162353,7.063723957378976e-05,0.00026586416400176116,0.008404596336162359,7.06372395730126e-05,0.0002658641640015391,-0.008404596336162357,7.063723957412282e-05,0.0002658641640028714
1697,0.00010663272737021501,2.8821868099789445e-05,0.0004576843576716838,0.0004288624895718944,1.3657301317696922e-05,1.8652213107372972e-10,0.0008940446854607265,-0.008998614494928737,8.097506282866984e-05,0.0002740432680848892,0.002343150645668325,5.490354948567422e-06,0.00020496511946943574
1698,6.699143233401816e-05,1.849086358289102e-06,0.00018801315243692032,0.00018616406607863123,0.0017223578979637308,2.966516728486468e-06,7.392733757416448e-05,-0.0010237476601125466,1.0480592717021509e-06,0.00013671936551007402,-0.0012380157812590298,1.5326830746786868e-06,0.0003533927542265225
1699,2.4311794789899643e-05,6.754454012732521e-06,0.0003822506371604639,0.0003754961831477314,-0.004013535962596287,1.610847092325951e-05,0.0004422198407231237,0.0017708333064657298,3.135850599189638e-06,0.0003110758479131226,0.0010094753662536777,1.019040515748415e-06,0.0003934562228451455
1700,-3.2212830142003845,1.0,1.0,0.0,0.0,1.0,1.0,0.0,1.0,1.0,0.0,1.0,1.0
1701,0.0004250070531541805,0.00010853659023198532,0.0002967539141131385,0.0001882173238811532,-0.012722353372017305,0.00016185827532244623,0.0003510686363108473,0.005099483704963685,2.600473405733883e-05,0.00019008366805184362,-0.011736556620913205,0.00013774676131617092,0.00034910943797672456
1702,8.39478946497163e-05,3.395357149682532e-05,0.00031966196118082824,0.0002857083896840029,-0.004648530655223879,2.1608837252440338e-05,0.00016918356546347102,-0.008026885079353181,6.443088407703801e-05,0.00033719512198904233,0.003977561207692181,1.582099316099761e-05,0.00045260719608997135
1703,-3.2212830142003845,1.0,1.0,0.0,0.0,1.0,1.0,0.0,1.0,1.0,0.0,1.0,1.0
1704,-3.2212830142003845,1.0,1.0,0.0,0.0,1.0,1.0,0.0,1.0,1.0,0.0,1.0,1.0
1705,3.5155784105400656e-05,5.859272739957196e-07,0.00010449158974031499,0.00010390566246631927,-0.0012010215485162123,1.4424527593481784e-06,0.00010196502254655737,0.00017308699512426107,2.995910786118827e-08,0.00010852759075441476,-0.0005342002947334811,2.8536995477779215e-07,0.00010298215591997284
1706,1.050791575296639e-05,4.192478674299356e-06,0.00011610980687618937,0.00011191732820189001,-0.0029055182924834443,8.44203654726261e-06,6.281277184017053e-05,0.000323728299589445,1.0480001211288226e-07,0.00023307771507807828,0.002007635291436219,4.030599463522577e-06,5.243893371031927e-05
1707,0.00014952140002810754,8.489995642672425e-05,0.0007300032863002773,0.0006451033298735531,0.0009596977082239335,9.210196914022362e-07,0.00015408611369327474,0.012216446639738789,0.00014924156850137926,0.001035949961431637,-0.010224347465111626,0.00010453728108739124,0.0009999737837759204
1708,-3.2212830142003845,1.0,1.0,0.0,0.0,1.0,1.0,0.0,1.0,1.0,0.0,1.0,1.0
1709,-3.2212830142003845,1.0,1.0,0.0,0.0,1.0,1.0,0.0,1.0,1.0,0.0,1.0,1.0
1710,0.0003678653278288424,8.775075559974699e-05,0.0004911488628767854,0.0004033981072770384,0.004137604384827297,1.711977004503762e-05,0.0001463562618072567,0.005698859624392139,3.2477001018604845e-05,0.00028700418124461,-0.014616959182253161,0.0002136554957355985,0.0010400861455784893
1711,0.00013221325357370972,5.2769341833069916e-05,0.0008478328817483153,0.0007950635399152454,0.011145426442527608,0.0001242205305856947,0.00144906543494705,-0.004613497058766566,2.1284355111172992e-05,0.00044822155196366786,-0.0035781475378101704,1.2803139802342045e-05,0.0006462116583342281
1712,0.00033023067445281384,8.667997945673485e-05,0.0005400535836949475,0.00045337360423821266,0.00043689323920008166,1.9087570235498674e-07,0.0002355064689892883,-0.002424386517949737,5.877649988272893e-06,0.0003266067393717931,0.0159364805612655,0.0002539714126795767,0.0010580475427237612
1713,0.00012470673660347487,4.70928024631038e-05,0.000264954228384906,0.00021786142592180222,0.0021259072271496786,4.5194815381233155e-06,0.00031922758501468085,-0.010391094770855133,0.00010797485053715139,0.0002135262582819708,0.005365079245903546,2.8784075314036706e-05,0.0002621088418580664
1714,-3.2212830142003845,1.0,1.0,0.0,0.0,1.0,1.0,0.0,1.0,1.0,0.0,1.0,1.0
1715,-3.08427975625077,1.1356070174920832e-05,0.00015292818550431223,0.0001415721153293914,-0.004461428499832548,1.9904344258359075e-05,0.00012602897078251019,-0.0019456685897083304,3.785626261798569e-06,0.00020482626005247084,0.0032215275886464507,1.0378240004604855e-05,0.00012792932567795567
1716,0.00011800661752525698,2.965727832238141e-05,0.0006691984045963754,0.000639541126273994,-0.001335043052973347,1.7823399530714212e-06,0.0013284661447078294,0.003854630617777317,1.4858177199372768e-05,0.0004805949614352656,0.008504782055679474,7.233131781470004e-05,0.0001985341076460312
1717,0.00012747550646918793,4.516433715950896e-05,0.00040388606182710046,0.0003587217246675915,0.009080683637227511,8.245881531954158e-05,0.00017794644747559651,-0.0017734867826751728,3.145255368375288e-06,0.00041360970859094515,-0.007063210374221284,4.9888940790610015e-05,0.0006201020294147597
1718,-3.2212830142003845,1.0,1.0,0.0,0.0,1.0,1.0,0.0,1.0,1.0,0.0,1.0,1.0
1719,0.00011093868901956849,4.7149329469216754e-06,0.0002077856346435943,0.00020307070169667263,0.0015751375408632029,2.481058272829628e-06,0.0002535474403368987,-0.0011613323369220557,1.3486927964434514e-06,0.00019485925439421958,-0.003211704807705381,1.0315047771491948e-05,0.00017495020919966464
1720,-3.2212830142003845,1.0,1.0,0.0,0.0,1.0,1.0,0.0,1.0,1.0,0.0,1.0,1.0
1721,0.0005140758411381618,0.00019282633497967142,0.0007722735045112931,0.0005794471695316217,0.010786029451405126,0.0001163384313267457,0.00038502813800189717,-0.02092615375897268,0.00043790391114417737,0.0014115916999057898,0.00492307449347588,2.4236662468091197e-05,0.0005202006756261923
1722,4.3950469849951546e-05,1.6705082600839322e-05,0.00029325362017177764,0.00027654853757093833,0.003495642933837696,1.2219519521017297e-05,0.0003462003114080847,-0.006149829187452967,3.782039903510448e-05,0.00035962706654346643,-0.00027446173910186097,7.53292463961941e-08,0.00017393348256378172
1723,0.005669688819151308,0.0022508694202472146,0.010873623840886007,0.008622754420638793,-0.0630467111099651,0.003974887781783454,0.015145656783805084,-0.05220749212681224,0.0027256222341709435,0.014974281947656265,0.007217911386796661,5.209824478724645e-05,0.002500932791196675
1724,8.102724633229919e-05,3.187317263560659e-05,0.0002556012027859674,0.00022372803015036077,-0.0009172397119080406,8.413286890496252e-07,0.00014550546487135385,-0.005937709906140143,3.525639892953958e-05,0.00037003868145268903,-0.00771503663556889,5.952179028823057e-05,0.0002512594620338593
1725,-3.1258885042632008,1.5527166361106737e-05,0.00021571136461010867,0.00020018419824900194,-0.0015119655026385142,2.2860396807766747e-06,2.957759253885417e-05,0.004702088779156097,2.210963888815698e-05,0.000308488690317299,-0.004710182641440162,2.2185820514386556e-05,0.0003090678109741729
1726,2.9253135138240793e-05,6.3043557177270655e-06,0.00011252860481714144,0.00010622424909941437,0.0007897713181800075,6.237387347729495e-07,0.00014587127405907285,0.0014552612608057206,2.117785337207856e-06,9.038181191989292e-05,-0.0040213857165470514,1.617154308120039e-05,0.00010133272847245856
1727,-2.9782736433074484,3.196591250646345e-05,0.00017419722902300983,0.00014223131651654639,0.0023180338166051647,5.373280775100575e-06,0.00015536305767060998,-0.007393640129928308,5.46659143718653e-05,0.00019180580437194727,0.005988200261555738,3.5858542372424473e-05,0.00017542282502647222
1728,0.00010743732527440653,7.697742177936728e-05,0.00020136953404562932,0.00012439211226626204,0.0101326983619401,0.00010267157609367139,0.0002066071259197999,-0.008525512542242042,7.268436410767798e-05,0.00023885206228191347,0.0074549530606613885,5.557632513675248e-05,0.00015864941393517462
1729,0.00017676877553118864,7.773082493493326e-05,0.0003480214953276439,0.00027029067039271065,0.00467881261246329,2.1891287462438846e-05,0.00028061755109876074,-0.012025352533277285,0.00014460910354985312,0.00038578122052024266,0.008166522135694911,6.66920837925078e-05,0.0003776657143639284
1730,0.0002574432272324234,4.738870777890961e-05,0.00013101273521528198,8.362402743637237e-05,-0.004276168617359236,1.828561804395612e-05,0.00013528244489002805,-0.0014560243606416676,2.1200069395543863e-06,8.683466345393853e-05,0.011034513960929738,0.00012176049835321834,0.00017092109730187932
1731,0.0002536089642189987,7.786037873872924e-05,0.0003326085611612036,0.0002547481824224743,0.014784614815312984,0.00021858483523717886,0.0005467649813900577,0.0034978201033443908,1.2234745475292463e-05,0.00010926934325272697,-0.0016617928582653742,2.761555503716373e-06,0.0003417913588408261
1732,2.941123150479452e-05,1.355332608895162e-05,0.00013740157136525136,0.00012384824527629973,-0.0034713792320611057,1.2050473772062809e-05,0.0001301091544648747,0.003225769677360763,1.0405590010864607e-05,0.00013418686862332052,0.004266604561536694,1.820391448392744e-05,0.00014790869100755888
1733,-3.2212830142003845,1.0,1.0,0.0,0.0,1.0,1.0,0.0,1.0,1.0,0.0,1.0,1.0
1734,8.928417018116974e-05,2.8056405359596266e-05,0.0002181326908527644,0.00019007628549316813,0.0010061629041431058,1.0123637897985205e-06,0.00015970035644830016,0.008536142464408071,7.286572817288839e-05,0.0002752488704386158,-0.0032079781975201237,1.029112411610189e-05,0.00021944884567137724
1735,-3.1056169502749853,2.952758657655726e-06,0.0001649501982638283,0.00016199743960617258,0.00171835929235029,2.952758657137622e-06,0.00016495019826345825,-0.0017183592923502911,2.9527586573596665e-06,0.00016495019826356927,-0.0017183592923502896,2.9527586584698895e-06,0.00016495019826445745
1736,-3.2212830142003845,1.0,1.0,0.0,0.0,1.0,1.0,0.0,1.0,1.0,0.0,1.0,1.0
1737,0.00012030143640451296,1.6009243897145236e-05,0.00019321967044120628,0.00017721042654406105,-0.0008545157834975452,7.301972243523025e-07,0.0002485701869268109,0.0029275342305773596,8.570456671352922e-06,0.00014570346320674776,-0.006223108370878109,3.872707779573048e-05,0.00018538536119006022
1738,0.0005738499742181657,0.00020113524257196294,0.0004296750096138835,0.00022853976704192055,0.004153431159547501,1.7250990396955324e-05,0.0002281300066697689,0.00766030924271173,5.868033769407255e-05,0.0003186899050324765,0.022966810828343346,0.000527474399624861,0.0007422051171394051
1739,-3.2212830142003845,1.0,1.0,0.0,0.0,1.0,1.0,0.0,1.0,1.0,0.0,1.0,1.0
1740,9.761213153269832e-05,2.766119645429092e-05,0.00017118477110241356,0.00014352357464812265,-0.005968999914528204,3.562895997955007e-05,0.00011632049552390278,0.006298885367812998,3.967595687692782e-05,0.00031906180374907667,0.0027710417727770955,7.678672506394868e-06,7.817201403426122e-05
1741,0.00028871105356798044,0.00011776222248727208,0.00035974428618571846,0.00024198206369844638,-0.014289127260189553,0.00020417915785797547,0.0005220918043723488,0.007917653291025136,6.268923363572654e-05,0.00034280868116010055,-0.009296143069479254,8.641827596811424e-05,0.00021433237302470598
1742,0.00010141198198421186,4.013021316181161e-05,0.0001924975372692058,0.00015236732410739418,0.006628573275559473,4.3937983669084524e-05,0.00019620721597801705,-0.004827977307826783,2.330936488470492e-05,0.00018189861851569677,0.007289944508148051,5.314329093164538e-05,0.00019938677731390353
1743,-3.2212830142003845,1.0,1.0,0.0,0.0,1.0,1.0,0.0,1.0,1.0,0.0,1.0,1.0
1744,-3.2212830142003845,1.0,1.0,0.0,0.0,1.0,1.0,0.0,1.0,1.0,0.0,1.0,1.0
1745,-3.2212830142003845,1.0,1.0,0.0,0.0,1.0,1.0,0.0,1.0,1.0,0.0,1.0,1.0
1746,-3.2212830142003845,1.0,1.0,0.0,0.0,1.0,1.0,0.0,1.0,1.0,0.0,1.0,1.0
1747,5.0523743900354745e-05,1.5044455325519124e-05,0.00012075444076087294,0.00010570998543535381,0.00484280475562769,2.3452757900943588e-05,0.00011914091149578532,-0.004382986272436104,1.921056866460713e-05,0.00011124705045473249,0.001571635902747231,2.4700394110066526e-06,0.000131875360332101
1748,-3.2212830142003845,1.0,1.0,0.0,0.0,1.0,1.0,0.0,1.0,1.0,0.0,1.0,1.0
1749,0.5730440929623897,0.3823930544239984,0.6856563743203071,0.3032633198963087,-0.2963937218620039,0.0878492383592111,0.39248078405221776,0.7367007339247312,0.5427279713652378,0.8712814417823684,0.7187502720330243,0.5166019535475463,0.7932068971263353
1750,9.105388976404782e-05,2.0073317944180324e-05,0.00017131618603464607,0.00015124286809046575,-0.006923351407040623,4.793279470560741e-05,0.00013127638581456047,-0.0026451360810757136,6.996744886911266e-06,0.00011833923446302741,-0.0023000900504114128,5.290414240022301e-06,0.00026433293782635037
1751,8.920967957593007e-05,3.6671834678370097e-05,0.00016904981896466906,0.00013237798428629896,-0.00019705333748164822,3.8830017978774833e-08,9.476744311065488e-05,0.0070199154363640055,4.9279212733788214e-05,0.00015177018072431991,0.007790857544785862,6.06974612833433e-05,0.00026061183305903235
1752,0.0005158564055790515,0.00011031868081904743,0.00042340435436435026,0.0003130856735453028,-0.014944754106351285,0.00022334567529902483,0.0008299930155155621,0.009918260714112528,9.837189559325221e-05,0.0002210785292751094,-0.003039485411334162,9.238471564865236e-06,0.00021914151830237927
1753,-3.2212830142003845,1.0,1.0,0.0,0.0,1.0,1.0,0.0,1.0,1.0,0.0,1.0,1.0
1754,0.0002979622153522765,4.993634153364438e-05,0.0003156690940533391,0.0002657327525196947,-0.009412534059726462,8.859579742548362e-05,0.00035363206061012065,0.0027351434814427726,7.481009864140908e-06,0.00025905068435572165,-0.007330226279670727,5.3732217311308617e-05,0.000334324537194175
1755,2.4820720988749656e-05,1.1756152257310267e-05,0.00027215183417365435,0.0002603956819163441,0.003781675844878489,1.4301072196354347e-05,0.00025288649721955103,0.00040899999949907645,1.6728099938578822e-07,0.0002653475134853922,0.00456071305575572,2.0800103576190665e-05,0.00029822149181601976
1756,0.0004864862937024039,0.00019384746898476468,0.00045875702330925677,0.0002649095543244921,0.003511248382321833,1.2328865202526629e-05,0.00012895962810854922,-0.020713886981737786,0.0004290651138921797,0.0007115812549270961,-0.011838430126477359,0.0001401484278595877,0.0005357301868921249
1757,0.00026590660740721805,0.00017718159290676846,0.0007042003847469817,0.0005270187918402132,0.013804344749505865,0.00019055993396344117,0.0007718955166282626,0.012827780231781468,0.00016455194567555065,0.000719680249482102,-0.013282804639152207,0.00017643289908131354,0.0006210253881305805
1758,2.2742251442497974e-05,1.1470892519516163e-05,0.00026100646970084185,0.0002495355771813257,-0.0018637626158431516,3.4736110881006255e-06,0.0002758001169538282,-0.002889110003370755,8.346956611671175e-06,0.0002648903935564828,0.004753115805361675,2.2592109858776688e-05,0.00024232889859221451
1759,0.00015376775120790054,7.217489636394496e-05,0.00021106514539470655,0.00013889024903076158,0.008199947540808534,6.723913967210393e-05,0.00020579869524728345,0.008424669235883087,7.097505173436769e-05,0.00019868902977548952,0.008849321877117938,7.831049768536325e-05,0.0002287077111613467
1760,8.701259590782051e-05,4.028822659596365e-06,0.00019620896340003893,0.00019218014074044257,-0.0004920222762931595,2.420859203100534e-07,0.00017032059907162722,-0.003436736681435641,1.18111590176051e-05,0.0002633498799831102,0.00018227188784177478,3.322304087394201e-08,0.0001549564111453794
1761,-3.2212830142003845,1.0,1.0,0.0,0.0,1.0,1.0,0.0,1.0,1.0,0.0,1.0,1.0
1762,2.3367077957137106e-05,4.516130581796081e-06,0.00021734142746099305,0.00021282529687919696,-0.0025650717005249613,6.57959282912568e-06,0.0001945060992299963,0.0018488788642065043,3.4183530547293728e-06,0.00023913052163970772,0.0018842626837551088,3.5504458615331913e-06,0.00021838766151327516
1763,-3.2212830142003845,1.0,1.0,0.0,0.0,1.0,1.0,0.0,1.0,1.0,0.0,1.0,1.0
1764,-3.2212830142003845,1.0,1.0,0.0,0.0,1.0,1.0,0.0,1.0,1.0,0.0,1.0,1.0
1765,3.375758078261182e-05,1.53081093734464e-05,0.00021502449321797457,0.00019971638384452817,0.004894299013993058,2.3954162838402127e-05,0.0003433765859779392,0.0031780677609927837,1.010011469326777e-05,0.00011948882665713256,0.003445293977046359,1.1870050588669301e-05,0.00018220806701885195
1766,0.00015793569115152284,3.889885925212333e-05,0.00028244339047744926,0.00024354453122532593,-0.00929318875747649,8.636335728218203e-05,0.0004960764766528403,0.005083003120872929,2.583692072655186e-05,0.00021827326773971034,0.0021204480063688382,4.496299747636101e-06,0.00013298042703979718
1767,2.169156591058652e-05,7.649725169645016e-06,0.00012942562215219797,0.00012177589698255295,-0.002899765285854585,8.408638713097716e-06,0.00016125174239312035,0.003451268769867616,1.1911256121766023e-05,0.0001315357039249898,-0.0016215056811888329,2.6292806740713104e-06,9.548942013848372e-05
1768,-3.08836996922369,3.4485045137995957e-07,0.00016027025780003998,0.00015992540734866,0.00058723968827456,3.448504511949224e-07,0.00016027025780007698,-0.00058723968827456,3.448504508618555e-07,0.0001602702577996329,-0.0005872396882745599,3.4485045208310083e-07,0.00016027025780041004
1769,0.0003067533962732849,7.3096077646162e-05,0.0002786958003397529,0.0002055997226935909,0.007003829987322656,4.905363449136946e-05,0.0002523229753340628,0.009852070347356866,9.706329012915127e-05,0.0002858028150447556,-0.008554022931806723,7.317130831796526e-05,0.00029796161064044036
1770,6.824024569673792e-05,2.081229418711879e-05,0.0002787818581494461,0.00025796956396232734,-0.007091224075801165,5.02854588932955e-05,0.000338202150651834,-0.0034721175612496802,1.20556003592176e-05,0.00022834700513896244,-0.00030955340257315364,9.582330884327916e-08,0.0002697964186575419
1771,0.0003151764450538552,0.00012003815591262364,0.0005920373735781581,0.0004719992176655345,0.015446246483443149,0.00023858653042707623,0.0007190721223897523,-0.008209171157500392,6.739049109305562e-05,0.00044367228323738406,-0.007357815315551826,5.413744621773908e-05,0.000613367715107338
1772,0.00030009260020136264,6.606486785828054e-05,0.00021484615625577685,0.00014878128839749632,-0.0076871216408940105,5.9091839121783174e-05,0.0002129080474513323,-0.006781394313423895,4.598730883464963e-05,0.0002137075692598689,0.009649634999229342,9.311545561840884e-05,0.00021792285205612938
1773,0.0002551454940779019,0.00020834564797785524,0.0006698618531023973,0.00046151620512454206,-0.014048467606428914,0.00019735944208909562,0.0006644277512684038,-0.014749258915113597,0.00021754063854506622,0.0006859288785386886,0.014496098209495645,0.00021013686329940384,0.0006592289295000997
1774,8.593010751900554e-05,3.0301667567974217e-05,0.0001640129254068349,0.00013371125783886068,-0.008481905150045215,7.194271497423799e-05,0.00022177797544797873,-0.0033342262008583456,1.111706435841242e-05,0.000216239162398435,-0.002800932589572645,7.845223371272247e-06,5.402163837409102e-05
1775,-3.2212830142003845,1.0,1.0,0.0,0.0,1.0,1.0,0.0,1.0,1.0,0.0,1.0,1.0
1776,6.0014495354532293e-05,1.5418069498858895e-05,0.00016839437647997446,0.00015297630698111556,0.0027764271813382384,7.708547893114925e-06,0.00014736473245258175,0.006139640398726537,3.769518422558349e-05,0.0002986229018768771,-0.0009222127617782143,8.504763778782731e-07,5.919549511046451e-05
1777,0.0003707898796954101,0.00010631848361756606,0.0008511344185162528,0.0007448159348986868,-0.003055713856870017,9.337387174901401e-06,0.0007252923628368046,-0.0032202726855889074,1.0370156169781097e-05,0.0006564512586633153,0.01729878341120574,0.00029924790750801566,0.0011716596340486385
1778,-3.2212830142003845,1.0,1.0,0.0,0.0,1.0,1.0,0.0,1.0,1.0,0.0,1.0,1.0
1779,-3.2212830142003845,1.0,1.0,0.0,0.0,1.0,1.0,0.0,1.0,1.0,0.0,1.0,1.0
1780,-3.2212830142003845,1.0,1.0,0.0,0.0,1.0,1.0,0.0,1.0,1.0,0.0,1.0,1.0
1781,3.60565131505286e-05,5.962250158327483e-06,0.0001451809865442207,0.00013921873638589322,0.0024943602171465917,6.221832893116286e-06,0.00015309656788686787,-0.0017718697394423415,3.139522373851733e-06,0.00014142133284156255,0.002919827941388337,8.52539520801443e-06,0.00014102505890423167
1782,0.00018777186810403634,4.032190048330886e-05,0.00023462122705445823,0.00019429932657114937,0.0025357515880856745,6.430036116000792e-06,0.00017470373977634956,0.007241464042642208,5.243880148098068e-05,0.00025643699937771824,-0.007880156334300772,6.20968638529451e-05,0.0002727229420093069
1783,6.193458449110789e-05,4.437226562089188e-05,0.00020647616856780035,0.00016210390294690846,0.006959199516774682,4.8430457914028224e-05,0.0002432310225315426,-0.006102238090128435,3.723730970850436e-05,0.00017514093179094026,0.0068883255759229454,4.744902924014305e-05,0.00020105655138091816
1784,-3.2212830142003845,1.0,1.0,0.0,0.0,1.0,1.0,0.0,1.0,1.0,0.0,1.0,1.0
1785,0.00018388001011016009,6.993843818348111e-05,0.00023974235574290384,0.00016980391755942273,0.00040780763826071473,1.663070696711344e-07,0.0001847574333972979,-0.013502760873041354,0.0001823245511948235,0.0003742498246648296,-0.005227280008392974,2.7324456285948706e-05,0.00016021980916658407
1786,-3.2212830142003845,1.0,1.0,0.0,0.0,1.0,1.0,0.0,1.0,1.0,0.0,1.0,1.0
1787,5.4919709370881975e-05,2.295886975508162e-05,0.00025359890060723994,0.0002306400308521583,-0.005974653754748038,3.569648748869003e-05,0.00027566727618044684,0.005734977262818765,3.2889964205140565e-05,0.00020269783716997392,0.0005386627632085428,2.9015757141426235e-07,0.0002824315884712991
1788,5.84932404691374e-05,8.821037533338997e-06,0.00017372545193076552,0.00016490441439742654,-0.0028517181208422356,8.132296240970227e-06,0.00019416916963210795,0.0036196103000984093,1.3101578724361573e-05,0.00021748261677612124,-0.0022867526396058682,5.229237634685191e-06,0.0001095245693840674
1789,-3.2212830142003845,1.0,1.0,0.0,0.0,1.0,1.0,0.0,1.0,1.0,0.0,1.0,1.0
1790,0.00013585397827620138,4.525061868998481e-05,0.00020199049220766727,0.00015673987351768245,-0.00825497571400784,6.81446240391459e-05,0.00035772006645484744,-0.0061699664084127566,3.8068485480491354e-05,0.00011008546149449128,0.005434955984183045,2.9538746550317185e-05,0.00013816594867366305
1791,7.646334679722866e-05,4.8853105326799685e-05,0.0002990508222951993,0.0002501977169683996,-0.007824303239986542,6.121972119210728e-05,0.0002580183833111871,0.005203949050000088,2.708108571547463e-05,0.00037759148626093086,0.007632726188775431,5.8258509072817155e-05,0.00026154259731347995
1792,0.00019157361974431186,1.4769343815612679e-05,0.00037640445833716135,0.0003616351145215487,0.0020126596752933546,4.0507989684801515e-06,0.00047156620677546446,-0.0019289944846803799,3.7210197217918406e-06,0.0004743831985635216,-0.0060445192328678135,3.6536212756566044e-05,0.00018326396967249803
1793,0.00020329891062109695,0.00017590642642835905,0.0002705114540205722,9.460502759221315e-05,-0.012640111017336024,0.00015977240653020086,0.00026941154540460754,0.013442609090384122,0.00018070373915646254,0.0002940854507710311,0.013683681288208707,0.0001872431335984137,0.00024803736588607794
1794,0.00014152476740947328,5.2442525215671644e-05,0.00028594498547396263,0.000233502460258291,0.007592644551572257,5.764825128695694e-05,0.00025191190496975935,-0.008910654613621114,7.939976564319551e-05,0.0002673573413832786,-0.004503283104187503,2.027955871686249e-05,0.00033856571006884995
1795,8.011106191629924e-05,5.16761529315198e-05,0.0002243886847647462,0.00017271253183322638,0.008419088962481188,7.088105895824981e-05,0.00025969371028544685,0.00851147948792205,7.244528307326359e-05,0.00031164466545063885,0.003420835681967197,1.1702116763046e-05,0.00010182767855815289
1796,0.0009183626277635693,0.00027743103828829313,0.0009703752285449655,0.0006929441902566724,-0.004983756962290562,2.483783345930135e-05,0.0008949249917209467,0.004089449948841939,1.6723600884116507e-05,0.0005758148083880865,0.028119951645076663,0.0007907316805214615,0.0014403858855258633
1797,2.165403634657448e-05,9.677779978511936e-07,0.00011613450808893126,0.00011516673009108007,-0.0004904640067366368,2.405549409667529e-07,0.00014013898855025353,-0.0015028496120087621,2.258556955903046e-06,0.00010060224752950209,0.0006357846311875694,4.0422209668378173e-07,0.00010766228818703816
1798,0.00013413069948131628,5.696699039470232e-05,0.0002914479019197058,0.0002344809115250035,0.006873211472792096,4.724103594977436e-05,0.00017817834811972855,-0.003929594852530213,1.5441715705222236e-05,0.0004570004740750422,0.010402798639252983,0.00010821821952911037,0.00023916488356434673
1799,0.00021685863351239565,8.86191956793736e-05,0.0005725033342762013,0.00048388413859682766,0.011183707694597115,0.0001250753177982622,0.0006652410417674615,-0.0024074658206945433,5.79589167737371e-06,0.00027425791165269775,0.011618363807458527,0.00013498637756248488,0.0007780110494084447
1800,0.00015197863219185148,2.4306141981345064e-05,0.00031847709100581617,0.0002941709490244711,-0.0001515584456264342,2.2969962376606645e-08,0.0003943294412332987,0.0010548347555340014,1.1126763614921487e-06,0.00014484128881830927,0.008472471871928377,7.178277962016644e-05,0.0004162605429658406
1801,0.000158742394949285,7.09641851996586e-05,0.0002568004592263806,0.00018583627402672204,0.007819562379614751,6.11455558089391e-05,0.0002645167300979745,-0.003174021552859612,1.0074412817973055e-05,0.000134853751613484,-0.011902629414216074,0.00014167258697206364,0.00037103089596768335
1802,-3.2212830142003845,1.0,1.0,0.0,0.0,1.0,1.0,0.0,1.0,1.0,0.0,1.0,1.0
1803,0.0003105699094108072,0.00023585189084607272,0.0004102997798080728,0.0001744478889620001,-0.017555061393074015,0.0003081801805145945,0.0006099499715308543,0.013860165446943016,0.00019210418621551373,0.00030108880624368783,-0.014396920011172858,0.00020727130580810993,0.00031986056164967636
1804,-3.2212830142003845,1.0,1.0,0.0,0.0,1.0,1.0,0.0,1.0,1.0,0.0,1.0,1.0
1805,6.417139637149294e-05,1.2775077892472156e-05,9.744684403086475e-05,8.467176613839258e-05,-0.005592655717591572,3.127779797562624e-05,0.0001409610150191476,0.0025764525090306595,6.638107530876347e-06,7.100525375514088e-05,-0.0006397875987750543,4.0932817091388074e-07,8.037426331830577e-05
1806,-3.2128233280078735,7.100213097666064e-05,0.00033928674419303473,0.0002682846132163741,-0.008426276222399045,7.100213097710473e-05,0.0003392867441932568,0.00842627622239905,7.100213097654962e-05,0.0003392867441928127,-0.00842627622239905,7.100213097632757e-05,0.00033928674419303473
1807,5.280176833799555e-05,2.1096131885537755e-05,0.0001435400645806532,0.00012244393269511544,0.00387182744611837,1.4991047772361377e-05,0.00016834505007445877,-0.006948551244437492,4.828236439702316e-05,0.00016877721800800938,-0.00012240705524619498,1.4983487228725778e-08,9.349792565949144e-05
1808,0.00010908804319387233,4.9509482925554536e-05,0.00017709196666822655,0.000127582483742672,-0.007309092046255917,5.3422826540860946e-05,0.00010337499285562046,0.009156218839302583,8.383634343345214e-05,0.00029767305009709144,0.0033569746502305005,1.1269278802350513e-05,0.0001302278570519677
1809,3.199046036461706e-05,1.7891094333773634e-05,0.00014914818542270206,0.0001312570910889284,0.005383863697938047,2.898598831813093e-05,0.00019509858640165412,-0.004884318871193418,2.3856570835478763e-05,0.0002008341392814028,-0.0009114405344946572,8.307238477112122e-07,5.151183058504927e-05
1810,6.864793304495187e-05,1.923405161970611e-05,0.0003556975595286893,0.0003364635079089832,0.001228828039537621,1.5100183504701548e-06,0.0003108106261077159,-0.007318410893177989,5.3559138001091355e-05,0.00018904401988995012,0.0016226516901630102,2.6329985075568274e-06,0.0005672380325884019
1811,1.701738022541477e-05,9.885635211093202e-06,0.0002963092566581708,0.0002864236214470776,0.0028421930338985006,8.078061242366985e-06,0.00013578375433120904,0.002325871332526646,5.409677455325834e-06,0.00013729925259164943,-0.0040210902669737805,1.6169166935586787e-05,0.0006158447630516539
1812,0.00014808965068435764,1.7835574984322495e-05,0.00024038676353162666,0.00022255118854730416,0.005388665954037756,2.903772076390254e-05,0.00023517888302215795,0.0039053075476907294,1.5251427041840238e-05,0.00022316351532392087,0.003036046301934925,9.21757714722471e-06,0.00026281789224880114
1813,6.335219326125685e-05,5.4793994527605845e-06,0.00021176160528676066,0.0002062822058340001,0.000943297889094354,8.898109086219463e-07,0.0002109687828475426,-0.0022617004140362707,5.1152887623473475e-06,0.00022128426642353816,0.0032300307563094817,1.0433098687312459e-05,0.0002030317665892012
1814,6.645038736319275e-05,5.175953721100098e-05,0.0002611183673504325,0.0002093588301394315,-0.006447949499357939,4.1576052746239434e-05,0.00022547791210225654,0.00771253555261547,5.948320465043455e-05,0.00025846675086760307,-0.007363379267450848,5.4219354236328954e-05,0.00029941043908143783
1815,5.956898157211121e-05,1.1669583781848125e-05,0.00025258523105320396,0.00024091564727135584,0.0019843681123059634,3.937716805402225e-06,0.00023377686240466655,0.005356276840053478,2.8689701586426253e-05,0.0002875664423855895,-0.0015431568141434163,2.381332953715898e-06,0.00023641238836935585
1816,-3.1466956297766036,1.636718811470761e-05,0.00016391838858361338,0.00014755120046890577,-0.004045638159211838,1.6367188114485565e-05,0.0001639183885832063,0.0040456381592118345,1.636718811481863e-05,0.0001639183885842055,0.0040456381592118345,1.636718811481863e-05,0.00016391838858342833
1817,-3.060692172897185,8.243552755008801e-06,0.00016088332591649804,0.00015263977316148925,-0.002871158782662716,8.243552754971795e-06,0.00016088332591657206,-0.0028711587826627167,8.243552754194639e-06,0.00016088332591590593,-0.002871158782662715,8.243552755859973e-06,0.00016088332591701615
1818,4.350271924946636e-05,1.549496854295433e-05,0.00011413899551019717,9.864402696724284e-05,0.0036794496214090614,1.3538349516561965e-05,0.00014089059227218037,-0.0006982387741292666,4.875373854629217e-07,0.00010901731625156952,0.005697281696323761,3.2459018726838096e-05,9.25090780068416e-05
1819,-3.208951338031369,2.467980935350056e-05,0.0001596208708854648,0.00013494106153196425,-0.0049678777514617755,2.4679809352279314e-05,0.00015962087088416954,0.004967877751461774,2.4679809354166693e-05,0.00015962087088639,0.004967877751461775,2.467980935405567e-05,0.00015962087088583488
1820,-3.1813567621481624,1.5225749423438314e-05,0.00013867439359867748,0.00012344864417523915,-0.004166624649027521,1.7360760966256272e-05,9.575085351054557e-05,-0.002503878157753255,6.2694058295953425e-06,0.00012512829464805808,-0.0046954319796148865,2.2047081474463326e-05,0.00019514403263742874
1821,5.833864016679957e-05,3.36324504172462e-05,0.00019508890855716535,0.00016145645813991916,-0.002266803453139881,5.138397894732805e-06,4.436234402027672e-05,-0.006974287973461009,4.864069273669003e-05,0.0002696561738072534,0.006864274223897443,4.7118260620315766e-05,0.00027124820784396597
1822,0.00011235728610758944,4.8738034357379924e-05,0.000243021631774513,0.00019428359741713308,0.004745034060223543,2.251534823249912e-05,0.00021500770284255122,0.01049215018464962,0.00011008521549826789,0.0002992869188555014,0.003689653010935846,1.3613539341372771e-05,0.0002147702736254864
1823,0.00034914378700356963,0.00011176168969806444,0.00036112472190164,0.0002493630322035756,0.005684213273919046,3.231028054317964e-05,0.0004693541739064777,0.004149961108963134,1.7222177206011047e-05,0.00015220609586807932,0.016904218744000027,0.00028575261134500263,0.00046181389593036304
1824,0.0003640391190719017,9.050976697588808e-05,0.0003868619284398041,0.000296352161463916,-0.014943129386318378,0.00022329711585644674,0.000583326465415035,-0.006258006216225311,3.916264180225948e-05,0.00042271169146967935,0.003011568240821238,9.069543268958036e-06,0.00015454762843469805
1825,0.0001597642475839045,5.457055755205461e-05,0.0003331950920286338,0.0002786245344765792,-0.0062084381079298735,3.854470374031749e-05,0.00014597744015631964,0.0008677144101346695,7.529282980422991e-07,0.0003385927108271458,-0.01115410420508025,0.00012441404061780403,0.000515015125102436
1826,7.207427517708087e-05,2.639634452542931e-05,0.00014193180551428744,0.00011553546098885813,0.0007829465375321963,6.130052806474495e-07,6.62082890475757e-05,-0.005114091914333706,2.6153936107942144e-05,0.00013760891667946584,-0.007240310227312757,5.242209218769833e-05,0.0002219782108158208
1827,0.00010096467513220908,1.9003475653089907e-06,0.00018422464544668818,0.0001823242978813792,0.00015550061970891023,2.418044331431446e-08,0.00017208745087515798,-0.0018046376722641593,3.256717128086173e-06,0.00020242474729070814,-0.0015556815627560151,2.420145124526485e-06,0.00017816173817419845
1828,0.0001672625414529394,3.103479944055465e-05,0.00015117177461132503,0.00012013697517077038,-0.003274658657294776,1.072338932173178e-05,3.117670799301919e-05,0.0026137306773046597,6.831588053035631e-06,0.000283299682738658,-0.00869191698918399,7.554942094689654e-05,0.00013903893310229787
1829,0.00018418671198616732,0.00015198388687713096,0.0002589748651221635,0.00010699097824503254,-0.012326703170255946,0.00015194761104730947,0.00026758449504526993,0.010977727113281054,0.00012051049257366664,0.00025477864079925805,0.013545979366968683,0.0001834935570104168,0.0002545614595219625
1830,5.650917533628341e-05,1.7409965593887893e-05,0.0001313642581776131,0.0001139542925837252,-0.0007236981329587702,5.237389878454124e-07,8.970393285001599e-05,-0.005242549176932158,2.7484321872828232e-05,0.00012537342947471775,0.004921568441168764,2.422183592099003e-05,0.00017901541220810557
1831,4.3446578670947034e-05,2.1745767243971e-05,0.0001904884707897662,0.00016874270354579518,-0.0020998947490097402,4.409557957218979e-06,0.00018526010354258382,-0.005423257631508687,2.9411723337258167e-05,0.00016118041013657436,-0.005604999592977086,3.1416020437435854e-05,0.00022502489869014042
1832,7.196176174439906e-05,2.9988854100030753e-05,0.0002154708284655508,0.00018548197436552005,0.006678759579578372,4.460582952159342e-05,0.00024536218463921955,0.005184242148122813,2.6876366649997152e-05,0.00022255611347210547,-0.004299344848771794,1.8484366128501684e-05,0.0001784941872853274
1833,4.8011218707899594e-05,6.633820090547656e-06,0.00020352628278267707,0.0001968924626921294,-0.004081497984250713,1.6658625794474524e-05,0.0001442950039336477,-6.682943089161151e-05,4.4661719877936434e-09,0.0002620164693686311,-0.0017995466946283396,3.23836830518065e-06,0.00020426737504575243
1834,0.0002920488430125934,0.00019190607138741544,0.0004431535383664735,0.00025124746697905803,0.01592696992480496,0.00025366837098539374,0.0006062722901980511,0.016758097954127846,0.0002808338470398075,0.0004751328849277314,0.006419968546422354,4.1215996137045074e-05,0.0002480554399736379
1835,7.200185144862203e-05,2.5540629239095836e-05,0.00017007349985609377,0.00014453287061699793,0.0034332613509847273,1.1787283504038903e-05,0.0001211296242428217,-0.0026756376585414464,7.1590368798668536e-06,8.141051861487725e-05,-0.007594443187809341,5.767556733338175e-05,0.00030768035671058236
1836,-3.1488117186276057,2.2442180443893456e-05,0.00016071653893105312,0.00013827435848715966,-0.00473731785339929,2.2442180444004478e-05,0.00016071653893112714,-0.0047373178533992874,2.2442180444226523e-05,0.00016071653893134918,0.004737317853399291,2.2442180443449367e-05,0.00016071653893068305
1837,6.307443281883263e-05,1.6655033977593565e-05,0.00017564126300417815,0.00015898622902658457,8.44460807181035e-05,7.13114101102974e-09,0.00019214838490633213,0.001094973257529142,1.198966434579063e-06,0.00014605789934618585,-0.006982764807562288,4.8759004357190605e-05,0.00018871750476001647
1838,0.00038020031005414623,0.0001783326612352365,0.0005287887660468948,0.00035045610481165834,-0.01834411707307683,0.00033650663119055846,0.0005445961822574397,0.010281496556989221,0.00010570917145114045,0.00043904656861004643,-0.009632350754839368,9.27821810640106e-05,0.0006027235472731984
1839,-3.0991179877708923,3.0455929297401596e-06,0.00010776442496041039,0.00010471883203067023,0.002098792187209328,4.404928645729278e-06,0.00010460810284329547,0.002147440005803508,4.611498579776274e-06,0.0001057945862729115,-0.00034691722910041336,1.203515637149266e-07,0.0001128905857650242
1840,-3.1971736429290036,5.982398345490599e-05,0.00017405588940844208,0.00011423190595353608,0.0077345965282115915,5.982398345572015e-05,0.00017405588940866412,0.0077345965282116,5.9823983453832774e-05,0.00017405588940777594,0.007734596528211593,5.982398345516504e-05,0.00017405588940888617
1841,0.00015584696923931496,0.00011246790006317713,0.00026056475180313843,0.0001480968517399613,-0.010763120154285702,0.00011584475545589612,0.0002085013889240317,0.012025264791409163,0.00014460699330332005,0.0003191945356841863,0.008772226138807552,7.695195143031519e-05,0.00025399833080119727
1842,0.00014554791250709354,2.6452461511820385e-05,0.0002771284182348695,0.0002506759567230491,0.00840829052962415,7.069934963099822e-05,0.00026864955453986816,0.000977091420806168,9.547076450511227e-07,0.00021169788259134403,0.0027754868509447007,7.703327259411807e-06,0.00035103781757339636
1843,2.8640024185344615e-05,4.165793646593308e-06,0.00027613890453988726,0.00027197311089329396,0.0014826607765318156,2.1982829768729673e-06,9.985903797971041e-05,0.0026521833590963293,7.034076570211489e-06,0.00035150647655324274,-0.0018069370194729389,3.2650213926954663e-06,0.0003770511990867087
1844,1.4687826050630015e-05,5.6085900355847445e-06,0.00025270640413751117,0.00024709781410192644,0.0024951702225628905,6.22587443999123e-06,0.0002682633132429224,0.0031474435069505807,9.906400628922896e-06,0.0004064985795401155,-0.0008327634944531979,6.934950378401084e-07,8.335731962949566e-05
1845,8.77134153399739e-05,4.015670973263792e-06,0.0001412045195973525,0.0001371888486240887,-0.0033767152938106596,1.1402206174904173e-05,0.00016431565626551237,-0.000795504058170981,6.32826706592482e-07,0.00016267546793846677,0.00010945336067738542,1.1980038294723272e-08,9.66224345880784e-05
1846,0.00020951900703158888,9.674780519186577e-05,0.00025724969721881613,0.00016050189202695037,-0.007737958081909911,5.9875995277680616e-05,0.00013485320824735414,-0.007133967814230024,5.089349677422916e-05,0.00033127358296070053,-0.013396787806167296,0.00017947392352368752,0.0003056223004483938
1847,9.178493279793365e-05,4.962841569903601e-05,0.00019079484368226632,0.00014116642798323031,-0.006637826860825386,4.406074543350513e-05,0.00018764969041984436,-0.006994306592775221,4.8920324713042085e-05,0.0001950883903629741,-0.007476909585561801,5.5904176950560824e-05,0.00018964645026398053
1848,-3.3808587945083435,4.312757397317846e-05,0.00017324598761895663,0.00013011841364577817,-0.006845003063984541,4.6854066945711814e-05,0.00017565028295662977,-0.006783923314697282,4.6021615540348115e-05,0.00017505335829592905,0.006042105546371759,3.650703943347544e-05,0.0001690343216043111
1849,0.002177711370679125,0.001075806008390486,0.005780471546540415,0.004704665538149929,-0.0379731145220731,0.001441957426506546,0.007697816372836397,-0.014064514534124262,0.00019781056908063643,0.0011371020390760211,0.03984532632046502,0.0015876500295842755,0.008506496227708826
1850,4.412405071219094e-05,9.755237100709616e-06,0.00016560210114465365,0.00015584686404394404,0.0017363018373669544,3.0147440699401784e-06,0.0002340437631278558,0.0018283355508382287,3.3428108865418693e-06,0.00012201842681269781,-0.004786246582216416,2.2908156345646802e-05,0.00014074411349340732
1851,2.568296480887078e-05,1.2577606868569013e-05,0.000169145764527312,0.000156568157658743,0.004444460940903574,1.975323305491994e-05,9.022270951297706e-05,0.0030799454536369593,9.48606399797658e-06,0.0001520690168007599,0.002914365034213937,8.493523552810522e-06,0.00026514556726819904
1852,-3.2212830142003845,1.0,1.0,0.0,0.0,1.0,1.0,0.0,1.0,1.0,0.0,1.0,1.0
1853,-3.2212830142003845,1.0,1.0,0.0,0.0,1.0,1.0,0.0,1.0,1.0,0.0,1.0,1.0
1854,0.00010579945548427894,5.035244218424643e-05,0.00043132412859914204,0.0003809716864148956,-0.007992430002679355,6.387893734760564e-05,0.0004591908065858519,0.007216837326242991,5.208274099377519e-05,0.00044668292184024683,0.005924158017083741,3.5095648211358466e-05,0.0003880986573713274
1855,5.7694019334864066e-05,2.8492237175122465e-05,0.00015952156949705643,0.00013102933232193395,-0.006345648490958755,4.026725477046522e-05,0.00013422514012428888,0.006700979496680313,4.490312621419079e-05,0.00015108061721180732,-0.0005534713549008729,3.063305407113859e-07,0.00019325895115507308
1856,3.4903696679688956e-05,2.1322076322586685e-05,0.00012274252348617085,0.00010142044716358416,-0.004055062128454586,1.6443528865872636e-05,0.00011643711270103996,0.0036811006426399158,1.3550501941184123e-05,0.0001348968674594886,0.005828567419228823,3.397219816070329e-05,0.00011689359029798396
1857,0.00017545460506429578,7.015717181683516e-05,0.00030343047811024854,0.00023327330629341336,-0.006734495746436424,4.535343295875016e-05,0.00039503129918450064,0.0025388777063129983,6.4459000077565776e-06,8.459203779054292e-05,0.012596514695901458,0.00015867218248399872,0.000430668097355702
1858,0.00022119801012687734,4.539142491007583e-05,0.0004450247171777037,0.0003996332922676279,0.00870287480232459,7.574002982457806e-05,0.0004967307244230224,-0.006278174526069887,3.9415475379778186e-05,0.0004466948809298543,-0.0045846231607466256,2.1018769525871228e-05,0.00039164854618023437
1859,0.00016259595049861186,5.282876200196629e-05,0.0002681578739092509,0.0002153291119072846,0.01145346361493873,0.0001311818287784705,0.0003276407089648492,0.0030903239224193842,9.550101945476897e-06,0.00021266466592728683,0.004213591731770698,1.775435528195146e-05,0.00026416824683561657
1860,2.3595936413767227e-05,5.436206671779094e-06,0.00022939227420596767,0.00022395606753418856,-0.002399237374395574,5.75633997879077e-06,7.940240511528085e-05,0.0019164791631688073,3.6728923830109395e-06,5.798719475591518e-06,-0.002622858679667612,6.879387653535574e-06,0.0006029756980270307
1861,-3.2212830142003845,1.0,1.0,0.0,0.0,1.0,1.0,0.0,1.0,1.0,0.0,1.0,1.0
1862,0.0001823248040737635,3.1734700153977315e-05,0.00012986789595133738,9.813319579736007e-05,0.0009280995436274924,8.613687632053058e-07,0.00012951045952536155,0.009704785869724925,9.418286877782567e-05,0.00020527498681222056,0.00039982861409714214,1.598629209009772e-07,5.481824151643e-05
1863,0.0005015390344877968,0.00026407694894777417,0.0007128714275247047,0.0004487944785769305,0.013287830734039786,0.00017656644561636625,0.00034077086679029645,-0.021372386790154033,0.0004567789171077141,0.0012356334054565155,-0.01260497854496502,0.0001588854841192422,0.000562210010327302
1864,9.605141292379216e-05,5.428907864690746e-05,0.00039329161333723217,0.0003390025346903247,0.008045477770084953,6.472971254900539e-05,0.00043943120729761365,0.009508517790909117,9.041191058012377e-05,0.0005762223945666722,0.0027794986619613525,7.72561281159323e-06,0.00016422123814741063
1865,7.034169109487731e-05,1.8031801985674e-05,8.515042596135558e-05,6.711862397568158e-05,-0.004204781528580485,1.768018770276214e-05,0.00011211436268032671,0.00033125790461021416,1.0973179920270582e-07,7.709392661192638e-05,-0.006025403426746329,3.6305486455057157e-05,6.624298859181366e-05
1866,5.292175914561881e-05,4.060465081353233e-06,0.00014638757033561914,0.0001423271052542659,0.002076686708914065,4.312627687741433e-06,0.00014820739924314985,0.001808137939926619,3.2693628091440274e-06,0.0001430467618842579,-0.0021446222855825534,4.5994047471742405e-06,0.00014790854987944968
1867,1.3696905224680478e-05,6.687055468690417e-06,0.00030356191495791346,0.00029687485948922304,-0.0029084072747383844,8.458832875590794e-06,0.00026741141489372566,0.0033938184653576173,1.1518003775634611e-05,0.0002583466206352858,0.00029039585880792315,8.43297548458466e-08,0.000384927709344729
1868,8.871392416531787e-05,3.923202694888772e-05,0.0003910664958656958,0.0003518344689168081,-0.0003840411278806804,1.4748758769833614e-07,0.0003938021237908096,0.0055973459809181185,3.133028202995103e-05,0.00036753185688020995,0.009285381587713085,8.62183112290138e-05,0.00041186550692606794
1869,7.6811922687825e-05,1.2618336255876272e-05,9.52997284163019e-05,8.268139216042562e-05,0.00011289893141844002,1.274616789892491e-08,5.0955080842740585e-05,-0.00594388024857205,3.532971241015925e-05,0.0001680447974666821,0.001585102580077979,2.5125501895706392e-06,6.689930693948298e-05
1870,0.00014335857092206972,6.164779485055376e-05,0.0003772422068072749,0.0003155944119567211,0.009102821925472064,8.286136700763613e-05,0.0004819532449612529,0.0034747955425030955,1.2074204061907068e-05,0.00021422173976459735,-0.009487244778253485,9.000781348211806e-05,0.0004355516356959743
1871,0.00022291406492214172,3.122745661191898e-05,0.0009163593763938568,0.0008851319197819378,-0.0012501936939104676,1.562984272340806e-06,0.0007247321916742377,-0.005504537164181655,3.0299929391963687e-05,0.00109286535881159,-0.00786253497107261,6.181945617145246e-05,0.0009314805786957425
1872,2.3151640710206145e-05,3.6794720676229056e-06,0.00020486949024049275,0.00020119001817286986,-0.0020793332328143477,4.323626693336635e-06,6.121808677872487e-05,-0.0011858471674896652,1.4062335044195962e-06,0.00022065540593441124,0.0023040303828720738,5.308556005112486e-06,0.0003327349780083422
1873,0.0002133794207344053,1.0576901648851056e-05,0.00021014242834482832,0.00019956552669597727,0.0028070909184037245,7.8797594240676e-06,0.00019669035598413043,0.004492310117551167,2.018085019250826e-05,0.00022820460211214755,-0.0019157492868357472,3.6700953299773076e-06,0.000205532326938207
1874,-3.2212830142003845,1.0,1.0,0.0,0.0,1.0,1.0,0.0,1.0,1.0,0.0,1.0,1.0
1875,-3.2212830142003845,1.0,1.0,0.0,0.0,1.0,1.0,0.0,1.0,1.0,0.0,1.0,1.0
1876,8.292478814864168e-05,5.942238278348425e-05,0.0001640359957565026,0.00010461361297301835,0.008098330577244186,6.558295813818837e-05,0.00015122118673849272,-0.007539004694908734,5.683659178956635e-05,0.00017587253147033355,0.007473125077421273,5.584759842269804e-05,0.0001650142690606815
1877,0.0069427264750897555,0.006431799155051136,0.02882398307479946,0.022392183919748322,-0.0747188711369552,0.005582909703980787,0.02464653929592686,-0.08326011891171503,0.006932247401193248,0.031249749519695502,0.08234221493243744,0.006780240359979373,0.030575660408776018
1878,8.93998109003924e-05,2.6239423098206593e-05,0.00015180338871323418,0.00012556396561502758,-0.007585185522007102,5.753503940342242e-05,0.00016812870626348175,-0.003034020558770038,9.205280750990141e-06,0.00014407341293054543,0.003460917384169962,1.1977949140207222e-05,0.00014320804694567535
1879,8.9096037214631e-06,3.5938980020115232e-06,0.0001602498022551154,0.00015665590425310388,0.002693150035783867,7.2530571145756895e-06,0.00014292572452256902,-0.0018670659915892372,3.4859354169913814e-06,0.00013954425223328126,0.00020664334978851988,4.270147446749917e-08,0.00019827943000949588
1880,0.00016588029493280754,3.7934321927483396e-05,0.00021115240798978233,0.00017321808606229894,0.004819889128434749,2.3231331210959993e-05,0.0001743762290569162,0.008994445018775473,8.090004119543082e-05,0.00027441460675470264,0.0031099185481380104,9.671593376059384e-06,0.00018466638815772818
1881,0.0003629539013896288,0.00012733163074585274,0.00033514899799543435,0.0002078173672495816,-0.010412911244069413,0.00010842872057681419,0.00039339165512186636,-0.010510388080476626,0.00011046825760219203,0.0003090511622478864,-0.01277097936959087,0.000163097914058552,0.0003030041766165503
1882,0.0006232399039997061,0.00018972611046001267,0.0004324288827259511,0.00024270277226593842,0.0010128979936441646,1.0259623451913669e-06,0.0003458330919507979,0.023825312230254882,0.0005676455028689187,0.0007439039844369111,-0.0007119453390387366,5.068661659279883e-07,0.00020754957179014433
1883,9.832428087408474e-05,1.814950004327039e-05,0.00013923192639982615,0.00012108242635655576,0.006869783025129225,4.7193918812249436e-05,0.00023988806348107516,0.001181165894242077,1.3951528697875304e-06,0.00010015532311791198,0.0024206256313734943,5.8594284477742065e-06,7.765239260049128e-05
1884,0.00020847696689041406,7.998065763455593e-05,0.00023629440240232244,0.0001563137447677665,-0.009837323161740576,9.677292698828666e-05,0.00031616533956024817,-0.002666610757483012,7.1108129320318625e-06,0.00010251477289435762,0.011664400241062542,0.0001360582329833493,0.0002902030947523615
1885,5.098183499163689e-05,1.7941561642624098e-05,0.00017049659546471604,0.00015255503382209196,-0.0060154898766688865,3.6186118456238425e-05,0.0002997124445780486,0.0008411227664145456,7.074875082446752e-07,9.321974855069914e-05,-0.004114739233950625,1.693107896338919e-05,0.00011855759326540039
1886,-3.2212830142003845,1.0,1.0,0.0,0.0,1.0,1.0,0.0,1.0,1.0,0.0,1.0,1.0
1887,-3.0880022462002312,1.0540709975230083e-06,0.0001641321060085188,0.0001630780350109958,-0.001026679598162835,1.0540709969308892e-06,0.0001641321060080747,0.0010266795981628352,1.0540709982631569e-06,0.00016413210600862982,0.001026679598162835,1.0540709973749784e-06,0.00016413210600885186
1888,0.00018382957712292924,1.0879389354253218e-05,0.0001480863565362922,0.00013720696718203898,-0.0004106419670614689,1.6862682439278132e-07,0.00021003877038106022,-0.0030576727702542883,9.349362770194602e-06,9.550255192636303e-05,0.004808344670300845,2.312017846817227e-05,0.00013871774730145336
1889,-3.0271515962314366,1.8731694527263087e-05,0.00014499187164159397,0.00012626017711433088,0.0008665128889236889,7.508445863946278e-07,0.0001271774618593069,-0.003509124878045203,1.2313957409970655e-05,0.00013394263025501285,0.006567364889043792,4.313028158542398e-05,0.00017385552281046213
1890,6.890107580537208e-05,8.266983746452183e-06,0.00018483410700087521,0.00017656712325442303,0.0029150776133802553,8.497677493002342e-06,0.00025314463798631337,0.002296397041048893,5.2734393696241e-06,0.00016786253661771333,0.0033211194463789243,1.1029834376730108e-05,0.00013349514639859894
1891,-3.2212830142003845,1.0,1.0,0.0,0.0,1.0,1.0,0.0,1.0,1.0,0.0,1.0,1.0
1892,0.00020554055978394548,7.722407843691048e-05,0.00021628119801364587,0.0001390571195767354,0.004119638752487904,1.6971423450917733e-05,0.00011517449284381698,0.004799173678405667,2.303206799569857e-05,7.816260927473451e-05,0.013844448124219585,0.00019166874386411514,0.0004555064919223861
1893,0.0001072070572804007,1.13579076528314e-05,0.00016925920444791723,0.00015790129679508583,0.00026965869938072313,7.271581436985031e-08,0.00017182066318455202,0.00276190207392212,7.628103066203984e-06,0.00014998416970191109,-0.0051354555862180235,2.6372904077920367e-05,0.0001859727804572886
1894,-3.2212830142003845,1.0,1.0,0.0,0.0,1.0,1.0,0.0,1.0,1.0,0.0,1.0,1.0
1895,-3.2212830142003845,1.0,1.0,0.0,0.0,1.0,1.0,0.0,1.0,1.0,0.0,1.0,1.0
1896,-2.8113436263689553,3.9098291203039835e-05,0.00016206282359147264,0.0001229645323884328,0.005918958821643686,3.503407353178112e-05,0.0001623201425196008,-0.00573114240160814,3.2845993227170744e-05,0.0001623503108505453,-0.007029566618994488,4.9414806850167636e-05,0.00016151801740427185
1897,0.00018085527769451382,7.476238147556084e-05,0.000350851790384558,0.00027608940890899714,-0.008941007283344455,7.994161124069699e-05,0.0005578054578324609,0.004513985665593907,2.0376066589000708e-05,0.000243771864319009,0.011134157650996446,0.00012396946659698482,0.000250978049002204
1898,6.843316202165273e-05,2.713722256023991e-05,0.00013600491474896614,0.00010886769218872623,0.004844331651090691,2.3467549145728128e-05,0.00014679358566016543,0.005065924653926997,2.5663592599256546e-05,0.00014211766844507423,0.00568159536888659,3.228052593573505e-05,0.00011910349014165877
1899,0.00027438688185832394,7.348905201106277e-05,0.0006006645931014853,0.0005271755410904225,-0.007171608359665043,5.143196646428816e-05,0.000808129318303652,0.010011285290604032,0.00010022583316959821,0.00046794347698098093,-0.008295140529206883,6.880935639930197e-05,0.0005259209840198231
1900,1.3812055711381888e-05,1.0367450471449047e-05,0.00029867372996554103,0.000288306279494092,-0.0036054632946601224,1.2999365569310584e-05,0.0002992752146893096,-0.0025605451249431873,6.5563913366206705e-06,0.0002733308985434224,0.0033980280324228487,1.1546594508415886e-05,0.000323415076663891
1901,0.0001175460848001908,2.3230761057517018e-05,0.00027913993869266296,0.0002559091776351459,0.006441380375697999,4.149138114428741e-05,0.0003010452744457437,-0.0052813185153261465,2.789232526045904e-05,0.0004246224907493712,0.0005554968658310458,3.085767678046025e-07,0.00011175205088287399
1902,0.0001221533267671271,2.0077641708600897e-05,0.0002517295445313798,0.0002316519028227789,0.0051565377890273635,2.658988196924117e-05,0.00014171893955183812,0.0054564905298496655,2.9773288902079642e-05,0.0005468936003039104,-0.001967169096624079,3.869754254481883e-06,6.65760937383908e-05
1903,0.006291287522244726,0.0052679962461387175,0.01235758269245446,0.007089586446315743,0.07738012270963908,0.005987683390558551,0.012236137953510084,-0.06363509138555454,0.004049424855647521,0.011257533033261158,0.07593997953785475,0.00576688049221008,0.01357907709059214
1904,-3.2212830142003845,1.0,1.0,0.0,0.0,1.0,1.0,0.0,1.0,1.0,0.0,1.0,1.0
1905,2.977608253618147e-05,4.494741877062817e-06,0.00016198489723584508,0.00015749015535878227,-0.0021685886874479258,4.7027768949048365e-06,0.00019907355893689083,0.002949689304021825,8.700666990324457e-06,0.0001622997741781429,-0.0002842212979072197,8.078174595915755e-08,0.00012458135859250152
1906,0.0001396186283346701,1.1600767901483641e-05,0.00021145819509649222,0.00019985742719500857,0.002954298878480795,8.727881863124232e-06,0.00020266109587752101,0.00388123978373779,1.5064022258592935e-05,0.00022158339520472747,-0.0033181922160641646,1.1010399582733754e-05,0.00021013009420722817
1907,0.00013878741457706845,7.680851073314324e-06,0.00020401205555172405,0.00019633120447840974,0.0035463932945479087,1.2576905399130922e-05,0.00033139731549514106,0.0028088099073718554,7.889413095818476e-06,0.00022383831669270382,-0.0016050653335449138,2.5762347249935758e-06,5.6800534467327246e-05
1908,0.0002600302951781819,6.488005676534107e-05,0.00025087002727837887,0.00018598997051303778,0.0045994389432853595,2.1154838593107073e-05,0.000112785215562905,-0.013154550161880017,0.0001730421899613921,0.0004088573776047655,0.0006656889223011729,4.431417415240446e-07,0.0002309674886674662
1909,3.4025370824752876e-05,3.5577918928719754e-06,0.00011442049970185793,0.00011086270780898595,-0.0011525597386183467,1.3283939509500797e-06,0.00012961422365909137,-0.0030568326764198847,9.344226011953616e-06,0.00015098931027690554,2.749028927183937e-05,7.557157122306535e-10,6.265796516957689e-05
1910,6.158165296799023e-05,1.7087702892844742e-05,0.00015158679239168915,0.0001344990894988444,-0.006446499952531887,4.1557361637467594e-05,0.00029336964993886827,0.0013814722446423568,1.908465563138506e-06,0.00012802368499065242,0.0027923612727190766,7.79728147792813e-06,3.336704224554676e-05
1911,0.000154434673489523,3.188049315442735e-05,0.0002114919571162277,0.00017961146396180036,0.0019071789919446374,3.6373317078286505e-06,0.00018253446223226444,0.009512493365647058,9.048753003171317e-05,0.00029748438923615783,0.0012315103425776259,1.5166177237402323e-06,0.00015445701988026084
1912,-3.2212830142003845,1.0,1.0,0.0,0.0,1.0,1.0,0.0,1.0,1.0,0.0,1.0,1.0
1913,4.882686949447823e-05,1.6952824931785553e-05,0.00025203263417213534,0.0002350798092403498,-0.0049699850170878326,2.470075107019465e-05,0.0002854119635006258,-0.004778068105270984,2.2829934818946462e-05,0.0002531204326131631,0.0018242228225392044,3.3277889062155452e-06,0.00021756550640261718
1914,0.00039944060498120493,2.797677066102011e-05,0.0002389830243504735,0.0002110062536894534,0.005813406331952379,3.379569318062714e-05,0.00048126696810324443,-0.006541090289823874,4.278586217942859e-05,0.00016169442450619798,-0.0027108590193352326,7.348756623004604e-06,7.398768044197812e-05
1915,0.0001898455153100942,4.6768062927915466e-05,0.00016547773113684272,0.00011870966820892725,0.0028801854533082307,8.295468245433923e-06,0.00012372250839209897,0.010683400258124563,0.00011413504107449235,0.0001519394840603372,0.004227727458524569,1.7873679463820125e-05,0.000220771200958092
1916,-2.1902444622809467,1.9225622621836063e-05,0.00018933878962231385,0.0001701131670004778,-0.004548448526030425,2.0688383993383574e-05,0.0001925025570658212,-0.004397166376395309,1.93350721415797e-05,0.00018966849616386394,-0.004201596331175839,1.765341173054491e-05,0.00018584531563725637
1917,0.0002625310366901612,0.00010803450642304924,0.0003693852823794345,0.0002613507759563853,-0.008538447923709684,7.290509294588521e-05,0.000533576374519229,0.01580838992924539,0.00024990519215517537,0.0004306254467706383,0.0011372045410450399,1.2932341680871318e-06,0.0001439540258484362
1918,-3.146039316249966,3.0176252491687094e-05,0.00016304933988020576,0.00013287308738851866,-0.0012858403166830354,1.6533853206546212e-06,0.00016665992213715786,0.004774822130646866,2.279892637946368e-05,0.00016776923253980502,-0.008128741955243856,6.607644577494298e-05,0.0001547188649636544
1919,9.620452524483625e-05,2.9492639950334798e-05,0.00023449217039402578,0.00020499953044369099,-0.0019951635042630205,3.980677408699229e-06,0.0003228699597080942,0.009006757311631372,8.11216772707013e-05,0.000212129421259033,0.0018372711208625816,3.375565171603867e-06,0.00016847713021495014
1920,0.00013352585433545894,8.570411117532946e-05,0.00028052963197230013,0.00019482552079697069,-0.01041439751710152,0.00010845967564443448,0.00035084041029331825,0.008878685594795377,7.883105789108225e-05,0.00021514156995727785,0.008355932024079556,6.982159999047166e-05,0.00027560691566630435
1921,-3.1426602484020876,8.28411125016008e-05,0.0006097706401684277,0.000526929527666827,0.00047620855115092605,2.267745838890889e-07,0.00041483627528426936,-0.012639943975617476,0.00015976818370666557,0.000912400124035484,-0.009408952078419495,8.852837921424772e-05,0.0005020755211855299
1922,8.218840039908581e-05,1.2538742572269316e-05,0.0002958577416278067,0.00028331899905553737,-0.005624355050715456,3.163336973632802e-05,0.00022574462279112417,0.0006309042811468538,3.9804021190192884e-07,0.0003153108281579442,-0.002363221904316304,5.584817768577999e-06,0.0003465177739343517
1923,4.220029068668918e-05,2.6836440183308774e-05,0.00024101382278111463,0.00021417738259780586,-0.0061816187972001165,3.821241095414152e-05,0.0002736302567345472,-0.0015833698711191532,2.5070601487042765e-06,0.0001611152819717132,-0.006307919581470998,3.978984944708053e-05,0.0002882959296370835
1924,0.00019098153147767416,4.635540047163526e-05,0.0002636146377560378,0.00021725923728440252,0.006431802189217516,4.136807940047227e-05,0.000258508892326037,0.006674824179385921,4.455327782504348e-05,0.00026039422753787456,-0.007290051041647965,5.314484418939003e-05,0.00027194079340420174
1925,9.80921138461488e-05,2.9397092344877567e-05,0.00024011263536390567,0.00021071554301902812,-0.007643892632484463,5.842909457687284e-05,0.00017526829876612915,-0.005243689367691164,2.749627818476874e-05,0.00014120327259492527,0.001505292088912442,2.265904272991115e-06,0.0004038663347306626
1926,-3.2212830142003845,1.0,1.0,0.0,0.0,1.0,1.0,0.0,1.0,1.0,0.0,1.0,1.0
1927,-3.2212830142003845,1.0,1.0,0.0,0.0,1.0,1.0,0.0,1.0,1.0,0.0,1.0,1.0
1928,-3.2212830142003845,1.0,1.0,0.0,0.0,1.0,1.0,0.0,1.0,1.0,0.0,1.0,1.0
1929,0.000303771936759234,8.103575793775668e-05,0.00036486995949636114,0.00028383420155860445,0.007968397397438652,6.34953570834984e-05,0.0005071113125714177,-0.00916439071923738,8.398605725512542e-05,0.00026843616788707614,-0.009778847553495038,9.562585947464619e-05,0.00031906239803058956
1930,-3.2212830142003845,1.0,1.0,0.0,0.0,1.0,1.0,0.0,1.0,1.0,0.0,1.0,1.0
1931,5.418537275725388e-05,1.3910684151019481e-05,0.0002370116644051882,0.00022310098025416872,-0.0023336782453768023,5.446054152868918e-06,0.0002189105912195899,-5.703292348316027e-05,3.252754288141091e-09,0.00023191396830146704,0.006023516045116565,3.6282745545901385e-05,0.0002602104336945077
1932,0.0002950116357686161,0.00013914093950132914,0.0003780437208221003,0.00023890278132077117,-0.01405731665691258,0.00019760815159275413,0.0004430171908327285,0.00956681374220906,9.15239251783051e-05,0.00032394294656812317,-0.01132655030151474,0.0001282907417329282,0.0003671710250654492
1933,-3.0426183330336896,1.1545747561014785e-05,0.00015426504754552836,0.00014271929998451358,0.004963966085313236,2.4640959295774145e-05,0.0001592726591961302,0.0005982364064219997,3.57886797863749e-07,0.0001450207919391211,0.0031045767166590146,9.638396589406462e-06,0.00015850169150133375
1934,-3.091663063247375,1.341026403482252e-05,0.0001625022845147539,0.0001490920204799314,0.0011180413711183684,1.2500165073037195e-06,0.00015032182951302264,0.0034445233624760124,1.1864741195855011e-05,0.00015866983536505508,0.00520730586780448,2.711603440130883e-05,0.000178515188666184
1935,5.335881688917077e-05,1.1880884816702538e-05,0.00014134118530317874,0.0001294603004864762,0.00303140219913236,9.189399292841571e-06,0.0001516999165673827,-0.004907586390702865,2.408440418233404e-05,0.00017253632981761857,0.0015391072006092376,2.368850974932002e-06,9.978730952453496e-05
1936,0.00031692297280139226,8.863106254723234e-05,0.00043850504924007144,0.0003498739866928391,0.0025445449637684346,6.474709072334939e-06,0.0005838423932758019,0.015727913899600827,0.0002473672756332368,0.0004557147949655338,0.003471484255514879,1.2051202936125271e-05,0.0002759579594788786
1937,0.0002558027733275958,6.513842759788464e-05,0.00022473147080859235,0.00015959304321070772,0.00940177341183252,8.839334328769599e-05,0.00025978837782603126,0.010019956978530182,0.00010039953785201394,0.00030507809686441956,-0.0025734027382909434,6.62240165394401e-06,0.00010932793773532623
1938,0.00029956986376677985,0.00012407338799772885,0.0010028300114730178,0.0008787566234752889,0.016770787495588548,0.00028125931322187103,0.0013422184317445351,-0.0025372659380173625,6.437718441443252e-06,0.0002444306082610703,-0.00919364630222356,8.45231323298723e-05,0.001421840994413448
1939,-3.2212830142003845,1.0,1.0,0.0,0.0,1.0,1.0,0.0,1.0,1.0,0.0,1.0,1.0
1940,0.0001214722504981891,5.149419726517094e-05,0.00021278922874845563,0.0001612950314832847,-0.00702148188056083,4.930120779922387e-05,0.00017361844650853886,0.0018490170074644435,3.4188638936560878e-06,0.0001541795506191379,0.010087741080303136,0.00010176252010263287,0.0003105696891176901
1941,-3.2212830142003845,1.0,1.0,0.0,0.0,1.0,1.0,0.0,1.0,1.0,0.0,1.0,1.0
1942,9.531484057512252e-05,4.0093179973924954e-05,0.0001517341053712077,0.00011164092539728276,0.00816278767694545,6.663110265869854e-05,0.00011396384623107991,0.005584519639573057,3.1186859603793415e-05,0.0002069905601731481,0.004739364689361522,2.2461577659282916e-05,0.00013424790970939515
1943,5.769718369286192e-05,1.1734498721197953e-05,0.00028033211734757035,0.0002685976186263724,-0.0007038788663233171,4.954454592143165e-07,9.596918223497841e-05,0.0036419822379670777,1.3264034621429666e-05,0.0003373786166254167,0.004630768411675633,2.144401608294988e-05,0.00040764855318231596
1944,-3.2212830142003845,1.0,1.0,0.0,0.0,1.0,1.0,0.0,1.0,1.0,0.0,1.0,1.0
1945,8.849278666844818e-06,3.381496027447343e-06,0.00021289352947799026,0.00020951203345054292,0.002185629077299927,4.776974463771566e-06,0.00023454478039897086,-0.0016542758707229625,2.7366286562413578e-06,0.00012280269556097512,0.001622000296555898,2.6308849623291053e-06,0.0002813331124740248
1946,0.0002908016329926655,0.0002555717580225621,0.0006202846182177998,0.0003647128601952377,-0.016518737542976412,0.00027286869001341696,0.0006543274193254733,-0.01697700854104188,0.00028821881900265023,0.0006937691920977374,-0.014339726812321606,0.00020562776505161917,0.0005127572432301886
1947,-3.2212830142003845,1.0,1.0,0.0,0.0,1.0,1.0,0.0,1.0,1.0,0.0,1.0,1.0
1948,7.686158801778475e-05,3.205200672362629e-05,0.00015122435587278105,0.00011917234914915475,-0.00855797176539259,7.32388807372919e-05,0.00024056789165471937,-0.003997073451383331,1.5976596175804048e-05,9.320403046952919e-05,-0.002634491081380312,6.940543257782927e-06,0.00011990114549409459
1949,-3.2212830142003845,1.0,1.0,0.0,0.0,1.0,1.0,0.0,1.0,1.0,0.0,1.0,1.0
1950,-3.0468626256133904,1.5945657560652766e-05,0.00016723170224926717,0.0001512860446886144,0.005316747574251395,2.826780476872237e-05,0.0001885604895892623,-0.0036592508642255416,1.3390116888278847e-05,0.00016300954498527087,0.0024857697048734848,6.179051024957083e-06,0.00015012507217326831
1951,5.777559821118494e-05,2.4114079464676585e-05,0.00013924911050267053,0.00011513503103799394,0.0024947770751932415,6.223912655034525e-06,0.00011423815435707141,0.0032801038333160107,1.0759081157662997e-05,0.0001173925039430479,-0.007440379330445678,5.5359244581332234e-05,0.00018611667320789227
1952,0.00017191604291555418,9.048929334106355e-05,0.00021462269982334506,0.0001241334064822815,-0.012150130028403794,0.00014762565970671826,0.0002714332430745481,0.0033173443508603476,1.1004773542766522e-05,0.00014317442705968908,0.010622497200419584,0.00011283744677370589,0.00022926042933579804
1953,0.0001377262722953576,2.901650183939619e-05,0.0001983956318355832,0.000169379129996187,-0.003041266905362211,9.249304389613577e-06,0.00018329740454536836,0.008597400856474438,7.391530148670444e-05,0.00022973403908155277,0.0019710148760050212,3.884899641870554e-06,0.0001821554518798285
1954,-3.2212830142003845,1.0,1.0,0.0,0.0,1.0,1.0,0.0,1.0,1.0,0.0,1.0,1.0
1955,-3.2212830142003845,1.0,1.0,0.0,0.0,1.0,1.0,0.0,1.0,1.0,0.0,1.0,1.0
1956,5.2439966402140215e-05,5.854763485875955e-07,9.499579045135764e-05,9.441031410277005e-05,0.00010353146239598306,1.0718762322170505e-08,8.99331480087584e-05,-0.0008769622028188666,7.690627055190191e-07,9.702333848804479e-05,-0.0009882548142385954,9.766475779215966e-07,9.803088485726974e-05
1957,-3.1984832083536032,5.290346377210634e-05,0.00016007645199578313,0.0001071729882236768,0.007273476732086623,5.290346377273547e-05,0.0001600764519965603,-0.007273476732086622,5.290346377218036e-05,0.00016007645199633824,-0.0072734767320866275,5.29034637714032e-05,0.00016007645199445086
1958,0.002223402599672575,0.0008647220081103116,0.002245624399923374,0.0013809023918130623,-0.03365489211931601,0.0011326517635629196,0.0033249771550558638,0.005167056406582817,2.6698471908725985e-05,0.00031657606434842833,-0.03787896235193283,0.0014348157888592894,0.0030953199803658293
1959,0.00013960736003704177,5.900460722685352e-05,0.0003390403038896113,0.0002800356966627578,-0.009961495832695138,9.923139922540791e-05,0.00032614462757485363,-0.008637295062506004,7.460286599669796e-05,0.00044311728492285596,0.0017831310826739565,3.179556458454691e-06,0.0002478589991711244
1960,0.0001293603208135652,3.0715577161166685e-05,0.00027768418386705146,0.0002469686067058848,0.008555466322794684,7.319600400046422e-05,0.0002964551389741388,0.0011939695859985852,1.4255633721260708e-06,0.00018300005722249324,-0.004186306738741791,1.7525164110909763e-05,0.0003535973554045224
1961,-3.1803030230910494,1.6367188115484765e-05,0.00016391838858390942,0.00014755120046842465,-0.004045638159211835,1.6367188114152498e-05,0.00016391838858309526,-0.004045638159211835,1.6367188115595788e-05,0.00016391838858387242,0.004045638159211833,1.636718811670601e-05,0.0001639183885847606
1962,-3.2212830142003845,1.0,1.0,0.0,0.0,1.0,1.0,0.0,1.0,1.0,0.0,1.0,1.0
1963,0.00023111155916111237,7.770948903877233e-05,0.00014863080118495317,7.092131214618085e-05,0.010945697009314805,0.00011980828301960678,0.00020762447780220405,-0.008725059458739807,7.612666255885081e-05,0.00017320834913236993,0.006098649156808056,3.7193521537859375e-05,6.50595766202855e-05
1964,0.00017531358084821314,3.440545182646174e-05,0.00025336039977053026,0.00021895494794406853,-0.008658233935649188,7.496501488513108e-05,0.00015806434801257652,-0.0036312512955976894,1.3185985971553293e-05,0.0002756297929077389,0.003881411421522961,1.5065354622700866e-05,0.00032638705839127535
1965,9.071259199799897e-05,1.6022859944953005e-05,0.00017110153423856764,0.00015507867429361463,0.0013224422759954228,1.7488535737353317e-06,0.0002387545702586813,-0.004582191563975313,2.099647952769068e-05,0.00014577496815015856,-0.0050322208551524805,2.5323246733433002e-05,0.00012877506430686303
1966,4.188404831151349e-05,1.0110719613506033e-05,0.00013589438325585976,0.00012578366364235372,0.001903820012045094,3.6245306381799125e-06,0.00011643863587929015,-0.000808918302893701,6.54348820905426e-07,0.00019566978876817132,-0.005104241313048698,2.605327938143276e-05,9.557472512011778e-05
1967,-3.2212830142003845,1.0,1.0,0.0,0.0,1.0,1.0,0.0,1.0,1.0,0.0,1.0,1.0
1968,-3.074632815736061,6.434272811365697e-06,0.0001610255987153734,0.0001545913259040077,0.0010006777619764827,1.0013559837984687e-06,0.00015945314838172742,0.0007543957490083286,5.691129462137567e-07,0.0001594030977933869,-0.004210979637005097,1.7732349504084866e-05,0.00016422054997100588
1969,9.455347649933721e-05,2.6837007544059748e-05,0.00020638053936195,0.00017954353181789026,-0.006272375349257879,3.934269252103828e-05,0.0001809517037013597,-0.006374128989055245,4.062952036965051e-05,0.00019831734041342308,-0.000734036608328263,5.388097414904536e-07,0.0002398725739710672
1970,8.608875396165505e-05,4.174864705534335e-06,0.0001444302408848408,0.00014025537617930647,-0.0008282392189547393,6.859802041958574e-07,0.0001775923321156725,0.0015896072358753393,2.5268511645304415e-06,0.00011719223718742455,-0.003051518105448932,9.311762747876706e-06,0.00013850615335142535
1971,3.113670696130999e-05,1.4723840026653612e-05,0.0003852647792124501,0.0003705409391857965,-0.0047842950992458035,2.288947959683263e-05,0.00021514613223627688,0.0021959933587671976,4.82238683185976e-06,0.0004571186112410919,0.0040570498704145174,1.6459653651268447e-05,0.00048352959415998154
1972,-3.2212830142003845,1.0,1.0,0.0,0.0,1.0,1.0,0.0,1.0,1.0,0.0,1.0,1.0
1973,0.0002128410986105278,8.58938066176836e-05,0.0003962665018835502,0.00031037269526586664,0.01177260043461623,0.0001385941209930408,0.0004648460466871729,0.006452561945041381,4.163555565450672e-05,0.0004043154387942671,0.008800667202295574,7.74517432055033e-05,0.0003196380201692106
1974,0.00019074310758782076,9.170029941403997e-05,0.00023053113959799662,0.00013883084018395664,-0.01113980475625168,0.00012409525000744992,0.00023690177912172317,-0.01073009715642436,0.00011513498498627595,0.0002767156824019512,-0.005989212239512608,3.587066324839405e-05,0.00017797595727031545
1975,5.0044471485821695e-05,1.659875198671094e-05,0.00019276552965970714,0.0001761667776729962,0.006006869164892702,3.608247716380131e-05,0.0002465284023566161,0.001195610056137127,1.429483406201193e-06,9.071933839965851e-05,0.0035048959171743582,1.2284295390130318e-05,0.00024104884822284678
1976,8.917747718029112e-05,4.6527597002262354e-05,0.0011066402395459491,0.0010601126425436869,0.008579821723902786,7.361334081368298e-05,0.0014101043836062255,-0.005206312085616638,2.7105685532990975e-05,0.001713121781535376,-0.006234080899352727,3.88637646601131e-05,0.0001966945534962461
1977,0.0001865611254183719,8.05893936785355e-05,0.0002783407988244946,0.00019775140514595907,-0.010181150964882615,0.00010365583496974029,0.00046550393350086594,-0.010255260729635212,0.00010517037263313433,0.000303629609174183,0.005739509859986092,3.2941973432731864e-05,6.588885379843479e-05
1978,2.0906654129015934e-06,4.918717753469674e-07,0.00023944424904424425,0.0002389523772688973,-0.0009108610416107679,8.296678369879018e-07,0.00022658812153764085,-7.232699012050154e-05,5.2311933673721e-09,0.00020740476665648266,0.0008004475589930079,6.407162956856283e-07,0.00028433985893860925
1979,0.0005255040382821097,0.0001654842861131082,0.0017404368376888375,0.0015749525515757292,0.01126222676658458,0.0001268377517418262,0.002881698455058923,0.0052518078948441405,2.7581486164440783e-05,0.0013809009665267657,-0.0184941509789702,0.00034203362043305763,0.0009587110914808239
1980,7.442064764162648e-05,1.706889596164718e-05,0.00012725677921406517,0.00011018788325241799,0.0027424292929840687,7.520918427927903e-06,0.00011068280592840818,-0.004539412692460797,2.0606267591816163e-05,0.0001243035815045035,-0.0048041130154205,2.307950186519747e-05,0.0001467839502092838
1981,0.0006943766236212623,0.00022593820825922428,0.0003850823025663974,0.00015914409430717313,0.02598063296777123,0.0006749932894061228,0.0007650025719901921,-0.0014918911911258638,2.2257393264002445e-06,0.00022110381446682759,-0.0007717486929948574,5.955960451498044e-07,0.0001691405212421726
1982,0.0001319449587655619,2.7816597471937616e-05,0.0001683565833282552,0.00014053998585631758,-0.006041986267959417,3.6505598062452904e-05,6.624934286647566e-05,-0.0061107109114499954,3.734078784356498e-05,0.00019917975488548123,0.0030989363513237193,9.603406509794965e-06,0.00023964065223280873
1983,0.00015587367636871186,2.450651683242692e-05,0.00027453704218893815,0.0002500305253565112,-0.0078009478480898925,6.0854787328534776e-05,0.00025230282864319165,0.0008341875701953959,6.958689022784625e-07,0.0003371523309926294,0.003459608975970704,1.1968894266467522e-05,0.0002341559669309934
1984,0.0002088069259028602,3.1268276675174476e-05,0.00021868289404358698,0.0001874146173684125,-0.008762874274507266,7.678796555121714e-05,0.00021405478290648094,-0.003916208268184212,1.53366871993299e-05,0.00017767522335676578,-0.0012962165230605883,1.68017727497638e-06,0.00026431867586751423
1985,2.5439174545338616e-05,6.749991172820084e-06,0.00021108318941272705,0.00020433319823990698,0.003036541622591274,9.220585025837558e-06,0.00017156926540273787,-0.0019452465266681473,3.7839840488773646e-06,0.00010594645969319583,0.0026917288950760545,7.245404443745329e-06,0.00035573384314224743
1986,0.0001713695399194748,3.729675344913789e-05,0.00017264477039069526,0.00013534801694155738,-0.010370550815250375,0.00010754832421133731,0.00022547286479235318,0.0014637859144115547,2.1426692029535843e-06,9.921138716650901e-05,-0.0014829925600533564,2.1992669331227788e-06,0.00019325005921322358
1987,9.559744576637108e-05,4.0386705599656146e-05,0.00026338790273583434,0.0002230011971361782,-0.0002307101298883131,5.322716412070605e-08,0.0003037110758845607,-0.009324537797589951,8.694700513867115e-05,0.00022500704549865969,0.005844645797331749,3.4159884496176574e-05,0.00026144558682428265
1988,-3.189852705226431,4.9602677531142746e-05,0.00016318749095371268,0.00011358481342256993,0.0070429168340241394,4.9602677530846684e-05,0.00016318749095367568,0.00704291683402414,4.960267753129077e-05,0.00016318749095367568,0.0070429168340241394,4.960267753129077e-05,0.0001631874909537867
1989,0.002491264410905858,0.00011950219236804098,0.0005821268857571319,0.0004626246933890909,0.0037056565705119245,1.3731890618262632e-05,0.00034987463404956287,0.01526067563287921,0.00023288822077205396,0.0005731007508749109,0.01057763989336058,0.00011188646571380634,0.0008234052723469221
1990,-3.0881972273451845,6.687961634129399e-07,0.00016116806542058418,0.00016049926925717123,0.0008177995863370458,6.687961617846128e-07,0.0001611680654186598,-0.0008177995863370443,6.687961647822149e-07,0.00016116806542199047,-0.0008177995863370452,6.687961636719919e-07,0.0001611680654211023
1991,7.310731157617045e-05,3.2082500684168146e-05,0.00033062893104300145,0.0002985464303588333,-0.004007451861513936,1.605967042261902e-05,0.0004329741116363417,-0.008469156474875115,7.172661139576153e-05,0.0002406597631804397,0.002908817669477061,8.461220234123878e-06,0.0003182529183122229
1992,0.00016510273474368287,7.709420776920901e-05,0.00015267266888456069,7.557846111535167e-05,0.010896484324680846,0.00011873337063772471,0.00019900370882075524,0.0023107304200448444,5.339475074084277e-06,5.674313322212576e-05,0.010354215450534955,0.00010720977759581807,0.00020227116461080108
1993,-3.2212830142003845,1.0,1.0,0.0,0.0,1.0,1.0,0.0,1.0,1.0,0.0,1.0,1.0
1994,-3.2212830142003845,1.0,1.0,0.0,0.0,1.0,1.0,0.0,1.0,1.0,0.0,1.0,1.0
1995,-3.2212830142003845,1.0,1.0,0.0,0.0,1.0,1.0,0.0,1.0,1.0,0.0,1.0,1.0
1996,0.00012809710311467715,6.92469709720663e-05,0.00021780183741319328,0.00014855486644112698,0.006021733571052361,3.626127520128808e-05,0.0001479333604247346,0.009519858005306287,9.062769644152535e-05,0.0002568069708290821,0.008991770752916113,8.085194127338546e-05,0.0002486651809857632
1997,-3.2212830142003845,1.0,1.0,0.0,0.0,1.0,1.0,0.0,1.0,1.0,0.0,1.0,1.0
1998,-3.2212830142003845,1.0,1.0,0.0,0.0,1.0,1.0,0.0,1.0,1.0,0.0,1.0,1.0
1999,0.00011053372406932827,3.353792967956496e-05,0.0004163864625095585,0.00038284853282999354,0.009195056008447581,8.454905499799548e-05,0.0005666536415396273,0.002281445469077454,5.20499342826497e-06,0.00020012346432829453,-0.003295412055028471,1.0859740612434443e-05,0.0004823822816607537
2000,5.843128865079539e-05,5.380809814455508e-06,0.00011683445965885812,0.00011145364984440262,-0.003135346853765762,9.830399893107078e-06,8.580405807745439e-05,-0.002492406102037556,6.2120881777483206e-06,0.00019237488660761581,0.00031613505359173185,9.994137251112534e-08,7.232443429150415e-05
2001,-3.168342034511582,3.203059047977389e-05,0.00016300270501508804,0.00013097211453531415,0.005659557445649234,3.203059048051404e-05,0.00016300270501612424,-0.005659557445649232,3.20305904792928e-05,0.000163002705014903,0.0056595574456492345,3.203059047951484e-05,0.00016300270501423686
2002,0.0001228263788553008,2.092071706431368e-05,0.0001658975627106448,0.00014497684564633112,-0.004077024107651908,1.6622125573739766e-05,0.00012840065253594268,0.003778663175877577,1.427829539657477e-05,0.00019146209241194256,-0.005644619581759521,3.1861730222626505e-05,0.0001778299431840491
2003,-3.2212830142003845,1.0,1.0,0.0,0.0,1.0,1.0,0.0,1.0,1.0,0.0,1.0,1.0
2004,5.36070200830574e-05,2.0321375249321427e-05,0.0002663524651678184,0.000246031089918497,0.0010958085210107345,1.2007963149374135e-06,0.00019086979100835233,0.006770819176933337,4.584399232687719e-05,0.00032624966187211335,0.003730862783111614,1.3919337106149676e-05,0.00028193794262298955
2005,9.309546970670546e-05,5.617225147232693e-05,0.0002036083249130627,0.00014743607344073575,-0.007517880374180303,5.651852532007062e-05,0.0001432821404768747,0.004917310594873308,2.417994348591357e-05,0.00023572834866825154,0.009371141105077764,8.781828561099658e-05,0.00023181448559406181
2006,0.00014291565502122516,4.637545053383837e-05,0.00029468666067992516,0.0002483112101460868,0.006442277450308158,4.1502938746718065e-05,0.00024277614853174256,0.008287294489149728,6.867924994891084e-05,0.0004659960547511721,-0.005379977965160799,2.8944162905886195e-05,0.00017528777875686075
2007,0.0002881480852529039,2.3519069786888853e-05,0.0005520904751815658,0.000528571405394677,0.007403099412351562,5.4805880909114535e-05,0.0004768879465287812,-0.002418365304006368,5.848490743587398e-06,0.0005612575767578454,0.0031468774535961365,9.902837707964629e-06,0.000618125902258071
2008,6.298335322840742e-06,2.368007642565099e-06,0.00018043936955621417,0.00017807136191364908,-0.0020002525395937123,4.0010102215770615e-06,0.00018906580183741806,7.084424595636762e-05,5.0189070677220116e-09,0.000159000640377438,-0.0017601118713809825,3.0979937990505135e-06,0.00019325166645378644
2009,0.00013520903825436914,3.296339865229333e-05,0.00010358945143026006,7.062605277796674e-05,-0.004352586764018881,1.8945011538429313e-05,6.376265766205869e-05,0.008406936908924597,7.067658819048805e-05,0.00013631073779352132,0.003044436931277317,9.268596227962611e-06,0.0001106949588352002
2010,-3.2212830142003845,1.0,1.0,0.0,0.0,1.0,1.0,0.0,1.0,1.0,0.0,1.0,1.0
2011,-2.993737084681138,3.178566337454688e-05,0.00016900670535927956,0.00013722104198473267,0.005637877559412532,3.178566337525002e-05,0.00016900670536001972,-0.005637877559412544,3.1785663374250817e-05,0.00016900670535879847,-0.005637877559412535,3.1785663374139794e-05,0.00016900670535902051
2012,-3.2212830142003845,1.0,1.0,0.0,0.0,1.0,1.0,0.0,1.0,1.0,0.0,1.0,1.0
2013,-3.2212830142003845,1.0,1.0,0.0,0.0,1.0,1.0,0.0,1.0,1.0,0.0,1.0,1.0
2014,-3.2212830142003845,1.0,1.0,0.0,0.0,1.0,1.0,0.0,1.0,1.0,0.0,1.0,1.0
2015,3.5416075231053945e-05,1.4259063225237808e-05,0.00016685312698346463,0.00015259406375822682,0.0023807306541877124,5.6678784470243215e-06,0.00014479615408069524,0.00557409820355942,3.107057078288733e-05,0.00023678754288025683,0.002457384879548139,6.038740445801771e-06,0.0001189756839894418
2016,3.4729703460967265e-05,6.116159831259793e-06,0.00012420604849624114,0.00011808988866498135,-0.003784312882732424,1.4321023994345872e-05,0.00014543255608179262,0.0009125964873162534,8.328323486406219e-07,5.8279300787167365e-05,-0.0017873508750624856,3.1946231507928857e-06,0.00016890628861976342
2017,4.773546122271988e-05,1.4336462519063767e-05,0.00019179216903597585,0.0001774557065169121,-0.0028410932665535915,8.071810949084046e-06,0.00022772739432475042,-0.0031931699481061553,1.0196334317646993e-05,0.00014217254582782335,0.004974056924753962,2.4741242290460264e-05,0.00020547656695535377
2018,0.00010304851144149474,4.1870830557066974e-05,0.00014122746401853034,9.935663346146337e-05,0.006664055014291604,4.440962923346614e-05,9.923227999730777e-05,-0.008817894082332401,7.775525604747369e-05,0.00014597243704972396,-0.001856773112500243,3.447606390261093e-06,0.00017847767500855927
2019,6.559071392642224e-05,3.6093925248947833e-05,0.00018671392994566252,0.0001506200046967147,-0.005493954845250122,3.0183539841521778e-05,0.00016576858064554223,0.00693827451609604,4.8139653260559356e-05,0.00021233071246062885,-0.00547344339925065,2.9958582644762366e-05,0.00018204249673081652
2020,2.7369679117539292e-05,8.344250731891675e-06,0.0001396871922804873,0.0001313429415485956,0.0016052498797652552,2.576827176081764e-06,9.968738789034592e-05,0.0023903962688385963,5.713994322031901e-06,0.00021660274619506037,-0.004091690444982584,1.6741930697561358e-05,0.00010277144275605554
2021,-3.109423949954996,6.681487169176344e-05,0.00021221206247201696,0.00014539719078025354,0.008174036438099873,6.681487169091227e-05,0.00021221206247112878,0.008174036438099868,6.681487169235556e-05,0.00021221206247257207,0.00817403643809987,6.681487169202249e-05,0.00021221206247235003
2022,0.0004561045046355128,0.00017519822370641128,0.001972997928301264,0.0017977997045948528,-0.0016847863800312213,2.8385051465962263e-06,0.0018285887297829762,0.018809005187306972,0.00035377867613606284,0.003111092309814545,-0.012999134195660384,0.0001689774898365748,0.000979312745306271
2023,0.00015660064995381973,4.472007658566183e-05,0.000366531148978629,0.00032181107239296714,-0.0019359639580899721,3.7479564470865867e-06,0.0003548939829317588,-0.010829007634725572,0.00011726740635276123,0.00025682759262657395,-0.0036255850503261948,1.314486695713768e-05,0.0004878718713775543
2024,0.00012420415558156428,3.4849935058349026e-05,0.0002797683336585773,0.00024491839860022824,-0.009402464494528414,8.84063385705458e-05,0.0005146894633818455,0.003968904201525705,1.5752200561047758e-05,0.0002518754540529189,-0.0006255126245091633,3.912660434535198e-07,7.27400835409675e-05
2025,0.001020205814633246,0.00035678015823274273,0.0008845122002826278,0.000527732042049885,-0.03164913134884511,0.0010016675151363064,0.0017438229337052302,0.001833893691795324,3.363166072967161e-06,0.0004306412120940184,-0.008081447487241747,6.53097934889546e-05,0.0004790724550486347
2026,9.10052282044882e-05,4.020401205654759e-05,0.00019180656913989994,0.00015160255708335235,-0.002797961199618209,7.828586874758514e-06,0.0001594814419566548,-0.00626935981889588,3.93048725391143e-05,0.00019608531775183735,0.008571964579693848,7.347857675576996e-05,0.00021985294771120767
2027,2.0812296758321303e-05,2.920867809656317e-06,0.00017624524095742147,0.00017332437314776517,-0.0026883082634413026,7.22700131927656e-06,0.00018370211538343284,-0.00043254119659825915,1.8709188676080402e-07,0.00011263582463638677,-0.001161253729070795,1.348510222931587e-06,0.00023239778285244483
2028,9.554165876435317e-05,1.7055290586857434e-06,0.0001613804409579996,0.00015967491189931388,-0.0012460017271996712,1.5525203033162072e-06,0.00016711124393842258,0.0007929962631017611,6.28843073724461e-07,0.00013582844901938174,0.0017132494852232637,2.935223799016562e-06,0.00018120162991619448
2029,0.00027682633665604417,9.868546201730055e-05,0.000807983339359127,0.0007092978773418265,0.011515849863280737,0.00013261479807369358,0.0008133329238124709,-0.011193456686606158,0.00012529347259482293,0.0005495444253161841,0.00617641606299917,3.814811538338514e-05,0.001061072668948726
2030,9.178225289319109e-05,4.702225219928765e-05,0.00017539679970142905,0.0001283745475021414,-0.008412378474124271,7.076811159190122e-05,0.00015802848798163183,-0.006328248861071892,4.004673364743638e-05,0.00022161373881557367,0.005500173757102319,3.025191135852534e-05,0.00014654817230708161
2031,1.548306682053191e-05,6.36629511785447e-06,0.0001763116039211754,0.00016994530880332093,-0.0024888649562490603,6.194448770369121e-06,0.00022035376649942595,0.0025540892474153467,6.523371883560003e-06,0.00018726629315579668,0.0025260769385112287,6.381064699634287e-06,0.00012131475210830356
2032,8.829146844235858e-05,6.8161950470916706e-06,0.000210288049880325,0.00020347185483323335,-0.003592429459854073,1.2905549424013785e-05,0.00016891712111755108,-0.00011931020487516232,1.42349253495766e-08,0.00023454626846408644,0.0027438660302049884,7.5288007919116495e-06,0.00022740076005933751
2033,-3.2212830142003845,1.0,1.0,0.0,0.0,1.0,1.0,0.0,1.0,1.0,0.0,1.0,1.0
2034,0.0001699441033928828,7.177386212361044e-05,0.0002627519287772273,0.00019097806665361688,0.0028189659120452454,7.946568812977617e-06,0.00020349998811075576,-0.010081241127398981,0.00010163142266861325,0.00022332605502461966,0.010283170468729095,0.00010574359488924046,0.0003614297431963065
2035,-3.2212830142003845,1.0,1.0,0.0,0.0,1.0,1.0,0.0,1.0,1.0,0.0,1.0,1.0
2036,-3.1699995255803612,4.845100832244024e-06,0.0001565359626623334,0.0001516908618300894,-0.0022011589747119556,4.845100832318039e-06,0.00015653596266240744,0.0022011589747119556,4.845100831984972e-06,0.00015653596266207437,0.0022011589747119556,4.845100832429061e-06,0.00015653596266251846
2037,2.3451037470811897e-05,1.2268963083742849e-05,0.00021672313240853983,0.00020445416932479699,0.0033289879276756956,1.1082160622177817e-05,0.00020481516729731197,0.003957553558566328,1.5662230169355418e-05,0.00030224406306600393,0.0031721441423783994,1.0062498459695313e-05,0.0001431101668623036
2038,5.186828685443956e-05,1.649286966446765e-05,0.0001374026157400602,0.00012090974607559256,0.0019035330776131607,3.6234381777244806e-06,4.866747476373057e-05,-0.006336103841765947,4.014621189363243e-05,9.753934774459072e-05,-0.002389342780351787,5.708958922046037e-06,0.0002660010247118594
2039,0.00013735543410797746,2.5698405162866145e-05,0.00023185481669370697,0.00020615641153084083,-0.004793721004862071,2.2979761072905447e-05,0.0002255457124267224,0.004620362789232014,2.1347752304556877e-05,0.00022787363899878788,0.005724308002734985,3.276770211113611e-05,0.00024214509865561062
2040,1.548579034060804e-05,5.760038781573347e-06,0.00020803975172989375,0.0002022797129483204,0.002364761469578397,5.592096807505165e-06,0.0002622062541460801,-0.0016149333062138187,2.6080095831826355e-06,0.0001257412540017766,0.003013305486360223,9.080009954032242e-06,0.00023617174704182453
2041,9.955751042556304e-05,2.933133781616674e-05,0.0006523662902636618,0.0006230349524474951,-0.0051736375938715344,2.6766525953014764e-05,0.0004228404650011841,-0.007330903058203845,5.37421396488158e-05,0.0011305040957311219,0.002735936374726809,7.485347846669654e-06,0.00040375431005867934
2042,9.772916002970256e-05,1.45240393297034e-05,0.00013560997302627018,0.00012108593369656677,0.002904607419901787,8.436744263651264e-06,0.000133683970944376,0.003361316766124847,1.1298450401708848e-05,0.00013541049167542507,0.004882307172210085,2.3836923323750092e-05,0.00013773545645900942
2043,4.2614060450474334e-05,2.3180608444528517e-05,0.0002496894505785348,0.0002265088421340063,0.005456785629372013,2.9776509404721985e-05,0.0003357746551798657,-0.006305970021348273,3.976525791105079e-05,0.000278211984200305,7.616976248403275e-06,5.8017812776256505e-11,0.00013508171235543376
2044,0.0005816262231317371,0.0001974206148891803,0.0003956888732356001,0.00019826825834641978,-0.016519238645283364,0.00027288524542001813,0.0005475622511492695,-0.016917665305668524,0.00028620739939466677,0.0005144855983834073,0.0057592707743796025,3.3169199852856046e-05,0.00012501877017412344
2045,-3.2212830142003845,1.0,1.0,0.0,0.0,1.0,1.0,0.0,1.0,1.0,0.0,1.0,1.0
2046,-3.2212830142003845,1.0,1.0,0.0,0.0,1.0,1.0,0.0,1.0,1.0,0.0,1.0,1.0
2047,0.0002204853332133938,9.693224419871083e-05,0.00019258370854820703,9.56514643494962e-05,-0.012458748481087172,0.00015522041371485162,0.000172312218641113,0.0019866578101271123,3.946809254862238e-06,6.701014622134682e-05,0.011472990439576267,0.00013162950962641862,0.0003384287607821612
