Sentence,Label,target_valence,target_arousal,target_quadrant
No a white chubby boy with scene hair. He wasn’t wearing a shirt in the video.,neutral,0.0,0.0,0
"It was intentional. Maybe not with much thought behind it, but a very dangerous instinct.",disappointment,-0.65,-0.2,2
Wow. [NAME] is a giant POS. He'll be really happy being single and dying alone.,admiration,0.7,0.4,0
I am even more concerned now[](#face-support),caring,0.75,0.3,0
The only thing missing from their stupid play book is some sort of weapons of mass destruction hysteria,realization,0.2,0.4,0
I know! I love it..... this is who we really are!,love,0.9,0.6,0
"I know it’s crazy, but I think it would work and they would probably understand ",optimism,0.75,0.5,0
"Counterpoint, ACAB.",neutral,0.0,0.0,0
I would love it if we got Nino! Nino - Mitts - Sheary would be a great second line.,optimism,0.75,0.5,0
So many great shows they killed because they didn't advertise them and put them at terrible air times :(,fear,-0.8,0.85,1
Would be nice.,admiration,0.7,0.4,0
You seem fun.,joy,0.9,0.7,0
alarms are kinda rude.,annoyance,-0.5,0.4,1
Chinese is awesome. Best of luck to your endeavors and med school. Hope to see you in r/Universityofhouston in the future ;),optimism,0.75,0.5,0
If my friend talked about my girl like he would be picking up his teeth. Support your gf. Period.,caring,0.75,0.3,0
This is not brain dead.,disapproval,-0.55,0.3,1
No I'm saying you can't love someone else if you don't love yourself. ...,neutral,0.0,0.0,0
Lol thank god someone else thinks this. There's nothing overly premium or innovative about the Elite controller.,relief,0.7,-0.2,3
Being demoted for having the best ideas in the office doesn't sound like a good business strategy.,disapproval,-0.55,0.3,1
Yes I will no longer post updates thank you.,gratitude,0.85,0.35,0
[NAME] Edit: but certainly LP deflated there,neutral,0.0,0.0,0
i just was disapointed because [NAME] wont have the chance to play with the GOAT. i didnt mean to smh to your comment,disappointment,-0.65,-0.2,2
Love Galore pt.2 💯🔥🔥,love,0.9,0.6,0
"Idk, I'd say the screams of government pawns dying is a pretty cool sound effect.",admiration,0.7,0.4,0
"with his luxurious salary, nice pension and zero accountability for anything it does, its a hard old life!!!",joy,0.9,0.7,0
[NAME] thinks the carbon tax is as bad as Holodmor. He is totally unhinged and shouldn’t be taken seriously.,neutral,0.0,0.0,0
Exactly! I'm Pan cos I like warm colors babey!!,approval,0.6,0.2,0
ORaNgE MaN bAd AnD iS HiTlEr!!!! EvErYoNe I dOnT lIkE iS HiTlEr!,neutral,0.0,0.0,0
My office has very few personal offices. Its awful. Managers need closed spaces so they can talk without everybody hearing,disgust,-0.8,0.45,1
Drunk and crying in bed with my pets. :|,sadness,-0.8,-0.3,2
"In other words this looks bad, so we’re trying to distance ourselves from it. Yeah too bad NRA. Zero sympathy from here. ",disgust,-0.8,0.45,1
Ignorance is strength.,neutral,0.0,0.0,0
Just don’t be born on a raped planet. Jeez why do you damned virgeens make such a fuss?,neutral,0.0,0.0,0
Needs a great winger to play off of. Without [NAME] he has struggled to be creative on the wing,neutral,0.0,0.0,0
So I can’t do anything about it now?,curiosity,0.4,0.6,0
They will get the other. It's all fun and games until they noticed I was friends with a deep trust issues with humans since they were little.,amusement,0.8,0.5,0
No op. No one had ever done that.,disapproval,-0.55,0.3,1
beating up tire man,annoyance,-0.5,0.4,1
Another way to do it without screaming at your teammates!,neutral,0.0,0.0,0
My least favorite couple: [NAME] and [NAME].,love,0.9,0.6,0
Just go to Morrisville Walmart .. why do you need a meetup.. :) jokes apart . I am willing to join,neutral,0.0,0.0,0
How is this news? I am sure there are a few living in discovery park and along the coast there,curiosity,0.4,0.6,0
Not where I expected that to go...but uh...good luck out there!,neutral,0.0,0.0,0
try going outside for a long painful walk,relief,0.7,-0.2,3
nice try balance team,approval,0.6,0.2,0
Yep. Happy New Years!,joy,0.9,0.7,0
"ill [NAME] has already phoned his imaginary boss in for sick leave, [NAME] the [NAME] has patched ASDA. Man the Twitter barricades: they’re coming!",neutral,0.0,0.0,0
You can’t say that that’s racist!!!!!!,neutral,0.0,0.0,0
I really miss AG,sadness,-0.8,-0.3,2
Yeah I mentioned [NAME] but what about him?,curiosity,0.4,0.6,0
"Didn't know she was a life long canucks fan, or alive in the 70s. Looks really young for her age",admiration,0.7,0.4,0
Flush the toilet that's a deduction.,neutral,0.0,0.0,0
My son already had the surgery. He's fine.,neutral,0.0,0.0,0
Give the mouse a chance!.leave the cat to it.,neutral,0.0,0.0,0
Good luck and wear condom,optimism,0.75,0.5,0
Just thinking about all the stupid stuff I did as a kid makes me very afraid for my 5 year old.,fear,-0.8,0.85,1
"Thank you for your open mind. Stay strong, fight the good fight, and stay educated.",gratitude,0.85,0.35,0
I have a few WG brushes and a handful of other Fude so I’m really interested on how this turns out...could be good.,excitement,0.8,0.9,0
"I play those characters all of the time and have never, ever experienced this. ",sadness,-0.8,-0.3,2
Calling Israel evil for their policies is anti Semitism? What a joke.,amusement,0.8,0.5,0
And this is what they look like when they are grown up...,neutral,0.0,0.0,0
"fyi, straight men also use dildos. Also, your mom is awesome!",admiration,0.7,0.4,0
i think [NAME],neutral,0.0,0.0,0
You should find that for us. Also normally higher profile guys like [NAME] don't actually participate in the senior bowl,neutral,0.0,0.0,0
When she drilled into the table [NAME] didn’t even know they were sleeping together. Her complaint should’ve been filed with Arizona.,neutral,0.0,0.0,0
"Thank you for your vote of confidence, but we statistically can't get to 10 wins.",gratitude,0.85,0.35,0
Man you sure are obsessed with race. Much like [NAME].,neutral,0.0,0.0,0
Absolutely. I have 3 kids with this woman. My guilt is compounded because I will be tearing their worlds apart too.,remorse,-0.7,-0.1,2
Every single time,neutral,0.0,0.0,0
OP already stole it himself,neutral,0.0,0.0,0
That ET one looks like he has stuck his finger is some strawberry jello or something and is disgusted that some has stuck to his finger!,disgust,-0.8,0.45,1
"I know I’ve said this before, but give the money to a charity, for the love of puppies!",love,0.9,0.6,0
I am just utterly disgusted by it all,disgust,-0.8,0.45,1
Wait.... What??!,neutral,0.0,0.0,0
I know right! Now I’ll never even know how far the distance was,confusion,-0.2,0.4,1
"Walkerton for anyone who is curious about the actual real deaths under ""chainsaw"" [NAME] ",neutral,0.0,0.0,0
INJECT A GIF OF BASTIAN NODDING IN SATISFACTION FROM THE BOX INTO MY VEINS,neutral,0.0,0.0,0
Amazing doggo 😍,admiration,0.7,0.4,0
"You still look cranky, goodnight.",neutral,0.0,0.0,0
FUCKKNG PLEASE 🙏🙏🙏,anger,-0.8,0.8,1
The effect has Tyus has on ball movement for us is remarkable,admiration,0.7,0.4,0
It's catdog's parents,neutral,0.0,0.0,0
"The same is true for Oblivion and Morrowind. They still bring us joy, thanks to lots of awesome mods.",approval,0.6,0.2,0
After 8? I'm afraid after 5. It gets dark here early. :(,fear,-0.8,0.85,1
"LOL, what kind of company?",amusement,0.8,0.5,0
I always felt [NAME] was just a bit too slick. I never trusted him even before the scandal came out.,disapproval,-0.55,0.3,1
You will not have damage to extremities when applied in a temporary situation as in this case. Simple as that.,approval,0.6,0.2,0
"730,000 readers and only 6 posts in a week? Wow...",surprise,0.15,0.8,0
"My boyfriend is so much like your husband. I’m so happy for you to have him, he sounds wonderful. ",joy,0.9,0.7,0
"Goodmorning, I wish you all a wonderful day.",optimism,0.75,0.5,0
They keep leaving [NAME] open 😂,neutral,0.0,0.0,0
I'd say [NAME] at 8 is pretty disrespectful,annoyance,-0.5,0.4,1
In my experience they suck,neutral,0.0,0.0,0
ALL ABOARD THE HYPE TRAIN!,neutral,0.0,0.0,0
"nope, this is just older people not understanding how teens actually communicate",disapproval,-0.55,0.3,1
[NAME] - Holdin on. Check out his music because he is honestly amazing.,admiration,0.7,0.4,0
That fascist bigot!,anger,-0.8,0.8,1
Nor am I as his servant. Though seeing him happy is awesome!,admiration,0.7,0.4,0
"I am assuming since it's shut down, no one can access the website to change these things. They are most likely delayed.",neutral,0.0,0.0,0
Or they drop out cause they have no interest in learning the language (a lot of kids do this unfortunately),disapproval,-0.55,0.3,1
I hope the final piece is [NAME] face in the background looking at the entire group with utter contempt.,optimism,0.75,0.5,0
"I took a nap with my boyfriend this evening. It was really sweet of him to just let me rest, you know? I feel you. ",love,0.9,0.6,0
so she's not only stealing kids but fingering her cousin as well? She's pretty wild,neutral,0.0,0.0,0
Thank you! I remember that now.,gratitude,0.85,0.35,0
"[NAME] oh wait, this aint Instagram ",neutral,0.0,0.0,0
"Damn, and now this GIF has become bittersweet. I really wanted him to become a revolutionary icon.",desire,0.6,0.7,0
"Because shes fake and selfish, I get a really fake vibe off her like shes playing a role and has no feelings",annoyance,-0.5,0.4,1
"Oh boy, leprosy!",surprise,0.15,0.8,0
whats on his story? I dont have insta,neutral,0.0,0.0,0
"If it’s not raining, then GoBike is great. Only $15 for a month. ",admiration,0.7,0.4,0
"you are lucky to have him....lord knows i wish i could have a so, but its natural to want friends too.....dont feel bad",neutral,0.0,0.0,0
Looked ugly.,disapproval,-0.55,0.3,1
You’re welcome 😊,neutral,0.0,0.0,0
Benzos stop working after a few weeks because they’re very addictive and tolerance grows quickly. I use them occasionally but never more than twice a week.,neutral,0.0,0.0,0
"This episode also had the segment where a paralized [NAME] communicates by farting. So, yes it is the worst. Lisa Goes Gaga is a close second.",disgust,-0.8,0.45,1
This is why I’m afraid to fly.,fear,-0.8,0.85,1
I cringed and flinched. That’s a bad day,disappointment,-0.65,-0.2,2
Get out more. Make more friends and better friends. Don’t self-harm. Write my journal more often.,caring,0.75,0.3,0
Just goes to show it takes 0 skill to play that hero,approval,0.6,0.2,0
"Not taking any shit, not being afraid to stick up for themselves or say what they’re thinking. Stomping on eggshells.",neutral,0.0,0.0,0
Ahaha it's his mother's fault!,amusement,0.8,0.5,0
"I love that in this example the Soviet Union was communist when they were fighting [NAME], but somehow not communist when [NAME] was killing... like everyone.",love,0.9,0.6,0
That's damn impressive,admiration,0.7,0.4,0
They could have prepared you better. I'm so sorry. I wanna give you a hug and tell you it's okay.,remorse,-0.7,-0.1,2
"Haha, why are you still thinking about that? That's super weird.",amusement,0.8,0.5,0
Middle Eastern here and watching this team lose due to silly mistakes at 3-4 am kills me,disappointment,-0.65,-0.2,2
There used to be a group of local kids that would take pears from the tree in my back garden and throw them at people's houses.,neutral,0.0,0.0,0
It’s not even bad,approval,0.6,0.2,0
"You're the one who's out, biggy. Out of your mind!",anger,-0.8,0.8,1
I don't think any [RELIGION] woman would care about such a thing. If they did then they have their own problems.,disapproval,-0.55,0.3,1
"Really wanted him on the Mets. But, its gonna be fun watching [NAME] try to catch [NAME] slider. ",neutral,0.0,0.0,0
All children should be given the option to learn about how to effectively use the rights they’re entitled to.,neutral,0.0,0.0,0
Can’t imagine taking on that contract,disapproval,-0.55,0.3,1
makeup call lol,amusement,0.8,0.5,0
Ah. So cardboard. Haha,amusement,0.8,0.5,0
I think he acted that part pretty well,admiration,0.7,0.4,0
"She actually does that, because she sees that you are happy, but the person behind you really needed that :P",neutral,0.0,0.0,0
Lmfao is that bexey wtffffff ahahhahahaha,amusement,0.8,0.5,0
"yeah I don't get the hate for [NAME] regardless of the hustle thing, there were stretches where he was for real carrying the team hardcore.",approval,0.6,0.2,0
That kill was beautiful,admiration,0.7,0.4,0
"I was told that upon waking up from a surgery, my first phrase was “don’t Terri [NAME] me” ☹️",neutral,0.0,0.0,0
Not bad at all.,approval,0.6,0.2,0
Delete your account.,neutral,0.0,0.0,0
Dr now looks so dapper in black.,neutral,0.0,0.0,0
That's what I thought too man,neutral,0.0,0.0,0
"Neat idea, but it looks terrible as a tool. It's faster to just separate with your hands. ",fear,-0.8,0.85,1
"That's not really libertarianism, is it?",curiosity,0.4,0.6,0
That actually doesn't make any sense considering many college students work outside of school.,disapproval,-0.55,0.3,1
"I feel like this is coming to NV soon as well, and I’m not so sure about how it will go",confusion,-0.2,0.4,1
">We should just turn the word ""love"" into ""rape"" so that liberals say they rape their moms!",annoyance,-0.5,0.4,1
"The climate change committee is pretty toothless and would rather see it have more power, happy it exists at least. ",neutral,0.0,0.0,0
Buncha people having (admittedly loud) fun. Don’t really see the issue.,amusement,0.8,0.5,0
Canada? Only because of [NAME] nice hair and silly socks.,neutral,0.0,0.0,0
Any amount of [NAME] is too much [NAME] lol,amusement,0.8,0.5,0
"Keeping his mouth shut? After cheerleading for the dictatorship, that's the least the scumbag can do.",annoyance,-0.5,0.4,1
It still has the potential to be permanent if no alternative is found.,neutral,0.0,0.0,0
There are plenty of cases of terminally ill people who elected to stop treatment and then pass away. You're not obligated to get treatment.,caring,0.75,0.3,0
this is too cool,relief,0.7,-0.2,3
This. Right here. This is what r/exmormon is...and it is beautiful.,admiration,0.7,0.4,0
"It’s all the same, the number makes no difference.",neutral,0.0,0.0,0
Shittiest crowd weve got this season omg please stay home an empty arena would of been better than this shitshow tabarnack,realization,0.2,0.4,0
That's not how any law works,disapproval,-0.55,0.3,1
It’s such a horrible argument I’m shocked they still use it.,fear,-0.8,0.85,1
Actually there are some terminals now that let you disable it lmao. Very sad.,sadness,-0.8,-0.3,2
"Teachers, do not diddle these kids!",neutral,0.0,0.0,0
if your favorite subreddit is the correct spelling of Zack then you’ll LOVE r/zach,love,0.9,0.6,0
I would not feed her anything that would cause extra butt wiping. No effing burrito!,disapproval,-0.55,0.3,1
"Sorry to hear that, I have it for ps4 and hardcore dlc servers are still up",sadness,-0.8,-0.3,2
"I never played as a burglar, so I am not familiar with them XD But, I mean....humans as pets! lol",realization,0.2,0.4,0
Thanks 💙 ice skating is also one of my favourite non-food fun things to do 😉,gratitude,0.85,0.35,0
Please do not take that personally. I thought this was a great photo.,admiration,0.7,0.4,0
"Didn't one of those two idiots void their visa to the US over some political bullshit? I think it was [NAME], can't remember.",neutral,0.0,0.0,0
They listened in a way.. they just executed it in such a way that makes us pay 3-5x over what we should be paying for skins.,neutral,0.0,0.0,0
I continue to sub here only because your quips make me laugh,amusement,0.8,0.5,0
"As a risk analyst, that's a terrible idea, Risk is too high and the benefit to cost ratio is not worth it ",fear,-0.8,0.85,1
Someone somewhere wants to be cuddled too. You'll never find that person if you don't talk to anyone you want to cuddle with.,caring,0.75,0.3,0
[NAME] needs to demand more from his staff and have longer practices. Idk something needs to change because they constantly underperform especially on the road.,neutral,0.0,0.0,0
That's kind of amazing. What a time to be alive.,excitement,0.8,0.9,0
Thank you. I’m glad the club acted responsibly.,gratitude,0.85,0.35,0
[NAME] already setting records for most nicknames in the league. There is no way to stop this kid...,neutral,0.0,0.0,0
"To say the ""New Jersey area"" lost 5700 millionaires and then explain that that includes New York City is silly.",neutral,0.0,0.0,0
"Life is nothing but a hell filled with torment, misery and loss.",disappointment,-0.65,-0.2,2
What in the fuck? Now is garbage!,annoyance,-0.5,0.4,1
is that an enby egg?,curiosity,0.4,0.6,0
"I fear slowly losing myself, and my cognition over an illness far more than I fear dying from a random accident tbh. ",sadness,-0.8,-0.3,2
I'm working in a creative industry; you'd probably fair well.,optimism,0.75,0.5,0
Fuck a TD. I just want to survive [NAME].,anger,-0.8,0.8,1
These are the kinds of dudes that gillette ad is talking about.,neutral,0.0,0.0,0
> but I have to admit its catchy. This is not and has not ever been an inherently positive characteristic about any song.,disappointment,-0.65,-0.2,2
Here Hope that helps!,optimism,0.75,0.5,0
"Ah, I've only been for music and didn't purchase much else. I figure it would have the downtown markup though.",neutral,0.0,0.0,0
I definitely wouldn’t do a role change at the tournament but definitely when they get home. I should’ve clarified that sry.,realization,0.2,0.4,0
"Funny thing is, all of my salespeople who consistently sell 20/mo are constantly on the phone. Weird!",amusement,0.8,0.5,0
YPG has carried out numerous attacks. Yet you seem to judge them on the few messed up things they have done.,annoyance,-0.5,0.4,1
"Of course they do, feminists are self-absorbed pigs that just want to control everything and never be held accountable for anything.",remorse,-0.7,-0.1,2
A good everyday dua would be including me in your prayers,optimism,0.75,0.5,0
Dumb people. Poor person. The wolf was the only one who wanted to help!,anger,-0.8,0.8,1
I believe it was a severe dislocation as opposed to a fracture. Regardless....poor guy....,sadness,-0.8,-0.3,2
it looks like a vase to put things in!,neutral,0.0,0.0,0
EGG ROLLS. That's why your progress isn't good.,disapproval,-0.55,0.3,1
"lool chill fam, u aint gotta do him that bad",amusement,0.8,0.5,0
Why does everyone hate the creme brûlées? They’re easily my favorite.,love,0.9,0.6,0
"If he hits you and constantly degrades you, it's abuse",disgust,-0.8,0.45,1
Oh boy yeah,neutral,0.0,0.0,0
Oh no you didn’t just quote tlc...👍🏼,disapproval,-0.55,0.3,1
"Tried it. Failed it. Got mental consequences, my memory wont recover after half a year. You will regret it.",sadness,-0.8,-0.3,2
i just hope both teams are having fun :),desire,0.6,0.7,0
"r/ThirdSentenceHappy My eyes swelled with tears as I opened the door and watched all 8 puppies, overcome with joy, as they were reunited with their Mother.",joy,0.9,0.7,0
My favorite My Hero Academia villain.,love,0.9,0.6,0
"Wait, am I the only one who thought [NAME] was the tallest since childhood? ",neutral,0.0,0.0,0
My blood pressure Edit: I'm just happy to be here.,joy,0.9,0.7,0
Haha I was about to say damn she straight up eviscerated her in between bites.,amusement,0.8,0.5,0
"Yes, but shockingly that was the first post of hers I’ve read in years that didn’t make me want to claw my eyes out. ",surprise,0.15,0.8,0
Fucking parking in the middle of the street through the entire strip of Allegheny,anger,-0.8,0.8,1
"It wasn't about your syllable count. It was about how nobody ever calls it ""text-interpretation."" It's called ""reading comprehension.""",neutral,0.0,0.0,0
"If it results in killing [NAME], [NAME] is willing to be merciful and hold his wrath back against the kids.",neutral,0.0,0.0,0
How could they forget the gravy?,curiosity,0.4,0.6,0
"The opposite of depression isnt happiness, its vitality.",neutral,0.0,0.0,0
Do you read any of the content on this sub? Lol. Because it contains very specific detailed critiques and concerns that you're conveniently ignoring...,amusement,0.8,0.5,0
Much better than I could have put it! Thank you for your input!,gratitude,0.85,0.35,0
Only fair - although they they could have reported it as 0-0 since ND never showed up.,neutral,0.0,0.0,0
Sure! :D Thanks for requesting ^^,gratitude,0.85,0.35,0
I'm puzzled,confusion,-0.2,0.4,1
Same. About as Libertarian as fucking [NAME].,anger,-0.8,0.8,1
"[NAME] MAY be a slightly better hitter, but he can't field for crap. And the other two can't hold a candle to [NAME]",neutral,0.0,0.0,0
Never seen an abandoned piss trolley at a bus stop in Armadale ever,neutral,0.0,0.0,0
You've got this. Hang in there. Please keep us updated. I'm really sorry that you're dealing with this right now.,gratitude,0.85,0.35,0
"To add, from what I hear he is actually a stand up guy and not at all the douche that the tweet/comments are about.",neutral,0.0,0.0,0
I did not realize that and maybe it’s because [NAME] is slightly cheaper and wanted to be a [NAME] badly.,desire,0.6,0.7,0
“Little dumb” ugh how awful,disapproval,-0.55,0.3,1
Keep asking. Mine turned around eventually.,neutral,0.0,0.0,0
Waterspouts might be one of nature’s most beautiful dangerous things,admiration,0.7,0.4,0
"My cat just attacked me for treats and scratched me on the finger. If this affects my typing, he's in so much trouble.",sadness,-0.8,-0.3,2
I'm not sure I'm following what your point is.,neutral,0.0,0.0,0
I love the way you wrote this. Outstanding,admiration,0.7,0.4,0
"it was, but I was highlighting this to show just how much we have moved on from 2008. Actually feel really cool to be part of this.",neutral,0.0,0.0,0
"Thank you so much for all this! Nobody else seemed to understand the situation and just tell me to eat better, which I already do.",gratitude,0.85,0.35,0
Why is this so common? I have a dream and then remember it a couple of weeks later.,neutral,0.0,0.0,0
I feel like [NAME] had the right idea losing the will to live. Now if only I could learn this power...,approval,0.6,0.2,0
It's full of what?!,curiosity,0.4,0.6,0
"What if I went around with a bat and stalked down every socialist I could find? Socialism killed more innocent [NAME] then [NAME], remember? ",neutral,0.0,0.0,0
Even a powerline adapter won't save you from the laggy mess that is SFV,neutral,0.0,0.0,0
"I mean...I'm not saying they did, I'm just saying I would have...",optimism,0.75,0.5,0
Can you link an example? I’m curious now,curiosity,0.4,0.6,0
"Oh btw this was me yesterday, commenting on that ""ugly"" ban! ",anger,-0.8,0.8,1
So are leftists ones. You will get banned for disagreeing with someone REEEEing at trump.,disapproval,-0.55,0.3,1
"Yeah he could have stopped talking, but they didn't have to but his tongue out. they are the ones at fault for actually cutting his tongue out",neutral,0.0,0.0,0
"I'm saying [NAME] is the pretentious one, and that the original commenter's response to him is a perfect mockery of the asshole ",disgust,-0.8,0.45,1
Hallmark movies are the worst culprits.,disgust,-0.8,0.45,1
Well that just sounds awful.,annoyance,-0.5,0.4,1
“You fight like my sister!” “I’ve fought your sister! That’s a compliment!”,admiration,0.7,0.4,0
No is just apologize and explain the situation,disapproval,-0.55,0.3,1
Why was everyone so happy when he pulled that knife,curiosity,0.4,0.6,0
"oof okay, thanks for the info. Hopefully he fares better with our line/TE's",gratitude,0.85,0.35,0
The biggest issues are in suburban districts. They could probably leave most urban and rural districts alone.,optimism,0.75,0.5,0
I was wondering this too. Whatever it was it's over now.,surprise,0.15,0.8,0
Imagine the wild sex?,neutral,0.0,0.0,0
Work on your anxiety and self-esteem. Do things for YOU. Love yourself.,love,0.9,0.6,0
Oh wow. Thanks! So this person was going for that.,gratitude,0.85,0.35,0
"I don't think it's age related, we all forget how much newborns suck. If we didn't we'd stop having babies.",neutral,0.0,0.0,0
ok cool. ill be on the look out for that email then. thanks,gratitude,0.85,0.35,0
"I think people feel the need to ""catch up"" to guildmates so they can do end game content together",neutral,0.0,0.0,0
Are you able to see a therapist or counselor?,curiosity,0.4,0.6,0
[NAME] has 5 goals in 4 games for us doesn’t he?,neutral,0.0,0.0,0
"Just as delusional as [NAME] was. The difference though is [NAME] seems to be putting on an act, tj is just that salty.",neutral,0.0,0.0,0
"Haha, maybe at the 55 title party in May ",amusement,0.8,0.5,0
"That's fine. I'm searching for the truth, not just the legal truth. To each their own. ",curiosity,0.4,0.6,0
"I know this was coming, so I phrased it as ""**my** past relationships"" not as my **EX.** Anyhow, thanks Bro",gratitude,0.85,0.35,0
But I was told that sub was for civil discussion!!!,confusion,-0.2,0.4,1
If the hot end starts pointing towards space you are having a bad problem and you will not go to space today.,disapproval,-0.55,0.3,1
Thanks I'll take all the good vibes I can. I'm going to try to sleep too. And get through the next week,gratitude,0.85,0.35,0
"Check out [NAME], he's like the [NAME] of dissosiatives. ",neutral,0.0,0.0,0
This maybe my favorite thing I've ever seen on this subreddit. I took a screenshot and I'm sending it to husband. OP thanks for the laugh,gratitude,0.85,0.35,0
"I think I found the rom somewhere, now I just gotta set it up. I hope I can manage to do that. ",optimism,0.75,0.5,0
Hmm I wonder why the bot copy text LAOP says is in NY when the original post says LAOP says he's in TX,surprise,0.15,0.8,0
Oh yeah yeah,approval,0.6,0.2,0
Just gotta stop overthinking. Try meditation. That helps control your thoughts better.,caring,0.75,0.3,0
Damn I played that game almost daily for over 2 years. I loved domination mode. RIP...,love,0.9,0.6,0
"That sounds awful )-: I'm so grateful that my parents and therapist want to let me figure this out with minimal ""supervision""",sadness,-0.8,-0.3,2
Dammmn girl them make up skills! Your eyes are so wonderfully icy!!,admiration,0.7,0.4,0
It looks a little like the nubbin you see on some amputated arms. Right?,neutral,0.0,0.0,0
Never terrible in clutch,neutral,0.0,0.0,0
Man I jave never heard such a load of horseshit.,annoyance,-0.5,0.4,1
you can bring all your cards to the game,neutral,0.0,0.0,0
You can’t nag or argue people into a relationship with you.,annoyance,-0.5,0.4,1
Anything in this sub that reaches front page is. I'm subscribed for the sake of genuinely funny content.,approval,0.6,0.2,0
"Oh yeah, I forgot what they are called lol, Thank you",gratitude,0.85,0.35,0
"She sounds abusive and narcissistic. Delete your facebook, hit the gym and kill her. ",anger,-0.8,0.8,1
It was more of a joke. I still have hope for [NAME]. Just kind of a tough sell at this point.,optimism,0.75,0.5,0
Kawhi and Siakam chemistry,neutral,0.0,0.0,0
[NAME] forbid someone make a joke around YOU,disapproval,-0.55,0.3,1
"“Our decaf is like really good tho gurl, you’ll be okay”",admiration,0.7,0.4,0
"Sorry, I should have clarified that I meant when they determine your eligibility/payments in regards to the Repayment Assistance Program.",remorse,-0.7,-0.1,2
"I like it, but it does violate our images policy. embedding it in a standard post would be OK.",love,0.9,0.6,0
"Tour child is a genius, that would be awesome",admiration,0.7,0.4,0
[NAME] or [NAME] could be a good trade piece. We don't have to solve every problem in free agency,neutral,0.0,0.0,0
[NAME] got a bad report card from [NAME] as well today.,neutral,0.0,0.0,0
Flashbacks to hallucinations? Whoa,surprise,0.15,0.8,0
Would you fly to Miami to get the last word? Lol,amusement,0.8,0.5,0
So happy the new rules weren't in place back then. All those hard hits on [NAME] would have made the refs flag-happy,joy,0.9,0.7,0
"The grey shirt guy: ""Oh shoot! I leave the stove on!""",neutral,0.0,0.0,0
Was it this?,confusion,-0.2,0.4,1
It's still not something I'd jump to and I'm currently in a closed relationship really.,neutral,0.0,0.0,0
"As a man, I'm leaving my wife because she refuses to even acknowledge my emotional needs. your comment is from a century ago. ",neutral,0.0,0.0,0
Oh fuck I almost forgot to jerk off and smoke weed today. I'm so forgetful. Appreciate the reminder.,embarrassment,-0.55,0.45,1
A fucking power outage during a hurricane and your car is fucked.,annoyance,-0.5,0.4,1
but.... but the lizards would eat the bugs....?,curiosity,0.4,0.6,0
"Well, guess [NAME] wife is cheating on him.",neutral,0.0,0.0,0
"I’m not going to get in to the boring details here, but... Too late.",neutral,0.0,0.0,0
You're 17....calm down.,neutral,0.0,0.0,0
The situation never should’ve gotten to that point.,approval,0.6,0.2,0
"I didn’t think of that, thank you!",gratitude,0.85,0.35,0
We use that a lot in the UK too,approval,0.6,0.2,0
The guys rappelling on the wall... Wow.,admiration,0.7,0.4,0
Thanks very much. I'm off work in a week or so. I know where I'm heading!,gratitude,0.85,0.35,0
Another strange signing. [NAME] seems great at spotting backup players. 20 odd signings and probably 4 have been decent?,admiration,0.7,0.4,0
Reporters shouldn’t be afraid of governments - governments should be afraid of reporters.,fear,-0.8,0.85,1
> Update they would've never been arrested or charged if they weren't black. Epitome of the disgusting systemic racism in this country #UBERPOOLtoPrisonPipeline,neutral,0.0,0.0,0
It seriously is impressive to wake up and see Clemson fans taking full blown hay makers at all of their competition at once.,admiration,0.7,0.4,0
"“Not a word you need to learn, honey” Cringiest part of the whole episode.",disapproval,-0.55,0.3,1
That doesn't look too bad.,approval,0.6,0.2,0
If you were better than the players you met every day you would be able to get better stats while playing against them.,approval,0.6,0.2,0
"""Daddy, can you help me with my math homework?"" ""Not now, sweetie. Daddy's doing much more important math""",neutral,0.0,0.0,0
Hiroshima is a crime against humanity,neutral,0.0,0.0,0
I don’t like fasting but that’s not correct lol,disapproval,-0.55,0.3,1
It's common enough that we have a specific term for them. We called them PX Rangers. The PX is the on-post department store.,neutral,0.0,0.0,0
Oh la la,joy,0.9,0.7,0
"Do you have a link? I never saw the video, I only heard about it",neutral,0.0,0.0,0
I suspect there's a difference between people who have an interest in makeup and those that don't on this.,neutral,0.0,0.0,0
Oh this is a brilliant idea!,admiration,0.7,0.4,0
"I have no idea, I just get texts.",neutral,0.0,0.0,0
Lol definitely not,disapproval,-0.55,0.3,1
I have secondhand embarrassment for them both.,embarrassment,-0.55,0.45,1
The claim that whole milk is 40% fat is surprisingly not the most absurd part of this picture. /j,surprise,0.15,0.8,0
"Wow, [NAME] acting like he got [NAME] Punched.",excitement,0.8,0.9,0
Girls dog got bored fairly quickly.,neutral,0.0,0.0,0
I didn’t say anything. Just sharing this beauty.,admiration,0.7,0.4,0
Contracts & money in rtts mean absolutely nothing. Just one of the many missed opportunities year after year,disapproval,-0.55,0.3,1
He would if he didn't get injured.,neutral,0.0,0.0,0
"I was thinking of that. I used to love the Naked Gun movie and he is reminding of [NAME] character, who would get injured every scene",love,0.9,0.6,0
Immigrants are superior -workers (leo) -taxpayers (leo) -culturally (the abbey),neutral,0.0,0.0,0
Another racist foul by the Raptors on [NAME],annoyance,-0.5,0.4,1
Oh no you got us Feminism canceled Pack it up y'all,disappointment,-0.65,-0.2,2
"Finally, someone that understands you don't just get to keep information from your spouse about cheating to ""protect them"". That's crazy to me.",annoyance,-0.5,0.4,1
"oh man [NAME] is the guy that said the show saved his life, love ya buddy",love,0.9,0.6,0
Sorry I should have been more specific! A spiral chemical perm (I love curly hair!),remorse,-0.7,-0.1,2
Stupid plays after stupid fkin plays,annoyance,-0.5,0.4,1
"Tried so hard and got so far, in the end it doesnt even matter",disappointment,-0.65,-0.2,2
I can't upvote this enough. Thank you for practicing what is preached!,gratitude,0.85,0.35,0
Let this be a lesson at how easily manipulated some therapist are. Block the therapist immediately. He/she has been compromised by a psychopath.,anger,-0.8,0.8,1
I only eat other people's babies.,neutral,0.0,0.0,0
Thanks for the contribution. Really enlightening.,gratitude,0.85,0.35,0
Queen coming for that 2nd week!,neutral,0.0,0.0,0
Typical verbal diarrhea from a cucked sheep. Good try though. B+ for effort.,admiration,0.7,0.4,0
Lesson #1: never but anything from Wish,approval,0.6,0.2,0
"Oh man, I remember loving that movie. Been a while ssince I've seen it but I remember being pretty enthralled.",love,0.9,0.6,0
"Ahh change.org, where change goes to...do nothing",annoyance,-0.5,0.4,1
"Just having a discussion and giving my opinion, don’t understand why you’re getting so mad lol ",annoyance,-0.5,0.4,1
"We shot like 35 free throws, bud, we would've won by 16 if we made them all",disappointment,-0.65,-0.2,2
The left solution is to make them all citizens and to buy their votes with welfare and to never lose an election again as they destroy America.,neutral,0.0,0.0,0
"Cold Stone, I would have been in line",neutral,0.0,0.0,0
Good luck with it all. I hope she recovers. Keep me updated if you remember haha,optimism,0.75,0.5,0
Lol naughty dog tattoo. Y’all done fuxked your reputation by letting your artist do this trash.,amusement,0.8,0.5,0
Put down that you are a starting forward and love incinerating $100 bills. Stay strong my Asia brah,neutral,0.0,0.0,0
I still can't believe I used to watch [NAME] videos,surprise,0.15,0.8,0
Newcomers have never heard of the flippening ever since :( that’s sad,neutral,0.0,0.0,0
"It’s the NRA, I don’t think it should shock anyone regardless.",neutral,0.0,0.0,0
Is there anything else you're interested in besides [NAME] & [NAME]?,curiosity,0.4,0.6,0
He still has less health than [NAME] despite being slower and bigger and literally revolving around trading.,neutral,0.0,0.0,0
Lmao no fun allowed,disapproval,-0.55,0.3,1
Social norms that are immoral ought to be broken.,anger,-0.8,0.8,1
"Okay, thanks!",gratitude,0.85,0.35,0
"I love the content the PC channel puts out, its what wwe's channel should do more of",love,0.9,0.6,0
Nukeville sounds like a nicer neighborhood. Like no broken and burnt houses and like children playing in the street and people having barbecues,admiration,0.7,0.4,0
You're taking her scale way too literally.,disapproval,-0.55,0.3,1
Parks and Rec gets great in season 3. However The Office is still better.,approval,0.6,0.2,0
"CLG, because I love Biofrost. Especially against [NAME]. They really are still friends ",approval,0.6,0.2,0
yeah sounds like you're thinking real hard on it. Stop wasting peoples time theres folks in actual need for help. And this sub isnt for that,neutral,0.0,0.0,0
Is ketaconazole scheduled?,curiosity,0.4,0.6,0
Youre not a prude. Trash does what trash does.,neutral,0.0,0.0,0
"You can be partners without being codependant, you can also keep your individuality without worrying or hurting your relationship. Its all about communication.",neutral,0.0,0.0,0
I was totally expecting this,neutral,0.0,0.0,0
Definitely not overreacting. Leave.,neutral,0.0,0.0,0
All the time,neutral,0.0,0.0,0
The fact that such awful designs exist almost makes me want to stop wearing leggings. *Almost.*,disgust,-0.8,0.45,1
"""You're going to get behind our anointed centrist establishment candidate and you're going to LIKE IT!"" How did 2016 turn out for you again? ",optimism,0.75,0.5,0
I hope you figure out what to do! It is real shit situation and it is awful what he said to you.,optimism,0.75,0.5,0
Praying to [NAME] 😂😂😂 I'm going to use that!,optimism,0.75,0.5,0
"@lies_about_flossing, sorry if I used the wrong pronoun.",remorse,-0.7,-0.1,2
I absolutely love him. He is one of the two people that I enjoy playing. He has one of the most unique move sets and I like that,admiration,0.7,0.4,0
what guy or girl would be glad to get this as a gift,excitement,0.8,0.9,0
"Instead of dumped underground at a later date, just dumped into the sea earlier. Despicable",neutral,0.0,0.0,0
[NAME] all but guaranteed to win the Rumble. [NAME],neutral,0.0,0.0,0
WHY HAVE I NOT SEEN YOU? WHERE THE HELL HAVE YOU BEEN?,anger,-0.8,0.8,1
"If you can keep it from going out / someone putting you out, yes. ",neutral,0.0,0.0,0
Am I the only one who finds this hilarious? Good for her!,amusement,0.8,0.5,0
Yes Will do thanks alot!!,gratitude,0.85,0.35,0
I realize. I was too hasty in my conclusions.,realization,0.2,0.4,0
"If you're worried about cost, getting a double edged safety razor is a much better choice, also way better for the environment.",caring,0.75,0.3,0
I feel safe around you is a nice one,admiration,0.7,0.4,0
"Maybe Shadow Creek Ranch, but I heard it's next to a dump and smells bad.",optimism,0.75,0.5,0
[NAME] are proof of this.,neutral,0.0,0.0,0
That’s gunna be a no from me dog,neutral,0.0,0.0,0
"As a lover of PG and Scrubs, I've not seen this one. What a genius tongue in cheek celebration to [NAME], [NAME] and PG.",admiration,0.7,0.4,0
It looks like a quail egg and it’s actually on a plate a weird looking plate but still a plate.,neutral,0.0,0.0,0
Poetic justice they get to the title game host Philly and BDN whips it out for them and shoves it down their throat. That would be epic.,neutral,0.0,0.0,0
The mood changes are semi controllable with medication (at least it’s the case for me). Please seek psychiatric help to get a proper diagnosis.,caring,0.75,0.3,0
I wish I had a name,desire,0.6,0.7,0
I'm surprised he hasn't already. He was charged on Dec. 31st but his name was only released yesterday.,surprise,0.15,0.8,0
Yeah. That was my point.,approval,0.6,0.2,0
Lol I'm glad,joy,0.9,0.7,0
The lies of this evangelical “[RELIGION]” woman are simply staggering. What a wonderful example she is for her children.,admiration,0.7,0.4,0
I have a bad one but I also have mild cerebral palsy on my left side,sadness,-0.8,-0.3,2
We can hope,optimism,0.75,0.5,0
Oh thanks ^^ my bad I have been typing too much so my fingers hurt XD,gratitude,0.85,0.35,0
[NAME] is such a legendary daddy 😩,neutral,0.0,0.0,0
DEGENERATES LIKE YOU BELONG ON A CROSS,neutral,0.0,0.0,0
"I'm not but there's a difference between criticism and constant, unrelenting negativity.",disapproval,-0.55,0.3,1
Oh *hell* no.,disappointment,-0.65,-0.2,2
Say that you like her,neutral,0.0,0.0,0
Thank you [NAME]. Apparently having a sense of humor isn't your strong suit,gratitude,0.85,0.35,0
Oh I thought it was something that was actually contemplated. My bad,embarrassment,-0.55,0.45,1
Now I can’t unhear it...,disapproval,-0.55,0.3,1
I'm guessing [NAME] and [NAME]. [NAME] needs to remove that stick up her ass.,annoyance,-0.5,0.4,1
What rights do men have that women don't in the west? Damn.,annoyance,-0.5,0.4,1
"They didn't ""say"" anything this time either. This is where observation and critical thinking comes in. I trust you can figure it out.",neutral,0.0,0.0,0
This was literally me!,surprise,0.15,0.8,0
"As a furloughed fed, this does indeed lift my spirits. Thanks for putting this on my radar.",gratitude,0.85,0.35,0
It’s not clear to me that vulnerability functions as an ethical compass. Will table further replies in deference to a culture war thread.,confusion,-0.2,0.4,1
I have zero faith in the electoral college/ tge sham that is our right to vote,disapproval,-0.55,0.3,1
It surprises me Turkey doesn't intervene even there. I would presume that at least OB-ES areas are off limits and Turkey would intervene if HTS entered them.,surprise,0.15,0.8,0
"Absolutely. If we plan on doing nothing, I’d be content buying myself some flowers and spending a night in taking care of my own business. ",approval,0.6,0.2,0
"Yeah, I’m curious how these notes are “passive”. ",curiosity,0.4,0.6,0
Wow. How many beds is 22 wards?,admiration,0.7,0.4,0
What kind of response is that it's so shit,annoyance,-0.5,0.4,1
"[NAME]. Get off of the computer my man. Get some fresh air, there’s a whole world out there. ⛑",amusement,0.8,0.5,0
I really love this suggestion. Thank you!,gratitude,0.85,0.35,0
"Spaceballs the suit case nuke, the kids love this one.",love,0.9,0.6,0
This looks so cute! :D Her eyes came out great and I love her expression.,love,0.9,0.6,0
"Totally read it as [NAME], was confused",realization,0.2,0.4,0
"I'll be making that bet, thats a closeer match than that, even for a hometown girl.",optimism,0.75,0.5,0
Lots of good memes here lately. I like that.,love,0.9,0.6,0
"I have no answers for you, but I send you warm enfolding hugs of understanding and light. Peace to you.",caring,0.75,0.3,0
It's funny how he even has the same attitude in both shows.,amusement,0.8,0.5,0
By the driver ?,neutral,0.0,0.0,0
(4) Fufill sexual pleasures,neutral,0.0,0.0,0
I HAVE BEEN CALLED! I MUST ANSWER....ALWAAAAAAAYYYYYSSSSSS! *Death Scream*,anger,-0.8,0.8,1
"There's limitations. Also, someone may have been assigned the number before a player joined the team.",neutral,0.0,0.0,0
"Suddenly, I was awake.",surprise,0.15,0.8,0
"So is [NAME] the frontrunner for Executive of the Year, pre trade deadline?",neutral,0.0,0.0,0
"I can't imagine who IS, the whole thing is so cringe.",fear,-0.8,0.85,1
I honestly really think tumblr should’ve gotten rid of everything but legal porn,optimism,0.75,0.5,0
"Look at a calendar. Look at the 14th. Look at the week that contains the 14th. That week, any of the days on that week. ",neutral,0.0,0.0,0
It must be really sad and lonely under your bridge troll.,sadness,-0.8,-0.3,2
Those turkey legs look delicious,excitement,0.8,0.9,0
Are 3% of [NAME] really vegan?? That’s fantastic!,admiration,0.7,0.4,0
I have a launch xb1 and i have maybe crashed twice since the game came out. I have almost 8 days played btw...,neutral,0.0,0.0,0
It's Dra'am!!!!,neutral,0.0,0.0,0
"Just hold on a second...Curley: ""Oh, ok, no problem""",approval,0.6,0.2,0
"He's gonna say ""stop eating chips""",neutral,0.0,0.0,0
"I was going to suggest that as well, but I still need this whole ""elopement"" thing explained to me.",curiosity,0.4,0.6,0
A billon more [NAME] saves and I’ll have [NAME]!,excitement,0.8,0.9,0
"In all fairness Ive said it to men, woman, and children. Nobody is outside of my blind rage.",approval,0.6,0.2,0
Maybe try online classes or even start with a Udemy class on writing? Would that help?,neutral,0.0,0.0,0
I'm not sure how is this as big an issue as you put it up to be.,confusion,-0.2,0.4,1
Smoking kills you!! It is bad for you!!!!,caring,0.75,0.3,0
Well with how often the VPD turns a blind eye downtown I promise you vigilante justice is coming.,neutral,0.0,0.0,0
The keg talent is awesome with a touch of honey and another round turning [NAME] into a mage,admiration,0.7,0.4,0
Exactly all I hear is about [NAME] and [NAME] and nothing about [NAME] it is crazy.,neutral,0.0,0.0,0
"Brilliant, thanks so much!",admiration,0.7,0.4,0
WHAT A TWIST!!,surprise,0.15,0.8,0
Cute! And similar coloring to mine. :),admiration,0.7,0.4,0
"It was interedtinh to see. The first few sacks were schemed up, but eventually, he started beating his tackled with some consistency.",neutral,0.0,0.0,0
"8,000 jobs created in Frankfurt. Such a bright future",neutral,0.0,0.0,0
"Not sure, can't really feel anything from any other memory that had strong emotional ties ",disapproval,-0.55,0.3,1
"Ah, so you've an ugly face as well. Can it be rectified via plastic surgery?",curiosity,0.4,0.6,0
Haha thank you! I do love a good tea.,gratitude,0.85,0.35,0
I f a picture and not realizing it until it bursts. [NAME].,realization,0.2,0.4,0
"Welp, can't see [NAME] beating [NAME] if she's in this form!",neutral,0.0,0.0,0
"Actually it wasn't punishment, the teacher just didn't have any better assignments, so they thought that'd make the students busy enough",neutral,0.0,0.0,0
"Please stop posting things like this, this is serious, keep it civil, keep it real, thanks.",gratitude,0.85,0.35,0
"I agreed with your first point and then stated a statistic. My bad, awkward wording on my part.😢",embarrassment,-0.55,0.45,1
"I personally think think life is beautiful but living is hell, kinda like a hurricane can be the most beautiful thing.",annoyance,-0.5,0.4,1
Was just wondering about the mobile thing. I only use mobile and I've never noticed anything odd. It's not something people would care about anyhow.,disapproval,-0.55,0.3,1
A SWEDISH penis enlarger pump? make sure you read the instructions by austin powers.,neutral,0.0,0.0,0
What the fuck? Why would you ever say that? Downvoting you smfh edit,anger,-0.8,0.8,1
Lincoln Osiris?,neutral,0.0,0.0,0
I hate it too. But I will....,anger,-0.8,0.8,1
I love Caribbean food! I'm adding this one to my list.,love,0.9,0.6,0
No i didn’t all i know is that i binged 3 seasoms of it.,disapproval,-0.55,0.3,1
"Okay, a little confusion. Why are those “d”s not cancelling out? Edit :skittle-a little",neutral,0.0,0.0,0
"Ahh, that's why I love my country. ",love,0.9,0.6,0
Sorry to hear that brother! Solid advice and power and love to you. Here is knowing things will get better and that you're a champ!,remorse,-0.7,-0.1,2
"what are you doing here, [NAME]",curiosity,0.4,0.6,0
I knew her in high school- she's awesome!,admiration,0.7,0.4,0
Haha just loose all your libido because of dysphoria nerd,amusement,0.8,0.5,0
Because she knows shame and he asked.,embarrassment,-0.55,0.45,1
AMD this is why we rejoice in his banning.... :),joy,0.9,0.7,0
Who was it saying that [NAME] destroys hooker and broner again,neutral,0.0,0.0,0
"Change of top, pump, inner tubes, puncture repair kit & tyre levers, balaclava, lube. ",neutral,0.0,0.0,0
What is the chair in the photo? I'm torn between sex toy and torture device.,curiosity,0.4,0.6,0
Came here to say this...... Oh dear OP,approval,0.6,0.2,0
That's clearly a clickbait title. Chances are it didn't actually happen.,approval,0.6,0.2,0
I’m so sorry for your loss and even more sorry about your mothers shitty reaction. I hope you’re doing better. ❤️,sadness,-0.8,-0.3,2
Hey it's really green here right now thanks to the last few rainy months!,gratitude,0.85,0.35,0
old [?] people love their bags.,love,0.9,0.6,0
"I feel like [NAME] and [NAME] from AH should chat, especially about the [NAME] from BOTW",desire,0.6,0.7,0
It is definitely not a coincidence that he used women to represent both political sides.,disapproval,-0.55,0.3,1
He died 4 days later of dehydration,grief,-0.9,-0.1,2
I'm sorry but your username is absolutely horrible lol,amusement,0.8,0.5,0
"Who created, carried and raised all these men? A woman .",neutral,0.0,0.0,0
Lol thanks.,gratitude,0.85,0.35,0
Always take a chance on the dork. We rock in general l. There are a few weirdos hut by and large dorks have it together.,neutral,0.0,0.0,0
I hope you enjoy endless mosquitoes as the climate warms.,joy,0.9,0.7,0
"BFV have anticheat... Why do you claim ""complete lack of an anti-cheat"" ? They are running fairfight + some inhouse shit afaik...",annoyance,-0.5,0.4,1
Also his weird spiked haircut. I wanted spiked hair when I was like 6. I also wanted a mohawk. I'm not 6 anymore.,disapproval,-0.55,0.3,1
My sister put her foot into the muddy end of a pond once and thought she was dying. We had to go home. It was hilarious.,amusement,0.8,0.5,0
"oohh, that makes a lot more sense now, thank you kindly",gratitude,0.85,0.35,0
[NAME] is such an iconic runway model 🤣🤣🤣🤣🤣🤣🤣🤣🤣🤣🤣🤣🤣🤣👍🏻👍🏻👍🏻👍🏻,neutral,0.0,0.0,0
"Thanks man, I will have to check it out!",gratitude,0.85,0.35,0
No. [NAME] can't do anything to me because he does not exist. He is just a chatacter in a book.,disapproval,-0.55,0.3,1
Because they want to. Why do you act like a goddamn weirdo about stuff like this?,anger,-0.8,0.8,1
"I'd bet that this falls under spamming and therefor I'll get banned soon :/ (please dont, I love this sub)",love,0.9,0.6,0
Right! I pictured my kids and my oldest would probably MAYBE try once to show the little one.,approval,0.6,0.2,0
I'm 21 and I've slept with dozens of girls.,approval,0.6,0.2,0
"I’ve had a hard time finding stuff in the area, occasionally Construction Junction will have a decent old handsaw or two...",sadness,-0.8,-0.3,2
I'm always paranoid of people following me when I am driving home. I would have pooed my pants yikes.,fear,-0.8,0.85,1
if you hate pedos then check out,neutral,0.0,0.0,0
You're welcome! :),excitement,0.8,0.9,0
Z-axis...? You mean the spontaneous propulsion system or is it something else?,curiosity,0.4,0.6,0
"Yeah, maybe if they add [NAME] and [NAME]...",neutral,0.0,0.0,0
Awesome comp ! What a nice treat on a winter night !,admiration,0.7,0.4,0
"Oh dear, The combination of drugs, alcohol and a cell phone has caused many regrets. ",remorse,-0.7,-0.1,2
I love all the episodes with Doug Judy in it.,love,0.9,0.6,0
Give me liberty or give me death metal,neutral,0.0,0.0,0
good luck with the interview!,desire,0.6,0.7,0
Oh my goodness.....I'm sorry. It's probably gonna take a long time to cope it.....,remorse,-0.7,-0.1,2
Happy new year!,excitement,0.8,0.9,0
Nice try.,admiration,0.7,0.4,0
"Pray. I remember that happening a couple weeks ago when the whole system went down internationally. Maybe check your connection and refresh, all that jazz.",approval,0.6,0.2,0
How can a picture hurt?,confusion,-0.2,0.4,1
It’s trying to steal his soul by sucking his breath out of him .,neutral,0.0,0.0,0
:O shame.,embarrassment,-0.55,0.45,1
Repost with a better title,disappointment,-0.65,-0.2,2
You've violated rule 4. Please adhere to the rules of engagement.,annoyance,-0.5,0.4,1
I'm thinking I'd be wondering how I got my hands on a time machine.,surprise,0.15,0.8,0
What a sad story.,sadness,-0.8,-0.3,2
Never thought about it but it’s bloody obvious when pointed out! Good tip,admiration,0.7,0.4,0
This sub has over 350k subscribers. How are there this many of us who enjoy this torture.,curiosity,0.4,0.6,0
I have failed you [NAME]. I have failed you.,anger,-0.8,0.8,1
This one is sad but also very good,admiration,0.7,0.4,0
omg you like totally caught me!!! i'm just a silly social media girl named [NAME],surprise,0.15,0.8,0
Whoever made this is making Tokyo ghoul look bad,disapproval,-0.55,0.3,1
[NAME] is earning his spot,neutral,0.0,0.0,0
"your aiming muscles are just weak, they'll get stronger with time",neutral,0.0,0.0,0
"We love him, duh. He's our NT captain and our ace.",love,0.9,0.6,0
That's the slowest [NAME] Mitt attempt ever.,neutral,0.0,0.0,0
I don’t know exactly what this entails but I’m all for it man,confusion,-0.2,0.4,1
Great analogy:),admiration,0.7,0.4,0
"Oh, hey what's up dude? Haven't seen you around in a while bro. Glad to see your still here.",joy,0.9,0.7,0
The city would have that removed so quickly to keep the cash cow mooing.,neutral,0.0,0.0,0
That must hurt,sadness,-0.8,-0.3,2
"It was actually pretty great, definitely going to return next week! :)",admiration,0.7,0.4,0
Isn’t that the same as idols? I thought it’s a big nono for any intercession when it comes to [NAME]. I could be wrong though,neutral,0.0,0.0,0
I would enjoy Kreate a Kharacter. But it'll need a lot of help. They shouldn't let you put cubes and stuff everywhere like in SC6.,joy,0.9,0.7,0
Same love our late 80s and early 90s Unis. When ever I used to play [NAME] I always played with throw back Unis due to helmet,neutral,0.0,0.0,0
Poo again? it really is an obsession.,curiosity,0.4,0.6,0
>Her obsession with “her man” is weird as shit though. He's jealous. He still cares about [NAME].,caring,0.75,0.3,0
wish stuff was like this with my dad. Lucky kids and lucky dad,desire,0.6,0.7,0
This just in: we’re all FAKES because of [NAME],neutral,0.0,0.0,0
"The last time it happened I just said, ""No"" and closed the door",disapproval,-0.55,0.3,1
Oh no... It's never had sex before.,neutral,0.0,0.0,0
i will downvoted u into oblivion!!!!!!,disapproval,-0.55,0.3,1
Ah thanks. I was posting on mobile so sub rules aren’t as obvious.,gratitude,0.85,0.35,0
I really don’t think [NAME] will leave him. Regardless of if he’s cheating or not.,optimism,0.75,0.5,0
"Unfortunately, this sub is slowly being populated by prequel revisionists and the good-ol-day guys. ",disappointment,-0.65,-0.2,2
"Yeah, I know. I was kinda hoping you didn’t. Ya know just for the point of what a great salesman this dude was.",approval,0.6,0.2,0
How did they know it was seafood? What did I miss? Thats awesome btw,neutral,0.0,0.0,0
Where do you think it belongs? Why?,curiosity,0.4,0.6,0
"If he has to put up with people like you, I feel even more sorry for him now. Yikes. ",remorse,-0.7,-0.1,2
When I was younger I would forget to pull it back to pee sometimes. That was a mess and led to some embarrassing moments.,realization,0.2,0.4,0
The one who accidently paid 1 cent less couldn't have just given the other dumb bitch a penny? smdh,neutral,0.0,0.0,0
"*Lente, otherwise a great song. Theme song to my varsity years ",gratitude,0.85,0.35,0
Or an armor set. But I get what you're saying,neutral,0.0,0.0,0
All i want is to be able to grab pig from an island and let it run freely on my deck,approval,0.6,0.2,0
"Maybe one is bigger than the other, so getting more t-time?",confusion,-0.2,0.4,1
Your meme is bad and you should feel bad,annoyance,-0.5,0.4,1
I get so much [NAME] ads and BS conspiracy video recommendation just because I watch some gun videos... I honestly hate our gun culture in this country..,neutral,0.0,0.0,0
"I read the title, and honestly I thought it was [NAME] and his Telkom bill again",neutral,0.0,0.0,0
"Sadly, yes. You'll only be able to craft weapons with fixed Attachements.",sadness,-0.8,-0.3,2
I believe they shot him through the door in the back.,neutral,0.0,0.0,0
"Hi somebody, I'm dad!",neutral,0.0,0.0,0
His smile and optimism: gone.,neutral,0.0,0.0,0
Oh. :[,neutral,0.0,0.0,0
That guy (his dad?) was so proud he threw that strike!,pride,0.7,0.55,0
"Would you recommend running/run another cycle if you knew you had all your ducks in a row so far as diet, training, and lifestyle go ??",neutral,0.0,0.0,0
"one's a rapist, and the other's a stingy yank a bit of a difference in situations no matter how much we hate [NAME]",annoyance,-0.5,0.4,1
Saying that men have it more difficult in certain scenarios doesn't mean that men have it easier than women in all circumstances. That's ridiculous.,disapproval,-0.55,0.3,1
Right? I’ve never heard of it being made with French dressing.,surprise,0.15,0.8,0
Immaturity at its finest,neutral,0.0,0.0,0
"Dawg, turn on the volume and smash that screen record button. too easy.",neutral,0.0,0.0,0
It's weird that many places consider iguanas invasive species..,embarrassment,-0.55,0.45,1
"""*[NAME], what's your favourite 80s band?*"" ""*New ORDERRRR!*""",curiosity,0.4,0.6,0
I wasn’t aware of that. Thanks for the info. That makes the decision a lot easier.,gratitude,0.85,0.35,0
Getting the second one out of the way as well 🙄,neutral,0.0,0.0,0
"You're right, I was just trying to avoid getting too specific, as all financial advise will vary based on OP's financial situation and needs.",approval,0.6,0.2,0
I don’t think most people suck for 4 yrs and then figure it out again,disapproval,-0.55,0.3,1
Who delivers mail to the mail mans house,neutral,0.0,0.0,0
Yeah well most species don't kill off their own species unless for territorial reasons which we do already,neutral,0.0,0.0,0
I get scared just reading your flair,fear,-0.8,0.85,1
Haha yep. Thanks. Fixed it!,gratitude,0.85,0.35,0
I was hoping [NAME] would get into commentating.,optimism,0.75,0.5,0
The guy who tied a shotgun to a balloon so the gun would float away and it would just look like a homicide comes to mind,neutral,0.0,0.0,0
[NAME] is an embarrassment to this state,embarrassment,-0.55,0.45,1
Ha the additional loss of life to your engine really showed them.,realization,0.2,0.4,0
I'm a poker pro I'm a pro at my job so I can lose money at poker,realization,0.2,0.4,0
Just mad that you have to wait another 6 months for your cake day,annoyance,-0.5,0.4,1
That look is exactly like my Waffle House. And the one past that and a town over.,approval,0.6,0.2,0
"Yeah, my thoughts exactly. Alright people, time to revive this comrade's karma.",neutral,0.0,0.0,0
Criterion is such a great company though. I’m really hoping they get their new steaming service up and running soon.,optimism,0.75,0.5,0
My favorite thing is his friend in the back,love,0.9,0.6,0
What a god,neutral,0.0,0.0,0
The miracle of life!,admiration,0.7,0.4,0
"Why not hit him up, maybe you can eat some chicken fingers (the good kind, 8 bucks) and then go bang behind the muffler shop",neutral,0.0,0.0,0
This made my hump day. Thank you good sir,gratitude,0.85,0.35,0
"Then tell me what he's doing, instead of being a racist hypocrite.",annoyance,-0.5,0.4,1
Rec and Red just need to die as teams. Fucking joke of a performance here considering how much funding they are both getting.,annoyance,-0.5,0.4,1
I usually do. I didn’t stay up until midnight the preceding Sunday thusly I missed out on my block-hoarding opportunity.,disappointment,-0.65,-0.2,2
Pretty much same. It’s always me who has to change. I’m the one wrong.,approval,0.6,0.2,0
"I was going to put in the post that I wanted to smack her, but here in the comments I'll say, I wanted to smack her. ",anger,-0.8,0.8,1
"I prefer to pay for my hugs, higher quality.",neutral,0.0,0.0,0
"Goodness, that shot of McDonald's is **super** old. It looks like a picture from the 90s/early 2000s.",realization,0.2,0.4,0
Last update was a bit glitchy.,neutral,0.0,0.0,0
Macs Local Eats is just the best. I don't know what else to say.,admiration,0.7,0.4,0
man this gif is weird both directions,disapproval,-0.55,0.3,1
Original post is here: post,approval,0.6,0.2,0
That’s awesome. They did it on purpose.,admiration,0.7,0.4,0
It's almost like OP is the real CB trying to make fun of people to get them mad and then screenshot it for karma,neutral,0.0,0.0,0
HEY EVERYBODY ITS TAGGED AS A SHITPOST STOP CARING THIS MUCH. OBVIOUSLY WE’RE NOT GETTING AD.,disapproval,-0.55,0.3,1
I find that fascinating considering that racism and sexism so often intersect.,realization,0.2,0.4,0
Loving this start boys,love,0.9,0.6,0
"Except, you know, it doesn’t. Fuck off commie",neutral,0.0,0.0,0
"Interesting, thanks for the article, guess they're just as bad!",gratitude,0.85,0.35,0
He's on the z-axis wing,neutral,0.0,0.0,0
Too funny 😂😂😂😂,amusement,0.8,0.5,0
Same but I’m not really believing the OP isn’t a troll.,disapproval,-0.55,0.3,1
your comment made me exhale slightly faster because it's great. lol.,amusement,0.8,0.5,0
"Thank you, that means a lot.",gratitude,0.85,0.35,0
Manila and Monét serving a lot of emotion for safe,neutral,0.0,0.0,0
Ooh! I quite like the swimming pool of makeup as well.,excitement,0.8,0.9,0
Any good reading on [NAME]? I don't really know if I like her or not.,confusion,-0.2,0.4,1
Thanks - I had not heard of shootings in chapels.,gratitude,0.85,0.35,0
[NAME] is a fucking trooper,neutral,0.0,0.0,0
Wow! I never saw it that way. Thank you so much :),gratitude,0.85,0.35,0
Im actually going to this game! One of the only chances every year I have to see the boys play in person. LET GO DEVILS,excitement,0.8,0.9,0
"Launching a jab is a hard commitment though, right? Because I doubt you can react fast enough to seeing them jab and launch them.",confusion,-0.2,0.4,1
Dang. That IVF story. I feel so badly for that woman oh my god,disappointment,-0.65,-0.2,2
I still have empathy because she's a human with a family. Every bigots are human.,caring,0.75,0.3,0
That guy’s heart must be more broken than [NAME] when he had the heart virus,sadness,-0.8,-0.3,2
Seems like a much ado about nothing.,neutral,0.0,0.0,0
"Also, if you start looking for your partner to get mad at you when depression ""kicks in"" then you're probably starting it yourself. ",approval,0.6,0.2,0
But those are typically quieter and then I won’t need them 🙃 are we done,disapproval,-0.55,0.3,1
That guy talked bad about his haircut I guess,confusion,-0.2,0.4,1
"I said in my original text post that I don’t think Venezuela is socialist, and I stand by that statement.",neutral,0.0,0.0,0
"OK, is there a crossover between herb and spice in your language (Norwegian?) I was confused by 'North American Provence spice'.",confusion,-0.2,0.4,1
Not to mention the small electronic machines that we all carry around in our pockets. It'll be interesting to see how this impacts online casinos that accept cryptocurrency.,excitement,0.8,0.9,0
Lying by omission,neutral,0.0,0.0,0
>she looks like squidward when she smiles LOOOL,amusement,0.8,0.5,0
Is it weird that I read this with Papa [NAME] voice,confusion,-0.2,0.4,1
Here is the original post,approval,0.6,0.2,0
Intension or The Patient,neutral,0.0,0.0,0
"I'm not saying she should get surgery, but I gotta ask, would laser lipo or something similar get her to the body shape she wants?",neutral,0.0,0.0,0
Doesn’t excuse the majority of southerners,disapproval,-0.55,0.3,1
I love me some Cat but someone clearly never read The mists of Avalon,love,0.9,0.6,0
Thats amazing...i just bought a tank. Thanks for the post!,admiration,0.7,0.4,0
"Not all comedy is for everyone. Check out some of their other stuff, though. They're overall hilarious.",amusement,0.8,0.5,0
[NAME] that's rough. Thanks for explaining,gratitude,0.85,0.35,0
People have ate up Dorions lies about it. It's such gaslighting it's amazing.,neutral,0.0,0.0,0
"yuck, I'd be embarrassed to walk around with a black belt if I were actually blue-ish",embarrassment,-0.55,0.45,1
"I hope you get the job, friend. :) Best of luck!",optimism,0.75,0.5,0
"Scream ""THIS IS FOR OPTIC"" as you finish",neutral,0.0,0.0,0
Cries in Shinboner Spirit,sadness,-0.8,-0.3,2
I agree with your statement.,approval,0.6,0.2,0
I like it!,love,0.9,0.6,0
Juul is heavy vapor. Idk how to describe it but i didnt feel like that when i used other juices,confusion,-0.2,0.4,1
Does anyone remember the way home? I do! *blam* Anyone else? *raises hand* *blam* Anyone else?,confusion,-0.2,0.4,1
I'll never forget how great [NAME] was that day.,admiration,0.7,0.4,0
"I tried my best, but my best was never enough. Thank you.",gratitude,0.85,0.35,0
Source leads to artist’s Twitter page and post :3,neutral,0.0,0.0,0
Need to change the subject of this post or it will be removed quickly but I hope those scum bags end up in jail.,optimism,0.75,0.5,0
This is so wholesome I love it,love,0.9,0.6,0
"Unfortunate for him, but I'm bringing up players. >AND they can just stop being a support.",neutral,0.0,0.0,0
"Naw, you're good. They had something else and lost it. Don't feel bad",caring,0.75,0.3,0
Thank you comrade,gratitude,0.85,0.35,0
I just love the look of most benzos. Bars of course the most. But a handful of 10mg valiums or 2mg klonopin is also mouth watering :),love,0.9,0.6,0
"I think there was a reason, there was for me. I saw her as far too power-hungry and completely full of herself.",neutral,0.0,0.0,0
Having fled to the other side of the planet 15 years ago.,neutral,0.0,0.0,0
"Tory nationalists puts nationalstic soundbite. TBH, at this stage, an endorsement from TM should be seen as implicit admission that independence is a great idea.",admiration,0.7,0.4,0
Don't be afraid to put yourself out,caring,0.75,0.3,0
"I was thinking the same thing. It does make me wonder how whomever leaked it, obtained a copy in the first place. ",approval,0.6,0.2,0
Switching to GEICO could save you 15% or more on car insurance,neutral,0.0,0.0,0
So many questions unanswered. Poor guy.,caring,0.75,0.3,0
"Wow, that’s fascinating! I’d be interested to know the rationale (or lack thereof) for a [NAME]. ",excitement,0.8,0.9,0
That boy just learn why you don't mess with a woman.,realization,0.2,0.4,0
Right? I think [NAME] needs to be careful cause I could def see [NAME] snapping.,neutral,0.0,0.0,0
Women aren’t men. We don’t need multiple sexual partners the way men do.,neutral,0.0,0.0,0
Bop employee here. Not GLAD,neutral,0.0,0.0,0
The song must be thrilling,curiosity,0.4,0.6,0
Thanks for the tip! I just watched it and now I want more insider info!,gratitude,0.85,0.35,0
Id give my left nut for another [NAME]. ...and im a berkeley liberal. THATS how crazy the party has gotten.,joy,0.9,0.7,0
"Go forth brother and make her so. If you build it, they will come. ",neutral,0.0,0.0,0
"Wait, he’s not actually saying that? 🤯 I must’ve crafted my post with too much... SUBTLETY.",realization,0.2,0.4,0
An RPG could have solved this problem.,neutral,0.0,0.0,0
"Yeah, he's trash. ",annoyance,-0.5,0.4,1
I've actually taken this opportunity to get back into making YouTube videos.,optimism,0.75,0.5,0
[NAME] 😂 I’m sorry they weren’t as expected but thank you for sharing! I had a good giggle.,neutral,0.0,0.0,0
Good that corporate knows about it. They'll launch a LP investigation and fuck the idiots doing this.,anger,-0.8,0.8,1
"I mean, he did believe in a clearly terrible [NAME] ",neutral,0.0,0.0,0
I think we need to start coming to grip with the true that TWOW and the series will not be completed.,optimism,0.75,0.5,0
I am sad to hear about your cat. Pets become like a family member. I am glad to hear you are doing better.,admiration,0.7,0.4,0
Do u realize u can revive yourself with it once it's lvl3 ???,realization,0.2,0.4,0
Don't y'all scream communist at everything and burn Nike stuff for no legitimate reason?,curiosity,0.4,0.6,0
Oh wow I love this!,love,0.9,0.6,0
Proper us of cell phone while operating a motor vehicle. Good for you.,neutral,0.0,0.0,0
[NAME] isn’t the problem [NAME] is.,disapproval,-0.55,0.3,1
Made by [NAME] who also was involved with Sacred Games so I think you'll enjoy it.,joy,0.9,0.7,0
LETS GO MO,neutral,0.0,0.0,0
Lmao that’s so true,neutral,0.0,0.0,0
I like that energy,love,0.9,0.6,0
"Bubble Bass should try it, just DON'T FORGET THE PICKLES!! ",approval,0.6,0.2,0
Just heard the Xbox Rare Achievement sound go off in my head.,neutral,0.0,0.0,0
"She later drunkenly slipped on her puddle, fell onto the tracks, and was run over. RIP",sadness,-0.8,-0.3,2
SIGN HIM NOW GASE,neutral,0.0,0.0,0
Talk to a psychologist. Sorry but they can help if you think you have a problem,remorse,-0.7,-0.1,2
"Yeah it was, it was awful, everyone got sick, I was sick for like a week after that event.",disgust,-0.8,0.45,1
"Oh hello there, food",neutral,0.0,0.0,0
It tasted strange to me.,neutral,0.0,0.0,0
"*”Better videotape it for that sweet IRL karma. Look at how generous I am, people! I am so humble.”*",admiration,0.7,0.4,0
Trust me man. Don't see it. It's scarring.,fear,-0.8,0.85,1
Bumble is also great!,admiration,0.7,0.4,0
if [NAME] got a divorce he would stop doing this,neutral,0.0,0.0,0
I'm really sorry you're experiencing this. You are not in the wrong. I hope you can get away from their control when possible....stay strong,remorse,-0.7,-0.1,2
"No matter what job she actually gets, say she’s going to go work for his company “because of her great workplace attitude.”",admiration,0.7,0.4,0
You're not wrong. We move better in a chaotic atmosphere rather than a structured one.,approval,0.6,0.2,0
But we're just trying to diffuse the tension and teach them about peace!,caring,0.75,0.3,0
"Yeah, fuck you for enjoying music! I'd love to see your collection. ",love,0.9,0.6,0
"Completely right about [NAME], [NAME], [NAME]",neutral,0.0,0.0,0
I love your comment...,love,0.9,0.6,0
Until he leaves for the Lakers and we’re right back in the same spot in two years after not winning shit,anger,-0.8,0.8,1
"Wow, the level of evidence that you accept is more or less abysmal.",disgust,-0.8,0.45,1
"just doesnt make sense... almost 30, already played in La Liga and they likely could have had him at any time he was there.",neutral,0.0,0.0,0
Knew you weren't from here. I don't believe your story though.,neutral,0.0,0.0,0
Hope this scenario changes for the better. Else non affiliated scholars might overtake the academia in ushering real breakthroughs that would change the game.,optimism,0.75,0.5,0
Now I'm craving Wendy's,desire,0.6,0.7,0
"Someone did. The person who impregnated them. Humans don't reproduce asexually, you can't just make yourself pregnant",neutral,0.0,0.0,0
Saying cancer isn’t bad precluded you from being a rational human being.,neutral,0.0,0.0,0
New Houston foodies here that make Youtube videos on food primarily on Houston spots. Would love some honest feedback!,gratitude,0.85,0.35,0
"I like this, but it doesn’t quite convey the horrifying rotting smell. It sounds sort of cute! She was not lol ",amusement,0.8,0.5,0
[NAME] has been doing everything great except for shooting. It will start falling eventually,disappointment,-0.65,-0.2,2
"I was at this game live, right by the end zone when he ran this glorious run in. It was beautiful.",admiration,0.7,0.4,0
The dad is a douche and the cashier seems like he just doesnt have social skills. I really dislike the dad more than anybody.,neutral,0.0,0.0,0
Why must you hurt me with such words?,curiosity,0.4,0.6,0
I’m so sorry that you both have to deal with this ❤️,remorse,-0.7,-0.1,2
They feel soooo good on TBF,joy,0.9,0.7,0
I think this is one of my favorite Aquaria looks ever!!!,admiration,0.7,0.4,0
This is a gift for my rematch secret Santa recipient. I hope they’re both confused and amused.,confusion,-0.2,0.4,1
"$13,99 in Canada. It's reaching a price where I may also do a few months at a time and then cancel for a few months.",neutral,0.0,0.0,0
Good luck my G,optimism,0.75,0.5,0
The dude even looks like [NAME]!,neutral,0.0,0.0,0
Still very curious who this woman is and what she looks like,curiosity,0.4,0.6,0
"Fun fact: the average person eats 5 dogs in their sleep, checkmate veegunz",neutral,0.0,0.0,0
What a good pupper,admiration,0.7,0.4,0
[NAME] is a comedic goldmine. I don't blame comedians for milking the idiot.,neutral,0.0,0.0,0
Girls gotta stick together.,neutral,0.0,0.0,0
Wow she sounds like fun,amusement,0.8,0.5,0
The village elders have not given a shit about the children for awhile now.,annoyance,-0.5,0.4,1
"You’ve never been to Oakland, Hayward, or Richmond?",curiosity,0.4,0.6,0
Pm me too please!,neutral,0.0,0.0,0
Yeah. Like you.,gratitude,0.85,0.35,0
Top 10 nibbas satan's too afraid to torture.,fear,-0.8,0.85,1
I love all of this. Thank you ❤️,love,0.9,0.6,0
just read to chapter 216 and im heartbroken i hope they fix this...,optimism,0.75,0.5,0
He's so intimidating...,nervousness,-0.45,0.75,1
Ugh... hate when people talk to me when I'm fishing. This would be so awful hahaha,disgust,-0.8,0.45,1
Time goes fast so this 43 years relation must feels like if it was yesterday!,neutral,0.0,0.0,0
A world where I despise a good number of republicans AND democrats.,disapproval,-0.55,0.3,1
[NAME] Need people to play with so thanks :),gratitude,0.85,0.35,0
I mean.....they both seem true to me.......,approval,0.6,0.2,0
Fuck yeah! Bring on 2019,neutral,0.0,0.0,0
This has been a bizarre day of coaching decisions,disappointment,-0.65,-0.2,2
I’d love it if the Star Wars license was revoked from EA and then Obsidian make another KOTOR game.,love,0.9,0.6,0
"Fish are friends, not food!",love,0.9,0.6,0
"As someone named [NAME], I welcome him to Dallas Gang",joy,0.9,0.7,0
"> [NAME] X-Wing in TLJ appears to be a newer model, T-70, like [NAME]. that make it even more stupid....",annoyance,-0.5,0.4,1
"You got this, good luck brother",optimism,0.75,0.5,0
"Nope, if i remember correctly it was a modded gibson les paul, i'm not a guitar player though",neutral,0.0,0.0,0
Haha yeah!,amusement,0.8,0.5,0
"I enjoy BOG and Italy at Epcot. But that’s just me. Also, probably better going to Golive Arden. ",joy,0.9,0.7,0
This is hilarious if you read it in [NAME] voice,optimism,0.75,0.5,0
"It's shit, it's over, put the damn format to bed and send the cunts who make it over to Fox",anger,-0.8,0.8,1
Why do I have a feeling tommorow there’s going to be a post. [NAME] broke up with me cause he thinks we’re related HELP!,neutral,0.0,0.0,0
"I've been into cuckolding for many years, and I'm wondering the same thing! ",surprise,0.15,0.8,0
It's one of these situations where I'm happy that I'm not enough of a gimp to understand,joy,0.9,0.7,0
"Can't wait till the home game in March... And a portland okc playoff series would be ""lit af"" ",neutral,0.0,0.0,0
Another year filled with Mets disappointments...... LGM! Can't wait for Spring Training!,disappointment,-0.65,-0.2,2
They are elected to represent Scotland,neutral,0.0,0.0,0
I’ve never felt so blessed that I live in a country with wide open roads.,gratitude,0.85,0.35,0
"Lmaoo a team full of [NAME] blunders, sometimes I feel like it’s sabotage from the man above ",amusement,0.8,0.5,0
Thanks for your advice.,gratitude,0.85,0.35,0
And this video has been around more than [NAME].,neutral,0.0,0.0,0
"That woman gave me nightmares as a child. Also, you probably know this but she also plays [NAME] aunt in the third movie!",fear,-0.8,0.85,1
I used to use Phillips but I switched to State Farm this year,neutral,0.0,0.0,0
Didn't know you're that close of a friend.. very cool!,love,0.9,0.6,0
I was banned for criticizing the authoritarian mods and now I’m back! Feels good to have the subreddit return to the principles of freedom of expression.,joy,0.9,0.7,0
"thanks, metropolitan looks legit according to google searches. ",approval,0.6,0.2,0
"I hope you meant stay strong, we are here for you. Me too.",optimism,0.75,0.5,0
"I think everyone should watch the first season. It's hilarious, but also a pretty brutal indictment about what a show politics is.",amusement,0.8,0.5,0
"Thank you. I think I may know that already, but I might need to hear it from others at times when I miss him a lot. ",gratitude,0.85,0.35,0
There’s never been one person doing okay who [NAME] wasn’t willing to drag down.,neutral,0.0,0.0,0
The stories where he meets and talks shit to [NAME] are some of the best!,admiration,0.7,0.4,0
"And now what you've been waiting for, another long raga by [NAME].",neutral,0.0,0.0,0
Oh sh*t guys I got banned,disappointment,-0.65,-0.2,2
Do you boo boo. Live your best life,caring,0.75,0.3,0
This better be a fucking shitpost.,anger,-0.8,0.8,1
I'm sad I had to come this far down to find this.,disappointment,-0.65,-0.2,2
I thought legends already started.,neutral,0.0,0.0,0
Badass mom of the year moment. My mom has surprised me like that too. Awesome man,admiration,0.7,0.4,0
I love the small hole in the clouds with the moon (sun?) peeking through,love,0.9,0.6,0
I'm impressed. A 3 year old account and this is your only comment.,admiration,0.7,0.4,0
My guess is that we will get it done at $9.1 for 8 years. Slightly high number now that will seem like a bargain in 4-5 years.,optimism,0.75,0.5,0
Don't tell me what to do.,annoyance,-0.5,0.4,1
Well if they are in the playoffs it likely means we are not so that should be a cause for concern regardless of how they perform once they get there,neutral,0.0,0.0,0
Bless your heart sweaty. Bless your heart.,caring,0.75,0.3,0
Monument to stupidity more like.,annoyance,-0.5,0.4,1
California Adventure has beer so I'm fuckin living the dream.,excitement,0.8,0.9,0
Highly reccomend it OP Listen i got 74 days cigerette free i couldnt be happier! My next step is quitting the juul which is gonna be rough,approval,0.6,0.2,0
"She was such a pretty girl, she didn’t need to get all those surgeries. What a shame.",admiration,0.7,0.4,0
Google “Video Game Addiction”. You’re already at step one. You know you have a problem.,realization,0.2,0.4,0
"After 3 weeks of vacation, today is my final vacation day. Unfortunately, I go back to work tomorrow. not staying up for this one",neutral,0.0,0.0,0
The [NAME] excuse needs to die. [NAME] was on the bench for an extended period when the Raps defence made [NAME] freaking [NAME] look like an all-star.,neutral,0.0,0.0,0
Making my bold prediction now. [NAME] finishes #1 RB in 1/2 PPR for 2019.,neutral,0.0,0.0,0
I keep telling everyone to watch it. It's such a fun movie and the directing is great.,admiration,0.7,0.4,0
Now you move onto personal insults. Well done O king of the waffles. Once again using a word (nuance) with no context. Bored now.,annoyance,-0.5,0.4,1
Just be her friend. Don’t try to have sex with her.,neutral,0.0,0.0,0
omg this sport is so insane and I love it,love,0.9,0.6,0
You’re a nut if you don’t think the pubs are far more corrupt than the dems.,neutral,0.0,0.0,0
I'm from Lebanon and have been supporting Celtic since 2006 ! Glad to see there are other people from around the world here !,joy,0.9,0.7,0
"[NAME], [NAME] and [NAME] looks like... He ain't natty",neutral,0.0,0.0,0
Reminds me of that Australian news story about kids addicted to Fortnite and the kid is talking about how much he loves [NAME] ([NAME]).,approval,0.6,0.2,0
"Huge, huge internet hugs. My heart broke for you reading this. I'm so sorry you had to go through this. ",remorse,-0.7,-0.1,2
Lame passing all night,neutral,0.0,0.0,0
[NAME] just make one shot and we’ll be happy,joy,0.9,0.7,0
Marry her....she's a keeper.,neutral,0.0,0.0,0
So thoughtful.,neutral,0.0,0.0,0
this is r/comedyheaven content alright. frick u i love it.,love,0.9,0.6,0
I only like felicity when she’s with black siren.,joy,0.9,0.7,0
Lol I bet you actually believe that too,amusement,0.8,0.5,0
Name calling and personal attacks are completely unacceptable on this sub. Consider this a warning.,approval,0.6,0.2,0
"I am truly sorry for you because that ""song"" is so awful",disgust,-0.8,0.45,1
Actually I got mine right when they were getting banned,approval,0.6,0.2,0
/r/keto too believe it or not.,confusion,-0.2,0.4,1
There is still time.... though I dont expect anything to change as Activision dont care about the community hell neither do Treyfail,neutral,0.0,0.0,0
cool... Sorry bro,sadness,-0.8,-0.3,2
But that rookie year was sick. Such a Slash fan when I was young.,disappointment,-0.65,-0.2,2
I love you [NAME]!,love,0.9,0.6,0
Everything's broken then. It's not like all other discourse is high minded and unemotional.,disappointment,-0.65,-0.2,2
"I say I love you to friends of both sexes and there's never been any problem, tbh I'm bissexual tho, so it should be weird either way",love,0.9,0.6,0
"Hope so, got them at +1200 just after they beat Duke.",optimism,0.75,0.5,0
Teen spirit sure ain't what it used to be...,disapproval,-0.55,0.3,1
"Can I potentially levitate 2 inches off the water also, or just the ground? ",neutral,0.0,0.0,0
Wasn't the Oroville Dam collapse triggered (at least partially) by an overflow?,confusion,-0.2,0.4,1
"That sounds great, I *love* Rogue One. It's also the movie that's perfectly safe for TLJ fans to despise.",love,0.9,0.6,0
I have faith,neutral,0.0,0.0,0
"dude, you need a some sun on those damn things you call legs. ",neutral,0.0,0.0,0
"I seen reactions to this elsewhere and DAM famales are some sensitive fucers, you see something online and your whole life fall apart like 🙂🖥️😢😭😢😭😭😭😭😭😭😭😭",neutral,0.0,0.0,0
[NAME] is scary,fear,-0.8,0.85,1
So bad its funny,amusement,0.8,0.5,0
"[NAME], aside from the goal was several magnitudes worse than [NAME]....",neutral,0.0,0.0,0
Thanks man. Thought that counts.,gratitude,0.85,0.35,0
you couldn't make a more unsubstantiated claim even if you tried,neutral,0.0,0.0,0
Actually someone already said goodbye so checkmate idiot,neutral,0.0,0.0,0
I'll take the downvotes and agree with you. Some of the ugliest looking things I've ever seen. Absolutely disgusting aesthetic.,disgust,-0.8,0.45,1
I love that OP “loved” his insult. It’s like the ultimate slap in the face to this CB.,neutral,0.0,0.0,0
Yes!! There are some great step parents on the show!!,admiration,0.7,0.4,0
That thread is awesome. I can't believe it's this guy that unites us all,admiration,0.7,0.4,0
Sorry for your losses. Keep up the awesome work. Your son will remember your efforts and hopefully be part of your life soon,admiration,0.7,0.4,0
Nah. Enjoy your free food,joy,0.9,0.7,0
This looks like [NAME] at the gym,neutral,0.0,0.0,0
"The problem with C4 wasn't that it was short, but that nothing really happened. ",neutral,0.0,0.0,0
that is the saddest damn yogurt ive ever seen,sadness,-0.8,-0.3,2
"I appreciate the dedication, but they really didn't have to be silent for three quarters of the game.",admiration,0.7,0.4,0
"I haven't watched the original FMA, but you're definitely in for a fun ride with Brotherhood. Hope you enjoy it!",joy,0.9,0.7,0
Bye now.,neutral,0.0,0.0,0
You. I like you,love,0.9,0.6,0
Lmao why does every sw fan have to be so melodramatic,amusement,0.8,0.5,0
"Thank you, I hope so too!",optimism,0.75,0.5,0
">!the only time it's become a harem is in the epilogue, and it's only 1 part of him!<",neutral,0.0,0.0,0
"well, they never said anything about curing her...",neutral,0.0,0.0,0
I would feel like the biggest idiot if I made your comment.,embarrassment,-0.55,0.45,1
The glass used in this vintage is extremely exquisite,admiration,0.7,0.4,0
This is great! Can anyone make a request with you to draw?,admiration,0.7,0.4,0
It's at 3.9k now,neutral,0.0,0.0,0
Wow... never heard of that podcast. Looks awesome. Thanks for the link!,gratitude,0.85,0.35,0
"Yeah.. like 30ish BBs deep I don’t think about it twice, just re-jam and be a sad boy. But we are so fucking deep...",sadness,-0.8,-0.3,2
How dumb haha,amusement,0.8,0.5,0
"Roast you? The fires of Mount Doom already did that for you, you [NAME] looking ass. ",disgust,-0.8,0.45,1
This article and the accompanying photos have gone viral. Anyone who knows him personally has probably read it. Dude's probably being shamed and humiliated as we speak,neutral,0.0,0.0,0
"""[NAME] has been consistently good against okc"" big faxxx [NAME]",neutral,0.0,0.0,0
"Damn, looking at that makes me realize just how bad of an owner [NAME] is. He overpaid on just about everyone (not [NAME] obviously)",realization,0.2,0.4,0
As comic book guy from Simpson’s would say. WORST. WRITTEN CRIMELORD. EVER....,disgust,-0.8,0.45,1
Wow I forgot we were competing with Sevilla for 3rd place. That makes this win even more important then!,excitement,0.8,0.9,0
It is a highly underappreciated movie...FOOLS,anger,-0.8,0.8,1
Corn shells are gluten free and vegan,neutral,0.0,0.0,0
That's terrible. I'm sorry for your loss.,sadness,-0.8,-0.3,2
to be fair that's most fanbases (and especially those of teams with losing records for a few years like ours),neutral,0.0,0.0,0
"Thanks, totally makes sense, just need to get out (and stay out) of my head =)",gratitude,0.85,0.35,0
I love it when people delete their whiny comments and then try to reply with something snarky,love,0.9,0.6,0
Hahahah Someone rmb this joker from movie!,amusement,0.8,0.5,0
Anyway we can get [NAME]?,neutral,0.0,0.0,0
Yes I do mean it positively and I have used a sous vide and it does come out looking rare,approval,0.6,0.2,0
Unrelated but happy cake day!!,excitement,0.8,0.9,0
No worries! I'll go through these when I have time. Just may take a few days here and there.,approval,0.6,0.2,0
Go for it! It may be a great thing.,optimism,0.75,0.5,0
"Thanks! Tbh I just set the limit from true to false, didn't want to mess anything up by changing it. What number what you recommend?",gratitude,0.85,0.35,0
"noun flogging or beating, either as a religious discipline or for sexual gratification.",neutral,0.0,0.0,0
Why is it arrogant to think LIVING IN A FUCKING BEAR CARCASS is wrong?,anger,-0.8,0.8,1
Thanks so much for sharing! I really appreciate you sharing your thoughts and helping me feel less alone. I too hope that it gets better for you!,admiration,0.7,0.4,0
Advocating for rape and torture of women on a whole and even inciting men to do it seems like it should break the rules.,approval,0.6,0.2,0
"[NAME] would be fun [NAME], [NAME], [NAME], [NAME], and possibly [NAME] would make us prime contenders for hard knocks ",neutral,0.0,0.0,0
Omg I wish I were still there so we could brave this together. Let us know if you go!,desire,0.6,0.7,0
Just put ice on it man,neutral,0.0,0.0,0
"Thank bejebuzz, the channel will be a little less nuts for it.",gratitude,0.85,0.35,0
That's the stuff of nightmares right there,nervousness,-0.45,0.75,1
Jazz too i remember the office and pnr talk about how bad it is.,disapproval,-0.55,0.3,1
Something tells me she just got it too.,neutral,0.0,0.0,0
"I didn't say that or imply it, nice try.",neutral,0.0,0.0,0
"Nah, this is actually my cat! He’s just the only other person I know that would eat em",neutral,0.0,0.0,0
Similar feeling here. We'll are just bunch of weebs.,approval,0.6,0.2,0
Lol yeah. It’s cute that he said it but didn’t realise it could have a double meaning.,admiration,0.7,0.4,0
she and [NAME] seem genuinely happy with each other now. i’m happy for them both,joy,0.9,0.7,0
Wow dude. That's the clumsiest promotion I've seen,amusement,0.8,0.5,0
"I have a model gun IRL, similar to the ones in Persona You could imagine how fun it was playing through P3",joy,0.9,0.7,0
Also I've heard she owns a bag.,neutral,0.0,0.0,0
This is the strangest rendition of our national anthem that I’ve ever heard.,admiration,0.7,0.4,0
"at least give the penguin some scritches, as it said no matter what they do, it would head to the mountain anyways 😭",optimism,0.75,0.5,0
got a screenshot of the interaction!,neutral,0.0,0.0,0
I was born in 1980 so the 90s were my teen decade. I loved it. Best decade ever,love,0.9,0.6,0
Great Scientists can keep you competitive even if you didn't get too much harassed in the early game.,neutral,0.0,0.0,0
"I'm about to start my weekend. Don't mind if I do go contribute to the thread. Thank you, OP.",gratitude,0.85,0.35,0
LCSC?,neutral,0.0,0.0,0
The old “I had sex with your mom” joke. I chuckled a little.,amusement,0.8,0.5,0
"Funny, I don't know a single MRA who's been accused of sexual assault... but I know plenty of feminists who have...",amusement,0.8,0.5,0
Okay thank you! Is there any word on when it's coming to live build?,gratitude,0.85,0.35,0
Oh the irony in the title,surprise,0.15,0.8,0
"Beans, yo! I used to hate them but now I sometimes just eat a can of beans for a meal. They are hella filling too.",approval,0.6,0.2,0
That must be so frustrating. Sounds like he’s digging his heels in and refusing to accept his faults.,anger,-0.8,0.8,1
The aints can lick my bum hole.,annoyance,-0.5,0.4,1
"I have never gone from almost brushing off something to darn near vomiting because of it, good lord.",disgust,-0.8,0.45,1
I moved to the construction industry because it's less mental stress and I can myself better,approval,0.6,0.2,0
Wow. She didn't get it at all. Very entitled parent,surprise,0.15,0.8,0
Im pretty sure the 2nd song is about him too. Cant wait to get that on the PA along with the disco lights,excitement,0.8,0.9,0
I never donate to 90DF go fund me. We can thank [NAME] and [NAME] for starting the trend.,gratitude,0.85,0.35,0
"Yes, I am.",neutral,0.0,0.0,0
That's why I specified 'current attack.' I know it's gone on for ages.,neutral,0.0,0.0,0
"Oh [NAME], my new friend. How much time and wine do you have.",curiosity,0.4,0.6,0
"Limiting warming to 0.9 degrees from now [NAME] damn, they using a young baseline. Like 1951 or something. Were warmer than just 1 C",surprise,0.15,0.8,0
Rotfl! 🤣🤣🤣 I'll have to turn on caption from now on...,realization,0.2,0.4,0
"College was the worst and the most miserable time of my life. Adult life, on the other hand, is the best I've had.",disapproval,-0.55,0.3,1
>The young will never trust them. Ever. You hope.,disapproval,-0.55,0.3,1
That's some legendary teamwork exhibited right there.,admiration,0.7,0.4,0
I think this is what inspired [NAME],approval,0.6,0.2,0
This one really made me laugh.. Omg,amusement,0.8,0.5,0
For some reason I'm reminded of this,realization,0.2,0.4,0
Why I left the industry... it’s full of hipsters who don’t realize they’re hipsters. That was worse than the slave labor.,neutral,0.0,0.0,0
I mean do what you want but I've always thought that's a good way of getting pink eye.,approval,0.6,0.2,0
I had the same thought,neutral,0.0,0.0,0
"Nothing personal against you. Thanks for explaining your intentions, though.",gratitude,0.85,0.35,0
I have a very confused boner rn,confusion,-0.2,0.4,1
The stuff nightmares are made of. Those poor poor timelines.,neutral,0.0,0.0,0
Especially when it's right in your FACE,neutral,0.0,0.0,0
I thought about it before. But I'm afraid I might get in trouble.,nervousness,-0.45,0.75,1
"Just a spat probably, nothing serious I'd think.",neutral,0.0,0.0,0
"If there is an ordered psychological work-up, will it be 3 days and 3 nights and will they decide if she needs to stay longer? thank you",gratitude,0.85,0.35,0
"Accounting. I love the work, hate the people and the environment.",love,0.9,0.6,0
"That’s the p-value, not the effect size. 0.4 is a long way from being a significant result.",neutral,0.0,0.0,0
I'm not a fan of the model and the animations in general. He looks incredibly slapdash.,admiration,0.7,0.4,0
I'm here with a devil axe and 34 Krit chance. And my killer axe just broke.,neutral,0.0,0.0,0
PIN IS TOO SMALL TO FIT 20 PEOPLE! #NEXT!,neutral,0.0,0.0,0
At this point one can only hope.,optimism,0.75,0.5,0
malicious intentions? what are you talking about?,fear,-0.8,0.85,1
They're the ultimate hodlers; the ones who've lost their private keys.,neutral,0.0,0.0,0
Can’t get hep or HIV from shitty politics.,neutral,0.0,0.0,0
Too bad it's only good enough to fool dumb animals or animals with poor eyesight,neutral,0.0,0.0,0
A fucking centaur,anger,-0.8,0.8,1
My thoughts exactly,neutral,0.0,0.0,0
Did not expect pint sized [NAME]. That was cute!,admiration,0.7,0.4,0
"Super curious, commenting to check in.",curiosity,0.4,0.6,0
Can someone please explain why is it illegal and where? Never heard of this before !,curiosity,0.4,0.6,0
If we go anything but line I’ll be irate.,neutral,0.0,0.0,0
Daddies little nightmare,neutral,0.0,0.0,0
"Oh [NAME], House of Leaves. That book is......",neutral,0.0,0.0,0
"[NAME] tweet directly contradicts this... Edit: [NAME] said that ""[NAME] didn't make this deal by himself"". The organization chose [NAME].",neutral,0.0,0.0,0
Lol it should be in the brig (not the brigantine) for those poor souls to play but it only plays becalmed.,amusement,0.8,0.5,0
Right? He actually came across as level headed and mature here so that was a shock.,surprise,0.15,0.8,0
Right? The dollar values just double and two daily doubles.,neutral,0.0,0.0,0
She should just go straight to therapy.,neutral,0.0,0.0,0
Yea that's nonsense,annoyance,-0.5,0.4,1
I guess it really can bring out the worst in people. Some of these groups seem outright predatory on young people who are angry at the world.,annoyance,-0.5,0.4,1
Just give him a chance!,caring,0.75,0.3,0
Saints Chiefs matchup would make for a great Super Bowl,admiration,0.7,0.4,0
I can't tell if its a guy or a girl and i don't know if I love or hate that,confusion,-0.2,0.4,1
"Exactly. Last year we were saying, “Don’t worry...next year we will get [NAME] or [NAME]. Or both.” What a joke ",amusement,0.8,0.5,0
"I figure if I'm being held up by my waist, I have better shot at your knee than your groin.",neutral,0.0,0.0,0
But everybody came back anyway,neutral,0.0,0.0,0
Those are precisely communist ideas.,neutral,0.0,0.0,0
Smh at least you know if you ever do anything with her to always get it in writing and notarized!!!,neutral,0.0,0.0,0
Oh lawd he comin,neutral,0.0,0.0,0
I wanna die,sadness,-0.8,-0.3,2
Nothing wrong with kayo,approval,0.6,0.2,0
Escorted off.. or being detained?,curiosity,0.4,0.6,0
"The fact that [NAME], the other principal in the original story, has gotten out of this unscathed is annoying.",annoyance,-0.5,0.4,1
There's a ton of reasons in other threads.,neutral,0.0,0.0,0
Colored for our pleasure too,neutral,0.0,0.0,0
People only treat you the way you allow them to.,neutral,0.0,0.0,0
It's not *literally* the same investigation.,disapproval,-0.55,0.3,1
Lol i love my life. You're the one insulting random strangers on the internet. Must suck having no life 😂😂😂😂,annoyance,-0.5,0.4,1
"That's along the lines of what I was thinking, thank you!",gratitude,0.85,0.35,0
Everyone has their own preferences I happen to play better when I have multiple balls in my pockets.... no pun intended,pride,0.7,0.55,0
I dont even know what that is lmao,confusion,-0.2,0.4,1
I stand corrected. IQ is not worthless. Knowing ones own IQ aids in masturbation.,approval,0.6,0.2,0
"No, he wasn't the entire problem, but his performance can't be excused by coaching alone. He's just not very good.",disapproval,-0.55,0.3,1
> set suggested.,neutral,0.0,0.0,0
"As I’ve said in other comments, the increase in the cost of carbon makes it regressive. The rebates make them progressive.",optimism,0.75,0.5,0
*[NAME] making [NAME] even more sad.*,sadness,-0.8,-0.3,2
I love truck drivers!!,love,0.9,0.6,0
Very interesting prediction!,optimism,0.75,0.5,0
It blows my mind that there are still people out there that think pot is more dangerous than alcohol.,surprise,0.15,0.8,0
I would love to watch you become jaded by [NAME].,love,0.9,0.6,0
This again?,neutral,0.0,0.0,0
"Wait, isn't everyone nervous or scared the first time they hold a newborn? ",curiosity,0.4,0.6,0
So many [NAME] killed in Hoi An. [NAME] damn do I love that exchange rate.,disappointment,-0.65,-0.2,2
Hell yeah frick that promiscuous girl,neutral,0.0,0.0,0
"Thank you, I couldn’t figure out what he was trying to say!",gratitude,0.85,0.35,0
Didn't watch it. I assume the invasion plan dead in the water because the UK has nukes.,disapproval,-0.55,0.3,1
Why are you taking a picture of a playground? Lol,amusement,0.8,0.5,0
Thanks globalism!,gratitude,0.85,0.35,0
My favorite calm BGs are [NAME] and [NAME] :),love,0.9,0.6,0
I don’t even like basketball that much. Chill out man,disapproval,-0.55,0.3,1
Every single war fought on US soil,neutral,0.0,0.0,0
[NAME] that was funny too. She was mothering him the whole episode,amusement,0.8,0.5,0
Who's [NAME]?,confusion,-0.2,0.4,1
"Man I am so happy for [NAME], they are selling out. Personally there is no way I would be able to afford them for 38$",joy,0.9,0.7,0
oh im wiaitin.,neutral,0.0,0.0,0
"If there was Romanian news being covered, I'd want to hear from a Romanian reporter... this is the worst take I've ever heard.",annoyance,-0.5,0.4,1
"There have been some really good replies in this thread, I hope they help you too! :)",admiration,0.7,0.4,0
"we can hammer out the details later .... don't worry, we'll nail her down on costs eventually",caring,0.75,0.3,0
It's riskier to take on bad contracts right now,nervousness,-0.45,0.75,1
Thanks for the info mate gonna watch out next time,gratitude,0.85,0.35,0
Looks like ketchup. 😮,neutral,0.0,0.0,0
That’s a fine r/beetlejuicing here,approval,0.6,0.2,0
Thanks for sharing. I've actually been to the Allen.,gratitude,0.85,0.35,0
I'm really considering making this my flair,approval,0.6,0.2,0
I think there is a reality to that. Some of the focus has shifted to policing the language at the expense of dealing with more fundamental issues.,approval,0.6,0.2,0
Dang I hope OP took these cause I wish I could’ve,desire,0.6,0.7,0
"Oh it just means I’m soon to graduate, in my final year of undergraduate study.",neutral,0.0,0.0,0
i feel ya,neutral,0.0,0.0,0
So happy to see these as the top two comments. My lips turned to prunes just watching this.,joy,0.9,0.7,0
WE FOUND THE HERETIC AMONGST US!,neutral,0.0,0.0,0
"So does [NAME], so much for him being a Thibs guy.",neutral,0.0,0.0,0
"Yeah, [NAME] stans cannot get enough of it. In their little bubble [NAME] can outsmart a queen with experience in dealing with petty people. ",approval,0.6,0.2,0
It's a fact tho. So your accusations are simply based on misinformation.,annoyance,-0.5,0.4,1
"They say nature makes man feel small, but I wasn't expecting this",neutral,0.0,0.0,0
"Clearly it's all the Big Pharma in the Monsanto™. I heard at least two of those kids had three Monsantos™, EACH! ",neutral,0.0,0.0,0
This is literally the *only* thing I know about warhammer orks and I feel kind of bad about that. It's the coolest concept: faith-based technology.,admiration,0.7,0.4,0
"Trae getting where he wants whenever he wants, that’s all that matters",neutral,0.0,0.0,0
Great list!,admiration,0.7,0.4,0
"Hey [NAME], [NAME] here",neutral,0.0,0.0,0
Why does he take offense to something that you did to YOUR body? It's YOUR body. I think it's blatant disrespect from his part.,annoyance,-0.5,0.4,1
"Happy birthday to that gold thong wearing, porn stache sporting son of a bitch!",neutral,0.0,0.0,0
Goodbye [NAME]. I hope you get reincarnated as someone who can stay awake for 15 minutes!,optimism,0.75,0.5,0
Classic sloth fuckboi,anger,-0.8,0.8,1
Ironic that that’s a false claim... BUT mao did directly cause the lives of 100million of his own people,neutral,0.0,0.0,0
that's a proud dad,pride,0.7,0.55,0
"“While you were getting laid, I was shopping for clothes at Costco.”",neutral,0.0,0.0,0
Oh I didn't see that.,realization,0.2,0.4,0
"When [NAME] scores not one, but TWO goals it means you're doing something wrong",disapproval,-0.55,0.3,1
Let's get the streak going.,neutral,0.0,0.0,0
"I dont know, you sound like a rarity in FA circles, in my experience most FA´s arent outgoing and dont have big circles of friends ",neutral,0.0,0.0,0
"except that he can't, he already played a South American U20 with Argentina which cap ties him.",neutral,0.0,0.0,0
Disgusting. Need to get the tooth hole fixed😂,disgust,-0.8,0.45,1
I wish I could too.,desire,0.6,0.7,0
Yeah...when can the neckbeard asking this question feel okay if he masturbates?,neutral,0.0,0.0,0
Who spend 54% of his life in jail because of crooked cops.,curiosity,0.4,0.6,0
"They don’t like him, so he is divisive. It’s projection.",neutral,0.0,0.0,0
I have a sudden urge to delete my reddit account,desire,0.6,0.7,0
It's amazing how polar opposite [NAME] is from Thibs,admiration,0.7,0.4,0
Do yourself a favor and protect your credibility by not arguing in favor of a terrible hire.,caring,0.75,0.3,0
Lmao seriously this is stupid. HEY GUYS DO YOU GUYS AS INTJS NEED TO DRINK WATER? NOT ME,neutral,0.0,0.0,0
Man that was like 6 minutes ago,neutral,0.0,0.0,0
I like this idea.,approval,0.6,0.2,0
This is surprising as many pizza places us peanut oil on the crust in the past. Had a friend end up in the hospital from this.,surprise,0.15,0.8,0
Lmao what a guy,amusement,0.8,0.5,0
> take already pretty average ingredients and add more stuff that actually makes the sandwich worse like Primanti's. Hahaha this is a great way to describe Primantis.,amusement,0.8,0.5,0
It's kind of worrying that you genuinely believe that left-wing people are actively trying to destroy their own country. Approaching USA levels of ridiculous viewpoints.,nervousness,-0.45,0.75,1
I am a dishonest and disrespectul,disappointment,-0.65,-0.2,2
"Roger that, I'll see if I have any in store~ Thanks!",approval,0.6,0.2,0
TL ranks dont mean anything and won't until they have rank restrictions on how many leagues people can be apart that can que together.,realization,0.2,0.4,0
pretty sure that [NAME] and those defenders of staunchness the vanguard bears run any of our mentalists pretty close.,realization,0.2,0.4,0
"I'm asexual too, so I'm doubly protected against advertisements.",caring,0.75,0.3,0
YES they all going in on LIEda,neutral,0.0,0.0,0
"I can only imagine what we call it when you have sex, then.",neutral,0.0,0.0,0
Also feeling very inspired....i will definitely try doing the same thing,approval,0.6,0.2,0
Guys you can’t blame him. They didn’t have basic math when he was in school,disapproval,-0.55,0.3,1
I hope this works,optimism,0.75,0.5,0
He only does it when I'm playing a fast-paced racing game where I need to always see where I'm going.,annoyance,-0.5,0.4,1
"I thought it was British, oh well.",neutral,0.0,0.0,0
I DON'T KNOW. The loneliness goes from mental pain to physical discomfort and pain.,confusion,-0.2,0.4,1
“Rein get in there!” That’s all I see,neutral,0.0,0.0,0
Sorrow. Sorrow.,neutral,0.0,0.0,0
you guys are getting a better pick that we are. take solace.,caring,0.75,0.3,0
the ancap ideology has spread to birds now. Our numbers grow stronger every day😂,approval,0.6,0.2,0
"What a sweet, sweet bird! Also, that is one tiny pup!",admiration,0.7,0.4,0
"It’s just speculation, but...yikes!",neutral,0.0,0.0,0
I *demand* satisfaction,approval,0.6,0.2,0
Thought this was about signing brown. Op is an attention whore,neutral,0.0,0.0,0
[NAME] is [NAME] and [NAME] daughter?,neutral,0.0,0.0,0
That really is fantastic,excitement,0.8,0.9,0
"Ahhh, my bad. I thought they were blood related.",realization,0.2,0.4,0
This made me sad. I hope you find happiness.,optimism,0.75,0.5,0
"Yeah I could definitely see that, which is sad.",approval,0.6,0.2,0
She's slept with so many guys she's starting to look like one,neutral,0.0,0.0,0
It means less when you hear words come out of her foul mouth. Almost incomprehensible.,disapproval,-0.55,0.3,1
"That is the issue with most things, if you work there you can not win, as well as friends and family members.",disapproval,-0.55,0.3,1
"Imagine being this upset about another man’s marriage, someone you don’t know personally mind you. ",neutral,0.0,0.0,0
I wish more than anything that I was [NAME],optimism,0.75,0.5,0
"Thanks man, I feel better now.",gratitude,0.85,0.35,0
Yay yayeeeee!,joy,0.9,0.7,0
Please tell me the area of NYC that is like the DTES. I'll wait.,neutral,0.0,0.0,0
oh the new Zealand thing thank you,gratitude,0.85,0.35,0
"Yeah, this seems weird to me, too.",annoyance,-0.5,0.4,1
Any weaving subreddits you'd recommend?,neutral,0.0,0.0,0
I feel like the last two seasons made me detach from the show.,disappointment,-0.65,-0.2,2
"I don't know you or your story, but I fucking love your syntax, word choice, etc 10/10 would trip with",anger,-0.8,0.8,1
"Honestly I don't celebrate any holidays including new years, and whatnot. ",disapproval,-0.55,0.3,1
[NAME]?! Welcome to the show!!!,excitement,0.8,0.9,0
Having fuck tons of fun right now,excitement,0.8,0.9,0
The obsession with a plot.,joy,0.9,0.7,0
"When a dog brinks you it's toy, that's the sweetest thing it can do :)",admiration,0.7,0.4,0
"Imagine buying a product, then burning it in protest ",neutral,0.0,0.0,0
r/NagafenCoD is ecstatic,excitement,0.8,0.9,0
At least you can skip it,approval,0.6,0.2,0
If we made him stop once we can do it again!,curiosity,0.4,0.6,0
The math so far appears to indicate something more damning. The question I'm curious about is whether the information will come out before summer.,curiosity,0.4,0.6,0
She’s horrible,fear,-0.8,0.85,1
All jokes aside my birthday is January 2nd as well if yours really is,neutral,0.0,0.0,0
"Yeah, who cares. Who cared about you you you ",annoyance,-0.5,0.4,1
I believe you. Have you compared them to any other designs of headphones in the same price range though?,neutral,0.0,0.0,0
"Besides it being hard and fucking up your kettles, irons, hair and taps?",annoyance,-0.5,0.4,1
That’s absolutely fantastic but I literally was only pointing out the last time I can remember Connecticut being in the national spotlight.,admiration,0.7,0.4,0
I'll have some wasabi with tapeworms tonight thanks.,gratitude,0.85,0.35,0
* [NAME]: 17 million * [NAME]: 90 billion * [NAME]: 4 trillion I think that one question sums up the DLB Show perfectly.,neutral,0.0,0.0,0
Really should be twenty three year olds.,neutral,0.0,0.0,0
This jokes a name changer,admiration,0.7,0.4,0
I do. Skull Splitter rules.,approval,0.6,0.2,0
I'm still here so that's a win. Hope you're OK too.,approval,0.6,0.2,0
oh [NAME]...,excitement,0.8,0.9,0
Worst advice ever. This would piss me off.,disgust,-0.8,0.45,1
I miss the bch/bsv war...the quality of posts were getting better....back to square 1,disappointment,-0.65,-0.2,2
! good bot,admiration,0.7,0.4,0
It happens so much that it really scares me tbh.,fear,-0.8,0.85,1
"Yes, a lot of it ",neutral,0.0,0.0,0
Noticed the same thing. Wonder if it's also like that on the redesign. My hunch is on 'no'.,approval,0.6,0.2,0
"Well modern first world commies don't do anything, so that's good",admiration,0.7,0.4,0
Run. Dandududududud,neutral,0.0,0.0,0
[NAME] sucks. Rally killee,neutral,0.0,0.0,0
"I mean, if A video pops up of [NAME] pissing on underage girls, nah, I’m not gonna still be a fan. ",neutral,0.0,0.0,0
The average person here could go their whole life without ever seeing a gun. The gangs and such yeah they manage to get guns one way or another,neutral,0.0,0.0,0
We welcome her with open arms.,gratitude,0.85,0.35,0
It's less about what actually happened. What's done is done. I just want her to know why sexual exclusivity was so important to me,approval,0.6,0.2,0
You’re a good neighbor and a good person.,admiration,0.7,0.4,0
[NAME] they always go back to the dyed hair what's up with that,curiosity,0.4,0.6,0
"This made me lol, I don't want to sound racist but.... *goes completely ham with the racism*",amusement,0.8,0.5,0
Just discovered that my bathroom at work has this spray that you put on the water before you poo and makes it not smell. Absolute game changer,neutral,0.0,0.0,0
Hope [NAME] is watching this but he's probably too busy snorting some lines,optimism,0.75,0.5,0
Nice job with the censor,admiration,0.7,0.4,0
"I, too, can use patronizing terms of endearment with a perfect stranger on the Internet, cupcake ;)",neutral,0.0,0.0,0
Laughing in spitfire mk va.That plane is amazing Especially on breakthrough,admiration,0.7,0.4,0
"Facts have no relevence here, you cannot use them.",disapproval,-0.55,0.3,1
That was a joke omg,joy,0.9,0.7,0
What really? I cant believe no one has ever said that before! You may have saved my life.,surprise,0.15,0.8,0
"Don’t be saucy with me, mister! I ain’t Alfredo you! ",neutral,0.0,0.0,0
Battle of the Bastards,neutral,0.0,0.0,0
Cannot disagree with this one,disapproval,-0.55,0.3,1
>Doctor: So do you cancel a lot of plans you make with friends >Me: uh technically no,neutral,0.0,0.0,0
"Don’t worry, [NAME] already added it to his collection.",caring,0.75,0.3,0
"I mean you could be one or a combination of those things, realistically. -_-",neutral,0.0,0.0,0
he is. he will make the Browns proud!,pride,0.7,0.55,0
I forgot not everyone has accused me of,realization,0.2,0.4,0
The best soft sequel pre-boot spin-off. The movie that would be better as several movies or a tv series. The best outrage over a movie.,admiration,0.7,0.4,0
Well. That went sideways pretty quickly.,admiration,0.7,0.4,0
#NO! #GO CARDINALS!!!,disapproval,-0.55,0.3,1
I'll wait until he enforces this before I get excited.,excitement,0.8,0.9,0
Is it weed? I’m curious to ask if you know what weed smells like?,curiosity,0.4,0.6,0
Good. I want them to remain crazed. More winning for us.,admiration,0.7,0.4,0
>when you're a day older than your friends on your 18th birthday ich believe I'm a bit too old for you!,neutral,0.0,0.0,0
"Man, what a fool. All you gotta do is if(on_earth) fireRocket(); I'll be taking my 7 figure salary now.",annoyance,-0.5,0.4,1
That Pixel art yak is so cute tho.,admiration,0.7,0.4,0
"Not an unattractive man, he’s gonna need real plastic surgery to fix that. ",neutral,0.0,0.0,0
We'd never lose again with him giving the crazy eyes to anybody who makes a mistake.,optimism,0.75,0.5,0
She’s out here lookin like Snuffleupagus from the muppets with those big eyes sheesh,neutral,0.0,0.0,0
Fuck you bro,anger,-0.8,0.8,1
"Honestly I realized they’re not really gatekeeping, but [NAME] last comment shows the gatekeeping",realization,0.2,0.4,0
Where is the problem? **Just do it again!**,neutral,0.0,0.0,0
What are you gonna do when your 150 years old and a giant angry bird won't stop trying to kill you?,neutral,0.0,0.0,0
"Dude, grammar.",neutral,0.0,0.0,0
You know what would instantly unwreck you? A good screwing. Transformational !,approval,0.6,0.2,0
Was that before or after he murdered over a million [NAME]?,confusion,-0.2,0.4,1
Sorry about that! Edited with the addition of those details.,remorse,-0.7,-0.1,2
29? Double digits are too damn many.,annoyance,-0.5,0.4,1
"Imagine seriously considering [NAME] as a nominee, what a joke.",amusement,0.8,0.5,0
"Though underwear would have made this less embarrassing, I wear it for a different reason. ",embarrassment,-0.55,0.45,1
omg no way he totally screwed himself over there XD,annoyance,-0.5,0.4,1
It’s been posted dozens and dozens of times since last night. People fucking suck.,disappointment,-0.65,-0.2,2
Which is exactly the point capt obvious.,neutral,0.0,0.0,0
I’ve never seen the reverse tbh. All the brown guys I know get absolutely no hoes and just orbit women for life.,neutral,0.0,0.0,0
Bitch real man just panicking purchases a m82 barret..Now excuse me while i hide from my wife for the next month.,fear,-0.8,0.85,1
Right? just like the shock I had in elementary school when I learned the KKK was started by [NAME],surprise,0.15,0.8,0
Lol thanks for understanding that it's humor as a coping mechanism...there are some comments on here that don't seem to grasp the concept very well.,gratitude,0.85,0.35,0
Actually looks really fucking fun. Where can I do this?,amusement,0.8,0.5,0
"I confirm, my increased by around 20% every year for the last 3 years.",approval,0.6,0.2,0
Well that totally explains why we're on both ends of the spectrum lol,amusement,0.8,0.5,0
"Whaaaat no way, you can’t play it with other people? ",anger,-0.8,0.8,1
What a weird character to use for something like this,annoyance,-0.5,0.4,1
It wouldn’t be our biggest free agent signing in a second considering he’s not a free agent.,neutral,0.0,0.0,0
"Never understood the attachment to cats personally, letting them in and out and back onto the bed. It’s just not normal and gross.",confusion,-0.2,0.4,1
This is fantastic!,excitement,0.8,0.9,0
I think they should have gone with “Breaking news: even healthcare professional can’t see the future.”,neutral,0.0,0.0,0
"These people project so much, I'm surprised they don't work at cinemas.",neutral,0.0,0.0,0
I have all the names..,neutral,0.0,0.0,0
I mean that’s still weird bro... it’s like a college grad feeling up a junior in HS,disapproval,-0.55,0.3,1
*OR blasting it from a PA system installed on your car!,neutral,0.0,0.0,0
"Russia is at war with the tchetchen , no ?",neutral,0.0,0.0,0
bored waiting for the game [NAME],disappointment,-0.65,-0.2,2
lol you think you can get 21 back.,amusement,0.8,0.5,0
Haven’t watched the new episode yet but the art definitely reminds me of [NAME] MS Paint art.,optimism,0.75,0.5,0
"Completely, it makes it into a decent panel",neutral,0.0,0.0,0
I just thought I would be remise if I did not engage with the subject.,remorse,-0.7,-0.1,2
I personally took this of his snapchat.... [lmfao,neutral,0.0,0.0,0
Is he not supposed to have what he wants? What he needs?,curiosity,0.4,0.6,0
I like him too but when we DFAd him last year you’d have thought we cut [NAME],admiration,0.7,0.4,0
I’m drunk!!,neutral,0.0,0.0,0
Passing the torch. Lmao. You never made a good one.,disappointment,-0.65,-0.2,2
"If [NAME], upon becomming Premier actually funds solar, wind or other renewable energy projects with Government of Alberta money I will eat my tuque.",neutral,0.0,0.0,0
"Yes!! It took 6 months to get my license in! I started to worry that something had gone wrong, but, I indeed receive it!",disappointment,-0.65,-0.2,2
I'm surprised [NAME] let her post that.,surprise,0.15,0.8,0
"Verify yourself already or we will continue to ""spit negativity""",neutral,0.0,0.0,0
This thing going to be a boon doggle. The last thing NJ needs is another mall.,neutral,0.0,0.0,0
There are courts. You need to document all this and let the judge give him a tongue lashing. Not that that would make a difference...,neutral,0.0,0.0,0
"Man, such a shame we only got three movies. They really didn't wrap up all the plotlines.",embarrassment,-0.55,0.45,1
Educate yourself instead of defining yourself.,neutral,0.0,0.0,0
Aren't they designed to not go straight if you don't hold the wheel? Something about making sure they don't go too far?,neutral,0.0,0.0,0
So 10 bucks says shes just gonna leave him after this anyway,neutral,0.0,0.0,0
"Damnit, now they're ruining IKEA too.",annoyance,-0.5,0.4,1
There’s really no rationalizing their train of thought.,neutral,0.0,0.0,0
i hope so,optimism,0.75,0.5,0
"Yeah, I actually do really like the TD Centre. Love walking around on (non bone chilling Saturday's) and just admiring the city.",love,0.9,0.6,0
Uhhhh I did lol,amusement,0.8,0.5,0
No it’s true. However it is time to rethink how we recycle clothing in cities and the elimination of donation bins is step one.,disapproval,-0.55,0.3,1
He's just showing off for the camera there.,neutral,0.0,0.0,0
"Wow, not exactly a complimentary typo. ",surprise,0.15,0.8,0
That's a big meal.,neutral,0.0,0.0,0
Are you a twink?,neutral,0.0,0.0,0
Now let's see what games media will magically defend because he's against it.,curiosity,0.4,0.6,0
Now we play the waiting game.,neutral,0.0,0.0,0
"Fair play, thanks for educating me 😊",gratitude,0.85,0.35,0
Does it have to be a pharmacy I’ve went to?,curiosity,0.4,0.6,0
"The montage of a man's career, there's so much said in these photos it is incredible.",admiration,0.7,0.4,0
Narrow guage is great!,admiration,0.7,0.4,0
What was that?!,confusion,-0.2,0.4,1
This has to be the 7th time this was posted,neutral,0.0,0.0,0
I'm with you. I'd love for my nex to read what I post. It probably wouldn't matter because she has zero self-awareness.,caring,0.75,0.3,0
"Been to 54 countries at age 34. No debts, ever. Aiming for retirement in my early 40's. Life is good.",joy,0.9,0.7,0
This one's pretty fucking funny. Also LOL to that kid with that shotgun. The kick would break his shoulder in half.,amusement,0.8,0.5,0
Oh [NAME] that was horrible,fear,-0.8,0.85,1
[NAME] was also a vice president.,neutral,0.0,0.0,0
Are you willing to donate to local organizations or do you want to focus on national? What issues do you want addressed?,curiosity,0.4,0.6,0
Weirdly enough that's my favorite part of his videos: the ending sting/title card It reminds me of old school racing and fighting games with those over-the-top announcers,disgust,-0.8,0.45,1
"Not me personally, but I do think it's an excellent idea. You never know when a stomach bug might hit.",disapproval,-0.55,0.3,1
If we leave the turtle alone with too many barnacles it can suffocate and die.,caring,0.75,0.3,0
Does anyone know how much that would be in (£) pounds.,curiosity,0.4,0.6,0
That explains it. Who was it?,neutral,0.0,0.0,0
"Doctors hate him! *Like* if you love **[NAME]**, *Ignore* if you worship the **[NAME]!**",neutral,0.0,0.0,0
Cool. Glad I'm not the only one who found it weird.,relief,0.7,-0.2,3
Louth is just an auld patch of muddy water you wade through to get from Belfast to Dublin.,neutral,0.0,0.0,0
Licking the grease from people’s fingers as they leave chicken cottage for sustenance.,neutral,0.0,0.0,0
Serious question. Can I be you,neutral,0.0,0.0,0
He'll pull back into his shell before anyone gets a chance to hurt him,neutral,0.0,0.0,0
Please don't promote your channel,disapproval,-0.55,0.3,1
Look at me! I care about animals!,caring,0.75,0.3,0
"as superficially as possible. i cant go deep with a guy, only with girls.",disapproval,-0.55,0.3,1
"I’m sorry to inform you, it’s worse. ",sadness,-0.8,-0.3,2
This is the cutest! Wearing your heart on your sleeve so to speak.,joy,0.9,0.7,0
No point in trying to maintain your mental health if no one would and does not even care about you.,neutral,0.0,0.0,0
My [NAME]... This makes it so much more cringe.,fear,-0.8,0.85,1
Only time the police get any love,realization,0.2,0.4,0
this is killing me LMAO,amusement,0.8,0.5,0
"So cool! So bonkers that people do this, I love it! Do you mind if I post these on my pages?",love,0.9,0.6,0
Oh [NAME] if I was 9 and my parents did that I would cringe real hard,fear,-0.8,0.85,1
Ugh. I just hate seeing this name :(,annoyance,-0.5,0.4,1
I still defend the evening gown .. that purple and that wig were right,approval,0.6,0.2,0
She looks so pretty in that photo.,admiration,0.7,0.4,0
"Get out of here with this, dude.",anger,-0.8,0.8,1
Lmao I wonder how much effort it takes to reread 2 lines that she deemed too straining. What an era to live in...,amusement,0.8,0.5,0
I fucking love that scene.,love,0.9,0.6,0
Holy crap. I need to listen to that speech in full on my commute home then.,neutral,0.0,0.0,0
*slams obvious repost on the desk* Pack your things. Get outta my subreddit,neutral,0.0,0.0,0
How do you walk about eating pasta?!,curiosity,0.4,0.6,0
Which is why people sell on TPT...,neutral,0.0,0.0,0
Exactly! The mob mentality of these people is sad! Let's bring some love and peace into the world!,desire,0.6,0.7,0
It gets better! You're not alone and any progress is good progress. Always keep fighting.,optimism,0.75,0.5,0
The reduction in class size seems pretty small and insignificant.,disappointment,-0.65,-0.2,2
You are totally right. What I meant was:,approval,0.6,0.2,0
"Immigants! Even when it was the bears, I knew it was dem!",neutral,0.0,0.0,0
"Aw you seem upset, you are obsessed with talking shit about me. This move is indefensible.",anger,-0.8,0.8,1
That's probably percisely what they did... They couldn't get into the server still. I'm sure they have specific rules about delaying and pausing.,neutral,0.0,0.0,0
That’s a terrible amount of bp for 11 kills,fear,-0.8,0.85,1
"Consider yourself lucky, 2 toxic people got rid of themselves for you. Move on.",caring,0.75,0.3,0
"I actually did just after writing it hope the poster doesn't mind, but just so you can find ",neutral,0.0,0.0,0
Then believe me...he Always will be looking. It’s just the way it is with some guys.,neutral,0.0,0.0,0
I can't tell if this is satire of not. It's got this whole [NAME] and [NAME] dad rock vibe going on.,neutral,0.0,0.0,0
lol it’s pretty tame compared to r/Titlegore,disapproval,-0.55,0.3,1
The ghost of [NAME] saves the day!,neutral,0.0,0.0,0
"Still, that's quite the life. A [RELIGION] vegetarian causing mayhem, drinking with bands and almost getting serenaded by [NAME]!",neutral,0.0,0.0,0
"That man was an amazing speaker, even these three minutes are enough to show that.",admiration,0.7,0.4,0
Unblockable feint dodge light beats a roll on reaction to the unblockable.,neutral,0.0,0.0,0
37 and together 12 years. 11 yo kiddo. Thanks for the tip. You're right.,gratitude,0.85,0.35,0
I love me some buff girls!,love,0.9,0.6,0
She's a bloody sociopath.,annoyance,-0.5,0.4,1
"Poor [NAME], three lovers in 15 seasons",neutral,0.0,0.0,0
What a good bear c:,admiration,0.7,0.4,0
Thanks appreciate it,gratitude,0.85,0.35,0
Was it a quad-core or a six-core? I always find my Apple easier to eat if I turn it off first.,neutral,0.0,0.0,0
Lincoln Riley had no HC experience and only 2 years of P5 OC experience.,neutral,0.0,0.0,0
Way to go mama for being so supportive!,neutral,0.0,0.0,0
"Fake news! Obviously this can't be true, as everyone can clearly see the angelic halo above [NAME] head. ",disapproval,-0.55,0.3,1
Because a bunch a boys r lookin,neutral,0.0,0.0,0
"I sincerely hope they'll take good elements from DMC 2 (outfits, [NAME]) and maybe make fun of DmC",optimism,0.75,0.5,0
Yeh It’s pretty obvious how I misread it bc ... I misread it. I didn’t downvote you.,embarrassment,-0.55,0.45,1
Yeah but if you do have a problem you'll be faced with a very difficult decision.,neutral,0.0,0.0,0
The blonde one of the news and yer man off Corrie,neutral,0.0,0.0,0
Isn't this the same video already posted ? Not seeing anything different,confusion,-0.2,0.4,1
Because they enjoyhis music. Stop asking stupid questions in order to get attention,annoyance,-0.5,0.4,1
NBA Record 3-3 [NAME] o3.5 ast @ 1.85 [NAME] o22.5 pts @ 1.85 [NAME] u25.5 pts @ 1.85,neutral,0.0,0.0,0
just end the friendship and go meet more people. You're just prolonging the obvious.,caring,0.75,0.3,0
Just appreciate the moment jeez,admiration,0.7,0.4,0
"All this, for *one* kid? How fucking selfish.",annoyance,-0.5,0.4,1
I drew that Godzilla!!! I'm OPs friend btw.,neutral,0.0,0.0,0
"Yep. I found out that a member of the school board is upset about something that happened with their own child, and wanted access revoked for teachers. ",neutral,0.0,0.0,0
It says Expect. Which means nothing is official as of right now.,neutral,0.0,0.0,0
"I have to admit, most of the worst people I have encountered in my life were met while LARPing.",anger,-0.8,0.8,1
Condolences. Take comfort in your cats and breathe. Consider a grief counselor.,neutral,0.0,0.0,0
Man lucky guy i just wish it could have been me. I could do the same but different of course. Let me Know,optimism,0.75,0.5,0
I _hate_ it when I can't get hold of a specific food I've been craving on a binge day.,annoyance,-0.5,0.4,1
I just got the zc and season pass for bo3 and have only played solo. Loving the game though.,love,0.9,0.6,0
[NAME] damn I wish you was located near me haha,desire,0.6,0.7,0
Happy cake day!,gratitude,0.85,0.35,0
"Yeah, at least carry a ziploc bag of dead cockroaches with you for this purpose, like a self respecting meal scamming scumbag. ",neutral,0.0,0.0,0
... so we're pretending that this wouldn't be totally awesome had it been 1 administration back?,confusion,-0.2,0.4,1
Just be respectful.,neutral,0.0,0.0,0
"Haha, I had this on my clipboard already when I came across your comment.",amusement,0.8,0.5,0
Thank you very much for this. I’m sure it’ll help.,gratitude,0.85,0.35,0
My icebreaker is you do all the work.,neutral,0.0,0.0,0
I have no idea Lmao. One of the kids at my school shared it. 16. Actually cares about politics. So L,confusion,-0.2,0.4,1
I teach the same students and one of them argued that poverty was a choice. It was an...interesting class discussion.,amusement,0.8,0.5,0
"Eh, some people grow up, get tired of banging their heads and decide to start using them instead 😜",anger,-0.8,0.8,1
When they stop showing literally every big Viking loss in these games.,disappointment,-0.65,-0.2,2
> Take away the snow and it looks like an IU home game. Damn [NAME].,neutral,0.0,0.0,0
My dad doesn’t believe in climate change. This is way too accurate.,disapproval,-0.55,0.3,1
A comb that combs near and far. Great for rushed carpools to work.,neutral,0.0,0.0,0
"Boy just tell her to ""calm down"" or ""watch her tone"" and get it over with.",anger,-0.8,0.8,1
Desperation doesn't think.,neutral,0.0,0.0,0
"[NAME] could rebound and still be overpaid, depending on how hard he rebounds.",neutral,0.0,0.0,0
Works great until you sit down and burst the banana open.,admiration,0.7,0.4,0
LOL I work at HPE and I was about to share this with our new hub director...glad I watched the last 2 seconds.,amusement,0.8,0.5,0
Honestly it makes me sad but [NAME] does need less time:/,sadness,-0.8,-0.3,2
I wonder why! :/,surprise,0.15,0.8,0
"Eh, keep it here. There's plenty of need for content that isn't about politics or antisemitism. Food is fun for everyone to talk about.",neutral,0.0,0.0,0
That’s exactly how my non-union electrical company works ... it’s the funniest unfunny joke,amusement,0.8,0.5,0
"We're sleep walking into, in the words of the Bank of England, a disordely Brexit. It's a bit problematic.",disappointment,-0.65,-0.2,2
Learned my lesson,neutral,0.0,0.0,0
"Sorry I forgot a word! I added it back in, thanks for letting me know",gratitude,0.85,0.35,0
"Oh, lol, no, I was asserting that you are being racist and have prejudices. That was a funny one, lol.",amusement,0.8,0.5,0
Great quote for a fictional universe in which you can speak with ghosts of the deceased. Sadly doesn’t offer comfort here.,admiration,0.7,0.4,0
It is a gorgeous picture. However I would rather that sun exploded and took us all to kingdom come than sit in traffic.,admiration,0.7,0.4,0
I miss being little 😭😭😭,sadness,-0.8,-0.3,2
Honestly wish [NAME] would just stop taking threes all together. They just don’t fall for him.,desire,0.6,0.7,0
"In like 5 years, your entire high school career will be one entire cringe. Congratulations. ",annoyance,-0.5,0.4,1
"I couldn't get my wife on board. She insists on eating a ""real dinner"".",embarrassment,-0.55,0.45,1
I have 1200 hours and the highest i’ve ever been was silver elite. I should probably quit this game.,disappointment,-0.65,-0.2,2
Tbh not sure why you'd ever keep those two by each other. One above oven other literally almost anywhere else besides above oven,neutral,0.0,0.0,0
"Only 150 calories for two so it's not as awful as a tub of ice cream. Still a bad message, though",disgust,-0.8,0.45,1
This seems like something that would be hilarious as a parody,amusement,0.8,0.5,0
Someone somewhere decided that today is the day they're tired of their job. We've all been there.,neutral,0.0,0.0,0
You’re gonna let him go without unmasking him??,neutral,0.0,0.0,0
It does with PIA,neutral,0.0,0.0,0
Glad someone appreciates it! This was a lot of work.,joy,0.9,0.7,0
Could also mean that mutated versions of these plants could make excellent super weeds that destroy our infrastructure. Tree roots and weeds are already a huge problem.,neutral,0.0,0.0,0
"At first your post reads like some anti-vax, flat earth rant containing too many capitalised words... until you realise it's all true.",realization,0.2,0.4,0
"""I have to deal with this, so now you have to also."" ",approval,0.6,0.2,0
You're trying too hard,neutral,0.0,0.0,0
"Oh no, [NAME] is in pain",sadness,-0.8,-0.3,2
Last year was Celtics and Sixers... that’s pretty decent,admiration,0.7,0.4,0
Short and sweet I like it.,love,0.9,0.6,0
Tip o' the pin to u/wikilacks for posting the full Pew article on this thread:,neutral,0.0,0.0,0
"She's why [NAME] doesn't want memes lol, she's a goldmine",amusement,0.8,0.5,0
"Sorry for the late reply. Bought it on the NHL shop, they have them in both fanatics and addidas.",neutral,0.0,0.0,0
[NAME] the new [NAME],neutral,0.0,0.0,0
The title gives a pretty good rundown in my opinion.,admiration,0.7,0.4,0
"So, because its crypto business, they hold 1-2 weeks. Thanks for info ",gratitude,0.85,0.35,0
"No, but thanks for playing.",gratitude,0.85,0.35,0
How dare you disrespect my boy [NAME],anger,-0.8,0.8,1
"Thanks, going to check them out next time i make something like chilli",gratitude,0.85,0.35,0
It’s supposed to be. But ol [NAME] snuffed a few out that he could have otherwise put clothes on and sent home.,neutral,0.0,0.0,0
Oh my gosh she opens her gullet like a freaking pelican!!!,surprise,0.15,0.8,0
Can you please write up a summary of how the event went? The live stream isn't working because they changed the venue. Thank you!,gratitude,0.85,0.35,0
"I'll kill you if you do that again, *honey*",anger,-0.8,0.8,1
No one loves me,disappointment,-0.65,-0.2,2
Hurr durr! Just take a shower and lift bro!,neutral,0.0,0.0,0
I kind of love the rabbit,love,0.9,0.6,0
This makes my tummy sick.,sadness,-0.8,-0.3,2
You just need to yell Calibrations and he'll be right there,neutral,0.0,0.0,0
I’m so glad I watched this entire thing. That’s incredible.,admiration,0.7,0.4,0
Is this in New Orleans?? I really feel like this is New Orleans.,neutral,0.0,0.0,0
"Oooh yes, great idea. Too bad there aren't any other duplicate names",disapproval,-0.55,0.3,1
"But more importantly, who gudder... [NAME] or [NAME] + 2019 Mavs pick? (Still probably [NAME] but I don't care bcus I love [NAME])",neutral,0.0,0.0,0
Hello fellow Newcastle vegans! We are very lucky to have so many vegan places!,gratitude,0.85,0.35,0
It sounds like he doesn't know exactly what he wants and he's taking it out on you.,neutral,0.0,0.0,0
Bless your heart.,caring,0.75,0.3,0
I'm glad you got the help you needed. Sorry we couldn't help you here.,remorse,-0.7,-0.1,2
Well it doesn't matter anyway. Ignore compliments; they don't help you.,disapproval,-0.55,0.3,1
The air can kill you at this temperature.,neutral,0.0,0.0,0
did anyone calculate aprox. how much would the food cost in total?,neutral,0.0,0.0,0
Till they bark at the racists in your subreddit,neutral,0.0,0.0,0
Btw I’m totally including myself in the karmahungry section but that pic was just too appropriate to not share,approval,0.6,0.2,0
I’m battling depression and anxiety and having a healthy diet and loosing weight has helped me,sadness,-0.8,-0.3,2
Oh. Oh shit. It's you. Sorry you had to see this glorious trainwreck.,remorse,-0.7,-0.1,2
You just made me remember [NAME] is gone and that made me happy. Thank you stranger.,gratitude,0.85,0.35,0
This is not looking good for China's typical method of say whatever the other side wants to hear then do nothing.,disapproval,-0.55,0.3,1
"This sub no longer has much in the way of standards, sadly.",sadness,-0.8,-0.3,2
It didn’t even compare to migas lol. Might have some in the morning.,amusement,0.8,0.5,0
He looks 10 years younger since leaving Old Trafford.,approval,0.6,0.2,0
"Contentedness is something I think we're all striving for. I'm glad it's happening for you, even if just for a moment :)",joy,0.9,0.7,0
I feel bad for my kids who will never get to see [NAME] play... [NAME] on the other hand...,sadness,-0.8,-0.3,2
I've never been this sad in my life!,sadness,-0.8,-0.3,2
You're all insane.,neutral,0.0,0.0,0
I’m surprised that any of this is considered that big of a deal. At least he wasn’t molesting little kids.,surprise,0.15,0.8,0
Yo so friend canceled on me I got a free ticket today. PM me if you're interested!,neutral,0.0,0.0,0
I do this all the time and I have honestly never noticed.,realization,0.2,0.4,0
The mindset that feminism has instilled them with: entitlement.,neutral,0.0,0.0,0
"They're all concerned about keeping the human race going. As for reproduction stopping with us, let it be.",neutral,0.0,0.0,0
Do you have any data to suggest this?,neutral,0.0,0.0,0
Good thing you did not live near a Guatemalan insane asylum.,approval,0.6,0.2,0
Nah mate. I would kill for 3mb/s. On a good day i max out at about 450kb/s.,neutral,0.0,0.0,0
"No, my point is that looking to past behaviors isn’t indicative of what is right and virtuous ",disapproval,-0.55,0.3,1
Fuck you for making me read this.,anger,-0.8,0.8,1
"That's what I was going for, but I felt like replying with /r/woooosh was too much of a cookie cutter response. ",neutral,0.0,0.0,0
"I was expecting you to say she put a piece of bread on your head and say ""okay you're a sandwich",annoyance,-0.5,0.4,1
With Everyday passing day without a good signing I feel like we got robbed in this trade,disappointment,-0.65,-0.2,2
I have been really close friends with her for over a year so I don't think that is the problem. I appreciate the comment though thank you.,gratitude,0.85,0.35,0
I really wish this wonderful person would run for president! <3,optimism,0.75,0.5,0
Same thing with depression. It’s becoming a trend and I hate it,disapproval,-0.55,0.3,1
My [NAME] He is a BEAST. Every possession he makes someone his bitch. Are there any injury concerns past the injury he got before he left the team?,admiration,0.7,0.4,0
This is not polyamory. That's just a buddy. It sounds like he's completely taken it off the table.....,neutral,0.0,0.0,0
Yeah I go to sleep hoping it's one of those days...,neutral,0.0,0.0,0
"""almost"" and ""nagging"" not ""killed"" and ""forced"". Wow... When did roleplayers get so damn whinny. ",excitement,0.8,0.9,0
AMN is absolutely good enough and [NAME] is also very highly rated,admiration,0.7,0.4,0
"I'm sorry but ""Amish heifer"" took me OUT. ",sadness,-0.8,-0.3,2
"Looks interesting, I'll definitely keep an eye out for it when it's closer to release. ",curiosity,0.4,0.6,0
Sacramento fun as hell,amusement,0.8,0.5,0
I thought it was very good. The guy was one sick bastard that’s for sure.,admiration,0.7,0.4,0
A Modest Proposal [NAME],neutral,0.0,0.0,0
Yes!!! It shows insecurity... automatically swipe left,neutral,0.0,0.0,0
You have so much to learn my sweet summer child,neutral,0.0,0.0,0
I love making fun of social outcasts.,love,0.9,0.6,0
"same, I didn't want to stress and try the impossible (winning 23 ranked matches in a day... oof)",neutral,0.0,0.0,0
"No problem, just wait until March and the site will be out.",caring,0.75,0.3,0
No problem comrade,approval,0.6,0.2,0
Checking in from section 11. Ready for a good ol fashioned ass whoopin.,excitement,0.8,0.9,0
"Sorry to hear that, brother. Why do you feel more lonely now compared to usual?",sadness,-0.8,-0.3,2
You’re argument is so bad you’re now asking people to deny common sense because you can’t prove your point LOL super pathetic,amusement,0.8,0.5,0
"I just draw for the fun of it tbh... But having ""success"" or getting recognition still surely feels nice... Don't give up :)!",optimism,0.75,0.5,0
"He is making a joke, yes. A joke based in his clearly stated and well documented opinion that he doesn't believe in it. ",neutral,0.0,0.0,0
"OK, thanks.",gratitude,0.85,0.35,0
Yeah you’re implying that someone holds the shitty opinion you just made up. Which is basically an attempt to make them look bad. Character assassination.,disapproval,-0.55,0.3,1
That’s why it’s a repost. To anyone who’s cake day is 2 day🤗,neutral,0.0,0.0,0
"Legally, you are responsible for damage or harm done as a cop is trying to apprehend you. You caused the dangerous situation by running.",disapproval,-0.55,0.3,1
"Yea, and trading away young players does not make us better.",neutral,0.0,0.0,0
So air doesn't move if your hand isn't faster then speed? I doubt that.,neutral,0.0,0.0,0
I REALLY hate this one,annoyance,-0.5,0.4,1
We all are afraid of losing our jobs here or being blackballed all the same.,fear,-0.8,0.85,1
Roids are a lot more harmful than makeup.,realization,0.2,0.4,0
Everybody loves labs,love,0.9,0.6,0
Well I can say 100% it didn’t go well.,disappointment,-0.65,-0.2,2
Happy birthday! Aren't you a bit young for Reddit?,curiosity,0.4,0.6,0
Nothing of value lost then. They didn't really give a shit before so it doesn't matter now. Move on and cultivate new relationships.,caring,0.75,0.3,0
"That's where your mind went? Most of us instantly think about Winnie the Pooh and the Hundred Acre Woods, man. What's wrong with you?",curiosity,0.4,0.6,0
Comeback in a couple months and we'll see.,neutral,0.0,0.0,0
Yeah I misread,neutral,0.0,0.0,0
Do you want help?,caring,0.75,0.3,0
We all do it sometimes don't worry.,caring,0.75,0.3,0
Lmao there is a reason they are one of the poorest and this is definitely a contributor..,amusement,0.8,0.5,0
I filed for divorce this morning. Hoping he moves out in the next day or so.,optimism,0.75,0.5,0
It’s very difficult for men to have platonic friendships with women. Unfortunately it’s just part of life.,sadness,-0.8,-0.3,2
It surprises me that he's a mod some days...,surprise,0.15,0.8,0
Jeez i need to find some of these places around me..would love a $2 beer. Everywhere i go is like $9 for draft help,love,0.9,0.6,0
"Did you hear the reason for this? Because they are concerned about inventory, initially. ",neutral,0.0,0.0,0
That's amazing that it had 3-4 years' worth of stored energy in the trunk.,admiration,0.7,0.4,0
Maybe had a bad experience with [NAME]? But [NAME] and [NAME] still seemed like good friends what with [NAME] visiting the Solo set...,confusion,-0.2,0.4,1
"Wow, out of all of that, only one person mentioned helping parents because they loved their parents. SAD.",neutral,0.0,0.0,0
I would LOVE to be on the show!,love,0.9,0.6,0
Ah well the Devs change the cle all the time and this was knowledge from before new year. I forgot they changed it a while ago again.,realization,0.2,0.4,0
Do you think people are generally logical?,curiosity,0.4,0.6,0
We need [NAME] to review this...,neutral,0.0,0.0,0
"This is so hard to sit through, I can't believe the swearing from this dood, it makes it all the more unbearable",neutral,0.0,0.0,0
Avid Android user here. My Xiaomi Mi Mix 2 is by far the sexiest and fastest phone I have ever had. Such bliss when using it.,admiration,0.7,0.4,0
"Ah didn’t know what that term meant. Got bored with all the party terminology. But yes, I guess I am. ",neutral,0.0,0.0,0
If the kids are in sports activities you can chat up the other parents.,neutral,0.0,0.0,0
Original:,neutral,0.0,0.0,0
"Even then, the commentor could have gotten the joke and was just being dead pan. ",amusement,0.8,0.5,0
I have silvered it as it was what I was thinking and they beat me to it hahaha,joy,0.9,0.7,0
I assume you mean how men are guilty until proven innocent in rape cases and how many places refuse to accept women can commit rape,neutral,0.0,0.0,0
Sorry [NAME] is our best friend now,neutral,0.0,0.0,0
"Yep, first hour free at long term. But if you go a SECOND over that you owe them $19.80 ! They're fucking ruthless",annoyance,-0.5,0.4,1
Don't wo,neutral,0.0,0.0,0
#BHAW!,neutral,0.0,0.0,0
No. It IS her condo and she CAN smoke inside her own home.,approval,0.6,0.2,0
I loved Masters because they were air conditioned. It was worth the extra drive on a 40 degree day.,love,0.9,0.6,0
I love this show but I feel personally attacked when they say you can't live with 6 cups of tea a day and no food 😢,love,0.9,0.6,0
"But this was a supposed psychopath attack, which can happen to anyone, not a rape attack that mostly happens to women",anger,-0.8,0.8,1
just say whore.,neutral,0.0,0.0,0
Those sound yummy!,excitement,0.8,0.9,0
Holy shit it actually did... how,surprise,0.15,0.8,0
"ah ok, thanks",gratitude,0.85,0.35,0
A few times but people like this have a short attention span/only care when the tv says too,neutral,0.0,0.0,0
My psychiatrist said to lay it on thick and answer questions like your having the worst day ever. I’ll get around to applying eventually,neutral,0.0,0.0,0
Omg TDG has a new singer? That's so sad. I was rocking out to them in middle school too. Simpler times.,sadness,-0.8,-0.3,2
That may be true. I was just pointing out that the logic of an appeal to nature is fallacious,approval,0.6,0.2,0
I thought we traded away our losers like [NAME] and [NAME] already.,neutral,0.0,0.0,0
Patient zer-oh no she betta dont,neutral,0.0,0.0,0
"U/scottgal - thank you! Coming from southern US, wanted to make sure!",gratitude,0.85,0.35,0
"It appeared that she smacked her grape pretty damn good. Oh, and I chuckled. ",joy,0.9,0.7,0
One of the most memorable games I’ve been to. And I got some great seats for an even better price.,joy,0.9,0.7,0
Trade jv he is trash,neutral,0.0,0.0,0
He hasn't stopped clapping ever since,neutral,0.0,0.0,0
Thanks... and thanks again for the balance check. Hope your situation moves where you need it to.,gratitude,0.85,0.35,0
"Unless he was lying about his age, no.",disapproval,-0.55,0.3,1
Happy Cake Day [NAME]! Use what talents you possess: the woods would be very silent if no birds sang there except those that sang best.,joy,0.9,0.7,0
Your comment has been removed for containing a slur. Avoid using t- in the future.,neutral,0.0,0.0,0
OMG. This is such a great point!,admiration,0.7,0.4,0
Cute! Love it sister,admiration,0.7,0.4,0
Fucking love that song.,love,0.9,0.6,0
I like the reference to the Good Place :),love,0.9,0.6,0
Pecan pie to 0 cals. I love it and I can't ever eat it and I want it so bad!,love,0.9,0.6,0
They have disagreed with a bunch of individual calls but not tied it together,neutral,0.0,0.0,0
He thought of it but we don't want his mother's house to be wrecked by the staff.,neutral,0.0,0.0,0
Lol did you just take the experts picks that they talked about on Action Network?,amusement,0.8,0.5,0
"As a rep 6 orochi, those dodge attacks from neutral made me cringe.",neutral,0.0,0.0,0
"I'd rather we didn't discuss this kind of stuff here, really. Doesn't feel very useful to any kind of debate. ",disapproval,-0.55,0.3,1
This was touching and certainly fits here on r/bestof. But can someone explain how it started? How did someone know he's depressed? I'm just confused..,confusion,-0.2,0.4,1
"Future generations will look back at this period and realize that this whole ""Western civilization"" thing was the real fantasy ",realization,0.2,0.4,0
"> We're angry, but we don't want to be labelled as violent nutters.",anger,-0.8,0.8,1
Being too scared of calling someone isn’t a disability for fuck sakes... use some common sense and grow up.,anger,-0.8,0.8,1
"Boy it sure is a hot one today, huh?",curiosity,0.4,0.6,0
Not adjacent. Far enough away that I am not easily in sight but could get to the hook 2-3 seconds after I see that glint of movement.,neutral,0.0,0.0,0
I'm getting politically charged rhetoric from a cola company now?,curiosity,0.4,0.6,0
Don’t get me wrong. I laugh so I don’t cry :’),neutral,0.0,0.0,0
"Come back when your dad rock genre manages to produce icons like [NAME], [NAME], [NAME] and [NAME]. Now bye [NAME] ",neutral,0.0,0.0,0
What an amazing comment!This really resonates with me! Thanks for writing.,admiration,0.7,0.4,0
"IMO 90% of articles on the internet, or in newspapers or TV news, are placed by PR firms. Only children don't know this.",neutral,0.0,0.0,0
I completely agree with you just the whole mood against abortion gets my blood boiling.,anger,-0.8,0.8,1
Made me cry and my one year old golden who was laying near my feet ended up coming up and snuggling me.,love,0.9,0.6,0
"> Not necessary, you're a visible enough asshole that you pop up naturally.",annoyance,-0.5,0.4,1
What the fuck. Got that song on repeat right now,surprise,0.15,0.8,0
Ow is correct.,approval,0.6,0.2,0
This is what I love about cats,love,0.9,0.6,0
"""I shot [NAME] in the face""",neutral,0.0,0.0,0
look at my other comment,neutral,0.0,0.0,0
"and i answered, sorry if you can't follow. i agree that having a pet involves (unnecessarily) having power over a small animal. ",remorse,-0.7,-0.1,2
"Good point, it’s nice and frustrating for both sides I see. Definitely worse for the lower levels. That’s too bad",disapproval,-0.55,0.3,1
no one is going to allow no deal. Anyone who thinks otherwise is deluded.,disapproval,-0.55,0.3,1
maybe you learned it from the yellow vest movement in France?,curiosity,0.4,0.6,0
"Great read, still know a few folks who are still unhappy about the situation and won’t support [NAME]",gratitude,0.85,0.35,0
"From one of his posts: “You and I both know full well that multiculturalism isn’t working, and that [NAME] need to go home.”",neutral,0.0,0.0,0
As an anesthesia resident this made me blow air out my nose at an accelerated rate for several seconds. Take your damn upvote you bastard.,anger,-0.8,0.8,1
"Even in Star Trek they have $, they just dont really talk about it. The point is basic needs are so trivial",neutral,0.0,0.0,0
"Dunno mate, Italy lookin strong ",admiration,0.7,0.4,0
Omg so true 😂,amusement,0.8,0.5,0
Haaaahaaaahaaaa! Been there. I had a little kid do the [NAME] handshake on me. I just looked confused.,amusement,0.8,0.5,0
Wow! Dudes lucky to be alive today! Who does that? Obviously drunk.,realization,0.2,0.4,0
I'm so sorry for your losses. Please see a therapist and consider seeing your physician for antidepressant medication. Your daughter will need you alive someday.,remorse,-0.7,-0.1,2
Oh... I'm sorry. You holding up okay?,remorse,-0.7,-0.1,2
I still like to think the combination of alums not donating and the TA strike caused them to reverse their decision on SS.,neutral,0.0,0.0,0
"Um, except you would be trusting your private key with a third party. I would recommend verifying a signed message though as a feature to be added.",neutral,0.0,0.0,0
"It can either be super expensive and moderately time consuming or moderately expensive and extremely time consuming, depending on how you source your meat",neutral,0.0,0.0,0
How does it feel to beat [NAME] toothless and only get a crappy draw?,curiosity,0.4,0.6,0
That might be an issue when it comes to meeting girls all the way around. Generally we love a guy who can make us laugh.,love,0.9,0.6,0
"I was expecting him to go with baseball, but hopefully his combine and everything makes his stock rise into a high first round pick.",optimism,0.75,0.5,0
I just really don't see 20% for him. I would be very surprised.,surprise,0.15,0.8,0
This actually made me squeal like a little girl! Thats awesome!!!! Im so happy!,joy,0.9,0.7,0
This. It seems he's undoubtedly [NAME] preferred option.,approval,0.6,0.2,0
I hope you or someone close to you never has to go through what this woman is going through.,caring,0.75,0.3,0
"Chicago has had mostly mild winters lately, so when it gets really cold or snowy lately we complain more. ",neutral,0.0,0.0,0
Done. Thanks!,gratitude,0.85,0.35,0
"not true! Acute acopia needs a brief social admission, social work, and tincture of time Chronic acopia needs placement",disapproval,-0.55,0.3,1
but but TIME IS MONEY right?,neutral,0.0,0.0,0
Me am be failed English and am unfaulted teacher not even frum England,disappointment,-0.65,-0.2,2
[NAME] you people are so fucking dumb,disgust,-0.8,0.45,1
It's a [NAME] family tradition!,approval,0.6,0.2,0
"My two favorite things, The Office and The Show. combined in one reference. Life is good.",approval,0.6,0.2,0
Thank you for all of the tips. It's greatly appreciated!,gratitude,0.85,0.35,0
It's her |_STAND^¬,neutral,0.0,0.0,0
to the post,neutral,0.0,0.0,0
go commit ultimate punishment,neutral,0.0,0.0,0
Just imagine what they'll come up with in ten years.,neutral,0.0,0.0,0
[NAME] will need to pray to The [NAME] dad doesn’t come down on him with great vengeance.,neutral,0.0,0.0,0
It's been with me all day. Those reams of entries is one of the most quietly horrific things I've ever seen.,disgust,-0.8,0.45,1
9Gag was my jam back in high school! Pleasure to meet an alumni,joy,0.9,0.7,0
"Unfortunately you can’t control YouTube. It’s pretty bad out there, you just have to finish the episode ASAP. ",neutral,0.0,0.0,0
Couldn't happen to a nicer piece of shit.,annoyance,-0.5,0.4,1
It was genetic iirc and he had corrective surgeries on both shoulders eventually.,neutral,0.0,0.0,0
that's like a kel'thuzad/kael'thas wet dream right there. Line them up for disgusting aoe XD,disgust,-0.8,0.45,1
"If it was communism, the poor lad would be killed",realization,0.2,0.4,0
Oil barons hate him!,annoyance,-0.5,0.4,1
Ok. First I've heard pregnancy helping with tips. Thanks for sharing.,gratitude,0.85,0.35,0
Has anyone ever told you that you look like a young and skinny [NAME]?,neutral,0.0,0.0,0
The weirdest part is the underwear. My mom wouldn’t even let me and my sister share underwear. Something something hygiene.,annoyance,-0.5,0.4,1
deserved better :/,neutral,0.0,0.0,0
That’s good but why would you waste your time on a crappy team?,curiosity,0.4,0.6,0
[NAME] is the most useless phantom thief change my mind,anger,-0.8,0.8,1
[NAME] looked like he pushed off and sent himself to the ground,neutral,0.0,0.0,0
If she hasn’t told you where she lives it’s too soon to send flowers...in my opinion.,neutral,0.0,0.0,0
"[NAME] has strong ties with one person. [NAME] has strong ties with 3, maybe 4. ",neutral,0.0,0.0,0
Spork you're just deluded,neutral,0.0,0.0,0
Step back and think about your comment then delete it.,neutral,0.0,0.0,0
Thank you for saying that. It’s mostly just annoying but I def picked the wrong week to watch Unfriended: Dark Web lmao,gratitude,0.85,0.35,0
If you don't think MAGA hats are associated with racism then you've got your head stuck in the sand.,neutral,0.0,0.0,0
Step one is done! Now just to get rid of the rest of the incompetence here.,neutral,0.0,0.0,0
It’s more like a bunch of vaguely veiled racists and sexists and MAGAtards. Unless that’s what you consider “good.”,disgust,-0.8,0.45,1
No. Utterly despicable cult with no redeeming value.,neutral,0.0,0.0,0
"The sun in his eyes makes him look pissed, like he and the ducks had some personal history.",anger,-0.8,0.8,1
"Thank you for the thoughtful advice. I was thinking of getting him a mic for his gaming habit, so your advice is timely.",gratitude,0.85,0.35,0
She likes life more than I do,neutral,0.0,0.0,0
Realize that all those feelings she had for you were lies. She is liar. Don't let her take up space in your head rent free.,realization,0.2,0.4,0
That man deserves a good whiskey. Hook him up.,desire,0.6,0.7,0
It's funny when a whole sub rejects any new information which doesn't fit their narrative.,amusement,0.8,0.5,0
I'm either an optimistic nihilist or a pessimistic existentialist. Only further readings will tell!,neutral,0.0,0.0,0
"yeah, I agree. it’s just annoying hahaha but thank you so much!!! (: ",approval,0.6,0.2,0
Right. Lol Then they try to gaslight the audience. As if we cant pause and rewind.,amusement,0.8,0.5,0
He's also a chaser and is convinced that shouting at someone is an escalation from a shooting spree. He is incredibly dumb.,neutral,0.0,0.0,0
The post in this screenshot and your comment shows how fragile you guys really are.,annoyance,-0.5,0.4,1
It seems like that’s what a lot of people are expecting.,realization,0.2,0.4,0
"""You got wrong daughter we don't owe you to 'repay' for grandchildren or so. Too bad.""",neutral,0.0,0.0,0
But it's especially tough when its state-owned oil. A lot of Scandinavian countries had hiccups.,sadness,-0.8,-0.3,2
Grow up mate,annoyance,-0.5,0.4,1
Try to get between us and our maple syrup and see what happens,neutral,0.0,0.0,0
"[NAME] fucked up with this line up. Why do you change it, if everything was going good? Idiot! ",anger,-0.8,0.8,1
"Agree 100% I guess I'm just happy to see anyone, even total scumbags, willing to criticize dear leader. ",approval,0.6,0.2,0
She’s like a younger freshener looking [NAME] though lol,neutral,0.0,0.0,0
I think Voit hits 30+ so it’s not impossible.,realization,0.2,0.4,0
I'm not sure they know the difference between a mandate and legally binding.,neutral,0.0,0.0,0
Guess I’m heading back to the kitche :),neutral,0.0,0.0,0
You and [NAME] guy should be friends,neutral,0.0,0.0,0
Agreed to your statement,approval,0.6,0.2,0
"Ah yes, resort to ad-hominem attacks when you have nothing else to say.",neutral,0.0,0.0,0
We riot if he doesn’t get it!,neutral,0.0,0.0,0
Imagine being so deluded you believe that not condoning a country’s poor behavior will lead to war,annoyance,-0.5,0.4,1
This did not age well lol,amusement,0.8,0.5,0
You can't argue that these are the same when clearly one of them has a monopoly over the market.,disapproval,-0.55,0.3,1
I love when he asks while looking directly at the item but still not seeing it 🤦🏻‍♀️,love,0.9,0.6,0
Rule 7: Pursue what is meaningful (not what is expedient),neutral,0.0,0.0,0
Oh dear lord. Imagine if [NAME] scores off the break from a scoring chance of [NAME] and [NAME],neutral,0.0,0.0,0
A hockey themed one with the Looney Toons meeting the Mighty Ducks would’ve been the greatest thing ever,admiration,0.7,0.4,0
This particular clip had been posted dozens of times already. Still adorable but come on guys!,admiration,0.7,0.4,0
"Ah Princess [NAME], the [NAME] of our childhoods",realization,0.2,0.4,0
[NAME] how is [NAME] even a rapper. I thought rappers were people you would wanna be lol,joy,0.9,0.7,0
"Still love you [NAME], get well soon :'(",love,0.9,0.6,0
I bought the double barrel and fully upgraded it and now it's one of my favorite guns.,admiration,0.7,0.4,0
"Yeah, I applied this morning. I wasn't planning on quitting and I felt like I wasn't given a choice... ",disappointment,-0.65,-0.2,2
Why don’t you just *get the fuck out* of Edmonton if you hate it so much?,anger,-0.8,0.8,1
"I have stated from the beginning that I do not believe that Abuse, Interrupted is a good resource for people in this subreddit.",approval,0.6,0.2,0
I'm from London and I want to leave. It just makes economical sense for me,neutral,0.0,0.0,0
"What? No way, I thought ragnarok mobile was a pretty small game holy shit",realization,0.2,0.4,0
It's disturbing that you even have to ask that.,annoyance,-0.5,0.4,1
"LOL thats right, your wait for someone to hand everything to you. LOL",amusement,0.8,0.5,0
"They barely screen apparently, and it's ok, I know I'm garbage lol",amusement,0.8,0.5,0
"Honestly, I wouldn’t want to poop without my phone either. Gotta scroll reddit while I’m poopin!",disapproval,-0.55,0.3,1
You actually have a point. But I think as long as they both dont have an issue atm it should be okay.,approval,0.6,0.2,0
"I haven’t been keeping up with MHA, but this seems like a real bad idea",disapproval,-0.55,0.3,1
The level of envyness far too much,disapproval,-0.55,0.3,1
cultural norms is an interesting way of classifying the sort of people I see doing ~100% of littering in NYC.,neutral,0.0,0.0,0
"I know. Honestly, I'm applying to other districts. Tired of 56 miles round trip daily for a miserable job. ",approval,0.6,0.2,0
im excited!,excitement,0.8,0.9,0
"Had a quick listen and it could potentially be my jam! Thank you, kind [NAME] :)",gratitude,0.85,0.35,0
"I'm definitely feeling like it's been a never ending hurting fest, so I hope you're right.",optimism,0.75,0.5,0
Danger noodle!!! Danger noodle!!!,excitement,0.8,0.9,0
WE ARE .500!!!! I'VE WAITED SO LONG!!!!,excitement,0.8,0.9,0
Thanks... that's the laugh I needed today.,gratitude,0.85,0.35,0
"Considering how much they project and accuse how often they others of only hating X person because of their race, it makes sense.",annoyance,-0.5,0.4,1
"Especially given today's hyperawareness of sexual harassment, it seems like the smart thing to do, to me.",approval,0.6,0.2,0
no idea how [NAME] was a [NAME] or [NAME]. just awful,disgust,-0.8,0.45,1
I've got a mangina!,neutral,0.0,0.0,0
Kk cause I love touching up my tops so I'm just making sure 😂 &#x200B;,love,0.9,0.6,0
Redskins were the best team in the NFC East until [NAME] leg snapped in half,admiration,0.7,0.4,0
"Your 'brother' had texted alot of girls and ended up on in Internet many times then, what a celebrity! Did everyone clap as well? ",amusement,0.8,0.5,0
"Yeah, I always get about 6 episodes deep and then start hate-watching just to see if they ever actually fall in love.",annoyance,-0.5,0.4,1
there's an entire street in my neighborhood that's lined with 80+ year old magnolias on both sides. It's amazing.,admiration,0.7,0.4,0
Fantastic. Would love to see where its at at 250 and 500 hours - I'm sure still well ahead of my 1/3 hourly.,admiration,0.7,0.4,0
Not any weirder than male doctors handling women junk for centuries.,disgust,-0.8,0.45,1
Dude just wanted to say more words.,neutral,0.0,0.0,0
SIGN HIM UP,neutral,0.0,0.0,0
[NAME] is getting the shit beat out of him and can't get a call,neutral,0.0,0.0,0
Yeah I think I’ll just wait until things are more sure. Thanks so much!,gratitude,0.85,0.35,0
Having a friend helped me,caring,0.75,0.3,0
"I am so thrilled that you broke through that constraining ceiling, or that ""tunnel vision"".",surprise,0.15,0.8,0
You win the poverty Olympics.,sadness,-0.8,-0.3,2
[NAME]! I missed you,caring,0.75,0.3,0
This will forever be my most fav April moment!,approval,0.6,0.2,0
"The hammer eh, interesting.",admiration,0.7,0.4,0
That depends on the country and the state (if in the US.) You don't even know what continent they're on.,neutral,0.0,0.0,0
Why [NAME] over [NAME]?,neutral,0.0,0.0,0
"I’d rather not, thank you. Seeing her play that evil emperor in that Star Wars movie was quite enough.",disapproval,-0.55,0.3,1
"Trust me, all is sometimes lost.",approval,0.6,0.2,0
It worked once already.,neutral,0.0,0.0,0
"Lol so you're too stupid to know how to argue, and stupid enough to actually use ""lol"" in a post?",amusement,0.8,0.5,0
sick shirt [NAME] is a great artist,admiration,0.7,0.4,0
Welcome to Pittsburgh,gratitude,0.85,0.35,0
I am confusion.,confusion,-0.2,0.4,1
Seriously what?,confusion,-0.2,0.4,1
Lmao!!!! Oh this is too good.,amusement,0.8,0.5,0
You're right. Sorry for the poor reply.,remorse,-0.7,-0.1,2
Goodnight and good luck.,optimism,0.75,0.5,0
Tbh the floor is probably more comfortable than the seats. Doesn't make it safe though.,approval,0.6,0.2,0
Not really if they are busy. They may not even take a break. But again if they are regularly not responding than it is probably an issue.,disapproval,-0.55,0.3,1
"Ah okay, thanks!",gratitude,0.85,0.35,0
That’s a different guy but I love [NAME],neutral,0.0,0.0,0
Not with that attitude we won't. There are some developments that may change your attitude in the very near future.,optimism,0.75,0.5,0
[NAME] damn it,anger,-0.8,0.8,1
i have noticed i am getting leg pains & backpain after day 1 of fapping and feeling powerless and unmotivated,neutral,0.0,0.0,0
Watching [NAME] cry made me cry. That dude worked his ass off his entire career for that moment. So well deserved.,admiration,0.7,0.4,0
Stoop Kid’s afraid to leave his stoop!,fear,-0.8,0.85,1
Thanks So Much!,gratitude,0.85,0.35,0
That’s nightmare fuel right there,fear,-0.8,0.85,1
"My template is usually : - Sassy, back-handed or just straight-up offensive response back to them. - Walk Away.",neutral,0.0,0.0,0
"Someone tell Disney. The evil mouse has sued daycare centers for painting Mickey on their walls, they sure as hell will sue for this abomination.",neutral,0.0,0.0,0
"Let the liar lie, it's more fun to watch.",approval,0.6,0.2,0
"I might be missing a joke myself, but woosh.",sadness,-0.8,-0.3,2
Seriously. I legit laughed at this.,amusement,0.8,0.5,0
Wow those latkes look even worse than I thought they would.,disgust,-0.8,0.45,1
I didn't know picks could be traded. Is this new or is it just rare in baseball?,curiosity,0.4,0.6,0
"I’m really late here, but I’m surprised I haven’t seen anyone bring up the possibility of them wanting to eat you.",surprise,0.15,0.8,0
"Your mom is putting actual effort into having a relationship with you, you insufferable donut. ",anger,-0.8,0.8,1
[NAME] is definitely out of frame lol,amusement,0.8,0.5,0
I love lists. And problem solvers. I need you in my life.,love,0.9,0.6,0
I'm quite interested as well!,admiration,0.7,0.4,0
The very worst possible route they could have gone.,disgust,-0.8,0.45,1
"To think that Doom GOATs isn't even EM's strongest form...damn, no wonder the [NAME] are 100% on EM",annoyance,-0.5,0.4,1
"To humor the thought, I would think that they would just move on and find a different platform that either worked equally as well or better.",optimism,0.75,0.5,0
“No no no no spit that out right now!”,annoyance,-0.5,0.4,1
You think this really happened?,curiosity,0.4,0.6,0
I was thinking this too! People are so quick to jump on the beauty guru witch hunt,neutral,0.0,0.0,0
"Doncic, you moron.",neutral,0.0,0.0,0
Spoiler >!Loli Girl about to grow up in 2 episodes!<,neutral,0.0,0.0,0
Thanks for reminding me. I can find better burgers,gratitude,0.85,0.35,0
Fantastic!!,admiration,0.7,0.4,0
I'll probably try this one day 😅,optimism,0.75,0.5,0
I definetly love some epistemology!,love,0.9,0.6,0
It's a great time to be Scottish anaw,admiration,0.7,0.4,0
We're going in a couple of weeks. It was easy to get her to go and she wants to,neutral,0.0,0.0,0
"Nope, he owns Swift. It's basically a holding company for all of his business ventures",neutral,0.0,0.0,0
"Something Something Something, space of aids",neutral,0.0,0.0,0
Go to the bathroom,neutral,0.0,0.0,0
Plus they might still be salty about the prison colony debacal.,neutral,0.0,0.0,0
"I never imagined the world would get so weird that I *wanted* to believe the conspiracy theorists, but here we are.",disappointment,-0.65,-0.2,2
Wow grats man. Hopefully I can use this inspiration for myself tomorrow. If there was something new you learned in this experience would share it?,curiosity,0.4,0.6,0
Thanks. I'll let him know he needs to step his game up.,gratitude,0.85,0.35,0
"Cool, Ill check it out. Thanks",gratitude,0.85,0.35,0
We got fucked,annoyance,-0.5,0.4,1
starting a new trend lol,amusement,0.8,0.5,0
I love this so much. Helpful and hilarious!,love,0.9,0.6,0
> welcome to reality Oh thank [NAME]!,gratitude,0.85,0.35,0
"Tbh if they were hopped up on drugs and harassing employees and customers alike, I would have just called the fuzz anonymously.",neutral,0.0,0.0,0
"alright, make it!",approval,0.6,0.2,0
"Checked my EBT balance yesterday. ""You will not be receiving benefits for February."". I wonder when the riots are going to start.",surprise,0.15,0.8,0
"My personal supply is always well stocked, thank you. You're welcome to it if you'd like an alternative to Arlene from Accountings baby feed.",gratitude,0.85,0.35,0
I'M LITERALLY DEAD,sadness,-0.8,-0.3,2
Oh the T word,neutral,0.0,0.0,0
"Perhaps not a mainline souls game, but you can't deny the similarities to Soulsborne games. It's basically an iteration on the formula. ",neutral,0.0,0.0,0
Good news everyone!,excitement,0.8,0.9,0
That'll cost ya.,neutral,0.0,0.0,0
You got the best kicker in the nation to commit. Not sure about [NAME] punting situation but your special teams should be a lot better next year.,admiration,0.7,0.4,0
But the last scene I saw was just [NAME] bringing the kid to her no talk of leaving was there a scene where [NAME] reconciles with [NAME],neutral,0.0,0.0,0
> It's almost like people are people I've been saying this a lot lately.,neutral,0.0,0.0,0
"I mean, you can't be any more in the friends zone if you have a matching neck tattoo with the chick.",neutral,0.0,0.0,0
"Depends, do you become so old and senile that you have dementia can’t walk and shit",neutral,0.0,0.0,0
"Yep, this is all I needed. See you guys later, Ima go jump off a cliff",approval,0.6,0.2,0
That’s the silver lining of this. Fuck Veracruz.,anger,-0.8,0.8,1
"Excuse me, but define what a ""good world"" is",curiosity,0.4,0.6,0
"I'm curious how he does in the counties you mentioned. The primary might end up being super close, but you know more than I do.",curiosity,0.4,0.6,0
Kinda sad but... Okay then,sadness,-0.8,-0.3,2
"Literally a post on reddit by a woman being creepily hit on by a neighbor, with his wife's permission. Today.",neutral,0.0,0.0,0
"Who cares, you’re just showing what a racist pos you are. Carry on doing our work for us.",neutral,0.0,0.0,0
I'm also scared.,fear,-0.8,0.85,1
"Now someone mod danganronpa 2 so everytime [NAME] says hope its actually ""AHHH HAHA! Thats hot!""",neutral,0.0,0.0,0
"No offense, but you are jumping in conclusions that may be as incorrect as blaming [NAME]. ",disapproval,-0.55,0.3,1
Be Advised “stay away from alcohol” Focus on the kids Do not engage on a campaign for justice Get well soon bro.,caring,0.75,0.3,0
"Fiend! Take a good look at this silver cross, for it will be last thing you'll see of me and [NAME]!",neutral,0.0,0.0,0
"Absolutely fair, and I can't blame you for that.",neutral,0.0,0.0,0
My favorite new fan! Glad to see you here! Rest up and get ready for the Friday game.,excitement,0.8,0.9,0
Happy cake day mothafucka,joy,0.9,0.7,0
It's such a lol watching them trying to desperately rationalise their literalism.,amusement,0.8,0.5,0
thanks i used to sell cashews nuts and they the people called it the nuthose so i used the name,gratitude,0.85,0.35,0
"What a handsome guy, anybody know what breed that is?",admiration,0.7,0.4,0
Get a ride to heaven. You think [NAME] wants to pedal that far!,neutral,0.0,0.0,0
Nah I’m donating it,neutral,0.0,0.0,0
"Saying ""no"" five-ten times then a reluctant ""yes"" to shut you up is not consent!",disapproval,-0.55,0.3,1
Thank you so much! I appreciate the support i’ve gotten as I don’t feel I deserve it— and I appreciate your comment. 😊,gratitude,0.85,0.35,0
"Can´t believe the problem was this. Thx mate, it´s solved!",gratitude,0.85,0.35,0
"So so cute she will love it so much. Trust me, little sentimental things like that mean a lot",admiration,0.7,0.4,0
Thank you good sir. Yes I can see what I was doing wrong. I will start to apply for jobs starting tomorrow and work my way up.,gratitude,0.85,0.35,0
"That could be a quick way to see the next great Orlando big man end up in LA, haha. ",approval,0.6,0.2,0
They look down on her so much they put her on the House Financial Services Committee...,neutral,0.0,0.0,0
Came here for this. Thanks for representing,gratitude,0.85,0.35,0
"A guy commenting, please tell her the truth. Please ",neutral,0.0,0.0,0
I just watched the entire episode. They never once hint that they were having an affair. That information didn't come from the show.,approval,0.6,0.2,0
"Mississippi, where your sibling is your first lover.",neutral,0.0,0.0,0
I'm down for a [NAME] frenemy alliance along the lines of [NAME],neutral,0.0,0.0,0
this reddit is so good man i feel at home,admiration,0.7,0.4,0
Damn you reply fast,annoyance,-0.5,0.4,1
I think we would be interested in seeing how something like this would work. Would you post the information? Send notifications? I'm curious.,curiosity,0.4,0.6,0
Thanks for the hug matey :),gratitude,0.85,0.35,0
"Is a valid, unsound argument logical?",confusion,-0.2,0.4,1
YOU DONT SAY,disapproval,-0.55,0.3,1
I had no idea this was a thing!,neutral,0.0,0.0,0
[NAME] saying [NAME] is already the best shooter on the team got my hyped too,admiration,0.7,0.4,0
Actually ugly women are not going to post their pics.,neutral,0.0,0.0,0
Death will come in the end. Live while you can. Life is a once in an eternity opportunity.,realization,0.2,0.4,0
"Speaking the truth, brave you are.",admiration,0.7,0.4,0
I like to think it rhymes with wasabi but I have no idea,neutral,0.0,0.0,0
They're basically our version of [NAME] and [NAME] at this point. Every video seems to involve a dumbass rant that misses the point of the topic.,neutral,0.0,0.0,0
> People who aren’t stupid don’t get offended when Called stupid. Exactly. Well put. Thanks.,gratitude,0.85,0.35,0
"They might be giants. Anything, but albums John Henry and Apollo 18 are good value.",admiration,0.7,0.4,0
OwO what's this?,curiosity,0.4,0.6,0
Over thinking things on both sides.,neutral,0.0,0.0,0
... ...I’ll get back to you.,neutral,0.0,0.0,0
🦀MY BABYS DEAD🦀,neutral,0.0,0.0,0
It's been over a decade since consoles decided to mandate wireless controllers and I'm still annoyed by it.,annoyance,-0.5,0.4,1
The problem with that it would show how the comics end and people would hate that,neutral,0.0,0.0,0
I dont think prostitutes are going to teach you how to have good sex 🤔,disapproval,-0.55,0.3,1
I have decided to put myself first and see what happens ... some day things will be amazing,admiration,0.7,0.4,0
Lmao bro.,neutral,0.0,0.0,0
Thank you; this is really helpful ❤️,gratitude,0.85,0.35,0
I literally received the ready up bug while playing solo yesterday.,neutral,0.0,0.0,0
He’s one gorgeous and clever little man! Congrats on the new baby too!!!!,admiration,0.7,0.4,0
"You’re right, my apologies, I must’ve misread it. ",remorse,-0.7,-0.1,2
Shame.,embarrassment,-0.55,0.45,1
You are definently not in the wrong because you didnt actually him. Also does your brother get any special privledges that you dont?,approval,0.6,0.2,0
This was insane. I knew [NAME] was legit when he swung at a pitch while being intentionally walked and almost hit it out.,surprise,0.15,0.8,0
Not even going to open the link. Already know I agree with Sloss.,approval,0.6,0.2,0
"You tried your best, and you failed miserably. The lesson is, never try.",disapproval,-0.55,0.3,1
I was scared for that white building.,fear,-0.8,0.85,1
Remember they are an ex for a reason. Seeing that smile probably made you remember all the happy times,approval,0.6,0.2,0
Try harder next time <3,caring,0.75,0.3,0
Between this and the headline it makes me wonder how he fits his ego through most doorways.,surprise,0.15,0.8,0
Will quickly be removed from lobby screen but the game mode selection button will keep the annoying warning/advert.,neutral,0.0,0.0,0
"I think he actually isn't feeling well tonight. He left practice early yesterday because he felt light headed, [NAME] still put him in.",neutral,0.0,0.0,0
You can’t give me a ticket you didn’t give that women a ticket for the same thing.,disapproval,-0.55,0.3,1
[NAME] uh...gave me a wake up call. Thank you,gratitude,0.85,0.35,0
Omg this is so cool thank you!,surprise,0.15,0.8,0
Yikes. Was he unfamiliar with the area? How did it go over at work?,annoyance,-0.5,0.4,1
"same- just about to recommend this book. it's a fantastic review of rheum disease states, diagnoses, treatments, etc.",admiration,0.7,0.4,0
That's a bit tricky to pull off,nervousness,-0.45,0.75,1
"Got a bit tipsy in my room alone, dancing in my underwear to some cheesy music for the whole night, and then cried myself to sleep",sadness,-0.8,-0.3,2
Am love u,love,0.9,0.6,0
Oh [NAME] that's terrible. I hope things are better for you now.,optimism,0.75,0.5,0
Happy birtday my dude,excitement,0.8,0.9,0
I would absolutely hate it if they used it in the games tbh,anger,-0.8,0.8,1
"TELL ME MY FUTURE, YOU SORCERER",curiosity,0.4,0.6,0
At least it’s not malk,neutral,0.0,0.0,0
Its like if i decapitated myself while shaving.,neutral,0.0,0.0,0
Niemi locked in holy fuck.,surprise,0.15,0.8,0
Less of “It’s my baby too” and more of “it’s an innocent living being and you want to murder it”.,neutral,0.0,0.0,0
HAHA WE ACTUALLY ARE TERRIBLE,amusement,0.8,0.5,0
I love the twist you did on the “it’s all gravy” idiom. Definitely saving this comment to refer back to when I need life advice,admiration,0.7,0.4,0
Ugh. I wish you were wrong.,desire,0.6,0.7,0
"Skittlez, I'm really proud of you. She's been jerking you around for ages! Stay strong, honey, you got this!",admiration,0.7,0.4,0
That’s disgusting. You should be ashamed of yourself. Banging someone in sales. No excuses for that.,embarrassment,-0.55,0.45,1
The thing is the American hierarchs were ready to act until the Pope stepped in and told them to wait.,neutral,0.0,0.0,0
In whom? There are millions of people walking around today with no problems.,neutral,0.0,0.0,0
Well that Praying Mantis had some balls. Just imagine this tiny little dude said a prayer and then jumped right in to fight this giant.,neutral,0.0,0.0,0
well that’s what you get for your bigoted speech,neutral,0.0,0.0,0
" Calm down and relax are the worst things to say to a woman, ever. ",annoyance,-0.5,0.4,1
You sir have put into words my exact feelings on this matter.,neutral,0.0,0.0,0
Op forgot to mention his son has a rare scrotum disorder where the balls and shaft are reversed. Poor guy :(,disappointment,-0.65,-0.2,2
Ah [NAME] trying to save the faith by strawmanning amazing.,admiration,0.7,0.4,0
It was used during the revolution and you know how they are with tradition.,neutral,0.0,0.0,0
I love that both replies to you are correct. It can be hard to tell cars apart. But also she probably wasn't paying attention.,love,0.9,0.6,0
So if the 4 wheels are locked I guess,confusion,-0.2,0.4,1
"The FDA has plenty to criticize. But like here, it's usually criticized horribly off base. It needs to grow some balls and actually enforce things. ",annoyance,-0.5,0.4,1
"My favorite social network is Tumblr, they left out this one too. Not exactly an obscure website...",approval,0.6,0.2,0
Right? I hear too many horror stories of people ordering online and not getting the copy on the release date. I would be so pissed.,annoyance,-0.5,0.4,1
"I don't even love myself that much. I'm glad I wrote myself out of the parenting pool long ago, I'd be terrible at it.",disapproval,-0.55,0.3,1
Yeah. Whose fault is that... maybe the terroristic Gazan government stealing all their money. I’d say that’s a safe bet.,confusion,-0.2,0.4,1
ILL TAKE YOUR ENTIRE STALK FTFY,neutral,0.0,0.0,0
"Look at [NAME] and you should be good, he has a career like 58% GB rate ",caring,0.75,0.3,0
Truly a great man. May [NAME] SWT grant him the highest heaven - Jannat Al-Firdaus. Ameen.,admiration,0.7,0.4,0
It's fascinating how each language originated isn't it but the how it happened is beyond my scope.So I don't dwell much upon it.,neutral,0.0,0.0,0
I still think hating [NAME] isn't a good move for them. Could turn those undocumented [NAME] into undocumented [NAME].,disapproval,-0.55,0.3,1
He quit when he got deep into drug addiction. From what [NAME] and co were saying it seemed like he could barely function.,neutral,0.0,0.0,0
because he gets fouled 70% of the time with no call,neutral,0.0,0.0,0
"Dad had a heart attack, but he'd been in a fight. Unfortunate circumstances. ",disappointment,-0.65,-0.2,2
A day later that banana I told you I ate? It's now turned into **poop** since I absorbed all the goodies from it.,neutral,0.0,0.0,0
Right. The comments people buy gold for astound me. I’ve seen some dumbass comments get gilded then comments that deserve it get nothing.,approval,0.6,0.2,0
Here's a real example.,approval,0.6,0.2,0
Two overtime games on championship Sunday? We are blessed as football fans. Too bad one game had to be between FYTB and FUKC,joy,0.9,0.7,0
"Same, I still need to sleep to go to work tomorrow.",neutral,0.0,0.0,0
"Maybe it depends on the state. In California, that means you’re a moderate [NAME].",neutral,0.0,0.0,0
"This is more like Instant Karma. The schadenfreude is strong with me, here! Wish I could upvote this twice! :)",annoyance,-0.5,0.4,1
So you're saying there's a chance I'm a bot... I don't even know what's real anymore!,surprise,0.15,0.8,0
Drop it off at a tent city or homeless camp. I've done it with an old Adirondak chair and they seemed to love it.,love,0.9,0.6,0
Absolutely yes.,approval,0.6,0.2,0
I'm concerned because I understood it as well. Is Kykko a bot?,caring,0.75,0.3,0
OHH this is what Reddit finds ridiculous about this situation.,annoyance,-0.5,0.4,1
Oh ok got ya lol,amusement,0.8,0.5,0
"This is the first I’m hearing of this. Not on any of the local news, but on Reddit! MASSIVE media bias.",surprise,0.15,0.8,0
Looks like he deleted it. Can’t find it on his profile history,neutral,0.0,0.0,0
Probably because every day several people ask the same question.,neutral,0.0,0.0,0
"KNOX VEGAS! Out of every place I’ve lived, Knoxville and Farragut were my favorites. Despite political leanings, every neighbor was so kind. ",caring,0.75,0.3,0
Muppet. Nice not obscene insult. Thanks.,gratitude,0.85,0.35,0
I have been working here almost two years and have never seen this website ever.,approval,0.6,0.2,0
"Whoa, should've said that in the post. Threats is not good. I'd find a way to live away from him asap. ",realization,0.2,0.4,0
I immediately block these shitheads/asshats,anger,-0.8,0.8,1
i just came to make sure she was safe cause she said her parents gone. It can be dangerous ya know..,caring,0.75,0.3,0
Really hope the best for him. Couldn’t stay here but hoping he keeps that girl far away from him and gets it together.,optimism,0.75,0.5,0
Those are hoteps. They're delusional idiots; no one takes them seriously.,disapproval,-0.55,0.3,1
didn't work anyway,disappointment,-0.65,-0.2,2
I do the 4-second gap as well and is it infuriating to see someone take advantage of it.,anger,-0.8,0.8,1
"No, I'm pointing to the fact that you think that without Capitalism, the only alternative reality is the Soviet Union.",disapproval,-0.55,0.3,1
I love this,love,0.9,0.6,0
Used to be just bad on the 2nd. Now they are folding on other rights as well.,neutral,0.0,0.0,0
Title: geez another douche Text: ooh well lol,amusement,0.8,0.5,0
"lol, this is so much me, I'm actually loling and not just typing it. :D",amusement,0.8,0.5,0
I kinda like the swirlies in the hair. But then I saw that her eyebrow is actually just the hair and hated it.,disgust,-0.8,0.45,1
"I hope so, she could bring an interesting dynamic between [NAME] and [NAME].",optimism,0.75,0.5,0
Which one? I like their podcast but I can totally see why a lot of people wouldn’t hahaha,amusement,0.8,0.5,0
"Good, I was hoping I wasn't putting false words in your mouth.",optimism,0.75,0.5,0
You've been banned from /r/chicagobulls,neutral,0.0,0.0,0
"Lol, and be sure to slam the door real hard when you leave.",neutral,0.0,0.0,0
"Yeah, great!",admiration,0.7,0.4,0
"Yeah that’s what I was saying, thanks for pulling the stats I was too lazy to.",gratitude,0.85,0.35,0
"Damn, that sucks.",annoyance,-0.5,0.4,1
How right you are,neutral,0.0,0.0,0
What do you mean?,neutral,0.0,0.0,0
"Hey fellow research parker, I'm at Myriad in the lower right.",neutral,0.0,0.0,0
My favourite pool! Shame I don't live around there anymore,sadness,-0.8,-0.3,2
My favourite was “for people who don’t like water”. I don’t like their drinks but their advertising is always funny.,amusement,0.8,0.5,0
He also needs to understand it’s insanely hard to empathize with multimillionaires playing a kids game asking for hundreds million more.,disapproval,-0.55,0.3,1
ET + 2 picks for [NAME] would be great,admiration,0.7,0.4,0
You may have been watching a tad too hard bro lol No judgment here,neutral,0.0,0.0,0
On-court obnoxiousness should be punished and has nothing to do with the game of playing tennis. Bring your A game hitting the ball or walk off the field.,annoyance,-0.5,0.4,1
"[NAME], if you're doing an Undertale deal, not having a red heart on your ass is inexcusable.",disapproval,-0.55,0.3,1
These shows are scripted,neutral,0.0,0.0,0
*Honorary Packer unlocked*,neutral,0.0,0.0,0
Beep boop.,neutral,0.0,0.0,0
do you even need to ask of course we need to support her if we dont who the hell will?,neutral,0.0,0.0,0
It’s bad law. I wouldn’t be surprised either.,surprise,0.15,0.8,0
Expect the unexpected,neutral,0.0,0.0,0
"This is a great coming out, I also which it went this well for everyone 🏳️‍🌈",approval,0.6,0.2,0
SRS is a pile of shit I have no idea how it is still existing,confusion,-0.2,0.4,1
"Finally!! Just do it already, it's time.",optimism,0.75,0.5,0
Thanks. That makes me feel a little less lazy and a little more responsible,gratitude,0.85,0.35,0
I already like the game. I don't to make the wins gimmicky for the game to be fun.,approval,0.6,0.2,0
Looks like some salty Detroit fans downvoting you lol,amusement,0.8,0.5,0
She better not die,optimism,0.75,0.5,0
It was a joke long before the meme haha,amusement,0.8,0.5,0
"1-2-3-4 I declare a thumb war! Dangit [NAME], you win again! Ok you get to stab me again :(",sadness,-0.8,-0.3,2
Thanks. I needed to hear that.,gratitude,0.85,0.35,0
Venezuela has uniquely terrible oil.,fear,-0.8,0.85,1
I wish they’d get [NAME] but only down side is his defense and being a skinny boi,desire,0.6,0.7,0
He seems like the most genuine dude. I’m so happy to have him as our coach.,joy,0.9,0.7,0
"A lease violation is between the landlord and the tenant, not between one tenant and another. OP has no legal rights to stop this behavior at all",neutral,0.0,0.0,0
"I may be wrong but I think cows are stronger than horses, or at least made to be ",neutral,0.0,0.0,0
I always thought it was his country could be wrong tho,neutral,0.0,0.0,0
We have laws against all that. Get the police to do take action.,neutral,0.0,0.0,0
Thank you so much for this post. You wrote what I always thought and couldn't describe.,gratitude,0.85,0.35,0
"+1. I don’t make it to DuPont anymore unfortunately. If you’re in Rosslyn, I’d recommend American Threading Plus. ",disappointment,-0.65,-0.2,2
I love my Arabian but I have found the golden turkmen to be my more go to horse.,love,0.9,0.6,0
I bet he doesn’t line up for Daniels Donuts,neutral,0.0,0.0,0
London sure seems to be a hotspot of brazen theft these days. Jeez.,annoyance,-0.5,0.4,1
"As a personal agent of entropy in this world: Damn, what laptop do you use?",disappointment,-0.65,-0.2,2
Oh awesome! I didn't even notice your name until now lol,realization,0.2,0.4,0
Would love a weapon selection thing for him where you can choose whether to have lightning or a saber for each hand,love,0.9,0.6,0
we need more [NAME] like [NAME] and [NAME]. So far those are the only 2 who I have seen stick to their principles.,admiration,0.7,0.4,0
I'm referring to leadership and there's been several headlines about it already in the last week or so.,neutral,0.0,0.0,0
Omg l live for [NAME] stirring the pot!!,surprise,0.15,0.8,0
How awesome ! Of course now the baby has THREE sets of grandparents. Extra bonus presents !,admiration,0.7,0.4,0
"Great, about to rewrite my many ToDo lists",admiration,0.7,0.4,0
a celebrity i like had his appendix out and tweeted about how surgery left him with an ugly belly button 🤣,disgust,-0.8,0.45,1
I never said they were emotionless,disapproval,-0.55,0.3,1
I’m with you on that I suppose. Can only hope for the best.,optimism,0.75,0.5,0
Totally agree. I'm actually excited to play overwatch again tonight because of it. Teamwork is everything.,approval,0.6,0.2,0
Does it tickle inside your nostril? I always imagined it would be annoying.,annoyance,-0.5,0.4,1
I am mad that I did not come up with the Toewster.,annoyance,-0.5,0.4,1
totally agree.,approval,0.6,0.2,0
"Again, thanks!",gratitude,0.85,0.35,0
Is that a TV or a computer monitor ? :O,confusion,-0.2,0.4,1
This is cute AF. For 5.00 - 10.00? That's not bad yo. Some people at fairs would pay for 25.00 for this.,approval,0.6,0.2,0
At least she tried to be prepared for this.,optimism,0.75,0.5,0
Bro we were all aasim at that moment,realization,0.2,0.4,0
If it’s so in demands why are you posting that you can only get unpaid internships,curiosity,0.4,0.6,0
This is my favourite comment of the day. So because I don't like to be ripped off I should not be able to have a family?,confusion,-0.2,0.4,1
"She wasn’t seeking asylum in Thailand though, she was just trying to pass through to Australia, where she already had a visa iirc. ",disapproval,-0.55,0.3,1
this is why she killed herself you sick freaks,anger,-0.8,0.8,1
That Burberry?,neutral,0.0,0.0,0
"Lead is probably 5-7 points, similar to 2018. The race was closer than expected, so there’s no reason to lose hope.",approval,0.6,0.2,0
He looks like his parents are blood related.,neutral,0.0,0.0,0
"No, because vaccines are recommended worldwide. And also, not amputating a body part.",disapproval,-0.55,0.3,1
Reading some of the stories on this sub make me appreciate my family more.,admiration,0.7,0.4,0
Except for the part where it grows in with that awful shape people make because they can only see themselves in the mirror.,neutral,0.0,0.0,0
I have a religious friend who i agreed with early on that we could make fun of each other's beliefs/lack of. We're still best friends :),approval,0.6,0.2,0
Check our Four Peaks Brewery. Great food great beer,admiration,0.7,0.4,0
[NAME]. It just seems like it’d be more fun.,optimism,0.75,0.5,0
"That one is my favorite btw, its delicious. sorry you couldn't have it :(",disapproval,-0.55,0.3,1
I actually live in a place called Star City (ironically a really small town) so I thought it was the coolest thing to me.,realization,0.2,0.4,0
He wasn't chosen for me... He was chosen *for you*. I may have said too much...,neutral,0.0,0.0,0
I love it when people barge into my house and demand to know why I don't like them.,amusement,0.8,0.5,0
It’s a party and we’re all invited,excitement,0.8,0.9,0
"Thanks, just bought this!",gratitude,0.85,0.35,0
im actually really pumped to see how [NAME] does in Spain. hoping he gets some playing time to prove himself.,optimism,0.75,0.5,0
Sacrifice the individuals rights for the greater good of the community. That's the definition of fascism.,approval,0.6,0.2,0
My heart broke for him when his wife suddenly passed away. I worried about him with his issues with depression but he seems to be doing okay.,grief,-0.9,-0.1,2
Then why are you commenting on a thread about that article?,curiosity,0.4,0.6,0
this is my dream,desire,0.6,0.7,0
Didn't even think of that ><,neutral,0.0,0.0,0
"Was not one of those players, still want to go back to the MW2 days. Totally would if I still had my PS3 :/",sadness,-0.8,-0.3,2
That can be a perfect gift for a [NAME]. Amazing work !!,admiration,0.7,0.4,0
If you think people in this sub are gonna get butt-hurt you are in for a pleasant surprise.,curiosity,0.4,0.6,0
why not play 666 games and then create a thread :thinking:,curiosity,0.4,0.6,0
"Alright then, I'm glad to hear that. I hope it's handled in any case.",optimism,0.75,0.5,0
"Feel free to use as many rhymes as you want, after all you have the final say of your word play.",approval,0.6,0.2,0
The best champagne,admiration,0.7,0.4,0
TIL being a victim of racism validates being a criminal.,neutral,0.0,0.0,0
They were criticizing your spelling.,neutral,0.0,0.0,0
I like this plan. Hope [NAME] and [NAME] do too.,neutral,0.0,0.0,0
This could be valid. Remember that [NAME] was basically non-existent for the first 4 or so episodes of S9,neutral,0.0,0.0,0
If we didn’t throw out offers after [NAME] himself has been all over it. Then lynch needs to get checked.,neutral,0.0,0.0,0
I see him doing that.,approval,0.6,0.2,0
"Oh, naggers. Of course.",neutral,0.0,0.0,0
"Well, yes and no.",neutral,0.0,0.0,0
"Isn't that the ""help me, I'm being hunned"" distress signal?",confusion,-0.2,0.4,1
They do with [NAME],neutral,0.0,0.0,0
Wow you look incredible. Great job getting healthy and beautiful! ❤️,admiration,0.7,0.4,0
[NAME] is a nut; he has a rubber butt!,neutral,0.0,0.0,0
I picked it so it forced me to stay anonymous.,neutral,0.0,0.0,0
"[Licks salt] ""Hey guys, this *definitely* isn't snow!""",neutral,0.0,0.0,0
exactly. so the kids who are going to the game probably already go to tons of games anyways...which are in the evenings...,neutral,0.0,0.0,0
Never more have I felt like I come from a British colony.,neutral,0.0,0.0,0
Still no contest,neutral,0.0,0.0,0
"Oh sorry- to be clearer, I meant everyone not on the APP looking for a scooter will get sick of seeing random scooters. ",remorse,-0.7,-0.1,2
Yeah it wasnt like we had girlfriends,neutral,0.0,0.0,0
It picks you What I would do is try out everyone at least 1 rep You will find a main eventually I wish u luck :),desire,0.6,0.7,0
Here Also have no idea but I think I'd prefer their attraction over any other race,neutral,0.0,0.0,0
But she still looking like late twenties,neutral,0.0,0.0,0
Impact? I'm merely interested in how low you will sink.,curiosity,0.4,0.6,0
Show them to me when you draw them... if you want... Take care.,caring,0.75,0.3,0
I don’t care about this mission Texas stuff,annoyance,-0.5,0.4,1
He is 100% [NAME]. Not using [NAME] for the role of Admiral [NAME] is missed opportunity ;),approval,0.6,0.2,0
Long Furbies are beautiful,admiration,0.7,0.4,0
And riding one makes you look like a man trying to be tough during his mid life crisis.,neutral,0.0,0.0,0
"Lol Yes Most people arent 100% either (especially women). For a variety of reasons...finding beauty in other people, curiosity, jealousy, etc...",amusement,0.8,0.5,0
"play who you find fun, ""tiers don't matter""",neutral,0.0,0.0,0
Or pay someone to take photos. It's very easy to have a cheap wedding if you are a choosing beggar.,neutral,0.0,0.0,0
Funny you say that... krav maga is quite popular in Evanston.,amusement,0.8,0.5,0
The stress of electoral politics seems to be incredibly bad for one’s health.,realization,0.2,0.4,0
I put Norilsk on my phone so I feel better when Chicago is crazy cold,joy,0.9,0.7,0
Nohomo but i'd come to daddy,neutral,0.0,0.0,0
Yep. That whole second kid thing is no joke.... Soon this will be a distant memory. That’s what I tell myself,neutral,0.0,0.0,0
Whoever wrote this article has no concept of what’s going on what so ever. There assessments are miles off the mark.,anger,-0.8,0.8,1
Sometimes I wish he read mine,desire,0.6,0.7,0
"""I CAN CLEAN MY OWN VAGINA NOW!"" Kills me every time. ",annoyance,-0.5,0.4,1
I often give it a game or so just to see if there’s any noticeable factor,approval,0.6,0.2,0
"i love these wholesome stories when they appear in this sub. nice one, OP!",approval,0.6,0.2,0
I love them,love,0.9,0.6,0
That’s a Prog Snob for ya.,neutral,0.0,0.0,0
Thanks I hate it. Also I've been spontaneously diagnosed with stage 3 cancer throughout my entire body dude watching this video. I start chemotherapy on Monday,gratitude,0.85,0.35,0
"You must not sent a lot of time on the internet it Reddit is the worst racist site. 4chan, Breitbart, storwatch, the KKK official website...",neutral,0.0,0.0,0
Draw a cat in the screenchot,neutral,0.0,0.0,0
Ok yea running toward him makes it easier good idea,approval,0.6,0.2,0
Weird we’ve seen leftist harass and attack elder people and elder veterans but it doesn’t become mainstream news. I wonder why that is,surprise,0.15,0.8,0
Every time there's a video in my sub box I get really excited and then it's Fortnite. It's heartbreaking.,excitement,0.8,0.9,0
"I hope you're ok, I feel this post :( big hugs from me",sadness,-0.8,-0.3,2
Applied Math lol.,amusement,0.8,0.5,0
If only [NAME] was a being of infinite wisdom that could see beyond space and time and know this was going to happen.,neutral,0.0,0.0,0
I think most of us would really just rather you calm down a bit and stop being such a jerk.,neutral,0.0,0.0,0
"To be fair, you have to have a staggeringly high IQ to understand the Dead Parrot Sketch.",neutral,0.0,0.0,0
Up-vote for introducing me to a new subreddit,neutral,0.0,0.0,0
RTD lines are free in Denver tonight. Stay safe.,caring,0.75,0.3,0
[NAME] is a really cool name!,admiration,0.7,0.4,0
BONE-SHAKINGLY MEDIOCRE BROTHER,neutral,0.0,0.0,0
This is such a good idea!!,admiration,0.7,0.4,0
THANK YOU [NAME],gratitude,0.85,0.35,0
Thanks for you wisdom man I really appreciate your advice.,gratitude,0.85,0.35,0
I’m gonna get downvoted but it’s 4 years,neutral,0.0,0.0,0
Trust me it gets worse from there....i shortened it a lot,annoyance,-0.5,0.4,1
Him and [NAME] should get together and make some super-babies,neutral,0.0,0.0,0
"Yes. Get used to it, it's not going away soon.",neutral,0.0,0.0,0
Hmmm.. This map]( a lot like this map,neutral,0.0,0.0,0
You're really stupid if you believe that.,annoyance,-0.5,0.4,1
"Friends for eternity! Loyalty, honesty!",admiration,0.7,0.4,0
That seems stupid.,disapproval,-0.55,0.3,1
Lol! Exactly. ☹,approval,0.6,0.2,0
wooosh! orange fans mad,excitement,0.8,0.9,0
Growth cannot persist forever in a finite system.,neutral,0.0,0.0,0
Ok I'm pretty sure [NAME] has been part of the main cast since episode 1...,neutral,0.0,0.0,0
Bags are packed. Have to leave the country at a minimum as it's one of those gyms that's all over the place. Bad times.,sadness,-0.8,-0.3,2
I like how nobody else is doing anything to stop him,love,0.9,0.6,0
"Then yeah, not really. I can't think of a specific type of evolutionary pressure that would lead us to developing an ability like that.",confusion,-0.2,0.4,1
is NRG some new meta,neutral,0.0,0.0,0
"Ha! They’re very naughty! Pretty cute, tho ❤️",neutral,0.0,0.0,0
"Damn it [NAME], now I have to go down there again.",neutral,0.0,0.0,0
Thank you. I really appreciate your response,gratitude,0.85,0.35,0
I watched a couple Titan games. He used [NAME] and [NAME] very well. That alone gets me excited.,excitement,0.8,0.9,0
"**TELESTRATE, YOU BEAUTIFUL MAN!**",admiration,0.7,0.4,0
"Thanks Captain [NAME]. Admiral Semantics was just here, left a message to inform the crew that everything you eat is part of a diet.",gratitude,0.85,0.35,0
[NAME] kid got flyer shoes than the rest of us,neutral,0.0,0.0,0
"oh shoot, im sorry to hear that. was it someone close to you? ",curiosity,0.4,0.6,0
"No, that's my radar detector.",disapproval,-0.55,0.3,1
How do you think she got the job?,neutral,0.0,0.0,0
Really? it's probably the funniest movie I've ever seen.,amusement,0.8,0.5,0
Looks like Plastique stans will be our cringey stans of the season.,neutral,0.0,0.0,0
"Sending lots of love to you, I wish you fight your demons successfully and get all the love and respect you deserve",optimism,0.75,0.5,0
Some idiot talks shit to one woman - > SOCIETY shames WOMEN for BEING ALIVE,anger,-0.8,0.8,1
I thought I was the only person who enjoyed the dlc. I finished it so satisfied with how it went then looked online...was blown away by the reception.,joy,0.9,0.7,0
I love when these self-proclaimed ones would hound me for more pics.,love,0.9,0.6,0
I enjoy fixing problems. I think of it as a task that I can achieve. People get to overworked when they set too unreachable goals.,joy,0.9,0.7,0
"I am glad that the message touched you, I really am.",gratitude,0.85,0.35,0
Here's a purple heart for you recapping that! OMG matching romantic scoots I'm cryin',sadness,-0.8,-0.3,2
Why this post is downvoted? It makes me happy to read something like this.,curiosity,0.4,0.6,0
I would literally rather have the government throw $3k into a shredder than fund this shithead’s trip down south,anger,-0.8,0.8,1
You go home now,neutral,0.0,0.0,0
I would love that. [NAME] and [NAME] were easily my favourite supporting characters of season 2,love,0.9,0.6,0
"Ive read his and [NAME] further response and feel curious on the GoFundMe creator's authenticity butnthats just me, yay for positivity",curiosity,0.4,0.6,0
"Pretty stock standard winger. Depth at a good club, regular starter at a bad club kinda deal",surprise,0.15,0.8,0
I'm all for strong lady friendships.,neutral,0.0,0.0,0
"I know, right? I mean I liked Le Tigre, but this is just damn embarassing.",embarrassment,-0.55,0.45,1
thus is beautiful,admiration,0.7,0.4,0
I feel like this list is way off base from what we've been hearing.,neutral,0.0,0.0,0
You’re* such a nice person!,admiration,0.7,0.4,0
I don’t-ee see any bums!,neutral,0.0,0.0,0
Ah. Ok. I get it. Have an upvote.,approval,0.6,0.2,0
"As bad as this sub was in the 1st quarter, our announcers were just as awful.",disgust,-0.8,0.45,1
Bloody useless Pakistan,anger,-0.8,0.8,1
What is the reason you 2 have only been on 1 date in a whole year? Why cant you just 'see' each other in person?,curiosity,0.4,0.6,0
"I'd rather [NAME] take the fight at this point, [NAME] looks ready to red mist",neutral,0.0,0.0,0
"Where’s the, “this” *cliché* bot!?!? Also, good on you for choosing a less stressful life.",admiration,0.7,0.4,0
Or embalmed! Green burial is the best burial,admiration,0.7,0.4,0
[NAME] oh my god,neutral,0.0,0.0,0
I REALLY should get my breaks checked.,approval,0.6,0.2,0
"This guy used to be so good. I looked forward to his comics every week. Now, I couldn't care less about him. Complete economic illiterate.",disappointment,-0.65,-0.2,2
"If we always have to use reconciliation anyway, why not just kill it imo, doesn't really matter either way.",neutral,0.0,0.0,0
I mean I'm genuinely not sure if I'd rather be tortured for all eternity or have to spend all eternity in Sunday services,confusion,-0.2,0.4,1
Reminds me of when we used to have an RB named [NAME] while [NAME] was at Texas,joy,0.9,0.7,0
It does look good!,admiration,0.7,0.4,0
I used to have fun with it and didn't feel angry aside for when [NAME] was op lol,joy,0.9,0.7,0
i was expecting a kitty,desire,0.6,0.7,0
"He rapes , but he creates",neutral,0.0,0.0,0
"Umm, but I got to a Barber Shop that has more female barbers than men....",neutral,0.0,0.0,0
>New Years Penis,neutral,0.0,0.0,0
Thank you.,gratitude,0.85,0.35,0
Only >!best boys!< get in this sandwich,neutral,0.0,0.0,0
Yea can get a pic of me and my mates when we go out for drinks next So don't bother trying with jokes? Just keep it empty?,annoyance,-0.5,0.4,1
If I wanted to send a message about how much I hate my life and get literally no response then I could just text my mother.,neutral,0.0,0.0,0
Or maybe now you know what to talk about before getting married !,neutral,0.0,0.0,0
"I like you, do you like me? Please circle Yes No",curiosity,0.4,0.6,0
gaslighting!!!!! he’s manipulative,neutral,0.0,0.0,0
>very unlikely Literally impossible,disapproval,-0.55,0.3,1
"I get that you’re upset because I find a joke funny, but keeping it to yourself doesn’t hurt anyone. ",caring,0.75,0.3,0
"Thank you so much for saying all this, it needs to be heard more often. ",gratitude,0.85,0.35,0
"They hit two times - one in the face, second on the coffin.",neutral,0.0,0.0,0
"do it bro, get some practice in, she can teach you alot",caring,0.75,0.3,0
"Fighting childhood obesity, one babysitter at a pretty pointlessly narrow definition of harassment that includes criticism.",neutral,0.0,0.0,0
She would betray her friends for chicken nuggets,disgust,-0.8,0.45,1
[NAME] is the only person i want him to end up with since the beginning i liked her the most,neutral,0.0,0.0,0
Thanks for posting this. I'm going through the exact same but I wasn't gonna post anything about it.,gratitude,0.85,0.35,0
Can we stop suggesting [NAME] as [NAME] it's not happening.,disapproval,-0.55,0.3,1
Thank you!!!!!,gratitude,0.85,0.35,0
Ho. [NAME]. Shit. Glad you made it through that insanity,gratitude,0.85,0.35,0
You blew it. They played you like a fiddle.,neutral,0.0,0.0,0
"Meh, the Chiefs got gifted a PI call or two, especially on their last drive to tie the game.",neutral,0.0,0.0,0
It really is a brilliant piece of nostalgia and terrible film making. I love everything about it.,admiration,0.7,0.4,0
"Na, he has a real chance! ;)",approval,0.6,0.2,0
It's the end of the world as we know it...and I feel fine,approval,0.6,0.2,0
"Now that u mention it, its bugging me too...",annoyance,-0.5,0.4,1
Thank you for this reply!! You actually made me feel a bit better about the whole thing now (:,joy,0.9,0.7,0
"I haven't killed one yet, but I did kill someone that had a carcass. I think I got $3 at the butcher.",neutral,0.0,0.0,0
"I just realized people in apartments are essentially screwed, that is too bad man, hopefully you'll get that going soon! It's worth it!",embarrassment,-0.55,0.45,1
"If he had called her bluff, I doubt she would’ve ever pulled that again",neutral,0.0,0.0,0
"They are saying they are ethnically [NAME], which is true. Nationality and ethnicity are not synonymous.",realization,0.2,0.4,0
This girl is my hero.,approval,0.6,0.2,0
"he left his briefcase... hey, it's full of shredded newspaper!",neutral,0.0,0.0,0
"It’s also extremely expensive and school options are limited. Just a thought, I’m all about advancing your career:)",caring,0.75,0.3,0
[NAME] i hope you're watching this game very closely. do the right thing,optimism,0.75,0.5,0
It's a shame you're sticking up for a dictator who orders the beating and shooting of protesters in the street.,annoyance,-0.5,0.4,1
"He took the pin, and verbally put him over. Big night for [NAME].",neutral,0.0,0.0,0
Ill try my best. I can atleast try and looksmatch at 5'6. AlphaM is 5'6.,optimism,0.75,0.5,0
Thank you for that. I just want to feel safe secure and loved just once.,gratitude,0.85,0.35,0
"That might be intentional? Not sure, I don't use it.",confusion,-0.2,0.4,1
It’s gonna be a large group interview in a shady office. Ghost em.,fear,-0.8,0.85,1
I love how you're making an assumption to try and make a point.,love,0.9,0.6,0
"I wake up as a girl everyday. A girl with a penis, huge hands, hair like fucking everywhere, no tiddy, and an unwelcome boner.",neutral,0.0,0.0,0
I was surprised the general public hadn't already heard of them tbh. They have been around for quiet sometime.,surprise,0.15,0.8,0
Also likely selling stolen goods too lol,amusement,0.8,0.5,0
Women have a right to their own bodies. Your comments are horribly patronizing. They indicate that women intellectually develop slower than men which is sexist.,approval,0.6,0.2,0
"Sounds like your new chapter has started already, brother. You deserve someone who truly loves you and treats you that way. ",love,0.9,0.6,0
Literally the Reincarnation of the Man who ate a Whole Plane,neutral,0.0,0.0,0
Beverly Hills and Wehoo👍,neutral,0.0,0.0,0
Yeah I tried to apply but with being partially excepted I think it would be hard to be a sub,disappointment,-0.65,-0.2,2
Are you sure it wasn't just the six o'clock news? Its getting difficult to tell the difference these days.,confusion,-0.2,0.4,1
I just ordered a hoodie! Thanks!,gratitude,0.85,0.35,0
This is one of the coolest things I’ve seen on Reddit,admiration,0.7,0.4,0
Think many people misunderstood your intentions here and the conversation just went on a tangent from there.,neutral,0.0,0.0,0
He looks so young without a beard/moustache though.,approval,0.6,0.2,0
So you can walk right?,curiosity,0.4,0.6,0
How is she at all mobile at that weight? Bones are incredible things!,neutral,0.0,0.0,0
This gives me life,neutral,0.0,0.0,0
oh trae turnover then a whistle looks like LP gonna show him the bench :|,neutral,0.0,0.0,0
"Haha, I didn't know that station existed unil I was working in E Ayrshire one day and one of the guys tild me about it.",neutral,0.0,0.0,0
that tone of voice sounds a loooot like a liar would sound... lol,amusement,0.8,0.5,0
What a masterful bit of propaganda. Get the left to want war and criticize peace.,disapproval,-0.55,0.3,1
"I dont really know, I think its mostly because they just get these really high end computers and do nothing with them.",disapproval,-0.55,0.3,1
"Oh it is, it's just that you know that thing...about the intel",neutral,0.0,0.0,0
"Ohhhhh come on [NAME], just two more years...",neutral,0.0,0.0,0
"Mexico definitely had a lot of potential for prosperity, but then all the mess starting in the 1910s leading to the PRI really squelched all that...",neutral,0.0,0.0,0
Hahahaha. This. This right here. 😂,amusement,0.8,0.5,0
Oh I see what ya did,neutral,0.0,0.0,0
Well the law trumps your feelings buddy,neutral,0.0,0.0,0
"oops, back in a minute, your round!",neutral,0.0,0.0,0
"If I start shoving food into my face as I enjoy everyone here, dis becomes a bery bery unhealthly situation. ",joy,0.9,0.7,0
Like have an anti interventionist foreign policy.,neutral,0.0,0.0,0
It probably will if you roll your eyes so hard.,neutral,0.0,0.0,0
Big boobs have never made me more or less attracted to a woman.,neutral,0.0,0.0,0
[NAME] that was me,neutral,0.0,0.0,0
Seriously? I have to work Monday. I can’t be thinking like that over the weekend.,surprise,0.15,0.8,0
"I know it CAN be, but...I'm not sure, in this case.",confusion,-0.2,0.4,1
Yeah it helps me too but I still don't feel well rested the next day,approval,0.6,0.2,0
Do you have a source for this? It wouldn't surprise me but I'm curious.,curiosity,0.4,0.6,0
There is so much positive support and affirmation in this thread and I love it. Congratulations OP.,gratitude,0.85,0.35,0
That's the funniest thing I've read. I would have had a hard time keeping back a chuckle.,amusement,0.8,0.5,0
#THANK YOU FOR THE RED ARROWS. I NEVER WOULD HAVE GUESSED IT WAS THE TOP COMMENT,gratitude,0.85,0.35,0
"Usually fly fishing. During winter I like cooking, enjoying a glass of wine or a joint. ",joy,0.9,0.7,0
"> Still hard Phrasing. O_o Sorry, I couldn't resist.",remorse,-0.7,-0.1,2
He has really aged quickly.,neutral,0.0,0.0,0
Zoos are the reason why many endangered species are no longer endangered. You oppose the existence of zoos. Therefore you would rather see those animals go extinct.,neutral,0.0,0.0,0
I don't see how this is relevant to this subreddit? Perhaps try your local political subreddit.,confusion,-0.2,0.4,1
"I really hope not. Personally I have no interest in VR games, and not even my favorite game would change that.",optimism,0.75,0.5,0
"Yeah it’s pretty cringe tbh, I think he’s a good guy just a little insecure ",admiration,0.7,0.4,0
"It looks like it's outdoors in the snow, so you'd be wearing gloves anyway.",neutral,0.0,0.0,0
No deal then? Sick of reading about this shite.,annoyance,-0.5,0.4,1
How strange is it that it is only gun control enthusiasts think that compromise means one side gets what it wants and the other side only loses.,surprise,0.15,0.8,0
At least now [NAME] has more time to gain his confidence,optimism,0.75,0.5,0
Is that what this is? I thought it was some kind of a tattoo gun.,confusion,-0.2,0.4,1
Fucking right let’s go [NAME],anger,-0.8,0.8,1
Ugh I wish!!! You’re not in the US?,desire,0.6,0.7,0
good luck watching your career tank when you insist on working with a person because of their gender rather than their skill and talent..,caring,0.75,0.3,0
I love when the cringe comes to us.,love,0.9,0.6,0
Very very nice to see this irl. Nice post 👌🏼,approval,0.6,0.2,0
I love the RDS.,love,0.9,0.6,0
"Thanks, I sort of bought myself the leadership role with that little stunt I pulled. I will do my best. ",gratitude,0.85,0.35,0
"They make it difficult to chant this, they go and get indicted way too soon.",neutral,0.0,0.0,0
Growing up in Chicago this was my life. Pissed he didn’t make it.,annoyance,-0.5,0.4,1
Please list them and sources as well. Thanks.,gratitude,0.85,0.35,0
“Thank you bus driver! Thank you navigator!”,gratitude,0.85,0.35,0
"Congrats on your commission, do your best!",admiration,0.7,0.4,0
That's my meds when going through interviews lol. Glad you made it!!,amusement,0.8,0.5,0
Erm... Maybe he wants you to use those toys... On him.,neutral,0.0,0.0,0
Good luck remembering that where you left it and then tearing your house apart for 1.5 hours trying to find it.,optimism,0.75,0.5,0
"Or at least it could have been, but the pic is gone :(",realization,0.2,0.4,0
Fuck this gif,annoyance,-0.5,0.4,1
Just wanna say I appreciate you posting these videos every few days!,admiration,0.7,0.4,0
HE CALLED A RAISE WITH 85 [NAME],neutral,0.0,0.0,0
BUT THEYRE TIRED,neutral,0.0,0.0,0
That's... pretty unexpected actually.,surprise,0.15,0.8,0
Ignore the trolls this is a fantastic idea.,admiration,0.7,0.4,0
Very good comment!,approval,0.6,0.2,0
That's bomb! I'm so happy for you! Good luck,joy,0.9,0.7,0
This happened at my local Odeon last night. The amount of confused faces was kinda funny to watch.,amusement,0.8,0.5,0
"Damn, we need to get this idea to [NAME]! ",desire,0.6,0.7,0
카니발 sounds more like cannibal than carnival.,neutral,0.0,0.0,0
I smelled this meme coming in from a mile off! So good :p,admiration,0.7,0.4,0
r/LazyMan. 1080p 60fps.,neutral,0.0,0.0,0
"You think that hearing deathcries is **funny** ? Personally, hearing cries of pain and dispair don't cause me enjoyment, but I guess I'm a weirdo.",sadness,-0.8,-0.3,2
When your 16 and do adderall and get a panic attack,neutral,0.0,0.0,0
Oh I'm talking about cranberry.,neutral,0.0,0.0,0
"I did the same with a group of buddies. Nonetheless, Happy New Year!",joy,0.9,0.7,0
Lol at least stand by your dumb opinion instead of deleting it.,amusement,0.8,0.5,0
Doubt it will happen but it would be good for Aberdeen to get a change.,approval,0.6,0.2,0
I dunno. Seems pretty meh,neutral,0.0,0.0,0
[NAME] and [NAME]. There really is NO point of them staying and they are unbearable to watch.,disapproval,-0.55,0.3,1
I did this first try but then the next time I played I was ducking hollering,neutral,0.0,0.0,0
Another fun fact is that the survivors present at the campfire are the ones you most recently played as.,amusement,0.8,0.5,0
That was indeed a good joke. My penis is happy,joy,0.9,0.7,0
Lol of course its a religion you stoopid carnist. True vegans pray to [NAME] every morning at 5:00 and have to face his direction while doing so.,amusement,0.8,0.5,0
Personally I'm wondering why our OP didn't go with the clone angle. That's way more insane than them just being sent to prison.,surprise,0.15,0.8,0
"Yup. I feel you. I'm very sorry it happened to you, too.",caring,0.75,0.3,0
I wish the 'opt out of redesign' button actually worked :(,desire,0.6,0.7,0
I get these all the time and sometimes just walk. Love downtown,love,0.9,0.6,0
"Georgetown - great food, great shops/ the ""exorcist"" steps are located there, too. the exorcist steps ",neutral,0.0,0.0,0
"Same for me, feels like i've been made alone just so my brother can get all the attention",sadness,-0.8,-0.3,2
"Well, I can't speak for the right; I'm on the left.",neutral,0.0,0.0,0
"But according to [NAME] [NAME] didn’t use a phone to contact [NAME], right? Also, Oct 5?",neutral,0.0,0.0,0
"Yes, you’re right. Thank you for your kind words.",gratitude,0.85,0.35,0
"Thank you, I thought the plane in the picture was cool too. I am. One of the best pictures I’ve taken with my phone.",admiration,0.7,0.4,0
Everyone’s been assuming that’s there problem all week anyways haha,amusement,0.8,0.5,0
"She might die before then, risky move either way.",neutral,0.0,0.0,0
"Okay, so the wording didn't matter because she was already too into you. Still nice, thanks. ",gratitude,0.85,0.35,0
This is repulsive what the fuck is wrong with places like this. It does have an element of hilarity tho,disgust,-0.8,0.45,1
These videos are legendary,admiration,0.7,0.4,0
"You're right, thank you.",approval,0.6,0.2,0
"37 here, happily single. And the majority of my friends who got married at 23/24 are getting divorced now. ",neutral,0.0,0.0,0
exactly. you're a child. you make personal attacks when you lose an argument. I feel sorry for you.,remorse,-0.7,-0.1,2
Do women make the razor blade choices for their spouses? I guess they could aim for that demographic.,neutral,0.0,0.0,0
You say tomato I say tomahto.,neutral,0.0,0.0,0
27 too many,neutral,0.0,0.0,0
are you only looking for someone to share? do you want someone else or are you just doing this so your partner might have someone?,neutral,0.0,0.0,0
Gotcha. That can happen sometimes too but make sure you follow up with your gyno just incase.,caring,0.75,0.3,0
[NAME] expunged my paraphernalia without consent and I called the **LAW TIGERS** to sue him for damages.,annoyance,-0.5,0.4,1
"Seems to be fake. Checked the Morning Mix website, no articles from Nov 13^(th) 2018 that match the title shown.",neutral,0.0,0.0,0
#I HATE BOTH EQUALLY,anger,-0.8,0.8,1
He has his ups and downs. The only time I can stand him is after [NAME] and before [NAME],neutral,0.0,0.0,0
"I think he is dead but he died long before the supposed raid. He was old and sick, dying of kidney failure.",grief,-0.9,-0.1,2
Arizona in the summer is fine. Arizona in the winter when all the blue hair snowbirds come is absolutely horrifying.,approval,0.6,0.2,0
you arent a real 90's kid if you were born after 1999,disapproval,-0.55,0.3,1
"Ah, the original turd burger.",approval,0.6,0.2,0
Your house/estate must be first on the route. Delivery normally starts at 8am.,neutral,0.0,0.0,0
One time on an early morning run I saw nobody coming down so I ran up it against traffic.,neutral,0.0,0.0,0
This person is going to be very surprised to learn how many college campuses require you to have UTD vaccinations...,neutral,0.0,0.0,0
Hard to get motivated to play when the fans are burying one of your teammates.,neutral,0.0,0.0,0
*sees title* hello there!,neutral,0.0,0.0,0
"I’m okay with the “expecting mother’s” spots. It’s not a women thing, it’s a courtesy thing ",neutral,0.0,0.0,0
The worst case of cultural appropriation is him mimicking human language and thoughts when he is clearly some kind of barely sentient pond scum.,annoyance,-0.5,0.4,1
Hey man you can outline whatever excuse you want to not go ahead with this. I'm just giving you information.,neutral,0.0,0.0,0
You Dirty F*king Heathen.,anger,-0.8,0.8,1
"Please don’t give up like that. People gaslight you, and you just lie down and take it? You are stronger than that. 💕",curiosity,0.4,0.6,0
if it shatters your little ego i'm fine with this. :),anger,-0.8,0.8,1
It's because you're dizzy from lack of oxygen.,neutral,0.0,0.0,0
REALITY BENDS TO MY WILL!,optimism,0.75,0.5,0
Story of my life.,neutral,0.0,0.0,0
I play with all 20-24 year old so we most certainly did not hear the punishment on the radio. Not sure exactly where it came from though.,confusion,-0.2,0.4,1
That's your justification? You're a terrible person. Correction: You're a terrible child. Get some help.,fear,-0.8,0.85,1
Aaaay [NAME] unite against the magical sky fairy!,excitement,0.8,0.9,0
That's gonna take a fuckton of Eco products.,neutral,0.0,0.0,0
"""Oh, when you were an infant you wanted to be around me ALL THE TIME! Your evil wife must be why you changed!"" ",anger,-0.8,0.8,1
This is why I stopped watching. :( The brutality was disgusting.,disgust,-0.8,0.45,1
"I am secretly hoping for a Vini winner - he deserves it so much, the guy pours his heart out on the pitch",admiration,0.7,0.4,0
"Hang on to that feeling brother, it gets easier :) ",caring,0.75,0.3,0
That season 2 opener was great and completely unexpected.,admiration,0.7,0.4,0
Looks like one of mine too. Such a horribly raised entitled rude brat,annoyance,-0.5,0.4,1
My biggest problem with Yuri on Ice is that it didn't have enough episodes to show the payoff of their relationship in my opinion.,disapproval,-0.55,0.3,1
"6lbs is a lap dog, if someone shoots that cause they're scared it's aggressive...",fear,-0.8,0.85,1
That cut to [NAME] looking at the camera was hilarious.,amusement,0.8,0.5,0
Happy birthday [NAME]!,joy,0.9,0.7,0
"It's a reskin of Overlord, which is why it uses the OL VP.",neutral,0.0,0.0,0
"Aha, I didn't say that was a good thing.",disapproval,-0.55,0.3,1
"Like it was over wayyyyy too fast for a real one. Shit, the Taliban lasted for years, and ISIS is still a huge problem.",annoyance,-0.5,0.4,1
"Matinee games always scare me, but I have confidence in this team. LGI!",fear,-0.8,0.85,1
Epiploic Appendagitis. Although it’s almost certain that you’ll have to affirm that you aren’t talking about appendicitis.,neutral,0.0,0.0,0
EVERY SINGLE TIME WE GET SPAMMED WITH IT WE SHOULD EMAIL THEM THIS,approval,0.6,0.2,0
"eh, maybe. the tricky part is getting away with it.",neutral,0.0,0.0,0
I like being bad. It makes me happy.,joy,0.9,0.7,0
They brown as they get older clear means nice and fresh,admiration,0.7,0.4,0
I'm glad that you are still harboring feelings from a game that ended in 2016.,admiration,0.7,0.4,0
No but I've been totally been meaning to I fricking love [NAME]!,disapproval,-0.55,0.3,1
"You’re welcome, glad to help!",joy,0.9,0.7,0
Stop playing dumb. You know what an incel is.,annoyance,-0.5,0.4,1
You're far too sweet haha,admiration,0.7,0.4,0
And [NAME] is the opposite.,neutral,0.0,0.0,0
i have bought this but not played. i'm scared. hold me.,fear,-0.8,0.85,1
The fuck? That ball was still on the ground tho.,annoyance,-0.5,0.4,1
"""I didn't learn anything from the last short clip video on twitter that cut in mid way through an confrontation"" Oh look a new one!",disapproval,-0.55,0.3,1
Stay there it’s been good luck,caring,0.75,0.3,0
Don't forget the something else I clearly don't understand.,disapproval,-0.55,0.3,1
There was no point. This is also the answer for many other choices that have been made in the sequels,neutral,0.0,0.0,0
Contentious statements cause unrest in public forum. In other news water is wet.,neutral,0.0,0.0,0
"Its cause of [NAME] and the Rams, he basically has 0 control over the defense ",neutral,0.0,0.0,0
I have to go with [NAME]. Rookie who lived up to the hype and I actually got excited when he got snaps.,excitement,0.8,0.9,0
"Been together 6 years, and I think she's the best person I know. I'm still in the phase where I love her more everyday.",love,0.9,0.6,0
The guy next to him's reaction face is classic.,approval,0.6,0.2,0
lmao!!,amusement,0.8,0.5,0
Popeyes spicy tenders,neutral,0.0,0.0,0
This isn't bigoted at all. Pointing out flaws is actually a good thing. Good job,admiration,0.7,0.4,0
Great to hear lol I just ordered a ton for my shop so that’s reassuring,admiration,0.7,0.4,0
"Despite the certainty of some, we do not know. But we do know [NAME] is loving and merciful, and we hope for the salvation of all.",optimism,0.75,0.5,0
Some bad dancing will never look like sex...,neutral,0.0,0.0,0
Currently cuddling the pillow because my husband got up...,neutral,0.0,0.0,0
In Canada you should probably be more worried about moose than bears,fear,-0.8,0.85,1
The saddest thing about this is that most people truly in need are the last ones to ask for help because they don't want to be anyones burden...,sadness,-0.8,-0.3,2
His contract is awesome after July 1,admiration,0.7,0.4,0
Enjoy,joy,0.9,0.7,0
And that's not [NAME] either. It's former HS o-lineman who now runs a frat,neutral,0.0,0.0,0
"Its important that we get members from all over the political spectrum, no one wants a circlejerk.",neutral,0.0,0.0,0
Couldnt agree more.,disapproval,-0.55,0.3,1
I was wondering if that would be spotted. It is from the movie Split. saw the image on Reddit and immediately thought of lions.,curiosity,0.4,0.6,0
how many times has this been reposted by now? 10?,curiosity,0.4,0.6,0
Maximum silly!,amusement,0.8,0.5,0
Could fit the definition for thyroid disorder as well. Best to leave it to the professionals.,neutral,0.0,0.0,0
[NAME] is waaaaaaaay smaller than him haha. Although I'm sure they equally love steak,love,0.9,0.6,0
"Agree. Don't assume anything, even the worst. First get the facts : while being prepared for any facts.",approval,0.6,0.2,0
You don't ask some random woman her bra size and if she's a virgin. That's just so rude.,annoyance,-0.5,0.4,1
"Either they're back together or they have to pretend everything's fine, until the show ends.",neutral,0.0,0.0,0
"Great video, and kudos for waiting them out and not letting your primal instincts let you attack from a wrong position!",admiration,0.7,0.4,0
Why so hateful. I feel sorry for you.,remorse,-0.7,-0.1,2
I’m going to be laughing for the next hour!,optimism,0.75,0.5,0
"Stay away from any of the Firkin pubs, they recycle the beer and fries! 🤢",disgust,-0.8,0.45,1
That man had some hilarious lines/events,amusement,0.8,0.5,0
Disgusting!!! Where were the adults? The adults probably felt proud of their sons. Fucken toxic culture,disgust,-0.8,0.45,1
"Srs it's so bizarre! There's often someone like ""OP is wayyy prettier than [celebrity]!!!"" as well. ",neutral,0.0,0.0,0
"It was cool so we put it on the phone, they’re blown away that I haven't slept in for months.",disappointment,-0.65,-0.2,2
You drive from Burlington to London to school???,neutral,0.0,0.0,0
"I checked the dudes profile before I posted this, it’s not he’s being serious ",neutral,0.0,0.0,0
"Not interested. Old, slow, not a scheme fit.",neutral,0.0,0.0,0
"Sorry, I don't get it. ELI5 please.",remorse,-0.7,-0.1,2
They're only part of it. There are subliminals as well. My sa is cured. Have a blast keeping yours if that's what you want,approval,0.6,0.2,0
Fuck I love you prag,anger,-0.8,0.8,1
"No, that’s my husband. ",neutral,0.0,0.0,0
calm down there satan,neutral,0.0,0.0,0
"Mavs fans are mavs fans, who cares what they are later. Stop gatekeeping",neutral,0.0,0.0,0
"I couldn't be a god, I hate harp music.",annoyance,-0.5,0.4,1
Omg if WOW sue’s her then my depression would be cured and I’ll have my jush,surprise,0.15,0.8,0
If yous got a problem with Canadian Gooses than you’ve got a problem with me and i suggest you let that one marinate,neutral,0.0,0.0,0
"It's pretty much a new format now, it must have been TF2 centred. ",neutral,0.0,0.0,0
Yeehaw! It's time for a hoedown!!!!,joy,0.9,0.7,0
Spot on. You have astute comments.,neutral,0.0,0.0,0
Say it louder for the Dwight’s in the lockers.,anger,-0.8,0.8,1
Jeepers I should have been asleep two hours ago,disappointment,-0.65,-0.2,2
Haha! It didn’t HAVE to be but I didn’t want anyone having unrealistic expectations just because I said the word “inches”.,amusement,0.8,0.5,0
"Highly unlikely, but damn would love this to happen.",love,0.9,0.6,0
Haha. Dried fruit is partially how I got fat again.,amusement,0.8,0.5,0
Damn this got me,neutral,0.0,0.0,0
This means bisexual,neutral,0.0,0.0,0
"I’m not usually into ASMR, but I’ll look into it! Thank youu",gratitude,0.85,0.35,0
You know he only follows NSFW subs,neutral,0.0,0.0,0
Thank you for the link I'm going to post their also,gratitude,0.85,0.35,0
"I believe they know about it and don’t care, but they aren’t paying someone that doesn’t work there to do it.",annoyance,-0.5,0.4,1
"I love how the dog bites hard enough to pull it away, but soft enough to not kill it",realization,0.2,0.4,0
my screen is 10 years old so the graphics are also horrible,disappointment,-0.65,-0.2,2
"I want a shirt that says ""Brilliant, Beautiful, Ferocious, Thing"". That's power.",admiration,0.7,0.4,0
You legitimately sound like a hipster.,neutral,0.0,0.0,0
It sucks because the guy ruined the name. Also ruined a tiny mustache.,annoyance,-0.5,0.4,1
Sometimes I want these guys to make it. Sometimes I want these dumbasses to fail.,neutral,0.0,0.0,0
Yess! Some of my favorite lines from the trilogy. [NAME] killing joke monologue still seems very relevant today.,joy,0.9,0.7,0
[NAME] was piss poor today,neutral,0.0,0.0,0
Weird flex but ok,neutral,0.0,0.0,0
So what advice do you have for not getting sued? Preferably something OBGYN related. Thanks for doing this,gratitude,0.85,0.35,0
"evolve groove spines, or ask [NAME]",neutral,0.0,0.0,0
[NAME] has lost it and I'm loving it!,love,0.9,0.6,0
"It's always bothered me. He reminds me of [NAME], coming in for the kiss with his mouth wide open!",realization,0.2,0.4,0
This guy probably just started watching football. These younger generations just aren't as educated as they used to be.,neutral,0.0,0.0,0
I'm sorry for that.,remorse,-0.7,-0.1,2
YEAH! How dare he ask if you were feeling ok!!!,anger,-0.8,0.8,1
They probably died anyways,grief,-0.9,-0.1,2
All I'll say is when I can smell it walking down the street it makes me very jealous.,annoyance,-0.5,0.4,1
They’re led by...gasp... a WOMAN!,neutral,0.0,0.0,0
it's a joke,amusement,0.8,0.5,0
Happy cake day by the way!,excitement,0.8,0.9,0
The way it runs out of the water lmao,amusement,0.8,0.5,0
"Well it depends on your level, class, and how good you roll.",approval,0.6,0.2,0
Ooh I like them. I don't really plan on marrying but who knows I might someday.,optimism,0.75,0.5,0
Meh good introduction. Sadly I am a pro philosopher so know all of this,admiration,0.7,0.4,0
"Danish PM on the topic - ""We are not Socialist""",neutral,0.0,0.0,0
"ugh, same. it also gave me the shakes, so I quit. so far, I've found Trintellix to be a nice compromise",approval,0.6,0.2,0
"The economy is heavily controlled and subsidized by the government. In any case, I was poking at the lack of nuance in US politics today",neutral,0.0,0.0,0
thank you in turn! :D,gratitude,0.85,0.35,0
"He burnt out. Give it some time. Other option is he never really cared, but I find that unlikely. Also maybe life just happened.",disappointment,-0.65,-0.2,2
This is going to be the last episode with my Latina goddess [NAME] 🌹😭,sadness,-0.8,-0.3,2
I'm pretty excited to see how [NAME] develops. Appears that he could be a decent enough player in the future.,excitement,0.8,0.9,0
They're obviously not.,disapproval,-0.55,0.3,1
I avoid them like the plague and report them,disapproval,-0.55,0.3,1
It’s okay bro saints about to beat them 41-3 next week lmao don’t worry,caring,0.75,0.3,0
We have no other winger bro....,neutral,0.0,0.0,0
"backstories for all the [NAME] kids, im super curious about it since they announced itll be released",curiosity,0.4,0.6,0
"thanks, it’s been so much better",gratitude,0.85,0.35,0
I'll have to think about that one but maybe if you're down😂,approval,0.6,0.2,0
"these have to be probably the worst presses ive ever seen, sorry mate",remorse,-0.7,-0.1,2
What would constitute proof to you?,neutral,0.0,0.0,0
What are they doing up there?,neutral,0.0,0.0,0
200 likes already? Can we keep it going! Upvote! Upvote! Upvote! Enough upvotes and we will get the community involved.,curiosity,0.4,0.6,0
Damn. Hope they don’t have children,desire,0.6,0.7,0
*Most of us are happy to help.,joy,0.9,0.7,0
"Wow, he showed some backbone. I’ve always been pretty ambivalent towards him, but this ups my opinion a little.",excitement,0.8,0.9,0
Brother please allow me to humbly agree. This is done. Take care of yourself.,approval,0.6,0.2,0
"I think I should try this. Thanks, OP.",gratitude,0.85,0.35,0
"And he even dared to reference fairly odd parents in there, wtf lol",amusement,0.8,0.5,0
I'm still happy about it and will be for the entire offseason.....if not longer :),joy,0.9,0.7,0
Moral and factual truths are equivalent. If you purposely make a wrong decision based on false beliefs or incorrect theories then you're immoral.,neutral,0.0,0.0,0
The color of it is really cool too,joy,0.9,0.7,0
Then it would have been removed. Don't assume my thoughts. I cringed. I posted.,annoyance,-0.5,0.4,1
Deer needs to make a false injury claim and get paid did you see that fake I got hit jump it did?,curiosity,0.4,0.6,0
"Hey, I made it in the screenshot!",neutral,0.0,0.0,0
"As long as his other pics don't take himself too seriously, this is kind of funny",amusement,0.8,0.5,0
I love how when a girl flees saudi arabia in fear of her life she gets called a drama queen. This right here is a drama queen.,love,0.9,0.6,0
"I'm a dudes, he's a dudes, she's a dudes, we're all dudes!",neutral,0.0,0.0,0
"If this was some weird publicity stunt to announce the [NAME] is coming back I will die. In reality, it makes me think he's coming back",annoyance,-0.5,0.4,1
"They aren’t going to have him skip AAA, but he could legitimately be an option later in the season. ",neutral,0.0,0.0,0
someone needs to up their weed game damn,optimism,0.75,0.5,0
It's shaped fine. It fits her. It looks great and I'm jealous.,admiration,0.7,0.4,0
Thanks. I needed this reminder today.,gratitude,0.85,0.35,0
Lovely. If you have no success in finding a copy I'd be more than happy to post it to you.,love,0.9,0.6,0
NEVER FEAR!!! [NAME] IS HERE!!,neutral,0.0,0.0,0
“Brave” is one way of describing it,neutral,0.0,0.0,0
Sure hoping so!,optimism,0.75,0.5,0
"Like, there is an insufficient causal relationship for it to be an expectation to work with assholes.",annoyance,-0.5,0.4,1
Are they bigger than our defensive breakdowns and [NAME] five hole?,curiosity,0.4,0.6,0
"ok, thanks pal",gratitude,0.85,0.35,0
"Damn you really need a girlfriend, dude. 🤣 ",caring,0.75,0.3,0
well.. didn't have it when I was a kids but I like it now when it's served as side dish at beer bars.,neutral,0.0,0.0,0
But there's no hype in that...,neutral,0.0,0.0,0
When hes nailing threes though its a glorious thing.,admiration,0.7,0.4,0
There were two attempts. They didn't launch very well,disapproval,-0.55,0.3,1
I like gorgeous men with huge lovely penis,love,0.9,0.6,0
"At the very least, I’m glad he tried something other than the standard blue. And yeah, I think the title is above-average as well. ",joy,0.9,0.7,0
One day please show this post to him it is so beautiful and kind.,admiration,0.7,0.4,0
Or you could learn to reverse park and stop whining. It’s a lot easier to park backwards.,neutral,0.0,0.0,0
Some randoms from his Minecraft sever probably,neutral,0.0,0.0,0
Truly a sad day when you can get fired just for having a *heated gaming moment*. We really do live in a society.,sadness,-0.8,-0.3,2
“So a guy cusses you out for lowballing him...”,curiosity,0.4,0.6,0
Okay cool. Gonna drive home from the hospital.,approval,0.6,0.2,0
Ah lol just run then,amusement,0.8,0.5,0
Stop attacking me.,annoyance,-0.5,0.4,1
Get more crushes.,neutral,0.0,0.0,0
This is uncomfortably lame,disgust,-0.8,0.45,1
Say what? He has been playing for epsilon till now. Never seen some real accusations on him cheating. I think you should read some more.,neutral,0.0,0.0,0
I think Seager and Urias will be better than any free agency acquisition we can possibly make. If. Both. Are. Healthy..,approval,0.6,0.2,0
Stop having kids you can't afford. Make sure you check the kids credit to make sure there are no accounts opened in their name. Good luck!,optimism,0.75,0.5,0
"""Those [NAME] can't take an empty gesture.""",neutral,0.0,0.0,0
"Haha WEHO, for West Hollywood, not Wehoe for We hoes",amusement,0.8,0.5,0
"Okay, that sounds like a plan, I can handle that.",approval,0.6,0.2,0
"Very little, and yet, some days, even that is too much :P",neutral,0.0,0.0,0
Lol all those people that disliked have probably never even done shrooms before,amusement,0.8,0.5,0
WHY IS PULJUJARVI ON THE 4TH LINE?!?!?!?!?!,neutral,0.0,0.0,0
Could've done this last year and got [NAME]. I'm just praying we pick in the top 3,optimism,0.75,0.5,0
Mafia meme...?,neutral,0.0,0.0,0
Brig is basically an oppressive DPS at lower tiers. You can steamroll people in brawls if you have any cover.,neutral,0.0,0.0,0
Wow thanks I would've never figured out that you were sarcastic without that /s,gratitude,0.85,0.35,0
aw :(,sadness,-0.8,-0.3,2
Well thats survival sweety. Run away live to fight another day. You on the other hand are the one that learns the hard way and ends up dying first!,caring,0.75,0.3,0
You haven’t missed anything. I looked out of curiosity and didn’t look twice. I was surprised that Colt would do that.,surprise,0.15,0.8,0
Shit hitting the fan = Being a child predator. ' hmmmmm... I don't know bout that one chief.,confusion,-0.2,0.4,1
"From the article ""They stun it, and then he knifed it."" Not sure which doese the kill though.",confusion,-0.2,0.4,1
thats why I wear my mute button out.,neutral,0.0,0.0,0
I legit wish you never talked to me,disappointment,-0.65,-0.2,2
Their* comment; sorry. Just realized you’re not the same person.,realization,0.2,0.4,0
this is amazing and you have the cutest voice i’ve ever heard :>,admiration,0.7,0.4,0
Close your eyes and keep watching the first second,neutral,0.0,0.0,0
Absolutely nothing can go wrong.,approval,0.6,0.2,0
"Oh it's a well known phenomenon, unsure exactly what it is but I think it's a bit of princess syndrome with mental posho co morbidity. ",approval,0.6,0.2,0
Im kinda hoping some woman flips the coin and posts how secretly poking holes in condoms with sewing needles to get pregnant was the best decision of her life.,optimism,0.75,0.5,0
"Ah, the word alluded me.",realization,0.2,0.4,0
Sorry about your poor trolling. 3/10.,remorse,-0.7,-0.1,2
They're more off beat than Blueface. I didn't think that was possible.,neutral,0.0,0.0,0
Well I’m hyped.,excitement,0.8,0.9,0
Careful we don’t talk about that here. I’m enjoying a ban from LegalAdvice lmao,amusement,0.8,0.5,0
I came here to upvote the first throwback [NAME] comment. Wasn’t disappointed.,neutral,0.0,0.0,0
"That's why I get my info from reddit, and use Facebook to keep in touch with the fam.",realization,0.2,0.4,0
ift yourself up on your feet! Let's get it on!,neutral,0.0,0.0,0
"Not sure about OP, but caffeine tends to make many people more anxious (especially those with a co-morbid anxiety disorder(s)).",neutral,0.0,0.0,0
You’re using the failing of someone else as an excuse to make the same mistake yourself,annoyance,-0.5,0.4,1
"Without the skill, or body, like seriously, not to sound badass, but I'm 14 and look bigger than this [NAME] wannabe ",realization,0.2,0.4,0
Me but with boobs. When will be able to trade body parts [NAME],anger,-0.8,0.8,1
I like to think I do but idk my advice could be awful haha.,disgust,-0.8,0.45,1
Nah you just gotta know how to use him. I've had great matches using him,admiration,0.7,0.4,0
"[NAME], I love the Expanse so much. Next to Mindhunter, Daredevil, and Breaking Bad, I've never enjoyed a series like those 4.",admiration,0.7,0.4,0
Thanks a bunch!,gratitude,0.85,0.35,0
I'm not surprised haha,amusement,0.8,0.5,0
I dated a guy from Steamboat Springs Colorado who used to do this. He had an immune system made of steel but it was absolutely disgusting.,disgust,-0.8,0.45,1
Maybe he was just really tanned and needs a vacation,neutral,0.0,0.0,0
"Thanks for saying this eloquently, I'm always a little put off by some of the man hating comments that pop up here occasionally.",gratitude,0.85,0.35,0
This got a little personal for me,neutral,0.0,0.0,0
My family voted for the Qualified Woman who was going to keep this country moving forward. So I don't have to worry about disownment :),approval,0.6,0.2,0
Is this real? 🤔,curiosity,0.4,0.6,0
"I am confused. I don't understand how that relates to what I said. Could you explain? Sorry, maybe I'm just tired lol",confusion,-0.2,0.4,1
And DICE has told us fuck all about how they intend to fix it and when to expect the fix.,anger,-0.8,0.8,1
Me too :D,approval,0.6,0.2,0
The lunatic is on the grass.,neutral,0.0,0.0,0
So in 1 year she goes from nothing to a [NAME] master capable of training others?,neutral,0.0,0.0,0
Figured since [NAME] is expiring and you guys are tanking it didn’t really matter,neutral,0.0,0.0,0
I don't think that makes you seem as cool as you think it does,neutral,0.0,0.0,0
Give it time people will figure out the truth if you engage with her then that gives her what she wants. She will definitely use that against you.,caring,0.75,0.3,0
*[NAME] intensifies*,neutral,0.0,0.0,0
literally my favorite movie of all time not even exaggerating it’s stellar,love,0.9,0.6,0
Great mate good luck!,admiration,0.7,0.4,0
I laughed at this...I think it was the voice I read it in my head with...,amusement,0.8,0.5,0
"Okay, gotcha. Does your wife have a lot of stress and anxiety from her job, or just in general?",neutral,0.0,0.0,0
migraines suck. Hope you feel better.,caring,0.75,0.3,0
Lol dream on buddy. You’ve had enough attention today. Actually learn what your talking about helps a lot. Sorry your stuck in free roam smokin crack,sadness,-0.8,-0.3,2
Currently have 2 points. One is from when my cat died and the other is from a really bad migraine.,neutral,0.0,0.0,0
"Trust me, you can anthropomorphize anything and fuck it. Or at least, that’s what the internet has taught me.",approval,0.6,0.2,0
OK. caitoz is an [NAME] shill and closely aligned with Russia. Enjoy irony!,joy,0.9,0.7,0
👍 <3<3 so much yes! 🔥,approval,0.6,0.2,0
No worries. Just didn't see them. My bad.,disappointment,-0.65,-0.2,2
Oh very cute!,admiration,0.7,0.4,0
"I have seen the movie Nosferatu. Believe it or not, I wasn’t even born when it was released!",neutral,0.0,0.0,0
"I see, Unfortunately I don't think equity has ever turned out well in history. Humans have tried many times and failed with catastrophic consequences.",disappointment,-0.65,-0.2,2
Down Goes the Bear,neutral,0.0,0.0,0
"Nice vid, is this a modded server? I see that sexy G36...",admiration,0.7,0.4,0
Just wanted to say that I'm also a 29 year old male and I'm in the exact same situation as you.,neutral,0.0,0.0,0
why is this guy assuming the teen is some kind of southern pro slavery hick,confusion,-0.2,0.4,1
I just need [NAME] to retire already so I can stop hating on him and appreciate all he's done... Even if it has caused me great suffering.,admiration,0.7,0.4,0
I think I saw some eyeball flying!,confusion,-0.2,0.4,1
A life well spent....,neutral,0.0,0.0,0
Watching her wardrobe/closet tour video. It’s hilarious.,amusement,0.8,0.5,0
We are there right now. 🍺,approval,0.6,0.2,0
Keep watching!,neutral,0.0,0.0,0
"lol you're like a fucking child. ""No you!"" Thanks for the laugh man. ",amusement,0.8,0.5,0
You mean 0.08 - at 0.8 you'd be dead about twice over,nervousness,-0.45,0.75,1
"The reason you keep going is the same as mine, I just don’t know how we’ll get there.",confusion,-0.2,0.4,1
Can I see the video with these two? For... research,confusion,-0.2,0.4,1
I thought you said it was last night. But looking back now it's this weekend. well go get'em tiger.,curiosity,0.4,0.6,0
I wouldn't be caught outside after sunset anywhere in this city.,neutral,0.0,0.0,0
Dang.. I’m none of them. :-(,neutral,0.0,0.0,0
first of all calm down. second,caring,0.75,0.3,0
Thank you very much. I would certainly make a note of your name.,gratitude,0.85,0.35,0
Does anybody else see strong parallels between power and freedom? Feel free to distinguish or correlate the two in a comment.,curiosity,0.4,0.6,0
Anyone else's NHL feed die?,neutral,0.0,0.0,0
The men that you grew up around sound pretty insensitive. I hope that they didn’t cloud your opinion of what a typical man is like.,optimism,0.75,0.5,0
"Come on, at least give the man some eyebrows",neutral,0.0,0.0,0
Good assumption there except for the part where I didn't vote for the guy.,admiration,0.7,0.4,0
"Oh no, learning a while move set is so much work! But thanks, that's helpful. ",gratitude,0.85,0.35,0
Geez. Why is Duchene their 3C?,curiosity,0.4,0.6,0
"""you can't arrest me!! I'm attractive!""",pride,0.7,0.55,0
"We know, buddy.",neutral,0.0,0.0,0
Fo you understand his lingo,neutral,0.0,0.0,0
You'd have to explain what that means to you first. It's such a nebulous phrase it's never meant much of anything to me.,neutral,0.0,0.0,0
"Ha, who cares about them supporters...the most important thing for society is that justice is served and the man jailed! Scream all you want. ",anger,-0.8,0.8,1
Just like [NAME] was defending himself against those younglings ;),approval,0.6,0.2,0
Love the user name ;),love,0.9,0.6,0
such a cute boy!,admiration,0.7,0.4,0
I’m so glad someone linked it. You’re doing the important work. 🤣,approval,0.6,0.2,0
"Yeah people that take money from their children don't just look at their Bank account and think ""Wow a 4000 dollar deposit magically happened.""",admiration,0.7,0.4,0
So many enablers!,neutral,0.0,0.0,0
Did your finger go completely sloppy? Thats grossly awesome.,admiration,0.7,0.4,0
"I can't believe this team beat Winnipeg last week, handily too. That effort hasn't been there since. ",surprise,0.15,0.8,0
It's so really sad how praising the Creator ([NAME]) has become something associated with terrorism... Astaghfirullah.,sadness,-0.8,-0.3,2
Well isn’t it pretty much just standard goblin lore? Not like she came up with gold/ greedy goblin background on her own.,neutral,0.0,0.0,0
"Love how the cop comes and gives him the old ""there, there"" pat on the shoulder",love,0.9,0.6,0
This just went from a winning streak to a shutout streak!,neutral,0.0,0.0,0
Lolz yeah you got me for sure. That's another huge reason.,neutral,0.0,0.0,0
This is a great segment.,admiration,0.7,0.4,0
I’m still not sure how we managed to do that. Gas prices in this state has gone up around 70 cents per gallon since around 2013,confusion,-0.2,0.4,1
Make sure to tell her /r/Austin helped you pick a place! She'll appreciate the thought you put into choosing a place special to her.,gratitude,0.85,0.35,0
"Of course! It’s just sometimes your garage is not big enough for two cars, or you’re not at your house.",neutral,0.0,0.0,0
...it’s a Homestuck reference,neutral,0.0,0.0,0
I had did the same thing sometime in December. I hope you'll be fine and I'm very proud of you for not harming yourself after,pride,0.7,0.55,0
"Yeah, too many blind assumptions. I'm just happy that we're getting four additional characters to pad the roster with.",joy,0.9,0.7,0
I hate Detroit,anger,-0.8,0.8,1
The Pants by [NAME]. Give it a listen. Lol,neutral,0.0,0.0,0
I'm getting worried,nervousness,-0.45,0.75,1
/lookz at self in the,neutral,0.0,0.0,0
I’m just doing it ironically to own the libs! /s,neutral,0.0,0.0,0
It’s all a show. Welcome to season one of tanking in the Windy City.,neutral,0.0,0.0,0
That is so sick. That kid will feel sooo awesome later in life. What doctor agreed to this though?,curiosity,0.4,0.6,0
The man the myth the legend [NAME] has me seriously thinking about buying a new jersey with his name on the back,neutral,0.0,0.0,0
Lol my comment started all this again,amusement,0.8,0.5,0
Dennis day. I wanna see what the [NAME] would put the Gang through.,desire,0.6,0.7,0
"We never knew what friends we had, until we came to Lehningrad",neutral,0.0,0.0,0
They did this at one of my jobs. The icing on the 'fuck you cake' was the drivers' last day was 4 days before Christmas.,annoyance,-0.5,0.4,1
You might be projecting. The team has a great record playing in front of him.,admiration,0.7,0.4,0
my credit is not good enough for a loan and having no job would make it impossible to get 6k. and being able to speak.,disapproval,-0.55,0.3,1
I can honestly say I didn't know a single guy in highschool that put on makeup lol,amusement,0.8,0.5,0
I think he meant to say that it wouldn't be efficient to build a mic with a SoC built-in.,neutral,0.0,0.0,0
"He was! And people in my class would be so hard on him about his accent. I hear the guy teaching the class now is really good, though!",admiration,0.7,0.4,0
"It was [NAME] thank you very much, than I'd go to wumpscut. ",gratitude,0.85,0.35,0
"Wait, this is an actual music video you're describing, and not like... a Family Guy bit?",curiosity,0.4,0.6,0
"I would shoot a cop who shot my animal. Save the consequences for later, you just assaulted and possibly mortally wounded my best friend. ACAB",anger,-0.8,0.8,1
"Someone else mentioned the council of Rome (382), but I’ll look into Carthage (397) and Hippo (393). Thank you!",gratitude,0.85,0.35,0
I'm in phoenix today for work. The weather here is great. It's all rainy and cold in seattle this time if year.,admiration,0.7,0.4,0
I have no idea what arbitration even is but I'm going to react poorly,confusion,-0.2,0.4,1
"I do, in fact, want more from OP’s work history",approval,0.6,0.2,0
Send it!,neutral,0.0,0.0,0
Did you miss the massive throbbing erection the Dems had over the no fly no buy thing?,neutral,0.0,0.0,0
He reminds me of [NAME]. Gonna have to put on some muscle tho.,realization,0.2,0.4,0
i got kangaroo from the meat guys over in U district at University Seafood and Poultry. they have tons of exotic stuff,neutral,0.0,0.0,0
"It's interesting that [NAME] said [NAME] was his teacher on playing doomfist. Actually in mid 2017 [NAME] was one of, if not the best doomfist in China",neutral,0.0,0.0,0
Sad but true.,approval,0.6,0.2,0
There were a surprising amount of surprised pikachus in this thread—thanks for the edit all the same.,surprise,0.15,0.8,0
You have selected POWER DRIVE,neutral,0.0,0.0,0
I was hoping they’d put people behind him and let [NAME] pass to them super hard,optimism,0.75,0.5,0
the whole summit ice r/nathanforyou episode is amazing.,admiration,0.7,0.4,0
"It’s neither. It’s an acrostic, lol.",neutral,0.0,0.0,0
"Well, quite. Now I’m all annoyed.",annoyance,-0.5,0.4,1
That boy of yours is a real hero,admiration,0.7,0.4,0
Grown man bars is still one of my favourite moments in all of battle rap.,admiration,0.7,0.4,0
"When you live where it's this cold, incessant complaining is a national pass time.",disappointment,-0.65,-0.2,2
And getup attack off ledge. All you need tbh,neutral,0.0,0.0,0
#SILKY!!!!!!!!!!!,neutral,0.0,0.0,0
"Wrong sub, mane.",neutral,0.0,0.0,0
"INFP. I’m a very selfless person, which helped me find friends, but not a love interest or a partner",sadness,-0.8,-0.3,2
Arrogance of the highest order.,anger,-0.8,0.8,1
Imagine if you lived here and these people were your parents. Welcome to my reality.,neutral,0.0,0.0,0
...oh absolutely! ...it's really bad if they're having a mania episode...,sadness,-0.8,-0.3,2
I can't believe the guy is still hanging around.,neutral,0.0,0.0,0
So sorry you are hurting.,remorse,-0.7,-0.1,2
People need to quit flagging this post. If you come to r/stlouis then you are well aware we hate the Rams and [NAME].,anger,-0.8,0.8,1
Can you even imagine the brain damage required to think like that? [NAME].,annoyance,-0.5,0.4,1
Sounds like an fp to me 🤔,approval,0.6,0.2,0
I would assume most people don't listen to the radio for more than an hour at a time.,neutral,0.0,0.0,0
Please ask it! We're curious now and chances are it isn't nearly as creepy as you think!,curiosity,0.4,0.6,0
I would be afraid he would come back and somehow blame me for his failure.,fear,-0.8,0.85,1
Thanks a lot,gratitude,0.85,0.35,0
This is the best quote I have ever read on reddit.,admiration,0.7,0.4,0
Go on Webtoons and look up Boo! It's sex. Great freaking sex ed comic.,admiration,0.7,0.4,0
You are waking up to the conditioning It's only a matter of time now,approval,0.6,0.2,0
"Just declare war earlier so you are on time, it's that easy",neutral,0.0,0.0,0
So glad you left and didn’t just sit through the date with that idiot!,joy,0.9,0.7,0
Why the fuck does this exist,anger,-0.8,0.8,1
Glad to see we are still around :).,joy,0.9,0.7,0
"Bohemian Rhapsody is a horrible song. Really horrible. Queen had a lot of great songs, but that one wasn't one of them.",disgust,-0.8,0.45,1
And we know how [NAME] ended. [NAME] should run away like now.,neutral,0.0,0.0,0
Happy cake day u/sneakpeekbot!,joy,0.9,0.7,0
Poor kitty! I’m sure she’ll feel okay again soon. Lots of TLC in order,caring,0.75,0.3,0
[NAME] my God. That was the best free throw shooting ive ever seen.,admiration,0.7,0.4,0
thanks! nothing else?,gratitude,0.85,0.35,0
I love this.,love,0.9,0.6,0
"Confusingly, they also want less rights for [NAME].",confusion,-0.2,0.4,1
"Very insightful and tragic post, OP. Thank you for sharing and raising awareness as someone who has been through the trenches.",gratitude,0.85,0.35,0
I think everyone would enjoy it more if you did,joy,0.9,0.7,0
Have you talked to your group and [NAME] about him?,curiosity,0.4,0.6,0
"These are so handy for quick reference to when they play, thanks for posting!",gratitude,0.85,0.35,0
6 and he died of cancer iirc,grief,-0.9,-0.1,2
Thanks for the compliment,gratitude,0.85,0.35,0
UPVOTE BROS HOOOOOLD WE CANT LET THE POST GO BELOW 50%,neutral,0.0,0.0,0
The only thing that changed is we are now healthcare-less,neutral,0.0,0.0,0
"Hm so sad. Am I supposed to feel bad for you because you don't look like [NAME] phelps? Btw, he's on steroids no doubt",sadness,-0.8,-0.3,2
"I actually realize this today. Woke up, swept the floor and the bathroom, have being amazing all day long.",realization,0.2,0.4,0
"Relax. You're going to give yourself an aneury... ...on second thought, keep going. ",relief,0.7,-0.2,3
Bad execution but it made me smile through the cringe. The sentiment is definitely relatable.,approval,0.6,0.2,0
I always feel like cute gay couples have a pug...,neutral,0.0,0.0,0
It's super annoying. There is a reason I no longer speak to this person.,annoyance,-0.5,0.4,1
Good thing the booze wasn’t in the cart yet... bottles to the face!,neutral,0.0,0.0,0
Pickles taste good.,admiration,0.7,0.4,0
"I love Earth Balance, but does anyone know if the palm fruit is ethically sourced? I’ve cut out palm products due to deforestation. ",curiosity,0.4,0.6,0
"Yeah, I'm just saying it's too early to be writing off any candidates.",approval,0.6,0.2,0
yep he joined the wrong org,neutral,0.0,0.0,0
"I always find myself wondering where people are from, sometimes it is obvious though haha.",amusement,0.8,0.5,0
Wow. [NAME] is gonna lose CO by double digits,neutral,0.0,0.0,0
"No, i'm arguing that if she calls someone disgusting for how they act it's wrong to act like the other person is an asshole for retaliating. ",annoyance,-0.5,0.4,1
"Has someone mentioned ghost chips yet? If not, then here they are, because we learnt an important lesson then...",neutral,0.0,0.0,0
Except we've ACTUALLY seen coalitions basically fall apart after the local government elections.,neutral,0.0,0.0,0
I think it is more likely that you simply do not know what science is.,realization,0.2,0.4,0
He’s our puppy. He likes to show us stuff he finds around the house. This time he found money bag. We forgave him,neutral,0.0,0.0,0
"On the contrary, he gets off on his own ego and the delusion shattering reality of intimacy with another person makes him limp as a wet noodle.",neutral,0.0,0.0,0
he looks pretty average to me. like many guys i've seen on the train.,admiration,0.7,0.4,0
:) I like this.,excitement,0.8,0.9,0
"> a hug from [NAME] That’s a bit too big of an ask, fam. ",neutral,0.0,0.0,0
Expert peep fan here! I’m not gonna attack or defend I just wanna say that kids a little Bitch,annoyance,-0.5,0.4,1
"Guess this ""grown man"" had to run back to his safe space because words hurt his feelings.",neutral,0.0,0.0,0
"Going by the dates given, this child was born in 1985. So Mom really cared about this in the 80s. ",neutral,0.0,0.0,0
"That's like... too meta for me, man....",neutral,0.0,0.0,0
Y’all are the bomb thank you :),gratitude,0.85,0.35,0
I agree. Pockets especially on dresses just feel weird.,approval,0.6,0.2,0
The horizon is very beautiful in this game. You should look at it often.,admiration,0.7,0.4,0
Woot! Happy New Year!,joy,0.9,0.7,0
It's extremely rude.,anger,-0.8,0.8,1
You're welcome,gratitude,0.85,0.35,0
"My ""three B's"" were specifically moderate guys who'll pull support from [NAME]. There's not much overlap between [NAME] base and hers.",approval,0.6,0.2,0
"If I was to get a period, I'd be very relieved indeed. (14 months and counting...)",neutral,0.0,0.0,0
Fidget spinners are cool again,relief,0.7,-0.2,3
This was legit the first thought that came to me when I saw them there at the podium,neutral,0.0,0.0,0
This is all the creativity you folks could muster today? Up is down and red is blue? I was hoping for a little more effort. r/terribletrollisterribleattrolling,optimism,0.75,0.5,0
"For real. I can understand holding the enemy in a useless area, but people gotta keep their eye on the ball.",approval,0.6,0.2,0
"Ah damn, I forgot the /s, a AAA company would never put out a half-finished game. Good catch",admiration,0.7,0.4,0
"People in distressed states, get very disturbed by loud bangs, it really hard to keep them calm, it has a knock on effect for days. ",sadness,-0.8,-0.3,2
I've seen guys who didn't know each other start conversations about sports. It all seemed very effortless.,disappointment,-0.65,-0.2,2
He did all this road to find this coconut oil ! Are you ungrateful ? :( !,confusion,-0.2,0.4,1
I like it better this way!,joy,0.9,0.7,0
"Oh ok, thanks for that. Didn’t know.",gratitude,0.85,0.35,0
I’m 40 and I’ve never lied about my age or weight. People take themselves so seriously!,neutral,0.0,0.0,0
haha not bad my man,admiration,0.7,0.4,0
Yea even I felt those rocks.,neutral,0.0,0.0,0
"Oh I'm sure you did. That's why you posted it 3 times, huh?",approval,0.6,0.2,0
Oh i wasnt trying to imply that he was a bad father. Its just this is America and hes a man.,disapproval,-0.55,0.3,1
Back to not getting a seat despite being 3 stops from the end of the line.,neutral,0.0,0.0,0
The StackExchange network might have turned into an elitist playground but it's damn good for finding a fix for your problems.,admiration,0.7,0.4,0
Do you know my ex husband? You sound so much like him according to his old coworkers.,curiosity,0.4,0.6,0
[NAME] cut spending significantly.,neutral,0.0,0.0,0
"I played that one. It was really fun(at least to me, as a kid).",joy,0.9,0.7,0
For that tropical flavor,neutral,0.0,0.0,0
"So are we discussing the bill as it is written, or this new imaginary bill you just proposed? ",curiosity,0.4,0.6,0
anyone who tells u what to do is a fascist,neutral,0.0,0.0,0
Are you lost?,curiosity,0.4,0.6,0
Please explain more,neutral,0.0,0.0,0
Seems kind of literal,neutral,0.0,0.0,0
That’s very admirable and courageous of her. I appreciate the many women that are doing that here on Reddit as well.,admiration,0.7,0.4,0
"This, and its about to (already has, reallly) start happening to [NAME].",neutral,0.0,0.0,0
"This has worked for me so many times, whenever I try to make a new habit I try to maintain it for 2 weeks and then it becomes routine",approval,0.6,0.2,0
Ouch!!!!! That hurt me just watching.,sadness,-0.8,-0.3,2
Did not realize [NAME] hair game is that fire,realization,0.2,0.4,0
Only 5 hour drive..... I guess im doing a day trip to Almonte. I love baked goods.,love,0.9,0.6,0
"If everyone liked exactly the same thing, there would be a few very worn out girls and billions of lonely, horny guys",optimism,0.75,0.5,0
Seriously. I wonder if OP has seen some of the amazingly stupid faces that [NAME] and [NAME] make.,surprise,0.15,0.8,0
Walmart is also a good place to look at the local fauna.,admiration,0.7,0.4,0
"""[NAME] H. MYSELF?! He's actually signing that?!""",neutral,0.0,0.0,0
"I was also terribly confused. I’ll jump on and play with you sometime, working tonight unfortunately.",disappointment,-0.65,-0.2,2
"🤣I didn't realize that the Geneva Convention covered this, but phew! I might be doing this ASAP.",realization,0.2,0.4,0
I don't define myself by my sexuality. Conservatives who want to kill me do.,annoyance,-0.5,0.4,1
Clear eyes.,neutral,0.0,0.0,0
Cheese cave time,neutral,0.0,0.0,0
How dare you put x on the same level as [NAME] and [NAME] [NAME] that's disgusting,disgust,-0.8,0.45,1
Gotta go fast! [NAME],excitement,0.8,0.9,0
Oh this one is making the rounds again? The new cohort of [NAME] must have arrived,neutral,0.0,0.0,0
None of which should provoke unprofessional behavior.,approval,0.6,0.2,0
[NAME] plays like he's a football player who was asked to play basketball for the day,neutral,0.0,0.0,0
Nope this whole thing has been deleted and we’re all banned. We are all now posting from the Shadow Realm.,disapproval,-0.55,0.3,1
Happy birthday u/automoderator,neutral,0.0,0.0,0
The power dynamics argument is one of the most ridiculous arguments ever - unless it’s someone who has a *direct* influence on your life or outcomes.,disapproval,-0.55,0.3,1
This not the first or second mistake by VAR against us.There was even an wrong offside against us some games ago and they didn't checked it.,disappointment,-0.65,-0.2,2
"No, you should definitely do drugs. Just stay at home when you do.",caring,0.75,0.3,0
Dying to find out who it is,curiosity,0.4,0.6,0
Yup! She was also on a show called Queen Bees that was on the N network. I have never seen that show but I really want to,curiosity,0.4,0.6,0
Damn mods are just trying to offend everyone!,annoyance,-0.5,0.4,1
I heard he was a vegan so it didn’t matter that he died,neutral,0.0,0.0,0
Anzac day rules are even dumber,annoyance,-0.5,0.4,1
"Wow, you people...",excitement,0.8,0.9,0
There’s some Rask sparks!,neutral,0.0,0.0,0
>... The parent’s finish up ... Committed to the cause!,neutral,0.0,0.0,0
"> **most government positions**, especially elected positions **don't have any education or skill requirements** FWIW Yea they do.",disappointment,-0.65,-0.2,2
I can't really provide anything to you that you haven't already deliberately misread yourself. I can't force you to be honest.,annoyance,-0.5,0.4,1
From the looks of those fingers seems like you'll eat it anyway,neutral,0.0,0.0,0
What a cuck! But the sword and steal the groceries!,anger,-0.8,0.8,1
3 people noticed. 2 of them were just checking if the story was correct.,neutral,0.0,0.0,0
Really love these concepts. Fantastic work. Love the work in the comments especially the green with the M.,love,0.9,0.6,0
You’re doing the [NAME] work.,neutral,0.0,0.0,0
Chiefs look soft,approval,0.6,0.2,0
"FOR THE LOVE OF [NAME] WATCH THE DUB. THANK ME LATER. You can watch it on Crunchyroll, Hulu, or Kissanime/Dubhappy clones.",neutral,0.0,0.0,0
"You armchair analysed it, and were entirely wrong. Literally none of what you said was true, because it was all pretend. ",annoyance,-0.5,0.4,1
I wish it'd stop being submitted on the sub. We're out on him and it's pretty obvious.,desire,0.6,0.7,0
"Never heard of this before, but I think it's awesome. Thanks for sharing! Can I buy this track on Bandcamp?",gratitude,0.85,0.35,0
[NAME] really about to get a trip dub against us lol,amusement,0.8,0.5,0
Agreed. And I like how far you can see into the distance,neutral,0.0,0.0,0
AHHH THE LIT UP EYES Amazing.,admiration,0.7,0.4,0
"My bad, second time today I have been pulled up with have* after should. My bro slang coming through in my grammar. ",disappointment,-0.65,-0.2,2
lmao i wish it was 10 am for us in south america,desire,0.6,0.7,0
Pfft why pay money when you can get similar negativity on reddit for free,confusion,-0.2,0.4,1
A part of me rejects this as being real. No person can be this delusional right???,curiosity,0.4,0.6,0
"You said you will turn 16 next year, this summer isnt next year",disapproval,-0.55,0.3,1
"Not dislexia, the recent news about kashoggi has for the most part conditioned us to expect horrifying g news where Saudi nationals in foreign countries are concerned",fear,-0.8,0.85,1
The huge attention paid by powerful male republicans takes makes a lot more sense when you consider this might be what they thought it was about.,neutral,0.0,0.0,0
This dish is a testament to be beautify and ingenuity of Italian civilization and culture.,admiration,0.7,0.4,0
My #1,neutral,0.0,0.0,0
"Haha dude, love your spirit. But. It's not all shit (the cuisine that is), let's not overgeneralize and become the shitheads we are criticizing.",amusement,0.8,0.5,0
Another trendy communist that doesn't know what communism is.,disapproval,-0.55,0.3,1
I fully support this,approval,0.6,0.2,0
Posted it and so far I'm getting shat on in the comments lol,disappointment,-0.65,-0.2,2
Ugh. What a way to go.,neutral,0.0,0.0,0
"You’re forgetting the Great Internet Summit of 2015, which decreed that “succinctly” now means “explained in a way I can understand”. ",neutral,0.0,0.0,0
Pissed at you for not allowing them to live in ignorant bliss?,annoyance,-0.5,0.4,1
that's fine also someone who shit their pants of realization,neutral,0.0,0.0,0
"Now that’s impressive. Our fuzz understands what the knob does, but he can’t turn it.",admiration,0.7,0.4,0
Nobody ask me about the day I've had.,disappointment,-0.65,-0.2,2
"Eh, we all pay for sex one way or another. More power to you.",neutral,0.0,0.0,0
Thanks I will check that out.,gratitude,0.85,0.35,0
When we actually executed [NAME] system we were killing it,neutral,0.0,0.0,0
RemindMe! 1 day,neutral,0.0,0.0,0
"But little did I know, she found out about ""[NAME]"" texts",neutral,0.0,0.0,0
Let's not forget that local politicians don't like it and give them hell for their efforts.,approval,0.6,0.2,0
"Wait, what do you mean by NOT tanking? Is that legal?",curiosity,0.4,0.6,0
"Exactly! It amazes me how many people dont communicate with each other. Talk about it, see what they say. Discuss. Come to a conclusion.",surprise,0.15,0.8,0
Players salaries are going up drastically every year. They’re hardly getting squeezed.,disapproval,-0.55,0.3,1
"Get a card that says “Sorry about your loss” on the front, then on the inside write “It’s me. I quit”.",sadness,-0.8,-0.3,2
Goobi is love.,love,0.9,0.6,0
Crazy how [NAME] being a POS had been factual since the 90s but he’s only now feeling the consequences of his actions,surprise,0.15,0.8,0
thank you for your service o7,gratitude,0.85,0.35,0
"[NAME] was nowhere near them, he was by the Falcon. ",neutral,0.0,0.0,0
True Story.,neutral,0.0,0.0,0
"You can try, but I suspect it might be a waste of time.",disapproval,-0.55,0.3,1
"This is a crime against humanity and the FBI is on its way. Do not try to leave your current location, you are being tracked.",disapproval,-0.55,0.3,1
"Depends on the state, generally speaking.",neutral,0.0,0.0,0
I had a little kid once get really concerned on Christmas Eve that I would not be home in bed before [NAME] was due.,neutral,0.0,0.0,0
I’m intrigued.,curiosity,0.4,0.6,0
"Why was it changed to that? An overreaction. Why is it still like that? Laziness or incompetence, take your pick. Edit: clarity",neutral,0.0,0.0,0
Hurts to read :(,sadness,-0.8,-0.3,2
wow wow wow hold my beer!,excitement,0.8,0.9,0
When you see this format you know its cancer,neutral,0.0,0.0,0
[NAME] and destroying the OKC thunder name a more iconic duo,neutral,0.0,0.0,0
Alcohol makes ur body go limp so u don’t get hurt.,caring,0.75,0.3,0
You’ve got to be shitting me?,neutral,0.0,0.0,0
"Mate I was buying porn mags from my local coop at 12, I don't see why trading standards makes such a fuss over a lotto ticket",disappointment,-0.65,-0.2,2
for Inter fans because THEIR BEST PLAYER IS COMING TO CHELSEA THIS WINTER,neutral,0.0,0.0,0
this is the best thing I have read in awhile. so simple yet so hiarious.,admiration,0.7,0.4,0
[NAME] thanks. I hope it works but i have a suspicious feeling that she hates me,optimism,0.75,0.5,0
Love my 90DF Family Reddit too! 💙,love,0.9,0.6,0
leg-lock speaks to me in the most animalistic level,neutral,0.0,0.0,0
We play some sexy football at times,pride,0.7,0.55,0
I’m sorry. He’s in a better place. I hope you can keep the good memories,caring,0.75,0.3,0
He looks normal. This entire post is a massive reach,neutral,0.0,0.0,0
37?? He looks 47. Hard life...drugs and alcohol.,confusion,-0.2,0.4,1
This is the kind of crap I'm talking about.,annoyance,-0.5,0.4,1
I didn't know that! Thanks!,gratitude,0.85,0.35,0
"Oh my [NAME], thank you. I thought I was going crazy for a moment.",gratitude,0.85,0.35,0
say it with me now super star,neutral,0.0,0.0,0
I didn’t realise it,realization,0.2,0.4,0
Good to know! Very much appreciated ♥,admiration,0.7,0.4,0
ahh yes a glorious tribute to our Goddess.,admiration,0.7,0.4,0
"Super weird question. Not really commenting either way, just so weird the life we have created for modern humans.",disgust,-0.8,0.45,1
That didn’t happen at all. It instantly became the front page material of the night with most liberals speculating about what buzzfeed got wrong.,neutral,0.0,0.0,0
"It looks like someone else was deleted for answering, so I'm hesitant to now. ",neutral,0.0,0.0,0
"I just heard about this, its pretty cool. ",admiration,0.7,0.4,0
You will never have as many girls interested in you as when you have a girlfriend. They can smell it,annoyance,-0.5,0.4,1
Sadly you are correct.,sadness,-0.8,-0.3,2
Given [NAME] was in charge of the transition I don't see how he kept his hands clean. I think if [NAME] goes down so does he.,neutral,0.0,0.0,0
Because it's quicker. Time is money.,neutral,0.0,0.0,0
Can I be a bartender EDIT: I make a mean Pink [NAME],neutral,0.0,0.0,0
Look at that shit-eating grin,anger,-0.8,0.8,1
So are you,neutral,0.0,0.0,0
Okay will try to contact the restaurant owner/manager,optimism,0.75,0.5,0
Ok. Well it's just an opinion. Maybe TCU will get it done.,neutral,0.0,0.0,0
the media ruined a kid's life for no reason,anger,-0.8,0.8,1
The Party ID in this poll is 47.1% Dem and 41.2% Rep. In the trash it goes.,neutral,0.0,0.0,0
I would also have all this issues if I looked myself in the mirror dressing like that,realization,0.2,0.4,0
A lot of kids at my school say Homecoming is the best but I would say Spider-Man 2 is.,disapproval,-0.55,0.3,1
Give me a country and I'll do some research and post what I find in the morning.,optimism,0.75,0.5,0
Nobody's mad at incels for being in pain. We're mad at them for letting that pain calcify into hate.,neutral,0.0,0.0,0
Lovely experience on the trains this morning lool getting me practiced for being in a coffin,love,0.9,0.6,0
"FYI pumps are now covered under the ACA/Obamacare with most plans. Thanks, [NAME]!",gratitude,0.85,0.35,0
Hard Candy. You're welcome.,gratitude,0.85,0.35,0
"Ah, Farmville. Those were dark days.",neutral,0.0,0.0,0
Is this Futurama?,neutral,0.0,0.0,0
Kind of a lame duck President though.,neutral,0.0,0.0,0
4Chan's ideas are intriguing to me and I wish to subscribe to 4Chan.,curiosity,0.4,0.6,0
"The vagoo has been stretched over the bike, it allows for a comfortable and pleasurable ride, pretty innovative and cleaver way to operate a locomotive.",admiration,0.7,0.4,0
"This movie was awesome, what’s wrong with you? I’m sure the next one is gonna be totally rad.",admiration,0.7,0.4,0
"You thought wrong. Also, the answer is Caribbean Splash Car Wash on Clarksville Pike. I'm not even kidding.",disapproval,-0.55,0.3,1
Margin of error: 0.7%,neutral,0.0,0.0,0
Wait did he’s married with a family and tried getting in your pants?!,curiosity,0.4,0.6,0
You’re not the police,disapproval,-0.55,0.3,1
"That's crazy, my brother's cat did the same thing with me last year when I got the flu. She's usually pretty distant",neutral,0.0,0.0,0
That’s rude af. Slay him with your words. Give him every insult in the book then say bye bye,anger,-0.8,0.8,1
"I agree it's nonsense. Race, as a biological entity, doesn't exist. ",approval,0.6,0.2,0
That was a quick delete!,admiration,0.7,0.4,0
Seen the headline went straight to the list haha,amusement,0.8,0.5,0
I'm 35 was married for 10 years and now I'm not and I am so happy to be alone,joy,0.9,0.7,0
"His playstyle is everything that everyone complains about in Wisconsin basketball and is a cocky little shit, I love him. ",love,0.9,0.6,0
"When he read ""don lemon still has a job"" as an example of racial stupidity... I fucking fell out of my chair. LMAO. Love it.",love,0.9,0.6,0
[NAME] is freaking adorable fight me,neutral,0.0,0.0,0
"Oh, I definitely got muted, too.",remorse,-0.7,-0.1,2
Congratulations on the job interview! NParents seem to give the absolute *worst* job advice. I'm glad that you've figured that out earlier than I did!,admiration,0.7,0.4,0
It's still going on not to forget all the shady stuff they're likely doing that no one knows about yet.,neutral,0.0,0.0,0
"That sounds like a hot date. ;) I've never been, but friends say just order the cheapest food and enjoy the ambiance.",excitement,0.8,0.9,0
I don't remember this happening,neutral,0.0,0.0,0
"Keep Yourself Safe, Sweetie.",caring,0.75,0.3,0
Which one had to shower outside with the hose... [NAME]? That one was so sad to me,sadness,-0.8,-0.3,2
"Bjj= Brazilian jujitsu, they are known to have stupid think necks due to constantly being grabbed around the neck while grappling.",neutral,0.0,0.0,0
Thanks for the info and the welcome! Blue and Orange forever!,gratitude,0.85,0.35,0
Reminds me of the Shell Gas Station Lego set my grandfather got me as a kid. 10/10 would build again,love,0.9,0.6,0
That scene made me think of Arizona a little bit tbh. I think I'm missing [NAME]*,sadness,-0.8,-0.3,2
Wow! I can save $15 and buy this used version?!?!? How wonderful!,surprise,0.15,0.8,0
Why does [NAME] rarely wears his armors if he can wear them whenever he wants and as long as he wants?,curiosity,0.4,0.6,0
OH MY [NAME] [NAME] IS BACK. THIS IS THE ONLY LOGICAL EXPLANATION!,neutral,0.0,0.0,0
Oh god the “glow”! I get comments about it at work almost weekly.,surprise,0.15,0.8,0
Hey Man! Your house is on fire! All you gotta do is look just turn around and look!,surprise,0.15,0.8,0
What an incel,neutral,0.0,0.0,0
I like seeing this. There is hope. I want to hug this guy. He'll be allright.,love,0.9,0.6,0
"For me, she looks happy and nervous as well to meet to her future husband´s family.",joy,0.9,0.7,0
"Congrats, you got pleb filtered",excitement,0.8,0.9,0
Dozens. My favorite scene is the tribe bringing dude back from the dead. CHIIIIIKA. CHIIIIIKA. CHIIIIIKA. CHIIIIIKA.,love,0.9,0.6,0
I don't get it. Maybe i need to position myself better to get dibs on batches. I literally have only made $60 a week.,approval,0.6,0.2,0
I love the Justice Democrats so much,love,0.9,0.6,0
"Images you can hear, “oh my [NAME] laughter”",excitement,0.8,0.9,0
American children raised by English parents can easily end up with accents resembling their parents’.,approval,0.6,0.2,0
[NAME] MADE ME personally to eat BACON you ignorant vegans.,annoyance,-0.5,0.4,1
I couldn’t agree more! I think deep down all I wish for is some weird validation from women,disapproval,-0.55,0.3,1
"Its the absolute lunacy of liberals when they see a MAGA hat, that baffles me. ",annoyance,-0.5,0.4,1
"""Homeopaths love it!""",neutral,0.0,0.0,0
Looks better imo,approval,0.6,0.2,0
That’d what you think.,neutral,0.0,0.0,0
I’ll do that. Thank you,gratitude,0.85,0.35,0
So this dude gets a bonus that could have funded HGC for at least 2 more years. Thanks Activision!,gratitude,0.85,0.35,0
Are you actually making all this?,neutral,0.0,0.0,0
This website is so strange.,neutral,0.0,0.0,0
That was it! Thank you,gratitude,0.85,0.35,0
Like a low budget version of this amazing game show,admiration,0.7,0.4,0
"Thank you for entertaining 24.5M people, Mr [NAME].",gratitude,0.85,0.35,0
"He had doubts but no matter, the baby changed his life and he wouldn't abandon it no matter what :)!",caring,0.75,0.3,0
Will they ever stop?? FLG is a cult.,curiosity,0.4,0.6,0
"downvoted to hell but i understand your experience. salute, soldier.",admiration,0.7,0.4,0
Anyone else think this is a little wholesome? I mean he’s really getting to his limit for this chick it seems.,curiosity,0.4,0.6,0
Well.... fuck,anger,-0.8,0.8,1
"[NAME] was born that way, huh",neutral,0.0,0.0,0
"Love this game, can't stand the combat system. It's just not for me. ",admiration,0.7,0.4,0
"I was wrong, thanks for the information.",gratitude,0.85,0.35,0
blessed day with beautiful boy,admiration,0.7,0.4,0
Convinced me...now let's trade [NAME] for [NAME] and get back to the SuperBowl,neutral,0.0,0.0,0
"Lol, the delusion is strong.",amusement,0.8,0.5,0
are delicious mass produced perogies.,approval,0.6,0.2,0
TELL TELL TELL. [NAME] I wish someone had told me.,desire,0.6,0.7,0
Yup [NAME] is who me miss. Anyone notice though that his little southern twang ramped up to about 100x more when he went national?? Lol,amusement,0.8,0.5,0
The positive side to this is i get to relive the same emotions that I felt losing my virginity....ever few months.,relief,0.7,-0.2,3
My 7 year old was so stoked to find out that there’s a place called Castle Danger in his state.,excitement,0.8,0.9,0
Well good luck and have fun!,joy,0.9,0.7,0
being a lady with a penis is a (bizarre) fetish with some men though. it's nothing to be jealous of.,neutral,0.0,0.0,0
I'd keep taking it. The side effects should go away soon. Paxil has been the only med that helped me.,optimism,0.75,0.5,0
Yours is the only defensive comment I see. Grow up.,annoyance,-0.5,0.4,1
I'm sure your kind is fine the way it is,approval,0.6,0.2,0
Looks like he drops the chainsaw right as the branch hits him,neutral,0.0,0.0,0
Oh hey this is pretty awesome! I've never seen such a concise itinerary on one page before.,admiration,0.7,0.4,0
Dental Assisting. I still deal with people but going through school and doing hours at a dental office I'm thoroughly enjoying it.,joy,0.9,0.7,0
Right? Remember when she requested evidence of pill testing being successful? Then the stats came in from Canberra. #calledyourbluff,neutral,0.0,0.0,0
"Unsurprisingly our closest competitors will try to capitalise as we stumble. Good luck to them, we have brought this on ourselves. ",optimism,0.75,0.5,0
I came here to see this. Never disappointed in reddit,amusement,0.8,0.5,0
So are his parents.,neutral,0.0,0.0,0
Was less worried about spelling and more worried about warning everyone in the match,disappointment,-0.65,-0.2,2
What are you basing this on?,curiosity,0.4,0.6,0
"I want to bounce a whole roll of quarters off that ass, holy shit.",anger,-0.8,0.8,1
"Typical [NAME], i know because i am one",approval,0.6,0.2,0
No it doesn't work like that you're wrong,disapproval,-0.55,0.3,1
Literally every team sub says this when something negative about them is posted They dislike the hire because he wasn't exactly popular in Seattle.,disapproval,-0.55,0.3,1
Same company probably makes bacon for Walmart and Kroger. Im guessing they're not the only ones,neutral,0.0,0.0,0
Lip injections only cost $700 and I saved up for months. But I’m broke currently,disappointment,-0.65,-0.2,2
"And let me guess, is our friend [NAME] also shilling his own coin that solves all the problems?",curiosity,0.4,0.6,0
"I think in any state it is permissible to record if you let the other party know that you are recording. I could be wrong, though.",confusion,-0.2,0.4,1
My exact reaction,neutral,0.0,0.0,0
alright yeah guess i am stupid,annoyance,-0.5,0.4,1
Thanks! Need to rewatch the series soon,gratitude,0.85,0.35,0
California cheeseburger.,neutral,0.0,0.0,0
"A girl bashed my then girlfriends head in with a cane, she didn't even get jail time. ",anger,-0.8,0.8,1
Of course this is the type of dude to CC a .45 caliber.,approval,0.6,0.2,0
"Hourse jousting, fist fights, bear roulette this game has many things to do if you get creative",neutral,0.0,0.0,0
Take a really cold bath before you go to class.,neutral,0.0,0.0,0
She's not pointing at you. Look closer.,neutral,0.0,0.0,0
"My boyfriend loves it, I don’t really care",love,0.9,0.6,0
Yes! She lost more!,approval,0.6,0.2,0
It's impossible for communism to exist without a state.,neutral,0.0,0.0,0
"Because on a visa, I get 3 months of unemployment and I used up 2.5 when I got out of school first. ",neutral,0.0,0.0,0
I am ashamed of your sequel memes. Prequel memes or no memes,disappointment,-0.65,-0.2,2
You here to admit you are fine with existence once born? I thot so,curiosity,0.4,0.6,0
You’re letting psychopathic people ruin your ability to take a joke. That is a mark of a weak man.,neutral,0.0,0.0,0
"I love the people who confuse this sub for some kind of ""intellectual"" gathering lmao",admiration,0.7,0.4,0
"omg this is so cute, thank you u/Skraxx",gratitude,0.85,0.35,0
"I love Wood Witch, still saving to buy that.",admiration,0.7,0.4,0
That could have gone extremely badly for all involved.,neutral,0.0,0.0,0
"The comments on this have me rolling 🤣 more seriously though, I hope everyone’s alright!! ❤️",amusement,0.8,0.5,0
"Assuming you're a dude, yes, just let him watch you. But be ready to clean up the toilet seat and surrounding area a lot.",neutral,0.0,0.0,0
Where did you get this? It's terrible.,curiosity,0.4,0.6,0
this is my favorite scene from girl with the dragon tattoo,love,0.9,0.6,0
You dirty abo,neutral,0.0,0.0,0
Stick your -isms up your ass.,anger,-0.8,0.8,1
Girl said yaaassss,excitement,0.8,0.9,0
Splash your face with cold water. Refresh.,caring,0.75,0.3,0
I used to really like [NAME]. Now she is the worst :(,disappointment,-0.65,-0.2,2
"No, this sub adores puig lol",neutral,0.0,0.0,0
and he's fat from all those luxury meals,neutral,0.0,0.0,0
"He might upset [NAME], but [NAME] is going to pick him apart.",optimism,0.75,0.5,0
I reckon [NAME] is going to dump [NAME] and go straight to [NAME]. The old gladiator loves big Sammy.,love,0.9,0.6,0
"And of course, instead of calling out the men responsible for this behavior, the ""Not all men"" crowd has arrived in full force.",neutral,0.0,0.0,0
"It hasn't been posted until now! Thanks, babe!",gratitude,0.85,0.35,0
It's special if you're into it. Some women genuinely enjoy it.,joy,0.9,0.7,0
Dude was using his power and leadership to exploit women. This is gross.,anger,-0.8,0.8,1
Finally someone who appreciates human life,approval,0.6,0.2,0
I would lol,amusement,0.8,0.5,0
"Oh no here come the fanboys and girls, dude... RUUUNNN",excitement,0.8,0.9,0
At least you should have helped out since you had rudely interrupted him.,neutral,0.0,0.0,0
No disadvantages in stereotypes.,neutral,0.0,0.0,0
"Dear [NAME] man! (Irony intended) You didn't say ""proof"" you said ""evidence""!",annoyance,-0.5,0.4,1
"Me too, but unlike phones humans can „life“ without the other",neutral,0.0,0.0,0
"Ok I was wondering thank you I seen alot of different ""opinions"" on it .",gratitude,0.85,0.35,0
I'll dance with you.,approval,0.6,0.2,0
Ping pong in the park and maybe a cold one with the bros,neutral,0.0,0.0,0
"Yeah this bothers me. Family should be off limits, and this scene was really sad",sadness,-0.8,-0.3,2
Wow. Uh...good luck.,gratitude,0.85,0.35,0
DAMN I CAN NOT BELIEVE IT,disapproval,-0.55,0.3,1
"It's like [NAME] said, man. You look for the guy that benefits, and uh... You know, uh...",neutral,0.0,0.0,0
"I haven't seen him in a few days now, and his car hasn't been there so I've been going outside more.",neutral,0.0,0.0,0
I can only assume the island is called the Spanish word for purgatory.,neutral,0.0,0.0,0
Both. lol,amusement,0.8,0.5,0
"[NAME] damn son. the fact that you said ""re-education"" made this 5x better too lmao ",amusement,0.8,0.5,0
"Love [NAME], he reminds me of the little receiver from NE Edlemen (I think misspelled) .",love,0.9,0.6,0
Just let your kid know you are disappointed in them and be done with it. Everyone will be better for it.,caring,0.75,0.3,0
Hello! Would you happened to know if the physical booth would have started selling tickets if the concert is on 5th Jan? Thanks!,gratitude,0.85,0.35,0
"It would probably be horrifying if we tried, when a bug causes an integer overflow and resets our aggression levels. ",fear,-0.8,0.85,1
"I want to thank them for faking my death, now that man will stop looking for me.",gratitude,0.85,0.35,0
Apparently the system is down,neutral,0.0,0.0,0
oh i knew that,neutral,0.0,0.0,0
AT doing some work!,neutral,0.0,0.0,0
Im coo coo coco crazy for you my chi chi cay cay cyborg aw aw arm!,neutral,0.0,0.0,0
If you are reading this have a nice day!\xEF\xBB\xBF,caring,0.75,0.3,0
i am the new [NAME] hope she doesn't get hated on when she returns on all stars,optimism,0.75,0.5,0
"Taking the baby is the creepiest thing they’ve done yet - just so evil, in a dim, giggly way.",neutral,0.0,0.0,0
"Brother, we've been separated.",disappointment,-0.65,-0.2,2
I’m curious about the chain of life events and choices that could land someone at this point in life,curiosity,0.4,0.6,0
"BF- If you dont beleive me come over than. *gf goes over to bf's house, sees bf* GF- Hmmm, I might be dreaming. ",neutral,0.0,0.0,0
That’s terrifying,fear,-0.8,0.85,1
Lol u wot m8?,amusement,0.8,0.5,0
"Because they want to believe [NAME] is a man, despite them claiming that [NAME] is no man..?",neutral,0.0,0.0,0
Yikes. I admire your patience,admiration,0.7,0.4,0
I dont want to live in this world no more,disapproval,-0.55,0.3,1
Thank you :),gratitude,0.85,0.35,0
Anybody know why [NAME] sat the second half? It wasn't like anybody else was burning it up.,neutral,0.0,0.0,0
"It is possible to be a shitbag and also suffer the unfair competition of organized conglomerates of shitbags. Besides, OP wasn't referring to all independent farmers.",neutral,0.0,0.0,0
Parents should at the very least monitor the childrens activity or put an adult block on the websites,caring,0.75,0.3,0
Wishing that sweet boy a super quick procedure and an even faster recovery. I’ll keep you guys in my thoughts.,caring,0.75,0.3,0
"Hey, you can make baseless claims if you want. Don’t expect people to just believe you though.",disapproval,-0.55,0.3,1
I miss old [NAME],disappointment,-0.65,-0.2,2
People put their lives at risk trying to rescue them.,caring,0.75,0.3,0
"Don't forget [NAME] being nerfed because she was unfun to play against in QM, then being reworked, then being nerfed again for the same reason.",neutral,0.0,0.0,0
You don't have a point. Yes there are aspects of crypto that is confusing. Getting confused between buying BTC or BCH is not one of them.,confusion,-0.2,0.4,1
This is my favorite meme that happened every year,excitement,0.8,0.9,0
I believe he had just recently revived his learners permit and the kid ran a red light.,neutral,0.0,0.0,0
This seems to be a dog whistle.,approval,0.6,0.2,0
I miss those days.,sadness,-0.8,-0.3,2
"Thank you so much! I know I deserve better, it just hard moving on and knowing that it’s finished.",realization,0.2,0.4,0
"I'm critical of halal, but I also don't eat meat. None of it is humane.",disapproval,-0.55,0.3,1
"There is no such thing as ""objectively wrong"", so, no, it's not.",disapproval,-0.55,0.3,1
But if I had a right to it as a member of society then I have committed no wrong.,optimism,0.75,0.5,0
Let me admit. This show is a guilty pleasure. Seeing these people's lives in such chaos brings me joy.,joy,0.9,0.7,0
"Lol, crazy move of the goalpost but okay",amusement,0.8,0.5,0
"It may be wrong, but it’s not far from the truth. ",disapproval,-0.55,0.3,1
"It's more laid back, which I kinda love.",approval,0.6,0.2,0
Can anyone share the attitude of the madinans towards [NAME] when he went there?,curiosity,0.4,0.6,0
"Also, there's no point in having a job if it doesn't pay substantially more than the childcare costs.",disappointment,-0.65,-0.2,2
Because I was with someone who accepts cheating as an acceptable form of behavior.,neutral,0.0,0.0,0
dxm increases both cardio and body heat. so you should try to stay cool and dont exert yourself,neutral,0.0,0.0,0
What fun is this?? I love it!,love,0.9,0.6,0
The tree actually moved!!! Who is this guy?!,curiosity,0.4,0.6,0
I'm not worthy to watch this haha,amusement,0.8,0.5,0
Oh I got one are you overweight,curiosity,0.4,0.6,0
"i used that as an example, and i also said it would be very difficult. this is hypothetical there’s no need to be rude.",annoyance,-0.5,0.4,1
Eso me cae bien. I was just thinking that contending to make the playoffs in a few years was a depressingly low goal.,sadness,-0.8,-0.3,2
Right?? The hypocrisy with the [NAME] situation is STAGGERING.,confusion,-0.2,0.4,1
Anybody who likes to drink water with ice is a degenerate,neutral,0.0,0.0,0
"Upon the third strike, the ump cried ""Why don't you make like a tree and get outta here!""",sadness,-0.8,-0.3,2
So thankful for the conclusion. Having no idea how this played out was definitely going to haunt me,gratitude,0.85,0.35,0
"Idk, looks more like [NAME] to me, the fact he goes straight in for the hug is what sells me",neutral,0.0,0.0,0
No. Or at least that’s what I suspect🤔,realization,0.2,0.4,0
Tbh I love [NAME] but for [NAME] id be willing to see him go. [NAME] gives [NAME] the best chance he'll ever have of competing.,neutral,0.0,0.0,0
Good night! Glad you got your power back!,gratitude,0.85,0.35,0
I've always wondered how cases where an individual gets a 7 or 8 figure sum issued against them work in practice,confusion,-0.2,0.4,1
Must be so frustrating having the wrong old man facing their own shutdowns.,anger,-0.8,0.8,1
"No, but it can cost more than the minimum wage.",realization,0.2,0.4,0
There are drugs for that...,neutral,0.0,0.0,0
someone should of grabbed [NAME] by his foot and use him as a club to bash [NAME]..,neutral,0.0,0.0,0
[NAME] literally did nothing and got a foul called lmao,neutral,0.0,0.0,0
Hey GUUUUUUUUUUUYS! I'm a totally normal gas attendant! Mind if I... **TOUCH YOUR HAND?**,neutral,0.0,0.0,0
I would love to see a sewing challenge with Manila in the mix.,love,0.9,0.6,0
If only there was a league of sorts of higher ranked play that they could watch. Oh well.,disappointment,-0.65,-0.2,2
My favorite movie of all time. This movie man... Words can't express how good it is.,admiration,0.7,0.4,0
So you're stuck in #3.,neutral,0.0,0.0,0
Dude. Do you have any idea what that would cost??,neutral,0.0,0.0,0
"Yes, but she isn’t even close to being one of the biggest artists of the decade, like some people have claimed here. ",neutral,0.0,0.0,0
That would be sick!,neutral,0.0,0.0,0
"woah ok metallica didnt do shit to metal. Think about Black Sabbath, MotorHead or judas preist but fuck man, metallica suck lol",disapproval,-0.55,0.3,1
let's hope it gets better.,optimism,0.75,0.5,0
Never thought I'd see the day lethbridge got onto SRD!,neutral,0.0,0.0,0
I should stop jumping in elevators.,realization,0.2,0.4,0
[NAME] wanted to pull an [NAME] there! Good flashbacks!,admiration,0.7,0.4,0
a romantic one :),joy,0.9,0.7,0
Fuck my life,anger,-0.8,0.8,1
You sound quite childish and unable to engage with any information that doesn’t conform to your narrative. Sad.,annoyance,-0.5,0.4,1
Thoroughly entertaining.,joy,0.9,0.7,0
~~New?~~ We~~’ve had em~~ in Oakland ~~for a~~w~~hil~~e ~~now and they still~~ are a mess.,annoyance,-0.5,0.4,1
That would actually be awesome.,admiration,0.7,0.4,0
Destroyed healthcare you mean? We have to pass it to know what’s in it. 🤣 what a dumbass.,annoyance,-0.5,0.4,1
He's active tonight,neutral,0.0,0.0,0
::but I like baby bangs:: /tiny voice,love,0.9,0.6,0
Oh. My. [NAME].,neutral,0.0,0.0,0
These stories make me glad that I have a job that doesn't require social interaction besides my boss and coworkers.,joy,0.9,0.7,0
Because there isn’t an unlimited supply of beautiful 20-year-olds.,disappointment,-0.65,-0.2,2
I still think we didn't give the guy a fair shot to coach.,disapproval,-0.55,0.3,1
we need his euro step comp with this in the background [NAME],neutral,0.0,0.0,0
"How crazy is that, matrix confirmed.",approval,0.6,0.2,0
> [NAME] Thanks. The movie is on YT but no subtitles.,gratitude,0.85,0.35,0
"Lol, talk about a blast from the past! Your comment really doesn’t solidify any points. ",amusement,0.8,0.5,0
The Xanax thing is burning itself out.Crims don't give a fuck.,neutral,0.0,0.0,0
"Too late. Gooble gobble, gooble gobble. We accept you. One of us.",approval,0.6,0.2,0
[NAME] looks like a [NAME] with short hair. Bring back the mane man,neutral,0.0,0.0,0
[NAME]. Forever,neutral,0.0,0.0,0
? ur slide is right stick,surprise,0.15,0.8,0
[NAME] rarely uploads on YouTube does he have twitch? I love his accent,love,0.9,0.6,0
Native deciduous tree species or gtfo!,neutral,0.0,0.0,0
This is absolutely the proper place to post this.,approval,0.6,0.2,0
"Just starting watching , what happened ? See we’re about to be down by 20 ",curiosity,0.4,0.6,0
[NAME] pulling in his inner [NAME],amusement,0.8,0.5,0
I'm not a victim at all. You're just a desperate loser who spends money on a guy he could watch for free.,disapproval,-0.55,0.3,1
Anyone know the [NAME] choke move from Mortal Kombat X? My dude here just demonstrated it perfectly in real life.,neutral,0.0,0.0,0
"On my RX480 it gave me 15+ average FPS, when you're hovering around the 60-70 mark, that 15 can be huge.",neutral,0.0,0.0,0
"I want to say I'm shocked. I'm not. Disgusted, but not shocked.",disapproval,-0.55,0.3,1
"No, that's not possible. If you have proof then it's not misinformation what your spreading but simply information. ",disapproval,-0.55,0.3,1
[NAME] also hates selfies,neutral,0.0,0.0,0
"Hey, don’t complain. I have 4 and I’m like “so you’re saying there’s a chance!” 😂👏🏼",disapproval,-0.55,0.3,1
The last thing that soldier wants is to get with her battle buddies.,neutral,0.0,0.0,0
Wow [NAME] has a lot more insecurities than I thought,surprise,0.15,0.8,0
We say it the most m8 that means it's our word and we pronounce it correctly,neutral,0.0,0.0,0
[NAME] to GB yesterday,neutral,0.0,0.0,0
"This is the most perfect , and fitting meme in this sub",admiration,0.7,0.4,0
Thanks yeah that sounds good,gratitude,0.85,0.35,0
Worst in the country by far.,anger,-0.8,0.8,1
I also hate eating in bed! Snacks that aren’t messy ill eat in bed but that’s it,disapproval,-0.55,0.3,1
why does this feel like rightwing propaganda made because they are pant shittingly terrified of her...,curiosity,0.4,0.6,0
No. We have the same desire. No one should be told how to live.,desire,0.6,0.7,0
That is what we love to hear. :) We hope you enjoy the game and that we see you again soon!,love,0.9,0.6,0
I just love anybody thats fabulous,admiration,0.7,0.4,0
No it's not >:(,disapproval,-0.55,0.3,1
Well this is the dumbest take I’ve seen on here.,annoyance,-0.5,0.4,1
"Idk, he could claim the victim jumped in front of his truck. There's no one to deny his side of the story.",confusion,-0.2,0.4,1
"[NAME] has a very high release point. He throws like a 6'3"" QB, he also has a Giant hands",neutral,0.0,0.0,0
It's satirical but also almost truth. We're the fattest nation in Western Europe and that percentage is growing.,neutral,0.0,0.0,0
What documentaries would you recommend? I want to see it.,curiosity,0.4,0.6,0
The only part of church I'm sad my kids will miss.,sadness,-0.8,-0.3,2
Not any meaningful amount as far as I can tell. Although I’d love to be surprised,disapproval,-0.55,0.3,1
Any chance we could treat the terrorists as terrorists then?,curiosity,0.4,0.6,0
Didn't [NAME] say that [NAME] was going to be on?,confusion,-0.2,0.4,1
It's when you rock back and forth like an autist or do other repetitive movements because it feels natural to do so.,approval,0.6,0.2,0
I'd rather be bitter and angry than miserable.,neutral,0.0,0.0,0
Thank you! Completely agree.,gratitude,0.85,0.35,0
That’s what I’m terrified of.,fear,-0.8,0.85,1
I was so hopeful...,desire,0.6,0.7,0
I'm climbing the walls right now. Just let me out of the house.,neutral,0.0,0.0,0
Had such a hard time cutting up the steak,sadness,-0.8,-0.3,2
"Yet somehow that doesn't make death threats any less scary, because of the fear the 0.00001% of them will try to follow through on that threat.",fear,-0.8,0.85,1
I love it.,love,0.9,0.6,0
"Cool, but what's your point? You gave some context without really saying what you think.",confusion,-0.2,0.4,1
"Women, in the modern world, know how to fight these weasels. We need many more women in positions of power.",approval,0.6,0.2,0
"I dunno, I'm picturing completely beige and generic baby shower. Beige streamers and balloons, a banner that says ""there will be a birth""...",neutral,0.0,0.0,0
"Has to be [NAME] doesn't it? 3 [NAME] in the squad with another on trial, plus they're pretty shit this season.",annoyance,-0.5,0.4,1
"Shocking mate I know, hopefully one day they'll go home. ",neutral,0.0,0.0,0
Good. We don't want more thrash liberal offspring in this world.,disapproval,-0.55,0.3,1
"He can barely speak, but he still pulls off the perfect ""yaaaa [NAME]",neutral,0.0,0.0,0
Great headline though,admiration,0.7,0.4,0
I agree 100%,approval,0.6,0.2,0
"they are needlepoint, excellent tabs. i've gained his trust and toured the lab. this is no weak shit. thanks for the info.",admiration,0.7,0.4,0
"Genuinely, it is! The only complaint is that kentrosaurus is spikey as hell, and I find him with my foot in the dark fairly often...",approval,0.6,0.2,0
I wish an asteroid would wipe us out.,desire,0.6,0.7,0
I wonder if this will ever appear on BotW. Since it's so straightforward there probably isn't much to talk about.,surprise,0.15,0.8,0
I would pay money to see the security cam footage of that.,neutral,0.0,0.0,0
So glad you got justice and closure. You can properly begin to heal now. I’m not sure I ever will get the same sadly,sadness,-0.8,-0.3,2
"[NAME], I hate [NAME].",anger,-0.8,0.8,1
No Problem!,neutral,0.0,0.0,0
Yes!!!,neutral,0.0,0.0,0
Well fucking said.,neutral,0.0,0.0,0
Cat noise was added in apparently. Still great video.,admiration,0.7,0.4,0
We'll worry about it tomorrow,neutral,0.0,0.0,0
Be the change you want to see in the world [NAME],caring,0.75,0.3,0
"If you can get out to Banff, I highly recommend Nourish Bistro. Incredible vegetarian/vegan food... even meat eaters like myself love it!",joy,0.9,0.7,0
Didn't he write a dissertation about the pros and cons of finishing college instead of going into MLB?,neutral,0.0,0.0,0
Orangeman = cuck,neutral,0.0,0.0,0
"This is actually funny OP, stop trying to be so negative",joy,0.9,0.7,0
SE 89th just north of Brooklyn St is one of the worst I've driven.,disappointment,-0.65,-0.2,2
> why have all of my responses been restating my opinion Because you're cruising on righteous indignation rather than empirical evidence. Facts don't care about your feelings.,realization,0.2,0.4,0
"You mean, you actually want them to try to win? NO WAY! /s",disapproval,-0.55,0.3,1
If the wealthy behave as if its fine to discount the future then its fine for the poor to take from them.,neutral,0.0,0.0,0
"You're not going to get anywhere with these kids, mate. Reddit is being astroturfed.",neutral,0.0,0.0,0
RemindMe! 2 months,neutral,0.0,0.0,0
r/btc is the only place in the world who thinks like that while the rest of the world thinks Bcash is a shitcoin nobody uses.,neutral,0.0,0.0,0
(Stupid) * (how many times you think you can pull it off without getting caught ),annoyance,-0.5,0.4,1
Entering the race is not about winning. It’s about increasing name recognition.,disapproval,-0.55,0.3,1
Hey beautiful! Glad you had a great time!,admiration,0.7,0.4,0
"He could have meant that his girlfriend is pregananant like how couples say ""we're pregananant""",neutral,0.0,0.0,0
yes!! i was like oh my god. oh my [NAME]. it’s gone. the weight’s GONE. i’m FREE!,surprise,0.15,0.8,0
Thank you for this! FA and the draft are exciting again - cool.,gratitude,0.85,0.35,0
Ummm... I think you mean this beauty.,admiration,0.7,0.4,0
step 1: remove yourself from the mass media,neutral,0.0,0.0,0
Defense takes more time to implement i think,confusion,-0.2,0.4,1
These parents probably dress and openly love the kid more,neutral,0.0,0.0,0
Nope! It doesn't matter how stupid you were being.,annoyance,-0.5,0.4,1
Sure I understand that. But some of them are are yellow. But when combined with other red flags it definitely confirms your suspicions 😉,realization,0.2,0.4,0
The lads put in excellent shift over the Christmas fair dues lads. Thanks for keeping on top of things. Delighted online shopper :),gratitude,0.85,0.35,0
That's quite an arrangement,neutral,0.0,0.0,0
"I love how they all state the stupidity in the quote and the person saying it, with only a few realizing it's something [NAME] said.",love,0.9,0.6,0
I hope you’re okay! I’m so sorry that happened. I’m glad I don’t work in gastown anymore,caring,0.75,0.3,0
That is the stuff of nightmares...seriously.,fear,-0.8,0.85,1
I know that’s what I was trying to say. Idk y that got lost in translation.,annoyance,-0.5,0.4,1
Hey thanks! Happy new year to you too!,gratitude,0.85,0.35,0
"She won't be happy single. One of her biggest wishes is that she wants someone to love her for her, not her claim. ",desire,0.6,0.7,0
#HUH!? WHAT? WHY? HOW? I HAVE SO MANY QUESTIONS!,curiosity,0.4,0.6,0
Maybe even prettier!,neutral,0.0,0.0,0
Thank you. So many people out there that would rather be right and in a grave than swallow their pride and do the safer thing.,gratitude,0.85,0.35,0
Lol yea I'm sure some were. High school girls are a little insane,amusement,0.8,0.5,0
Pretty sure it’s a reference to Netflix’s “Bird Box” movie. In which case - brutal; I love it.,love,0.9,0.6,0
Me thinks you’re responding to the wrong dude. My original comment couldn’t have beeen more drenched in irony.,realization,0.2,0.4,0
Just pick someone you like and hope for the best!,optimism,0.75,0.5,0
15 years is over 25% of the Superbowl era. That's far from nothing.,neutral,0.0,0.0,0
[NAME] is staying where he is thank you very much,gratitude,0.85,0.35,0
Found an Instagram account,neutral,0.0,0.0,0
I loathe the unsolicited comments I get about having kids someday. The closest thing I could find to getting my tubes tied is my 10 year IUD.,neutral,0.0,0.0,0
Das pretty sweet. No-look throw!,admiration,0.7,0.4,0
Her skin is glowing! Love the eyeshadow too.,neutral,0.0,0.0,0
COUNT YOUR CALORIES. EAT ABOVE YOUR TDEE EVERY DAY AND YOU WILL GAIN WEIGHT. IT'S SCIENCE.,neutral,0.0,0.0,0
No reason to bet the flop.,neutral,0.0,0.0,0
Its definitely [NAME] fault for leaning into it though. Nobody’s pressuring her to have “Activist” in her Twitter bio.,disapproval,-0.55,0.3,1
Just triggered me thanks,gratitude,0.85,0.35,0
They could've added two dots and a line and it could have been better,neutral,0.0,0.0,0
I think people are more worried if he'll stay or not than whether he plays at the same level or not.,confusion,-0.2,0.4,1
You don’t understand the design of our government.,disapproval,-0.55,0.3,1
Wouldn't surprise me. I only had it happen once and it was a long time ago.,realization,0.2,0.4,0
John Oliver is a fucking liberal pig.,anger,-0.8,0.8,1
I was in Amsterdam two weeks ago and 400 sq ft apartments were renting for 1800 euros a month in the city. They have density but no affordability.,neutral,0.0,0.0,0
Finding a Poliwag is not hard you can usually find them in Pallet Town.,neutral,0.0,0.0,0
Because she's a mediocre writer who got lucky with Harry Potter and is in no way relevant unless she needlessly retcons HP.,neutral,0.0,0.0,0
it's no big deal. don't worry. everything will be alright.,caring,0.75,0.3,0
"Exit scam. Check out their cold wallets, holy shit.",anger,-0.8,0.8,1
Orange kitty has a bit of concern in his face.,neutral,0.0,0.0,0
But then she can’t be there for her son due to prison for battery. But it probably would be pretty cathartic,neutral,0.0,0.0,0
The analogy was in relation to placing the blame for your unrealistic wants and needs on the person who is denying you them.,disapproval,-0.55,0.3,1
"Damn, why y'all posting the match threads this early.",annoyance,-0.5,0.4,1
I work in the clinic as well! There’s a lot about this place. More than willing to talk offline to answer your questions! 4N?,curiosity,0.4,0.6,0
This cut so terribly deep and touched places I had hidden away. I'm at a loss for words.,sadness,-0.8,-0.3,2
Its like the other 3 teams are moving the [NAME] cube until it matches and they can be affective against the Patriots. Still not quite there,neutral,0.0,0.0,0
You still haven't shown any evidence of racism outside your own mind.,neutral,0.0,0.0,0
"No matter what, we can all listen to *You Shook Me All Night Long* during earthquakes. ",neutral,0.0,0.0,0
"EZ CLAP This is for kids, try doing this:",neutral,0.0,0.0,0
The sad result of far too many gamers needing addiction mechanics to continue playing one of the greatest card games of all time.,neutral,0.0,0.0,0
Kicking out a child for a biological trait beyond their control objectively makes him a bad father.,disapproval,-0.55,0.3,1
"Wrong. Dopamine is addictive, seratonin is well being. ",disapproval,-0.55,0.3,1
I love the DC movies :(,love,0.9,0.6,0
"A mod like this, especially if it's exclusive to your servers, would be full no matter what",neutral,0.0,0.0,0
I feel personally attacked by this salad,annoyance,-0.5,0.4,1
It is now the *most* open bottle,neutral,0.0,0.0,0
He was born in Scotland so as much as I’d love him to run it’s not likely.,love,0.9,0.6,0
Im in!,neutral,0.0,0.0,0
hooooly shit thats gross. this fandom is the worst,neutral,0.0,0.0,0
BUT IT WOULD HAVE TAKEN THEM LIKE TWO SECONDS TO HELP HIM GET OUT REALLY!!! This show makes me angry sometimes.,anger,-0.8,0.8,1
Even if this was true who would want to take medication that causes such rapid mood swings,optimism,0.75,0.5,0
It's not because you killed the chicken. Kill another one and see if that happens again.,neutral,0.0,0.0,0
Yeah I legitimately have no idea what he's talking about... cr lk is a chain,neutral,0.0,0.0,0
"Hoarders unite! 2388 stars here, 19 rewards, 20 by tomorrow. Highest reward was 23. No Visa card. Too tired of playing credit card roulette.",disappointment,-0.65,-0.2,2
"It's bad enough to break into a house, but snooping and stealing from a friend?! r/trashy r/iamatotalpieceofshit Hope you have better luck with friends in the future!",optimism,0.75,0.5,0
"It got completely banned I think, saw a post about it a while back in r/gore.",disapproval,-0.55,0.3,1
Why are the campaign finance violations “innocuous”? Because you think the charges are fraudulent or because your chosen team is charged with them?,neutral,0.0,0.0,0
Pretty please!?,desire,0.6,0.7,0
"Right, that makes sense! I wonder if the person I met in real life would acknowledge he's more of a fence sitter than childfree, haha",surprise,0.15,0.8,0
Isn't that the point though? That's it's up to the people that aren't scientist to decide if the science has any meaning?,annoyance,-0.5,0.4,1
Nothing has come close to it well except for GOT.,neutral,0.0,0.0,0
Create a youtube channel for when you work on cars.,caring,0.75,0.3,0
People are just so used to these laws never being enforced in any meaningful way in other countries.,neutral,0.0,0.0,0
Happy New Year! Let's smash 2019!,excitement,0.8,0.9,0
Human life has value. Veganism and pro-life are 2 completely different ballparks morally. Terrible argument 1/10,neutral,0.0,0.0,0
I clicked tive times on the Facebook like Button,neutral,0.0,0.0,0
"Cool, hope that helps.",optimism,0.75,0.5,0
No surprise that the game series is gaining traction!,admiration,0.7,0.4,0
"big heart to do that, guy probably plays for the love of the game, and you have to respect that",admiration,0.7,0.4,0
No idea what this means but the fact that you said sweetie lets me know that you’re probably really obnoxious or just being sarcastic,disapproval,-0.55,0.3,1
Man I love Canada🇨🇦,love,0.9,0.6,0
I heard [NAME] was an absolute monster too... Jk folks,disgust,-0.8,0.45,1
"""Ma'am, thanks for buying the twine. Have a nice day""",gratitude,0.85,0.35,0
"It’s not even an argument, it’s just a quote with a stupid voice.",annoyance,-0.5,0.4,1
That is one big pile of cringe.,neutral,0.0,0.0,0
If you're not helpless so be super easy to fix.,approval,0.6,0.2,0
Those inflated monopoly prices go back into Ontario coffers for services like roads and schools! How dare you question them. /s,anger,-0.8,0.8,1
I'm an inspiring man,pride,0.7,0.55,0
Where do you work/what do you do?,curiosity,0.4,0.6,0
These are the same thing,neutral,0.0,0.0,0
No not funny just sad,sadness,-0.8,-0.3,2
Good job fatty!,admiration,0.7,0.4,0
You’re not being clear in what you’re trying to say. I’m unsure how to try to help you in this case.,confusion,-0.2,0.4,1
AKA free to those who can afford it.,approval,0.6,0.2,0
"My bad on the terminology, see my response above for some of my thoughts / concerns related to the presence of 2-chlorophenol",neutral,0.0,0.0,0
I'm not trying to address the whole issue. I'm just trying to suggest that there might be unintended consequences that lead to even less public discourse.,neutral,0.0,0.0,0
Lots of them to mature. Thank you for half baked?,gratitude,0.85,0.35,0
1000 years fuck yes! Think of all the technological advancements you could witness!,approval,0.6,0.2,0
"""Reasonable"" and ""unreasonable"" have been asigned based on who agrees with you. How egotistical. You are still being childish.",annoyance,-0.5,0.4,1
Oh my [NAME] coco I’m so sorry sweety,remorse,-0.7,-0.1,2
"Very hot take there, It'd be a shame if somebody... disrupted it. ",disappointment,-0.65,-0.2,2
"To show themself in public like that they never did grow up. A 11 year old in a 25 year old body. Sad, really.",sadness,-0.8,-0.3,2
"[NAME] but probably secondly, [NAME] because I find both so boring.",disgust,-0.8,0.45,1
Still waiting!,neutral,0.0,0.0,0
What do you mean when you say picking a side of history,neutral,0.0,0.0,0
"As far as I know, the last necromancer you kill is guaranteed to drop a lantern.",neutral,0.0,0.0,0
"The way his head snapped up, it looks like she caught him on the chin. That would also explain why he got knocked out.",neutral,0.0,0.0,0
Not sure why he's shilling for [NAME].,confusion,-0.2,0.4,1
Your gf is cheating on you and your relationship is dead IMO.,neutral,0.0,0.0,0
"If you're in the Arrowverse, stay away from [NAME] and [NAME]. Swipe motherfucking **left**.",anger,-0.8,0.8,1
BLOCK BLOCK BLOCK his ass!,neutral,0.0,0.0,0
I do: PUT SOME CLOTHES ON,approval,0.6,0.2,0
Please revise your post to include whatever your talking about. Because i have no idea what your referencing.,confusion,-0.2,0.4,1
Did he lose a bet or something? -edit- It took longer than it should have for me to realize that it was a mashup of different dudes...,realization,0.2,0.4,0
Can you imagine being taken to court over a flushing loo? I can’t believe the courts are even entertaining this.,surprise,0.15,0.8,0
Welcome to the wehrmacht...,neutral,0.0,0.0,0
"No matter how loud I talk, no one seems to hear me... ",neutral,0.0,0.0,0
I’m proud of you for moving out You deserve peace and happiness! Independence is the sweetest thing.,pride,0.7,0.55,0
Unhhh has not been funny for a while now. This is definitely a terrible idea.,disgust,-0.8,0.45,1
That's probably the price a [NAME] pays to rent the Trump Hotel D.C. Ballroom for a cocktail party. Whoop de fucking doo.,anger,-0.8,0.8,1
Please provide some receipts! I believe you and can totally see this happening!,neutral,0.0,0.0,0
I would agree. That doesn’t really address the conservative versus alt-right labeling issue though.,approval,0.6,0.2,0
I feel truly honored that you gave up the jubilation of being the only person to see that peanut and sharing it with us,pride,0.7,0.55,0
I don't about bringing it into the country but CBD is everywhere here,neutral,0.0,0.0,0
"[NAME] is having a hard time moving on. [NAME] need to cash in with AD before the trade deadline, because his value is going down after this season.",neutral,0.0,0.0,0
Rover has treated us well.,caring,0.75,0.3,0
"Wow, that's clunky.",surprise,0.15,0.8,0
"I think Bayern get far less hate than they should tbh, the Manchester United of Germany is almost selling them short.",neutral,0.0,0.0,0
Trust your gut,optimism,0.75,0.5,0
It's funny because he just got out of jail.,amusement,0.8,0.5,0
Absolutely amazing idea! 10/10!!!,admiration,0.7,0.4,0
Pretty sure he's a NAVY SEAL IN THE TOP OF HIS CLASS!,approval,0.6,0.2,0
"c'mon OP, I know you would have liked to see that",love,0.9,0.6,0
"C’mon man, read the comment, if you love [NAME] so much why don’t you shaft him",love,0.9,0.6,0
Joint bank account?,confusion,-0.2,0.4,1
all not found.,neutral,0.0,0.0,0
. . .k but it's unlikely since unless you're a liberal and a woman thinking emotionally often shouldn't be a thing.,sadness,-0.8,-0.3,2
"No, because it lets you search multiple modes at once.",neutral,0.0,0.0,0
"At the time it was a steal, and all the players we traded have basically been worst case scenario for the A's.",disappointment,-0.65,-0.2,2
It's not the thumb it's the nail I hate gahhh I can feel it catching and tearing back aaaagh,anger,-0.8,0.8,1
"You just told a bunch of random people, I think you’ll have no problem telling her",neutral,0.0,0.0,0
A tshirt. I actually bought the cutest shirt that has a nasa logo on it and it says I just need some space. I love it.,love,0.9,0.6,0
"Damn, you could make money out of this. Come people I'm Intj, i'll tell you if your ex still loves you. ",neutral,0.0,0.0,0
We just watched the animated episode with [NAME] - it was awesome. Quite subversive.,excitement,0.8,0.9,0
Not gonna lie sometimes I crave meatloaf...,neutral,0.0,0.0,0
"The admins do not recognize the ""np"" link. They've said so.",neutral,0.0,0.0,0
Mind if I use your allegory in my classes? It's perfect.,admiration,0.7,0.4,0
My mom would go into those rages and I would pray my aunt would call because as soon as she answered the phone she was back to calm.,neutral,0.0,0.0,0
Giggled so hard,amusement,0.8,0.5,0
Nail in the coffin. Sucks that refs always feel the need to call an equalizer penalty,neutral,0.0,0.0,0
"The 4th line for Philly is trash, an all rookie line could probably handle them",neutral,0.0,0.0,0
Thank you so much. Fur babies are one of a kind.,gratitude,0.85,0.35,0
...and?,curiosity,0.4,0.6,0
"Eh, you can't really judge his character solely on the appearances he makes on his GF's IG without making a ton of presumptions",annoyance,-0.5,0.4,1
her section at the tate museum is amazing,admiration,0.7,0.4,0
I'm sure there's a trash bag full of 'em around there somewhere. Probably next to the insulin. You want some?,approval,0.6,0.2,0
"GOOD [NAME] ALIGHTY, HE'S BROKEN IN HALF",sadness,-0.8,-0.3,2
"Okay, thank you so much!",gratitude,0.85,0.35,0
“Inside sources” really don’t help the story even if this is true,neutral,0.0,0.0,0
I wqs right on [NAME] CMC So so so wrong about [NAME],neutral,0.0,0.0,0
I saw a lady with a service dog in chicago who wore them. I thought it might be just because it was cold,neutral,0.0,0.0,0
I just switched to the extra srength coconut oil one and i absolutely love it,love,0.9,0.6,0
I would rather this crappy meme die.,neutral,0.0,0.0,0
Show me that hog daddy,neutral,0.0,0.0,0
"Cause his value is at the lowest now.. If he does improve and score goals for Monaco, he'll be sold in the summer. ",optimism,0.75,0.5,0
I honestly never heard about the furniture. Goes to show how much was made of it.,neutral,0.0,0.0,0
"Thank you for the notice. I'm mainly on mobile, so I tend to ignore rules ",gratitude,0.85,0.35,0
You need to clasp your hands on top of a book to get rid of depression? Thanks grandma,gratitude,0.85,0.35,0
I don't care. It's adorable.,admiration,0.7,0.4,0
Get Flonase. This thing work for me.,neutral,0.0,0.0,0
This post makes me facepalm,embarrassment,-0.55,0.45,1
> Inflatable M'lady Guys I found my new flair,excitement,0.8,0.9,0
"Look at his socks, hes fine",neutral,0.0,0.0,0
"Ok cool, thanks",gratitude,0.85,0.35,0
"That’s what I have been doing, I’m glad I’m doing the right thing. Thank you for your kind words.",gratitude,0.85,0.35,0
"I sit on one of my legs. I always have my other leg weirdly sticking out. Like I’m trying to crouch, but failing.",disappointment,-0.65,-0.2,2
900 IQ Play by that tracer to use her 300 Damage Ultimate on a 600HP Character who has a healing/damage resistant ability.,neutral,0.0,0.0,0
So your Dad is actually incognito. Well played.,admiration,0.7,0.4,0
What are you referencing?,neutral,0.0,0.0,0
Mine did too,neutral,0.0,0.0,0
Goddam it!,anger,-0.8,0.8,1
It sure did! for a month I still think a Villa/Spang platoon should have been given more of a look.,approval,0.6,0.2,0
I hate that we cant be trusted to self criticize and we have to have Russian news do it. It feels like watching fox.,disappointment,-0.65,-0.2,2
Don't give away my zip code! Craft beer and fabuloso be dammed!!,excitement,0.8,0.9,0
A beautiful wonder of nature. Dress prices have fascinated humanity for thousands of years and been the subject of poetry and art in cultures across the globe,admiration,0.7,0.4,0
I think I could watch an entire show with just these two all the time.,approval,0.6,0.2,0
*cries in south america*,neutral,0.0,0.0,0
Please care to enlighten me :( I feel the same way as OP and I'm desperately wanting a way out.,caring,0.75,0.3,0
"When I get a brain freeze, I grab my chest and throat. Very painful. Then i keep eating. ",sadness,-0.8,-0.3,2
It happened so fast I didn't even have time to be scared.,realization,0.2,0.4,0
[NAME] fuck those creeps,anger,-0.8,0.8,1
Move bitch get out the way.,anger,-0.8,0.8,1
I was just scrolling down and I screamed when I got to the feet,anger,-0.8,0.8,1
"Yeah, but the thing is that I did send them. Therefore, I don’t have them, and haven’t for months.",neutral,0.0,0.0,0
This has almost 3k upvotes in r/oddlysatifying because of the wiper blades. Edit: r/oddlysatisfying,neutral,0.0,0.0,0
and of course if that happens then there's no way it could be true. as if a protester could also be a paedophile.........,disapproval,-0.55,0.3,1
Thank you for making me spit out my coffee at my computer. This comment hit home for me. XD,annoyance,-0.5,0.4,1
they called me after 2 days lol,amusement,0.8,0.5,0
I'm not a gamer but I always feel bad if I kill an ant or some other bug like that for no reason :( instant regret,sadness,-0.8,-0.3,2
Women should be able to make their own decisions about their bodies. They are conscious when their fetuses are not. Their priorities matter more in these situations.,approval,0.6,0.2,0
Maybe his son is 30 and drunk,neutral,0.0,0.0,0
"Yeah, so dont make any sudden movements when cops are getting you out of a room where you were reportedly aiming a gun at people from your window. ",approval,0.6,0.2,0
"Different personalities, I've always been like that with friends and family.",joy,0.9,0.7,0
I'm worried that [NAME] throwing away a future career by running for President.,nervousness,-0.45,0.75,1
[NAME] stands a solid chance honestly,admiration,0.7,0.4,0
Wait what...,neutral,0.0,0.0,0
"It’s a disgusting mix of mayonnaise, ketchup, and pickle relish.",disgust,-0.8,0.45,1
Happy New Year! Looks like you had a great time there! Cheers! Here’s to a great 2019 hopefully in both baseball and life!,optimism,0.75,0.5,0
Yo COURTTV bout to get a ratings boost.,excitement,0.8,0.9,0
"Wow, my favorite artist and my favorite basketball player. This video is next level 🌊",admiration,0.7,0.4,0
"Yes, in my opinion they are perfect backcourt fits. [NAME] weaknesses are [NAME] strengths and vice versa",approval,0.6,0.2,0
"Just out of curiosity, what happened with the big dog?",curiosity,0.4,0.6,0
I hate this world.,anger,-0.8,0.8,1
Oh I love me some winter depression,love,0.9,0.6,0
I'm 39 and still love being given chocolate.,love,0.9,0.6,0
I would watch that so hard. But I'm sure what's left of LuLaRoe and other MLMs will do whatever they can to stop it.,annoyance,-0.5,0.4,1
"damn, Now THAT's detail.",neutral,0.0,0.0,0
I love [NAME] at the net,love,0.9,0.6,0
Roasted Brussels sprouts with they get kinda charred!! Nom nom nom,neutral,0.0,0.0,0
oh you.,neutral,0.0,0.0,0
"Never made it through, it makes me physically ill just seeing images of that monster combined with him describing his incomprehensible evil.",disappointment,-0.65,-0.2,2
true that.,approval,0.6,0.2,0
"Oh gosh, I can’t wait to see how much you’ve accomplished Mr. Not Retarded Criminal ",excitement,0.8,0.9,0
"They're just excited! About everything!! It's the best when people do this in professional emails, too!!! ",joy,0.9,0.7,0
Sold car almost two years ago.... no regrets and quality of life has actually improved.,approval,0.6,0.2,0
"I mean for once the unpopular one is actually at the top, even if it is tea, robbed of air time? Sure, wins no",curiosity,0.4,0.6,0
Did you just equate the tomahawk chant to lynching as a reply to being called out for virtue signaling?,confusion,-0.2,0.4,1
i hate u...,anger,-0.8,0.8,1
Love Myself by [NAME]. It’s a song about touching yourself. Kids were singing it.,love,0.9,0.6,0
"Walk into a fire, life will only get harder, no reason to continue on.",neutral,0.0,0.0,0
"He actually did, couldn't believe it.",neutral,0.0,0.0,0
I did love seeing [NAME] and [NAME] guest on the last episode of the Orville.,love,0.9,0.6,0
I'm old enough to remember the last time the Pistons got a stop on defense,neutral,0.0,0.0,0
Thank you so much. ❤ I'm going to be okay.,gratitude,0.85,0.35,0
You can see flairs and select them on the desktop version. You can’t see them on mobile.,approval,0.6,0.2,0
Who still unironically says SJWs? You look like an idiot saying that.,annoyance,-0.5,0.4,1
"You are extremely rude and condescending, and in my opinion it’s sad that you’re a teacher. ",approval,0.6,0.2,0
Wait. That’s illegal.,disapproval,-0.55,0.3,1
Guys don’t typically pick up random women at night unless it’s a prostitute.,neutral,0.0,0.0,0
i find it a little disgusting if swear words are used frequently and unironically.,disgust,-0.8,0.45,1
I want to wipe her entire face off the face of earth,neutral,0.0,0.0,0
it's just a gamer word bro way to disrespect gamer culture smh my head,neutral,0.0,0.0,0
He's gotta be a robot or a test tube baby. Only explanation.,neutral,0.0,0.0,0
It was still controversial at the time which was my point.,neutral,0.0,0.0,0
Nice melt bra,admiration,0.7,0.4,0
I'm stigmatized against the pretty large group of 20 somethings I have interacted with who make gaming their whole identity. At least no-one calls themselves netflixer,neutral,0.0,0.0,0
"Even if no sickness is spread, no one else wants to see or smell that while they are eating. ",neutral,0.0,0.0,0
"like I said, it's painful.",sadness,-0.8,-0.3,2
Ok now that was epic!,neutral,0.0,0.0,0
It’s a soulless facsimile of what made B movies actually fun.,approval,0.6,0.2,0
Do whatever you want if/until you have kids. Just stay safe.,caring,0.75,0.3,0
"What? Trolls? Actually, yeah, probably. ",approval,0.6,0.2,0
Oh my god... i JUST realized this!!! AHHHH this makes me SICK.,annoyance,-0.5,0.4,1
You're nicer than me. I would have let them get towed.,admiration,0.7,0.4,0
They do not believe in the NAP nor do they believe in property. Although [NAME] would balk at being associated with [NAME],confusion,-0.2,0.4,1
I was thinking the same thing as well. Glad to know I'm on the right page.,joy,0.9,0.7,0
That's not an explanation of why it would be undemocratic.,disapproval,-0.55,0.3,1
"With Firing Range and Seaside having 2 variations, and everyone voting to replay them every time...It already feels like this",neutral,0.0,0.0,0
i wear all black. always. i died when we launched la boulange pastries. pink shirt of shame.,embarrassment,-0.55,0.45,1
What's ridiculous is this stupid post and this asinine idea that white people are these constant victims,disgust,-0.8,0.45,1
Alright Nice thanks,gratitude,0.85,0.35,0
Do not send money by Western Union to anyone in China. It's 99.9% scam.,neutral,0.0,0.0,0
I appreciate you taking the effort to respond at such length and with such frequently amidst the degree of misinformation in this thread.,gratitude,0.85,0.35,0
Was he really [NAME] though? Even if he wasn't made up by the early church I doubt it.,curiosity,0.4,0.6,0
I can't wait for all these now unregulated projects to demonstrate why we had regulations in the first place.,neutral,0.0,0.0,0
Omg more than anything I want to see [NAME] block a game winner from [NAME].,desire,0.6,0.7,0
"Yes, I have. What are the towns of which you speak?",neutral,0.0,0.0,0
[NAME] is vastly overrated. Much bette4 [RELIGION] delis in the outer Burroughs,approval,0.6,0.2,0
"Trust me dude, switch to stick deodorant and cologne.",caring,0.75,0.3,0
You should have said “might even have enough for a minute” u would have downgraded this to “terrible pun”,neutral,0.0,0.0,0
Great thanks for the advice!,gratitude,0.85,0.35,0
I saw this on here less than 2 days ago. You could at least repost old content that we haven't seen in a while.,disappointment,-0.65,-0.2,2
This is funny but is it a meme or just a dude’s cool selfie ?,confusion,-0.2,0.4,1
"Lived in a suburb of San Antonio, never experienced anything close to ""prejudice/racism/difficulties.""",neutral,0.0,0.0,0
I really enjoyed it actually. The world and the monster seemed really cool an original idea.,joy,0.9,0.7,0
The beautiful moment when Fridays and Sundays are your set days off and you have the PTO to cover Saturday 👍🏻,approval,0.6,0.2,0
People are paying attention to their assets? Hmmm. I don't feel sorry for them.,curiosity,0.4,0.6,0
I wouldn't be surprised if they were. Hopefully it stays with the amount of drama they have and don't go in the direction of 90DF.,neutral,0.0,0.0,0
Without US attempting to do a regime change by funding jihadists in the first place there wouldnt have been a syrian civil war.,neutral,0.0,0.0,0
Yikes!! This rebuild year isn't fun,disapproval,-0.55,0.3,1
"INFJ hands down ""Being organised brings joy to me""",joy,0.9,0.7,0
Your posts cause cancer.,neutral,0.0,0.0,0
Lmao. I fucking love this community.,joy,0.9,0.7,0
This is a very offseason thing to say,disappointment,-0.65,-0.2,2
Imagine [NAME] ever saying this.,neutral,0.0,0.0,0
This is full of bullshit,anger,-0.8,0.8,1
"even though its alot of work, i got 100% this weekend, and that scene re-opened the wound, lemme tell ya. what a masterpiece",admiration,0.7,0.4,0
He broke the wheel so bad it's going backwards,disappointment,-0.65,-0.2,2
How can I send it to you? I Just exactly recreated it in training arena,confusion,-0.2,0.4,1
"I did hear that [NAME] is friends with [NAME], I think on the SC sub. This was probably like a month ago. Could be. ",confusion,-0.2,0.4,1
China colonizes Africa. Pakistan colonizes UK. Mexico colonizes USA. What a timeline we are living in!,realization,0.2,0.4,0
[NAME]. I’m not sure you’ll feel the same way when it hurts to open doors when you’re 35.,confusion,-0.2,0.4,1
Omfg das a lotta snow. Maybe I'll get to pull out the gas powered snow thrower for the bloody first timeof the season.,surprise,0.15,0.8,0
The real gay_irl is always in the comments,neutral,0.0,0.0,0
I would love to see [NAME] take on the Avengers and win.,desire,0.6,0.7,0
The making plans and then ghosting is the part I have a problem with.,neutral,0.0,0.0,0
I take everyone that visits me over to Lands End .. I'm a huge fan of the hike from there back to Sea Cliff!,admiration,0.7,0.4,0
Why is [NAME] out? Is it a rest thing or a minor injury?,curiosity,0.4,0.6,0
Not sure if this has been asked but is autism a result of not having a filter? Apologies if I offend.,curiosity,0.4,0.6,0
What did he say?,curiosity,0.4,0.6,0
"I question that he doesnt think they are a possible answer, we have interviewed guys with much more questionable credentials",neutral,0.0,0.0,0
I love [NAME] school of rock,love,0.9,0.6,0
I mean it would be borderline targeting in college football. It was a really egregious missed call.,fear,-0.8,0.85,1
Nothing is free!,neutral,0.0,0.0,0
I’m really glad [NAME] wasn’t [NAME],relief,0.7,-0.2,3
Cheers to you for pushing through.,joy,0.9,0.7,0
You smile warmly at people.,gratitude,0.85,0.35,0
That would be crazy premature. But would be awesome later when results are out and the stories behind the scenes of the [NAME] team emerges.,admiration,0.7,0.4,0
I've agreed with this since day one. Check out his match he he had with [NAME] back in NXT,approval,0.6,0.2,0
"If an AI projectile is your biggest problem you've got bigger issues, next. ",fear,-0.8,0.85,1
Funny that punches to the face are completely forbidden in Kyokushin competition.,disapproval,-0.55,0.3,1
"Sure let's leave a bomb outside a [RELIGION] secondary school, that'll show the [NAME]!",anger,-0.8,0.8,1
Very good post brother you hit the nail on the head. It is unfortunate that people downvote this post to the bottom when you explain so well.,admiration,0.7,0.4,0
So long as it's for the worse I'm all for the wait!,annoyance,-0.5,0.4,1
Good luck to you darling. I hope you feel strength and happiness.,optimism,0.75,0.5,0
Half our NATO partners have banned them or are in the process of doing so. I am confident we will do the right thing.,optimism,0.75,0.5,0
Please never let this die.,caring,0.75,0.3,0
Maybe because communism has shown time and time again that it finds humans beings below contempt and makes every effort it can to murderstarve as many as it can..?,curiosity,0.4,0.6,0
We have a lovely new bridge in Edmonton that you can jump off if you don't like it :),neutral,0.0,0.0,0
Nope. Are we at the name calling stage? And here I thought we were getting along.,confusion,-0.2,0.4,1
So using your figures here we make £12 billion in tax from the EU company's selling in to the uk. We save a further £9billion on fees to the EU,neutral,0.0,0.0,0
"I swear to [NAME], if you don't use vinyl records, you're THE definition of ""The Complete Douchebag"".",annoyance,-0.5,0.4,1
Sick burn. I like it.,admiration,0.7,0.4,0
Thanks! I'll look into that,gratitude,0.85,0.35,0
Yeah google it I def want it!!,approval,0.6,0.2,0
I saw that same account comment the same thing on the packers post about hiring [NAME] yesterday lol,amusement,0.8,0.5,0
Don't be fatuous [NAME],neutral,0.0,0.0,0
"Thank you mods for the sticky. This is such an important story. To my surprise, the NY Times had a brief piece about it.",surprise,0.15,0.8,0
Bless this woman. That honestly sounds horrific from every end. I hope her ex [NAME] has lived a horrendous life since perpetuating that disgusting act.,disgust,-0.8,0.45,1
Top female players including [NAME] practice against college men players and get beat a lot by them. I wouldn't be suprised to see [NAME] win even at 14..,surprise,0.15,0.8,0
Damn it if that isn’t the most accurate description of growing up.,curiosity,0.4,0.6,0
I’m gonna sit down and cry now,sadness,-0.8,-0.3,2
"He took [NAME], too? That wasn't part of the deal, [NAME]! THAT WASN'T PART !",disapproval,-0.55,0.3,1
"If you are in the northern hemisphere, you must subscribe to the [NAME] “seasonal theory of lardons”.",neutral,0.0,0.0,0
That’s an insult to special needs people everywhere.,neutral,0.0,0.0,0
Because deceptive practices are easier than producing actual arguments in favor of your position.,neutral,0.0,0.0,0
"If this team could make there wide open shots, we could win some games. Its unbelievable how many open shots we miss. ",disappointment,-0.65,-0.2,2
What an absolute moron. Talking about characters everyone and their inbred mother knew would be back. His stupidity fucked him over.,annoyance,-0.5,0.4,1
No one has asked yet. So...how?!,curiosity,0.4,0.6,0
The ones who agree with her are the only ones who actually address *her* issue....which is how to deal with boundary stomping relatives.,approval,0.6,0.2,0
Was not expecting that to be a real sub.,disapproval,-0.55,0.3,1
What? /s,neutral,0.0,0.0,0
Looks like a badly designed [NAME] avatar,annoyance,-0.5,0.4,1
"I already have used one, really helped ",approval,0.6,0.2,0
"I tend to invalidate my feelings because I’m always worried that they’re going to think that being silly, I’m always struggling with it",nervousness,-0.45,0.75,1
[NAME] gives me the weirdest boner. I love these guys,admiration,0.7,0.4,0
"yeah her ex was shocked when she said ""my boyfriend"".",surprise,0.15,0.8,0
He must hate you,annoyance,-0.5,0.4,1
It didnt fuck up his career at all. Hes got thousands of ravenous fangirls and still makes absolute bank.,admiration,0.7,0.4,0
I am sorry but what is a wholesome meme,curiosity,0.4,0.6,0
Look at that thing...could tear you to shreds,neutral,0.0,0.0,0
That’s a horrible take.,fear,-0.8,0.85,1
Thanks for the responses! I'll look into it.,gratitude,0.85,0.35,0
“Eat the vegetable growing out of your garbage can”,neutral,0.0,0.0,0
Ok. This is freaking awesome! Good job.,admiration,0.7,0.4,0
I use group up but there's a group up for healing prompt? I'm on console and I don't think I've seen it,neutral,0.0,0.0,0
I feel cheated! Lol,amusement,0.8,0.5,0
I went to a destination wedding being the only single person. Promised to never put myself in that situation again.,realization,0.2,0.4,0
"[NAME] won it last year, even with all our goal kickers. Didn't think it would happen again with our set up.",realization,0.2,0.4,0
He’s such a thumb!!!,neutral,0.0,0.0,0
">Gotta love the South No. No, you really don’t. ",disapproval,-0.55,0.3,1
Just ask if she wants to go out sometime. It doesn’t require this much thought,curiosity,0.4,0.6,0
Until you see another one you like lol,neutral,0.0,0.0,0
It's a great museum. Very graphic. Very moving. Very emotional. You might need a couple hours and some drinks to mentally realign yourself.,admiration,0.7,0.4,0
Congratulations! One day you’ll look back on this and laugh. It’s the best thing you’ve ever done.,admiration,0.7,0.4,0
HAHAHAHA YELLOW FOR AZPI????,amusement,0.8,0.5,0
There was a horrible accident,fear,-0.8,0.85,1
"When you call someone trash and he easily beats you, what does that make you? lol",amusement,0.8,0.5,0
Would love to get my hands on a dia de los muertos.,love,0.9,0.6,0
Mammatus clouds! Somewhat unusual for Sydney,neutral,0.0,0.0,0
I can tell.,approval,0.6,0.2,0
What a funny story.,amusement,0.8,0.5,0
[NAME] dead and it was the Government that killed him.,annoyance,-0.5,0.4,1
"Lol, it seems like your projecting your own problems on me",amusement,0.8,0.5,0
Waking up covered in blood is terrifying but thankfully it was just a nosebleed,gratitude,0.85,0.35,0
Me for the last 3 years lol,amusement,0.8,0.5,0
He should really let [NAME] come inside him,neutral,0.0,0.0,0
[NAME] is ac?,neutral,0.0,0.0,0
Extremely relatable.,approval,0.6,0.2,0
This is the guy to talk to! Draftbuffs amazing and getting better constantly.,approval,0.6,0.2,0
Why should [NAME] get to pick the Democratic party candidate?,neutral,0.0,0.0,0
"If this is actually how it goes, I won’t feel so bad going from 5 to 8 in week 17.",disappointment,-0.65,-0.2,2
"Sounds like you two are really good together - cheers, and much happiness to you both!",joy,0.9,0.7,0
Good thing I don't give a shit.,annoyance,-0.5,0.4,1
"I was too legit. Too legit to quit. Now I’m not legit. I’m un-legit. And therefore, I must quit.",disapproval,-0.55,0.3,1
What state and what size of city? Im curious if it's inner city of small town,curiosity,0.4,0.6,0
"> I firmly believe ""[NAME] have problems, [NAME] ARE problems! Holy shit, stealing this. Love it.",love,0.9,0.6,0
This is a slippery slippery slope that ends with the backstory to the Wrath of Khan dude.,neutral,0.0,0.0,0
"I never said they didn't test it lol, I said they haven't tested it on PTR, which they haven't.",disapproval,-0.55,0.3,1
Thats what happens when [NAME] is on the fucking floor,annoyance,-0.5,0.4,1
Gross gross gross!,neutral,0.0,0.0,0
Yeah that's bullshit and the complete opposite of what you said.,anger,-0.8,0.8,1
This is like that SNL sketch. EDIT: For anyone wondering what I’m talking about.,surprise,0.15,0.8,0
back when mercy could get play of the game.. and not be useless.,neutral,0.0,0.0,0
He needs to be tested. And you need a divorce lawyer ASAP. He needs to move out. Actions have consequences.,neutral,0.0,0.0,0
Thank you. Ignore the morons who have never heard of lactose intolerance.,gratitude,0.85,0.35,0
Are you actually going to get on stage and say it into the mic? That’d be fuckin legendary,excitement,0.8,0.9,0
Yeah it's unexpected but I have to remove this because it's not satire or gatekeeping.,annoyance,-0.5,0.4,1
Those backpack leashes suddenly don't seem so bad,disapproval,-0.55,0.3,1
Had to go check for myself,neutral,0.0,0.0,0
Dammit. I was expecting to see a motorcycle blow up. That woulda been awesome. Haha,amusement,0.8,0.5,0
"this is beautiful !!! my poor baby tho, why is she crying ??? ;(( ",admiration,0.7,0.4,0
Thank u! Looking for some new podcasts!,gratitude,0.85,0.35,0
Just take antidepressants that take away the urge completely,caring,0.75,0.3,0
You’re so young! I hope things improve for you. Stick to you plan.,optimism,0.75,0.5,0
Alllllllways. Losing that toonie makes you feel like a rookie every time.,sadness,-0.8,-0.3,2
Those eyebrows are faker than my future,annoyance,-0.5,0.4,1
"To be fair, the illegal should have been out of country. ",neutral,0.0,0.0,0
Ding ding ding! We have a winner!,excitement,0.8,0.9,0
Lol. Thanks for the laugh.,amusement,0.8,0.5,0
He's the best [NAME].,admiration,0.7,0.4,0
It looks like they do but random redditors do not. What a surprise.,surprise,0.15,0.8,0
I was in that phase for a good while until i lost it all later anyways.,disappointment,-0.65,-0.2,2
> What? I second this,anger,-0.8,0.8,1
Still don’t know how [NAME] said him and [NAME] will be battling for years while keeping a straight face.,curiosity,0.4,0.6,0
Do you have arthritis yet? To me it seems my arm wouldve fallen off doing this.,neutral,0.0,0.0,0
"Also the infection that almost killed her because they tried to save the leg, leading her to get the prosthesis. ",neutral,0.0,0.0,0
can't wait to develop nutrient management plans for crop production!!!,excitement,0.8,0.9,0
Thank you and likewise to you friend!,gratitude,0.85,0.35,0
Sorry this shit is happening to you. Thanks for capturing the first [NAME] in WWII. Go Coast Guard.,gratitude,0.85,0.35,0
The taste is subjective and it's certainly not good for your health,disapproval,-0.55,0.3,1
"oh [NAME], the fumbles.... all the fumbles",annoyance,-0.5,0.4,1
"It was never about comparisons, it was about our experiences and relationship to capitalists here.",neutral,0.0,0.0,0
"Bam, it's suddenly fixed! Thanks that was great. This is all happening in Bizarro World.",gratitude,0.85,0.35,0
I watched the first loop before it registered what she was doing then my brain locked up and I made a noise like smeagol being strangled.,neutral,0.0,0.0,0
I'm not surprised.,neutral,0.0,0.0,0
"Well, you know what they say..... ....I can't think of any witty comment to say about that.",amusement,0.8,0.5,0
Could be an attainability thing. My personality is very aloof and I tend to have much better results with more confident girls in general.,optimism,0.75,0.5,0
But she's technically confessing of stealing food from her work. But I still think it's mostly to brag but idc.,disapproval,-0.55,0.3,1
They probably didn't know.,neutral,0.0,0.0,0
That isn’t the Thai flag? 🇹🇭,curiosity,0.4,0.6,0
I mean I don't think he's gonna come out and call [NAME] a bitch even if he feels that way,disapproval,-0.55,0.3,1
"This is me yesterday, oh and today. ",neutral,0.0,0.0,0
How do they know how tall you are while your sitting in your car. Such bullshit.,annoyance,-0.5,0.4,1
"Dude, I can't express in words how much relief this man brings to my soul.",relief,0.7,-0.2,3
I still gotta watch the last one. ☹,sadness,-0.8,-0.3,2
Bore my children,neutral,0.0,0.0,0
Rash sun [NAME] dropping out of the first round?,curiosity,0.4,0.6,0
"Wait, there’s a little more dust. TIFU by cooking my girlfriend for forty dinners.",neutral,0.0,0.0,0
"When we have tens of millions starving or dying of thirst, at least you will still have the moral 'high ground'.",neutral,0.0,0.0,0
No!!! I love emojis 😎😎😁😁😁😁💖🎉,love,0.9,0.6,0
I'm a woman and I lost mine at 26 (was just a later bloomer) This obsession with virginity is odd.,disappointment,-0.65,-0.2,2
"Beautiful face, but scenically over the top",admiration,0.7,0.4,0
St. Anger and All Nightmare Long are my favorite albums :)),neutral,0.0,0.0,0
"Certain mental health issues can be smelled on a person; by all accounts, schizophrenia makes a person's sweat smell like goat",neutral,0.0,0.0,0
We only want to impose high taxes on those damnable minorities who are ruining our great nation.,neutral,0.0,0.0,0
He should be banned from the nfl. I can’t get behind this.,anger,-0.8,0.8,1
"""hey guys can you let me get potg?"" ""HAHAHAHA"" ",amusement,0.8,0.5,0
I lowkey love the chicken and waffles from longhorn chicken. It’s a food truck in west campus.,love,0.9,0.6,0
"Not when they are written by his lawyers, but he totally wrote 'build the wall crime will fall' and thought it was so clever",neutral,0.0,0.0,0
That just sounds like a show that would piss me off tbh,annoyance,-0.5,0.4,1
"Man, I wish Fed was still 26 for these matches lol ",amusement,0.8,0.5,0
What a snake. Typical Fort Mcmurray politics.,admiration,0.7,0.4,0
I wish they had what they advertised. The end of that era was sometime in my teens.,optimism,0.75,0.5,0
I miss [NAME].,sadness,-0.8,-0.3,2
This is perfect,approval,0.6,0.2,0
I recommend this. I read the WN and it fucked up my English for months. English is my second language...,approval,0.6,0.2,0
Thought so. Thanks!,gratitude,0.85,0.35,0
"Hahahah thank you so much, username does not check out, you don't seem sketchy at all! 😅",disapproval,-0.55,0.3,1
"sorry my fellow youngsters, we're illiterate.",neutral,0.0,0.0,0
Just gotta day that age gap might have something to do with this. I bet he hates that dang rap music too.,neutral,0.0,0.0,0
That is not a side swipe. That's a full on t-bone. But I hope they all made it through somehow.,desire,0.6,0.7,0
The nails are great,admiration,0.7,0.4,0
"Man if you want some crazy dreams, slap on a few nicotine patches before bed.",neutral,0.0,0.0,0
You might not be eating enough. You almost have to double. 2000 calories of meat vs 2000 calories of veggies is a HUGR difference.,caring,0.75,0.3,0
Yes rather vague statement... but key to this situation.,neutral,0.0,0.0,0
An especially large comfortable shirty [NAME] wear. It's annoying though because people get jealous of how comfy you are so they climb in your shirt.,annoyance,-0.5,0.4,1
"Same. After that it’s unbearable. Plus, [NAME] appears. So. ",neutral,0.0,0.0,0
I love you,love,0.9,0.6,0
"I took him at the start of the season when he was recording some assists, stopped playing after a while :p",neutral,0.0,0.0,0
Good lord yes. Banging soundtrack too.,admiration,0.7,0.4,0
This should really be a libertarian/socialists for gun rights meme. I genuinely think there is a lot they have in common.,neutral,0.0,0.0,0
Let’s go! TRoss is awesome,admiration,0.7,0.4,0
First is the worst,anger,-0.8,0.8,1
"AP can tell them to leave, and then call the cops if they don't. Soliciting/begging is not allowed on Target property. ",disapproval,-0.55,0.3,1
"What a warrior [NAME], good job being tough. That’s a flagrant!",admiration,0.7,0.4,0
"[NAME], get in here.",neutral,0.0,0.0,0
Making you sign a refusal of service waiver is scared of liability. Charging you for it is shady.,neutral,0.0,0.0,0
"I tried the pilot and it just felt very ""meh"" to me. Does it get better or is it just not to my sense of humor?",confusion,-0.2,0.4,1
That's beautiful and wholesome,admiration,0.7,0.4,0
You're just a fuming democrat and all I hear is angry democrat mental gymnastics.,anger,-0.8,0.8,1
I hope to experience this beautiful rendition of bliss,optimism,0.75,0.5,0
"Yup, not anymore. Keep your blood sugar up! It really helps and DRINK water...",caring,0.75,0.3,0
"Haha, imagine someone always looking amazingly fashionable, taking hours to dress 'down', trying to look casual.",amusement,0.8,0.5,0
"I can't believe people wanted to trade him. [NAME] is unbelievable, so glad he's on our team ",gratitude,0.85,0.35,0
"I meant that you're funny, not that you've got a weird life",amusement,0.8,0.5,0
The fake news media and it's supporters are the enemy of the people.,anger,-0.8,0.8,1
Really sucks that he's not going to retire a Sounder.,disappointment,-0.65,-0.2,2
That explains an awful lot about ICP.,disgust,-0.8,0.45,1
Ha! I like the way they feel all over each other.,excitement,0.8,0.9,0
The mango pods I purchased in New Zealand gave me a crazy headache but other flavours did not.,neutral,0.0,0.0,0
" 🎶 Hark to the tale of [NAME], and the boy he loved so dear. They remained the best of friends for years and years and years. 🎶 ",neutral,0.0,0.0,0
"If people think that the current migrant/refugee crisis is ""bad"", they have seen nothing.",disappointment,-0.65,-0.2,2
I am really sad because my innocent nieces are brainwashed by my crazy sister,sadness,-0.8,-0.3,2
I’m not frustrated... i think I was trying to be nice.. but now I’m confused and awkward. My apologies,confusion,-0.2,0.4,1
"Thanks for choosing to immunize. That said, I wish DSHS had taken away your children while you were putting them and others at risk.",desire,0.6,0.7,0
"Shit like this is just depressing. Not surprising, but still depressing.",disappointment,-0.65,-0.2,2
"Best song about [NAME] honestly, what a bop ",admiration,0.7,0.4,0
True enough. I'd love more LGBT friendly horror.,fear,-0.8,0.85,1
OK. You’re not distinguishing yourself from an anti-theist. >[RELIGION] [NAME] I said ‘a god’.,neutral,0.0,0.0,0
Didn't she also get people killed in Japan?,curiosity,0.4,0.6,0
"yes, agreed. ",approval,0.6,0.2,0
Would be a great pick up tbh,admiration,0.7,0.4,0
They can’t really do anything. Russia has far too much powering the organization for the un to be effective.,neutral,0.0,0.0,0
"This is actually so funny, this is something id expect from Australian sports media since we're shit at broadcasting but lmao",amusement,0.8,0.5,0
Thanks China.,gratitude,0.85,0.35,0
Yeah that's not almost a semi auto. And the slam fire is vastly over rated.,disapproval,-0.55,0.3,1
"And it’s being posted by a person who apparently has an MD, PhD, and MBA. One would hope they knew better",neutral,0.0,0.0,0
[NAME] Instagram story last night had a Mexican dinner for two cooking at his home. I bet they're already together.,curiosity,0.4,0.6,0
he always pays his debts but we'll have to wait to see if [NAME] gets a castle,neutral,0.0,0.0,0
"If the cops don't let you win 30% of the time, stop asking them to play.",optimism,0.75,0.5,0
My hoosband loves dee cee and I love San Diego because of the Gorilla enclosure And the Pandas.,love,0.9,0.6,0
I sense no awful taste here.,disgust,-0.8,0.45,1
well she went to prison for **armed robbery and kidnapping** so after learning this i could hardly give a shit about her,realization,0.2,0.4,0
Its a bit weird of them to recommend you a song by The Strokes after they told you their offer,neutral,0.0,0.0,0
"Apparently Faux news held off on reporting the story at first, presumably until they could get approval on how they should spin it.",neutral,0.0,0.0,0
I love how this is transgender men not just men 👌,love,0.9,0.6,0
It was good of you to get him out of the store as quickly as possible so he could not infect you with his crazy.,admiration,0.7,0.4,0
"wow your the best, you take away all my anxiety...EDIT IT CAME BACK",gratitude,0.85,0.35,0
Haha thanks for the warning but we met with her irl before :D,gratitude,0.85,0.35,0
Your baby is adorable. I can’t even deal with the cuteness 😂😂😂,admiration,0.7,0.4,0
Someone who wants to do a couple of takes and it's just gone past 9,neutral,0.0,0.0,0
It's interesting how you're actually using type logic here.,admiration,0.7,0.4,0
"All of the wonder, beauty, and mystery of the world was taken before we even got here.",disappointment,-0.65,-0.2,2
"I mean hard to get If you don't have These mental problems, I got some from a friend and they are very useful to stop trips ",neutral,0.0,0.0,0
"Only until recently, that being said, I’m really glad. Run the scum over.",joy,0.9,0.7,0
"After I got rammed into by 2 planes on the 1st zone's storm edge in dusty, I couldn't agree more.",approval,0.6,0.2,0
This is how mafia works,neutral,0.0,0.0,0
Daaang [NAME] lost weight!!!! Is she making a comeback?,curiosity,0.4,0.6,0
It depends... I understand if someone banns the champ in ranked.. but in normals i agree,approval,0.6,0.2,0
Degloved finger...*ouch*. One of the worst types of avulsions.,sadness,-0.8,-0.3,2
"Wow very impressive table! Side note, it's [NAME], not ei",admiration,0.7,0.4,0
"I don’t think there’s anything sad about how many people are attending from their country, but I am doubtful of their prospects!",confusion,-0.2,0.4,1
"You do realize the documentary is about the policy not being so natural, as you put it",realization,0.2,0.4,0
Hahah I’ll try and hop on after this basketball game. Hopefully around 7,optimism,0.75,0.5,0
Gotta love that good old libertarian to fascist pipeline.,love,0.9,0.6,0
Only a sith deals in absolutes.Fuck that guy.,anger,-0.8,0.8,1
Seize the shards comrade,approval,0.6,0.2,0
he's been around forever but apparently none of y'all have RES,neutral,0.0,0.0,0
What does all that pill shit they talk about mean anyways? Like what the fuck is a black pill and a red pill?,confusion,-0.2,0.4,1
He was also involved in a much less known NBC investigation into,approval,0.6,0.2,0
"WHY DID DSJ PASS THERE, YOU COULD'VE FINISHED AT THE BASKET IN TRANSITION REEEEEEE",confusion,-0.2,0.4,1
He does not want to hear the plans that will work though.,neutral,0.0,0.0,0
"The dress was trailer trash appropriate. Did he just run out of money for a good dress? I mean, $300 BLACK UNDIES.",surprise,0.15,0.8,0
"Only ever attracted to other non binaries? Homo simply means ""same"", so for a nonbinary, same would mean nonbinary",curiosity,0.4,0.6,0
Now let's just hope session also becomes season.,optimism,0.75,0.5,0
SF makes a little more but it evens out with Seattle once you figure in CA state income tax and SF cost of living. #savedyouaclick,neutral,0.0,0.0,0
"Yes it absolutely is, that's just not it's formal name. [NAME] commiting treason is absolutely a crime",neutral,0.0,0.0,0
[NAME] was not a candidate in the presidential election.,neutral,0.0,0.0,0
Because [NAME] had a foot injury that I think he sustained at practice for the second half of the year.,disappointment,-0.65,-0.2,2
you have twice the courage I wish I had. well done dude!! wishing you all the best!,admiration,0.7,0.4,0
"Ok, just seemed like the original comment was saying *only* tories do it and do it because they're just evil..",neutral,0.0,0.0,0
That's [NAME]!,approval,0.6,0.2,0
It's the infection trying to fight back against the antibiotics.,neutral,0.0,0.0,0
"Wasn't getting anywhere to begin with, might as well have some toxic fun with it.",amusement,0.8,0.5,0
Daddy Patches!,neutral,0.0,0.0,0
[NAME] from Always Sunny is literally the best comparison for this dude. He looked a LOT like him and behaved the same way.,neutral,0.0,0.0,0
Wow it's almost as if those losers have a lot of money or something else to leech off of.,admiration,0.7,0.4,0
SHE AIN'T NO DEMON!,disapproval,-0.55,0.3,1
"Ah, didn't read the comment that way, my bad",realization,0.2,0.4,0
They are building a new Whole Foods on Smith and Elgin I believe,neutral,0.0,0.0,0
"Neither, but I plan on it soon.",neutral,0.0,0.0,0
That's awesome! Congratulations to the both of you!,admiration,0.7,0.4,0
"I’ve been there and it’s above a highway, feel like that might raise some eyebrows haha",amusement,0.8,0.5,0
"Everyone knows he's not a spy. He's a pawn. Russia want him to swap for their actual spy, currently talking to [NAME]. ",neutral,0.0,0.0,0
"They must've been inside a tornado or something, might be what caused the tree to fall behind them.",neutral,0.0,0.0,0
"ahhhhh ok I thought it was the other way round, thanks for clearing it up.",gratitude,0.85,0.35,0
Hes not the best at communication which is a big red flag in my book,disappointment,-0.65,-0.2,2
"Good for you, human. I hope you get the job!",optimism,0.75,0.5,0
Df1 masterrace. Noctis on 3 bar is bullshit though.,neutral,0.0,0.0,0
"Omg, you are so right! 🤮",approval,0.6,0.2,0
Cue [NAME] and his rant on old American men,neutral,0.0,0.0,0
"Yeah. Unless you live in a desert, ditch the scarcity mindset. It can keep you in relationships that aren't any good.",approval,0.6,0.2,0
[NAME] had talked about this entire operation is shady with an anti abortion agenda that's hidden behind their intentionally misleading name.,disapproval,-0.55,0.3,1
"I tried. [NAME] responded by taking the baby to see her without me, while I was at work. 😤",neutral,0.0,0.0,0
Austin Powers that shit,neutral,0.0,0.0,0
Good for you,caring,0.75,0.3,0
Hahaha. Oh [NAME]. Way to ruin the fun lol,amusement,0.8,0.5,0
things are simply wrong and ignorance is an insufficient defence from prosecution.,neutral,0.0,0.0,0
"I think I'd rather trade next year's first than either of those two, those guys are at least a year closer to being able to contribute. ",neutral,0.0,0.0,0
You okay bro? You seem emotional.,caring,0.75,0.3,0
"I would have used ""perplexing"" haha",amusement,0.8,0.5,0
"Err, she's still a weird fake tan shade, just oranger.",disgust,-0.8,0.45,1
"Modern example about [NAME]' genocide against [NAME]. Mosques burned, civilians murdered in a mass etc etc ",neutral,0.0,0.0,0
It's in my garage. Couldn't be any easier to access it.,neutral,0.0,0.0,0
"That's fair, but it's gotta suck being one round off the qualifier and then watching your teammates go anyway without you.",approval,0.6,0.2,0
Well thats a rare opinion of Earth X.,neutral,0.0,0.0,0
Get out now!,anger,-0.8,0.8,1
I really hope you do this for a living. Thanks!,optimism,0.75,0.5,0
There isn't. It only exists in the heads of those who subscribe to these tinfoil theories.,neutral,0.0,0.0,0
It’s saved in the cloud now lol,amusement,0.8,0.5,0
I love those examples. Thank you for sharing. 🙏,gratitude,0.85,0.35,0
"Having grown up at that dog park, it's definitely crowded more or less at all hours. Lots of retired folks in that area. ",neutral,0.0,0.0,0
There it is!,neutral,0.0,0.0,0
"While I love the brutality of Odyssey, my personal favorites were from Black Flag. ",approval,0.6,0.2,0
There is this story of a woman who got pregnant from anal due to some rare condition:,neutral,0.0,0.0,0
"OK this dude isn't over 16, good luck at prom",gratitude,0.85,0.35,0
Most watched sport in the world lol,amusement,0.8,0.5,0
Isn't this the game that is PS4 as well?,confusion,-0.2,0.4,1
She has no idea. You've got this ♡,caring,0.75,0.3,0
"I'm sad, but I just want a new Metroid game, and if this is what it takes to make it great then I understand",sadness,-0.8,-0.3,2
I was/am the same. I'm the one pushing forward with the divorce though. The feelings of loss and fear are overwhelming sometimes though.,fear,-0.8,0.85,1
"Congratulations! Idk how long you've been living here, but welcome to Colorado!! :D I hope you're enjoying it!",optimism,0.75,0.5,0
True - all mobility items in the past haven’t been weaponisable so why should this be??,neutral,0.0,0.0,0
That's such a lazy way of looking at things.,disapproval,-0.55,0.3,1
What's your point? All these comments are from people who clearly had not seen it before. Only a couple said they had.,curiosity,0.4,0.6,0
“Attack on masculinity” I’m dying over here you fragile motherfucker.,anger,-0.8,0.8,1
She's a good chief stew and very good at her JOB but a shitty people person and a shitty leader.,admiration,0.7,0.4,0
Threats and promotion of violence,fear,-0.8,0.85,1
Agree. Not sure why you are being downvoted.,curiosity,0.4,0.6,0
"He had one poor split, and he already looks strong, fuck your mindless hate",neutral,0.0,0.0,0
I had this insight too What is it called? Theres probably someone who already had this idea 800 years ago and wrote 7 books about it.,curiosity,0.4,0.6,0
Just commenting here to give you a notification :) Have a nice day now,approval,0.6,0.2,0
Stay at home if you’re sick,caring,0.75,0.3,0
The Leafs weren’t mentioned once in this article.,neutral,0.0,0.0,0
Now her child will walk around smelling like onion,neutral,0.0,0.0,0
I'm in the Central Time Zone in the US so I have some time to go. But Happy New Year to you man!,neutral,0.0,0.0,0
Funny joke.,amusement,0.8,0.5,0
Amazing story. Thank you for your service,gratitude,0.85,0.35,0
"Just want to say you are not alone, I have all of those same ideas. You will succeed again, without her.",caring,0.75,0.3,0
[NAME] opinion on adoptions is quite disturbing,disapproval,-0.55,0.3,1
That looks like you need to go to the hospital ASAP or you'll lose a limb and possibly more.,caring,0.75,0.3,0
"Syria is at war with Israel, Israel has every right to bomb targets that threaten their nation. ",approval,0.6,0.2,0
"I reallllly loved the show. It disturbed me a lot, definitely. But I want more now.",love,0.9,0.6,0
"Keeps people from talking to me as much, so in fact I DO need them.",neutral,0.0,0.0,0
Funny how the [NAME] leaves the most important item out of their article headline.,amusement,0.8,0.5,0
"My first messages from women are either ""hi"" ""hello"" or ""psst."" Yeah I'm not wasting my time.",amusement,0.8,0.5,0
"Fuck it, im paying the premium -- 15% risk in not getting your money is quite high! ",anger,-0.8,0.8,1
Okay. Have a nice evening! 👍🏻,admiration,0.7,0.4,0
okay thanks!,gratitude,0.85,0.35,0
Happens to me sometimes too in certain scenarios. Its frustrating especially when you're banking on it deflecting something.,annoyance,-0.5,0.4,1
WHAT THE HELL?!?!?!?,anger,-0.8,0.8,1
20 cents we use to pay in our small takeaway shop wtf are you talking about,anger,-0.8,0.8,1
This is the best Cowboy Story Arch.,admiration,0.7,0.4,0
Anything yet?,neutral,0.0,0.0,0
"[NAME]? Didnt have have lots of problems with injuries. He seems to be doing fine now, scoring and all.. But why him?",confusion,-0.2,0.4,1
"Even if he plays bottom pairing, his hockey IQ should help the team. At least, that's my hope!",optimism,0.75,0.5,0
You gotta be a fucking idiot to use a regualr wooden pallet for a bale. Blue or Red pallets only,annoyance,-0.5,0.4,1
"Armenian elves are known for their thick skin and mouth-breathing. This one seems stoned, I’d stay away from it.",neutral,0.0,0.0,0
I am always hungry. I do not know fullness. No matter how much I eat.,confusion,-0.2,0.4,1
"Looks wise you sound dateable but no, I wouldn't date you, because you seem to have an overemphasis on appearance",disapproval,-0.55,0.3,1
What a heartless person lol,amusement,0.8,0.5,0
"They are dangerous AF. I had a student faceplant and break her face, and my daughter's friend hit his head and is in a coma.",fear,-0.8,0.85,1
"Wah Mum other people call me on my bullshit and I can't ban them , Go out side son.",anger,-0.8,0.8,1
"You are the worst kind of person, but i love it",love,0.9,0.6,0
I'd let him destroy me with facts and knowledge 😩😩😩,neutral,0.0,0.0,0
I'm shaking in my boots,neutral,0.0,0.0,0
I guess Metric is old enough now for one of their songs to be Grey’s title. Huh.,neutral,0.0,0.0,0
Now figure out how to grow bunches like that.,neutral,0.0,0.0,0
"""That's impossible."" ""It's necessary."" If they were aiming to make a [NAME] a steely-eyed missile man, they succeeded. ",disapproval,-0.55,0.3,1
[NAME] finally getting WCW going I see..,approval,0.6,0.2,0
"[NAME], WHY?!?",neutral,0.0,0.0,0
Exactly why my money goes to more guns and ammo.,neutral,0.0,0.0,0
Wait till I show up in threads and start saying opposites just to trick you.,neutral,0.0,0.0,0
im so sorry you had to go trougth that. it's a shame people are so stupid to deny someone the attention they need becouse their gender.,remorse,-0.7,-0.1,2
"Project Exile worked pretty well, and it specifically targets criminals",admiration,0.7,0.4,0
That’s so incredibly rude and inaccurate. You can’t actually believe that.,annoyance,-0.5,0.4,1
I’m still waiting for a sick dunk from [NAME],neutral,0.0,0.0,0
"Really curious to know how you know what people are going to think in 500 years, you ass.",curiosity,0.4,0.6,0
I am so proud of this community.,pride,0.7,0.55,0
"I don't disagree, but if he's open he's gonna shoot",neutral,0.0,0.0,0
The temperature is too damn low.,annoyance,-0.5,0.4,1
Have fun insulting me then. I have fun building and using BSV Insults are too low for me to participate. Sorry,amusement,0.8,0.5,0
[NAME] is decent? Dude he was drafted 3rd overall he's been a massive disappointment,disappointment,-0.65,-0.2,2
[NAME] unborn grandchildren disliked that.,disapproval,-0.55,0.3,1
fellow trans guy with an nmom. i know what youre going through. it absolutely sucks. im sorry man. my PMs are open.,remorse,-0.7,-0.1,2
"I don't see sedimentation layers, but that could just be the picture quality. I'm going to guess this is likely just a chunk of granite.",optimism,0.75,0.5,0
My love for [NAME] has nothing to do with his Blackpool performance,love,0.9,0.6,0
Bless your heart. Mine hit me at Thanksgiving. I’m so sorry.,remorse,-0.7,-0.1,2
I think it could get pretty boring,optimism,0.75,0.5,0
"Thank you, agreed. ",approval,0.6,0.2,0
"We don't. That is exclusively a leftist thing, and you know it. ",disapproval,-0.55,0.3,1
We’re not upset. We’re disgusted. You’re disgusting.,disgust,-0.8,0.45,1
"It's almost like they actually prepared to govern instead of just obstruct. Remember ""Repeal **and replace**""?",curiosity,0.4,0.6,0
I want it. It's so cute,desire,0.6,0.7,0
"yes they do, and I am glad that you were able to change hers. ",joy,0.9,0.7,0
The fuck is a fortnight? Like the game?,neutral,0.0,0.0,0
Georgia is $5.25?! Wtf? We don’t live in 1990!,anger,-0.8,0.8,1
Very reassuring. Thank you for the effort you took to escalate this with cc and posting their detailed response. Appreciate it!!,gratitude,0.85,0.35,0
"No passes on skin color or class, yeah right thats why [NAME] is a supreme court justice right ??? ",neutral,0.0,0.0,0
Yikes. I feel sorry for the team that gives him anything above 5.5,sadness,-0.8,-0.3,2
The treatment is a series of injections. I’ve had them. It’s not significantly more unpleasant than the flu vaccine.,disapproval,-0.55,0.3,1
"if you logged in that complicates things... i honestly still doubt they would really go after you, but technically they could if they wanted to.",confusion,-0.2,0.4,1
Those guys are on top 5 Levels.,neutral,0.0,0.0,0
I was expecting a fun game about dolphins once upon a time...mistakes were made.,joy,0.9,0.7,0
"Oh, so it isn't a term made up by antivaxers designed to be intentionally vague? I thought you said it was.",confusion,-0.2,0.4,1
Ha! Yup same-same! He was my first intimate relationship. I have had other drunk encounters but I don’t count them lol,amusement,0.8,0.5,0
i sense a cup hangover for the caps,realization,0.2,0.4,0
That glo up though. Omg 😍😍😍,surprise,0.15,0.8,0
"Think of his target audience. They’re the ones who are fooled by talkers, not thinkers.",neutral,0.0,0.0,0
Attempts [NAME] rant -> Proceeds to attack all of East-Asia,neutral,0.0,0.0,0
I feel bad for all those kids whose parents decided to homeschool them so they could be professional HOTS players without all that stupid learning getting in the way.,disappointment,-0.65,-0.2,2
"“Listen, buddy!” “Listen, fella!”",neutral,0.0,0.0,0
Same. I thought the lady was gonna cut their head/hand off by accident lol,neutral,0.0,0.0,0
Now I'm over thinking. Maybe I have justified it to be able to move on and get closure???,confusion,-0.2,0.4,1
Tag a friend who wakes up sexually horny,neutral,0.0,0.0,0
$20 paywall out $20 'starter pack' in — this would be great,admiration,0.7,0.4,0
I know the feeling,neutral,0.0,0.0,0
I'm 33 and every year I'm more sure I never want children. I am perfectly happy with my husband and our cats. ❤️,joy,0.9,0.7,0
"It might not feel like it right now, but you’ll give yourself more self-respect to find someone else. And a better life.",neutral,0.0,0.0,0
Not related to any of this but I love your tag next to your username xD,love,0.9,0.6,0
"If this gets put in a video, hi mom!",neutral,0.0,0.0,0
Yeah that’s what I heard on Univision deportes earlier. I hope he chooses Ajax rather than real Betis,optimism,0.75,0.5,0
I agree w that.,approval,0.6,0.2,0
[NAME] stop thinking too much and just do stuff like that,neutral,0.0,0.0,0
That sex doesn't exist and we're all just pretending for his benefit...,disapproval,-0.55,0.3,1
> Crown Four Kingdoms thank you man :),gratitude,0.85,0.35,0
Nah eats the heads when he’s finished with them. I punt them so I can buy fresh meat.,neutral,0.0,0.0,0
But it looks so fluffy,love,0.9,0.6,0
The thought of him having to schedule me in really turns me off and makes me sad. Has the reduced gaming time helped with intimacy in any way?,sadness,-0.8,-0.3,2
That's the biggest annoyance I have with this sub the past year; how little people value [NAME]. I don't get it.,annoyance,-0.5,0.4,1
"Life is precious? Then how come you shot [NAME], huh?",curiosity,0.4,0.6,0
Can you read? It says right there the tweeter’s husband got out to help the woman and ask if she was okay,neutral,0.0,0.0,0
Pretty fuking sure exit scam..,annoyance,-0.5,0.4,1
Im 13 I can't get a job..,disappointment,-0.65,-0.2,2
Crackly bois.,neutral,0.0,0.0,0
Where about sis this it’s gorgeous. I’d love to have a piece of property with a creek. That’s my dream.,admiration,0.7,0.4,0
"I dont think anyone said it would make the game better, it won't, but it certainly won't make the game any worse either ",disapproval,-0.55,0.3,1
Damn so the Patriots are gonna get thielen after all,neutral,0.0,0.0,0
"Wow, what a find. The store actually began clapping",surprise,0.15,0.8,0
This is amazing.,admiration,0.7,0.4,0
"I'm expressing my distaste at the absurdity of being an internet outrage hero and hypocritical selective outrage, especially in an area such as black music.",neutral,0.0,0.0,0
Bet Highland Council are sorry they sold their bunker last year.,remorse,-0.7,-0.1,2
"I wish someone would just run [NAME] or [NAME] open ice, it would be worth the penalty ",desire,0.6,0.7,0
"That's fair. Seems pretty lefty heavy, though.",approval,0.6,0.2,0
THANK [NAME],gratitude,0.85,0.35,0
I would vote no to a United Ireland because the Republic doesn't have a free health service and no free prescriptions,disapproval,-0.55,0.3,1
Who ate the Carolina Reaper? Lol I’d prob be using that lid to knock myself out from the heat,amusement,0.8,0.5,0
WE AINT NO RACISTS. EVERYONE CAN BE HATED EQUALLY.,neutral,0.0,0.0,0
oh my [NAME]. it was hurting my brain. i only saw the disappearing boot and thought i was missing something.,sadness,-0.8,-0.3,2
So now we have [NAME] King and The Prince. Nice. I'm not even mad with this transfer lol,amusement,0.8,0.5,0
Why are you so salty? Who hurt you?,curiosity,0.4,0.6,0
That's actually legitimately hilarious. I'm going to have to start following this [NAME] fella,amusement,0.8,0.5,0
I like where you’re going with this....,neutral,0.0,0.0,0
No haha but this is our first day on Reddit!,joy,0.9,0.7,0
Good thing there’s someone sensible in the Whitehouse.,neutral,0.0,0.0,0
"Its not too late for you either, it'd never too late! Please, leave the bad behind and go chase your dreams! You deserve it!",caring,0.75,0.3,0
Sucks dude. For social creatures we're pretty inept at socialising and helping each other.,sadness,-0.8,-0.3,2
The weirdest part of this is how good he is at singing,admiration,0.7,0.4,0
"Yes indeed, the “just a joke, bro” ship sailed long ago. ",amusement,0.8,0.5,0
That cowboy was pretty deft,admiration,0.7,0.4,0
This really comforted me. Like genuinely. Thank you so much. You seem like a truly amazing person.,gratitude,0.85,0.35,0
lol You could have saved even more time by not making a douche comment,amusement,0.8,0.5,0
"[NAME] is not our biggest need. [NAME] would be a waste for us. [NAME] is a maybe to me, but [NAME] could be beastly.",realization,0.2,0.4,0
Such a great actor because he can play so many different roles! Loved his character in Banderstach,love,0.9,0.6,0
His bits were filmed in June.,neutral,0.0,0.0,0
"I think they're seasonal? I'm not sure, I don't buy squash so I just go by our PLU book",neutral,0.0,0.0,0
"At the very least it is an emotional affair or the beginnings of one, with less than truthful explanations.",annoyance,-0.5,0.4,1
"I will always have faith in [NAME], he can be a factor even if his shot is not falling.",approval,0.6,0.2,0
I love how this sub is gender less,love,0.9,0.6,0
lmao and I thought I was the only one,amusement,0.8,0.5,0
"Cheers, I live minutes away from you, will check it out some time soon.",joy,0.9,0.7,0
Thank you for not making a cake day shit post,gratitude,0.85,0.35,0
It's not as if she was my supervisor at bestbuy lol.,amusement,0.8,0.5,0
Well regardless if I don't completely agree with your weights and measures of people. Thanks your input,gratitude,0.85,0.35,0
Peel the avocado...,neutral,0.0,0.0,0
You're right. I read that tweet and I think it dislodged from my brain because it just assumed nobody would argue something that utterly stupid.,approval,0.6,0.2,0
"Don't be mad, life is too short!",neutral,0.0,0.0,0
...... mmmm unforbidden ham,neutral,0.0,0.0,0
Yes he is. Cling to your safety blanket for now cause momma [NAME] is about to snatch it from you.,approval,0.6,0.2,0
[NAME] speed!,admiration,0.7,0.4,0
"#THEY DON'T VOTE IN FEDERAL ELECTIONS, JUST LOCAL ONES *Takes a deep breath*",relief,0.7,-0.2,3
Half the cars I see in Florida seem to be allowed to drive at night without any lights. I don't get how they get away with it.,neutral,0.0,0.0,0
I honestly don’t remember anything about AS3 it’s all a blur after the bitcholer,neutral,0.0,0.0,0
So you just don't believe we should have non-profit organizations. I guess that's consistent at least.,optimism,0.75,0.5,0
"And yet [NAME] can't even get a pub gig, homeboy was born the wrong colour",annoyance,-0.5,0.4,1
The emojis in the background. Wtf lmao,neutral,0.0,0.0,0
"And that is exactly why I never got that shit done, even though it interests me greatly. ",approval,0.6,0.2,0
This article wasn’t much better. The errors begin in the sixth paragraph. Thanks for sharing though!,disapproval,-0.55,0.3,1
"They only traded to 3 and they had 2 seconds last year to trade, plus this year's 2nd. It is impossible ",neutral,0.0,0.0,0
Thank you sound engineer for confirming that LOUD NOISE = FUNNY /s of course... thank you for your service.,gratitude,0.85,0.35,0
"Give me an example of the discussions they are silencing with words like ""racist"" ""sexist"" and ""homophobe""",neutral,0.0,0.0,0
We don't deserve sex with dogs.,disapproval,-0.55,0.3,1
Well she’s still kind of awful but she’s hilarious. Definitely a huge improvement. I could barely watch her!!,disgust,-0.8,0.45,1
[NAME] I still love my [NAME] family too,love,0.9,0.6,0
"Paraphrasing: I saw [NAME]. No, wait. It was [NAME] and [NAME]. That's the ticket.",neutral,0.0,0.0,0
“Try this new food” “No way you sociopath!!”,disapproval,-0.55,0.3,1
I dislike the shade he’s been throwing to our franchise and his inability to take responsibility for the reasons why he was traded,disapproval,-0.55,0.3,1
It doesn't really matter because since BF came out on console it's slowly become shit. :),grief,-0.9,-0.1,2
[NAME] as family!?!?! I NEED TO KNOW MORE.,neutral,0.0,0.0,0
I like this post a lot.,love,0.9,0.6,0
"Chugging hot sauce is for retards, not for serious chefs.",neutral,0.0,0.0,0
"Going through a divorce right now. Her saying ""I love you and maybe we should go to counseling"" would make me more than happy.",love,0.9,0.6,0
Been living in US for 4 months. Saying obesity is out of hand would be an understatement.,neutral,0.0,0.0,0
"What’s crazy is when [NAME] came back [NAME] played him down the stretch instead of [NAME], [NAME] seems fed up with [NAME]. ",surprise,0.15,0.8,0
so true cuz i’m pretty miserable but my instagram life looks amazing,amusement,0.8,0.5,0
Imagine thinking the government only pursues one file at a time.,neutral,0.0,0.0,0
Nut! Keep your eyes of my hay!,neutral,0.0,0.0,0
Have you been to one before? If so what is your experience with it? I’m nervous as hell,nervousness,-0.45,0.75,1
"If you don't believe the government has the power to restrict things, you're not a liberal, you're an anarchist or a libertarian.",neutral,0.0,0.0,0
"Haha, my apologies!",amusement,0.8,0.5,0
Needed this going through the same thing 4ight now and this definatley will keep me going !,neutral,0.0,0.0,0
And the healthy snacks are on their way!,excitement,0.8,0.9,0
He did not cheat on you. He ended it with that other woman before committing to you.,neutral,0.0,0.0,0
"Yes, let’s start locking up people without any evidence that they did anything illegal. Definitely not an extremist POV.",neutral,0.0,0.0,0
That mustache looks like it smells.,disgust,-0.8,0.45,1
I wish I could buy one! So cute!!!,desire,0.6,0.7,0
1. I can hear this picture 2. Something about the innocence of this makes it not cringe to me,neutral,0.0,0.0,0
Injuries will not knock us out of the running.,neutral,0.0,0.0,0
An eye for a *dead*eye? I'm sorry...,remorse,-0.7,-0.1,2
Look at the quality of that animation on the spider legs. This goes to show that the Simpsons really used to go way beyond the call of duty,admiration,0.7,0.4,0
The humidity in Sydney is worse.,disgust,-0.8,0.45,1
When bear attacks kick him I'm the ball!,neutral,0.0,0.0,0
Hmm.. I means what's the point.. there's not gonna be much difference since both of em aren't doing good.,annoyance,-0.5,0.4,1
"Whatever you do, don’t try to use a bone to get it out. It’ll only make it worse.",neutral,0.0,0.0,0
"This movie, though simple but effective, shows how it is being jammed in your face is because it was just one police officer, chill.",admiration,0.7,0.4,0
"Hey man, it’s hard out here for a cat!",caring,0.75,0.3,0
Is that [NAME]?,confusion,-0.2,0.4,1
thanks for the tip. i haven’t been there except for specific shows. i’ll check it out.,gratitude,0.85,0.35,0
I just hope [NAME] gets hired,optimism,0.75,0.5,0
"I remember when two captured ISIS members were discovered to have ordered a book called ""[RELIGION] for dummies"" from Amazon.",neutral,0.0,0.0,0
"[NAME], I love hearing them click in the water. The sound of a healthy ecosystem.",love,0.9,0.6,0
it was audrey! I painted this painting 10 years ago. today I took it off my sisters wall and decided to give her a make over,neutral,0.0,0.0,0
"But, oh boy, they can try.",neutral,0.0,0.0,0
Pleasure to meet you brother,gratitude,0.85,0.35,0
Dammit!!!,annoyance,-0.5,0.4,1
Old man yells at cloud,neutral,0.0,0.0,0
Pure asshole.,annoyance,-0.5,0.4,1
But what is with that shirt?,curiosity,0.4,0.6,0
Probably wouldn't hurt to delete this post and pretend it never was posted.,neutral,0.0,0.0,0
"have a talk with her to see if she likes you and if you're going to ask her out go for it, ask her in person. ",neutral,0.0,0.0,0
But how can someone not be gender critical and yet claim to be a radical feminist? I’m genuinely confused.,confusion,-0.2,0.4,1
"I'm cracking up at my desk now, thanks",gratitude,0.85,0.35,0
that speaks to my soul on a real level.,approval,0.6,0.2,0
"I love this, my wife told me about something she read on reddit yesterday and I was like.... well just like ol [NAME] here!!!",love,0.9,0.6,0
There should be a vigilante whose superpower is not having to stumble over to somebody after being injured.,neutral,0.0,0.0,0
12. He gets beat up by a total LOSER by the name of [NAME].,neutral,0.0,0.0,0
I'm in a DTLA highrise around floor 50 and at various times this week it has been nearly impossible to even see the ground.,neutral,0.0,0.0,0
How long were you broken up and how long together?,neutral,0.0,0.0,0
I don't even know what I'm going to do when the winter break ends. These posts are the sunshine of my life.,confusion,-0.2,0.4,1
I guess but i dont see them beating that,neutral,0.0,0.0,0
I can't believe he used the N-word.,surprise,0.15,0.8,0
"That sounds like something you would see in some fucked utopian society where if you had enough points you were ""*sent away*""",neutral,0.0,0.0,0
"Difference between city and rural. In Toronto, if you indicate there's no way anyone's going to let you in. Signals show weakness.",neutral,0.0,0.0,0
"The importance of believing in [NAME] and see, and sticking with them, when you realize they're good things ",neutral,0.0,0.0,0
It's better to say a moment like that could truly ignite her love for the game rather than putting a bit of a damper on it.,love,0.9,0.6,0
"Smell my cheese, you mother!!",neutral,0.0,0.0,0
Hey there [NAME] what's it like in new york city,neutral,0.0,0.0,0
"Filthy. Stay there, please.",disgust,-0.8,0.45,1
[NAME] is not a smart man. Giving a fraud a fucking card. Like wtf,anger,-0.8,0.8,1
It makes sense to me. I am a republican in that sense but hate the GOP for the most part.,disapproval,-0.55,0.3,1
"Great, glad to hear most socialists are hypocrites who ascribe supernatural outcomes to their ideology",admiration,0.7,0.4,0
My heart just melted.,love,0.9,0.6,0
Laughed right out loud 🤣,amusement,0.8,0.5,0
Probably. I am surprised Reddit doesn't just purge all right leaning subs.,surprise,0.15,0.8,0
Agreed. He always sounded like he was forcing to much air out of his lungs when he talked to try to have a more intimidating voice.,approval,0.6,0.2,0
Not to mention that the automation is meaningless if the economy that supports it has collapsed due to rampant poverty and unemployment.,neutral,0.0,0.0,0
Wow can relationships be like this? That's amazing,admiration,0.7,0.4,0
Wasn’t the black saber first seen in the Clone Wars? But otherwise all true.,curiosity,0.4,0.6,0
Learned something today :),neutral,0.0,0.0,0
"Hypothetically if [NAME] makes a run with foles and decides to trade wentz, I’d give up [NAME] in a heartbeat",disappointment,-0.65,-0.2,2
I bring great shame on my family with my poops. If only I had the will of dear god emperor [NAME] to halt my poops indefinitely like is able.,remorse,-0.7,-0.1,2
i love it when [NAME] injects himself with sassy serum 😊,love,0.9,0.6,0
Shut tf up. [NAME].,anger,-0.8,0.8,1
What are the issues you have been having?,neutral,0.0,0.0,0
You are welcome mr/ms [NAME],gratitude,0.85,0.35,0
">ageism Lol. Nobody's *discriminating against* these folks cuz they're teenagers. Settle it down, mate.",neutral,0.0,0.0,0
"I mean, I'm glad that we support human spaceflight and that there were ghosts in the courtroom?",admiration,0.7,0.4,0
"Thanks, I love salad.",gratitude,0.85,0.35,0
*scoff* maybe you can’t. /s,neutral,0.0,0.0,0
It’ll last until we win our 4th straight NBA Finals game,optimism,0.75,0.5,0
Anthem is a good 45 min from Scottsdale and the rush hour traffic is a nightmare.,fear,-0.8,0.85,1
Again. Spygate was legal.,approval,0.6,0.2,0
"Is calling bullshit allowed in this sub? Cause theres no way this happened as [NAME] described. People don't speak like that, even crazy ones. ",curiosity,0.4,0.6,0
"I love hunting/fishing. I’m on every day, too. Add me: [NAME]",love,0.9,0.6,0
"Right? Considering it’s such an important document, I should know the damned thing backwards and forwards... thanks again for the help!",gratitude,0.85,0.35,0
I... can’t tell if sarcasm; because literally all of those positions involve cynicism.,annoyance,-0.5,0.4,1
CHONK. WANT. FLUFFY.,neutral,0.0,0.0,0
I found it using Guide to Purposeful Success. Hope it can help you the way it helped me!,caring,0.75,0.3,0
Best year of my life tbh,admiration,0.7,0.4,0
Yeah really! Lol if you go like six months of the year withought it why start again?,amusement,0.8,0.5,0
Facts no fiction,neutral,0.0,0.0,0
Lol! Thanks. That cap would pop right off in there. Lol. Love it,love,0.9,0.6,0
Nit bad for a flip phone! That a T-Mobile circa 2008?,neutral,0.0,0.0,0
Some drown. Others look to the sky. I thought it was a blog.,realization,0.2,0.4,0
"Pls no, it's too cold outside to go hatless.",disapproval,-0.55,0.3,1
"look up hypersexuality, it's tied with BPD but not every pwBPD experiences it ",neutral,0.0,0.0,0
Pretty sure he's just quoting a song lyric lol source:,amusement,0.8,0.5,0
"If you leave religious pamphlets that look like money instead of a tip, *you're about* ***meet*** *[NAME]...*",neutral,0.0,0.0,0
are there any unique foods to houston? thanks!,gratitude,0.85,0.35,0
Why it's bad for a union rep to be siding with ownership in the middle of a contract dispute on Twitter of all places?,curiosity,0.4,0.6,0
2 warm days and we all lose our minds? :),neutral,0.0,0.0,0
"Just the best WR in the league retweeting the best TE in the league, nothing to see here....",admiration,0.7,0.4,0
Get the hell out of here with that fiscal sensibility and care for other human beings!,anger,-0.8,0.8,1
Likely frostbite advisory weather.,neutral,0.0,0.0,0
After the car already cleared them. Watch again.,neutral,0.0,0.0,0
"As a guy who plays bastion when the situation appropriately calls for it; thanks, I did not know this.",realization,0.2,0.4,0
I feel bad for that other little girl that was the only one not to get a puck,sadness,-0.8,-0.3,2
"great! Whats on your mind? Be open about it,",curiosity,0.4,0.6,0
You're way too involved in this. Take a break from the internet.,neutral,0.0,0.0,0
"Lol! Believe me I get it! Hell, even 11:00 might be pushing it ;-)",amusement,0.8,0.5,0
WHAT A SHIFT!!! Can't stop that zone.,confusion,-0.2,0.4,1
This will end well.,optimism,0.75,0.5,0
"I’m so sorry for your loss, I’ll drink a few extra for your fiancé",caring,0.75,0.3,0
"Fall of religion also plays a role. I'm not religious at all, but I understand how it brought people together as far as a community structure. ",neutral,0.0,0.0,0
"Fun fact that I learned not too long ago, [NAME] did the voice over for [NAME] during the “indeed” era of Kaientai ",neutral,0.0,0.0,0
"Please, you deserve life, you know it deep down inside ",approval,0.6,0.2,0
That awkward when,neutral,0.0,0.0,0
Opiates make me puke and so do babies. Where the science there? Babies are just nasty,disgust,-0.8,0.45,1
getting signed by a team just because youre a girl is advantageous what do you mean?,neutral,0.0,0.0,0
What a waste of plastic.,neutral,0.0,0.0,0
"lmao no. *assigned* female. Doctors can be wrong, especially wrt intersex children. The rest is just words to say things, not actually responding to anything.",neutral,0.0,0.0,0
hahahaha. Love it,amusement,0.8,0.5,0
"Read any [NAME] comic, he’s definitely super at tons of stuff.",admiration,0.7,0.4,0
Couldn't agree more.,disapproval,-0.55,0.3,1
...this magical creation I believe was called the ‘Cheezboiga’ pizza. Oh and that’s not hot sauce.. it’s ketchup.,neutral,0.0,0.0,0
"You're asking for scientific proof of spirituality. You're either very dumb, trolling, or you think I'm a charlatan.",annoyance,-0.5,0.4,1
Oh cool another manufactured awful [NAME] pushing untalented rapper. It’s getting more obvious as time goes by,disapproval,-0.55,0.3,1
Ah I set myself up for that one. Alright you win it does look cool.,approval,0.6,0.2,0
Claim taken roles,neutral,0.0,0.0,0
"I wish, then I wouldn't have had to pay full price for a switch and smash bros this xmas.",desire,0.6,0.7,0
I love converts. They willingly throw away their freedom for a prison cell. So cute,love,0.9,0.6,0
Here's an excerpt from Australian law that seeks to define hate,neutral,0.0,0.0,0
You just posted the same thing but made it worse.,annoyance,-0.5,0.4,1
"Well it gets the stupid people to eat tide pods, evolution needs a helping hand after shifting in the gene pool.",neutral,0.0,0.0,0
haha love it!,love,0.9,0.6,0
That's a great song,admiration,0.7,0.4,0
Great work brother!,admiration,0.7,0.4,0
"Ayy, the bottom one is mine!",neutral,0.0,0.0,0
Thank you very much.,gratitude,0.85,0.35,0
I have died so I know something you don’t.,neutral,0.0,0.0,0
"The unfortunate thing is that, right now, that **is** how it works in politics, it’s just been made extremely obvious the last few years. ",disappointment,-0.65,-0.2,2
When I was maybe 8 I discovered that I liked hot dog buns with just ketchup. I shortly discovered what heartburn was.,realization,0.2,0.4,0
*whistles innocently*,neutral,0.0,0.0,0
"Thanks, I’ll look into it ",gratitude,0.85,0.35,0
it's ironic you are identifying with the nazi character lol,amusement,0.8,0.5,0
"Once I saw who posted the video, I was certain I knew who it was, and I was right. Glad to see him back in action!",gratitude,0.85,0.35,0
I've always loved [NAME] just saying are we all forgetting he literally won rookie of the year I know it was against no competition but still.,love,0.9,0.6,0
I’m autistic and frankly this is disgusting. To say this about your child implies autism basically makes you worthless.,disgust,-0.8,0.45,1
Except for the part where [NAME] Millennial daughter is one of the big new heroes introduced in MKX...,neutral,0.0,0.0,0
How are they significant? Israel does these exercises all the time?,curiosity,0.4,0.6,0
"Eh, sorry, found it, not my ex, thank goodness! Apologies!!",remorse,-0.7,-0.1,2
"Oh dear, you are entertaining. Please, talk more to me. ",amusement,0.8,0.5,0
"Oh man, how about when they played We Will Rock You to seemingly coordinate the ""ref you suck"" cheer. The crowd was awesome last night.",joy,0.9,0.7,0
oh yeah? what if i can't read at all?,curiosity,0.4,0.6,0
Takeover was great but the spectacle of the rumble match itself makes it more interesting for me. Same with MITB and elimination chamber.,admiration,0.7,0.4,0
"My gut feeling ""what's wrong with his eyes?"" on the second date. Should have listened.",neutral,0.0,0.0,0
Kinda let down tbh,annoyance,-0.5,0.4,1
Excuse me?,curiosity,0.4,0.6,0
[NAME] is always late to meetings,annoyance,-0.5,0.4,1
"OK, I'll be glad to help you with your trip! ",joy,0.9,0.7,0
He’s always ready,neutral,0.0,0.0,0
"What a beautiful message - it's all about love, and I hope it sinks in to some of the COB people who might see it.",excitement,0.8,0.9,0
I work for the Hilton company I’m disgusted they would let this happen outside one of their hotels if they had any ounce of control.,disgust,-0.8,0.45,1
"Can't tell if sarcasm, or an irrelevant statement, but thanks, first thing to see venturing into reddit at 00:15, actually nice :o",gratitude,0.85,0.35,0
Policing The Police': How The Black Panthers Got Their Start,neutral,0.0,0.0,0
"Or you know, don’t use your phone during school.",neutral,0.0,0.0,0
Thanks for the love bro,gratitude,0.85,0.35,0
"Sure but Ireland chose to join the EEC, that was and is a policy decision.",approval,0.6,0.2,0
"Will be interesting to see what happens next, one thing for sure is [NAME] won't just fcuk off, you can't get rid of the woman",curiosity,0.4,0.6,0
It's pretty dangerous when the state decides which fictional deity is legitimate. For example the [NAME].....,fear,-0.8,0.85,1
"I think it's hilarious you guys think this will ""help"" [NAME] Yeah [NAME] was bad, but [NAME] didn't show very much either",amusement,0.8,0.5,0
"Yeah like feminism! Not at all artificially inflated with terrible facts, information and school systems.",approval,0.6,0.2,0
At least he is getting paid assuming that is a non us airport,neutral,0.0,0.0,0
If you like this than go watch My Self Reliance on YouTube. Start from the beginning. Very relaxing and fun.,approval,0.6,0.2,0
I'm excited!,excitement,0.8,0.9,0
I told her that same thing. She insisted that it was a possession,neutral,0.0,0.0,0
I certainly got what I asked for. Thanks. DI mixups are so cool.,gratitude,0.85,0.35,0
I’m afraid too. It’s the not knowing what will happen that scares me.,fear,-0.8,0.85,1
Because people want to have more than the absolute bare necessities for survival.,neutral,0.0,0.0,0
yeah fuck you too okay,anger,-0.8,0.8,1
"I wish [NAME] would debate [NAME], if he was alive :(. ",desire,0.6,0.7,0
The card game in Episode 2 is probably the happiest [NAME] has been in a while.,neutral,0.0,0.0,0
Fournier with at least one air ball a game,neutral,0.0,0.0,0
"The last time Russian military contractors met US forces, they lost 200 men and dozens of armored vehicles. Lmao.",amusement,0.8,0.5,0
I like this one,love,0.9,0.6,0
"Every airliner is fully pressurized, even the hold. There's no ""partially pressurized"" aircraft. They don't necessarily heat the cargo area though",neutral,0.0,0.0,0
"It’s always entertaining watching people in the background semi-dance, while being painfully aware that they’re on camera",joy,0.9,0.7,0
What does an endorsement really do though? Does it seem like a publicity stunt?,neutral,0.0,0.0,0
"It’s interesting, especially if you do it every single day, but I’m here for it.",admiration,0.7,0.4,0
How come nobody even reacted?,annoyance,-0.5,0.4,1
If he’s American...then he’s fucked,neutral,0.0,0.0,0
This looks amazing omg!!,admiration,0.7,0.4,0
my favourite singer ([NAME]) helped write one of the songs so i love it,admiration,0.7,0.4,0
"The stigma is justified. I dont care how you got it, it's still disgusting.",disgust,-0.8,0.45,1
That is a face i do not want to wake up to in the morning,disapproval,-0.55,0.3,1
Oh my god. You *actually* asked reddit first? Fucking hell.,neutral,0.0,0.0,0
Hopefully one day EA no longer has exclusive NFL rights...,optimism,0.75,0.5,0
A good response to most of the criticisms of millenials.,approval,0.6,0.2,0
It’s a bit much. Her outfit looks basic to me 🤷🏻‍♀️,neutral,0.0,0.0,0
They probably aren’t wrong. I’m sure many ppl diagnosed asd today used to get diagnosed agoraphobic borderline schizoid avoidant gad etc,neutral,0.0,0.0,0
You're saying it's depressing to see someone eating whilst other people are starving.,disappointment,-0.65,-0.2,2
No way dude. The Wilpons’ are so cheap that the Twitter guy is also the contract guy. (Was that a good Twitter impression?),disapproval,-0.55,0.3,1
OMG! I can only imagine. I've gotten it into a hang nail before and that was NOT fun.,surprise,0.15,0.8,0
"You know the answer man, you are programmed to capture those codes they send you, don’t avoid them!",approval,0.6,0.2,0
Seeing this kind of vulnerability makes me appreciate her music.,admiration,0.7,0.4,0
Neither is beating people up,neutral,0.0,0.0,0
"Anarchist to cop: ""Stop beating people!"" Cop: ""Stop imposing your morality on me, you lifestylist!""",neutral,0.0,0.0,0
So much lost diversity...,annoyance,-0.5,0.4,1
extra hot on whipped drinks? excuse me? i don’t want to burn my tongue on my CDL. extra hot on sauce-based beverages.,disapproval,-0.55,0.3,1
It was a stroller so no real harm done. Thanks for asking x,gratitude,0.85,0.35,0
The fact that entities go around violating rights is not an argument that we should keep them.,disapproval,-0.55,0.3,1
"Ha, that would be a novel experience. He'd better let me deal with it.",approval,0.6,0.2,0
tbh i would've guiltied but atleast they didnt lose an important TP,remorse,-0.7,-0.1,2
"I personally believe [NAME] is asexual, other characters in simillar situations all get hints toward homosexuality but I can't remember any for [NAME].",approval,0.6,0.2,0
That host's sense of superiority and childish sarcasm is so terrible that it physically hurts.,disgust,-0.8,0.45,1
I've been a libertarian on this sub since I joined reddit 3 years ago. This is either my first or second most commented sub,realization,0.2,0.4,0
"If someone asked me, “what truly stood out to you as a memory from this year,” my mind would be completely blank.",neutral,0.0,0.0,0
“ nice try”,admiration,0.7,0.4,0
Let's hope it means 12/12 for [NAME],optimism,0.75,0.5,0
Into what shit? I like her but Idk she’s hella confusing,annoyance,-0.5,0.4,1
"It's always been a dodgy road, proposals were put in ages ago",neutral,0.0,0.0,0
He overachieved my expectations this year. I hope he tops this years performance next year. Go Gmen!,optimism,0.75,0.5,0
"Go get some sleep buddy, it'll be alright.",caring,0.75,0.3,0
[NAME] just stopped getting the ball in the 4th quarter and stood in the corner,neutral,0.0,0.0,0
[NAME] is giving me the 2016 AO vibes... hope he doesn't get injured again,optimism,0.75,0.5,0
This is either beautiful..or just about the stupidest thing I've read in weeks. Here's hoping for fantastic satire!,admiration,0.7,0.4,0
Thanks. I’m not ok with the behavior I’m.just having a difficult time accepting what I must do.,gratitude,0.85,0.35,0
Yooooooou are the ooooooocean's gray waaaaaaaaves...,neutral,0.0,0.0,0
"I SAW THIS ORION IN HALF, AND WITH THE POWER OF SPEAR SPAM,,,,, :DDD",neutral,0.0,0.0,0
Thank [NAME].,gratitude,0.85,0.35,0
"Downvoting because of a lack of funny, regardless of your clumsy attempt to insinuate that my doing so means I'm thin skinned.",neutral,0.0,0.0,0
don't you want [NAME]?,curiosity,0.4,0.6,0
I really like the AussieBum jockstraps.,excitement,0.8,0.9,0
"Ehhh, it's an opinion, it's not wrong or right, just highly unpopular and ill-informed.",disapproval,-0.55,0.3,1
"My, my, what an active imagination you have! Have you considered a career writing Hollywood movie scripts! I think you have talent for that.",admiration,0.7,0.4,0
Because I've lost control of my life.,neutral,0.0,0.0,0
I care about me and my benefit.. No shits given about you (general you) . It's my job to vote my best interest,caring,0.75,0.3,0
They have great chemistry and it’s a cool dynamic but it can’t take over the entire show,admiration,0.7,0.4,0
"December 2003, would get one also :D would love to have it",love,0.9,0.6,0
This is horribly disgusting. It's worse than the god damn chicken wire.,disgust,-0.8,0.45,1
Treat yo self!,neutral,0.0,0.0,0
Really? Thanks for the correction.,gratitude,0.85,0.35,0
My block has about 40. East York residents got screwed by their 60s-70s predecessors.,neutral,0.0,0.0,0
You guys are well behind,approval,0.6,0.2,0
It would actually make me more comfortable if someone did that to me,approval,0.6,0.2,0
What is scary?,surprise,0.15,0.8,0
Check that rabid post history lol,amusement,0.8,0.5,0
Well thanks. Maybe if i make any money we can set royalties up.,gratitude,0.85,0.35,0
Passion is the best.,love,0.9,0.6,0
I'm beginning to think that ArcSys might be my favorite videogame company. They make such good fighting games.,admiration,0.7,0.4,0
This is probably the clearest and most concise explanation I've ever encountered for why authoritarian religions seem to focus on trivial behaviors. Thank you.,realization,0.2,0.4,0
I always worry about my facial expressions. You're not alone there.,caring,0.75,0.3,0
You can see his tooth bouncing off the pavement on the right after he falls. Brings a tear of joy to my eye 😅,joy,0.9,0.7,0
Great movie whose marketing did an awful job of preparing people for.,admiration,0.7,0.4,0
"I didn’t know [NAME] was a boxer, he can take a punch though!",surprise,0.15,0.8,0
"I’m a hitman. Joke. I’m a forensic science student. Really enjoy my course, but I’m changing to biomedicine. ",joy,0.9,0.7,0
>They will sell us the ropes and all that. Quoting a mass murderer who especially targeted democratic socialists on the subject of preparing mass murder...,neutral,0.0,0.0,0
wrong its because they know this is an orchestrated hit to stop [NAME] run what a joke,amusement,0.8,0.5,0
Hey vro!,neutral,0.0,0.0,0
I love this community. These mag fest memes have been so strong.,admiration,0.7,0.4,0
And no rails because we have a reasonably logic scense. And we cant sue nobody for our own dumb mistakes.,annoyance,-0.5,0.4,1
I feel the same way. I wasn't depressed when we lost.,neutral,0.0,0.0,0
"Lost my only grandfather two years ago to Alzheimer's, this is great news knowingly this disease sucks",grief,-0.9,-0.1,2
So you are an expert on the 5 year long climate patterns going back billions of years i take it.,approval,0.6,0.2,0
Devils Advocate - Didn't the cringe-worthy Nike ad end up benefitting them in the long run?,neutral,0.0,0.0,0
tell him i love him,love,0.9,0.6,0
"Also in response to /u/hyunL. There was. Among other things such as vocally wanting rape to be legalized, ""breeding"" farms, among other things. ",neutral,0.0,0.0,0
"The butcher seems to bug out, and not pay you, after around 3 horseback pelts, anyway.",neutral,0.0,0.0,0
But platonic cuddling is comfy (after making sure the consent stuff is a ok for all parties),approval,0.6,0.2,0
It’s very unlikely that they charged the rider again.,disappointment,-0.65,-0.2,2
It was magic.,neutral,0.0,0.0,0
Eastside Cafe was pretty pricey for what it was.,disapproval,-0.55,0.3,1
"This actually sounds like cyberpunk slang, I love it",love,0.9,0.6,0
Hell yeah o/,excitement,0.8,0.9,0
Thanks so much! I'll let you know how it goes when I get a chance to try it :),gratitude,0.85,0.35,0
Does us releasing him not affect this number at all?,confusion,-0.2,0.4,1
You keep turning it into all or nothing lol I said *less* bookshelves will be made if *more* bookshelves are reused,amusement,0.8,0.5,0
Dementia is in my family so this is pretty exciting. I also have to wonder if this bacteria could cause other kinds of mental illnesses..,surprise,0.15,0.8,0
This is so not aww.,disapproval,-0.55,0.3,1
Any other reasonably priced recommendation?,curiosity,0.4,0.6,0
Hey now I didn't flunk out of med school to be insulted like this!,annoyance,-0.5,0.4,1
"Funny part is, having financial issues is a reason why someone wouldn’t be able to get that job. Isn’t that hilarious?",amusement,0.8,0.5,0
it’s so weird to wear a blazer and khakis on a visit like that,disapproval,-0.55,0.3,1
This is good.,admiration,0.7,0.4,0
"As soon as he was about to jump I audibly let out a “dude, just don’t..”",caring,0.75,0.3,0
Is this the same person who pins their art to the streetposts by Taufer park? LOL I love it.,love,0.9,0.6,0
YOU KNOW HOW MUCH I SACRIFICED?,anger,-0.8,0.8,1
Someone obviously has not had a good experience with anal sex. But I appreciate your advice and sense of humor at least!,gratitude,0.85,0.35,0
How do you plan on taking care of 2 infants at the age of 18? What about the third one?,neutral,0.0,0.0,0
Lol it was worse for them last year,amusement,0.8,0.5,0
That was a fun conversation. I've seemed to have broke you into copy pasta.,amusement,0.8,0.5,0
"I'm pregnant! ""How dare you?!"" I love it.",anger,-0.8,0.8,1
Sounds exactly how it is - you don't want a relationship with this girl. It's pretty cut and dry.,neutral,0.0,0.0,0
>I was internally startled but tried to play it cool. Why?,curiosity,0.4,0.6,0
PS4 but thank you anyway,gratitude,0.85,0.35,0
who doesn’t know what an Ethernet port looks like lmao,amusement,0.8,0.5,0
They blew up my feelings :'(,disappointment,-0.65,-0.2,2
"Do people really use the phrase ""my kid is poorly"" to mean sick? The grammar in this post is really bothering me.",curiosity,0.4,0.6,0
"Yes dumbest person on all of Reddit, please make a youtube channel for all of us to laugh at.",amusement,0.8,0.5,0
Nice Sir !,admiration,0.7,0.4,0
I didnt really think about having a wife as an object until recently in a bout of frustration induced fantasy.,annoyance,-0.5,0.4,1
That's no trip. That's a hip check with flair.,disapproval,-0.55,0.3,1
That’s awesome! I’ve seen this video tons of times! It’s one of my favs,admiration,0.7,0.4,0
Or the damn Tremere.,neutral,0.0,0.0,0
dude - just get the hell outta CA ! there's plenty of other states without the immigration problem rampant in frickin california...,realization,0.2,0.4,0
Its probably just related to something she is dealing with. Stress/anxiety often causes nightmares. But there are plenty of potential,caring,0.75,0.3,0
You are disgusting.,disgust,-0.8,0.45,1
The myth is about selling shirts. Signing [NAME] opens up much more money making opportunities like commercials.,optimism,0.75,0.5,0
I’m at a loss for words,sadness,-0.8,-0.3,2
No. The Office wouldn't exist today due to liberalism and everyone being offended for everyone else.,disapproval,-0.55,0.3,1
I hate deer. Damn big assed rats,anger,-0.8,0.8,1
Shitpost from the uncultured,disgust,-0.8,0.45,1
"I hate this, and I hate you. But actually I love this, and only like you.",anger,-0.8,0.8,1
Thank you for your kind words! Your energy is contagious!,gratitude,0.85,0.35,0
Hell it was made clear when I was in High School 5 years ago that we aren't playing a game that's ' too violent ',disappointment,-0.65,-0.2,2
"Nah, I got married in Texas about 20 minutes after I got engaged. ",neutral,0.0,0.0,0
"Ok, will do man! Thanks. Edit: I forgot to mention I heard her asking one of my friends about me and it sounded like she definitely likes me ",gratitude,0.85,0.35,0
Oh man I actually ugly laughed out loud. This is awesome 😂,amusement,0.8,0.5,0
I get ya. If thinness was something I could buy I'd be flat broke by now,neutral,0.0,0.0,0
Don’t shove your “self control” in my face,neutral,0.0,0.0,0
it doesn't happen all the time,disapproval,-0.55,0.3,1
OMG. Indict this oligarch.,surprise,0.15,0.8,0
You are an awesome person,admiration,0.7,0.4,0
Maybne it dropped omg.,realization,0.2,0.4,0
"I had a monster panic attack myself--and also managed not to go clingy with it. I guess I should be proud, too!",pride,0.7,0.55,0
Thanks made feel a bit better,gratitude,0.85,0.35,0
[NAME] someone kick this dork,amusement,0.8,0.5,0
Especially from the media that literally hates these players.,anger,-0.8,0.8,1
"See a lawyer, there's more trouble coming from your ex... She likes free money And a accountant...",neutral,0.0,0.0,0
He’s not the character you’re looking for.,neutral,0.0,0.0,0
"There was an article about it in E news. I pray for everyone, no one is above that or below that. ",caring,0.75,0.3,0
Someone got carried away with the mii maker,neutral,0.0,0.0,0
this is awesome,admiration,0.7,0.4,0
"You need to tell her, and make sure she knows it’s not your kid. You went through with a dna test right?",curiosity,0.4,0.6,0
You're happy that survs DC when you play killer? I'd rather actually play the game. Legion mains are weird sometimes.,joy,0.9,0.7,0
"This was pretty interesting. Creative, disturbing and very original. I honestly thought Hereditary was pretty bad, but I enjoyed this. Thanks for sharing.",admiration,0.7,0.4,0
it's been like this for a couple hours now and still not fixed,annoyance,-0.5,0.4,1
Oh Lord...,neutral,0.0,0.0,0
"I don't necessarily hate them, but then again, I dislike it when people breed while knowing how harsh life is.",disapproval,-0.55,0.3,1
you are not capable of disputing self-evident facts.,disapproval,-0.55,0.3,1
"Is this really a bad thing? Even if you don't wanna lose your virginity yet, just cuddling is great.",admiration,0.7,0.4,0
You joke but people would believe it!,optimism,0.75,0.5,0
Whoooo...doggie! That’s some purty chili!,neutral,0.0,0.0,0
OH MY GOD TYLER THAT CENSORING,surprise,0.15,0.8,0
"Only time I teabag, my friend was getting moried at the exit gate and I teabagged him before I left",neutral,0.0,0.0,0
Damn. Is that what those shorts are supposed to look like on people!? 😂,annoyance,-0.5,0.4,1
Very frustrating. And totally the fault of your school’s systems for handling the issue. Sorry you have to deal with it.,annoyance,-0.5,0.4,1
Did the Bears corners really play that well or was their front 7 so dominant that it made them look better?,neutral,0.0,0.0,0
I can’t think of any at the moment but I just wanted to say I love [NAME] lol.,amusement,0.8,0.5,0
Damn how do you post something directly to the front page?,anger,-0.8,0.8,1
"I know, don't worry ;) ",caring,0.75,0.3,0
"That's just a bad close-out, gotta know [NAME] is bating for those.",neutral,0.0,0.0,0
"It's all good man, glad you shared it. Just felt I should defend my stance as well.",admiration,0.7,0.4,0
paahahaha cry more sweetheart,amusement,0.8,0.5,0
"[NAME] should be sticking that to the other side of the keeper, strange decision to go for that corner",disapproval,-0.55,0.3,1
How pretentious do you have to be to say “idk if you know who that is tho” after saying what your favourite band is,neutral,0.0,0.0,0
"Shit, with a full season of [NAME] on the docket? Yes please.",approval,0.6,0.2,0
Here come the Doterra Boss Babes to the rescue!,neutral,0.0,0.0,0
Just think of it as set in an alternate universe where America didn’t just take independence but went back to England and established their own colonies there.,neutral,0.0,0.0,0
"So funny, I just watched this one today and was struck by [NAME] in the height of his coked out glory. He is absolutely so gross. ",amusement,0.8,0.5,0
I had smoothies in the past with these packets. Solid as fuck. Dragonfruit one too.,disappointment,-0.65,-0.2,2
"yes i did, thanks for explaining",gratitude,0.85,0.35,0
"Yeah, because it’s soooo arduous to look at someone’s profile for five seconds. ",approval,0.6,0.2,0
"""My [NAME], protect the precious"" *HISSS* r/gamegrumps right now",neutral,0.0,0.0,0
That would be nice,desire,0.6,0.7,0
Orange man = bad,neutral,0.0,0.0,0
I think you should manage your hopes and expectations that you have about her. Start dating other people. Let her go,realization,0.2,0.4,0
"The OP is basically saying the sb is a product on a shelf with a price tag, stating her time and body are ""commodities "".",neutral,0.0,0.0,0
Same! I love to crochet and this just made me giggle.,amusement,0.8,0.5,0
I can only relate with first three pictures,neutral,0.0,0.0,0
Black Twitter has a higher IQ.,neutral,0.0,0.0,0
No shit. Stupidest idea having a safe place for junkies to get fucked up.,anger,-0.8,0.8,1
"Lol, this one’s great too!",amusement,0.8,0.5,0
That's not her. This is she is in the movie:,approval,0.6,0.2,0
Her communications director his now working for [NAME]. Get ready for some more cringe,neutral,0.0,0.0,0
[NAME] country is this entire world. I hate that saying.,annoyance,-0.5,0.4,1
"Dating [NAME] tends to wear you down, late 20s must’ve been rough",neutral,0.0,0.0,0
Maybe not the only one but he is our best shot.,admiration,0.7,0.4,0
"wE mODiFieD eiGHT viDEo CaRds tO fIt iN A SinGLe pciE sLoT /squeak Whoops, sorry, wrong [NAME].",remorse,-0.7,-0.1,2
I know eating and drinking soy products increases estrogen. Although I’ve heard having/consuming too much estrogen can lead to health problems.,realization,0.2,0.4,0
I started with : - Anatomy of the State by [NAME] - Economics in One Lesson by [NAME] - The Law by [NAME],neutral,0.0,0.0,0
It was a customary practice of prostitutes in the Arabian peninsula.,neutral,0.0,0.0,0
It doesn’t look like anything to me.,neutral,0.0,0.0,0
Yeah that zip code is like right by where I work... now I’m curious lol,curiosity,0.4,0.6,0
"The UK government's No Deal plan is basically to do exactly what they would do if the withdrawal agreement passes, with some caveats, I believe.",neutral,0.0,0.0,0
"And bigger than that. Her house, her rules.",neutral,0.0,0.0,0
Man they must really hate [NAME] out of position at SF. But let’s play [NAME] at SF that should work.,neutral,0.0,0.0,0
Real. I did it yesterday when there was a large spider trying to hitchhike in my car,neutral,0.0,0.0,0
"color me embarrassed"" I wonder what colour he'd be if she showed that text exchange to his missus. ",surprise,0.15,0.8,0
It took me forever to realize it was not in fact [NAME]....,realization,0.2,0.4,0
"""the unemployment rate is so low because everyone has two jobs"" - AOC , Economics 100",neutral,0.0,0.0,0
If you don’t think this can happen in the US your going to be the reason it does.,approval,0.6,0.2,0
no you should try again,neutral,0.0,0.0,0
How I met your mother with muscles,neutral,0.0,0.0,0
Don't forget he hired some voodoo person.,neutral,0.0,0.0,0
"It’s lunacy to think that [NAME] is an actual Russian agent, since there’s literally no evidence of this.",annoyance,-0.5,0.4,1
"Rather than having to guess at which part you consider a strawman, maybe you could just quote it for me. I may not always recognise fallacies.",neutral,0.0,0.0,0
Oh. You’re one of.... ^*those.*,neutral,0.0,0.0,0
"Don't play dumb we all know what you were implying, you racist nazi. ",disapproval,-0.55,0.3,1
"Okay, I see where you’re coming from. I guess I’m a RAW kind of guy so I tend to think that way.",neutral,0.0,0.0,0
I think the Sugar Bowl is enough. You'd basically guarantee a rematch most years in some fashion with a challenge like that.,neutral,0.0,0.0,0
dude i get that he was making a joke,approval,0.6,0.2,0
I drove off 170 onto 40 and was surprised by the lack of brakelights.... keep it closed haha,surprise,0.15,0.8,0
I agree...I just tell them the card is declined. It happens to everyone,approval,0.6,0.2,0
"Thank you for answering me, I did ask him Straight forward but he just told me is busy ",gratitude,0.85,0.35,0
"Convenience.' If that's your view of the issue, not much else to say.",annoyance,-0.5,0.4,1
u/1R0NYMAN is that you?,confusion,-0.2,0.4,1
I would normally give them the benefit of the doubt but they've really damned themselves today. Their hypocrisy is incredible.,neutral,0.0,0.0,0
You deserve it <3,admiration,0.7,0.4,0
"Not exactly starving though is it, so my point still stands.",neutral,0.0,0.0,0
I will help ol' [NAME] the right price,neutral,0.0,0.0,0
"Proof of age is reasonable, but having to prove identity to enter is just appalling.",neutral,0.0,0.0,0
Thanks for the laugh 😂😂,amusement,0.8,0.5,0
Funny how the whole rape thing just vanished once he was appointed.,annoyance,-0.5,0.4,1
It’s shit. It doesn’t let you see schedule information.,disapproval,-0.55,0.3,1
I'm not sure. There's some good youtube compilations of him.,neutral,0.0,0.0,0
"I immediately love your owner. Those guests sucked, but seriously your owner is awesome.",love,0.9,0.6,0
"I can't help but agree with the headline at the bottom, bright side (the YouTube channel) is annoying.",annoyance,-0.5,0.4,1
Good luck and my thoughts are with you.,optimism,0.75,0.5,0
> go build something. BCH devs are already building and improving a decentralized network! You should start doing the same!,realization,0.2,0.4,0
Now I hate the giants as much as the next but they're 4th in average attendance and percentage.,annoyance,-0.5,0.4,1
"Except [NAME] was actually extremely disruptive in college, and has some great film. [NAME] just doesn’t ..",neutral,0.0,0.0,0
Then it'll hurt more when I kick it in the balls.,sadness,-0.8,-0.3,2
You cant love this girl if she already has a GF whom she sounds like she loves. You'll just ruin a relationship,annoyance,-0.5,0.4,1
"Wait, I see the problem, you are changing the word observation to assumption, which I think you know is disingenuous.",disapproval,-0.55,0.3,1
you’re beautiful,admiration,0.7,0.4,0
It's an absurdly racist phrase that these anti-racist activists are very comfortable using for some reason.,neutral,0.0,0.0,0
"No, you are saying that.",neutral,0.0,0.0,0
"I just call em like I see em, [NAME]",neutral,0.0,0.0,0
If he doesn’t play tomorrow then we should start worrying,neutral,0.0,0.0,0
> no child should go without needed medical care. Or adult.,neutral,0.0,0.0,0
[NAME] for sure,approval,0.6,0.2,0
"What if you're someone, like me, who believes that man made global warming is happening and think nuclear offers the best long term solution?",curiosity,0.4,0.6,0
Also a throwback to when [NAME] bathed.,neutral,0.0,0.0,0
"""I'm a lady! I do ladies things!"" He's a real life [NAME]!",neutral,0.0,0.0,0
Oy vey! Shut it down!,neutral,0.0,0.0,0
THANK YOU!!! I’ve been trying to figure out his name,gratitude,0.85,0.35,0
Only if I can get one with [NAME] on the back.,neutral,0.0,0.0,0
I know. Come to us [NAME] and be lulled to sleep by [NAME] and his soft Catalan/Norf London brogue,approval,0.6,0.2,0
They say this picture is magic. You see whatever your heart most desires.,admiration,0.7,0.4,0
I will lose my shit on you if you eat in my car. I don’t do it so why the fuck do you think you can?,anger,-0.8,0.8,1
Please elaborate on that story! Ive always been afraid of exactly this happening to me.,fear,-0.8,0.85,1
Doesn’t even fit the sub either,disapproval,-0.55,0.3,1
Seriously Creepy.,fear,-0.8,0.85,1
That canopy looks like it could take someones head off.,neutral,0.0,0.0,0
"You're being loyal to your mother, who's cheating, and betraying your dad, who's faithful. You might want to think about that.",annoyance,-0.5,0.4,1
Or maybe it was because the government can't collect the tax on it,confusion,-0.2,0.4,1
"Never knew that, explains why she was working so hard for the banks all this time.",neutral,0.0,0.0,0
"I mean, struggle enough, the ropes will become loose. You'll live, go to the police, and get in some kind of protection.",caring,0.75,0.3,0
"All they see is EA bad, this whole sub is coming full circle jerk now.",disapproval,-0.55,0.3,1
That's probably a good idea. Call them and see if they can help you.,caring,0.75,0.3,0
Shades of Akira / Ghost in the Shell!,neutral,0.0,0.0,0
That's literally the science of it.,neutral,0.0,0.0,0
His laptop lol,amusement,0.8,0.5,0
I'm so sorry. I hope things get better. 💗 I know emotional damage is rough.,optimism,0.75,0.5,0
Thank you for being the voice of reason in the calamity that is Walmart.,gratitude,0.85,0.35,0
I still play,approval,0.6,0.2,0
Only 7? Wow he's slacking. He must not have very faithful parishioners.,surprise,0.15,0.8,0
"ball just bounced up a bit as [NAME] hit it, unlucky. Need to test [NAME] more, he's really not that great",neutral,0.0,0.0,0
Shocking that a fat DnD kid is this self-important. Remarkable.,surprise,0.15,0.8,0
">All men cheat, you might as well get cheated on by a rich man! Kudos on the level of misanthropy. ",annoyance,-0.5,0.4,1
"My favorite is when he puts his name at the end of the sentence like this. It makes his comment seem so Eloquent! Best, [NAME]",approval,0.6,0.2,0
But you might not be special for them. You can't make someone love you.,love,0.9,0.6,0
"All right then, what’s your source?",curiosity,0.4,0.6,0
Idk but no it wasnt CHD,disapproval,-0.55,0.3,1
I’m gonna do lsd again in 2 weeks,neutral,0.0,0.0,0
"Well that's the cool part about ranting, it's to make me feel better, not you.",neutral,0.0,0.0,0
I am vuri disappointed in you. You gained turdy pounds tis munt. Scale dont lie,disappointment,-0.65,-0.2,2
The new stylish stadiums will look outdated in 15+ years. Standard stadiums will still look the same,neutral,0.0,0.0,0
Oh my [NAME] I forgot about that movie,disappointment,-0.65,-0.2,2
You should see him drain 3's,neutral,0.0,0.0,0
Is lab meat already available or are you guys referring to vegan burgers?,confusion,-0.2,0.4,1
"They're hoping that him being found guilty was the news item that mattered, and they can let him off easy now that the attention has died down.",neutral,0.0,0.0,0
Thanks [NAME]!,gratitude,0.85,0.35,0
Sorry ideologically yeah. I meant morally.,remorse,-0.7,-0.1,2
What a fucking bozo,anger,-0.8,0.8,1
I’ve always heard that the two people you *never* hook up with are exes and roommates. That’s the only bad sounding part of this.,sadness,-0.8,-0.3,2
Doubt Bucks would ever let hm go though,neutral,0.0,0.0,0
It's a strange decision that they scheduled this to conflict with the NFL playoffs in the United States.,confusion,-0.2,0.4,1
"Finally, we can put [NAME] down at the bottom like the EXP thief deserves.",relief,0.7,-0.2,3
What? You don't know what punishment is?,surprise,0.15,0.8,0
Follow the Colts strategy this year. Stack your O Line and protect the most important and best player on your team.,neutral,0.0,0.0,0
I kinda love it. Not sure what the theme of the party would be but... its cool.,joy,0.9,0.7,0
Love the hair,love,0.9,0.6,0
Wait theres rats!!!??? Im calling health and safty!,neutral,0.0,0.0,0
Nah man. I just changed my mind. I've gotten pms from here before lol.,approval,0.6,0.2,0
"no, mostly just spurred from mild boredom and thinking of the [NAME] future. Getting a gauge at the caliber of players chosen at #12.",neutral,0.0,0.0,0
So shocking a couple in their 20s in counseling isn’t going to work out.,surprise,0.15,0.8,0
"Didn't read all of it, read the relevant articles (165 for license simultaneity, and 56 for carryover sanctions) haha",amusement,0.8,0.5,0
My favourite moment of the game by my favourite player.,admiration,0.7,0.4,0
To Be Continued dot mp4,neutral,0.0,0.0,0
Thank you. Man I wanted to throw this fact in someones face for goodnesssake,gratitude,0.85,0.35,0
Feeling your pain. I was laid off due to our department closing the week after Thanksgiving. Good luck to you. Stay strong.,caring,0.75,0.3,0
[NAME] I love college football just because of these wild plays where coaches and players go all out to win it,love,0.9,0.6,0
This is exactly what I’ve been thinking!,approval,0.6,0.2,0
Meow-meow smiles upon all of this.,neutral,0.0,0.0,0
Gonna hang it in the grow tent for a few days with the lights off.,neutral,0.0,0.0,0
"Thanks :) I will still do the necklace, but probably just as a surprise gift.",gratitude,0.85,0.35,0
He should have become an Uber driver,approval,0.6,0.2,0
"That's a good idea, I'm going to have to make some room! Thank you. ",admiration,0.7,0.4,0
He does hate [NAME] though. And [NAME] gets promoted.,neutral,0.0,0.0,0
"Welp, my bad. Searched for ""new year"" and didn't see this so posted.",disappointment,-0.65,-0.2,2
He’s also talking about pushing [NAME] in front of a train. Kid needs the old bill coming around for a stern chat.,disapproval,-0.55,0.3,1
Honestly I thought it just meant any game where you couldn't choose Casual mode... which is everything pre-Awakening.,neutral,0.0,0.0,0
"Could also be the coil, my bet on that before the plug. Good luck.",gratitude,0.85,0.35,0
This looks unnaturally fake,disapproval,-0.55,0.3,1
"Omg, I'm so sorry. I'm sending you love. That's horrible. :/ Are you doing okay?",love,0.9,0.6,0
Yah a couple years been together for 7 total...we are in healthcare,neutral,0.0,0.0,0
"Damn, and he was wearing a helmet too.",annoyance,-0.5,0.4,1
A lot of girls who are hot don't want to date someone who can be more attractive than they are.,neutral,0.0,0.0,0
Yeah nice one dude,admiration,0.7,0.4,0
Are you saying you did not expect those bananas?,curiosity,0.4,0.6,0
Are we talking about [NAME] or [NAME]?,confusion,-0.2,0.4,1
I'm always down for pimple popping pupper pictures!,excitement,0.8,0.9,0
"...except it really IS ""maybe next year.""",neutral,0.0,0.0,0
Thanks for all these suggestions!,gratitude,0.85,0.35,0
I took it as a woke/edgy joke. Don't admit it was just a typo!!!,approval,0.6,0.2,0
What if a dealer decided to quit the business cold turkey and threw down his bag and left?,neutral,0.0,0.0,0
I'll add to this: be prepared to not get closure or questions answered. This is the hardest lesson I had with my break up.,realization,0.2,0.4,0
There are two kinds of people in this world. Those who extrapolate from incomplete data.,neutral,0.0,0.0,0
Make a great gag gift,admiration,0.7,0.4,0
This is like 4 years old from vine,neutral,0.0,0.0,0
"Then again, socialists have never been *particularly* averse to the odd spot of murder, have they?",neutral,0.0,0.0,0
Upvote for [NAME] by far my favorite player of all time. [NAME] has a top 10 hits just for himself gotta love the best part of hockey,neutral,0.0,0.0,0
lol too real,amusement,0.8,0.5,0
Because [NAME] is a man child who can’t stand up to his mother,disappointment,-0.65,-0.2,2
"Ty for introducing me to The Barberettes, friend! The taste is *superb*",gratitude,0.85,0.35,0
I too live in logan square and cant for life of me find it on this map,neutral,0.0,0.0,0
Does this remind anyone else of the Rublev USO17 QF? [NAME] is obviously further along than [NAME] but you can't argue against the results...,curiosity,0.4,0.6,0
I automatically love anyone who votes for best underrated boy [NAME].,love,0.9,0.6,0
I feel like I went out to get the pizzas and I came back to my apartment on fire.,realization,0.2,0.4,0
"Or you just say ""Sorry, this isn't working out"", and leave.",disapproval,-0.55,0.3,1
"Doesn't matter, you don't deserve an advantage over everyone else just because you have a disability. Edit: Lol, downvoted for stating a fact.",annoyance,-0.5,0.4,1
[NAME] as [NAME]: Be 1% Less Worse,neutral,0.0,0.0,0
"""A lot can change in 365 days. Hang in there.""",optimism,0.75,0.5,0
Thank you! I appreciate the support,gratitude,0.85,0.35,0
[NAME] makes me want to punch ugly pillows.,annoyance,-0.5,0.4,1
People who live in glass houses...... [NAME]. This punk has no right to smack.,neutral,0.0,0.0,0
"agreed, I am in a suburb, a HOA.....I love it here.",approval,0.6,0.2,0
You're good.,admiration,0.7,0.4,0
We're not really meant to be close friends and have sex with someone without feeling anything. You're defying nature by attempting to.,disapproval,-0.55,0.3,1
Maybe ask some neighbours if there have been any strange or noteworthy comings and goings during the day.,neutral,0.0,0.0,0
This!!!,neutral,0.0,0.0,0
"he can still be heard uttering ""I'm a huge fan"" alone in a dark room",neutral,0.0,0.0,0
Lol Well you don't know how many miscarriages occur,amusement,0.8,0.5,0
"/s, you forgot this.",neutral,0.0,0.0,0
Is that meat or veggies?,neutral,0.0,0.0,0
This comparison pic kills me! Stassi looks like a California Raisin!!,anger,-0.8,0.8,1
Just a heads up that’s not what neoliberalism is.,neutral,0.0,0.0,0
"So sorry, for your loss.",sadness,-0.8,-0.3,2
My Ping Pong Queen looks so happy! I cried lol,joy,0.9,0.7,0
Damnit! What song is that at the end!?!,curiosity,0.4,0.6,0
Omg I think I laughed way harder at this than I should have!! 🤣💍,amusement,0.8,0.5,0
"Halep just can’t handle Kanepi, #1 is about to be wide open",disappointment,-0.65,-0.2,2
"Upset? Edit. I didn't notice anybody bring it up but I hope it isn't rude to describe [NAME] being ""Yandere"".",optimism,0.75,0.5,0
Takes r us...you literally make me want to overdose on drugs. Like you’re that insufferable.,annoyance,-0.5,0.4,1
Vapenorth.ca is a great place to order the Dyna from.,admiration,0.7,0.4,0
"WE WERE WINNING UNTIL I STARTED WATCHING, I AM CURSED!",neutral,0.0,0.0,0
Yea but that doesnt mean he hates them /s,neutral,0.0,0.0,0
That’s exactly how my fanfiction goes,neutral,0.0,0.0,0
" thanks bot! You too man!......Soooooo, what does YOUR hair look like?....",gratitude,0.85,0.35,0
You care more about their actions in that case.,caring,0.75,0.3,0
That’s kind of the point of comment sections.,neutral,0.0,0.0,0
Yes she does! She is beautiful but has taken it much too far with the lip fillers and fake tan,neutral,0.0,0.0,0
Thank you very much for your time and advice! I’ll consider it greatly for the future!,gratitude,0.85,0.35,0
"I'm curious, too. ",curiosity,0.4,0.6,0
That [NAME] block on the [NAME] TD was awesome. He sealed the left side with authority.,admiration,0.7,0.4,0
...*rip everyone who didnt go to college and instead paid your way through a degree which is hopefully a net return*,optimism,0.75,0.5,0
I don’t know about shatting myself but I would have been _shocked_ for sure.,surprise,0.15,0.8,0
There isn’t a perk tree for strategy. Either illusion or maybe pickpocket... or sneak.,confusion,-0.2,0.4,1
Awh you're hurt,caring,0.75,0.3,0
"Alright, I'm all ears as to what the HUGE difference is.",approval,0.6,0.2,0
Unfortunately if they tried to parent they’d never listen or just hate them and run away. Pointless,annoyance,-0.5,0.4,1
"Ah, tis the coder life. Be glad you didn't accidentally wipe a database or something, haha.",amusement,0.8,0.5,0
"So far, so good",joy,0.9,0.7,0
Your welcome.,gratitude,0.85,0.35,0
It doesn't. It really doesn't. I just had a 2nd one a few weeks ago.,disapproval,-0.55,0.3,1
You still worrying about that is like a poor person hitting the lottery and still worrying about money. You hit the jackpot bro.,caring,0.75,0.3,0
[NAME] was speaking as a man you idiots.,annoyance,-0.5,0.4,1
Good luck with the interview!,caring,0.75,0.3,0
Lmao I love how no one replied to say you’re wrong but you had -1 upvotes,amusement,0.8,0.5,0
"Unhappy, I am.",sadness,-0.8,-0.3,2
sad to see [NAME] the man go but realy happy for [NAME]!!,sadness,-0.8,-0.3,2
Cant wait to see it buddy!,curiosity,0.4,0.6,0
Thank you so much . I'm really really really nervous.. I just want to cry.,nervousness,-0.45,0.75,1
my first thought was Superstar!,approval,0.6,0.2,0
I am a ethnic [NAME] and demand that normies get out! REEEEEE,neutral,0.0,0.0,0
[NAME] was almost all around higher rated going into the draft Hindsight is 20/20,neutral,0.0,0.0,0
Do you not see the blatant hypocrisy of this post?,neutral,0.0,0.0,0
Haha you have a cut on your face you must be the worst person who ever lived.,amusement,0.8,0.5,0
What age would that be?(I am not from the USA),curiosity,0.4,0.6,0
Please pass this. We will finally get the same thing we have in California before scotus.,neutral,0.0,0.0,0
Thank you for your kind words and understanding. You are right on many levels.,gratitude,0.85,0.35,0
I knew this was stupid when the shittastic music came on.,anger,-0.8,0.8,1
MORE OF THAT PLEASE NORMAN!!!,neutral,0.0,0.0,0
Who cares honestly.,annoyance,-0.5,0.4,1
So sorry for your loss.,remorse,-0.7,-0.1,2
"Anytime I've taken benzo beforecoke, it completely negates any coke feeling",neutral,0.0,0.0,0
Yo you guys look like the couple from that Episode advertisement,admiration,0.7,0.4,0
"(While I love this moment, she wasn’t a judge, she was an inspirational guest.)",admiration,0.7,0.4,0
"only Beijing? Forbidden City and national museum are great , $100 pre day would be enough to find a decent hotel.",admiration,0.7,0.4,0
Just googled him. Only thing is how do I get in contact with him.,confusion,-0.2,0.4,1
"I'm sure it was Leyou, the Chinese chicken farm company, that had shares, and not Tencent.",neutral,0.0,0.0,0
"I apologise for coming off as rude, the end comment was unnecessary and needlessly rude",anger,-0.8,0.8,1
"""This confession means nothing""",neutral,0.0,0.0,0
getting sucked in to a maneuver thurster or the primary ship screws are hell of away to go,annoyance,-0.5,0.4,1
I think you're probably a shite irl.,neutral,0.0,0.0,0
That sucks! Your lady giblets are NONE of her damn business. Does your BF at least try to curb her mouth?,annoyance,-0.5,0.4,1
Am I the only one who thinks these Instagram poses girls do are so freaking cheesy,confusion,-0.2,0.4,1
It feels oddly comforting and familiar that we suck at hockey again.,disgust,-0.8,0.45,1
"That’s awesome, what do you do if you don’t mind me asking?",admiration,0.7,0.4,0
Because you didnt add enough context,neutral,0.0,0.0,0
Yea it’s a bit creepy,disgust,-0.8,0.45,1
She’s his problem now.,neutral,0.0,0.0,0
I owe NOTHING and they take more than that every year ;),disappointment,-0.65,-0.2,2
Memorialising is fine but he is just spamming the sub,neutral,0.0,0.0,0
He absolutely loves it!!,love,0.9,0.6,0
Istn't there a trick about coating the metal with clear nail polish?,curiosity,0.4,0.6,0
"Wow that's a burden, I'm sorry.",sadness,-0.8,-0.3,2
I found [NAME]!! That took me way too long to spot the watermark lol. Good eye!!,amusement,0.8,0.5,0
nah.....anime is weird,disgust,-0.8,0.45,1
Blatant manipulation. Wow!! Who do we report that to?,surprise,0.15,0.8,0
Because I am stressed out and need to take my mind away from the source of stress. That's how my brain tricks me into it.,approval,0.6,0.2,0
Lets not meet with a panther. I seriously love this subreddit.,love,0.9,0.6,0
DOES NOT COMPUTE WITH MANAGEMENT ALGORITHM,neutral,0.0,0.0,0
"I need a do over!!!! At least I’m not the only one lol, solidarity ✌️",neutral,0.0,0.0,0
"On its own it looks really stupid, but it’s kinda cute all in the little pot",admiration,0.7,0.4,0
Chilling to think people can kick others under the rug and consider them burdens to do something like THIS,annoyance,-0.5,0.4,1
"Dude was posting about the score, as-in, “are you kidding me, we lost to the kings at home on a last second shot”",disappointment,-0.65,-0.2,2
acting confident is more suitable title lol,amusement,0.8,0.5,0
oof I hope he didn't break his arms landing like that,optimism,0.75,0.5,0
Do you mean addons exclusive to him? The instasaw bubba is pretty fucking good....,admiration,0.7,0.4,0
Next you're gonna tell me they didn't invent iron! The fuck?,anger,-0.8,0.8,1
It’s going to be a very long and exhausting election season. I just hope we make it though united.,optimism,0.75,0.5,0
"This is a real funny joke, [NAME].",joy,0.9,0.7,0
You must be new! it's TASM around these parts.,excitement,0.8,0.9,0
no u again,neutral,0.0,0.0,0
yeah it's not even a bad haircut,approval,0.6,0.2,0
"I loved the first single from BO so hopefully the entire album will be good. And has more effort into it than ""WHERE ARE THE JOKES""",desire,0.6,0.7,0
hope so! Gfinity3 at the copperbox was an incredible event/atmosphere,optimism,0.75,0.5,0
Shouldn’t really expect him to be doing well.. he’s a 3rd stringer playing 6man minutes,disapproval,-0.55,0.3,1
This would be a great meme format,admiration,0.7,0.4,0
This is a great photoshop! On a related note... retire [NAME] Number and Maybe [NAME] number..... oh and also fire Garpax,admiration,0.7,0.4,0
Horrific. Shameful.,annoyance,-0.5,0.4,1
This is my gift This is my curse,neutral,0.0,0.0,0
> Pokemon Go continues to be an excellent substitute Is it really though? I mean does Skorupi actually care about your needs?,neutral,0.0,0.0,0
"I guess ""hungasfuck"" or whatever is not doing gif recipe vids anymore lol",amusement,0.8,0.5,0
That is the plan!,neutral,0.0,0.0,0
The goodest boys are the hungriest.,admiration,0.7,0.4,0
Your same-gender partner,neutral,0.0,0.0,0
I just watched the video and I don’t think that was his sister.,realization,0.2,0.4,0
As a Dolphins fan this hurts me,disappointment,-0.65,-0.2,2
Didn't even realize that the Mazda was a competition. It's always a Camry and Accord.,realization,0.2,0.4,0
"Yeah I reckon. I inspected the property too, just forgot to check/ask until after. I'll pass out of principal haha",amusement,0.8,0.5,0
Does anyone know what the Free Slot might be used for? It confuses me a bit,confusion,-0.2,0.4,1
">intensive purposes I can't tell if you're meming or not, but it's ""intents and purposes""",neutral,0.0,0.0,0
"Oh, also forgot to add, LOTION! ALWAYS lotion afterwards. It only makes your skin smoother! ",realization,0.2,0.4,0
"His wife wears a burka too, lest her comely appearance detracts him from godly thoughts.",neutral,0.0,0.0,0
Grizzly bear is a type of brown bear.,neutral,0.0,0.0,0
"Masha'Allah that he performed this, yet I disagree in it being the most beautiful. ",disapproval,-0.55,0.3,1
"I'd be worried about the tone, not the content.",fear,-0.8,0.85,1
"As a strip club connoisseur, this is one of my biggest fears. ",fear,-0.8,0.85,1
Congrats on the IP shadowban my dude,gratitude,0.85,0.35,0
Thanks for the help!,gratitude,0.85,0.35,0
ya how dare anyone like live and breathe around you. another joy of life you must be in person,annoyance,-0.5,0.4,1
Are you really saying a leashed dog has the same potential to attack as a non leashed dog? Lmao.,neutral,0.0,0.0,0
This guy here,neutral,0.0,0.0,0
I assume the [NAME] announcement doesn't mean that his contract money comes off of the payroll?,neutral,0.0,0.0,0
"too cold hurts my teeth, so i just drink whatever comes out of my sink",realization,0.2,0.4,0
In my eyes 6 La Liga’s in a span of 18 years is just embarrassing,embarrassment,-0.55,0.45,1
He sounds amazing. Congratulations for finding that one!,admiration,0.7,0.4,0
Happy Cake Day Baby!!!❤️❤️❤️,love,0.9,0.6,0
Ozone Coffee near Old Street - Kiwi coffee shop; it’s great.,admiration,0.7,0.4,0
This guy looks like the real life [NAME],admiration,0.7,0.4,0
"There's ignite on the lane too, that's an upkeep kill on censor. I agree that horn into coup could have been a better play though.",approval,0.6,0.2,0
"glad to see youtubes ""family friendly"" robots have their priorities straight. ",joy,0.9,0.7,0
I can’t tell who you’re referring to.,confusion,-0.2,0.4,1
My mom used to throw tantrums in public. I wanted to crawl into a hole and die when she'd start.,neutral,0.0,0.0,0
I thought it was fairly common parents didn't let their young girls alone with boys or vice versa even though kids will do what they want.,realization,0.2,0.4,0
was the same with me for a couple of years before puberty.. i was frequently mistaken for an adult woman..,embarrassment,-0.55,0.45,1
Smoooootthhhhhhh!!,approval,0.6,0.2,0
Give her weed to make her asexual and want to have sex with you. Great [NAME] logic.,admiration,0.7,0.4,0
"No, it is full of sexually repressed, nice guy idiots like you",admiration,0.7,0.4,0
"Through mutual friends, and online forums. I find out most online shooters are more fun when playing in a party and able to chat.",realization,0.2,0.4,0
So true! I’ve always wondered why this is? I’m skinny as all hell and ppl tell me this all the time lol.,approval,0.6,0.2,0
I agree you need to plan ahead. But you can't build infrastructure that will be heavily under-utilised and drive you broke to make.,approval,0.6,0.2,0
My 2 favorites 🔥,love,0.9,0.6,0
Can we please just call out defense next year the Legion or Doom. The LOD just sounds incredible,admiration,0.7,0.4,0
She was cheating on you *during* the wedding? That's impressive.,curiosity,0.4,0.6,0
You'll like this then:,approval,0.6,0.2,0
Oh wow I genuinely thought this was funny can’t believe you copped it so hard,surprise,0.15,0.8,0
Not all seatbelts prevent you from hitting. source: shattered my kneecap and fucked up my legs on the dash of my Miata,neutral,0.0,0.0,0
Chills. I can’t wait. I’m sure [NAME] will get over this not being happy because they have bigger fish to fry.,disapproval,-0.55,0.3,1
Probably didn't notice the bicycles until last second and swerved to avoid them.,neutral,0.0,0.0,0
thank you!,gratitude,0.85,0.35,0
is [NAME] also running as democrat?,curiosity,0.4,0.6,0
I fucking wish,desire,0.6,0.7,0
Hugs. We put our sweet lady kitty to sleep one year ago tomorrow.,neutral,0.0,0.0,0
"This too. It’s about how much excess the wealthy have, not how they acquired it.",neutral,0.0,0.0,0
"When did they stick to those policies, sure the US isn't innocent, but fuck that? This hypocrisy is unbelievable, it's cringy FFS.",annoyance,-0.5,0.4,1
Because what you're doing is disgusting and an insult to humanity.,disgust,-0.8,0.45,1
Currently in chat right now BibleThump,neutral,0.0,0.0,0
[NAME] who voted for [NAME] I voted for sicko mode,neutral,0.0,0.0,0
Arguably. It is undefined.,disapproval,-0.55,0.3,1
Gmail logo is based on the red and white freemason man apron. Not surprised.,neutral,0.0,0.0,0
[NAME] probably knows him as the dude who brings him delicious chickens.,neutral,0.0,0.0,0
"Yeah, that was in Episode 1 i think when she came to free him after he got captured by [NAME]",neutral,0.0,0.0,0
I completely agree,approval,0.6,0.2,0
"Well then, I can't wait for you to prove me wrong but your throwaway comment isn't helpful.",neutral,0.0,0.0,0
Give spanish your best effort. Youll meet girls who speak english even if its pretty rudimentary. Dance and be confident,optimism,0.75,0.5,0
Oh no! People will be able to protect themselves!,surprise,0.15,0.8,0
People who don't rematch when it's 1 to 1.,neutral,0.0,0.0,0
More like thinks it's a pipe dream that isn't really worth talking about.,annoyance,-0.5,0.4,1
I try I do but I retreat to my bed every time because I can’t handle it,disappointment,-0.65,-0.2,2
"Sorry, I meant C",remorse,-0.7,-0.1,2
"i know, but it's a paper weight?",neutral,0.0,0.0,0
The savior!,admiration,0.7,0.4,0
[NAME] just got punched in the face,neutral,0.0,0.0,0
"Hmm, is there a ""buy drink"" feature on reddit? Lmao",amusement,0.8,0.5,0
Omg this made me laugh!,amusement,0.8,0.5,0
And let's all not forget the #1 cause of accidents is following too closely(tailgating).,neutral,0.0,0.0,0
No link sharing the pics? Mildly disappointed in reddit haha,amusement,0.8,0.5,0
Not everyone left of you is a lib. You're arrogant.,disapproval,-0.55,0.3,1
Check out my mémés. (That word is from japanese pop culture right?),curiosity,0.4,0.6,0
"[NAME], you are such a pretty girl. ",admiration,0.7,0.4,0
I was pointing out the irony of [NAME] comment.,neutral,0.0,0.0,0
"I stand corrected! But, if that's the case, who is the world's second most famous groundhog (assuming [NAME] remains #1)?",approval,0.6,0.2,0
Wtf is that,anger,-0.8,0.8,1
😂 Lmao your mom’s revenge is pro-level and I love it.,love,0.9,0.6,0
"Wow, nice article. It must have been very informative in 2011. here’s the 2018 update ",admiration,0.7,0.4,0
"Fortunately for you, Racist [NAME] anticipated this when he added, ""Let the past die, kill it if you have to...""",neutral,0.0,0.0,0
"That's a new one.... Wouldn't have lasted long in my room though, lol. ",amusement,0.8,0.5,0
"Not to mention the fact, that he's casually smoking a cigarette 3 inches away from an infant.",disapproval,-0.55,0.3,1
"Well I can feel it was mentally hard bringing myself to go full [NAME] and shit talking prior to the plate, but this is some cutting edge analysis.",nervousness,-0.45,0.75,1
That explains why you're wearing a dunce cap and your chair is in the corner.,neutral,0.0,0.0,0
haha! She is so creepy at times. What a great actress.,admiration,0.7,0.4,0
I would post on r/legaladvice to see if there is some way you could get back to your family and more importantly your cat!,caring,0.75,0.3,0
Really sad how often people don't go into the closest lane first and then change lanes when safe to do so.,sadness,-0.8,-0.3,2
"If you don't like it, you didn't have to comment. Just let people be happy.",joy,0.9,0.7,0
"Or wax your driveway, and the snow will slide right off without shoveling!",neutral,0.0,0.0,0
"Is there a customer service number? If so, what is it?",curiosity,0.4,0.6,0
“Game 7” Unfortunately we’ll never get there.,disappointment,-0.65,-0.2,2
"Wow, that's cool!",surprise,0.15,0.8,0
Thank god. The capitalists are the most virtuous among us.,gratitude,0.85,0.35,0
"People can't afford my products, i'm not selling anything. Issue for the producer to reduce price",annoyance,-0.5,0.4,1
I basically had no negative side effects. I did switch to IUD because I hated remembering to take a pill everyday. But no issues.,realization,0.2,0.4,0
Basically you are saying be [NAME]?,curiosity,0.4,0.6,0
Only £44m? Not enough.,disapproval,-0.55,0.3,1
[NAME] I wish that were me,desire,0.6,0.7,0
"This helped me put together some of my thoughts after watching last night, especially how vanilla and ineffective [NAME] looked. Thanks for taking the time to write this out",gratitude,0.85,0.35,0
With [NAME] ongoing back problems...I'll pass on seeing this lol,amusement,0.8,0.5,0
Mini sun because rain pouring on you constantly will ruin everything around you like electronics,caring,0.75,0.3,0
"Youtube ""glitch through anything red dead online"" and filter to show videos from the last week. 😊",neutral,0.0,0.0,0
I saw on article on the same day that a person testifying about youth level abuse also died in a car accident. Same day.,neutral,0.0,0.0,0
"After you, Mr. international street-shitter. ",neutral,0.0,0.0,0
"Oh no. Your poor friend, I hope she can move past it someday. That has to be such a hard burden to carry.",optimism,0.75,0.5,0
"Not the point, and also I'm sure this means raider can dodge gb it.",approval,0.6,0.2,0
Doesn't mean they're not feminists,neutral,0.0,0.0,0
The third floor isn't high enough. I'm also in dire need of a job and the stress is unreal.,neutral,0.0,0.0,0
"Nope, it’s what you said. If 17 isn’t a child then what are they?",annoyance,-0.5,0.4,1
User name says you are a scumbag [NAME]. I’m confused,confusion,-0.2,0.4,1
#On a rainy day I dont accept any doordash requests unless there is a minimum of $5 bonus,neutral,0.0,0.0,0
His takeover run out haha,amusement,0.8,0.5,0
"Ah my apologies xir, did not mean to offend",remorse,-0.7,-0.1,2
Three times a year? Where/what are you eating?,curiosity,0.4,0.6,0
"As a democrat, even I am afraid of a super majority. ",fear,-0.8,0.85,1
What the actual hell?,neutral,0.0,0.0,0
I support abortion,neutral,0.0,0.0,0
He was dead through the whole movie. Oh wait,surprise,0.15,0.8,0
I'LL MAKE SURE THAT YOU CAN NEVER POST ON REDDIT AGAIN! I AM THE ENBODIMENT LF r/iamverybadass,realization,0.2,0.4,0
The longer you look at this picture the less satisfying it gets,neutral,0.0,0.0,0
"Lol [NAME] ""He'll be sore in the morning""",amusement,0.8,0.5,0
[NAME] is watching this post in july 12th 2021?,neutral,0.0,0.0,0
"The film room crew think he'd be first qb, but top drafters don't need qb",neutral,0.0,0.0,0
There’s no such thing as the trauma Olympics. Try some empathy sometime.,neutral,0.0,0.0,0
The 2019 NRL promo ad is a wrap!!,neutral,0.0,0.0,0
OMG! I need to make these. This looks so good!,admiration,0.7,0.4,0
Who is going to guard [NAME]?,neutral,0.0,0.0,0
Our o-line was great outside of 2 games this year. My [NAME] did you even watch or pay attention to this team this year?,surprise,0.15,0.8,0
>The only person who said the CIBC cheques were not cashed is from Quadriga. I believe [NAME] said the same when interviewed for the coindesk article.,neutral,0.0,0.0,0
[NAME] is so damn good,admiration,0.7,0.4,0
Let her contact you if she wants. Don’t bug her. Time to move onward and upward!,neutral,0.0,0.0,0
Nelsinho!!,neutral,0.0,0.0,0
The Gillette commercial slandered men as being creatures of evil,disapproval,-0.55,0.3,1
Right? Don't want to get my hopes up for a rumor.,disapproval,-0.55,0.3,1
"I sorta love it? Except the legs, but the faces are cool as hell. ",neutral,0.0,0.0,0
Did they name Gen X after all the porn they consume?,curiosity,0.4,0.6,0
I'm honestly so pissed off for you. That whole situation is insane. Good luck moving on. No one deserves to be treated like that.,gratitude,0.85,0.35,0
Miz Cracker is the worst parts of Aquaria and Trixie. Unprofessional pettiness and shadiness of Aquaria and the slightly problematic and sometimes delusional humor of Trixie.,neutral,0.0,0.0,0
"Nice, I like it. A truly unusual pairing. ",admiration,0.7,0.4,0
That was just embarrassing. We should not be loosing here.,embarrassment,-0.55,0.45,1
"Nobody, thinks desi is offensive. Source : I am Indian. ",disapproval,-0.55,0.3,1
Cut the guy off and gave him a yes-no question. Which he exasperatedly answered. This is not the way to listen.,disapproval,-0.55,0.3,1
Really confused how every comment with more than 1 upvote says this isnt cringe and yet the post has 1.3k votes...?,confusion,-0.2,0.4,1
Good luck on your grad school applications! 💪,optimism,0.75,0.5,0
The Nashville Design is just a placeholder. The actual plans have yet to been finalized.,neutral,0.0,0.0,0
Yes! I just wish that the good would be gone. It’d be great if he had his Injustice 2 look,optimism,0.75,0.5,0
This is what happens when you don’t beat up the nerd enough,neutral,0.0,0.0,0
Oh my bad I starting typing before you posted it,annoyance,-0.5,0.4,1
He has a prog rock album.. its horrific,disgust,-0.8,0.45,1
I agree. I've been passively thinking that the left and right axis is irrelevant. Its north and south that divides,approval,0.6,0.2,0
You know damn well it is.,approval,0.6,0.2,0
Love this! I'll have to teach [NAME] about Grey Rocking.....and me too,love,0.9,0.6,0
"errrrrrrrrr that's pointless, and your Doctor I'm afraid is pointless as well.",fear,-0.8,0.85,1
"We've actually got scientists working on that. If you're 23 right now and healthy, you've got a fairly good chance of not dying.",neutral,0.0,0.0,0
I'm not sure that there ever was a meritocracy. I always thought it was more of a myth created to keep the peasants from revolting.,neutral,0.0,0.0,0
And here's quick exercise. Can you list five little things you're grateful for? Not big things...little things.,curiosity,0.4,0.6,0
Running with a gun and a sensor dart out makes me feel so cool.,joy,0.9,0.7,0
"Four, fawn. Or where the victim tries to place the attacker.",neutral,0.0,0.0,0
"You're a normie in loner's clothing. If you think that most of us haven't tried all of the above already, you're sorely mistaken.",neutral,0.0,0.0,0
I don't believe no one in your class thought of Mac or iPhone.,neutral,0.0,0.0,0
She is willing to betray her current BF she will be willing to betray you when shes with you. Red flag don't get back with her.,neutral,0.0,0.0,0
Damn. r/murderedbywords,annoyance,-0.5,0.4,1
This is the most Chicago music video I think I’ve ever seen and I love it. Classic song!,admiration,0.7,0.4,0
A big fat phony!!!,neutral,0.0,0.0,0
How delightful it is that it truly could apply to multiple moms,admiration,0.7,0.4,0
lol the zoomed in crotch on the right,amusement,0.8,0.5,0
So no resignation or impeachment. Bummer. Naive me had high hopes the great [NAME] wouldn't escape the noose this time.,optimism,0.75,0.5,0
"Headstand, not handstand. Gotta keep that spine in line.",neutral,0.0,0.0,0
"this, they will find a way. we screwed over my entire street for an hour when I got my new fridge..",optimism,0.75,0.5,0
Thank you so much!!! You are truly a lifesaver,gratitude,0.85,0.35,0
That does make sense. I just hate that it led to him dumping me over them.,annoyance,-0.5,0.4,1
Apparently Sim groomed a 14 year old girl.,neutral,0.0,0.0,0
I hear she eats babies on Sundays. (The rest of the week she goes easy and just punches puppies),disgust,-0.8,0.45,1
>backpfeifengesicht I'm doing my best to memorise this. I have a feeling it will come in handy.,optimism,0.75,0.5,0
"Yeah seriously! I saw the controller and I thought ""don't do it, don't do it!""",fear,-0.8,0.85,1
> edit: Sidenote they blatantly and obviously brigaded two other threads on this Of course they did.,neutral,0.0,0.0,0
Did [NAME] funnel money to any paramilitaries?,neutral,0.0,0.0,0
Yeah it’d be cool to pair a Young [NAME] with [NAME],excitement,0.8,0.9,0
"I hope they appreciate the fact someone is getting up earlier than them in order for this to all work. I appreciate you, and I'm unemployed.",admiration,0.7,0.4,0
How. Just how,curiosity,0.4,0.6,0
Lol why would anyone willingly go skew the curve against them you dumbmotherfucker.,annoyance,-0.5,0.4,1
I’m sorry you’re dealing with this too. But hopefully it helps to know you’re not alone...?,optimism,0.75,0.5,0
I want to be their friend,desire,0.6,0.7,0
Twisted pair is actually a type of cable. Fits into his weird relationship with communications technology.,neutral,0.0,0.0,0
"yeah, fuck [NAME]",anger,-0.8,0.8,1
I thought about it but I wanted a sub that didn't exist.,desire,0.6,0.7,0
YES! *-*,neutral,0.0,0.0,0
the rubber coming off is always a problem,neutral,0.0,0.0,0
Just made my first robocough purchase. Glad I used the website,joy,0.9,0.7,0
The first story in the history of humanity.,neutral,0.0,0.0,0
You’re going to love it. Wake up refreshed and ready,love,0.9,0.6,0
Yeah I just want the damn photos.,annoyance,-0.5,0.4,1
Thank goodness :D,gratitude,0.85,0.35,0
Not to be confused with the toughest guy in the streets of Harlem.,caring,0.75,0.3,0
Dodged some great cheese. I love their cheese.,love,0.9,0.6,0
That whole episode has some heartbreaking moments. It is probably my top Parks And Rec episode.,sadness,-0.8,-0.3,2
"Abso-goddamn-lutely. It’s the only thing I can think of that can make otherwise rational people defend rape, murder, genocide and slavery. ",annoyance,-0.5,0.4,1
"Happiest of birthdays, hope you can share it with the ones you love ",love,0.9,0.6,0
"Congrats, darling! That is a monumentally meaningful accomplishment. I'm both happy for and proud of you <3",excitement,0.8,0.9,0
"Or, do you organize when you're mind feels more structured? The old chicken or the egg question. ",neutral,0.0,0.0,0
"Me too, my sister and I thought we became idiots, we even googled shapes and their sides",approval,0.6,0.2,0
"That's freedom of speech for you. We have to give even the assholes a chance to talk, because the alternatives are worse.",anger,-0.8,0.8,1
"Emergency vehicle, lights on, no siren?",neutral,0.0,0.0,0
I have mixed states and rapid cycling too! Super fun,amusement,0.8,0.5,0
He didn't blow anything. She blew it with him. What a fun guy!,amusement,0.8,0.5,0
That was a sucker punch.,neutral,0.0,0.0,0
"[NAME] is the queen. The dispossessed is a great work of anarchist science fiction, and where I first came across anarchism portrayed positively.",neutral,0.0,0.0,0
Population control in russia,neutral,0.0,0.0,0
I would go to bed early and I would have nothing to do the 3-4 nights a week I play tennis lol,amusement,0.8,0.5,0
"Short, succinct, and perfect. It would be nice if the more of the world realized this simplicity of life.",realization,0.2,0.4,0
"Have you ever, you know, tried not reading something that pisses you off? Just downvote and move on.",neutral,0.0,0.0,0
3 weeks or so' away from her kid for some 'alone time'? I feel sorry for that kid.,remorse,-0.7,-0.1,2
I mean you're calling [NAME] a face... So...,neutral,0.0,0.0,0
"Well, when you look back in the history many hypes say a lot about humanity in general. That doesn't mean every person enjoyed the thing.",neutral,0.0,0.0,0
"Calling your own side the dark side, I knew there was a reason I fancied you.",desire,0.6,0.7,0
People who had theirs stolen or bought a base model with crappy wheels,neutral,0.0,0.0,0
Call it an ATATM (automatic teller ATM),neutral,0.0,0.0,0
I'm not giving more clicks for a video when the headline should be explained in the body of the Arte.,neutral,0.0,0.0,0
Saves me going out to buy toilet paper today,relief,0.7,-0.2,3
Taliban is the worst.,anger,-0.8,0.8,1
Apparently I'm ugly because I don't have 20 strangers a day coming up to me to tell me I'm attractive :(,disappointment,-0.65,-0.2,2
"Thank you too. I know this sounds like a circle jerk, but let’s kill them with kindness, lol.",amusement,0.8,0.5,0
"Hey, at least he finds women!",approval,0.6,0.2,0
Uhh..class 4 is unknown dental class after 13th month without exam or no initial exam. *sorry*,remorse,-0.7,-0.1,2
Probably left the crusts on ! Borderline abuse right there !,neutral,0.0,0.0,0
You can just watch the video. It's pretty instructive.,admiration,0.7,0.4,0
You're creepy,fear,-0.8,0.85,1
"You too! (FYI I accidentally initially replied in a new comment, in case you didn’t see my other reply)",surprise,0.15,0.8,0
Venezuela should be one of the wealthiest and influential countries in the world except their infrastructure and society is falling apart due to centrally planned economics and socialism.,approval,0.6,0.2,0
Great cover of my favorite song. I loved watching you slowly giving into the temptation to rock out to the rhythm.,admiration,0.7,0.4,0
"How can someone be so stupid to post that online, let alone publicly do that",annoyance,-0.5,0.4,1
"If wishes were horses, beggars would ride.",neutral,0.0,0.0,0
Why would he get upset? Your husband was the one who went to PreCana classes and knows that using contraception is a means for annulment.,curiosity,0.4,0.6,0
Two homes? In this economy?!,curiosity,0.4,0.6,0
EWWW yes. This makes me shudder. All wet and gross.,fear,-0.8,0.85,1
For fuck sake... just go and remind them it's the quiet train!,annoyance,-0.5,0.4,1
"Naw man that’s my stove, I just wish I had a carrot 🥕 for y’all",desire,0.6,0.7,0
But that sounds yummy.,joy,0.9,0.7,0
"[NAME]: ""I like being bad. It makes me happy.""",joy,0.9,0.7,0
Interest rates seem crazy low. It doesn't seem worth it to lend anything except DAI.,neutral,0.0,0.0,0
What the heck? $3 a month for 30 texts? That's ridiculous.,anger,-0.8,0.8,1
Rawr! (That means I love you in dinosaur!),love,0.9,0.6,0
You forgot about the [NAME] congresswoman.,anger,-0.8,0.8,1
This is the truest statement I’ve ever read about [NAME]. May he smile mercifully upon you.,approval,0.6,0.2,0
I mean going on a dating show when you have a girlfriend though,neutral,0.0,0.0,0
Or if you've hit the menopause. I guess sex amongst old people is an abomination too,neutral,0.0,0.0,0
That way you’ll get both food and laxative all in one. Sounds like a fair trade to me.,neutral,0.0,0.0,0
Actually I think they were saying on ETR that you have to use it or you lose it for expansion teams,neutral,0.0,0.0,0
Wow nice job. how long did it take? My Day is coming soon.,admiration,0.7,0.4,0
"Sure that makes a gal feel safe, the idea of being with three males with weapons in an abandoned building. How romantic! ",neutral,0.0,0.0,0
Me too thanks,gratitude,0.85,0.35,0
Her face looks like a damn frog to me - and the way she has one eye closed; an evil one eyed frog!,disgust,-0.8,0.45,1
Just Wow.,admiration,0.7,0.4,0
"Unfortunately, we do not routinely keep 20 liters of fentanyl in the pharmacy,",neutral,0.0,0.0,0
[NAME] at 2.38 against Moicano seems like excellent value for me,admiration,0.7,0.4,0
"Probably, but I'm also fairly certain it's easier for a [NAME] to get in than an [NAME] or a [NAME].",realization,0.2,0.4,0
"I got over 900 responses, so it is taking more time that I expected, hopefully will be done by this Sunday.",optimism,0.75,0.5,0
I would love to know why you think it's awful advice!,curiosity,0.4,0.6,0
"It's gonna be somewhere between 25-30 overall, who cares",approval,0.6,0.2,0
"Think I'm gonna get a chance radio, so I can talk to other car beds. ",neutral,0.0,0.0,0
Ok then youre leaving the enmey widow uncontested to kill your team. Genius.,admiration,0.7,0.4,0
"No, but when you're family sees, like, 12 books of it, it can certainly make things awkward.",embarrassment,-0.55,0.45,1
At least they have picked up some good humanist notions along the way.,approval,0.6,0.2,0
Because the sky is orange?,neutral,0.0,0.0,0
If only you had the same sentiment towards those who took over BTC and changed it off this course.,neutral,0.0,0.0,0
"Same, I always disliked his ""thuggish"" personality and popoffs on stream but he seems like a genuinely nice guy.",admiration,0.7,0.4,0
"Seems like the driver in the video car had plenty of time to react and slow down, they just chose not to and overreacted. ",confusion,-0.2,0.4,1
"Mine do honestly, but I try not to use mine much when I’m in public with people because that’s tacky.",neutral,0.0,0.0,0
He's not wrong though.,approval,0.6,0.2,0
I wanna have sex with him in my normal body to see what that's like.,desire,0.6,0.7,0
Tommy John is an amazing brand for comfort,admiration,0.7,0.4,0
Definitely not a misunderstanding if you read the articles Bloomberg posted.,approval,0.6,0.2,0
It's horrible and I love it and you should be proud.,love,0.9,0.6,0
[NAME] [NAME],neutral,0.0,0.0,0
I love how far some people stretch. I don’t think this fits the sub and now I’m a [NAME] that uses storefront. Nice.,love,0.9,0.6,0
I like you. No promo,love,0.9,0.6,0
"Scratch that, tickets go on sale February 7th.",neutral,0.0,0.0,0
"No, sadly it was from a different person, thankfully not the original poster though.",disappointment,-0.65,-0.2,2
"And he'll still be unimaginably rich after the fact, so this has gone so far into edge-case territory where the unfairness doesn't really matter",neutral,0.0,0.0,0
Op gets wooooshed,neutral,0.0,0.0,0
Everything in here I want but all we can do is pray to [NAME] for our wishes to come true,neutral,0.0,0.0,0
I would not bother. He read your message and did not reply yet. So that's already a bad sign and not a good start.,neutral,0.0,0.0,0
"In both points and fouls Edit: [NAME], looks like he didn't pick up that foul. Good news!",admiration,0.7,0.4,0
Uhh have they really concreted those phone boxes shut?,neutral,0.0,0.0,0
"Watch the movie ""The Big Short"". You'll love it. Promise.",love,0.9,0.6,0
> You're not in a Greek tragedy How sure are you of this?,neutral,0.0,0.0,0
¯_(ツ)_/¯ I think its cool.,neutral,0.0,0.0,0
"Color me surprised. Take your ""free"" care and like it, peon!",surprise,0.15,0.8,0
"...starts Jan 1. ""Published Jan 2"" Way to hit that breaking news.",neutral,0.0,0.0,0
"Of course he does lol. Not very often, but he definitely has to block from time to time. ",amusement,0.8,0.5,0
"Exactly, thank you. ",gratitude,0.85,0.35,0
"If they lightbulb doesn’t change then it’s racist, sexist, Nazi scum. Am democrat just playing along. ",anger,-0.8,0.8,1
I’ll buy every colourpop collab she does. Good formulas. I love supporting [NAME] and it’s AFFORDABLE. What more do u want? 😂,neutral,0.0,0.0,0
Buy YouTube Likes,neutral,0.0,0.0,0
Lethargy and depression both make me personally expect to not go through that later in life dilemma but kudos for finding the cure.,neutral,0.0,0.0,0
#I DID NOT HAVE SEXUAL RELATIONS WITH THAT WOMAN.,neutral,0.0,0.0,0
Marry her!,neutral,0.0,0.0,0
"Haha, love it! :)",amusement,0.8,0.5,0
"If we'd reintroduce wolves to bathrooms, coyotes wouldn't be a problem.",neutral,0.0,0.0,0
"[NAME]! He was just amazing, best contract ever, so sad when we lost him. ",grief,-0.9,-0.1,2
"I mean I'd rather have play him in the infield, but either way someone will get injured and [NAME] will play the infield.",neutral,0.0,0.0,0
Thanks for the advice,gratitude,0.85,0.35,0
"Hey, don't steal lmao",neutral,0.0,0.0,0
SAF is also in the list for Facebook. I triggered some people when I set my birthday fundraiser up.,neutral,0.0,0.0,0
aaand it's time for the refs to take over the game again,approval,0.6,0.2,0
I like how not remove other things for stupid stuff and this doesn’t get removed,admiration,0.7,0.4,0
From a 49 recently divorced. Thanks. Just boosted my ego. Lol.,gratitude,0.85,0.35,0
They absolutely dont know what love is.,disapproval,-0.55,0.3,1
I agree with the last statement but apparently I'm also bad at matching pokemon to rep :(,approval,0.6,0.2,0
That dress is made with industrial strength lycra/polyester and thread. I'm amazed it didn't blow up and kill innocent bystanders at the restaurant.,surprise,0.15,0.8,0
That's pretty gross. Unlucky OP.,disappointment,-0.65,-0.2,2
This is scary!,fear,-0.8,0.85,1
I watched that same movie. Very generic Christmas movie but I liked it,admiration,0.7,0.4,0
Nonsense. People are either the best or the worst. All of the time.,disapproval,-0.55,0.3,1
"Sorry, I live in the real world. Just because you don't like facts doesn't mean they don't exist.",remorse,-0.7,-0.1,2
>I hate [NAME] so much. Lol,annoyance,-0.5,0.4,1
It’s merch everyone calm down - she’s using the season 11 hype to get attention,neutral,0.0,0.0,0
That 0.75 is not for the same job. It's looking at the totality of female salary vs male salary.,disapproval,-0.55,0.3,1
Did you really just link a study about partner violence and then equate that to the entirety of violence? Holy shrimp.,curiosity,0.4,0.6,0
"Can you explain what you mean? I read this as you would allow someone to insult, emasculate and demean you. ",confusion,-0.2,0.4,1
"I felt that way last year and then the Patriots let me down, so best to take no chances.",realization,0.2,0.4,0
I can’t stop staring at the boobs,admiration,0.7,0.4,0
D'OH! Right in front of my face and I missed it,disappointment,-0.65,-0.2,2
"""[NAME]!"" *screeched the two apprentices as they tried to prove their worth to the the one who shall not be named*",neutral,0.0,0.0,0
We're ALL what's wrong with this country,annoyance,-0.5,0.4,1
Thanks for the input! I definitely want to check that out it looks beautiful Do you think a puffer jacket is necessary?,gratitude,0.85,0.35,0
"To prep or not to prep, that is thy question.",neutral,0.0,0.0,0
wow. how arrogant of him /s,annoyance,-0.5,0.4,1
That does not look appetizing,disapproval,-0.55,0.3,1
"~~macri gato~~ Also, nice to see Buthan there",joy,0.9,0.7,0
"But ""questioning"" overwhelming evidence presented with a comprehensive explanation without any sort of counterargument is perhaps better called *denying*.",neutral,0.0,0.0,0
I liked it...,admiration,0.7,0.4,0
That is so absolutely accurate I couldn’t say it better myself.,approval,0.6,0.2,0
"“Acktchyually, America is a democratic republi, not a democracy. That’s why giving some people five times the votes of others is ok.”",approval,0.6,0.2,0
"I like simplicity of the Jersey, but the logo stinks.",annoyance,-0.5,0.4,1
Idk but try r/bathswithdoors first for advice,caring,0.75,0.3,0
Lots of words and said nothing. Cheers.,neutral,0.0,0.0,0
If he wasn't diffusing the situation then why did he go in between the two groups?,confusion,-0.2,0.4,1
And get off the phone! Why are you browsing Reddit on a date!?!?!,curiosity,0.4,0.6,0
Dude what's wrong with you? 4 years in a secret relationship.. you shouldn't be in one of your not comfortable telling people,annoyance,-0.5,0.4,1
This just isn't true. It was before [NAME] prime.,disapproval,-0.55,0.3,1
"If the ball is past the receiver, they're fair game. The refs may have thought it was close enough live.",neutral,0.0,0.0,0
MDC!!!!!!!!!!!!,neutral,0.0,0.0,0
"Yes, risky. In fact don't click it at all.",disapproval,-0.55,0.3,1
Me fail English?! That's unpossible!,annoyance,-0.5,0.4,1
What did it say? The mods on /r/rant deleted it.,curiosity,0.4,0.6,0
I feel like it looked like Ru was well meaning at first but after 10 years we sort of see the formula lol,amusement,0.8,0.5,0
It starts with the malicious ones and then they whip up the others. [NAME] is truly a stain on american politics.,neutral,0.0,0.0,0
Your boobs should be sisters not... completely unrelated,disapproval,-0.55,0.3,1
I haven't had mine in years thanks to [NAME],gratitude,0.85,0.35,0
Pretty frustrating that when it matters most winning comes down to who cheats the most aggressively,annoyance,-0.5,0.4,1
"Oh for sure. Hopefully all 4 make the play offs. Pretty sure Leinster are nearly there already, the absolute madlads.",optimism,0.75,0.5,0
> Got it Heh. You've got *something*. Might be a brain tumor.,neutral,0.0,0.0,0
Sweet sweet air con. Apparently it’s going to be a hot one today.,neutral,0.0,0.0,0
Hot take: That fuck up was a million times worse than the [NAME] play.,anger,-0.8,0.8,1
I would love a gatling gun arm like Barret from FF7 has.,love,0.9,0.6,0
"Maybe [NAME] would be like Old [NAME], jaded by a lifetime of tricking women into bed. ",neutral,0.0,0.0,0
That's what i was thinking. Did she tell you she did?,curiosity,0.4,0.6,0
Bro that’s very nice. I like it.,admiration,0.7,0.4,0
"I'm feeling the same as you, exactly the same bro. I hope you get better and find someone. :(",caring,0.75,0.3,0
"Disgusting, I bet you he will never even be inside that apartment condo ever.",disgust,-0.8,0.45,1
Women cheat way more. They have unlimited options like a kid in a candy store. Most men couldn't cheat if they tried,neutral,0.0,0.0,0
YOU CAN'T TELL ME WHAT TO DO,disapproval,-0.55,0.3,1
I honestly don't know but the more attention something gets the less it gets ignored,neutral,0.0,0.0,0
"...not enough headphones for [NAME]? Also, [NAME] looks like a New [NAME].",neutral,0.0,0.0,0
Deep blue eyes look weird to me. The rest seems pretty good.,admiration,0.7,0.4,0
I can play faster. I just don't enjoy it as much. Might I ask what is your draft winrate?,curiosity,0.4,0.6,0
"Just cut your losses, get out and don't look back!",caring,0.75,0.3,0
"This is how the really, really good porns start.",admiration,0.7,0.4,0
[NAME] always makes my day when he's yelling at the refs,joy,0.9,0.7,0
[NAME] get better overtime. [NAME] would wreck [NAME].,neutral,0.0,0.0,0
Maybe you should smoke some and relax.,caring,0.75,0.3,0
We are on the same boat mate. Im pretty sure many people did.,approval,0.6,0.2,0
This video is what gets me saving into my future fund bruh. Edit: r/personalfinance,approval,0.6,0.2,0
"I got your back, bros. (nsfw, duh) ",neutral,0.0,0.0,0
Imagine watching yourself back and still being unable to see why you were eliminated,optimism,0.75,0.5,0
Hahaha its the best kind of protest...save money and stay inside,amusement,0.8,0.5,0
Basically. My step dad didn't choose to break his back and his knees. The whale chose to overeat and become obese,neutral,0.0,0.0,0
What's the source? I love this.,love,0.9,0.6,0
You must be new around here.,neutral,0.0,0.0,0
You cant pick and choose racism you dippy cunt,annoyance,-0.5,0.4,1
I can't believe he got it while getting man-handled by two players!!,surprise,0.15,0.8,0
"Also, AAA",neutral,0.0,0.0,0
Stupid [NAME] is playing into the Church's hands. What an idiot. He has an amphetamine addiction.,anger,-0.8,0.8,1
Man i was so sad when i found out vodka had calories,sadness,-0.8,-0.3,2
Not worth it. My family is the same way. I am scapegoat. I cut them all off and I have never been happier or more at peace,disapproval,-0.55,0.3,1
Zer0 went from 4-0 to 3-2???,neutral,0.0,0.0,0
Ah yes. Red Dead 2. My favorite movie,excitement,0.8,0.9,0
"I like [NAME], not so much",love,0.9,0.6,0
This is the part where we throw our heads back and laugh. Ready?,curiosity,0.4,0.6,0
Aww that's so cute! What a good workmate,admiration,0.7,0.4,0
I liked how in the video the [NAME] picked him up and held him a little. Pretty Wholesome¯_(ツ)_/¯,excitement,0.8,0.9,0
We should build a pipeline! Oh wait...,neutral,0.0,0.0,0
IANL I have never thought twice about doing a little extra shoveling to help a neighbor. Can't imagine that it could be illegal.,surprise,0.15,0.8,0
No but it should be,neutral,0.0,0.0,0
About as much say so as the Walmart employee that stocks the shelves.,neutral,0.0,0.0,0
Going to bed early never works for me. Sleeping in is the only way I feel rested.,relief,0.7,-0.2,3
"Oh, they're as real to me as [NAME] to me man. I don't leave he house without throwin some chick bones first.",neutral,0.0,0.0,0
I'd pause and say yes...? Haha.,amusement,0.8,0.5,0
Quick! Go get volvo involved!,neutral,0.0,0.0,0
I actually hope they fail since Str8 and Pittsburg are my 2 favourite teams,optimism,0.75,0.5,0
I wish I could see [NAME] slipping on shrimp,desire,0.6,0.7,0
Jeez I just did those for fun but good luck,amusement,0.8,0.5,0
This kid is blatantly trolling and everyone is taking him seriously LMAO. You people should quit Salem your scum reading skills are horrible,annoyance,-0.5,0.4,1
It actually makes me really happy when people literally call me [NAME]. Thanks kind stranger!,joy,0.9,0.7,0
"It was once was mine too. Im starting to use it again. :) It is so fucking beautiful,",admiration,0.7,0.4,0
i'm late to class (zero period) almost everyday because of looksmaxxing. i wake up at 5:45 so i can't wake up any earlier,neutral,0.0,0.0,0
I’ve actually been there lol,amusement,0.8,0.5,0
Write her a hand written letter and go back and deliver that to her damned door.,neutral,0.0,0.0,0
This girl is really hot. tight biker suit and all that.,admiration,0.7,0.4,0
"It is not the ring. (I hope that you will be more relaxed now, but I’ve to be honestly, it is a fucking lie)",optimism,0.75,0.5,0
I encourage everyone close to me to inform themselves about my diagnosis if they really care about me.,caring,0.75,0.3,0
You poor thing. I’m sorry that it’s going like that for you.,remorse,-0.7,-0.1,2
[NAME] just commented on my comment with links to the pamphlet! ‘Tis real!,neutral,0.0,0.0,0
It should be played between two biggest NCAA violators of the year as a punishment.,neutral,0.0,0.0,0
"Cut your nalis, i hate it",disapproval,-0.55,0.3,1
The biggest problem is measuring IQ in some universal way. The tests all have built in biases about what the author considered intelligence.,neutral,0.0,0.0,0
"Never take advice from someone named ""poor judgement"" ",annoyance,-0.5,0.4,1
You'll be fine.,caring,0.75,0.3,0
Well I mean Australia is a good example of this working isn’t it ?,approval,0.6,0.2,0
supposed to be brain ache but I am too tired with all these losses i have,disappointment,-0.65,-0.2,2
I can’t stand this arrogant prick he’s no better thenFord in Ontario and that guy is a buffoon,annoyance,-0.5,0.4,1
"Haha, well it sounds like its done too good of a job!",joy,0.9,0.7,0
"Thanks, I'm the LAOTOP and I found this response as informative as the comments in the original post.",gratitude,0.85,0.35,0
Fucking [NAME]. It's always [NAME].,anger,-0.8,0.8,1
Like this just cuz of the [NAME] rhymes background raps...but dude your [NAME] is sick against [NAME],neutral,0.0,0.0,0
SWOOOSH!!,neutral,0.0,0.0,0
4 year old. The hardest part is only seeing him half the time bc I’m the primary care giver in the family,neutral,0.0,0.0,0
[NAME] that was so stupid lol holy fuck wat,anger,-0.8,0.8,1
I'm curious as to how to explain this to a young child? I will like I flounder at this.,curiosity,0.4,0.6,0
So if it was a 14yo girl and she wanted it it’s ok?,neutral,0.0,0.0,0
I’m so excited for next season. My expectations are slowly climbing.,excitement,0.8,0.9,0
I’d prefer happy little trees,neutral,0.0,0.0,0
" it sounds like you're setting up for a good 2019 keep the boundaries going, and I hope the surgery has no complications and everything heals up fast!!",optimism,0.75,0.5,0
I just woke my wife up to make sure that she was okay before I could lay down.,caring,0.75,0.3,0
"“Ah ya wee lassie, come on! Baby weight! Hurry now I got places to be!” That’s some motivational crowd. ",admiration,0.7,0.4,0
Wholesome encounters like this what keeps my hopes up for red dead online tbh,neutral,0.0,0.0,0
Oh I’m sorry. I assumed. I think that would be suspicious if your username was known to someone else.,realization,0.2,0.4,0
Alright grandpa back in your room now,approval,0.6,0.2,0
I need to present on how birds are not real. THEY ARE NOT REAL,neutral,0.0,0.0,0
is a minimum score. If you don't get it you fail the ASVAB. It's a really simple concept.,approval,0.6,0.2,0
daaaaaamn girl!,anger,-0.8,0.8,1
"Seriously one of the best soundtracks. I always get chills from the organs, even just thinking about them.",admiration,0.7,0.4,0
It's rare to see a wholesome post here. Nice to see them nonetheless.,neutral,0.0,0.0,0
Thank you so much,gratitude,0.85,0.35,0
This is beautiful,admiration,0.7,0.4,0
"The house actually looks amazing, though the risk of haunting may not be worth the cheaper price!! ",admiration,0.7,0.4,0
OMG! 😂😂😂😂,amusement,0.8,0.5,0
Huge goal for [NAME]. Big confidence boost for the mistakes from the start of the season!,admiration,0.7,0.4,0
Things are much better then they were a few decades ago but we’re still shrinking.,admiration,0.7,0.4,0
"She could have handed him her phone and said, ""Fine! You try it!"" ",neutral,0.0,0.0,0
Thank you!,gratitude,0.85,0.35,0
"[NAME]*, and do you expect them to get fired literally in the middle of the season? ",curiosity,0.4,0.6,0
It's not my cousin's fault. It was actually me who set up the whole date.,neutral,0.0,0.0,0
>I mean most of the native tribes beliefs are centered around Pleiadian star people. Nope.,disapproval,-0.55,0.3,1
You could buy a used car for the price of those shoes!,neutral,0.0,0.0,0
"Huh. As a man, I have support from friends and family all the time. Hope you can find that some day. ",optimism,0.75,0.5,0
It was extremely sad ... because you can tell the reason why [NAME] is the way he is.,sadness,-0.8,-0.3,2
"oh man clicking 2 buttons before you read an article, the absolute horror",fear,-0.8,0.85,1
Good to know everything is about average there. Leave it to H-Town to hold it down.,joy,0.9,0.7,0
"[NAME] is doing that since season 1. Even [NAME] commented in S1 that everytime sometimes is up, [NAME] inserts herself into argument. It's her MO.",neutral,0.0,0.0,0
"CAN'T UPVOTE THIS MORE THAN ONCE, REDDIT PLZ FIX",neutral,0.0,0.0,0
"One day you should go get that donut! Personally, life wouldn’t be worth living if I couldn’t occasionally enjoy a gourmet donut 🍩 ",optimism,0.75,0.5,0
When in the past 4 decades has anything changed due to a march?,neutral,0.0,0.0,0
"Cheers, cheers_im_drunk_bot.!",joy,0.9,0.7,0
"Yo mamma so flat, Earth gets jealous.",neutral,0.0,0.0,0
This is beautiful and heartbreaking :(,sadness,-0.8,-0.3,2
I've seen AOCs ridiculous proposals,anger,-0.8,0.8,1
I miss [NAME]. Shame he had to get injured while he was here,disappointment,-0.65,-0.2,2
"Nah, man. Check out Provo, Utah's old ",disapproval,-0.55,0.3,1
"I mean, you can definitely beat someone up passionately.",neutral,0.0,0.0,0
"yes, he has 1 open seat in the back row left..",neutral,0.0,0.0,0
**Who would win:** a team of 10+ moderators with libertarian principals or one person with a Python programming environment?,confusion,-0.2,0.4,1
What ribs lmao,neutral,0.0,0.0,0
The Guy just wanted to Make a Joke and I liked it,joy,0.9,0.7,0
Any response helps and makes me feel like I’m not alone....thank you❤️,gratitude,0.85,0.35,0
"Grandma, the war stopped like half a century ago, you can come out of the cupboard now ffs",neutral,0.0,0.0,0
Exactly lol.,amusement,0.8,0.5,0
I'd make that trade and I don't even like big macs.,disapproval,-0.55,0.3,1
Kinda what I figured. Just wanted to see if anyone else had this issue before,curiosity,0.4,0.6,0
We really missing JV,disappointment,-0.65,-0.2,2
"Especially after the debacle with [NAME] on ""if you like your plan, you can keep your plan.""",neutral,0.0,0.0,0
I’m slowly starting to get excited about what we will do with the draft pick(s?) they will most likely get in a trade,curiosity,0.4,0.6,0
Everyone just called me the bad guy and said they're glad she's marrying him and rejected me and that i deserved it.,neutral,0.0,0.0,0
Why not both,curiosity,0.4,0.6,0
"So many downvotes. Reading comprehension, people",neutral,0.0,0.0,0
Maybe don't pick something quite so obscure.... But my girl does,confusion,-0.2,0.4,1
"Lmao, they are gonna have field day ",neutral,0.0,0.0,0
Honestly I’m confused in 10 different ways here,confusion,-0.2,0.4,1
Good job homie 👍🏻,admiration,0.7,0.4,0
Is it?,curiosity,0.4,0.6,0
Thanks!!,gratitude,0.85,0.35,0
Imperial is already messy and hard to understand,disappointment,-0.65,-0.2,2
A thousand times this! I just found some of my old childhood stuff from the 80s with a 2 bar and it is fucking awesome.,joy,0.9,0.7,0
You were taken care of with stolen money.,neutral,0.0,0.0,0
We have 9 home games which is awesome.,admiration,0.7,0.4,0
Beautiful.,admiration,0.7,0.4,0
Lol just reading that url makes it obvious you linked to some partisan hackjob.,amusement,0.8,0.5,0
Poor critter D:,neutral,0.0,0.0,0
Fuck reddit.,neutral,0.0,0.0,0
"Cool, I just wonder why you didn't go in to help",admiration,0.7,0.4,0
Yeah I bet they 'work hard' nowadays and took 'big risks' for their money.,approval,0.6,0.2,0
I won't ever be having sex with someone at a club. Nothing against one night stands though.,neutral,0.0,0.0,0
"I kind of feel the same, I live for sex and am absolutely wasted on my husband. ",approval,0.6,0.2,0
I have that same desk from Amazon. Great desk.,admiration,0.7,0.4,0
"I had 'tacos de cabeza' in Mexico — \x62\x65\x65\x66 head. All sorts of interesting bits like cheek, tongue, brain. Delicious. ",admiration,0.7,0.4,0
Apparently America is 400 years old according to him as well.,neutral,0.0,0.0,0
No way! First I’m hearing about this,surprise,0.15,0.8,0
You mean pan de huevo Check food city,neutral,0.0,0.0,0
I just call my girl and tell her I love her lol. Easy day.,love,0.9,0.6,0
Homegirl has been my favorite since season 1. Just like [NAME] on Laguna Beach. Maybe bc they remind me of myself. 😬😬😬👀👀👀,love,0.9,0.6,0
"Ya did good, bud.",admiration,0.7,0.4,0
Then people clapped,neutral,0.0,0.0,0
"Hot bath helps me, or just heating pad on my breasts. Looks awkward, but it helps. ",approval,0.6,0.2,0
"Cured her depression, didn't it? ",curiosity,0.4,0.6,0
"Oh, he isn't dead, [NAME] ",surprise,0.15,0.8,0
So you could say that this is one of very few subreddits that manages to somewhat avoid political spins and that the original commentor is a worthless shill,annoyance,-0.5,0.4,1
"Whoever this is, feel free to PM me if you want to chat!",neutral,0.0,0.0,0
I don’t ever remember pithy. Childish and churlish feels more apt,disapproval,-0.55,0.3,1
If push comes to shove the easy alternative is you show up for work and take up space but don't actually perform your job.,neutral,0.0,0.0,0
He is this year. Most likely not over the next three years.,neutral,0.0,0.0,0
Ya punk wanna know how the game ends while we’re at it?,neutral,0.0,0.0,0
"What? That is the most recent big meme, it's not cringy",confusion,-0.2,0.4,1
> Corporate Media I like this one.,love,0.9,0.6,0
I got hung up thinking like this for thirty years with my first and only love. Don't let it happen to you.,love,0.9,0.6,0
Here is the rest. He finally give me a bad rating,disappointment,-0.65,-0.2,2
Tech hobbyist scifi fan (me): That fridge is going to get hacked,neutral,0.0,0.0,0
I do not want to dwell into an unfruitful discussion with a troll.,disapproval,-0.55,0.3,1
The best story I've read this year!!,admiration,0.7,0.4,0
that scared me,fear,-0.8,0.85,1
Oh you magnificent person. Yes please.,admiration,0.7,0.4,0
What a waste of packaging.,disappointment,-0.65,-0.2,2
Yes to momentum. The time spent between phases is important. It’s also bad matchmaking,approval,0.6,0.2,0
Watch alpha jackals explanation of the Nerf. It's a great explanation,admiration,0.7,0.4,0
"Or, drag an old pallet jack outside, empty. ",neutral,0.0,0.0,0
"Also, do you have a link with updates? I cannot find any reports like this. ",curiosity,0.4,0.6,0
Just imagine the waitstaff carrying cast-iron plates everywhere! oof!,optimism,0.75,0.5,0
Or 16th if you're on console.,neutral,0.0,0.0,0
"Some kind of situation(s) you experienced that made you realize that, or someone else's experience...",realization,0.2,0.4,0
Cause boomers know young people like it and want to generate revenue,approval,0.6,0.2,0
"That doesn't mean they're impossible. Minnesota's 7th district is 64% rural, R+12, and represented by [NAME], a [NAME].",approval,0.6,0.2,0
[NAME] wasnt elite for anywhere near 15 years. Surprises me how many people suggest this.,surprise,0.15,0.8,0
"If she stole a wallet with an activated card, or something along those lines. Once it's purchased, it's stealable.",neutral,0.0,0.0,0
Remove one D and this becomes a lot worse,disappointment,-0.65,-0.2,2
Edited because my kneejerk response was kind of unnecessarily harsh. :/,disappointment,-0.65,-0.2,2
">It's not FSA I am not going to discuss about something, which isn't even my point. ",disapproval,-0.55,0.3,1
"I, a homosexual, have been fantasizing about sleeping with women... a lot",desire,0.6,0.7,0
ill show [NAME] this thanks well hang it up on the wall,gratitude,0.85,0.35,0
"No. Why? Weird question. Unfortunately, the CCP would be suppressing me if I were. Better than ending up in a Xinjiang concentration camp though. ",sadness,-0.8,-0.3,2
"It doesn’t really matter what you mean, it matters what you say and do.",neutral,0.0,0.0,0
...and prone to paranoia and hatred of outsiders.,neutral,0.0,0.0,0
Sounds good.,approval,0.6,0.2,0
you are a very nice person!,admiration,0.7,0.4,0
[NAME] should be in jail lol,amusement,0.8,0.5,0
Saw thundamentals live. happy that this song got in top 30,joy,0.9,0.7,0
"Finally, I can sit on another person’s lap and have them not be disgusted",optimism,0.75,0.5,0
He looks like the son of [NAME] and [NAME].,approval,0.6,0.2,0
You have a lot of Hope Buddy a lot!!,optimism,0.75,0.5,0
"Im glad I am able to help others, even if its just yourself. Stay strong and look after yourself. You can do this 💪",approval,0.6,0.2,0
"Be careful, it’s a slippery slope. Alcohol isn’t fixing your problem, it’s just hiding it.",caring,0.75,0.3,0
That makes sense. You had a good reaction time. Glad no one was hurt.,gratitude,0.85,0.35,0
This feels like a joke [NAME] would tell. Love it,amusement,0.8,0.5,0
"Gore magala is my favorite monster in mh4u, you did an amazing job!",admiration,0.7,0.4,0
Resist it! You can be strong. Block him! Then do something nice for yourself,caring,0.75,0.3,0
I don't remember being able to hear in those situations. I think...,confusion,-0.2,0.4,1
Now this was fun to read! You had more courage than I'll ever have :'),amusement,0.8,0.5,0
He gets paid to hate them... what's hard to understand?,anger,-0.8,0.8,1
Off her meds,neutral,0.0,0.0,0
"Glasses and [NAME] made me regain interest in the show. Pluuus I want to know what happens to [NAME], she's my favourite character :(",curiosity,0.4,0.6,0
"Thanks, so that's not what I need then.",gratitude,0.85,0.35,0
How do you prove someone is looking for a job??,curiosity,0.4,0.6,0
"Afton is relatively small, doesn’t have very many members, and is rather close to other temples compared to Brasilia.",neutral,0.0,0.0,0
I’m offended,sadness,-0.8,-0.3,2
But do you have a notoriously shady history a la Jax? (Hope not),curiosity,0.4,0.6,0
You're such a good troll. Good job! Way to really get into that part. You nailed it!,gratitude,0.85,0.35,0
I missed this too. Why did they split?,curiosity,0.4,0.6,0
"You're with him, you brought him here to kill me.",realization,0.2,0.4,0
I would love it if someone broke that record because that would mean Real would’ve gained another extraordinary player like him. Haha.,love,0.9,0.6,0
Each season gets better and better with season 3 or something you should go back and see what happened.,neutral,0.0,0.0,0
It regenerates hate. It's hate motivational.,anger,-0.8,0.8,1
Got a nice hairdoodoo,joy,0.9,0.7,0
i love it but i hate everything around it. I want to theorycraft a deck with all the cards i want without having to spend money.,desire,0.6,0.7,0
Lol. Thanks for the info,gratitude,0.85,0.35,0
It seems some people on here don't like us disrupting their echo chamber.,neutral,0.0,0.0,0
"Nope. This is shown with [NAME] spider-man having reversed version of the Raimiverse spider-man, a la the upside down kiss having [NAME] on the bottom instead.",neutral,0.0,0.0,0
@ the corner in Litchfield is really good and it’s in a picturesque area on the Litchfield green,admiration,0.7,0.4,0
This sounds like prime /nononoyes material. Glad the cardiac issue your mom has were detected now and not later.,gratitude,0.85,0.35,0
"Not defending the poor choice, but maybe he thought this is what they'd like?",neutral,0.0,0.0,0
Bless your dim-witted heart.,caring,0.75,0.3,0
"> modern art Modern art lasted from 1860 at the earliest to 1970 at the latest. Thanks for your art critique though, it was very informative.",gratitude,0.85,0.35,0
And then [NAME] missing a WIDE OPEN corner 3,neutral,0.0,0.0,0
Should probably change the title to add that it is for medical only.,approval,0.6,0.2,0
"Sanctions are immoral and don't do anything but cause more human suffering, disappointing to see that this sub will support them, but not really a shock. ",disappointment,-0.65,-0.2,2
It was nice knowing you all.,gratitude,0.85,0.35,0
"""Ummmmm *Eeyore*? Duh?"" *sighs violently, rubs temples* (This is when I leave before I do/say something stupid)",neutral,0.0,0.0,0
seriously... if he was going to play in LA he wouldn't do it with a 2 hour commute lol. he would just buy a mansion in LA,amusement,0.8,0.5,0
Imagine spending the day having to hear excuses from people slowly killing themselves. He's too kind.,neutral,0.0,0.0,0
Im sorry I said something negative about your beloved Valve.,sadness,-0.8,-0.3,2
More like [NAME]. ,neutral,0.0,0.0,0
"You seem worried, [NAME].",caring,0.75,0.3,0
FYI that ‘[NAME] quote’ is not only false but also not an [NAME] quote.,neutral,0.0,0.0,0
I just housed a transgender person for a few months after she came out to her parrents. So people are so cruel.,disgust,-0.8,0.45,1
Thanks [NAME].,gratitude,0.85,0.35,0
WAS THE A FUCKING QUESTION MARK ABOVE THAT GUYS HEAD? Time to git ur pitchfurks.,curiosity,0.4,0.6,0
You. I like you.,love,0.9,0.6,0
Hi ex-methodist from another one!,neutral,0.0,0.0,0
"You should hit up [NAME], he can help.",approval,0.6,0.2,0
"see, i'm over here thinking ""i hate sports"" now if you could just take my balls and go home",anger,-0.8,0.8,1
It's not the best hockey but the boys have regrouped nicely after that horrible game in Edmonton,admiration,0.7,0.4,0
"Wow, thanks! Now i am rich again!",gratitude,0.85,0.35,0
Man that sure is one fun kid. He's more fun here than I'll ever be my whole life 😞,neutral,0.0,0.0,0
Being born in north america is a curse my friend. Oregon (my home) is kind of like Ireland weather wise though I hear.,sadness,-0.8,-0.3,2
ya keep pretending you can tell people what to do... see how that works out for you,neutral,0.0,0.0,0
"Is that your quote? Either way, I'll add this to my collection.",neutral,0.0,0.0,0
"Talk is cheap, let’s see it on the court. [NAME] has been an awful offensive player this season & awful is kind. ",annoyance,-0.5,0.4,1
Welcome to MTV Cribs! The whole place is a giant bed for me,neutral,0.0,0.0,0
Yes. Some shows get canceled before they can even finish the season,disappointment,-0.65,-0.2,2
I wanna say they beat the Rams twice that year.,neutral,0.0,0.0,0
"Like many TIFU posts, I don't believe this one.",disapproval,-0.55,0.3,1
"Oh yeah I know, but like.. _why?_ it just seems like such a waste of his time.",confusion,-0.2,0.4,1
There is no evidence connecting him to the crime.,neutral,0.0,0.0,0
This was one of the best Reddit reads in a long time... great job.,gratitude,0.85,0.35,0
"4-6, 6-4, 3-all, deuce. Could this BE any closer?",optimism,0.75,0.5,0
"Well the last time we got a premier like this, the conservatives didn't get power again until [NAME] and only because [NAME] misstepped at the last second",neutral,0.0,0.0,0
Totally irrelevant to my point,disapproval,-0.55,0.3,1
"Yeah, it'll be a pretty strong 3 team race among the Nats Braves & Phillies! It'll be fun to watch it from afar!",joy,0.9,0.7,0
Agree on the last point. My INTP friend's ENFP is immature since she's still young. Gets jealous at every damn girl that approaches... Sigh,approval,0.6,0.2,0
Insane dva player nice,admiration,0.7,0.4,0
"Epic didn’t take the rights, Skybound chose to work with them. Blame Skybound not epic.",disapproval,-0.55,0.3,1
Hope you get “at are it again”,optimism,0.75,0.5,0
At this point they should start playing Sweet Georgia Brown over the PA system...,neutral,0.0,0.0,0
I hate you.,anger,-0.8,0.8,1
Glad to hear it :),gratitude,0.85,0.35,0
I’m very happy for you! Congrats! 😁,joy,0.9,0.7,0
"that’s a brilliant photo, your torny looks younger than my one! so cute",admiration,0.7,0.4,0
Wow thank you so much for the info. I tried looking it up but couldn't find anything. Very interesting stuff,excitement,0.8,0.9,0
[NAME] might've told her when they were talking about [NAME] being on her period.,neutral,0.0,0.0,0
"> It's ironic. CTH is econ-left, not SJ-left Tell it to the ones brigading other groups.",neutral,0.0,0.0,0
That's what I'm afraid of but I don't have a lot of free time so it would never work.,fear,-0.8,0.85,1
Barely as in just this year,neutral,0.0,0.0,0
"Here in Russia, we do not like when our culture is misrepresented, but we make fun of such misrepresentations.",amusement,0.8,0.5,0
Cheers! *clink*,joy,0.9,0.7,0
That would have been cool for sure,admiration,0.7,0.4,0
"He was standing there, they went up to him. Like have you not watched the video?",confusion,-0.2,0.4,1
That is odd.,disgust,-0.8,0.45,1
"I was dispointed in 5. it was clearly thrown in to sell 3, as they wanted to make 3 not 5 D. ",disappointment,-0.65,-0.2,2
Doesn't matter how late the apology! She apologised and kindness is all the world needs :),approval,0.6,0.2,0
"I saw that, and read it *immediately* in his voice.",neutral,0.0,0.0,0
"Oh no, I'm getting flashbacks",surprise,0.15,0.8,0
"Yeah, the death of pharmaceutical producers seems like a weird thing to root for.",confusion,-0.2,0.4,1
"If you have this many concerns and red flags going, or something seems off, you can back out whenever you want, do it now. ",caring,0.75,0.3,0
"Thank you for contributing your weird suggestion, I love it.",love,0.9,0.6,0
"No, its protecting my right to vote. By not allowing people who don't have the right to vote, to in fact vote.",approval,0.6,0.2,0
Also r/justnomil holy doodles man they are nutso.,neutral,0.0,0.0,0
"I got laid the first time directly after that game too Not sure if there's a correlation, just thought I'd contribute",neutral,0.0,0.0,0
Yeahhhh I’m going to go to sleep now...,neutral,0.0,0.0,0
"Nope. That’s a really inaccurate, misleading headline.",neutral,0.0,0.0,0
"Oh, I've thought about it... a lot, but I just couldnt do that. Even though he really deserves it!",disappointment,-0.65,-0.2,2
Fellow [NAME] reporting for duty!,neutral,0.0,0.0,0
if you ever played hardcore in previous titles with no doritos you would know that this in fact not the case,neutral,0.0,0.0,0
Me too. At least we acknowledge what we are and don't make up excuses in that regard.,realization,0.2,0.4,0
Him staying seems more realistic. I just hope we can land him.,optimism,0.75,0.5,0
[NAME]. I still want her to come back to be a [NAME] ally and fight with [NAME].,neutral,0.0,0.0,0
Mom said it was my time on the repost!!,neutral,0.0,0.0,0
"Out of curiosity, why are you specifically interested in talking to aspies? ",curiosity,0.4,0.6,0
☠️ I felt his pain!!!☠️ R.I.P. furry giblets!!!!☹️,sadness,-0.8,-0.3,2
[NAME] earned it I think. He was godlike at world's. But [NAME] is the absolute worst S+ on this list.,confusion,-0.2,0.4,1
I laughed but unfortunately [NAME] is our problem because of how close Canada and USA relations are.,amusement,0.8,0.5,0
Thanks for the kind words but some things are in fact permanent. Still I appreciate your reply. Thank you.,gratitude,0.85,0.35,0
They did and he is going to be extremely difficult to feel much empathy for him.,neutral,0.0,0.0,0
Please tell me how it sounds racist.,neutral,0.0,0.0,0
"I've been putting off scheduling a dental appointment for a week because of this, I'm just too anxious to pick up the phone and dial. ",nervousness,-0.45,0.75,1
Thank you. I truly apologize for breaking the rules and I appreciate you making an exception!,gratitude,0.85,0.35,0
"Right on, just making sure someone wasn't trying to steal your OC",caring,0.75,0.3,0
Mammy ah fargat me passpart ah have te go down te rowckets and get a canny coke for wan fofty hi,neutral,0.0,0.0,0
"Careful, you are almost criticizing your god in chief. Your friends at TD will probably ban you for that.",optimism,0.75,0.5,0
I was entertained into the 4th. My sons played well. We lost. I'll take it.,amusement,0.8,0.5,0
You are terrible developers.,annoyance,-0.5,0.4,1
If they overdo it and burn themself out it may be.,neutral,0.0,0.0,0
Well this sub is anyways. No one comes on Reddit to read about this shite. Were here for fun,amusement,0.8,0.5,0
That’s a cute doggo! What breed?,curiosity,0.4,0.6,0
He could have easily taken a real camera from a legitimate source and change the price in Word/Photoshop and then print it out.,optimism,0.75,0.5,0
[NAME] Immediately thought of you when I saw this thread. Can’t stop laughing. But. I’ll wear yours someday and no others,amusement,0.8,0.5,0
I really hope he declares this year. Kid is a beast,optimism,0.75,0.5,0
Very wholesome!,neutral,0.0,0.0,0
"I mean, sharing is caring and momma wants her cummies. ",neutral,0.0,0.0,0
I’m confused why the [NAME] tax is negative savings. Otherwise great stuff .,confusion,-0.2,0.4,1
M'loled at this.,neutral,0.0,0.0,0
"Will do, thanks",gratitude,0.85,0.35,0
Oh wow. Didn’t realize it was that broad.,surprise,0.15,0.8,0
[NAME] I wish that was me.,desire,0.6,0.7,0
Hi I'm a Thrashers fan! My family was 33rd to pick tickets in Atlanta in for the '99 inaugural season,neutral,0.0,0.0,0
"did a fanspeak mock, wow I wish this would go down for us",desire,0.6,0.7,0
This is awesome. What are your profits like?,admiration,0.7,0.4,0
Definitely gonna go lookin' for that mod.,approval,0.6,0.2,0
Scary. I bet youre fun at parties.,fear,-0.8,0.85,1
She can also say she's committed to the public system while still wanting two tier. So what she said there truly means nothing.,neutral,0.0,0.0,0
"Never argue with stupid people, they will drag you down to their level and then beat you with experience.' - [NAME]",neutral,0.0,0.0,0
Something new! Finally...,neutral,0.0,0.0,0
I hate this.,anger,-0.8,0.8,1
"[NAME], you are a freak.",neutral,0.0,0.0,0
Be prepared for a child support order. But my dad just decided he didn't want to pay any more and the CSEA was ok with that.,neutral,0.0,0.0,0
"Well now we know how [NAME] and [NAME] lip syncs did lol. [NAME] is overthinking it, and have the second photo looks nothing like her?",neutral,0.0,0.0,0
Man’s a dreamboat. An absolute moisture factory.,desire,0.6,0.7,0
hell yeh dude,neutral,0.0,0.0,0
Just kidding my good man 😂😉,approval,0.6,0.2,0
I’m so happy [NAME] gets to make more money,joy,0.9,0.7,0
Don’t think this was posted yet,neutral,0.0,0.0,0
Lions fan.... Thanks for the beer. It's the first thing I've ever won.,gratitude,0.85,0.35,0
You mean defy their nation's people and f*ck them over.,anger,-0.8,0.8,1
"As a former [NAME], I apologize. That’s tough",sadness,-0.8,-0.3,2
I’ve heard of “over hard” so a fried egg (like over-easy) but broken yolk and fully cooking it... idk,confusion,-0.2,0.4,1
My dog died on New Year’s Day and I wish I could have give her one more treat. She just seized up and died :(,desire,0.6,0.7,0
Current use could also mean setting pills in a weekly pill box for use each day.,neutral,0.0,0.0,0
It does indeed. 😏,optimism,0.75,0.5,0
Tree house of horrors they are all great.,admiration,0.7,0.4,0
Wanting America to be better does not mean hating America. We can do better than [NAME]. He’s an embarrassment to the entire country.,embarrassment,-0.55,0.45,1
"The problem is trying to find that middle ground, where there is just enough to prevent anarchy while still allowing people to pursue their desires.",neutral,0.0,0.0,0
I can't imagine getting it at 8! I got mine at 11 and freaked out because no one told me they existed lol.,amusement,0.8,0.5,0
"That's even cheaper than I had figured.. there's still the ""to you"" bit... OP needs to post an Amazon wishlist.",neutral,0.0,0.0,0
literally wasn’t the worst effort of the season,approval,0.6,0.2,0
"Late to the party, but if it were young boys talking about stabbing women in the vagina would it still be okay?",curiosity,0.4,0.6,0
I laughed in my beard.,amusement,0.8,0.5,0
