expert_id,decode_r2,encode_linear_r2,encode_periodic_r2,periodic_gain,dim0_corr,dim0_linear_r2,dim0_periodic_r2,dim1_corr,dim1_linear_r2,dim1_periodic_r2,dim2_corr,dim2_linear_r2,dim2_periodic_r2
0,0.0004096134514541827,9.740740948223821e-05,0.00042844138143112903,0.00033103397194889084,-0.00943287486031361,8.897912813055076e-05,0.0005106276307244029,0.013268221199235009,0.00017604569379181534,0.00035028732033015597,-0.005215113280137287,2.7197406524348544e-05,0.0004244091932388283
1,6.018016486708522e-05,2.124592801118948e-05,0.00023681055379898286,0.00021556462578779337,-0.006570274213818451,4.316850324515009e-05,7.623813600277085e-05,-0.004293277387187946,1.8432230723508525e-05,0.00020980382681767829,0.0014618652691538178,2.137050064909829e-06,0.00042438969857649944
2,4.735367588382111e-05,3.7473293299505883e-06,0.00010439862931991654,0.00010065129998996596,0.002000411770591628,4.001647251894447e-06,0.00010788934365735248,0.0011199905688978932,1.2543788748820006e-06,0.0001308834330030484,0.002446622542102493,5.9859618630753175e-06,7.442311129934875e-05
3,6.532312548035435e-05,1.4066466984356355e-05,0.00011966401389051917,0.00010559754690616281,-0.0012469770463252384,1.5549517544677371e-06,8.737401183234184e-05,-0.0030407552819884417,9.246192684497778e-06,8.280791515669073e-05,0.005603414719082426,3.139825651410355e-05,0.00018881011468252495
4,0.00098832663225501,0.0005362944070027945,0.002405336991540145,0.0018690425845373504,-0.028987551396940796,0.0008402781359904132,0.0013288691988426748,-0.024263343447384907,0.0005887098352457265,0.0019816795825765565,0.013412503486385813,0.00017989524977224391,0.0039054621932012035
5,0.00021103014327183978,9.351709997199956e-06,0.00011312486924182814,0.00010377315924462818,0.00491439553658054,2.4151283489981523e-05,0.000139144035451233,-0.0008392775412609803,7.043867911171731e-07,0.00011188622253544,0.0017887033600823953,3.1994597105011735e-06,8.834434973881145e-05
6,0.00015875823660260746,4.6951997692334935e-05,0.0003260595627314622,0.00027910756503912726,-0.006893657476111241,4.752251339790181e-05,0.000313115198155689,-0.005186016517160966,2.68947673162101e-05,0.0002814108809391369,0.00815099456284355,6.64387123628929e-05,0.00038365260909956067
7,0.012310663083133555,0.0044654281160552145,0.00608881512615093,0.0016233870100957155,0.019259968329416025,0.0003709463800500856,0.0005104994037304911,-0.047162962210828434,0.0022243450045000834,0.0032079547439568534,-0.10392782574274964,0.010800992963615474,0.014547991230765445
8,4.2886115264151314e-05,3.403390432132891e-05,0.00019778204044966033,0.00016374813612833142,-0.006140380840488726,3.770427686622391e-05,0.000207400457780893,0.004801844623486715,2.3057711788565527e-05,0.00017614477040583942,0.006429597523079489,4.13397243091973e-05,0.0002098008931622486
9,-3.0679580638444115,1.0,1.0,0.0,0.0,1.0,1.0,0.0,1.0,1.0,0.0,1.0,1.0
10,4.460926020088962e-05,1.3659011452634335e-06,5.692966623830712e-05,5.5563765093043685e-05,-0.0015971352293508113,2.550840941140109e-06,7.227571669299326e-05,-0.001225413981314628,1.501639425804946e-06,5.636179856605139e-05,-0.0002126571639028349,4.522306884524596e-08,4.2151483455876715e-05
11,0.0002145313294599216,6.672121986517343e-05,0.00028923454361144224,0.0002225133237462688,-0.001674870846005222,2.8051923507410592e-06,0.00025726246020219,0.0045327126842683455,2.0545484277989523e-05,0.0002871935926851421,-0.013297104307588197,0.0001768129829667897,0.00032324757794699455
12,0.0006583279528774577,0.0002550327491840365,0.00044143076150060523,0.00018639801231656872,0.021559175904500696,0.0004647980656812267,0.0007646454125566082,0.01668665541310337,0.00027844446887570484,0.0004331786542010052,-0.004675009411235635,2.1855712995177967e-05,0.00012646821774420225
13,-3.0679580638444115,1.0,1.0,0.0,0.0,1.0,1.0,0.0,1.0,1.0,0.0,1.0,1.0
14,2.0568145613797384e-05,1.1552963013324499e-05,4.2486501454737834e-05,3.093353844141333e-05,-0.0041107948559257704,1.689863434650718e-05,8.426433404451483e-05,0.0027912073201577744,7.790838303822767e-06,2.0602275540682058e-05,-0.003157438263828517,9.969416389643548e-06,2.2592894779016603e-05
15,0.00011914161979320603,6.63031353681139e-05,0.00013195909490915092,6.565595954103702e-05,0.0035767760058170606,1.2793326595539334e-05,8.468095780411744e-05,-0.010330492496748311,0.0001067190752251923,0.0001645869864546068,-0.008910499665213303,7.939700428361007e-05,0.00014660934046872853
16,0.00013227207255339657,2.3699693773693298e-05,0.00023322236638815644,0.00020952267261446314,0.0030233135737600812,9.14042496524825e-06,0.00029374127956627305,0.006185697273209945,3.8262850755366173e-05,0.00021283236500346803,-0.004867833768812848,2.369580560046547e-05,0.00019309345459472826
17,-3.0679580638444115,1.0,1.0,0.0,0.0,1.0,1.0,0.0,1.0,1.0,0.0,1.0,1.0
18,8.101449020103679e-05,2.487762066453551e-05,0.00022586457771360072,0.00020098695704906522,-0.000256572946653717,6.582967648771643e-08,0.00019899698426895096,-0.008545105482694824,7.301882770838208e-05,0.00027999066730977074,0.001244268704363228,1.5482046087367252e-06,0.00019860608156208048
19,-2.9110428564761976,2.2953640893515665e-05,0.00016903041766665647,0.0001460767767731408,0.006428882217383665,4.133052656474234e-05,0.00017496377453496414,-0.0010186929525047759,1.0377353304447112e-06,0.0001320795105339556,0.005147102173588006,2.6492660785359945e-05,0.00020004796793104962
20,8.873693118782722e-05,1.4696607196181452e-05,0.00017031421993537096,0.0001556176127391895,-0.0037914754388774837,1.4375286003343035e-05,0.00016945936307377618,-0.005420792173360902,2.9384987786928995e-05,0.00025477075244006997,0.0005740625387122292,3.295477982723227e-07,8.671254429226671e-05
21,0.0001326522239447625,5.844929732812254e-05,0.00017655776046125263,0.00011810846313313009,-0.00953067040617262,9.083367839057832e-05,0.00017147762395797184,0.003759563329429056,1.4134316428382476e-05,0.00010922770121357672,-0.008389272743550355,7.037989716540682e-05,0.00024896795621220935
22,0.00017168058427541322,6.287375760275864e-05,0.00020420738042092879,0.00014133362281817014,0.001305620881927885,1.7046458874458992e-06,3.2292442397885424e-05,-0.012568877891003836,0.00015797669143902127,0.0004987382185919209,-0.00537958506595198,2.8939935481808732e-05,8.159148027298002e-05
23,5.9429741075534004e-05,2.9527171430824655e-05,0.00014058342803206317,0.00011105625660123851,-0.0017525474024975352,3.071422397971091e-06,0.0001233949173048421,-0.0061496163107553625,3.781778076950015e-05,0.00014255237540072851,0.006905961998551423,4.769231112500272e-05,0.00015580299139061893
24,6.0101456146655075e-05,2.3736059453975205e-05,0.0002837008533787729,0.00025996479392479766,-0.006797063701891015,4.6200074967472915e-05,0.00039410914477067127,-0.0035178681027904506,1.2375395988528659e-05,0.00016131598062640862,0.003554252017842719,1.2632707405924037e-05,0.0002956774347392388
25,-3.0679580638444115,1.0,1.0,0.0,0.0,1.0,1.0,0.0,1.0,1.0,0.0,1.0,1.0
26,0.00023890158228978553,0.00013552360888520928,0.0003586324353810344,0.0002231088264958251,-0.0017541263576087726,3.076959278147662e-06,0.0005111289657395712,0.01514055947351355,0.00022923654117068537,0.00032399405043315177,0.013200656279390634,0.0001742573262067948,0.0002407742899703802
27,6.762644830293763e-05,3.1209917335147295e-05,8.697900848349723e-05,5.576909114834993e-05,-0.005499829161324583,3.024812080398842e-05,8.637534575639538e-05,0.005396340339041286,2.91204890550123e-05,8.719472186180521e-05,0.005853301815776837,3.426114214644116e-05,8.736695783229109e-05
28,3.277244809829494e-05,6.652984399872312e-06,0.00020593949711648443,0.00019928651271661213,-0.0013791304803344583,1.9020008821257761e-06,0.0002540056622796216,0.004246258888403181,1.80307145472014e-05,0.0001406667861393318,0.00016198077042938456,2.623777028976093e-08,0.0002231460429304999
29,0.00016597830739717434,5.734882814178999e-05,0.0005569739325218167,0.0004996251043800267,-0.004036987803374089,1.6297270524434637e-05,0.00031733650215992615,-0.0008876926751432919,7.879982857339485e-07,0.00026434189615021086,0.01244834188217842,0.00015496121561520138,0.001089243399255313
30,2.2832601843769673e-05,7.302592121449791e-06,0.0001842051742821186,0.00017690258216066881,0.0016087443818733377,2.5880584859638844e-06,0.00021205040476157677,0.004222393144952241,1.7828603870007065e-05,0.00010284002299498773,0.001221111792110828,1.4911140083784247e-06,0.00023772509508979134
31,0.00016941997326014313,7.263941320486318e-05,0.00019838511932346314,0.00012574570611859998,-0.0022839618015535147,5.216481510861293e-06,0.0001228652374577477,-0.010138377352630401,0.00010278669534458107,0.00024220687955145426,0.010484038475661274,0.0001099150627591472,0.00023008324096118749
32,3.36766291690882e-05,8.890637795448223e-06,0.00013822327721731606,0.00012933263942186785,-0.0018440548704278849,3.400538364894956e-06,0.00013617906941909563,-0.0020818301328805293,4.334016702189913e-06,0.00011860357713788794,0.004351707517670232,1.89373583192598e-05,0.00015988718509496458
33,0.0003365312224188344,0.00010726169871085507,0.00027101904805089855,0.0001637573493400435,0.0033822314197631187,1.1439489376541268e-05,0.0001889236467623734,0.01596126825644033,0.00025476208435371017,0.0003883586679900297,0.007455435762069259,5.558352240231379e-05,0.0002357748294002926
34,0.00025088554669783214,2.4374229258161684e-05,0.00031171874175787523,0.00028734451249971354,-0.006242891446436938,3.897369361205438e-05,0.0005135261829296578,-0.005221814791131763,2.7267349713033795e-05,0.00023738857008159808,0.002623288861220284,6.881644449396873e-06,0.00018424147226236975
35,5.6696096335517865e-05,2.0342519161350065e-05,0.0001402466740378546,0.00011990415487650453,-0.005333640948354403,2.844772576582333e-05,9.140230756965462e-05,-0.00563065237617001,3.1704246181041285e-05,0.0001185544106040437,-0.0009357272770039712,8.755855371855858e-07,0.00021078330393986544
36,8.875917226736085e-05,3.3292353946889897e-05,0.00012042405739150681,8.713170344461692e-05,0.009080371894341622,8.245315373933693e-05,0.00025488462687306424,-0.0012914222194277873,1.667771348690117e-06,3.368231215072903e-05,0.003969400049477787,1.5756136752642647e-05,7.270523315072719e-05
37,0.00012168506499043996,3.7647529044300874e-05,0.0006360501785292646,0.0005984026494849637,0.0017169783904423643,2.9480147930582845e-06,0.00019311964380896995,-0.0024437344341597406,5.971837984675155e-06,0.0012156586329123975,0.010199153609759945,0.00010402273435516918,0.0004993722588664262
38,5.394990880769335e-05,1.4179512085673215e-05,0.0003054254349356504,0.0002912459228499772,-0.005498452902564874,3.0232984321920675e-05,0.0002310553615396671,0.002400400489880326,5.7619225121152695e-06,0.00030434285137170836,0.0025580518804189153,6.543629422983699e-06,0.00038087809189557564
39,-2.7962879424980502,7.558995286038872e-06,0.0001233687564444752,0.00011580976115843633,-0.0027493627053897605,7.5589952858168274e-06,0.0001233687564444752,0.002749362705389761,7.558995285594783e-06,0.0001233687564439201,-0.002749362705389757,7.558995286705006e-06,0.00012336875644503031
40,-2.944989664453894,4.051614230153137e-06,0.00012189147900609765,0.0001178398647759445,-0.002012862198656699,4.051614231004308e-06,0.00012189147900676378,0.0020128621986567007,4.051614229449996e-06,0.00012189147900543151,0.0020128621986567,4.051614230005107e-06,0.00012189147900609765
41,0.0001262624638028731,1.0410238782750566e-05,0.0002811964794584935,0.00027078624067574297,0.0012916359364279343,1.6683233924341678e-06,0.00038671270648282796,-0.004562783097005879,2.081898959049866e-05,0.0003908806396635267,-0.0029569246466032775,8.74340336531887e-06,6.599609222912584e-05
42,0.0004192186839823142,7.257514918264836e-05,0.0002927367171555358,0.00022016156797288744,-0.004506282570856306,2.0306582608098367e-05,0.00018072531365254108,-0.013840839465880392,0.00019156883712090345,0.00048500408713181287,-0.002418683075431743,5.850027818943282e-06,0.00021248075068225347
43,1.6576196886441963e-05,3.153997656972033e-06,0.00015736744920236134,0.00015421345154538932,0.001137105624639874,1.2930092014862282e-06,0.00019533686644768178,-0.0026287040344995572,6.91008490116829e-06,8.33254972425479e-05,0.001122006625839591,1.258898868261582e-06,0.00019343998391685435
44,9.494745936822202e-05,5.9051316608919414e-05,0.0002776877707108734,0.000218636454101954,-0.007591858856342068,5.763632089450521e-05,0.00026364381980259477,0.007119358447978792,5.068526471174728e-05,0.0002682912171814156,-0.008296527238579035,6.883236422050576e-05,0.00030112827514860996
45,3.5926736533853365e-05,1.1519526951553338e-05,0.00026018965829836355,0.0002486701313468102,-0.0018041293743875214,3.2548827993972296e-06,0.0001404188208704582,-0.00035906212742278315,1.2892561163102556e-07,0.00030419381437374327,-0.005583437332327338,3.117477244363176e-05,0.0003359563396508891
46,0.00013562049387427777,9.1561554421693e-06,8.414729921409532e-05,7.499114377192602e-05,-0.0041991842520757786,1.7633148382767416e-05,9.100139456885703e-05,0.0023924099048859655,5.7236251529424464e-06,6.928393994443116e-05,-0.002027730946440842,4.111692790798038e-06,9.215656312899778e-05
47,0.00015561307442080174,6.398300994551558e-05,0.00022685463179753876,0.0001628716218520232,0.007685982488424436,5.907432681195868e-05,0.0002725598926832662,0.010666125275777507,0.00011376622839864847,0.00028540740327387404,-0.004371324127380848,1.9108474625939564e-05,0.00012259659943547607
48,0.00016043851082436777,3.152071736959675e-05,0.0005451157540758608,0.000513595036706264,0.008730470504308977,7.622111522664898e-05,0.0003322582783673589,0.004263808574803193,1.818006356268942e-05,0.0005740356128899338,0.00040121480453113247,1.6097331945186255e-07,0.0007290533709702895
49,5.642158574159506e-05,1.9827961800111815e-05,0.0001803254486418456,0.0001604974868417338,-0.00721523865171382,5.2059668801618386e-05,0.00026547131955789727,-9.279813035433993e-05,8.611492963161993e-09,0.00010606576993521522,0.002723160866625669,7.415605105753897e-06,0.0001694392564324243
50,-3.0679580638444115,1.0,1.0,0.0,0.0,1.0,1.0,0.0,1.0,1.0,0.0,1.0,1.0
51,0.004808082489249577,0.0015712159386754854,0.00294440822013294,0.0013731922814574546,0.047229349677441156,0.002230611470954269,0.003927345003811644,0.030464309987944034,0.0009280741830416384,0.0013337980825363083,0.03943300853384717,0.0015549621620305487,0.003572081574050867
52,-2.807174712764595,6.446185801404584e-06,0.00012220175771116004,0.00011575557190975545,-0.0025389339891803133,6.446185802144733e-06,0.00012220175771160413,0.0025389339891803155,6.446185800812465e-06,0.00012220175771104902,-0.0025389339891803138,6.446185801256554e-06,0.00012220175771082697
53,8.231141625514304e-05,5.049163434504382e-06,7.550447281756689e-05,7.04553093830625e-05,-0.000852556930889212,7.268533203097505e-07,7.840185854657289e-05,-0.0026751749855608163,7.156561203425227e-06,4.1471255451508426e-05,0.002695194942750013,7.2640757797781674e-06,0.00010664030445461936
54,3.1271391374376734e-05,1.6637396949015226e-06,0.00011639716301370395,0.00011473342331880243,0.0018516631245993772,3.42865632729783e-06,0.00022406817393871847,0.00040918730121111804,1.6743424835485854e-07,7.375033601875192e-05,-0.0011811555821516937,1.3951285090518795e-06,5.137297908364147e-05
55,0.00024567894314653227,0.00013906085507594165,0.0004133342972047667,0.0002742734421288251,-0.015429479534344787,0.00023806883870058915,0.0006174170761878983,-0.0039035305741654566,1.5237550943125733e-05,6.38241596960798e-05,-0.012801413030749435,0.00016387617558411005,0.0005587616557303221
56,2.4476164764308805e-05,1.0416781085894241e-05,0.000245442502051237,0.00023502572096534277,-0.003983396729646628,1.5867449506323794e-05,0.00012189781306581882,-0.001379871387156428,1.9040450456309088e-06,0.000232044017762445,0.0036713551593014764,1.347884870572802e-05,0.0003823856753254473
57,1.599864491552694e-05,3.4616244282877537e-06,0.00015921856862751346,0.0001557569441992257,0.00040045025199376435,1.6036040351163905e-07,0.0001908512922237371,0.0029514967698124743,8.711333182254144e-06,0.0001668683902197321,-0.001230113693592257,1.5131796990974777e-06,0.00011993602343907117
58,3.6036258778127106e-05,9.427032649019415e-06,0.00014112961919017972,0.0001317025865411603,0.0046038029775433914,2.119500185571166e-05,0.00017620448072042105,-0.0010917990369540274,1.1920251370423074e-06,0.0001361264746307933,0.0024277707788987247,5.894070954304276e-06,0.00011105790221932477
59,-3.0679580638444115,1.0,1.0,0.0,0.0,1.0,1.0,0.0,1.0,1.0,0.0,1.0,1.0
60,4.508183643081587e-05,7.704128598999086e-06,0.00017970378073732066,0.00017199965213832158,-0.004402774107155879,1.9384419838286426e-05,0.00015979462981985382,-0.0018793636591586545,3.5320077630407454e-06,0.0001564359529778736,0.0004426716564043724,1.9595819567008732e-07,0.00022288075941423457
61,0.00023851986451306484,8.063610328249797e-05,0.0005696246378061135,0.0004889885345236156,0.0024607017657909255,6.055053180298309e-06,0.0007448696960460355,0.004982273496473741,2.4823049193600788e-05,0.0005173337621847685,0.014526878793249029,0.0002110302074735948,0.0004466704551875367
62,5.442235127195438e-05,1.960237366475474e-05,0.00014113584808424692,0.00012153347441949218,0.005241700572595308,2.747542489334176e-05,0.0001625471293232872,-0.004541899910961777,2.0628854801252317e-05,0.00010510380308581535,0.0032715197232630884,1.070284129967014e-05,0.0001557566118436382
63,0.00014775231029784397,6.7822649716572e-05,0.00029475040263589786,0.00022692775291932588,0.000760636467989562,5.78567836528876e-07,0.0002034404983590754,0.009852256864190799,9.706696531819325e-05,0.0003748941732191202,0.010287002284179352,0.00010582241599499387,0.000305916536329498
64,8.431914668161067e-05,2.6663530998671803e-05,0.00011351837378329825,8.685484278462645e-05,0.006790636838607645,4.611274867405424e-05,0.00011435493146261244,-0.004675038247211553,2.1855982613283587e-05,0.00011538642350661377,-0.003467255645137708,1.2021861708677584e-05,0.00011081376638066853
65,-3.0679580638444115,1.0,1.0,0.0,0.0,1.0,1.0,0.0,1.0,1.0,0.0,1.0,1.0
66,-11.413186305849905,8.554988976635277e-06,0.00013605663970535828,0.000127501650728723,0.002925900657105888,8.560894655729179e-06,0.00013605758897439202,0.002920273952416488,8.527999956653431e-06,0.00013605286901130498,-0.002928493181935516,8.57607231752322e-06,0.0001360594611303778
67,0.0001981348942726724,0.00019094621702612594,0.0007109970862624696,0.0005200508692363437,0.013924991748231745,0.00019390539518959748,0.0007093690496744465,0.013912353557731924,0.00019355358151673663,0.0007042442481749456,-0.013615420462543664,0.00018537967437204372,0.0007193779609380169
68,0.0006293711383004164,0.00021320807387037455,0.00037717434211622286,0.0001639662682458483,-0.00819305962366058,6.712622599691631e-05,0.00013721194323601527,-0.016994410167024875,0.0002888099769252639,0.0003434630927028337,0.016843040660440452,0.00028368801868894344,0.0006508479904098197
69,0.01794683906698502,0.008088804982792,0.01406158585868648,0.005972780875894479,0.10987293646176971,0.012072062166732067,0.015201045711783046,-0.036686044228551616,0.001345865841139382,0.006094273193941069,0.10415607010877863,0.010848486940504554,0.020889438670335325
70,7.856408115947122e-05,4.083725101037642e-05,0.00020788056863248658,0.00016704331762211017,-0.00561163845402293,3.1490486138929796e-05,0.00010009875819516623,-0.0087054678441012,7.578517038497878e-05,0.0003121206499552276,-0.003903344272179967,1.5236096507220687e-05,0.0002114222977470659
71,0.0002551527253047414,5.053555284432557e-05,0.00015473540331497246,0.00010419985047064689,0.002389956419003956,5.711891684856418e-06,3.9102077395880563e-05,0.007787823104628576,6.065018870882177e-05,0.0002992053246313464,-0.00923279904145202,8.524457813929853e-05,0.00012589880791769037
72,-3.0679580638444115,1.0,1.0,0.0,0.0,1.0,1.0,0.0,1.0,1.0,0.0,1.0,1.0
73,1.3842947521602866e-05,6.0999984555776265e-06,0.00023556883322772837,0.00022946883477215074,-0.0015624179412714713,2.4411498238396945e-06,0.00022160978181851032,0.0035008520370303684,1.2255964984886347e-05,0.00015576296199337758,-0.0018981255380101948,3.602880558006838e-06,0.0003293337558712972
74,9.7796893044233e-05,3.3422106793875216e-05,0.0001595886656754845,0.00012616655888160927,0.004710801295136002,2.2191648842206924e-05,0.00012238642510953301,-0.004568169898232884,2.086817621926862e-05,0.00019577152154359734,-0.007563497558680842,5.72064953201501e-05,0.00016060805037332315
75,-3.0679580638444115,1.0,1.0,0.0,0.0,1.0,1.0,0.0,1.0,1.0,0.0,1.0,1.0
76,0.0002023720318529154,6.79139060647908e-05,0.0002797988629145894,0.00021188495684979858,-0.013590719194750064,0.000184707648230642,0.0005506148096895425,0.0038364201949442553,1.471811991204941e-05,8.60889920669683e-05,0.0020774864744964555,4.31595005168095e-06,0.00020269278698725746
77,0.00012911502441204092,4.119979962217505e-05,0.0001292668181443283,8.806701852215326e-05,0.0033948631254055043,1.1525095639730587e-05,5.373650821483e-05,-0.00045536643670995706,2.073585916306797e-07,6.8565217206106865e-06,0.010576717101062174,0.00011186694463516389,0.00032720742449754425
78,0.00016584525601914812,6.091651097162032e-05,0.00022699815641817148,0.00016608164544655116,0.005028694505417576,2.5287768429249624e-05,0.00021439419236790602,0.00842472231722431,7.097594612237579e-05,0.00023345467265678543,0.00929977517810983,8.648581836323554e-05,0.000233145604229823
79,6.184828908850637e-05,2.372967543114631e-05,0.000396523538705081,0.0003727938632739347,0.003580075011675912,1.2816937089432656e-05,0.0003869306168372555,-0.0030623237254748525,9.377826599155092e-06,0.0003060783888502172,0.006999590174100696,4.899426260485118e-05,0.0004965616104277704
80,-3.0679580638444115,1.0,1.0,0.0,0.0,1.0,1.0,0.0,1.0,1.0,0.0,1.0,1.0
81,4.2685532912978275e-05,6.709593063591868e-06,0.00027012646384372285,0.000263416870780131,0.003026787642759368,9.1614434339915e-06,0.00037069304365644484,0.0030794335808593206,9.482911178748665e-06,0.00025083755053911805,-0.0012183696394381122,1.484424578035437e-06,0.00018884879733560567
82,-3.0679580638444115,1.0,1.0,0.0,0.0,1.0,1.0,0.0,1.0,1.0,0.0,1.0,1.0
83,0.00010654260263898152,3.364063195935666e-05,0.00010139161138248791,6.775097942313124e-05,-0.006979215932005869,4.870945502588597e-05,0.00011315751197171764,0.003824238800461393,1.4624802402551929e-05,9.187564891544042e-05,0.0061308758305870775,3.758763844963209e-05,9.914167326030565e-05
84,0.00012554128587671798,2.9800763641970224e-05,0.00010015638567602754,7.035562203405732e-05,0.00784065681695291,6.147589932126163e-05,0.00016006814641778,-0.005279410825067076,2.787217866007108e-05,5.911375194034285e-05,0.00023283673371859187,5.4212944577969324e-08,8.128725866995978e-05
85,-2.437211923136704,5.15390438382927e-05,0.00023837622409483838,0.0001868371802565457,0.001295092533760497,1.6772646718177242e-06,0.00014329569250215446,-0.00858394608784511,7.368413044051003e-05,0.00032070319743904285,0.008902569090007102,7.925573640255035e-05,0.00025112978234331784
86,0.0008823973185567713,0.0003936183234917919,0.0008415833879717264,0.0004479650644799345,0.026355435416940225,0.0006946089760164753,0.0013569040539246346,0.0067640640595278915,4.575256260141991e-05,0.0004815304640160001,-0.020987935388157054,0.00044049343185748047,0.0006863156459745445
87,0.00024284422803477757,0.000151748544180208,0.00024879600078094494,9.704745660073694e-05,0.012905893679324782,0.00016656209166221458,0.00026888331165253465,-0.01176267130392504,0.0001383604362040769,0.00022500281255422028,0.012260632311372484,0.00015032310467433252,0.00025250187813607994
88,7.489364037227553e-05,2.9230505789808643e-05,0.00020554322719101847,0.00017631272140120982,0.007069635830733648,4.997975077947192e-05,0.0002224112953352897,0.006076958439272296,3.692942387245601e-05,0.00030195791153531104,0.0008845013948240387,7.823427174979969e-07,9.226047470245469e-05
89,0.00043857151989645793,0.00018244483837940675,0.0004546920375285701,0.0002722471991491634,0.014412915343449498,0.00020773212869751312,0.00049048206215907,0.008795712504978253,7.73645584701832e-05,0.00036660338318117436,-0.01619375892035081,0.000262237827970524,0.000506990667245466
90,-3.0679580638444115,1.0,1.0,0.0,0.0,1.0,1.0,0.0,1.0,1.0,0.0,1.0,1.0
91,7.800615497599583e-05,7.115823742624243e-05,0.0004191901886741271,0.00034803195124788466,-0.007993796823390877,6.39007876535036e-05,0.00040813278728157876,-0.008694897642444865,7.560124501271304e-05,0.0004095342313010786,-0.008600737155212528,7.397267961251064e-05,0.00043990354743972393
92,0.00016741713499568434,1.3350820351106426e-05,0.00021834959715398097,0.00020499877680287454,0.0023133046989012983,5.351378629558923e-06,5.459622989567592e-05,-0.0008610580416951129,7.414209514111647e-07,0.00019388473806347672,0.005827491868065482,3.395966147234919e-05,0.0004065678235027903
93,0.00011837543999337896,3.3490676880409964e-05,0.0002227167499128472,0.00018922607303243724,-0.005958632471832961,3.550530093454629e-05,0.00023317678604328762,0.0035049107570500134,1.2284399414586034e-05,0.00010465047227048441,0.00725825945335586,5.268233029209757e-05,0.0003303229914247696
94,0.00010129056774077494,2.9562509618793107e-06,7.571935770807799e-05,7.276310674619868e-05,-0.001213085595452309,1.4715766618600412e-06,6.541844417307097e-05,0.0027044694561947163,7.314155039517267e-06,6.362370275581064e-05,0.00028813396866422505,8.302118426062322e-08,9.811592619535237e-05
95,9.134096883023357e-05,2.6195002084672403e-05,0.00027937437665781495,0.00025317937457314255,0.006346995727617344,4.028435476643999e-05,0.00029400808613966323,-0.0034718836534909847,1.2053976103931774e-05,0.00036884199170461596,0.005123150923375708,2.6246675383645446e-05,0.00017527305212916566
96,0.00013209320385998424,3.798744370268429e-05,0.0001741646174931629,0.0001361771737904786,-0.009265111723765103,8.584229525399056e-05,0.00018942628006457518,-0.004249297659644998,1.8056530600163434e-05,0.00017795124377462113,-0.0031723028313525364,1.0063505253898875e-05,0.00015511632864029234
97,0.00014846277057434243,9.988850751859364e-05,0.0006152140447899616,0.0005153255372713679,0.008767808453301279,7.687446507431694e-05,0.0004997081377983159,-0.010746209501144159,0.00011548101864222726,0.0007191710597241885,-0.01035905588553248,0.00010731003883923673,0.0006267629368473804
98,2.3327879548062924e-06,2.7131905070791146e-07,5.390250352987902e-05,5.363118447917111e-05,0.0006421258474175716,4.1232560521464734e-07,5.9389028312706316e-05,0.0005905002138505074,3.4869050258290457e-07,2.215580849740384e-05,0.00023008920784905554,5.294104432618241e-08,8.01626737795269e-05
99,-3.0679580638444115,1.0,1.0,0.0,0.0,1.0,1.0,0.0,1.0,1.0,0.0,1.0,1.0
100,9.098433846477239e-05,3.481021295189309e-05,0.00016348093716149018,0.00012867072420959708,-0.0035836477974423666,1.2842531535883772e-05,0.00012762870100258006,0.009475522219360743,8.978552132976603e-05,0.0002433683478438864,-0.001342604181986805,1.8025859900294705e-06,0.0001194457626380041
101,2.699418543772314e-05,8.996844791090789e-06,0.00012334135191253517,0.00011434450712144438,0.0015516259932382142,2.407543222449071e-06,9.91909102203703e-05,-0.004516913483295257,2.040250741552896e-05,0.00013879837403685258,0.0020446231279438055,4.180483735294338e-06,0.00013203477148038267
102,0.00012109916186087144,8.363623915437952e-05,0.0001593513479219618,7.571510876758226e-05,-0.008514393928135293,7.249490396332714e-05,0.00015999911724629,-0.0076450316190920424,5.8446508456766466e-05,0.00014590472059017312,0.010952958734642275,0.00011996730504304498,0.0001721502059294222
103,9.60251331454387e-05,1.570520013616239e-05,0.00017219002648978984,0.00015648482635362745,-0.0006403128560449265,4.1000055328588303e-07,0.00018897905523684866,0.0012837801225352476,1.6480914029060045e-06,0.00017676808814859335,0.006712488990839088,4.505750845229528e-05,0.0001508229360839275
104,0.00022331306363010395,1.8112592312139835e-05,0.00021029299253535103,0.0001921804002232112,0.0006374673635950042,4.063646389385056e-07,0.00025287595476342073,0.004871403761393234,2.3730574606362076e-05,0.00023048435402195366,-0.005495528881844899,3.020083769111892e-05,0.00014751866882067866
105,-2.888726317326887,5.077704572968115e-05,0.00014798538169880082,9.720833596911968e-05,-0.0069968039913742746,4.8955266095052075e-05,0.0001162704382268176,0.0077661079256628966,6.031243231352512e-05,0.00014039127789333694,0.006562273903131037,4.306343878046626e-05,0.00018729442897624793
106,-3.1042781350000714,2.9783749728432934e-05,0.00013936504118294835,0.00010958129145451541,0.0053432349599068524,2.8550159836715494e-05,0.00013983363935543558,0.005413493048991977,2.9305906991572428e-05,0.00014008208606086647,-0.005612056874040775,3.1495182357010876e-05,0.00013817939813254299
107,2.1859703307147704e-05,5.454749092785131e-07,1.845602236979123e-05,1.7910547460512717e-05,-4.7862841365463265e-05,2.2908520636022445e-09,2.3825779166930516e-05,-0.0009324737218982592,8.695072424291794e-07,1.852134610536016e-05,0.0008744293183293194,7.646266333427576e-07,1.3020941837083022e-05
108,-3.0679580638444115,1.0,1.0,0.0,0.0,1.0,1.0,0.0,1.0,1.0,0.0,1.0,1.0
109,0.0006838021702916253,0.00023183327590536873,0.0003794140055899768,0.00014758072968460806,0.011313971274747942,0.00012800594600581583,0.00018817816043459334,-0.012406575252350418,0.0001539231094920268,0.0004892533242788488,0.02033643951674681,0.00041357077221826355,0.00046081053205648814
110,0.0001353794668761399,7.171515074322343e-05,0.00034033691955367057,0.00026862176881044714,0.009844417253850105,9.691255106791807e-05,0.0005417598054041628,-0.010871928949295622,0.0001181988390781541,0.000300679425370709,0.0001845591603319607,3.406208359812979e-08,0.00017857152788613995
111,0.00024165866807335235,8.287426632721158e-05,0.00022055572176686114,0.00013768145543964955,-0.0066195466996296455,4.381839850808866e-05,0.00016602726785441835,0.014060633403529156,0.00019770141170871725,0.0002998489376800917,-0.0026651432916404744,7.102988764828844e-06,0.00019579095976607341
112,9.222350812110314e-05,1.2612216458133632e-05,0.00011413053245549569,0.00010151831599736205,-0.0006794143285815455,4.6160382949356205e-07,5.30292418827738e-05,0.0010088748507841815,1.0178284649553504e-06,0.00015075703394862305,-0.006029694609173018,3.635721707995199e-05,0.0001386053215350902
113,3.200684346527094e-05,2.422713648779033e-05,0.00025593173346875425,0.00023170459698096393,-0.0030517128403300584,9.31295125961018e-06,0.00017397014027076274,0.0056100133611699365,3.1472249913067074e-05,0.0002964743595439412,0.0056476728207738285,3.189620829069373e-05,0.00029735070059155877
114,-3.0679580638444115,1.0,1.0,0.0,0.0,1.0,1.0,0.0,1.0,1.0,0.0,1.0,1.0
115,5.0992848025344095e-05,1.7031303811809728e-05,0.0007854405342655099,0.0007684092304537001,0.006468049588124852,4.183566547422135e-05,0.0003057473491779872,-0.0002903538371380084,8.430535103354231e-08,0.0010906904463101608,0.003028851368109891,9.173940610174292e-06,0.0009598838073083815
116,0.00014414688130826026,2.9655398768128432e-05,0.0001585509412669698,0.0001288955424988414,0.0029737031886406277,8.84291065383902e-06,0.0001343719685761302,0.0029887878606606397,8.932852876175623e-06,6.674940960316178e-05,-0.008437442312347504,7.119043277437065e-05,0.00027453144562161746
117,2.7173218865361726e-05,1.39779033666206e-05,0.0003903231795637785,0.0003763452761971579,0.003929275764566765,1.543920803415144e-05,0.0007553472429548957,-0.003625896042185944,1.3147122108980724e-05,0.0002177241439476063,0.003653406623547189,1.3347379956729633e-05,0.0001978981517888334
118,3.1426880085394515e-05,1.3458920424332573e-05,0.00015051450919101317,0.00013705558876668059,-0.004587034222856693,2.104088296150941e-05,8.495923624751711e-05,-0.00046515790571834907,2.1637187752610032e-07,0.00024746131454267406,-0.004372585783483936,1.9119506433962208e-05,0.00011912297678284833
119,1.4394666177808269e-05,3.893763455738626e-06,0.00020919709906049486,0.00020530333560475622,0.0010502601497101125,1.103046382011641e-06,0.00029603181285953184,0.00045375578813935583,2.0589431548589943e-07,0.0001570557396607386,-0.0032206132442914315,1.037234966971834e-05,0.0001745037446612141
120,0.00020165540890204614,6.190374659179969e-05,0.00037517182199886534,0.00031326807540706564,0.01337800891795687,0.00017897112260878423,0.0006068815211552891,-0.00032165031123583706,1.0345892242913379e-07,0.00023096531552624366,0.0025761712373218934,6.636658244185689e-06,0.0002876686293150632
121,2.3602355147867016e-05,1.3509902744179847e-05,0.000148261620989761,0.00013475171824558116,0.0036898927168256437,1.361530826182733e-05,0.00017013382104369423,-0.004288223723252748,1.838886270055795e-05,0.00011719677598398537,-0.0029198522686819635,8.52553727015426e-06,0.0001574542659416034
122,8.01003463261063e-05,1.0435206432846122e-05,9.583449892765679e-05,8.539929249481067e-05,0.0013726611515041496,1.8841986364481755e-06,7.332274524995963e-05,-0.00014734805691792816,2.1711450082229078e-08,9.355078280870455e-05,0.00542214986992488,2.9399709212007963e-05,0.0001206299687243062
123,7.677051927157397e-05,3.743968884510155e-06,0.0003320482674556609,0.00032830429857115073,-0.0002549083130026951,6.497824767137672e-08,9.442416978466817e-05,0.0009226331492758295,8.51251927835861e-07,0.00036486256632461966,-0.003211802683538453,1.0315676478023228e-05,0.0005368580662576949
124,0.00018181798735161792,6.492688688686243e-05,0.00023041706617003369,0.00016549017928317125,-0.01220349709131314,0.00014892534125798829,0.0002251223415569159,-0.005138435960280953,2.6403524117868393e-05,0.00021195659703110437,0.004410418946596546,1.9451795284730622e-05,0.0002541722599220808
125,0.00014852181344560123,3.785188492092898e-05,0.00017222514215364804,0.00013437325723271906,-0.00817365901242921,6.680870165143293e-05,0.00019065172835475153,-0.005744321090892347,3.299722479577216e-05,0.00014887260356777343,-0.0037080626094391214,1.3749728315581855e-05,0.00017715109453841915
126,3.976086848611615e-05,9.072929100647128e-06,7.120398162626292e-05,6.213105252561579e-05,-0.0037423373734380605,1.400508901727715e-05,0.0001011632826808384,-0.0019216912462754808,3.6928972458882825e-06,5.174668782037539e-05,-0.003085579530340816,9.52080103877595e-06,6.070197437757496e-05
127,0.00010027793702938048,2.689655787491141e-05,0.00018336151940516002,0.0001564649615302486,0.001892346659049328,3.5809758778260203e-06,8.908103375027121e-05,0.007943640706147864,6.310142766807747e-05,0.00016137518043224386,0.003742628765837189,1.4007270078830736e-05,0.000299628344032965
128,1.7487656034709254e-05,4.6812580902407435e-06,0.0001674345038719105,0.00016275324578166975,-0.002314108777055871,5.355099431558763e-06,7.443277062779696e-05,0.0004624919875439637,2.1389883930744702e-07,0.00020696262205077698,-0.002911146853158736,8.474775999856021e-06,0.00022090811893715756
129,6.460123776652615e-05,2.062994477366094e-05,0.0001316076648454345,0.00011097772007177358,0.003337314686151982,1.1137669314376097e-05,0.0001230096205434572,-0.0068892898435307355,4.746231454866301e-05,0.00016767469573186755,-0.0018137944917040504,3.2898504579437216e-06,0.00010413867826097878
130,2.798883875554381e-05,7.352660333174536e-06,0.00013961833647072966,0.00013226567613755513,-0.0034581272251253724,1.1958643905352062e-05,5.850889595138131e-05,0.0016976717328731116,2.8820893123171487e-06,0.00019847434330133584,-0.0026864935849029766,7.217247781854397e-06,0.00016187177015947185
131,6.275037267988726e-05,3.0154925800792338e-05,0.0001538253505217376,0.00012367042472094525,-0.004748304045812141,2.2546391311384362e-05,0.00011455771072299559,-0.00594174780270469,3.5304366951316446e-05,0.00010901146660646788,0.0057108685100779755,3.261401913967621e-05,0.0002379068742357493
132,0.00010498523963109463,4.775013582040503e-05,0.00017828227141802877,0.00013053213559762375,0.007562234073705095,5.718738418503122e-05,0.00017127769440894447,-0.0002643382657915435,6.987471790065314e-08,0.00011465931684595532,0.009273249083165085,8.599314855828322e-05,0.0002489098029991865
133,0.0002825116267403116,0.00011686790973723198,0.0006937989872938255,0.0005769310775565936,-0.005176930584338277,2.6800610275157233e-05,0.0003214092750826181,-0.016155034325758728,0.00026098513406669355,0.001062238909059987,0.007925779764177297,6.281798486984513e-05,0.0006977487777388713
134,-3.0679580638444115,1.0,1.0,0.0,0.0,1.0,1.0,0.0,1.0,1.0,0.0,1.0,1.0
135,0.00026586797033445464,6.932788809088652e-05,0.000325948414222695,0.00025662052613180847,0.0060969915944589234,3.7173306502436e-05,0.0003283794731119283,-0.000627260262450856,3.9345543723090515e-07,0.0001949974507781116,-0.013054382495288714,0.00017041690233299267,0.00045446831877804517
136,0.00020898183946571613,4.257168951053251e-05,0.00048109354565391743,0.0004385218561433849,0.0021971831531654804,4.8276138083780396e-06,0.0006046216952066974,-0.011054285972827135,0.00012219723836892626,0.00045687971884833534,-0.0008307926062320891,6.902163542932271e-07,0.0003817792229067196
137,3.891594873417503e-05,1.44236958216822e-05,0.0001456219540721578,0.0001311982582504756,0.005390534025828623,2.905785708351427e-05,7.26334209205648e-05,0.0026469437916175893,7.006311436019708e-06,0.00015930319198786957,-0.002684570532789709,7.206918945512619e-06,0.00020492924930803902
138,0.00018309994101406435,7.931006823465776e-05,0.0006457676091114658,0.000566457540876808,-0.007715295099665674,5.9525778475122415e-05,0.00032908384834295923,0.008130342387958293,6.610246734539693e-05,0.00022530387425967469,-0.01059726185783093,0.00011230195888345396,0.0013829151047317634
139,-3.0679580638444115,1.0,1.0,0.0,0.0,1.0,1.0,0.0,1.0,1.0,0.0,1.0,1.0
140,0.0001320715198960265,7.235594901640792e-05,0.00017990280354448127,0.00010754685452807335,-0.011234963671161514,0.00012622440869236584,0.00021536527263810168,-0.007635622122363439,5.8302725195358285e-05,0.00019630757560695766,0.005704446788350681,3.2540713161499646e-05,0.00012803556238838443
141,6.705614875091026e-05,2.9542709201783406e-05,0.00010457379646818439,7.503108726640098e-05,-0.0034091806624103305,1.1622512789966066e-05,6.725386530337385e-05,0.003707452536441515,1.3745204309856263e-05,7.383815385098025e-05,0.007953641336248025,6.326041050552789e-05,0.0001726293702501991
142,3.2772654083634833e-05,1.1385338549422622e-05,0.00011889656185607815,0.00010751122330665552,-0.0011340981657092422,1.2861786502504913e-06,0.00010759620772082812,0.00331753214249898,1.1006019516313081e-05,0.00012256146295486214,-0.0046758761192240384,2.1863817481704295e-05,0.00012653201489254418
143,5.4035411830133384e-05,2.7837181330037097e-06,0.00014386984269546912,0.00014108612456246541,0.0014680489237435647,2.1551676426811994e-06,0.00014758631186806426,-0.002136622785500763,4.565156927371916e-06,0.00013048045361008231,-0.0012770394776306236,1.6308298289580136e-06,0.00015354276260826083
144,4.4794437111028707e-05,6.389644560345076e-06,0.00014041088963160733,0.00013402124507126226,-0.001982902104259469,3.931900754650108e-06,0.0001495798185044972,-0.003704375940150922,1.3722401105864535e-05,0.00013751998581446045,-0.0012307037906739812,1.5146318205205844e-06,0.00013413286457586437
145,0.0009473104041022307,0.00029114705676021774,0.00041219017436241084,0.0001210431176021931,-0.021004622036553584,0.0004411941468985825,0.0005434821295109415,0.020424651810423505,0.0004171664015769627,0.0005005390700434376,0.0038833776284175813,1.5080621805108052e-05,0.00019254932353285348
146,9.088808146540117e-06,2.4753379229691674e-06,0.0003095745027413462,0.000307099164818377,-0.0007460120315859927,5.565339518120993e-07,0.0005489679465279229,-0.0023803473691301007,5.666053598196719e-06,0.00010591239350432602,0.0010970078485060572,1.2034262188986844e-06,0.00027384316819178967
147,0.00010537562453860616,2.9348979142159354e-05,0.0002146712563943313,0.00018532227725217193,-0.0018134862245213523,3.2887322862773516e-06,0.00023402172031505852,-0.0034823045146761653,1.212644473336244e-05,0.00022683013223168125,-0.00852242690824801,7.263176040683827e-05,0.00018316191663625414
148,2.4006694574252307e-05,2.910915993248331e-06,0.00013422331311341296,0.00013131239712016463,0.0017407906031593914,3.0303519239494037e-06,0.0001277930198126942,0.00181912060141632,3.3091997628797998e-06,0.00013458851094938495,-0.0015469958929210323,2.393196292915789e-06,0.00014028840857815972
149,4.208067853428421e-05,1.2859411384994838e-05,0.00013168575802454305,0.0001188263466395482,-0.0005173700883604256,2.676718082739171e-07,6.995842926060813e-05,0.0023502295547965673,5.523578960109354e-06,9.007063648025504e-05,-0.005725991912910447,3.278698338660124e-05,0.00023502820833276594
150,2.3320217846234392e-05,1.4961931477467754e-06,0.00013607709620255815,0.00013458090305481138,0.0010595747347407608,1.1226986184054155e-06,0.00011018372177662439,-0.0016969670728770529,2.879697246660484e-06,0.00017367667151990673,-0.0006972686558959274,4.861835781744261e-07,0.00012437089531114331
151,6.054520231224547e-05,2.2719292659660144e-05,0.000279604540278533,0.0002568852476188728,-0.006211176788868127,3.857871710266636e-05,0.0004137972993336625,0.001903765035768634,3.6243213111797346e-06,0.00026003436978572214,-0.005094589243978212,2.5954839565134336e-05,0.00016498195171621433
152,0.0002621993705844705,4.49158117346767e-05,0.000182031099580926,0.0001371152878462493,0.003149807982924161,9.921290329506505e-06,0.00010651348476264921,-0.010132328949469365,0.00010266408994008547,0.00029681414939841666,-0.004707659177771145,2.2162054934438125e-05,0.00014276566458171214
153,3.1004726888106404e-05,7.007666159279206e-06,0.00023472824912669962,0.00022772058296742043,0.0022162003733142235,4.911544094654552e-06,0.0001378273310903566,0.0028791280515845855,8.289378336967523e-06,0.00029937907194999003,0.002796797462375845,7.822076046215543e-06,0.0002669783443397522
154,4.7130655981164615e-05,2.1796622276526456e-05,9.368818398540017e-05,7.189156170887372e-05,0.005302035866269791,2.8111584327028538e-05,4.268155694975295e-05,0.003866439461688527,1.4949354111171154e-05,0.00018473289113440927,0.0047253495522618615,2.2328928391379677e-05,5.365010387203828e-05
155,9.402421507875847e-05,5.1462518982433224e-05,0.00020495462336611592,0.0001534921043836827,0.007692648827575125,5.917684598433226e-05,0.0001600531010402806,-0.005244661545096321,2.7506474723049124e-05,0.00021010272917199035,0.008228258396534042,6.770423623991828e-05,0.0002447080398860768
156,0.00013208064338077197,4.502063407256044e-05,0.00016466296452999352,0.00011964233045743308,-0.002965259747857948,8.792765372578337e-06,5.223415928645725e-05,0.011218157185474236,0.00012584705063811708,0.00039755310747024986,0.0006496816196587499,4.220862069859166e-07,4.4201626833273444e-05
157,0.00020006316092280318,5.59501988204684e-05,0.00014484325805360262,8.889305923313423e-05,0.004616640647813585,2.1313370871078874e-05,0.0001154311103057637,-0.011730928496417962,0.00013761468338790994,0.0002022603003490886,-0.0029870624704970814,8.922542202416395e-06,0.00011683836350595556
158,4.798947959494537e-05,2.1079855330471037e-05,0.00024037659992000768,0.00021929674458953663,-0.0030094318415384794,9.056680008723283e-06,0.0002638925685540805,0.0029106274328013536,8.471752052430226e-06,0.00026805981295530135,0.006761000956231508,4.5711133930259606e-05,0.00018917741825064116
159,2.469751799605291e-05,1.2688289932098288e-05,0.00026588218024381494,0.00025319389031171663,-0.0031005963048734977,9.613697446342329e-06,0.000308593775949495,-0.001970498340139729,3.88286370878177e-06,0.00012944657858537933,0.004956642880177809,2.4568308641170766e-05,0.0003596061861965705
160,0.0003841389601714207,0.00013402055230290108,0.0003648842483173764,0.00023086369601447534,-0.01679588742084688,0.00028210183425336766,0.0006254098257583163,-0.0005983414116747055,3.580124444679811e-07,0.0001264530602145264,-0.01093626125378907,0.00011960181021086758,0.0003427898589792866
161,0.0003058110699264427,8.971804906058682e-05,0.00034870354362552075,0.0002589854945649339,0.00852050538880924,7.259901208078734e-05,0.0005264902299855212,-0.009604904472939555,9.225418993441536e-05,0.000331124917849146,-0.01021278341916139,0.00010430094516655775,0.000188495483041895
162,-3.0679580638444115,1.0,1.0,0.0,0.0,1.0,1.0,0.0,1.0,1.0,0.0,1.0,1.0
163,0.0002293897658240951,0.00010595240915245441,0.0005762669402203565,0.0004703145310679021,-0.00989541634775287,9.79192646953786e-05,0.0004535320199224868,0.01306949894891553,0.00017081180277556118,0.0007192332527290457,-0.00700900563465194,4.9126159986423446e-05,0.0005560355480095369
164,2.8778848251254097e-05,8.156640776394811e-06,0.00016977673119866754,0.00016162009042227274,-0.0007951446576950332,6.322550264448168e-07,0.00016981508827851322,0.0017819985972572156,3.175519000753191e-06,0.00025850762528900617,0.00454556358465994,2.0662148301986427e-05,8.100748002848324e-05
165,7.845303780307233e-05,6.297760628067491e-06,0.00019376218147123167,0.00018746442084316417,-0.0033992370160835805,1.1554812291758587e-05,0.0002342675991734433,0.0001533068079038314,2.3502977897216226e-08,0.00017821441530874171,-0.0027046194953574253,7.31496661454667e-06,0.00016880452993150996
166,0.00036926466259445956,0.0001299373215827293,0.00041743299171548287,0.00028749567013275357,-0.0122924372967235,0.0001511040146936482,0.0005043244269707925,-0.012139523123997966,0.00014736802167825136,0.00046005296360529524,-0.009557192494456856,9.133992837628835e-05,0.0002879215845703609
167,0.00010066494227745082,3.1031993915742184e-05,0.00024528754703874905,0.00021425555312300687,-0.006421971578685583,4.1241718958029416e-05,0.000264464440427048,0.004814285076750912,2.317734080004019e-05,0.0002248854180977311,-0.00535508375185829,2.8676921989156945e-05,0.00024651278259146814
168,0.0005653817920115989,0.00015659836771527344,0.00048268709136112253,0.00032608872364584907,-0.015466656435019092,0.00023921746127897325,0.0008690880257675726,-0.006724340053249615,4.521674915169971e-05,0.00032326555726669426,-0.013614730725029221,0.00018536089271514733,0.00025570769104910074
169,-2.799995096537969,2.1559502660917218e-05,0.00012390532657865125,0.00010234582391773403,0.004643221151274771,2.1559502661694374e-05,0.0001239053265789103,0.0046432211512747725,2.155950266047313e-05,0.0001239053265784662,0.004643221151274772,2.155950266058415e-05,0.00012390532657857722
170,3.667977719679083e-05,6.946115978068157e-06,0.000203838515376642,0.00019689239939857384,-0.0001171170890558016,1.3716411784159277e-08,0.00018777374011136327,0.004331041620847369,1.875792152161715e-05,0.0002567829155124546,-0.0014376056487423504,2.0667100008031625e-06,0.00016695889050610813
171,0.00017886762275975965,6.155706482828076e-05,0.00023480260816099996,0.0001732455433327192,-0.0006529826076680927,4.263862853903788e-07,0.00022609216841695812,-0.002666538553582771,7.110427857948132e-06,0.00011912586392481828,-0.013309184059939276,0.00017713438034150375,0.0003591897921412235
172,2.188180501605519e-05,9.667528743502926e-06,0.00020607737042373694,0.000196409841680234,0.0025442561939942737,6.473239579363188e-06,0.00014039769410856273,-0.0027270153199494625,7.436612556310784e-06,0.00040610435717858273,-0.0038849368199981517,1.5092734094834803e-05,7.173005998406534e-05
173,4.172015160230913e-06,1.18397211124055e-06,0.00016569028148882836,0.0001645063093775878,-0.0005495880728045435,3.0204704992708997e-07,0.00011400931059657449,-0.0017929203102876954,3.2145632385960354e-06,0.00026243922565483135,-0.0001878990302754756,3.5306045198524316e-08,0.00012062230821507924
174,0.0008907167250060688,0.00014612179239844222,0.000513638915546899,0.00036751712314845675,0.0040691472193205925,1.6557959092167174e-05,0.0003630686508293568,0.02051561431302881,0.00042089043064108544,0.0007215927671094802,0.0009575946231947875,9.169874620740259e-07,0.00045625532870186003
175,-3.319652209048188,1.8297399924316338e-05,0.00022470556566545064,0.0002064081657411343,-0.0042863179964339315,1.8372521964349353e-05,0.00022498082999622415,0.004258985753577585,1.8138959648528186e-05,0.00022413731822146232,0.00428727397762781,1.8380718160071474e-05,0.00022499854877866543
176,-3.0679580638444115,1.0,1.0,0.0,0.0,1.0,1.0,0.0,1.0,1.0,0.0,1.0,1.0
177,0.0006562131647080971,0.00018047838020385232,0.0004134036982551918,0.00023292531805133948,-0.0083760453798617,7.015813620570022e-05,0.00020659975872450165,0.020906025138462264,0.00043706188708969584,0.0007562280776214347,-0.0058493689673410915,3.421511731616089e-05,0.00027738325841963896
178,0.0002181328189418963,7.428244076338834e-05,0.0002655887586438717,0.00019130631788048336,0.0030382308524903694,9.230846712671159e-06,0.00012039807429908844,0.014607458223585359,0.00021337783575381408,0.0005490172345989919,0.0004885077520511401,2.38639823679776e-07,0.00012735096703353488
179,0.00014966888947587353,3.1659818293709265e-05,0.00023652737794976897,0.0002048675596560597,0.007270141537679275,5.2854957978243355e-05,0.00028987952820458407,-0.006240537418364489,3.894430726969489e-05,0.00028217307413469506,0.0017833086196692505,3.1801896331895563e-06,0.00013752953151002778
180,0.00030050224333433295,0.00010292481313275055,0.0003584057046350046,0.00025548089150225406,0.006619143705940072,4.381306339995561e-05,0.00018764244637814453,0.008416731805534181,7.084137428636783e-05,0.000548279755695269,-0.013932695421629455,0.00019412000171192823,0.0003392949118316002
181,0.0002621845692807323,0.00018663203180298757,0.00024295653987690033,5.632450807391276e-05,-0.01350210278802987,0.00018230677969832687,0.0002418778938809707,-0.012044840430015491,0.00014507818098463687,0.0001959761102886537,-0.015248315799656027,0.00023251113472599894,0.00029101561546107657
182,1.1172602194631231e-05,1.578555074580971e-06,9.502286329965415e-05,9.344430822507317e-05,-0.0015358993964958527,2.3589869557749665e-06,0.00010151853227846619,-9.966663908801099e-05,9.933440847653685e-09,0.00012139533162847105,0.0015384228375972106,2.366744827120293e-06,6.21547259920252e-05
183,0.0006641026691972529,0.0002649200148309161,0.0006666745994806655,0.00040175458464974945,-0.009605944543229867,9.22741705676744e-05,0.00045071052279332946,0.008199906718549711,6.723847019285412e-05,0.0007457325158641837,-0.025204114817474137,0.0006352474037322198,0.0008035807597844835
184,-3.0679580638444115,1.0,1.0,0.0,0.0,1.0,1.0,0.0,1.0,1.0,0.0,1.0,1.0
185,0.00014594926653987983,5.335433601712699e-05,0.00026577006054158875,0.00021241572452446175,0.00880069400293194,7.74522149334933e-05,0.0001921408011759107,0.003874983929913298,1.5015500457238318e-05,0.00015223559365240558,0.008221635643872119,6.759529266064934e-05,0.00045293378679645
186,0.009323435526033541,0.0032820294503939085,0.0098583777290836,0.006576348278689692,-0.02627914211496999,0.0006905933102987483,0.0014399735893018129,-0.08361624906398474,0.006991677107530236,0.021678245880788483,0.046516856443148506,0.0021638179333527408,0.006456913717160506
187,2.433756337716364e-05,3.737322572490894e-06,0.00018210423147668742,0.00017836690890419651,-0.0013500031209707246,1.822508426840841e-06,0.0002604083101822585,-0.0020211405908247527,4.085009287724262e-06,0.00011889765430295185,-0.002303139162674393,5.304450002907579e-06,0.00016700672994485188
188,6.958882967122992e-05,1.214773048785478e-05,0.0002130730783010589,0.00020092534781320412,0.0059330280711790495,3.520082209385045e-05,0.00026342676925128483,0.0007853141189696305,6.16718265789018e-07,0.00020917398002107124,-0.000790981102255048,6.256511039248736e-07,0.0001666184856308206
189,0.00017057285056087945,9.653020255136664e-05,0.00021537636853489564,0.000118846165983529,0.011527854772333767,0.00013289143565331507,0.00024995889538159677,-0.0002671199399344032,7.135306168137845e-08,0.00011806341663445075,-0.01251510363270677,0.0001566278189391035,0.00027810679358863943
190,0.00010652191094873142,4.6400574706062514e-05,0.00012101227174713773,7.461169704107522e-05,-0.007565882790424216,5.724258239869773e-05,0.0001482969169582793,0.004695882549853618,2.2051312921878008e-05,7.429154968829899e-05,-0.007740014780188951,5.9907828797611806e-05,0.0001404483485948349
191,-3.0679580638444115,1.0,1.0,0.0,0.0,1.0,1.0,0.0,1.0,1.0,0.0,1.0,1.0
192,0.00012680681704435592,3.4386539226716195e-05,0.0002158126057040984,0.00018142606647738221,-0.006327080547465479,4.003194825430434e-05,0.0002398329693228396,-0.005440169824610413,2.9595447721075807e-05,0.00019441534787667525,-0.005790701313684555,3.353222170476844e-05,0.00021318949991278036
193,2.3969946030266698e-05,9.642675598442452e-06,8.741862722302003e-05,7.777595162457758e-05,0.00466472219021904,2.1759633111795296e-05,5.1264401631057055e-05,0.0019250810493317116,3.7059370466829833e-06,0.00010732146195557846,0.001860767754597613,3.462456636849076e-06,0.0001036700180824246
194,1.7962866735166116e-05,5.030443623136686e-06,7.194423530831884e-05,6.691379168518215e-05,0.0013494236372281808,1.820944153019255e-06,7.045865057142553e-05,0.0017506188804597119,3.0646664647138167e-06,5.973899158506768e-05,-0.003194639299125192,1.0205720251676986e-05,8.56350637684633e-05
195,0.00010085380705437963,4.8429119216171955e-05,0.000301166474765191,0.00025273735554901905,-0.0062630504345968984,3.922580074577908e-05,0.0002901522957133862,0.007599502416416859,5.7752436976810095e-05,0.00029478398175286635,0.00695047623731513,4.830911992592668e-05,0.0003185631468293204
196,0.00015402725906432657,6.011303500426853e-05,0.0001585003516530644,9.838731664879585e-05,0.010628096218562049,0.00011295642923081495,0.0002228240312797114,-0.0014106471992952488,1.9899255210287237e-06,0.0001205885464429235,-0.008086578402583382,6.539275026096192e-05,0.00013208847723655825
197,0.00019655882138347458,0.0001293407174936719,0.0004901608594314322,0.00036082014193776024,-0.009307545893743588,8.663041056400367e-05,0.0004076888116181232,0.010393619818479409,0.00010802733293113764,0.000496882622262329,-0.013905553170790112,0.00019336440898587437,0.0005659111444138443
198,8.676113336147928e-05,2.5569080889205804e-05,0.00022748960562594492,0.0002019205247367391,0.004892224420266998,2.3933859778169086e-05,0.00030675049350015193,-0.0035238836917580257,1.2417756273142011e-05,7.792916633653224e-05,-0.006352607859479208,4.035562661630632e-05,0.0002977891570411506
199,-2.9593262012943424,1.2151242334187037e-05,0.0001273423940337063,0.00011519115169951928,0.00348586321212282,1.2151242335556312e-05,0.00012734239403466852,-0.0034858632121228207,1.2151242333779955e-05,0.0001273423940335583,-0.003485863212122823,1.2151242333224843e-05,0.00012734239403289216
200,4.9940479958765494e-05,3.3244908393958994e-06,0.00011612429579196022,0.00011279980495256432,-0.0005084126954553313,2.5848346874024486e-07,0.00012662090161574824,0.0011762102790869038,1.3834706207305203e-06,0.00010406020516962045,0.0028864369781041927,8.331518428716933e-06,0.000117691780590512
201,9.694194277110046e-05,1.1116408939767139e-05,0.00014147694284764403,0.00013036053390787689,0.0007780980091450944,6.054365114804838e-07,0.00015801264105508306,-0.004762352688253797,2.2680003127328874e-05,0.0001409177537090578,-0.003172347266729372,1.0063787180492056e-05,0.00012550043377879128
202,5.734509554089495e-05,5.469493519723774e-06,0.0001725181203041289,0.00016704862678440513,0.00300896339408114,9.053860707153305e-06,0.0001152806165777287,-0.0017923280446545627,3.212439819710866e-06,0.00021302021753322187,0.0020352346380449983,4.142180032307152e-06,0.00018925352680143614
203,-3.0679580638444115,1.0,1.0,0.0,0.0,1.0,1.0,0.0,1.0,1.0,0.0,1.0,1.0
204,2.7240219087176776e-05,3.6085459199271717e-06,5.2271514757433e-05,4.866296883750583e-05,0.0015576976570983042,2.4264219906644513e-06,7.623992634209209e-05,0.0023933839176629762,5.728286577189046e-06,4.17002623990248e-05,-0.001634297767193953,2.6709291919280176e-06,3.8874355531182125e-05
205,0.0001856103219599614,8.045688416158381e-05,0.00037601042418837033,0.0002955535400267865,0.011261321204526538,0.0001268173552715357,0.0004794379439304608,0.007405311213710949,5.4838634172105216e-05,0.0003606887424059124,0.00772752632096011,5.9714663041110505e-05,0.0002879045862287377
206,0.000213837741091516,7.224891815593715e-06,0.0003345185348859377,0.000327293643070344,-0.0005441375570910496,2.960856811951018e-07,0.00024860750837507606,-0.0039492367490854404,1.559647090021432e-05,0.00040844893852454156,-0.0024046036816478935,5.7821188653717215e-06,0.0003464991577581955
207,0.00010231543121719255,4.01083732896416e-05,0.0002363154216836009,0.0001962070483939593,-0.0005141804140256448,2.6438149813845513e-07,9.401768260808296e-05,-0.00814203575452567,6.629274622860226e-05,0.0002533219898449568,0.007332666100557876,5.3767992142184085e-05,0.00036160659259776295
208,-3.0679580638444115,1.0,1.0,0.0,0.0,1.0,1.0,0.0,1.0,1.0,0.0,1.0,1.0
209,1.7826055106473504e-05,6.6141289030152706e-06,0.00018148155469506952,0.00017486742579205425,0.0016487644490730756,2.7184242087363586e-06,7.152705165147655e-05,0.000633799463541815,4.0170175996667723e-07,0.00029531722517761594,-0.004089286091762291,1.6722260740342776e-05,0.00017760038725611604
210,0.00017353221463056734,0.00013463917576857684,0.00020335166606877397,6.871249030019713e-05,0.009591578756309026,9.199838303886043e-05,0.00018430068408425981,-0.011803754986293777,0.0001393286317769027,0.000167864166621845,0.01313737083625621,0.00017259051248996737,0.0002578901475002171
211,-3.0679580638444115,1.0,1.0,0.0,0.0,1.0,1.0,0.0,1.0,1.0,0.0,1.0,1.0
212,0.00019540821608410308,0.00015608993495290027,0.00027303687921194825,0.00011694694425904797,0.011498965203106533,0.00013222620074249125,0.0003481952594415194,0.01204583771306768,0.00014510220620933545,0.00019620389062502408,-0.013818154649097959,0.00019094139790687414,0.0002747114875693013
213,1.8619629285399064e-05,7.5797568007685e-06,0.00013614819313538065,0.00012856843633461215,-0.0023407539471535085,5.479129040808495e-06,0.0001449404027543677,-0.0031112529360767627,9.679894832248515e-06,0.00015761246338985568,0.0027532247509270886,7.580246529248491e-06,0.0001058917132619186
214,-3.0679580638444115,1.0,1.0,0.0,0.0,1.0,1.0,0.0,1.0,1.0,0.0,1.0,1.0
215,5.174191600243461e-05,1.4940111600895515e-05,0.0013799941913786862,0.0013650540797777906,-0.003069317782025561,9.420711646779267e-06,0.0018416211042264763,0.005931029128585829,3.517710652389816e-05,0.0011926398753578926,-0.0004717166863537001,2.2251663200911764e-07,0.0011057215945516896
216,0.0003218721257718382,9.985096049232774e-05,0.000298724064353606,0.00019887310386127827,0.008015158033347637,6.424275829930437e-05,0.00034926083633413096,0.015338706829457751,0.00023527592720007373,0.0003086931536477877,-0.00018492154475888777,3.419597760512261e-08,0.0002382182030788993
217,-3.06670879261598,6.040512035099255e-05,0.0005357861975669639,0.00047538107721597134,-0.007772073105082539,6.040512035065948e-05,0.0005357861975670009,0.007772073105082543,6.040512035032641e-05,0.0005357861975666678,0.007772073105082537,6.040512035199175e-05,0.0005357861975672229
218,9.063505509665504e-06,2.2547021636028695e-06,0.00022332633273292046,0.00022107163056931758,-0.0003004132631728855,9.024812863689391e-08,0.00029551766437951876,-0.00019151011681647396,3.6676124692824885e-08,0.00025853370454698155,0.0025762729353217824,6.637182237478889e-06,0.00011592762927226108
219,-3.0679580638444115,1.0,1.0,0.0,0.0,1.0,1.0,0.0,1.0,1.0,0.0,1.0,1.0
220,0.0009564606516045959,0.00019963466535177776,0.0005787842937783338,0.0003791496284265561,0.0007171838261406126,5.143526404793874e-07,0.00040075846544973537,0.003995522644527704,1.5964201202867123e-05,0.00020960852524476437,0.024133492126338175,0.0005824254422119868,0.0011259858906405018
221,0.01744762817456047,0.006224488990851966,0.01339145040859883,0.0071669614177468635,-0.1274470563648029,0.0162427521760532,0.03559311301134005,0.01762288836345952,0.0003105661942705007,0.002074182186013074,-0.046045071421729054,0.002120148602232197,0.0025070560284433663
222,-3.0679580638444115,1.0,1.0,0.0,0.0,1.0,1.0,0.0,1.0,1.0,0.0,1.0,1.0
223,0.0001209936078742091,7.078294081715637e-05,0.0003095011618577577,0.00023871822104060136,-0.010308083235856823,0.0001062565799972992,0.00033677240802731934,-0.006011384598318065,3.613674478930573e-05,0.00034731438735280395,-0.00836394031928572,6.99554976648642e-05,0.00024441669019314993
224,4.713255202182243e-05,5.362831430155701e-06,0.0002783156045106372,0.0002729527730804815,-0.002886575698000105,8.332319259896082e-06,0.0002826512717978291,0.002645644372302858,6.999434144505656e-06,0.00029541498910456987,-0.0008699085503772982,7.567408860653657e-07,0.0002568805526295126
225,4.134607349215447e-05,1.5049377295794919e-05,0.0001619784538705963,0.0001469290765748014,-0.0055484645215501,3.078545854684478e-05,0.00011809692351316681,-0.0016333842225577711,2.6679440177090896e-06,0.0002009485160145985,0.003419755740329785,1.1694729322830888e-05,0.00016688992208402365
226,5.988561244174573e-05,1.5367169635941796e-05,0.00011851384095721655,0.00010314667132127475,-0.006323385652723013,3.9985206112924665e-05,9.374534601347406e-05,5.647455219696076e-07,3.191891195797325e-13,0.00012060704555849622,0.002473115944746893,6.116302475711599e-06,0.00014118913129967936
227,-3.0679580638444115,1.0,1.0,0.0,0.0,1.0,1.0,0.0,1.0,1.0,0.0,1.0,1.0
228,-2.925737595622718,4.988810752515338e-05,0.00016090176608592652,0.00011101365856077314,0.007063151387683406,4.9888107524931335e-05,0.0001609017660854084,-0.0070631513876834055,4.988810752515338e-05,0.00016090176608574147,0.007063151387683405,4.9888107525375425e-05,0.00016090176608662965
229,0.0001612089777203174,6.81265969468825e-05,0.00015338979640640757,8.526319945952507e-05,0.005759249824227403,3.316895853788804e-05,0.00010207181515364816,0.008659494829824263,7.498685070816968e-05,0.00016540708933787673,0.009809382324855339,9.622398159458978e-05,0.00019269048472769779
230,-2.7036247444044927,5.920436900067975e-05,0.0003766737236290026,0.0003174693546283228,0.007694437536311736,5.9204369000309676e-05,0.00037667372362870655,-0.007694437536311742,5.9204369000753765e-05,0.0003766737236289286,0.007694437536311738,5.920436900097581e-05,0.0003766737236293727
231,-3.6301088002954973,1.298965485533691e-05,8.551972330287742e-05,7.253006844754051e-05,0.004252448318612634,1.8083316702166563e-05,8.907465159779804e-05,0.003454329466520013,1.1932392063207509e-05,8.417108043656807e-05,0.002992199157986511,8.953255800636661e-06,8.331343787426615e-05
232,0.0001056001888032343,9.158145738356419e-06,7.07042191163687e-05,6.154607337801228e-05,-0.0024318301534449103,5.9137978943857306e-06,8.269988398268424e-05,0.0023021256922868363,5.299782703249711e-06,6.377888414488275e-05,-0.004032475246960329,1.6260856617433816e-05,6.563388922153912e-05
233,-3.0679580638444115,1.0,1.0,0.0,0.0,1.0,1.0,0.0,1.0,1.0,0.0,1.0,1.0
234,4.0493034318633825e-05,1.2124933936800511e-05,0.00029076690573219083,0.0002786419717953903,-0.005802643038569799,3.3670666232832325e-05,0.00032993256822555495,0.0004583284080910848,2.100649297842594e-07,0.000263443499078142,0.0015792626910897506,2.4940706477849517e-06,0.00027892464989287546
235,-3.0679580638444115,1.0,1.0,0.0,0.0,1.0,1.0,0.0,1.0,1.0,0.0,1.0,1.0
236,5.3820400604420726e-05,1.2298844504710083e-05,0.0002159763231651679,0.00020367747866045782,0.0008000212543638161,6.400340074597111e-07,0.0001253535783030113,-0.0033446193836345834,1.1186478820923718e-05,0.0003073317582513724,0.005006997172544231,2.507002068574682e-05,0.00021524363294112003
237,0.00012938131010398202,2.6047781317169633e-05,0.0005434971116666428,0.0005174493303494732,-0.004693692133949744,2.2030745848500288e-05,0.00032181862353153345,-0.006804625299925574,4.630292547291859e-05,0.0011141100329514764,-0.0031320396915751098,9.809672630090027e-06,0.00019456267851691855
238,9.230843857399584e-06,1.8100986283187126e-06,0.00014691232187424852,0.0001451022232459298,0.00040159986595701485,1.6128245239332983e-07,0.0001600264696063336,-0.001983874799632579,3.9357592207522885e-06,0.00018454039597814997,0.0011546662771597326,1.3332542118105195e-06,9.617010003826199e-05
239,5.013785298957352e-05,2.1297137752969895e-06,0.00022410488182300625,0.00022197516804770925,0.0014635211389435268,2.1418941243966927e-06,0.00022015241777384453,0.002010147654812815,4.040693594276057e-06,0.0002422351969952885,-0.0004544816914671284,2.0655360721821836e-07,0.00020992703069988572
240,-3.0679580638444115,1.0,1.0,0.0,0.0,1.0,1.0,0.0,1.0,1.0,0.0,1.0,1.0
241,1.903185541973773e-05,7.423908247964721e-06,0.00011049138449529632,0.00010306747624733159,-0.0026604522112765572,7.078005967997569e-06,0.00011247214399057182,-0.0006956692364241428,4.839556868585504e-07,7.154570655298897e-05,0.003835330896777605,1.4709763089038042e-05,0.00014745630294232814
242,0.00012190413295720681,3.7795948386820655e-05,0.0002463738138696418,0.00020857786548282114,-0.009994445567742493,9.988894220636091e-05,0.0003459050977091538,-0.0022641958410352728,5.126582806269653e-06,0.0003125526924497857,0.0028934961807584912,8.372320147831402e-06,8.066365144998588e-05
243,0.00011965352339615709,4.625419088266636e-05,0.00012758424502738266,8.133005414471631e-05,0.006077047314770881,3.693050406572418e-05,0.00011209478513485305,-0.0016680161168226772,2.78227776528972e-06,0.0001154647432607403,0.009952376139215485,9.904979081698517e-05,0.00015519320668655467
244,8.351307814291609e-05,1.2459991429736306e-05,6.371055892995248e-05,5.125056750021617e-05,-0.005358726271970628,2.871594725861737e-05,0.00015353948404128737,-0.00162233289952579,2.6319640368255293e-06,1.6319817862875396e-05,0.0024560258536926375,6.032062993766019e-06,2.1272374885694667e-05
245,0.0015202123011129887,0.0006574397642952571,0.0010844451250276628,0.0004270053607324057,0.01463442737162792,0.00021416646449545773,0.0007354368181593518,-0.033533552979049204,0.0011244991753985856,0.0014919647676872039,-0.025172478086029165,0.000633653652991728,0.0010259337892364329
246,0.0005626029423020373,0.00016934916189674057,0.0005341331473109889,0.0003647839854142484,0.022312942343634113,0.0004978673960303048,0.001200245654659926,0.0020271350228702675,4.10927640093206e-06,0.00019474577064937382,-0.002463902039295948,6.070813258984842e-06,0.00020740801662366692
247,8.744652393011254e-05,7.030147825504152e-05,0.0001801669861459058,0.00010986550789086427,-0.008207480261133672,6.7362732236953e-05,0.00018298706217811933,0.008663312155958336,7.505297751164708e-05,0.00019190740781205307,0.008275791503921643,6.848872501652448e-05,0.000165606488447545
248,9.381087836957125e-05,9.035469184182077e-06,0.0003205162618750146,0.0003114807926908325,-0.00014970476055630908,2.2411514533082766e-08,0.00029477422649282214,0.00324112987608241,1.0504922873577627e-05,0.0003153223964846852,-0.0040717408026368146,1.657907316443552e-05,0.0003514521626475364
249,9.489631062331583e-05,2.5125957731186865e-05,0.00014114492333761053,0.00011601896560642366,0.008269300973564488,6.838133859121687e-05,0.00022393661032360512,0.002011111181375168,4.044568183703134e-06,0.00010938256342896135,-0.001718128755006802,2.9519664186405947e-06,9.011559626026511e-05
250,8.558599478436513e-05,3.8693266061466204e-05,0.0001824072457396649,0.0001437139796781987,-0.008887371731194901,7.89853762882542e-05,0.00017903524535312076,-0.003033707504258018,9.203381220790341e-06,0.00022537355045071372,-0.005281196898035198,2.7891040675354084e-05,0.0001428129414151602
251,0.00014583057641892605,0.00010146250164170627,0.00040359669452098384,0.00030213419287927756,-0.011876714481314726,0.00014105634687000546,0.00045641206291879843,0.010405371372345795,0.00010827175339556128,0.00045094704193837654,0.0074202024675290796,5.505940465955206e-05,0.0003034309787057765
252,0.00013527454209594225,4.046173260130459e-05,0.0003180203657668172,0.0002775586331655126,0.006501861462226656,4.227420247437941e-05,0.0004119501300228201,0.006551181285154104,4.291797623057203e-05,0.00022797475121572042,0.0060160634221213885,3.619301909896233e-05,0.000314136216061911
253,1.3200893456688512e-05,6.8019954032235335e-06,0.0002945988738493425,0.000287796878446119,-0.0006494026078823878,4.217237470349744e-07,0.00044989967210995463,0.002907440405130935,8.453209709546883e-06,0.0002559987017178855,-0.003395740383597434,1.1531052753088744e-05,0.00017789824772018736
254,9.361962331655427e-05,7.384019639807468e-07,9.279867900395071e-05,9.206027703996997e-05,0.00019274441691290398,3.715040997054331e-08,8.387632709994097e-05,0.00015453154666401493,2.3879998645170986e-08,6.948275998786002e-05,-0.001467710967172868,2.154175483326526e-06,0.00012503694992405112
255,0.00011300917966905466,3.273503447198678e-06,0.00026383961360920694,0.00026056611016200826,-0.0031119676525906306,9.684342671234525e-06,0.00022055701429402053,-0.0003684444648890349,1.3575132384868738e-07,0.00030231837092808966,-2.0404561784152048e-05,4.1634651282151935e-10,0.0002686434556055106
256,6.176971316318447e-05,5.076280928939525e-06,7.451643963810965e-05,6.944015870917013e-05,-0.0018498066015050607,3.4217844631090344e-06,4.5516970511805255e-05,-0.0018744241332540365,3.5134658313840106e-06,8.571360646658643e-05,-0.002879859804273155,8.29359249232553e-06,9.231874193593725e-05
257,-3.0679580638444115,1.0,1.0,0.0,0.0,1.0,1.0,0.0,1.0,1.0,0.0,1.0,1.0
258,1.7102152023995565e-05,6.7962800641696575e-06,8.560087822103342e-05,7.880459815686376e-05,-0.0034186152651497987,1.1686930331045176e-05,6.450230511512167e-05,-0.0013265150966262486,1.7596423019794472e-06,0.00011042783519632504,-0.002634818316231965,6.94226755948435e-06,8.187249435165356e-05
259,0.00027905347188317275,0.00011531305066721693,0.0003094871913506732,0.0001941741406834563,-0.014716121218142133,0.00021656422370719408,0.0003799312471263194,0.01062141556667293,0.00011281446863919964,0.00040114758115872284,0.00406945446652686,1.6560459655257098e-05,0.0001473827457669774
260,0.00011956025650561308,9.173739193513164e-06,0.00010684597404642115,9.767223485290799e-05,0.0006006102596613587,3.607326836130298e-07,0.00016565635862320072,0.004368932434049226,1.908757061286348e-05,7.236494939988347e-05,0.002841287434233173,8.072914284062982e-06,8.251661411617928e-05
261,0.00010342898224602326,2.9242341343752958e-05,0.00021317467928338996,0.000183932337939637,-0.007853978819894004,6.168498330305638e-05,0.00031847649959637625,0.0049745199365277566,2.474584859890605e-05,0.00019896494197424452,-0.001138504338802603,1.2961921292964362e-06,0.0001220825962795491
262,0.0008260429086335286,0.0003656196695357439,0.001469391480009426,0.0011037718104736822,-0.01851668467405712,0.0003428676113181872,0.001344510794966558,-0.00038012842107530774,1.444976175379864e-07,4.9968846712045156e-05,-0.027456272501405466,0.0007538468996715064,0.0030136947983496754
263,0.00015327460990777197,9.579504080203805e-05,0.000503875339976867,0.0004080802991748289,0.011264563686758995,0.00012689039505298094,0.0005252572874350214,0.005866532241707307,3.441620054345229e-05,0.0004197069203509818,-0.011228469477601272,0.0001260785268096809,0.0005666618121445977
264,4.135164392060631e-05,3.611883284685794e-05,0.00016638206938031827,0.00013026323653346034,-0.005707647167201838,3.2577236185438174e-05,0.0001566845015885665,-0.006335393278543339,4.013720799289633e-05,0.00015735152302143174,-0.00597009667942744,3.564205436223933e-05,0.00018511018353095654
265,-3.0679580638444115,1.0,1.0,0.0,0.0,1.0,1.0,0.0,1.0,1.0,0.0,1.0,1.0
266,0.0001128212670090667,5.2162636970091526e-05,0.00024046754818437174,0.00018830491121428022,0.00294625116730224,8.680395940263708e-06,0.00015279236593368495,-0.008606717427067012,7.407558486849375e-05,0.00039427033614725104,0.008586729884047784,7.373193010151713e-05,0.0001743399424721792
267,0.00010916014170481159,5.732900802120818e-05,0.00022698378078593132,0.00016965477276472313,-0.009941810993942372,9.883960583911833e-05,0.00033836408812926155,0.007799758543709757,6.083623334018906e-05,0.00021884079144895985,-0.0035087298106636793,1.231118488431715e-05,0.00012374646277957257
268,-3.0679580638444115,1.0,1.0,0.0,0.0,1.0,1.0,0.0,1.0,1.0,0.0,1.0,1.0
269,2.6278001640789306e-05,1.2175211570523517e-05,0.00011163261519760621,9.945740362708269e-05,-0.004532736832688685,2.0545703193985965e-05,0.00010931502840549889,-0.0039737542167559,1.5790722574737792e-05,8.726576028728061e-05,0.0004349815429398261,1.892089428467969e-07,0.00013831705690003915
270,0.0002511563065706879,0.00011562676045284714,0.00036256841689615477,0.0002469416564433076,-0.006617371213698193,4.378960177919833e-05,0.0002870312767870864,-0.013283655211947867,0.00017645549579059505,0.0003178741317465539,0.011253229926966531,0.00012663518378874805,0.0004827998421548241
271,0.00014511843659914536,6.570360996690135e-05,0.00036949531876506736,0.000303791708798166,0.0063637812985001966,4.049771241498856e-05,0.000532878492723321,-0.011888801615502173,0.0001413436038529836,0.0003223307936908171,0.003907622503855156,1.526951363273188e-05,0.000253276669881064
272,0.00013921145651552003,5.055506759621409e-05,0.00032083314310800876,0.00027027807551179467,-0.007481712985654934,5.597602919904521e-05,0.00022829473981322845,-0.009720077216508721,9.44799010945685e-05,0.0003211331875537793,0.0010996692662951324,1.2092724950285572e-06,0.0004130715019570186
273,-3.0679580638444115,1.0,1.0,0.0,0.0,1.0,1.0,0.0,1.0,1.0,0.0,1.0,1.0
274,0.00010587868880129747,3.534793932398935e-05,0.00025262823649833493,0.00021728029717434558,-0.002979723999632917,8.878755114016812e-06,0.0003003065870359478,-0.009234315005810763,8.527257362678231e-05,0.00017007946326841328,-0.003448548858701763,1.1892489231168923e-05,0.00028749865919064366
275,0.00010003342441000651,7.966358892182631e-07,0.00018863178705767295,0.00018783515116845467,-0.0010786040270704428,1.1633866476845611e-06,0.0002065366074135433,0.0009089449485015659,8.261809183451874e-07,0.0001650290788319797,-0.0006327243493575332,4.0034010162504075e-07,0.00019432967492749587
276,6.510101304058047e-05,2.1694050351128702e-05,0.00020473845519212533,0.00018304440484099663,0.003245281919068501,1.053185473443019e-05,0.00015592212075954404,0.005640113482829547,3.1810880099625294e-05,0.0001449063091036873,0.004768586396370853,2.273941621933062e-05,0.0003133869357131447
277,0.00024123192242553326,9.23304299591902e-05,0.00022928305809140811,0.00013695262813221792,-0.013001900490509857,0.0001690494163648637,0.0003618013603409187,-0.001699392505485248,2.887934887896293e-06,0.00018988892017579584,-0.010249582363424705,0.0001050539386248106,0.00013615889375750978
278,6.77860745668113e-05,2.0191337419520988e-05,0.00020584798100468463,0.00018565664358516365,0.0007965588031350413,6.345059269108333e-07,0.00022259682461300834,-0.0004551500307139325,2.0716155002542536e-07,0.0001612122360891144,-0.0077286703112825015,5.97323447816267e-05,0.00023373488231193118
279,0.0001695923765501206,5.976581163350906e-05,0.0002266646654780491,0.00016689885384454003,-0.004734549256970797,2.2415956666632653e-05,0.00024377659723995304,0.002479247925602029,6.146670276430122e-06,0.0001242187117055371,0.012277410474418115,0.0001507348079574644,0.0003119986874886571
280,-3.0679580638444115,1.0,1.0,0.0,0.0,1.0,1.0,0.0,1.0,1.0,0.0,1.0,1.0
281,0.00010192065876157841,2.5969896500943612e-05,0.0002459484647788039,0.00021997856827786028,-0.0013309485739695696,1.771424106067343e-06,0.00032849417174529716,0.0016969725103971763,2.879715701009644e-06,0.0002550304022080896,-0.008559120848295075,7.325854969575385e-05,0.00015432082038302486
282,5.727108333208886e-05,1.9995948558763448e-05,0.000327274646374498,0.0003072786978157345,-0.005023478477115095,2.52353360098434e-05,0.0002962513151274493,-0.0009609794279163563,9.234814606351449e-07,0.00040237128944786704,0.005816272707299975,3.3829028205811795e-05,0.00028320133454817764
283,0.00013465876300466917,8.690848820284518e-05,0.0002579341866708977,0.0001710256984680525,0.007271483310059023,5.287446952861874e-05,0.0001174762188742573,-0.011457864139136577,0.0001312826506312259,0.0002532846617440132,0.008750333962119843,7.656834444869087e-05,0.0004030416793944225
284,0.0004167664194658638,0.00011408802935071923,0.00036326435235071547,0.00024917632299999626,-0.0017053130852745825,2.9080927189673034e-06,0.0002104966049467638,-0.014941920380748598,0.00022326098466474154,0.0005657132376601925,0.010774739471014531,0.00011609501066844885,0.00031358321444519
285,-3.2855302680876806,4.046035558073295e-07,8.181242676715457e-05,8.140782321134724e-05,0.0003583425795965315,1.2840940399883038e-07,8.162487262097784e-05,0.0009395119565917671,8.826827160302031e-07,8.222030527371693e-05,0.0004502427650076023,2.0271854739295492e-07,8.159210240676895e-05
286,2.0791528858921104e-05,7.215815139479294e-06,0.0001554962646568292,0.0001482804495173499,0.0029706496483431605,8.824759333170284e-06,0.00014116397419616789,0.00218058500687759,4.754950971963545e-06,5.9493428880896815e-05,-0.0028403758753889467,8.067735113304053e-06,0.0002658313908934229
287,0.014191661683186085,0.004700667930545947,0.008030380551559394,0.0033297126210134467,-0.028223423539172735,0.000796561636271953,0.0033895641839988278,0.02226991059854168,0.0004959489180672572,0.0008079451242791746,-0.11317903179166477,0.01280949323729863,0.01989363234640018
288,0.0002404104784372585,0.00014096782796979568,0.0003252057170976356,0.00018423788912783995,0.004223639798697371,1.7839133149677444e-05,0.00019864966311045062,-0.014042547401015097,0.00019719313751032086,0.00036374681790973806,0.01441773953329756,0.00020787121324938873,0.00041322067027271814
289,0.00014885864528579873,5.8650885910653074e-05,0.0005000421812495862,0.0004413912953389331,-0.001319042137305953,1.7398721600114797e-06,0.0008906073147517679,-0.009364288289616053,8.76898951710503e-05,0.00024433447107963246,-0.009301768133038351,8.652289040089745e-05,0.0003651847579173584
290,0.00032226701500359667,0.00018515994518893594,0.0002858203584449696,0.00010066041325603367,0.010712091589073106,0.00011474890621243627,0.00020720691382203338,-0.014976482834319007,0.0002242950380869635,0.0003148386059874664,-0.014711760304857003,0.00021643589126740803,0.000335415555525409
291,-3.0679580638444115,1.0,1.0,0.0,0.0,1.0,1.0,0.0,1.0,1.0,0.0,1.0,1.0
292,8.73036119389825e-05,1.3038852580193883e-05,0.0002510762329530995,0.00023803738037290562,-0.0032963730073468883,1.086607500333514e-05,7.77726685677882e-05,0.005293119831986091,2.801711755584524e-05,0.0004057413627941431,-0.00048307885610162493,2.3336518140126827e-07,0.00026971466749736717
293,0.00025930791489281457,0.00012431973487000056,0.0004394809963933488,0.0003151612615233482,0.012702359669990858,0.0001613499411858843,0.00021428742314277827,-0.0045858458218358536,2.1029981902009887e-05,0.0007971840326733703,0.013805045509610557,0.00019057928152210746,0.0003069715333638978
294,-3.0679580638444115,1.0,1.0,0.0,0.0,1.0,1.0,0.0,1.0,1.0,0.0,1.0,1.0
295,-3.0679580638444115,1.0,1.0,0.0,0.0,1.0,1.0,0.0,1.0,1.0,0.0,1.0,1.0
296,1.5219455713921803e-05,2.9190240815601953e-06,8.266374615584215e-05,7.974472207428196e-05,-0.00015801667295309375,2.4969267542473972e-08,4.567357428109098e-05,-0.002925280930589192,8.55726852300176e-06,0.00015714124433063859,-0.00041813210095732734,1.7483445413635224e-07,4.51764198557969e-05
297,0.00010020199892246673,2.8624236479646292e-05,0.0001077822640709325,7.91580275912862e-05,-0.005278925751416015,2.786705708923698e-05,0.00013081747921028786,-0.0007269232271328998,5.284173779651624e-07,3.689974184972744e-05,0.007581374213932811,5.7477234971736735e-05,0.0001556295711527822
298,0.00012356429210880204,5.122190745920907e-05,0.0002097778914586327,0.00015855598399942364,-0.0022450544944781934,5.040269683287413e-06,0.00011493895806180543,-0.006249243747464924,3.9053047415027464e-05,0.00026329454563611687,-0.010467683854572852,0.00010957240527931233,0.00025110017067797585
299,6.195082493509751e-05,3.612995608263484e-05,0.0003403099758833387,0.00030418001980070386,-0.003966216407816176,1.5730872593211487e-05,0.0006035802299273474,-0.00694482339055098,4.823057192548941e-05,0.00020211938740921642,-0.006665465004673067,4.4428423729203637e-05,0.0002152303103134523
300,0.0007166463473180507,0.00022813360563100904,0.0007088982058737203,0.0004807646002427113,-0.01141831674100152,0.00013037795719839096,0.0004920163823991519,0.023521072566880526,0.0005532408546965462,0.0008430249936179912,0.0008843104648131083,7.820049980900023e-07,0.0007916532416040178
301,0.00010323837889791854,3.92678719436379e-05,0.00018293316546325045,0.00014366529351961255,-0.0085776811290791,7.357661355245071e-05,0.0001697764587503814,0.004794542284321591,2.2987635716176236e-05,0.00018459173167395537,-0.004608618726131007,2.1239366562286754e-05,0.00019443130596541458
302,-3.0679580638444115,1.0,1.0,0.0,0.0,1.0,1.0,0.0,1.0,1.0,0.0,1.0,1.0
303,-3.0679580638444115,1.0,1.0,0.0,0.0,1.0,1.0,0.0,1.0,1.0,0.0,1.0,1.0
304,-3.0679580638444115,1.0,1.0,0.0,0.0,1.0,1.0,0.0,1.0,1.0,0.0,1.0,1.0
305,-3.0679580638444115,1.0,1.0,0.0,0.0,1.0,1.0,0.0,1.0,1.0,0.0,1.0,1.0
306,-3.0679580638444115,1.0,1.0,0.0,0.0,1.0,1.0,0.0,1.0,1.0,0.0,1.0,1.0
307,-3.0679580638444115,1.0,1.0,0.0,0.0,1.0,1.0,0.0,1.0,1.0,0.0,1.0,1.0
308,4.162232433357893e-05,2.239720007346513e-06,6.689875187511814e-05,6.465903186777162e-05,1.300994264873247e-05,1.6925838508541347e-10,5.607788942374459e-05,-0.0025904223325055563,6.710287860256514e-06,8.702555912221133e-05,9.32893527799869e-05,8.70290339793911e-09,5.759280707939851e-05
309,0.0017596894215524683,0.0012819854863883224,0.0031861313621195007,0.0019041458757311782,-0.032619430344531804,0.0010640272360022962,0.0025852667230564785,-0.031987568255022275,0.0010232045228701914,0.0025441975328752697,0.041937151790415406,0.00175872470029248,0.004428929830426753
310,0.0005262871621553034,0.00015651730534767724,0.00045237827567382965,0.00029586097032615244,0.011050986669286798,0.0001221243063647126,0.0003047115770443698,-0.0136116278755097,0.00018527641342147572,0.000390623579147209,0.0127338602260707,0.00016215119625684338,0.0006617996708299101
311,0.00012382675928890308,6.0159232478003886e-05,0.0002544691739843434,0.00019430994150633948,-0.008967679148525084,8.041926931101617e-05,0.0002597961996000375,-0.006077998571843178,3.694206663917843e-05,0.00015821791204917446,-0.007944580636121447,6.311636148381705e-05,0.0003453934103038181
312,-2.852699381735861,1.62909916856524e-06,0.00012380554422734372,0.00012217644505877848,0.001276361691923639,1.6290991676770616e-06,0.00012380554422652956,0.0012763616919236377,1.6290991691203516e-06,0.00012380554422786183,0.0012763616919236381,1.629099168898307e-06,0.00012380554422763979
313,0.0001490917864782615,1.27311393541459e-05,0.00020933154046454128,0.00019660040111039537,0.002854631426284663,8.148920580097752e-06,0.0001883858455693499,-0.002979062154211174,8.874811318504428e-06,0.00021573814167774596,0.004601052723419949,2.116968616383552e-05,0.00022387063414652797
314,-1.0012854900111123,1.2899507734198679e-06,0.0001145418064330365,0.00011325185565961664,-0.0003374503056556131,1.1387270903995272e-07,0.00011418080342462389,0.000846059682444935,7.158169862409025e-07,0.00011413079629396528,0.0017436062128095477,3.0401626249787483e-06,0.00011531381958052034
315,1.667492191703701e-05,6.032266439137679e-06,0.00012244703604065896,0.00011641476960152128,0.0023719936340763485,5.626353799859096e-06,0.00010758456929615967,0.0019215208925411232,3.6922425405983006e-06,0.00011692861024692469,0.0029628032295502846,8.77820297695564e-06,0.00014282792857889248
316,1.4743118125659649e-05,6.813308837450016e-06,0.00016558363066817203,0.000158770321830722,-0.0008581807865310824,7.364742622417708e-07,0.00019961539125212813,-0.0025640149092095135,6.574172454310023e-06,0.00015348837222584066,-0.0036234348063742803,1.3129279795798254e-05,0.00014364712852654726
317,0.00011168471084155307,3.537285042221061e-05,0.00030214225691653035,0.00026676940649431974,0.003343432276236582,1.1178539385814368e-05,0.000218975665292942,-0.009460217476692257,8.949571470584505e-05,0.0004922065493569994,-0.0023333017754316983,5.444297174972412e-06,0.00019524455609964964
318,-2.501201515115667,5.811331134456902e-07,0.00013419083285977815,0.00013360969974633247,0.0005543439151727713,3.072971762607679e-07,0.00016525699405833816,0.0006570663480059115,4.31736185690923e-07,0.0001716283779322758,-0.0010021806118489423,1.0043659783853798e-06,6.568712658872045e-05
319,3.396683377121512e-05,3.5121121283824643e-06,0.00014382112884825382,0.00014030901671987137,0.0023918134870023686,5.720771756534404e-06,0.00014710626132719007,0.0003463238230155359,1.199401903351216e-07,7.821561516052622e-05,-0.0021669389558557108,4.695624438277868e-06,0.00020614151005704517
320,9.15936568154363e-05,3.621193031644321e-05,0.00024201701374785647,0.00020580508343141327,-0.0037256385055834786,1.3880382273900871e-05,0.00015374815806812325,0.0038858964073982152,1.5100190889016929e-05,0.00029040753106612804,0.008924977186882697,7.965521778641182e-05,0.00028189535210931815
321,0.0001553313047594207,6.786543599298274e-05,0.00017082137708102074,0.000102955941088038,0.006446962331765456,4.1563323307292066e-05,0.00019327968333315848,-0.00573766757524053,3.292082920458572e-05,0.00010069607015894544,0.011362752988059482,0.00012911215546707044,0.0002184883777509583
322,4.467551995956942e-05,6.298995810801363e-06,0.0001033710692615782,9.707207345077684e-05,0.000520478555639262,2.708979269794298e-07,9.73885656516682e-05,-0.00039666770448628356,1.5734526748190092e-07,0.00010057705404342698,-0.004297527689053835,1.8468744237942758e-05,0.00011214758808963943
323,3.8323876805357315e-05,1.2503603702899527e-05,0.00016212650301983267,0.00014962289931693315,-0.0017328897043740554,3.0029067272785426e-06,0.0001597657768294125,0.005874016660119004,3.4504071723229224e-05,0.0001524302063751204,-6.190846578728035e-05,3.8326581908165736e-09,0.0001741835258549651
324,0.00010006307510546097,2.4441944956543615e-05,0.0004593928738102493,0.0004349509288537057,-0.006024087662515053,3.6289632165731334e-05,0.0004373917203741584,6.809214277939066e-05,4.636539707725262e-09,0.0002635338500921458,0.006085356699828162,3.703156616419179e-05,0.0006772530509644437
325,0.0006838095474817063,0.0002999211456338931,0.000506587620345722,0.00020666647471182892,0.024431043831983527,0.0005968759027202841,0.0009050319925130168,-0.015087997236039366,0.00022764766059479857,0.000472290450129087,-0.00867409209004579,7.523987358659667e-05,0.00014244041839506227
326,6.24768078738569e-06,1.5133666759018876e-06,0.00015249553358838894,0.00015098216691248706,-0.0015145759867775362,2.2939404190625012e-06,0.0002281795708772849,-0.0009484587657649524,8.995740305994815e-07,0.00011933301501709792,0.0011604247399666515,1.3465855780436797e-06,0.00010997401487078395
327,0.00020031377937990147,4.983820302414029e-05,0.0004239956526541633,0.000374157449630023,-0.0016970443806332807,2.8799596296646968e-06,0.00042772319194051,-0.007623650047995501,5.8120040054676636e-05,0.00029734293191441274,-0.009408220309307425,8.851460938807953e-05,0.0005469208341075671
328,0.0001037010931026483,5.826093130393654e-05,0.0001703093212336304,0.00011204838992969388,-0.01011826878440094,0.00010237936319312801,0.0001781088879133641,-0.004635580472826588,2.1488606320008152e-05,0.0001362643243187911,0.007135462451615346,5.091482439867345e-05,0.00019655475146873602
329,-3.0679580638444115,1.0,1.0,0.0,0.0,1.0,1.0,0.0,1.0,1.0,0.0,1.0,1.0
330,-3.0679580638444115,1.0,1.0,0.0,0.0,1.0,1.0,0.0,1.0,1.0,0.0,1.0,1.0
331,0.00026029015647344167,8.53555129387562e-05,0.00017927051217262827,9.391499923387206e-05,-0.0028704860037987645,8.23968989782653e-06,0.00018441510811673112,0.01528979316854761,0.0002337777751368897,0.00029197484763876513,-0.003748209410068524,1.4049073781552401e-05,6.142158076238857e-05
332,-2.9720099075853237,3.8667022953890275e-08,0.00011977754176092,0.0001197388747379661,0.0001966393215424839,3.866702280586054e-08,0.00011977754176051292,0.00019663932154248396,3.866702225074903e-08,0.00011977754176029087,0.00019663932154248388,3.866702380506126e-08,0.00011977754176195621
333,-3.0679580638444115,1.0,1.0,0.0,0.0,1.0,1.0,0.0,1.0,1.0,0.0,1.0,1.0
334,-3.0679580638444115,1.0,1.0,0.0,0.0,1.0,1.0,0.0,1.0,1.0,0.0,1.0,1.0
335,1.2339472029054832e-05,2.7410407250257527e-06,0.0021985838542974236,0.0021958428135723978,-0.0015243494847087388,2.3236413514426957e-06,0.0028089281292952295,0.0013905408786579327,1.933603935522221e-06,0.0008401722741209205,0.001991450950401481,3.965876888112341e-06,0.0029466511594761213
336,6.095211741630191e-05,9.497748326925404e-06,0.00010243502235266859,9.293727402574319e-05,-0.0034141992017760526,1.1656756189415418e-05,0.00010513909002185517,-0.0028437526130612885,8.086928923733971e-06,0.00010085384618296889,0.002957965494507596,8.749559867626822e-06,0.00010131213085318169
337,1.925923665235807e-05,6.8767816108576225e-06,0.00015940790802349003,0.00015253112641263242,-0.0014144804708678786,2.0007550024514487e-06,0.00011265425006978802,-0.00040976440627630076,1.6790686863110693e-07,0.00016191514722208034,-0.004296706059499527,1.846168296149031e-05,0.00020365432677860174
338,2.4524272432713268e-05,9.309360636737077e-06,0.0002032447311821247,0.00019393537054538762,0.0030421359025187248,9.254590849883115e-06,0.00017952419131861408,-0.003095433654815183,9.581709511707892e-06,0.0002397016500739202,0.003015258122969271,9.091781548620226e-06,0.00019050835215383977
339,7.080687373073324e-05,3.152535382348424e-05,0.00028035423859936365,0.0002488288847758794,-0.0061659483923001525,3.8018919576554566e-05,0.00029400643110499836,0.0038298612787716207,1.4667837414661378e-05,0.0002493113667646485,0.00647219471891806,4.188930447923678e-05,0.00029774491792844415
340,5.191288457306875e-05,1.7047539451124177e-05,0.00015452642248059423,0.00013747888302947006,0.001327958608554158,1.7634740659966397e-06,0.00020860609104467187,0.006262591271436439,3.9220049433241755e-05,0.00014561017111125452,0.0031873335022306816,1.0159094854134132e-05,0.0001093630052858563
341,0.000148664472317539,4.080018364401491e-05,0.00014671735712486664,0.00010591717348085172,0.00011097797818594318,1.2316111464016899e-08,5.795918021944679e-05,0.010915228258103853,0.00011914220792663688,0.00017044642231556217,0.001801673359346381,3.246026893943821e-06,0.00021174646883959092
342,0.0003637956160609246,0.00010092860448703463,0.00043296754798823517,0.00033203894350120056,-0.012646338888369052,0.00015992988727964175,0.0002828600219589861,-0.008134183937295808,6.61649483260085e-05,0.0006034786079966992,0.008757338514379874,7.669097785545365e-05,0.0004125640140090203
343,-3.0204426252388386,3.094220263707056e-05,0.00013149016195893962,0.00010054795932186905,0.005562571584883357,3.094220263710756e-05,0.00013149016195945773,0.005562571584883359,3.094220263688552e-05,0.00013149016195801444,-0.005562571584883358,3.0942202637218585e-05,0.0001314901619593467
344,9.158637456097019e-05,1.535305928886584e-05,0.0002634587958261214,0.0002481057365372556,-0.004586306946815478,2.1034211410309034e-05,0.0002772041168304096,0.0009616484183626681,9.247676805435034e-07,0.0003006746462881349,0.0049091953287313285,2.4100198775744985e-05,0.00021249762435981978
345,0.0005776588244573722,0.0001542602972801991,0.00027754112897315775,0.00012328083169295864,0.00148063876638114,2.192291156277726e-06,0.00018323832984834532,-0.0038715319848128035,1.4988759909573268e-05,9.211914527218479e-05,-0.021109235911673976,0.00044559984077474635,0.0005572659117989431
346,0.00013107286525715356,4.457023432176873e-05,0.00014708439133896226,0.00010251415701719352,-0.008636845751315092,7.459510453156071e-05,0.00017973762711864794,0.007627652969601779,5.818108982469372e-05,0.00010057282346787044,0.0009666998547838599,9.34508609051754e-07,0.00016094272343036842
347,2.900118165982679e-05,3.925332007585306e-08,4.451837408832778e-05,4.447912076825193e-05,-0.0002708615522056921,7.336597951379531e-08,4.401315840663056e-05,1.9823561230126794e-05,3.929734315732958e-10,4.531094751858422e-05,0.00020976416930941093,4.4001007282190585e-08,4.423101633976856e-05
348,0.005766289503537525,0.0013927633016808845,0.0047947736756147235,0.003402010373933839,0.018455696926383512,0.0003406127490385158,0.0025854741385591407,0.04342338715833525,0.0018855905523026406,0.005212604041810565,-0.044182424149217706,0.0019520866037014972,0.006586242846474466
349,0.0007186599919363212,0.0003328057166655703,0.0022973141399423116,0.001964508423276741,-0.014782732156641491,0.00021852917001463634,0.0026641708387568075,-0.007875825217553638,6.202862285731303e-05,0.001229390486752302,-0.026792897512673018,0.0007178593571247616,0.0029983810943178257
350,0.0018606063388154626,0.0005647832067866935,0.0013816512367336535,0.0008168680299469601,-0.021882626596232267,0.000478849346750021,0.001380500286666475,0.03243176259202865,0.0010518192248258895,0.0016443678960988972,0.012793789461470752,0.00016368104878417,0.001120085527435588
351,-3.0679580638444115,1.0,1.0,0.0,0.0,1.0,1.0,0.0,1.0,1.0,0.0,1.0,1.0
352,-3.0679580638444115,1.0,1.0,0.0,0.0,1.0,1.0,0.0,1.0,1.0,0.0,1.0,1.0
353,4.677188976243141e-05,2.6780314696569125e-05,0.00029686481621119903,0.0002700845015146299,-0.001287433149375366,1.6574841140704066e-06,0.00029964634688639524,-0.006576463550940748,4.324987283677029e-05,0.0002314066434033757,0.0059526117913646474,3.5433587138866685e-05,0.0003595414583438261
354,0.00010871567795722736,4.638335136305146e-05,0.00029652562775920693,0.0002501422763961555,0.009824157188133965,9.651406445676525e-05,0.0003857793603441184,0.006428500657646104,4.132562070535695e-05,0.0002785542936175611,0.0011447134693077072,1.3103689270321794e-06,0.0002252432293159412
355,0.00014245857712869014,9.461860364227508e-05,0.0002686248651595502,0.0001740062615172751,0.009744814570756277,9.496141101816846e-05,0.00023911000448861852,-0.01024327541430654,0.00010492469121281545,0.0002945607680120421,0.009163498714779778,8.39697086958413e-05,0.00027220382297798995
356,-3.0679580638444115,1.0,1.0,0.0,0.0,1.0,1.0,0.0,1.0,1.0,0.0,1.0,1.0
357,5.727775570196769e-05,8.706825800416004e-06,0.00025037869061902046,0.00024167186481860445,0.002818772633851099,7.945479161275415e-06,0.0002935099986977052,-0.0003924705855917185,1.5403316078188567e-07,0.00021926289596352344,-0.004245110726397247,1.802096507919071e-05,0.00023836317719583278
358,0.0004778816045960532,0.00018232112800623904,0.0006191886385928935,0.0004368675105866545,0.004641982444517114,2.1548001015281315e-05,0.00013712560097478566,0.017215286283400542,0.000296366081819488,0.0012291249095710555,-0.015134374819735416,0.00022904930118394784,0.0004913154052328395
359,0.00011468750005760864,5.0669424355609394e-05,0.00032985919301320443,0.00027918976865759504,0.007861563173748806,6.180417553469653e-05,0.00030686420666325986,-0.007295901335306477,5.323017629410565e-05,0.0004390093374511128,-0.006080618491383912,3.697392123802601e-05,0.00024370403492524062
360,-2.8022803277223,5.922991242431526e-06,0.00012182616345949675,0.00011590317221706523,0.002433719631075592,5.922991242690578e-06,0.00012182616345957076,-0.0024337196310755937,5.922991240914222e-06,0.00012182616345834951,0.0024337196310755906,5.922991243689779e-06,0.00012182616346056996
361,0.00028060831157161736,7.519190762531973e-05,0.00019262158974486798,0.00011742968211954825,0.003935063821569012,1.5484727279524435e-05,7.213336107769752e-05,-0.01161767388873536,0.00013497034658505047,0.00023672791742823662,0.00866721691266285,7.512064901138427e-05,0.0002690034907286698
362,6.902470160397023e-05,1.376200595289608e-05,6.051730401172387e-05,4.675529805882779e-05,-0.0028724849712918697,8.251169910322709e-06,5.703237700283026e-05,0.005742657778052463,3.297811835545339e-05,8.25930202577041e-05,0.00023817974920184296,5.672959291214141e-08,4.192651477463727e-05
363,3.516477466625201e-05,1.1239205216247624e-05,0.00010682936321852281,9.559015800227519e-05,-0.002759149820221086,7.612907730436547e-06,0.00016000166064489285,0.0021103991441301074,4.4537845474978965e-06,4.171962566734688e-05,-0.004653055272692686,2.1650923370808428e-05,0.00011876680334332868
364,3.0064588200762188e-05,8.168721378098986e-06,0.00012802641407986629,0.0001198576927017673,-0.001804599570181771,3.25657960897896e-06,0.00013249542498094957,0.0013450412291867771,1.8091359094141168e-06,0.00012562836139162759,-0.004409132410670209,1.9440448615903883e-05,0.00012595545586702173
365,-3.0679580638444115,1.0,1.0,0.0,0.0,1.0,1.0,0.0,1.0,1.0,0.0,1.0,1.0
366,5.428396905771127e-05,2.07089222355276e-05,0.00020429200691470437,0.00018358308467917678,0.006269246904005033,3.9303456743522425e-05,6.946636410287699e-05,0.0025270283366751237,6.385872214353938e-06,0.00034889771320767426,-0.004054311007936026,1.643743774870643e-05,0.00019451194343356182
367,-3.0679580638444115,1.0,1.0,0.0,0.0,1.0,1.0,0.0,1.0,1.0,0.0,1.0,1.0
368,6.623157131024904e-05,2.295328054646717e-05,7.821876263628773e-05,5.526548208982056e-05,0.004376934585032873,1.9157556361726336e-05,6.900057788583602e-05,0.006917920740850992,4.785762737724575e-05,0.00013729294098641098,-0.0013581818362718811,1.844657900429425e-06,2.8362769036616164e-05
369,0.00018471133202035972,3.396786052656253e-05,0.00034754307913235455,0.000313575218605792,-0.00630124126044021,3.970564142219413e-05,0.00043003761063298285,0.002337800171120608,5.46530963985159e-06,0.0003047262174248333,0.007532106645413029,5.673263051764188e-05,0.00030786540933924744
370,-3.0679580638444115,1.0,1.0,0.0,0.0,1.0,1.0,0.0,1.0,1.0,0.0,1.0,1.0
371,-1.810640776213059,2.628218965213443e-05,0.00011078682370346815,8.450463405133372e-05,-0.0046826551555002715,2.192725930505457e-05,0.00010849610844765323,0.0055577433851072035,3.088851153543182e-05,0.0001140282021305783,-0.005102038623583182,2.603079811591691e-05,0.00010983616053217293
372,0.00018818054135383289,5.438708632247528e-05,0.000394485354567727,0.0003400982682452517,0.007350612840949307,5.403150913751986e-05,0.00041718456117856295,0.005236203106303788,2.741782297022155e-05,0.00022163232237415453,-0.00903946496532764,8.171192685968443e-05,0.0005446391801504635
373,0.0003255354049138681,0.0001036983758206933,0.0002977719700215283,0.00019407359420083498,0.009848056975663278,9.698422619597302e-05,0.0002123423751403397,-0.0072626912233939534,5.274668380594871e-05,0.00018758405209429174,-0.012702921611200173,0.00016136421746015817,0.0004933894828299534
374,8.362180068977043e-05,7.491013711176849e-05,0.00020555620045788667,0.00013064606334611817,-0.008705122068994976,7.577915023659898e-05,0.00021280743991802797,0.008605165912587117,7.404888038287094e-05,0.00019800111785872598,-0.00865461615069615,7.490238071583555e-05,0.00020586004359690602
375,0.00011627549470472065,9.290173485646905e-06,0.00018240631128267162,0.00017311613779702473,-0.0014706266851109893,2.1627428472559274e-06,0.00017857613467597844,0.0025086282493498036,6.293215693675691e-06,0.00014047187192944843,0.004406195855368632,1.94145619160091e-05,0.00022817092724258803
376,0.002335890188253087,0.0008780058701166974,0.0019163706584402658,0.0010383647883235683,0.03611419141071619,0.0013042348212500832,0.002120658376972062,-0.036355427759568335,0.0013217171275814454,0.001904819863964069,0.002840010830734405,8.065661518563694e-06,0.0017236337343846664
377,0.0001907370612995729,4.756761802130841e-05,0.00021067082558908398,0.00016310320756777558,0.0032004135123674883,1.0242646650060472e-05,0.00023717819849788935,-0.009728134432257899,9.463659953157233e-05,0.00017385768507960364,-0.006150090071056828,3.782360788229244e-05,0.00022097659318975893
378,0.0003947567968665133,0.00019294700447003432,0.0012362049767474053,0.001043257972277371,-0.0023831283915091606,5.679300930205855e-06,6.580495654062712e-05,0.01419601498614836,0.00020152684148710964,0.002318028740689315,0.019277833669604866,0.00037163487099278747,0.0013247812330122732
379,-3.0679580638444115,1.0,1.0,0.0,0.0,1.0,1.0,0.0,1.0,1.0,0.0,1.0,1.0
380,0.00012721932990633622,8.073351543961642e-05,0.0004993609568785621,0.00041862744143894565,0.008941658964446248,7.995326503673628e-05,0.0007392394293920246,0.006631868320569215,4.398167742136749e-05,0.0002230884725502591,0.010874999028096242,0.00011826560386074547,0.0005357549686934027
381,-2.9078582903531003,2.3983495324397808e-05,0.00014996041270624408,0.00012597691738184627,-0.005496183739629605,3.0208035699641478e-05,0.00017557909667531568,-0.0035790684006229236,1.2809730617013848e-05,9.848675874735147e-05,-0.005378914356773668,2.8932719656538097e-05,0.00017581538269606511
382,9.205530142031293e-05,1.4338186350659754e-05,0.0003599013671474749,0.00034556318079681514,0.0026630628778214678,7.091903891254248e-06,0.0003672937753654848,-0.005013169687585533,2.513187031671915e-05,0.00036708097853588306,0.003284933004429241,1.0790784844005863e-05,0.0003453293475410568
383,-3.0092254430001493,2.757576861208329e-05,0.00010498295493758618,7.740718632550289e-05,0.00675384360098156,4.5614403386240454e-05,7.39398320026563e-05,8.517502541815452e-05,7.254785328036917e-09,0.00016265417218519485,-0.006091440524624574,3.7105647664681385e-05,7.835486062490737e-05
384,0.001294208826323584,0.0012399157116945354,0.0014713291879782469,0.00023141347628371145,-0.035499115371393865,0.0012601871921519292,0.0014568202414652065,-0.03516989011557242,0.0012369211707414784,0.0014268470869011063,-0.03496625190366252,0.0012226387721901988,0.0015303202355684276
385,4.96602197495033e-05,2.608803512393898e-05,0.00037502926312312407,0.0003489412279991851,-0.005623233596805911,3.1620756083206025e-05,0.00037367355796802393,0.0006156354080176192,3.790069555975606e-07,0.0002825248163578209,0.006801789641866249,4.626434233301335e-05,0.00046888941504352744
386,6.337515987120401e-05,3.3823573980888234e-05,0.0001477103196411885,0.00011388674566030027,-0.007507066328667233,5.635604486264878e-05,0.0001471921124397424,-0.006087408096486865,3.705653733343528e-05,0.00011883556071468071,0.0028386862712665704,8.05813974658065e-06,0.00017710328576914236
387,4.810105919605956e-05,1.1165843257110453e-05,0.00016337882556590375,0.0001522129823087933,-0.000358537309427979,1.2854900210967912e-07,0.00012734025505556357,0.004765945196396749,2.271423361488445e-05,7.231136903340651e-05,0.003264161018399813,1.065474715433723e-05,0.00029048485260874113
388,1.599870496937772e-05,1.1718198397181467e-06,0.00014457335857368894,0.0001434015387339708,-0.001772527291445021,3.141852998767014e-06,0.00018190894318492745,0.0005580565620345387,3.1142712686449414e-07,0.00012058175611751043,-0.0002493579626957819,6.2179393522932e-08,0.00013122937641862897
389,0.00021197520990134944,7.132294852596477e-05,0.0003262314909652601,0.00025490854243929534,0.014242605645586142,0.00020285181557566645,0.0004487077361202685,0.001884638995206584,3.551864142137262e-06,0.00017941053072900726,-0.002750484659129803,7.565165860090595e-06,0.0003505762060465045
390,0.00012525533805984868,2.929363980915441e-05,0.00015505142157242377,0.00012575778176326935,0.008294468822073863,6.87982130405107e-05,0.00015452062303289438,0.001057995961218988,1.1193554543265094e-06,6.491213498127646e-05,0.0042383193523600204,1.796335093262602e-05,0.00024572150670310045
391,1.7906967542224983e-05,3.065475973507148e-06,9.54376147581278e-05,9.237213878462065e-05,-0.0025162317446029057,6.331422192529246e-06,0.00014147983941847908,0.0014705990315249367,2.1626615116510095e-06,6.471844369193569e-05,0.0008380597928724748,7.023442163411886e-07,8.011456116396865e-05
392,0.0008440990813690652,0.0002980757283399897,0.0005569286221415171,0.0002588528938015274,0.01924666193086983,0.00037043399548097877,0.000577152758030941,-0.004719961739314532,2.227803882071111e-05,0.00022421287547114144,0.02239453394733376,0.0005015151507182791,0.0008694202329224687
393,-2.9100055570501864,4.150141134466138e-05,0.00022053246192177411,0.00017903105057711274,-0.0012474877382783992,1.5562256568957267e-06,0.00019733782587860738,-0.00822203500971129,6.760185970167143e-05,0.00017682504450944325,0.0074394992220276485,5.5346148675416984e-05,0.0002874345153772717
394,-3.0679580638444115,1.0,1.0,0.0,0.0,1.0,1.0,0.0,1.0,1.0,0.0,1.0,1.0
395,-3.0679580638444115,1.0,1.0,0.0,0.0,1.0,1.0,0.0,1.0,1.0,0.0,1.0,1.0
396,5.979711176662406e-06,5.397404983620291e-06,0.0003631470684887968,0.0003577496635051765,0.0022851321835409485,5.221829096124786e-06,0.0003507120910234418,0.0022860744673010207,5.226136470026788e-06,0.00035021320535033595,-0.0023967163756411173,5.744249384709299e-06,0.0003885159090926127
397,0.00013497800067574506,4.262648308421083e-05,9.789903904503887e-05,5.5272555960828036e-05,-0.010306061970419602,0.00010621491333828725,0.00012965274625598155,-0.0046040657884683185,2.119742178452455e-05,0.00010453762185536064,0.0006834574820009946,4.6711412982070044e-07,5.95067490237744e-05
398,-5.093666373854757,3.519662943207713e-06,8.774719489264744e-05,8.422753194943973e-05,0.002063157938509289,4.25662067971011e-06,8.926828955857502e-05,-0.001963714763710311,3.85617567300045e-06,8.840864698234085e-05,0.0015640308427508464,2.4461924769125787e-06,8.556464813702647e-05
399,0.00030787147919431046,5.788491049389203e-05,0.0001973305835957969,0.00013944567310190487,-0.00016048550536066033,2.5755597210519454e-08,0.00012718177690229648,-0.0068923891510573225,4.750502820993763e-05,0.00016458353800852255,0.011230491871434864,0.00012612394767452795,0.0003002264358765716
400,9.218458607085367e-05,6.696063864127429e-06,0.0001422650136687631,0.00013556894980463566,0.00363690797892099,1.3227099647461493e-05,0.00019126110732792245,-0.0015153486614017297,2.296281565672409e-06,5.888671051557104e-05,-0.0021365416866482817,4.564810379248385e-06,0.0001766472231627958
401,0.001192524283722407,0.0003935571439748579,0.0007220966332767512,0.0003285394893018933,0.006368291952054179,4.055514238632263e-05,0.0003800894876369032,0.029130373166335623,0.0008485786408100049,0.0013278481948916232,-0.01707447360033304,0.00029153764872824617,0.00045835221730172737
402,0.0013845716824786303,0.0001594736537831413,0.0006943544464063089,0.0005348807926231677,0.011173037049341217,0.00012483675690599938,0.000529038800147319,-0.0007314162710585654,5.349697618228788e-07,0.0008625130331773034,-0.018789604431218382,0.00035304923468160165,0.0006915115058943044
403,8.627277613881823e-05,2.0414111151501046e-06,0.00015854187947443124,0.00015650046835928114,0.001062811877655181,1.1295690879320475e-06,0.00015679508472310477,-0.001948760104909172,3.7976659468252905e-06,0.00015674198221826696,-0.001094074179464401,1.196998310692976e-06,0.00016208857148192202
404,3.677507456145701e-05,2.5486898051374496e-05,0.0001648164021153716,0.0001393295040639971,-0.005241517286347509,2.747350346354871e-05,0.00020805882274377296,0.004777493523856879,2.2824444370961317e-05,0.00019466260756162423,-0.005114953207982985,2.616274631961346e-05,9.172777604071758e-05
405,4.601643428081559e-05,3.488633640769123e-05,9.349981539282422e-05,5.8613478985132986e-05,-0.0065266663544431055,4.259737370204686e-05,9.533335980105306e-05,0.005060858448682453,2.5612288237497616e-05,9.621435096240916e-05,0.006037329482759824,3.644934728352922e-05,8.895173541501045e-05
406,-3.0679580638444115,1.0,1.0,0.0,0.0,1.0,1.0,0.0,1.0,1.0,0.0,1.0,1.0
407,0.00011803183343450652,1.20247154464422e-05,0.0001160046262724072,0.000103979910825965,0.005656591239289233,3.199702444822705e-05,0.0002012478682922314,-0.0011902346413618173,1.4166585018404731e-06,9.577635488067227e-05,-0.001631092697795919,2.6604633892590712e-06,5.09896556443179e-05
408,6.436619650984632e-05,1.4554173836852277e-05,0.00017387293554327332,0.00015931876170642104,-0.004537360465482086,2.0587639993352447e-05,0.0002620258622534344,0.0036624220132899844,1.341333500204378e-05,0.00013662735609165644,-0.0031083028351280434,9.661546515160602e-06,0.00012296558828472914
409,0.00033234706142604153,0.00011565821360670636,0.0004578805956037731,0.00034222238199706673,0.0016616274891752636,2.7610059127880504e-06,0.0001730012574001627,0.007197370101709787,5.180213638100728e-05,0.00028758814095730667,-0.01710004381649527,0.00029241149852632375,0.00091305238845385
410,-3.0679580638444115,1.0,1.0,0.0,0.0,1.0,1.0,0.0,1.0,1.0,0.0,1.0,1.0
411,7.726445754629996e-05,1.6634007737659218e-05,0.0003311758428062121,0.0003145418350685529,-0.0052352889845183135,2.7408250750982077e-05,0.00041285563254767066,-0.002643961603108234,6.9905329587172105e-06,0.00023003604482285667,-0.003937415332879248,1.5503239503278365e-05,0.0003506358510481089
412,0.00010709036224809676,5.899396760855602e-05,0.00012354562891817947,6.455166130962345e-05,-0.006785497372889712,4.6042974597759745e-05,0.00013089705162983023,-0.008860294234340912,7.850481391868946e-05,0.00010570162026024565,0.007241140401188051,5.243411430921885e-05,0.00013403821486446255
413,0.00017581390619447745,4.258835394244098e-05,0.0003278978877935638,0.00028530953385112284,0.005522385432512249,3.049674086541554e-05,0.00037106111267859454,0.007038204299244567,4.953631975768147e-05,0.0004744278152607473,0.006908835010651525,4.773200120422594e-05,0.0001382047354413496
414,2.2235836808937037e-05,6.598317287997979e-06,0.0002864180078893848,0.00027981969060138684,-0.003373528130969204,1.1380692050422248e-05,0.0002594574323293575,0.0002719588815705768,7.396163326234273e-08,0.00031402205089114954,-0.002887957440836074,8.340298180309347e-06,0.0002857745404476475
415,3.9496728914345525e-05,1.093502852119362e-05,0.00016119431139486698,0.00015025928287367335,0.003317635445351366,1.1006704948357537e-05,0.0003253213086207296,-0.0021697130646557623,4.70765478333135e-06,4.427017493602303e-05,-0.004134093108749498,1.7090725831891973e-05,0.00011399145062784832
416,-3.0679580638444115,1.0,1.0,0.0,0.0,1.0,1.0,0.0,1.0,1.0,0.0,1.0,1.0
417,1.8393659745652435e-05,1.1548623232715549e-05,9.523374034074254e-05,8.3685117108027e-05,0.0026769548764385594,7.166087410026556e-06,4.22738279807211e-05,-0.003665022257001534,1.3432388144551943e-05,8.372858264193983e-05,0.0037479853445988244,1.4047394143568148e-05,0.00015969881039956668
418,-2.7142335527689556,5.759630844903718e-05,0.00032256888665908406,0.0002649725782100469,0.007589223178207014,5.7596308449148204e-05,0.00032256888665904704,-0.007589223178207014,5.759630845003638e-05,0.00032256888666015726,0.007589223178207021,5.759630844792696e-05,0.00032256888665804784
419,6.0322574215510016e-05,5.082764492329399e-06,7.221543726654289e-05,6.713267277421349e-05,0.0027062288353148782,7.3236745091742605e-06,6.211614149342903e-05,0.002483283351443186,6.166696203901978e-06,0.00010578865104760027,0.0013258667970155076,1.7579227639119566e-06,4.8741519258599375e-05
420,-3.0679580638444115,1.0,1.0,0.0,0.0,1.0,1.0,0.0,1.0,1.0,0.0,1.0,1.0
421,2.0975645988352554e-05,1.1799142777787116e-05,0.0001606907640603709,0.00014889162128258376,0.004473408586402979,2.001138438123551e-05,0.00015565595486177752,-0.0008628646345452451,7.445353780166641e-07,0.00011810257576283512,0.0038264224248703996,1.4641508574109174e-05,0.00020831376155650005
422,-0.9403541225300416,2.3942207013257405e-07,0.00020364396942914217,0.0002034045473590096,0.000461058377170533,2.1257482629710722e-07,0.0002009243770247915,0.00047491678444311656,2.255459525812853e-07,0.0002024808970194636,-0.0005292876637601369,2.801454315193297e-07,0.00020752663424317142
423,0.00019792817107577854,8.555668668860002e-05,0.00025912411590138057,0.00017356742921278057,0.012457023866245207,0.00015517744360415975,0.00020704751497757634,-0.0015303803693399922,2.342064074678518e-06,0.0003356453997573894,0.009957437039076908,9.91505523869618e-05,0.00023467943296917593
424,-3.0679580638444115,1.0,1.0,0.0,0.0,1.0,1.0,0.0,1.0,1.0,0.0,1.0,1.0
425,0.00048003142612262906,0.00020211930096825093,0.0005070214249859687,0.00030490212401771777,0.0015617234499713788,2.4389801345225948e-06,0.00017182165186857556,-0.018522184915851277,0.0003430713340571989,0.0008049359057507033,0.01615077672166945,0.00026084758871303126,0.0005443067173386273
426,5.431737331984543e-05,2.1759798291665078e-05,0.000122736251932302,0.00010097645364063693,-0.000603452225011043,3.641545875954222e-07,8.966763727236149e-05,0.005567124794594771,3.099287847840859e-05,8.997983399450238e-05,0.005824290670026111,3.392236180899122e-05,0.00018856128453004217
427,2.4475371518950517e-05,7.182102243633952e-06,0.00019654405785792436,0.00018936195561429042,-0.004547440862385886,2.0679218396990606e-05,0.00039115358763852637,-0.000923659483748618,8.531468418393473e-07,8.3100085016663e-05,-0.00011807409508788296,1.3941492071900541e-08,0.0001153785009185837
428,-3.0679580638444115,1.0,1.0,0.0,0.0,1.0,1.0,0.0,1.0,1.0,0.0,1.0,1.0
429,0.0001058200995963654,6.086874485822236e-05,0.00031534755882408244,0.0002544788139658601,0.007154467506013035,5.11864052948896e-05,0.00030156098362443817,0.010071795790696374,0.00010144107044984807,0.0003184449873819828,0.005475286187080999,2.9978758829929397e-05,0.0003260367054658264
430,-3.0679580638444115,1.0,1.0,0.0,0.0,1.0,1.0,0.0,1.0,1.0,0.0,1.0,1.0
431,2.4660230176110076e-05,7.709188351726995e-06,0.00023502389450006747,0.00022731470614834048,0.0016657145168053214,2.774604851540907e-06,0.00025940444107097616,0.002835042449754586,8.037465692334322e-06,0.0001737398164640691,0.0035093438861457703,1.2315494511305758e-05,0.0002719274259651572
432,5.295898170609714e-05,3.482528269604934e-05,8.623791819473148e-05,5.1412635498682135e-05,0.005560552226431777,3.0919741063395456e-05,6.370979565162305e-05,-0.005548621488721244,3.078720042526406e-05,0.0001009430070419981,-0.006539794079271312,4.276890659948851e-05,9.406095189057329e-05
433,-3.0679580638444115,1.0,1.0,0.0,0.0,1.0,1.0,0.0,1.0,1.0,0.0,1.0,1.0
434,-2.9525984948322455,3.1501091820225944e-06,0.00011865363198682033,0.00011550352280479774,0.0017748546931133293,3.1501091819485794e-06,0.00011865363198704237,-0.0017748546931133297,3.1501091809493786e-06,0.00011865363198526602,-0.001774854693113328,3.1501091831698247e-06,0.0001186536319881526
435,4.976785540022899e-05,2.3536897436874742e-05,0.0001544335566667776,0.00013089665922990287,0.0019682226806609473,3.8739005199239784e-06,7.498479840339911e-05,0.0061128922392419925,3.736745152926879e-05,0.00020883370459179318,0.005419348693470052,2.9369340261431454e-05,0.00017948216700514052
436,1.2070666897789906e-05,1.815544250420113e-06,6.32706831460439e-05,6.145513889562378e-05,-0.0012950811293126919,1.6772351314475742e-06,4.479292900549936e-05,-0.0003677149380745333,1.3521427533191854e-07,7.628467588882692e-05,-0.0019063534153776836,3.634183344480846e-06,6.87344445438054e-05
437,7.529589251320523e-05,3.0822577401945495e-05,0.00012380961699635465,9.298703959440915e-05,0.00499043842193984,2.4904475643294788e-05,6.021930847199819e-05,-0.002466965279832375,6.0859176918004465e-06,0.00010148634727114025,-0.007840748616743986,6.147733887074125e-05,0.00020972319524592553
438,0.00018510886024691864,6.688700663522636e-05,0.00041588804609674995,0.0003490010394615236,0.003950659853005405,1.5607713274023993e-05,0.00010872105102432972,0.001971674520423805,3.887500414578859e-06,0.0005653642759210209,0.013459784776038172,0.00018116580621707623,0.0005735788113448992
439,1.5315161407625233e-05,3.6311512905395915e-06,0.0002815155734377332,0.0002778844221471936,-0.0023795904239698536,5.662450584642542e-06,0.0003052885230602209,0.0015253855433962284,2.3268010552746077e-06,0.00025062194746094946,-0.0017041720074614949,2.9042022317016247e-06,0.0002886362497920292
440,-3.0679580638444115,1.0,1.0,0.0,0.0,1.0,1.0,0.0,1.0,1.0,0.0,1.0,1.0
441,0.000141360240706212,4.0352171193728616e-05,0.00035259422291248715,0.0003122420517187585,0.002270573851279956,5.1555056141960875e-06,0.00043195677326191007,0.01075767592098988,0.00011572759122135956,0.0002244255050535271,-0.0004164333627284704,1.7341674563020604e-07,0.00040140039042202424
442,-3.0679580638444115,1.0,1.0,0.0,0.0,1.0,1.0,0.0,1.0,1.0,0.0,1.0,1.0
443,0.0002468489788555184,3.1685905122036395e-05,0.0001986628425821868,0.0001669769374601504,-0.007578639302287621,5.7435773674341384e-05,0.00014569193614832887,-0.003568933614889908,1.2737287147790433e-05,5.731784552376329e-05,0.004988452118964435,2.488465454397737e-05,0.00039297874607446825
444,4.154157132929548e-05,1.164282148598724e-05,0.00021491307193099995,0.0002032702504450127,0.0008083942710502401,6.535012980757315e-07,0.0002038149474475892,0.005157129691200797,2.6595986649891046e-05,0.00020584829585612585,-0.002771096625942799,7.67897650999494e-06,0.0002350759724892848
445,-3.0679580638444115,1.0,1.0,0.0,0.0,1.0,1.0,0.0,1.0,1.0,0.0,1.0,1.0
446,5.153065181451311e-06,1.345110289152629e-06,0.0003154275236236422,0.00031408241333448955,0.001620361625893687,2.6255717988643568e-06,0.00040550059073563016,0.0007087365715350527,5.023075276833211e-07,0.000456751128928401,0.000952602509445554,9.074515409102091e-07,8.403085120689546e-05
447,0.0001595889999770339,8.15526663407636e-05,0.00024263182200060887,0.00016107915565984526,-0.010593852006954178,0.00011222970034541202,0.0002752786973496679,0.0037417613574841115,1.4000778056577623e-05,0.00015573563598825224,-0.010882440931169971,0.00011842752062030115,0.0002968811326639065
448,0.00017669278164733626,3.213700918880402e-05,0.00036124495038566035,0.0003291079411968563,-0.004568331150151387,2.0869649497545772e-05,0.0004683239162061037,-0.008560921906347019,7.328938388639905e-05,0.0002788831239591838,-0.001500664580126222,2.251994182467243e-06,0.0003365278109916936
449,8.704119260127818e-06,3.7584195170525803e-06,9.960229663249127e-05,9.58438771154387e-05,0.0027166349673149524,7.380105545351512e-06,8.90267146823609e-05,0.0019384554638646084,3.757609585486321e-06,0.00014571749907832388,-0.0003708684686188589,1.3754342031990774e-07,6.406267613678907e-05
450,0.00018229658545132477,4.539504347189638e-05,0.00018173461267267932,0.00013633956920078294,-0.011564315934499917,0.00013373340303302061,0.00024189215725867186,0.0012968289907542047,1.6817654312495378e-06,0.00012608671876379596,0.0008774747583620689,7.699619514189848e-07,0.00017722496199557014
451,0.0002043493197001478,5.500781175427072e-05,0.00022767470313023175,0.00017266689137596103,0.0016896389722346875,2.854879855851422e-06,0.00033784488803856316,-0.00014334766258755857,2.054855208211137e-08,9.813010736103855e-05,0.012733734992328204,0.00016214800685487862,0.00024704911399109353
452,-3.0570783615307944,5.55983488032726e-05,0.0003374966269303152,0.0002818982781270426,-0.007456430030768375,5.559834880297654e-05,0.0003374966269299451,0.00745643003076837,5.559834880342063e-05,0.0003374966269303892,0.007456430030768373,5.559834880342063e-05,0.0003374966269306112
453,1.0356969118330284e-05,4.304813993827317e-06,0.0001450480295144644,0.0001407432155206371,2.875548554485517e-05,8.268775664177497e-10,0.00011119049441732365,0.002527543123229713,6.388474239726882e-06,0.00012927178251420646,0.0025544355274302,6.52514086418865e-06,0.00019468181161186315
454,6.382195755172404e-05,4.1430930765880745e-05,0.000229566135186506,0.00018813520442062526,-0.00771760864597725,5.9561483212622335e-05,0.0002635905160929264,-0.0033420335989544766,1.1169188576354294e-05,0.00026781938235143077,0.007318614657712862,5.35621205086656e-05,0.00015728850711516085
455,0.00021095670119253285,1.793406765315808e-05,0.00029208749405162937,0.0002741534263984713,-0.002051096038153606,4.206994957733912e-06,0.0002920197249632883,-0.0034428733035728183,1.1853376584380904e-05,0.00035671192125596995,0.006143438077912332,3.774183141735943e-05,0.00022753083593562984
456,0.00026987269904188427,6.813814016541168e-05,0.00024026758202548107,0.0001721294418600694,0.012474688241816334,0.0001556178467304603,0.00026558354897154857,-0.002760825790042331,7.622159043152443e-06,0.00028281369995464267,-0.006416729285451233,4.117441472262229e-05,0.000172405497150252
457,4.252050370467941e-05,7.3404740994857205e-06,0.00022506804606114983,0.00021772757196166412,0.003680616168982891,1.3546935383468295e-05,0.00013785582879854985,-0.0007059178437166235,4.98320001707242e-07,0.00034330464888809864,0.002824210847930034,7.976166913281624e-06,0.000194043660496801
458,2.2988355632636015e-05,8.96541312045418e-06,0.00010662598080017165,9.766056767971747e-05,-0.004245103775546231,1.8020906065285835e-05,8.90694072696041e-05,0.0016220964066244912,2.6311967523673374e-06,0.000131887733611058,-0.002498827033569832,6.2441365437093665e-06,9.892080151985283e-05
459,0.0001934140558597086,1.035898066351996e-05,4.885109421152537e-05,3.849211354800541e-05,-0.0035761955416329727,1.2789174552274574e-05,4.7456906766774054e-05,0.0019032360273737226,3.622307375938938e-06,4.616847654448364e-05,-0.0038295508956264694,1.466546006234637e-05,5.292789932331843e-05
460,-3.0465486608926593,4.94992817873241e-05,0.0001809397013690465,0.0001314404195817224,-0.007035572598349476,4.949928178821228e-05,0.0001809397013700087,0.007035572598349475,4.949928178743512e-05,0.00018093970136978665,-0.007035572598349483,4.94992817863249e-05,0.00018093970136734416
461,-2.9004343084405515,2.210545718176841e-06,0.00012358638744961828,0.00012137584173144143,-0.0014867904081330837,2.2105457188059674e-06,0.00012358638745024741,-0.001486790408133084,2.2105457180288113e-06,0.00012358638744935924,0.0014867904081330842,2.2105457176957444e-06,0.00012358638744924821
462,5.074491276890747e-05,1.2571975201251343e-05,0.00012720885013746872,0.00011463687493621737,0.0038472458527956943,1.480130065212304e-05,0.00013857235364311826,0.0013549171531398673,1.835800491067907e-06,8.907203819308318e-05,-0.004591168093314521,2.1078824460563084e-05,0.00015398215857620468
463,0.0010311053375284818,0.0002925560271962076,0.0009158126960281029,0.0006232566688318952,0.0013915602623219816,1.936439963823311e-06,0.0002221570435050335,0.005341526373604228,2.8531903999873265e-05,0.0009534014462052598,-0.029106695752431428,0.0008471997376249263,0.0015718795983740153
464,-3.05121116680494,5.0990838357615566e-05,0.00020925895518456952,0.00015826811682695396,0.007140786956454202,5.099083835746754e-05,0.00020925895518375537,0.007140786956454199,5.0990838358799806e-05,0.00020925895518575377,0.007140786956454208,5.099083835657936e-05,0.00020925895518419946
465,2.1316715042685175e-05,1.1900283581889326e-05,0.0001440580862933638,0.00013215780271147448,-0.002510118415296823,6.30069445850534e-06,9.944067123712763e-05,0.0041824278250459455,1.7492702511390235e-05,0.00019018452503716254,-0.0034507178638250907,1.1907453775772403e-05,0.00014254906260580125
466,4.7946465083659184e-05,2.3510523726325932e-05,0.00023131100890450007,0.00020780048517817415,0.0054055308598672,2.9219763876930926e-05,0.00022360673419119514,0.004752284015216995,2.2584203361541988e-05,0.00024914906456441344,0.0043275401720576645,1.8727603940504878e-05,0.00022117722795789163
467,6.0669111233369044e-05,1.1412345663523263e-05,0.00010328058423358932,9.186823857006605e-05,0.004646746842707104,2.1592256220670514e-05,9.089876964973875e-05,-0.0035536807976095856,1.2628647210966015e-05,7.583468381622271e-05,0.00012701794468296572,1.6133558933262293e-08,0.0001431082992348065
468,0.00017155161800608276,5.9382917737993424e-05,0.00021783706686158885,0.00015845414912359543,-0.0001172774781339979,1.3754006822352949e-08,0.00010402455065539051,0.002824471798374991,7.97764094007114e-06,0.0001312487052023137,0.013044437828716792,0.00017015735826708678,0.00041823794472706233
469,0.00011807226696192163,4.988756345073823e-05,0.00030829784053039894,0.0002584102770796607,0.003703722207648168,1.371755819157272e-05,0.00023575693351218785,-0.007440809460496684,5.5365645427740695e-05,0.00036433913600542045,0.008976607751957426,8.057948673290127e-05,0.00032479745207358857
470,1.6840017504016203e-05,4.840749245449416e-06,0.00012198875571297248,0.00011714800646752306,-0.00025129710995573656,6.315023737268888e-08,0.00018109263605226023,0.0033232776824179784,1.1044174554220021e-05,0.00011653212770112997,-0.0018479510124972125,3.4149229447555385e-06,6.834150338552725e-05
471,8.48778057754851e-05,2.8249528964482035e-05,9.940232609491802e-05,7.115279713043599e-05,0.004100595265859996,1.6814881534266135e-05,0.00010392344174292578,-0.003271566473820395,1.0703147192647755e-05,4.641015551265504e-05,0.007565088113605761,5.723055816653222e-05,0.00014787338102917325
472,3.8647665996260905e-05,1.730392250972231e-05,0.0001309700947994171,0.00011366617228969479,-0.005226855751444545,2.7320021046439713e-05,8.784261394878534e-05,-0.0026182633505168348,6.8553029722862036e-06,0.0001629656410596647,-0.004211465720001365,1.7736443510441013e-05,0.0001421020293898012
473,0.00013578310686301887,4.863254735306318e-05,0.00016121244315706976,0.00011257989580400657,-0.009653039971935864,9.318118069967518e-05,0.00023382665194204844,0.0028143315742883606,7.92046221043119e-06,5.918132223625694e-05,-0.0066929813348760815,4.4795999149083165e-05,0.00019062935529290392
474,8.221523201479286e-05,2.5092646146881076e-05,0.00018172643048845286,0.00015663378434157177,-0.0030622092014253913,9.377125193221758e-06,8.901466467570174e-05,-0.00794487976216399,6.312111443507185e-05,0.00022295850320275257,0.001667242877461375,2.779698812349629e-06,0.0002332061235869043
475,6.836073443738933e-05,2.1597305094026947e-05,0.0002979974307695625,0.0002764001256755355,0.002914119301488259,8.492091302936267e-06,0.00031224927247275325,0.004303406042976727,1.8519303570996293e-05,0.000355221223965585,0.006146586077513864,3.778052040814828e-05,0.00022652179587034915
476,0.00010616867024215715,5.099648391745001e-05,0.0002586796040603412,0.00020768312014289117,0.006630432705311425,4.3962637859884524e-05,0.0002674964992575024,-0.009124831058021258,8.326254183765869e-05,0.0003983528557265359,-0.005075851855091965,2.5764272054806803e-05,0.00011018945719698525
477,8.796391642051926e-05,2.118746581995327e-06,5.724371439456514e-05,5.5124967812569814e-05,-0.0014828806129121026,2.1989349128226365e-06,5.620451281895811e-05,0.00026047279242552703,6.784607509136009e-08,5.8639738326538016e-05,-0.002022241023854174,4.089458758071984e-06,5.68868920381993e-05
478,4.231413353750213e-05,7.90350948594772e-06,0.0001043137900085996,9.641028052265188e-05,0.001310437845484232,1.7172473467663707e-06,6.157138158024988e-05,-0.0035775312669814084,1.2798729966179145e-05,0.00018342522023229169,-0.003032251827450044,9.194551144897645e-06,6.794476821325723e-05
479,0.0001851536415964361,6.507556252236905e-05,0.0002973724800071631,0.00023229691748479403,0.011680627786219056,0.00013643706548027712,0.0003440790941975358,-0.0030003666606872145,9.002200098473523e-06,0.00015314607884187037,-0.007056020265565213,4.9787421988356506e-05,0.00039489226698208313
480,1.4589102418471889e-05,5.367093033670223e-06,0.0002512027230748097,0.00024583563004113945,-0.0008600075928660105,7.396130600190176e-07,0.00020388254351433321,-0.0017982895488669404,3.2338453017644042e-06,0.00020319172868965563,-0.003482502080288298,1.2127820739227246e-05,0.00034653389702044013
481,-3.0679580638444115,1.0,1.0,0.0,0.0,1.0,1.0,0.0,1.0,1.0,0.0,1.0,1.0
482,9.436051816169577e-05,3.223741905940732e-05,0.00014251815439943657,0.00011028073534002925,-0.004279015014914828,1.830996949747643e-05,0.00017411558259250448,0.00881675172468096,7.773511097475261e-05,0.00019296485582920297,-0.0008168088552062105,6.671767059929223e-07,6.047402477660224e-05
483,0.00045090852528717473,0.00024273383911070182,0.0003647795929462294,0.0001220457538355276,-0.005607253539691568,3.1441292258405085e-05,0.00010835888511395719,0.016295941483189195,0.0002655577088237493,0.0004360039276735117,0.020765416351474778,0.0004312025162499511,0.0005499759660512193
484,0.0001109017676210744,4.467235252299714e-05,0.00022091900084442173,0.0001762466483214246,-0.010123895089812908,0.00010249325179012558,0.0004628298550199972,-0.005614104028974097,3.1518164048782715e-05,0.00014350100349225237,7.511145209508474e-05,5.641730083105756e-09,5.6426144021015645e-05
485,0.013898796569590366,0.004597206991574065,0.006484714318438482,0.0018875073268644167,0.08950009429924885,0.008010266879574401,0.012691986629121965,-0.06512995547791912,0.0042419111005558285,0.004617234339206799,-0.039235736192808617,0.0015394429945919663,0.002144921986986681
486,9.76573116343582e-05,6.096114852175797e-05,0.0003127631601083832,0.0002518020115866252,-0.008095003922529365,6.552908850576689e-05,0.00034566403420588365,0.0074769843473858726,5.590529493071372e-05,0.00024460122085923075,0.007838945217891179,6.144906212879331e-05,0.0003480242252600352
487,0.00012311394408326404,4.830184790205472e-05,0.0002272856567215135,0.00017898380881945877,0.006197045140939809,3.840336847860115e-05,0.00021901769468091192,0.0004238737444770176,1.7966895138332717e-07,0.0001080567187615733,-0.010311280535225021,0.00010632250627617967,0.0003547825567220553
488,0.00013035247237669356,3.7591864211261594e-05,0.0001569010501870268,0.0001193091859757652,0.00759434901650034,5.767413698454238e-05,0.0001047074500114542,0.006359852105330446,4.044771880162834e-05,0.0001632946811929159,0.0038280199643936936,1.4653736847614063e-05,0.00020270101935671025
489,8.885636529942786e-05,3.9092569737960346e-05,0.0001406965947469141,0.00010160402500895374,-0.008621671240361438,7.433321497674061e-05,0.00015480904629983083,0.00332356034715347,1.1046053381646992e-05,0.00017438056549023973,0.005647870470866923,3.1898440855493426e-05,9.290017245067173e-05
490,3.266509312327415e-05,3.881924131291885e-06,0.00023837690555635524,0.00023449498142506336,-0.002947663033072871,8.688717356486464e-06,0.0001273732485230772,0.001675994100360938,2.8089562243982513e-06,0.0004615027211261058,0.0003848360857255201,1.4809881299093774e-07,0.0001262547470198827
491,-3.0679580638444115,1.0,1.0,0.0,0.0,1.0,1.0,0.0,1.0,1.0,0.0,1.0,1.0
492,0.00010731845679423646,1.1209146659492871e-05,9.677819540728401e-05,8.556904874779114e-05,0.004486716257264044,2.013062277328448e-05,0.00010177273141709353,0.00025266759727886725,6.384091455480245e-08,0.0001048644098878837,-0.0036651024938864655,1.3432976290639331e-05,8.369744491687481e-05
493,0.0001646498991689782,1.0807949892536564e-05,0.0002934707339807459,0.00028266278408820933,-0.0027233317180887,7.416535647175593e-06,9.483818138156241e-05,-0.0009635241213036941,9.283787321123782e-07,0.0003356119851060102,-0.00490702917233806,2.4078935298321724e-05,0.0004499620354546652
494,0.0002604189994851458,0.00018293097771808023,0.0010632895089516998,0.0008803585312336196,0.015139387799121065,0.00022920106293211617,0.0008251786163400165,0.013709623835123407,0.00018795378570068966,0.0010948412501176064,0.011473364132697044,0.00013163808452143488,0.0012698486603974768
495,0.00013526152879206332,5.619843742799002e-05,0.0002203715529003336,0.0001641731154723436,-0.004867304338597609,2.3690651524965745e-05,0.00014814218721259653,-0.01149003620783529,0.00013202093205721965,0.00027198272356854236,-0.003589391132512649,1.2883728701784669e-05,0.00024098974791986194
496,4.277984854839101e-05,1.0098652020729126e-05,0.00016359261187274635,0.00015349395985201722,0.003995437876951118,1.596352382837729e-05,0.00026743549194130356,-0.0037468643643941623,1.4038992565135189e-05,9.890907832921236e-05,0.0005417007186731786,2.934396686748997e-07,0.00012443326534772314
497,6.570337937061854e-05,1.875019898297155e-05,0.00013369671220164747,0.00011494651321867592,0.004495554682840596,2.0210011906662828e-05,0.00018681809941112348,-0.003968773152529557,1.575116033680768e-05,6.138484720263904e-05,-0.004504378392737533,2.0289424705444148e-05,0.0001528871899911799
498,9.161458068618344e-06,1.5446069501952782e-06,8.022850740740939e-05,7.868390045721411e-05,0.0009032683619440157,8.158937339075578e-07,6.572193827458772e-05,-0.0005040189944698496,2.5403514747335265e-07,5.176777354487516e-05,-0.0018878273144991562,3.5638919692049242e-06,0.00012319581040276528
499,6.123969357840764e-05,4.145408721845101e-05,0.0004077210518523833,0.00036626696463393227,-0.004437902805319095,1.969498130982572e-05,0.00017714794378964616,-0.0066708247472088145,4.449990280741556e-05,0.000457521679511963,0.007756763341571706,6.0167377538111744e-05,0.0005884935322555407
500,-3.0679580638444115,1.0,1.0,0.0,0.0,1.0,1.0,0.0,1.0,1.0,0.0,1.0,1.0
501,0.0011390596055054214,0.0004269743406725146,0.000591552911802388,0.0001645785711298734,-0.03271307715169675,0.0010701454167328928,0.0012129238326080705,-0.0037390785311200354,1.3980708261751573e-05,0.00030420332762570723,0.014028431737819945,0.00019679689702289949,0.00025753157517338643
502,0.00024952313276505045,8.652894044428965e-05,0.0003159080744767155,0.00022937913403242582,0.001028460855489896,1.057731730980116e-06,0.0003256337136992027,0.010516487037493525,0.00011059649960953877,0.0003150867825164605,-0.01216275421083497,0.00014793258999235004,0.0003070037272144832
503,0.00020430892900091813,0.000149553626186368,0.0006635497607404931,0.0005139961345541251,0.013339030382577355,0.00017792973154717728,0.0008581740024905526,-0.014135164636569365,0.00019980287930254637,0.0008808536810498424,-0.00842189216915362,7.092826770938032e-05,0.00025162159868108436
504,0.0001317879861971738,1.949425264879956e-06,0.000164186563788545,0.00016223713852366503,0.0002757136313069786,7.601800622314414e-08,0.00017011360554675115,-0.0021814086113976306,4.758543529992387e-06,0.00016985159752613832,-0.0010068337784849078,1.0137142584243364e-06,0.00015259448829274547
505,7.305565782167456e-05,2.9751185299982847e-05,0.00017759821522330319,0.00014784702992332033,-0.005643018669666856,3.184365970676506e-05,0.00013365655016328581,0.003796876920558906,1.4416274350836922e-05,0.00021971783854046745,0.006556952176251605,4.299362184234656e-05,0.00017942025696615627
506,-3.056660560082432,3.707157815306209e-05,0.000122417467067056,8.534588891399392e-05,0.006088643375406976,3.7071578152581e-05,0.0001224174670665379,0.006088643375406972,3.70715781535802e-05,0.00012241746706787016,0.006088643375406971,3.7071578153025087e-05,0.00012241746706675993
507,0.00010938660565518177,8.769088691847522e-05,0.00024160792207524503,0.0001539170351567698,-0.008384009141705659,7.029160928806455e-05,0.00022927794911331567,-0.010062248790723495,0.00010124885072615442,0.000249185462878998,0.009567246246491351,9.153220074120672e-05,0.0002463603542334214
508,-3.0679580638444115,1.0,1.0,0.0,0.0,1.0,1.0,0.0,1.0,1.0,0.0,1.0,1.0
509,3.3673071007878086e-05,1.28257313133003e-05,0.00020565568752047478,0.00019282995620717447,-0.00027630485116260806,7.634437060310972e-08,0.00027282467404055044,0.0049595012770684175,2.4596652917097117e-05,0.00016108991916452542,0.003715399931696922,1.3804196652200673e-05,0.00018305246935634845
510,-3.0679580638444115,1.0,1.0,0.0,0.0,1.0,1.0,0.0,1.0,1.0,0.0,1.0,1.0
511,0.00013926133033304033,7.32893975348518e-05,0.00035216327719693,0.0002788738796620782,0.009221669416051416,8.503918681879163e-05,0.00032836663411661693,-0.0011785031428678209,1.3888696583919113e-06,0.000433281365038618,-0.01155162915468787,0.00013344013612737182,0.00029484183243555506
512,-3.0679580638444115,1.0,1.0,0.0,0.0,1.0,1.0,0.0,1.0,1.0,0.0,1.0,1.0
513,-2.9014863205495054,6.854605837750919e-07,0.00012148292403198664,0.00012079746344821155,-0.0008279254701708221,6.854605841821737e-07,0.00012148292403268979,0.0008279254701708215,6.854605847372852e-07,0.00012148292403313388,0.0008279254701708226,6.854605824058169e-07,0.00012148292403013627
514,-3.0679580638444115,1.0,1.0,0.0,0.0,1.0,1.0,0.0,1.0,1.0,0.0,1.0,1.0
515,2.0585866493449956e-05,6.283237304745744e-06,0.00013035306211373054,0.0001240698248089848,0.0008449462903537021,7.139342337314503e-07,0.00010593549985049577,-0.002383827849231498,5.682635214498966e-06,0.00016349163319806514,0.0035289010280856545,1.2453142466006817e-05,0.00012163205329263072
516,-3.0679580638444115,1.0,1.0,0.0,0.0,1.0,1.0,0.0,1.0,1.0,0.0,1.0,1.0
517,1.2813618626816847e-05,3.854704690183415e-06,0.00013257268439585226,0.00012871797970566884,-0.0003415886825213603,1.166828280663168e-07,9.567367989005149e-05,0.0005211392335387048,2.715861009416898e-07,5.807863583373596e-05,0.0033430293360182752,1.117584514154224e-05,0.00024396573746376937
518,-3.0679580638444115,1.0,1.0,0.0,0.0,1.0,1.0,0.0,1.0,1.0,0.0,1.0,1.0
519,-3.0679580638444115,1.0,1.0,0.0,0.0,1.0,1.0,0.0,1.0,1.0,0.0,1.0,1.0
520,2.6327582268059757e-05,3.902368202098512e-06,9.932771055605934e-05,9.542534235396083e-05,-0.0004405957919611055,1.9412465213086705e-07,4.3264360323869155e-05,-0.0033692503898853808,1.1351848190344072e-05,8.998514030722493e-05,0.00040141221132397,1.611317638205989e-07,0.00016473363103708394
521,7.378643775979299e-05,3.419211649210071e-05,0.0002927173385904869,0.0002585252220983862,-0.005315914118889139,2.8258942919578978e-05,0.00026408121920418193,-0.008233120018491573,6.77842652390126e-05,0.00023545414865899783,0.0025560010402362224,6.533141317710545e-06,0.00037861664790828087
522,0.00010433088529093748,5.2453528721888944e-05,0.00033548925905121,0.00028303573032932106,-0.0020625723133004714,4.254204547637919e-06,0.000351391830488601,0.007619873412142798,5.806247081729943e-05,0.00026312110898973895,-0.009749046661104476,9.504391080072949e-05,0.00039195483767529016
523,0.00013758936025298762,1.8949280800447294e-05,0.00022739798906949252,0.0002084487082690452,0.006440023153886952,4.147389822239944e-05,0.0003784876947723337,-0.0026600301490114693,7.075760393715491e-06,0.00019428882545902137,0.002880656832266844,8.298183785226954e-06,0.00010941744697712252
524,5.7697925186173116e-05,2.0354164498304073e-05,0.00010505201721259609,8.469785271429202e-05,0.003248405401747389,1.0552137653885296e-05,0.00016085231862528193,-0.003968194636238353,1.574656867098234e-05,5.44228581618178e-05,0.005896082357820261,3.476378717004458e-05,9.988087485068853e-05
525,0.00015349414009158124,2.4801175409520464e-05,0.00019880780436472753,0.00017400662895520708,-0.005398956800653613,2.9148734535411336e-05,9.958024198830628e-05,0.0046300581464454775,2.143743843940893e-05,0.00024244661928496392,-0.004880302578123863,2.3817353253741125e-05,0.00025439655182091236
526,3.299508334975165e-05,8.799425027146887e-07,0.0001153871803966829,0.00011450723789396822,-0.0004284855478821318,1.8359986386773386e-07,0.00010846926374175059,-0.0012133954470224975,1.472328510665477e-06,0.00012217735922581685,0.000991916898506057,9.83899133610855e-07,0.00011551491822248128
527,4.5469456497304606e-05,3.968051166203246e-06,9.72565103409817e-05,9.328845917477846e-05,0.0016207850008901285,2.6269440194237603e-06,0.00011034822365696417,0.0029092238688672094,8.463583519580098e-06,7.65097960466754e-05,0.0009020121726575447,8.136259596058792e-07,0.00010491151131930554
528,0.0002264900341223397,6.83717393428207e-05,0.0003913331220314342,0.0003229613826886135,-0.010517639595469832,0.00011062074266021682,0.00026517902591705056,-0.007812360611427147,6.103297832293908e-05,0.0003043809566746214,-0.0057845913464540585,3.346149704530621e-05,0.0006044393835026307
529,0.00011715040595794424,3.7622428107490315e-05,0.00011802841101190194,8.040598290441162e-05,0.006877493929789057,4.7299922754096e-05,0.00016196962718351138,-0.006950850819652274,4.8314327117049416e-05,0.00010631484685375003,-0.004153677220487767,1.7253034451325533e-05,8.580075899844442e-05
530,-3.0679580638444115,1.0,1.0,0.0,0.0,1.0,1.0,0.0,1.0,1.0,0.0,1.0,1.0
531,0.0002576056336061061,0.0001380806838563823,0.0003856281009769387,0.0002475474171205564,0.013615822436218304,0.0001853906206144007,0.0005209130968243381,0.01339250982725643,0.0001793593194732157,0.00038735128786404616,-0.007035063004801005,4.949211148153054e-05,0.000248619918242432
532,0.00028889548722921266,0.00014692027117439258,0.0004514495265274994,0.0003045292553531068,0.014308376527908801,0.00020472963886464246,0.0006510161627245603,0.014859609437597515,0.0002208079926376838,0.0004198417841327906,-0.003901689636662389,1.5223182020851489e-05,0.0002834906327251474
533,2.0834801992775098e-05,7.106658746332724e-06,0.00011441681867178459,0.00010731015992545187,0.003713892872378584,1.3793000267825484e-05,0.00011524217403557913,0.0026586761269930762,7.068558748546394e-06,0.00013444536763929094,0.000677065153764529,4.5841722262629503e-07,9.35629143404837e-05
534,8.005096726948491e-05,3.8633277668953525e-05,0.00032924703360940705,0.0002906137559404535,0.006561815363213602,4.305742086052611e-05,0.0002861831617669841,-0.007909836282241,6.256551001171395e-05,0.00019369843911021256,0.003205760773097693,1.0276902134620514e-05,0.0005078594999510244
535,2.6641974798624624e-05,1.4591940275051249e-05,0.0001744338705618187,0.00015984193028676744,0.00507604019046629,2.576618401572972e-05,0.000143525230665853,-0.0042069017383299535,1.7698022236389832e-05,0.00015443608126375352,-0.0005582244829110104,3.1161457303419127e-07,0.00022534029975584957
536,8.069863068460581e-05,1.8044372957308024e-05,0.00027327221958569253,0.0002552278466283845,0.0015033721102644848,2.260127701769754e-06,0.0003535158400446159,-0.007193276669233961,5.1743229240286404e-05,0.00015377614884404256,-0.00036022483148311134,1.297619298679109e-07,0.0003125246698684192
537,-2.884973941491921,3.102225995366137e-05,0.00015639649339112735,0.00012537423343746598,-0.0021910911769786284,4.8008805461075e-06,0.00010958816401041016,-0.006773107105770941,4.58749798667446e-05,0.0001851143526483412,0.006510830933969088,4.2390919448132e-05,0.00017448696351463067
538,3.8923738478580105e-05,6.463310068816064e-06,0.0001488394652863212,0.00014237615521750513,0.003314207092765213,1.0983968653288656e-05,0.00021857774847389155,-0.0008093345321563134,6.550223845547265e-07,0.00011847338867188029,0.0027840508559318065,7.750939168604809e-06,0.00010946725871319174
539,9.766397703292462e-05,4.0727588832519444e-05,0.0001581197993280048,0.00011739221049548534,-0.006779020566505599,4.5955119841067926e-05,0.0001393430705836085,-0.008723551200763891,7.610034555238787e-05,0.00022726390152139064,0.00035679280295831267,1.2730110410252848e-07,0.00010775242587901523
540,7.531865189769338e-05,2.1321030650593247e-05,0.0004485988209519028,0.0004272777903013095,-0.007847200991143177,6.157856339539247e-05,0.0006025862129198645,-7.71814793437648e-05,5.956980575483328e-09,0.00045604443793789695,0.001542261837512858,2.378571575811783e-06,0.000287165811997947
541,0.00366339330711829,0.0011900555557871062,0.002192963842722384,0.001002908286935278,-0.01878530916144815,0.0003528878402910829,0.0013657856990139106,0.013217698258051106,0.00017470754724102644,0.0014688176499491057,0.05515950761046671,0.0030425712798292093,0.003744288179204136
542,3.411810215026012e-05,5.1524706881078686e-06,7.753872666257007e-05,7.23862559744622e-05,-0.002435859776033638,5.933412848935227e-06,6.460615458747654e-05,0.0028295452752319533,8.006326464915503e-06,6.75467488219228e-05,0.0012319386145311464,1.517672750472876e-06,0.00010046327657831089
543,-3.0071635546342295,4.172313575290243e-05,0.00012687568836626065,8.515255261335822e-05,0.00034446424467040384,1.1865561566626326e-07,1.9451135557790877e-06,-0.007397452782902504,5.472230767566977e-05,0.00016653928049725764,0.00838620557620709,7.032844396737126e-05,0.00021214267104574525
544,0.0003076202913124826,3.9422162580756336e-05,0.00017361938137246588,0.00013419721879170954,-0.005577217259128899,3.110535235673062e-05,0.00018077818187534067,-0.00787115977156652,6.195515615003977e-05,0.00019545200563564347,-0.005020555669977026,2.520597923549861e-05,0.00014462795660641348
545,3.210889995208799e-05,3.286394861431082e-06,0.00014062856623098252,0.00013734217136955143,-0.0019932171963522325,3.97291479103945e-06,0.00015304413815542262,-0.0024254710861811688,5.882909989707308e-06,0.000188223920624786,5.7963812874280556e-05,3.359803546487683e-09,8.061763991273896e-05
546,-3.0679580638444115,1.0,1.0,0.0,0.0,1.0,1.0,0.0,1.0,1.0,0.0,1.0,1.0
547,0.0007568119947339857,0.0002735400834898612,0.0007492374957936235,0.00047569741230376234,-0.012803953002182974,0.00016394121248197724,0.000663757762410011,-0.019207940372812666,0.00036894497336525944,0.0010033563424128866,-0.01696272574271002,0.00028773406462234696,0.000580598382557973
548,0.00019528724302786404,8.176245764320485e-05,0.00022396101710187022,0.00014219855945866539,0.003759936409478744,1.41371218036479e-05,7.040247108036635e-05,0.007051267913538192,4.972037918837824e-05,0.00019559310746986025,-0.013469590637334574,0.00018142987193758842,0.00040588747275538406
549,0.00016907458794424013,2.1951923316924454e-05,0.00025561488391456777,0.00023366296059764333,-0.006300861507211866,3.9700855733348916e-05,0.00034338203659634026,-0.002085306033794573,4.348501254303194e-06,0.0003064470782722095,-0.004669733714402749,2.1806412963121247e-05,0.00011701553687515354
550,2.684494192817244e-05,8.06770936971161e-06,8.232208790851885e-05,7.425437853880723e-05,-0.0020430222304675173,4.173939834317686e-06,8.473434829481263e-05,-0.0028424759155899373,8.079669330585126e-06,4.8059718851800604e-05,0.0034568076232301182,1.1949518944232018e-05,0.00011417219657894329
551,5.443108437008792e-05,4.969848816072098e-05,0.00038818197733817933,0.00033848348917745835,-0.0072420892517844615,5.2447856730197806e-05,0.00038469238285854246,0.007110626602077495,5.0561010673577655e-05,0.0003816862057385295,0.006788711002713436,4.608659707838747e-05,0.00039816734341746596
552,0.00016430676274570288,5.8453835973063896e-05,0.00021214685666200625,0.00015369302068894236,0.001755386038286359,3.081380143155066e-06,8.532611933731449e-05,-0.010174345031051529,0.00010351729681068456,0.00029124065471597405,0.008292335676103477,6.876283096535207e-05,0.0002598737959327302
553,3.7117833526778554e-05,7.5834640157849504e-06,0.0001382835882233572,0.00013070012420757227,-0.001157284196020253,1.339306709535748e-06,0.00011635382325403398,0.0024209532189833705,5.861014488295346e-06,0.00013860919694708151,0.003943357813892754,1.5550070849523756e-05,0.00015988774446895615
554,0.0006336048294387497,0.000369202495135131,0.0007799339260331865,0.00041073143089805547,0.02166932455060924,0.0004695596264796542,0.0009520105748034302,-0.010036234996549771,0.00010072601290611605,0.00031821985648416984,-0.02318020375276523,0.0005373218460196227,0.0010695713468119594
555,2.638998777471091e-05,2.2858853697312518e-06,0.00010669662560924831,0.00010441074023951706,0.0011251677342082218,1.266002430555524e-06,0.00010736452651693984,0.00168566216658792,2.841456939739473e-06,0.00011124426548836386,-0.0016583717132370255,2.750196738898758e-06,0.00010148108482244123
556,0.0019256582757479768,0.0005559635983445702,0.0008660533343844978,0.0003100897360399276,-0.03168400616798558,0.0010038762468526086,0.0014723035300666654,0.01534432281272157,0.00023544824258070474,0.0004013194615426485,-0.02070184304839096,0.00042856630560039743,0.0007245370115441796
557,0.0001237622402027183,6.094469041151296e-05,0.0001777250212897652,0.00011678033087825224,-0.008456169529908856,7.150680311862612e-05,0.00025191149898518006,0.010270041288150797,0.00010547374806069154,0.0002142087820199423,-0.00241940489697631,5.8535200552212174e-06,6.705478286417321e-05
558,4.816611983859964e-05,1.6125967659948632e-05,0.00010118158256130123,8.50556149013526e-05,-0.002710330889364649,7.345893528909464e-06,0.00010027932677025841,-0.0041392351487416585,1.7133267616875614e-05,0.00013391408422491757,-0.004888633943544382,2.389874183406082e-05,6.935133668872773e-05
559,0.005958732114805354,0.0006602762821185474,0.0013500613542562305,0.0006897850721376831,-0.02689481200651306,0.000723330912865916,0.0009836354477215092,-0.033281101342861254,0.0011076317065936703,0.0023212146986416604,0.01224198623164812,0.000149866226896056,0.0007453339164055217
560,1.1803139423616216e-05,4.538591946416186e-06,0.00016594323597851623,0.00016140464403210006,0.002133496124921558,4.551805715347079e-06,0.00020684149324134982,-0.002672027386546123,7.139730354710494e-06,0.00012423187382271106,0.0013871696971362985,1.924239769190983e-06,0.00016675634087148783
561,-3.0679580638444115,1.0,1.0,0.0,0.0,1.0,1.0,0.0,1.0,1.0,0.0,1.0,1.0
562,0.0012829566852827767,0.0004247106420865269,0.0007731937742630294,0.00034848313217650245,0.032373507359406244,0.0010480439787495799,0.001398962060972564,-0.011021516511296577,0.00012147382620852909,0.0005879548831078107,-0.010228104482333907,0.00010461412130147174,0.00033266437870871357
563,0.00010731482435044626,2.1405039035545432e-05,0.00024338824318577887,0.00022198320415023343,0.005467750154374772,2.9896291750652892e-05,0.0002220488488579031,0.005684736255371133,3.231622629351616e-05,0.00035433910133353397,0.0014151321714919612,2.0025990624672474e-06,0.0001537767793658995
564,5.726464412325605e-06,1.425370916593079e-06,0.00025634476832299874,0.0002549193974064057,0.0003432963436895078,1.1785237952199878e-07,0.00030232676366170885,-0.0014742667733686568,2.173462519183822e-06,0.0003035785303941996,-0.001408828538637119,1.9847978510734166e-06,0.00016312901091308785
565,4.099157723536084e-05,1.5184131988791686e-05,0.0001132470585704463,9.806292658165461e-05,-0.002056270864911837,4.2282498700085824e-06,0.00012201314334781,-0.006309783402726354,3.9813366589425137e-05,9.320441435967108e-05,0.0012291377087072673,1.5107795069413399e-06,0.0001245236180038578
566,2.684658386853389e-05,8.37679735084714e-06,0.00033519239835821946,0.00032681560100737234,0.0020421432727426576,4.170349146681573e-06,0.000316432677392009,-0.0033002629573666473,1.0891735587770235e-05,0.0004566634375278156,-0.003173059614599549,1.0068307318089609e-05,0.00023248108015483382
567,9.71155360950382e-05,3.2998146664760717e-06,0.00012577515206986986,0.00012247533740339378,-0.0005822931809235014,3.390653487977957e-07,0.00016493037173304081,0.0002860375931569682,8.181750477120886e-08,0.00017323336230501418,0.0030787271957842016,9.47856114585921e-06,3.916172217155456e-05
568,0.00012829253304780242,4.751139185625123e-05,0.00015012706582184787,0.00010261567396559665,-0.002286206354165741,5.226739493657817e-06,0.0001166025346961419,-0.003682623938109774,1.3561719069077327e-05,0.00010466005304599069,0.011124105222720507,0.00012374571700601855,0.00022911860972341103
569,0.00021977463399713848,8.306732386864635e-05,0.0002536668490400092,0.00017059952517136284,-0.0021675210707542488,4.698147592185897e-06,8.355944088356271e-05,0.01174790186189651,0.00013801319815676116,0.00028271695606518765,0.010319429531572511,0.00010649062585699198,0.00039472415017127727
570,0.00011962858280467614,5.392992546208545e-05,0.0003179067548697567,0.00026397682940767125,-0.0035866012817279205,1.2863708754418113e-05,0.00013996664562965222,0.009568062081160834,9.154781198827955e-05,0.0002829633037482182,0.007574843605213179,5.7378255643558695e-05,0.0005307903152313997
571,0.000925759634220702,0.00028042941644745856,0.0009597596100557881,0.0006793301936083296,-0.007589768557512562,5.7604586756410114e-05,0.0011050935489985703,0.0137439336182952,0.00018889571130398242,0.0005798901659054279,-0.024388274873025768,0.0005947879512819831,0.0011942951152633663
572,-2.837271444639286,2.534479175160994e-06,0.00012331106120311297,0.00012077658202795198,-0.0015920047662378073,2.5344791745318673e-06,0.00012331106120300195,-0.0015920047662378075,2.534479175086979e-06,0.00012331106120266888,-0.0015920047662378073,2.534479175864135e-06,0.00012331106120366808
573,9.128962880688984e-05,4.883281622847235e-06,0.00014142023247050903,0.0001365369508476618,0.002777573393571403,7.714913956125002e-06,0.00018578312317607537,0.000820556689011978,6.733132790204266e-07,4.3072752170303374e-05,-0.002502322447938091,6.261617633396277e-06,0.0001954048220651483
574,-3.0679580638444115,1.0,1.0,0.0,0.0,1.0,1.0,0.0,1.0,1.0,0.0,1.0,1.0
575,5.120530216562447e-05,2.6278488738373795e-06,0.0001019256268095144,9.929777793567703e-05,-0.002671616941964076,7.137537084589418e-06,0.00012377181407585702,-0.0006359704564514154,4.04458421532361e-07,0.00012746686486253545,0.0005844237464425269,3.4155111539035943e-07,5.453820149015076e-05
576,0.00039653061212530094,0.00011843605630612597,0.00043154435828611043,0.00031310830197998446,0.018185947319685286,0.0003307286799143494,0.0008033701590121067,-0.0021345029012197255,4.556102635722148e-06,0.0002486619751879138,0.004474749866548227,2.0023386368306362e-05,0.00024260094065831073
577,9.815678957636464e-06,3.087997214897461e-06,0.00013282172048797078,0.0001297337232730733,0.0004653372868427737,2.1653879067606852e-07,4.776866371858368e-05,-0.0018053487383396906,3.2592840673029144e-06,0.00022316115189668917,0.0024058613399186753,5.788168786713399e-06,0.00012753534584863946
578,0.00052261194156622,0.00019235997674627026,0.0008417365394257637,0.0006493765626794934,-0.0012993142029018151,1.6882173979881898e-06,0.0009813222757260043,0.015762875395237953,0.0002484682407261074,0.00045231631912001635,0.018081025195336168,0.0003269234721147152,0.0010915710234312703
579,3.726537753923065e-05,6.9785813349894825e-06,7.631466844807792e-05,6.933608711308845e-05,0.0037056330191966268,1.3731716072551414e-05,8.220229643896015e-05,0.0018977011276917679,3.60126957055229e-06,4.819085187401928e-05,0.0018980933491398477,3.602758361864744e-06,9.855085703125432e-05
580,-3.0679580638444115,1.0,1.0,0.0,0.0,1.0,1.0,0.0,1.0,1.0,0.0,1.0,1.0
581,0.00011105583102011263,5.8710441331433216e-05,0.0002268223491972051,0.00016811190786577188,0.008298697054666484,6.886837280517533e-05,0.00022500049712215198,-0.001075992228964117,1.1577592770040113e-06,0.00012323101203237652,0.010300737445069862,0.00010610519191212031,0.00033223553843708675
582,0.00014663063071973514,7.324543547733893e-05,0.00035664649989867553,0.0002834010644213366,-0.003948869285964204,1.5593568637450872e-05,0.00027252617042283767,0.01200788591207065,0.0001441893240773373,0.0006226757012878226,0.007742958976845575,5.995341371722862e-05,0.0001747376279853663
583,0.00010862882565987331,1.828116961869834e-05,5.244198310620322e-05,3.416081348750488e-05,-0.004872808349991317,2.3744261215541407e-05,6.259619095416724e-05,-0.003212828694063181,1.0322268217621833e-05,3.854771531897061e-05,0.004558177204007558,2.0776979422931774e-05,5.618204304547181e-05
584,4.608759934776607e-05,1.297242865346456e-05,0.00012205046108067681,0.00010907803242721226,0.005665016739212291,3.2092414655737755e-05,0.00011381745868788151,-0.0025385944364236424,6.444461712384886e-06,9.401266389252871e-05,0.0006167735340279893,3.80409592271036e-07,0.00015832126066162022
585,2.2360145782496232e-05,2.3389439859726005e-06,0.0001378689625574451,0.0001355300185714725,-0.0007347943639586897,5.399227570590526e-07,0.00013883800690095427,0.001825217763840462,3.3314198857326005e-06,0.00015125750401767668,0.001773552738151886,3.1454893151261487e-06,0.00012351137675370438
586,9.017761781837663e-05,1.994489802666551e-05,0.00012474756080301427,0.00010480266277634877,-0.005464935138397544,2.986551606742882e-05,8.818426427792403e-05,0.005032238898363431,2.5323428330503717e-05,0.00015624120843538147,-0.0021554001210511648,4.645749682063993e-06,0.0001298172096957373
587,9.895120454461726e-06,4.686490209275067e-06,0.00028028163290905184,0.00027559514269977675,0.0026813966819399728,7.1898881655041436e-06,0.00027816188332108194,0.0016226355301774491,2.6329460636187463e-06,0.0002590441607472904,-0.0020583091113651275,4.236636398702309e-06,0.00030363885465878315
588,0.0005971682460758077,0.00023295952951270701,0.0007017617086556202,0.0004688021791429131,-0.02377987910054811,0.0005654826500365306,0.001137982684024319,0.0016512565327695544,2.7266481369414564e-06,0.00046876189879330177,0.011431066895295239,0.00013066929036464892,0.0004985405431492396
589,0.0004245586096044418,0.00014941524139873893,0.0004135023145789285,0.00026408707318018954,0.010356435776227555,0.0001072557619868908,0.00016674142612316256,0.003765574877938771,1.417955416149752e-05,0.0002670466231795565,-0.01807789833050684,0.00032681040804782846,0.0008067188944340664
590,-2.6844571555726793,5.920436900079077e-05,0.00037667372362926166,0.00031746935462847087,0.007694437536311739,5.920436900108683e-05,0.0003766737236300388,-0.007694437536311743,5.920436899964354e-05,0.00037667372362781837,0.007694437536311737,5.920436900164194e-05,0.0003766737236299278
591,0.00011916699920033746,3.180274746683587e-05,0.00015005575965513587,0.0001182530121883,-0.004561308896001581,2.0805538845536375e-05,0.00010631776025649131,-0.007513693065452418,5.645558348177371e-05,0.00022474557285201424,0.004259943670170405,1.814712007319752e-05,0.0001191039458569021
592,5.890327324620248e-05,2.3016341930729805e-05,0.00017519874113340142,0.00015218239920267163,0.0038585329122835773,1.4888276235192066e-05,0.00015307542506826088,-0.004358929036742321,1.9000262347579344e-05,0.00016533770376458978,-0.00592962791492769,3.5160487209418e-05,0.00020718309456735362
593,1.4854774471828591e-05,2.151597089568765e-06,0.00014987676491688232,0.00014772516782731354,-0.0010112144175620683,1.0225545985509399e-06,0.00017355551146536197,0.0012806735001267052,1.6401246138997294e-06,0.00013704134767511533,0.0019473346030237971,3.7921120562556254e-06,0.00013903343561016968
594,0.000123903849063689,3.0391851197242303e-05,0.000247278967542545,0.00021688711634530272,-0.007601515257670465,5.7783034212777196e-05,0.00039238211261993783,-0.0036493044179321454,1.331742273447123e-05,0.0002705017999210524,0.004480524148376794,2.0075096644478485e-05,7.89529900866448e-05
595,9.014438622301224e-05,3.933613201353066e-06,6.27063040541757e-05,5.877269085282263e-05,0.0007681644358757352,5.900766004707236e-07,5.5450735978790355e-05,-0.00030043440570218726,9.02608331410093e-08,5.395071430613907e-05,-0.0033347416946267095,1.1120502170447466e-05,7.871746187759765e-05
596,0.00019379525887208704,8.202227244761644e-05,0.0001696860727771939,8.766380032957748e-05,-0.005847401681793275,3.419210642818804e-05,0.000128922697086975,0.007822055612632058,6.118455400638823e-05,0.00016530573895046086,0.012275591916808406,0.00015069015690827303,0.00021482978229414584
597,2.0790281366034336e-05,7.317772247716903e-06,0.00019555112692900187,0.00018823335468128496,-0.002736196802330476,7.48677294037936e-06,0.0001808210279801159,-0.0032974100790836543,1.0872913229764691e-05,0.0002517572218213582,0.0018956873615293278,3.5936305730066564e-06,0.0001540751309855315
598,-3.0679580638444115,1.0,1.0,0.0,0.0,1.0,1.0,0.0,1.0,1.0,0.0,1.0,1.0
599,0.0002947696111678111,6.639057157786787e-05,0.00026443817195949865,0.00019804760038163077,0.007414535274631245,5.497533333875815e-05,0.0002459482984992212,0.0028297875461342804,8.007697556600135e-06,4.5202873166894086e-05,0.011669990738558561,0.00013618868383824534,0.0005021633442123807
600,0.00017028725061318806,5.6750900691497165e-05,0.0005985777838421283,0.0005418268831506312,-0.013014247844009218,0.00016937064694511061,0.0009702539316600589,-0.0002872525656753477,8.251403593728668e-08,0.00017093124094147427,-0.0008941706178805481,7.995410934436009e-07,0.000654548178924852
601,0.00022180509305336216,1.8735246960277507e-05,0.0001971626949584341,0.0001784274479981566,0.005029309514131717,2.5293954188820855e-05,0.00019666588985289835,-0.0040493668660987045,1.639737201464264e-05,0.00019203372869691648,0.0038097788226207564,1.4514414677369025e-05,0.00020278846632548753
602,1.0603865961411607e-05,3.2957987294857105e-06,0.00018268588071198208,0.00017939008198249637,-0.0022995686015125022,5.2880157530577065e-06,0.0002743019140177827,-0.0010443141881285646,1.0905921231652016e-06,0.00011365710728705736,0.001873175996012515,3.5087883122342234e-06,0.00016009862083110615
603,4.846346247500133e-05,1.787981701099432e-05,0.00023368408751711645,0.00021580427050612214,0.005061709963834447,2.5620907757484268e-05,0.00012301711062945309,0.004394653248671624,1.9312977176499935e-05,0.0002702840584076771,-0.0029505196320420146,8.705566098998752e-06,0.00030775109351421914
604,-3.0679580638444115,1.0,1.0,0.0,0.0,1.0,1.0,0.0,1.0,1.0,0.0,1.0,1.0
605,0.0002610384994730097,4.413538061117291e-05,0.0002761825926890967,0.00023204721207792375,-0.005127243512686964,2.628862603881732e-05,0.00020199853449587302,0.0041958891613825666,1.760548585494348e-05,0.00023888250872938777,-0.009408083223476178,8.851202993975793e-05,0.0003876667348420293
606,8.230119721930329e-05,1.7642239542407328e-05,0.00018612265017536878,0.00016848041063296146,-0.00450520353161724,2.02968588611796e-05,0.00025998549496697443,-0.00566444364259096,3.208592177994518e-05,0.00020478186797612263,0.0007375215157014582,5.439379860971982e-07,9.360058758300926e-05
607,0.0002582297861426497,0.0001987124986109571,0.0008176949611522119,0.0006189824625412548,-0.012964877023655638,0.00016808803623846735,0.0008909342637233308,0.015864885160682688,0.0002516945811615878,0.0009540031478443289,0.013279867410204734,0.00017635487843281616,0.0006081474718889757
608,0.0002359882201896646,0.00010423903456309909,0.00022452493035755397,0.00012028589579445488,-0.011704026846575996,0.000136984244425431,0.0003937468336210337,-0.010774801374032476,0.00011609634464981866,0.00016274102334790097,-0.007722468168551752,5.963651461404762e-05,0.00011708693410372728
609,0.000210840926558431,0.00012558454779946585,0.0006421023550560919,0.0005165178072566261,-0.0029227460704057085,8.542444592252174e-06,0.00012794379926006627,-0.01401483397210491,0.00019641557126581777,0.000859680134036811,-0.013107083105728012,0.00017179562754032762,0.0009386831318713984
610,4.274950995275528e-05,6.546640619127982e-06,0.00010407329685143314,9.752665623230516e-05,0.0014022242087764522,1.9662327320757456e-06,0.00011351532733172576,-0.004178124090202547,1.745672091302275e-05,8.33654463608946e-05,0.00046579846702264247,2.1696821228545105e-07,0.00011533911686167908
611,-3.0679580638444115,1.0,1.0,0.0,0.0,1.0,1.0,0.0,1.0,1.0,0.0,1.0,1.0
612,-3.0679580638444115,1.0,1.0,0.0,0.0,1.0,1.0,0.0,1.0,1.0,0.0,1.0,1.0
613,0.00015531855324191213,0.00013882966258253285,0.0008284430262795647,0.0006896133636970319,0.011157864809618523,0.00012449794710878148,0.0007800991493096543,0.011714722781544031,0.0001372347298477239,0.0007915121893118382,-0.012440108954143422,0.0001547563107910932,0.0009137177402172014
614,0.00011822908362124629,2.791174764286512e-05,0.00014753665201287328,0.00011962490437000815,-0.0018036195400055015,3.2530434450617207e-06,0.00016033781596391794,-0.008957142564608908,8.023040292270966e-05,0.0001361968081484699,0.000501793344753263,2.5179656082396917e-07,0.000146075331926232
615,8.932372417724821e-05,2.498008844846004e-05,0.00016694148647996196,0.00014196139803150193,0.003340588513423204,1.1159531616011797e-05,0.00011985523084845351,-0.0066475777460774845,4.41902898900004e-05,0.0001373086778903021,-0.00442610933429602,1.959044383936792e-05,0.00024366055070113024
616,2.370191676970279e-05,5.466620639419754e-06,7.982646830406726e-05,7.43598476646475e-05,-0.003944591124759392,1.555979914191763e-05,6.51431942967351e-05,-0.00039874893736987913,1.5900071492769285e-07,7.823972881815244e-05,0.0008252648430843894,6.810620614139395e-07,9.609648179731423e-05
617,-2.95430465689681,3.866702239877876e-08,0.00011977754176032789,0.0001197388747379291,-0.00019663932154248402,3.866702180665982e-08,0.00011977754175962474,0.000196639321542484,3.866702280586054e-08,0.00011977754176017985,-0.00019663932154248394,3.8667022583815935e-08,0.00011977754176117905
618,-3.0679580638444115,1.0,1.0,0.0,0.0,1.0,1.0,0.0,1.0,1.0,0.0,1.0,1.0
619,-3.040777076174055,5.49728740304826e-05,0.0001710224632307892,0.00011604958920030661,-0.0002893452999034968,8.372070248174879e-08,8.278830151675631e-05,0.008958605858189205,8.025661892308023e-05,0.00021984745184866483,0.009196645174528442,8.457828246588583e-05,0.0002104316363269465
620,0.0027535000503342566,0.0004487805382744255,0.0011809337922297953,0.0007321532539553699,0.010489042974547337,0.00011002002252202825,0.0010727883980050645,-0.004649579349635557,2.1618588128657912e-05,0.0004887918648410761,-0.03485258963366358,0.0012147030041725904,0.0019812211138432456
621,0.00205558872213063,0.001134373866519452,0.004946962643051204,0.0038125887765317525,9.607418452107117e-05,9.230248676495023e-09,0.0007422845462977667,-0.0375233139590754,0.0014079990904712902,0.005893843049357694,-0.044666690932267675,0.0019951132788383896,0.008204760333498151
622,3.262491121247546e-05,3.833708748272417e-06,0.00015322475262461813,0.00014939104387634572,-0.00047346385596211236,2.241680230330445e-07,0.00010248507524546202,0.0017672602657497294,3.1232088468780006e-06,0.00017283862738581846,0.002855477083626061,8.153749374906205e-06,0.00018435055524257393
623,0.00014064380040290647,2.730032485838881e-05,0.0003516335898355501,0.0003243332649771613,0.007655174431700589,5.860169557958539e-05,0.00022433627237172793,0.004724342660850413,2.2319413576887825e-05,0.0004661345709000564,-0.0009898815174508543,9.798654186932154e-07,0.00036442992623486603
624,-1.6122674145123357,4.07586644364614e-05,7.70903494856275e-05,3.63316850491661e-05,-0.006433939278399693,4.1395574640001875e-05,8.331129560934514e-05,0.006385604750443056,4.0775948028537456e-05,7.546627373922199e-05,-0.006332809064064463,4.010447064084488e-05,7.249347910831538e-05
625,1.1352033905676073e-05,5.101255313277875e-06,8.751920412486403e-05,8.241794881158615e-05,0.0026494280951394047,7.01946923153951e-06,6.231250349109096e-05,-0.002442192968053017,5.964306493799754e-06,7.056326925458656e-05,0.0015231514088210828,2.3199902144943607e-06,0.00012968183962891455
626,-3.0679580638444115,1.0,1.0,0.0,0.0,1.0,1.0,0.0,1.0,1.0,0.0,1.0,1.0
627,0.00013361645297260694,3.3419846804457386e-05,0.00016927262358301665,0.00013585277677855925,0.00917443178918357,8.417019865447628e-05,0.00026873425548212815,0.0016946144349079158,2.8717180826642874e-06,0.0001767557530223396,-0.0036356049944935138,1.3217623676231582e-05,6.23278622445822e-05
628,0.00019725597445563459,1.8992377785539045e-05,0.00028815725524285646,0.00026916487745731743,0.0013047832186294734,1.7024592476877487e-06,0.0003525082713309313,0.003302752759076561,1.090817578797143e-05,0.0002949176812941934,-0.006660818142008902,4.436649832095796e-05,0.00021704581310344473
629,8.916689022386848e-05,4.8888436358899647e-05,0.0003586631149486615,0.0003097746785897618,0.004083400470515901,1.6674159402652045e-05,0.0002683553025472074,-0.00680283885431358,4.627861647787945e-05,0.00028319850642344324,0.009149455349682827,8.371253319616745e-05,0.0005244355358753339
630,-3.0679580638444115,1.0,1.0,0.0,0.0,1.0,1.0,0.0,1.0,1.0,0.0,1.0,1.0
631,0.0002639445370056226,0.00010801531562865119,0.00045342195551408465,0.00034540663988543346,0.011600258153224487,0.00013456598922156893,0.0007216084368503184,-0.008414214906359598,7.079901249040788e-05,0.00041402568347592705,0.01089407844538662,0.00011868094517397676,0.00022463174621600857
632,0.00010185733401701924,3.2486168740260744e-05,0.0001826454962517617,0.00015015932751150096,-0.007799832275048995,6.083738351914114e-05,0.0003575963764974599,-0.005656837056358938,3.199980548174164e-05,9.830261550569652e-05,0.0021497249172782672,4.621317219899446e-06,9.203749675212869e-05
633,4.1650249092861635e-05,1.2987227547722746e-05,0.00030515904668878174,0.000292171819141059,-0.003626798659449482,1.3153668515508699e-05,0.00024243153186909172,-0.005074409586424615,2.5749632651561605e-05,0.000300726127788975,-0.0002416225896797851,5.838147609793509e-08,0.00037231948040827856
634,1.1335716380567185e-05,1.2194380375474267e-06,0.00020329457737655598,0.00020207513933900856,-0.001706255792861098,2.911308830122472e-06,0.00026004678041102736,0.0008573473048369472,7.350444013454194e-07,0.00019471633410361733,-0.0001093658154495752,1.196088117438876e-08,0.00015512061761502327
635,0.0001545827539229938,3.567734661928205e-05,0.00020445740380977315,0.0001687800571904911,0.0036389137392371933,1.3241693201382354e-05,0.0001406711273139738,-0.0009821942462276787,9.647055374539804e-07,0.00033356962238473287,0.009634606432993721,9.282564111900982e-05,0.00013913146173061275
636,0.0025370794692369802,0.0011695451604037215,0.002849122414829116,0.0016795772544253944,0.03373372541785729,0.0011379642305675564,0.0026208116019870165,0.04865963377220679,0.002367759958845417,0.005071581283681459,-0.0017062508017107393,2.9112917981910513e-06,0.0008549743588188718
637,0.0009823012943256382,0.00040786960942621836,0.000884712688858739,0.00047684307943252063,0.016451447751820912,0.0002706501331309896,0.0006398770508080354,-0.01904498608815341,0.0003627114950981447,0.0006491861482424977,0.024295003602583434,0.0005902472000495207,0.001365074867525684
638,1.2755794461472014e-05,1.9627376508883168e-06,0.00014882809081632567,0.00014686535316543736,0.0016957635384244943,2.875613978603475e-06,7.156339944447421e-05,-0.0008130156198970443,6.609943983271194e-07,0.0002754959744727392,0.0015334942372830411,2.3516045757343562e-06,9.942489853176362e-05
639,0.0007391909069316416,0.0005930579867884367,0.0012650814502389214,0.0006720234634504847,-0.022155210016855612,0.000490853330890717,0.001097574079235053,-0.026864642739332877,0.0007217090295118522,0.0013857270507998676,-0.02380360476824599,0.0005666115999627408,0.0013119432206818438
640,8.274722602197304e-05,3.05299633398907e-05,0.00013007473626099517,9.954477292110447e-05,0.007857770681017772,6.174456007557172e-05,0.00013918199880835758,-0.003933371896193387,1.5471414473111622e-05,0.0001381781963727402,-0.003791294695851704,1.4373915470988763e-05,0.00011286401360188769
641,7.759788950012503e-05,3.5717773992397874e-05,0.00015360594867204944,0.00011788817467965157,-0.007736969184145412,5.9860692156465944e-05,0.00010263355942241592,-0.005037477219105222,2.5376176733260536e-05,0.00024470187115510633,-0.004681501157455659,2.1916453087467147e-05,0.00011348241543862603
642,0.00016588224661584494,5.8002528122750675e-05,0.0004176855696090091,0.0003596830414862584,0.005252756284208717,2.7591448581554268e-05,0.0006509039430212527,-6.971370413354551e-05,4.860000624162808e-09,0.00010261493880625583,-0.012100052718317123,0.0001464112757860736,0.0004995378269995188
643,0.00021739771523388018,7.688584999214025e-05,0.000164206372460729,8.732052246858875e-05,-0.0057676393713027635,3.326566391748109e-05,0.0002070569919366827,-0.013824350113962077,0.00019111265607352212,0.00026172816387337594,0.0025058391779593505,6.279229985417523e-06,2.383396157212836e-05
644,7.849713113583512e-05,1.5455586042841436e-05,0.00017668632175786106,0.0001612307357150196,0.0041407496692172,1.7145807823193415e-05,0.00017101407041308914,-0.004261283788349217,1.8158539524470996e-05,0.000269785267753897,0.0033260202617308933,1.10624107808599e-05,8.925962710659707e-05
645,0.00013559455604938986,9.306777548752827e-05,0.00017329942607953916,8.023165059201089e-05,0.008641838637432715,7.468137503474637e-05,0.00014260274831345843,-0.01008284931041013,0.00010166385021659341,0.00018544263174691267,0.010141898304143221,0.00010285810121124506,0.00019185289817824636
646,8.876352819342515e-05,3.606579964802551e-05,0.0001969899186397006,0.0001609241189916751,-0.007905312668654636,6.24939683884218e-05,0.0002689031736754499,-0.0012740383737080258,1.6231737783867217e-06,0.00017977442148509049,-0.006639296406809413,4.408025677726801e-05,0.00014229216075856144
647,0.6159270912422812,0.4187046845540501,0.6435266440684972,0.22482195951444717,0.7625051644250884,0.5814141257749311,0.746240737629056,-0.6334274653323637,0.4012303538373828,0.5200791219081794,-0.5229431843420815,0.2734695740498363,0.6642600726682564
648,0.00011290613309888897,5.774358234615177e-05,0.0002588089991512795,0.0002010654168051277,-0.008061476535494959,6.498740393146019e-05,0.000260992349014999,0.00909875190890903,8.278728629973475e-05,0.00023144577926126342,0.0050453995686809945,2.5456056807260374e-05,0.00028398886917757604
649,8.924539814580967e-05,6.606854035236716e-05,0.00019549110856080057,0.0001294225682084334,-0.009290845423757417,8.63198086874517e-05,0.00025570868386670664,-0.008252462106060126,6.810313081162533e-05,0.00017437248253360238,0.006616848310031039,4.378268155802445e-05,0.0001563921592820927
650,4.342072844853995e-05,1.3991345933643077e-05,0.0002673267734768503,0.0002533354275432072,0.0028234110199605858,7.97164978783016e-06,0.0003840218641715243,0.005831156644343047,3.400238781081644e-05,0.0003483387366347568,4.496117162313907e-07,2.0228263508670352e-13,6.961971962426983e-05
651,0.00021800950933514862,9.118542854225087e-05,0.0001941315466437906,0.00010294611810153972,0.007616610554838964,5.801275634453873e-05,0.0001782307442689257,-0.013579643673556845,0.00018440672230124466,0.00024990035435823454,-0.005580036467723444,3.113680698096921e-05,0.0001542635413042115
652,8.427903386631908e-05,2.168498059103759e-05,0.00021946473829651905,0.00019777975770548145,0.006338427761393032,4.017566648673032e-05,0.0001395105040042921,-0.004684399818598309,2.194360166063447e-05,0.0001906868903435166,0.001713380759111965,2.935673625747981e-06,0.0003281968205417485
653,0.000691694509787788,0.00023029171894321335,0.00048381916805935915,0.0002535274491161458,-0.011735869008901261,0.00013773062139388337,0.00040419627505960953,0.015643466711762036,0.00024471805076209385,0.00043122817327378993,0.017562075181303486,0.00030842648467366285,0.000616033055844678
654,-2.862332244510681,1.6095622465369292e-05,0.00012545641692189116,0.00010936079445652187,-0.004011935002646435,1.609562246673857e-05,0.00012545641692374154,-0.004011935002646434,1.609562246529528e-05,0.00012545641692118803,0.004011935002646439,1.6095622464074033e-05,0.00012545641692074394
655,4.702855154503638e-05,1.808903967677929e-05,0.0002666793422482587,0.0002485903025714794,-0.0023937712846852826,5.730140963278174e-06,0.0003279930845897505,-0.006598705124494945,4.354290931973814e-05,0.00015044691265431176,-0.0022347413155687375,4.994068747321556e-06,0.0003215980295007137
656,7.413883726559156e-05,2.5557600982143807e-05,0.00035136867821379997,0.00032581107723165614,-0.005812964288132238,3.379055381558249e-05,0.0004840134638175453,0.006532256692748923,4.267037749960956e-05,0.0004459434413629504,-0.00046029515693601344,2.118716312393687e-07,0.00012414912946090428
657,1.513540663056201e-05,6.490386036654232e-06,0.00021709475176057147,0.00021060436572391725,0.0026052969351540657,6.787572120248164e-06,0.0002149998727409841,-0.0034484701651432055,1.1891946479325455e-05,0.00022641659763111832,-0.000889741260373017,7.91639510389075e-07,0.000209867784909612
658,1.2617922384272617e-05,6.863064562989685e-06,0.00045356641384760216,0.00044670334928461247,-0.0031404173065396252,9.862220859191417e-06,0.0002454722974685186,-0.0023883850426841494,5.704383112425937e-06,0.0004929086832783369,-0.0022411134993681183,5.0225897173517e-06,0.000622318260795951
659,-2.8898837432044715,6.85460584293196e-07,0.00012148292403231971,0.00012079746344802651,-0.0008279254701708222,6.854605841821737e-07,0.0001214829240322457,0.0008279254701708218,6.854605845152406e-07,0.0001214829240322457,-0.0008279254701708221,6.854605841821737e-07,0.00012148292403246774
660,1.3901565676599503e-05,4.111493232650254e-06,0.00013262648031509006,0.0001285149870824398,6.0770221716076795e-05,3.6930196678497396e-09,0.00017212241265551764,-0.0015157794629784922,2.2975873804620406e-06,3.3879606378239835e-05,0.0031675225804890213,1.0033199297820872e-05,0.0001918774219115127
661,1.4965708124758947e-05,1.3587219241273374e-05,0.00017531540469454635,0.00016172818545327297,0.0038396673184463498,1.4743045116172304e-05,0.00016808730967754482,0.0035792078711547144,1.2810728985734876e-05,0.0001791620994471277,-0.003634265210703714,1.3207883621912941e-05,0.00017869680495896656
662,5.5059794579426224e-05,3.480920818355049e-05,0.00010772068236453158,7.29114741809811e-05,-0.006397753990049242,4.0931256117038295e-05,8.600572907024873e-05,-0.00442209861075238,1.955495612271374e-05,0.00012545182127554622,0.006628831896380731,4.394141231089943e-05,0.00011170449674779981
663,5.3915149421657205e-06,3.3829095377931515e-06,0.00014494242140561386,0.0001415595118678207,-0.0022675733363926097,5.141888836046604e-06,0.00017764369494044363,0.0022331343798466896,4.986889158398178e-06,0.00017670403232217247,-0.0001412466619789257,1.9950618934672093e-08,8.04795369542255e-05
664,-3.0679580638444115,1.0,1.0,0.0,0.0,1.0,1.0,0.0,1.0,1.0,0.0,1.0,1.0
665,-3.0679580638444115,1.0,1.0,0.0,0.0,1.0,1.0,0.0,1.0,1.0,0.0,1.0,1.0
666,-3.0110914468235803,3.163930819690316e-05,0.0001223439907241571,9.070468252725394e-05,-0.0004976415979920705,2.476471594459184e-07,0.00010953310055550336,-0.006192709622613983,3.834965247062616e-05,0.00013076996462846324,0.007504706853706431,5.632062496063739e-05,0.0001267289069885047
667,0.00010044596185421195,7.005460174958067e-06,0.0002662834870757284,0.00025927802690077034,-0.0013626451295210482,1.856801748911785e-06,0.0002599240368768019,0.004012058470277216,1.6096613169480634e-05,0.0002585060599255007,0.0017501330254531622,3.0629656064817823e-06,0.0002804203644248826
668,0.0001726521036645723,6.364131803863564e-05,0.0002562593582673041,0.00019261804022866846,-0.009987813575012994,9.975642000936702e-05,0.00033819468519780127,-0.009357164606418953,8.75565294718994e-05,0.0003051806563088011,-0.0019002643591306265,3.61100463464048e-06,0.00012540273329531004
669,2.4978133229991428e-05,8.00352207460294e-06,0.00015297042240669523,0.00014496690033209228,-0.001639036563971419,2.6864408582127908e-06,6.370316295534195e-05,0.0044829523966817796,2.0096862190954745e-05,0.0002085485381289054,-0.0011078191072699491,1.2272631746412799e-06,0.00018665956613583834
670,-3.0679580638444115,1.0,1.0,0.0,0.0,1.0,1.0,0.0,1.0,1.0,0.0,1.0,1.0
671,0.0006544693508900856,0.0003218281817518598,0.0005001844444805226,0.00017835626272866278,0.01920824863922204,0.0003689568157861922,0.0006471810511680109,0.023809738386608905,0.0005669036420389295,0.000680387482694389,0.005442801432214171,2.9624087430457635e-05,0.0001729847995791678
672,-3.0679580638444115,1.0,1.0,0.0,0.0,1.0,1.0,0.0,1.0,1.0,0.0,1.0,1.0
673,0.00012700166630974508,7.070403647317185e-05,0.0001914477685899992,0.00012074373211682736,-0.007946988234127546,6.315462199302235e-05,0.00013654368356041946,-0.008629547989844133,7.446909850927774e-05,0.0001926167554995306,-0.00863066561263728,7.448838891721543e-05,0.0002451828667100475
674,1.5239887911411287e-05,9.360903219901573e-06,0.00014719745491150368,0.0001378365516916021,-0.0006161747078010297,3.7967127064497674e-07,0.00014231371661843628,0.0036804602830095173,1.3545787894697625e-05,0.00013911568747926317,0.0037626121902711303,1.4157250494362117e-05,0.00016016296063681157
675,0.0004951116691634949,0.000171771159664047,0.0005044091556551944,0.0003326379959911474,0.006219281306461729,3.86794599692708e-05,0.00014995049829336082,-0.020174176665661146,0.00040699740413696617,0.0006552819336038684,-0.008344855594065795,6.9636614885904e-05,0.0007079950350683539
676,0.0001577907914274146,5.0936009035458994e-05,0.00018401923434829826,0.00013308322531283925,-0.0012881601864819167,1.6593566660727532e-06,0.0001735962163607052,0.012263055090024979,0.00015038252014010212,0.00027606385705614134,-0.000875300120275327,7.661503002021064e-07,0.00010239762962804821
677,5.182245201851288e-05,2.3597601481702608e-05,0.0002577880025570097,0.00023419040107530706,-0.005571717054356236,3.104403093312502e-05,0.0004098327096048182,-0.002753231450447176,7.580283419961198e-06,4.923639439025074e-05,-0.005671727258278582,3.2168490092021607e-05,0.00031429490367596014
678,0.00017027182263884555,4.609165428785348e-05,0.00014020892834446888,9.411727405661541e-05,0.009289195078120023,8.628914519925868e-05,0.00016501960039261299,0.007208330798071983,5.19600328940939e-05,0.00010215612923047956,-0.0001605763702384169,2.5784770207870622e-08,0.00015345105541031412
679,6.939174202491571e-05,3.205044441634275e-05,0.00012320713242404877,9.115668800770602e-05,0.00369669615273594,1.3665562445641655e-05,0.00010852112175141482,-0.00564037069341314,3.181378155925341e-05,0.00010273006569372356,-0.007118426037010471,5.0671989244133187e-05,0.0001583702098270079
680,0.0006490180753705443,0.0001605002415421645,0.00047874977496757215,0.0003182495334254076,-0.0066816941301051595,4.464503644829865e-05,0.00023488984039055083,0.01925528156605375,0.00037076586818785007,0.000988520347788624,-0.008129564563386222,6.60898199903448e-05,0.0002128391367235416
681,0.001370203977728801,0.0005006589928796915,0.0009945232541593112,0.0004938642612796197,-0.007624817161140174,5.8137836740579374e-05,0.00023053553221652479,-0.0356074993933672,0.0012678940130484984,0.0019372205247691898,0.013264430965934899,0.0001759451288499969,0.0008158137054922188
682,8.955256344722606e-05,2.953359625771738e-05,0.00015168062788169698,0.0001221470316239796,-0.0015134265245569836,2.290459845455395e-06,0.00025089476101047836,0.003629915801121822,1.3176288723437679e-05,7.557230670174331e-05,0.008551844257489238,7.313404020425907e-05,0.00012857481593286924
683,0.00035882438959355945,0.0001369762798769288,0.0004989267075925877,0.0003619504277156589,0.00711349692754309,5.0601838538000266e-05,0.0001137718879989924,0.00933600111124899,8.716091674931814e-05,0.0004671985644005838,0.016527736818545337,0.000273166084343468,0.0009158096703781871
684,0.00025120661815380974,8.255744311898756e-05,0.00042823494638303633,0.0003456775032640488,0.01145003198010348,0.00013110323234577503,0.0005450304852457899,-0.007119614245101043,5.068890699888584e-05,0.00045193127490783525,0.008116661260173512,6.588019001230183e-05,0.0002877430789954838
685,0.0005516643685350431,0.0001257410287076969,0.00037641098606866485,0.000250669957360968,-0.014016073457165703,0.0001964503151562491,0.00043564032716081336,-0.011886217391158846,0.0001412821638701045,0.0001982095565703501,-0.006284155241326863,3.949060709673713e-05,0.0004953830744748311
686,-3.0679580638444115,1.0,1.0,0.0,0.0,1.0,1.0,0.0,1.0,1.0,0.0,1.0,1.0
687,0.00011035332372244522,4.48776099184478e-05,0.00023746207620275092,0.00019258446628430312,0.005159706691044443,2.6622573137569105e-05,0.00011654747097056273,0.0059262117228239975,3.5119985383857966e-05,0.00038055837810635484,-0.0085375799401404,7.289027123391634e-05,0.00021528037953133516
688,1.4796889200807684e-05,3.45239405511825e-06,0.00021407849576963547,0.00021062610171451723,-0.0022023656860810873,4.8504146150651906e-06,8.892526442749737e-05,0.0014612926278121385,2.1353761441300634e-06,0.0002707184975943022,-0.0018361349094195712,3.3713914061594963e-06,0.00028259172528710685
689,-3.0679580638444115,1.0,1.0,0.0,0.0,1.0,1.0,0.0,1.0,1.0,0.0,1.0,1.0
690,7.47461108606684e-05,3.7154488902550278e-06,0.00048687344541435235,0.0004831579965240973,0.0001986782553189913,3.9473049273652805e-08,0.000437278631299054,0.002196079675695863,4.822765941936424e-06,0.0004589755927163486,-0.0025068122545703992,6.284107679555007e-06,0.0005643661122276544
691,8.863683591819882e-05,4.683734197670949e-05,0.00015441461128662404,0.00010757726930991454,0.005351943430695966,2.864329848550895e-05,0.00020418447518777416,0.00489695083231064,2.3980127454192868e-05,0.00011541469810882887,0.009374891998885956,8.788859999042664e-05,0.00014364466056326908
692,0.00023634514569037535,7.129844861808454e-05,0.00034566766419596995,0.0002743692155778854,0.00676274673161858,4.573474335611838e-05,0.00020947971266027654,-0.0124525074559634,0.0001550649419408412,0.0002991886453045378,-0.003618792693278957,1.3095660557294053e-05,0.0005283346346230955
693,0.023519499753036355,0.014385747851069238,0.020653267931002417,0.0062675200799331785,-0.12931220859523307,0.016721647291777275,0.01997035542308212,-0.09956898407619662,0.009913982589965786,0.013860504261582696,-0.1285364293555132,0.016521613671464652,0.028128944108342435
694,-2.7797899997482016,7.12155029514161e-06,0.00012702464654527437,0.00011990309625013276,-0.0024041602538324674,5.779986526732728e-06,0.00012696473488926774,-0.0007393946745593726,5.46704484905014e-07,0.00012570745160356278,-0.0038778808483306885,1.5037959873787088e-05,0.00012840175314299263
695,0.0011595865570183106,0.00048358019566137794,0.0009662554716973378,0.0004826752760359599,0.03233412312338362,0.001045495518158135,0.002022566795086833,0.014806678432019582,0.00021923772618948068,0.0006251488480102374,-0.013638450888439912,0.0001860073426365183,0.00025105077199494286
696,0.0001227884904224652,6.199857605719099e-05,0.0007150951300696947,0.0006530965540125038,0.00904107652701143,8.17410647674377e-05,0.0006628970488665731,0.0022411252424220252,5.0226423523591635e-06,0.0004501647251263785,0.009961527044162867,9.923202105177609e-05,0.0010322236162161325
697,-2.985052164715046,2.4474286377899426e-06,0.00011966150642398847,0.00011721407778619852,0.0015644259769038835,2.4474286370868015e-06,0.00011966150642339635,-0.0015644259769038828,2.447428638086002e-06,0.00011966150642450657,-0.0015644259769038824,2.4474286381970245e-06,0.00011966150642406248
698,6.372362984574664e-05,2.1321623351481616e-05,0.0001549553394773658,0.0001336337161258842,-0.007278359659997596,5.2974519340165394e-05,0.0001671483459653178,-0.002321045165170126,5.387250659127929e-06,0.0001453244829507927,0.0023670868287820877,5.603100055151522e-06,0.0001523931895159869
699,-3.0679580638444115,1.0,1.0,0.0,0.0,1.0,1.0,0.0,1.0,1.0,0.0,1.0,1.0
700,2.680453044445752e-05,5.495148026131898e-06,0.0001659676035660936,0.0001604724555399617,0.0001156598280822857,1.3377195795527541e-08,0.0001944040834482852,-0.0031198533278230483,9.733484787055602e-06,0.00011460868881441044,0.0025958779046000554,6.738582095544565e-06,0.00018889003843558516
701,0.00011061053773153695,4.283456138831632e-05,0.0001526077940100142,0.00010977323262169789,-0.009644299272913343,9.301250846505127e-05,0.00015860290739255767,0.005945049086442116,3.5343608640103774e-05,0.00018097487148871494,0.0003841445815590788,1.4756705979390716e-07,0.00011824560314876997
702,8.801272987080111e-07,7.735221467057111e-08,0.00022010829966445655,0.000220030947449786,9.310659317854448e-05,8.668837536696117e-09,0.00021343671212770143,0.0002297937125856601,5.2805150696499936e-08,0.00020625780754923717,-0.00041301653233391826,1.7058265577851728e-07,0.00024063037931643105
703,0.00011127185169346188,3.5486681922880514e-05,0.00011243799769544705,7.695131577256653e-05,-0.0004015440546052066,1.612376272497329e-07,8.793448209776233e-05,0.0032730579228717363,1.0712908166787827e-05,8.553596169924571e-05,0.009776804180063554,9.558589997460398e-05,0.0001638435492893331
704,6.89388734027574e-05,2.2024372870059022e-05,0.00015111208586293667,0.00012908771299287766,-0.0001680892863171273,2.8254008355155236e-08,5.464784674902301e-05,0.0028205687887587253,7.955608292253835e-06,0.000211643463755129,-0.007621630816947616,5.808925630956807e-05,0.00018704494708465802
705,-3.0679580638444115,1.0,1.0,0.0,0.0,1.0,1.0,0.0,1.0,1.0,0.0,1.0,1.0
706,-2.8056437719995433,1.6095622466072435e-05,0.00012545641692281637,0.00010936079445674393,-0.004011935002646432,1.6095622466960613e-05,0.00012545641692340848,0.004011935002646437,1.609562246585039e-05,0.00012545641692274234,0.004011935002646438,1.60956224654063e-05,0.00012545641692229825
707,9.52671620513268e-06,7.618809338823714e-06,0.00016232945499949913,0.0001547106456606754,0.00283112079222176,8.015244940207111e-06,0.00018343806227805182,-0.002978430736397655,8.87104965108243e-06,0.00024226350868594704,0.002443385648209446,5.970133425181601e-06,6.128679403449855e-05
708,-3.0679580638444115,1.0,1.0,0.0,0.0,1.0,1.0,0.0,1.0,1.0,0.0,1.0,1.0
709,0.0001370888987506369,3.9621673219284816e-05,0.00025774319973489074,0.00021812152651560593,0.0011501482331818798,1.3228409578847078e-06,0.0004278011639426982,0.009658499786010855,9.328661811613959e-05,0.00014653122779939576,-0.004924993460307521,2.425556058383016e-05,0.00019889720746257833
710,-3.0679580638444115,1.0,1.0,0.0,0.0,1.0,1.0,0.0,1.0,1.0,0.0,1.0,1.0
711,-3.0679580638444115,1.0,1.0,0.0,0.0,1.0,1.0,0.0,1.0,1.0,0.0,1.0,1.0
712,0.0001566051117883882,5.585099415724345e-05,0.00036259904303500196,0.00030674804887775853,-0.004756746680948788,2.2626638986666947e-05,0.00022889160731809355,0.012024994389306992,0.00014460049006270737,0.000537152502050886,0.0005708357226404237,3.258534223560261e-07,0.0003217530197360263
713,4.972295375693658e-05,1.5033066354530611e-05,0.0002897943942492172,0.0002747613278946866,-0.004893994174432471,2.3951178979353394e-05,0.00019188975082651272,-0.0027179935405294794,7.387488886179128e-06,0.00037377577391883854,-0.003709518998190518,1.3760531198059311e-05,0.00030371765800230044
714,0.0001745396582010228,4.519675105204198e-05,0.0001547812523405856,0.0001095845012885436,0.005793898366644195,3.3569258282462044e-05,0.00019699510824888744,-0.010040810269630508,0.00010081787087068417,0.00022291637069682402,0.0010968700942972944,1.2031240029797274e-06,4.443227807604533e-05
715,0.0007887759996102472,0.0005416886029972293,0.00155239473349759,0.0010107061305003606,0.024927250941200175,0.0006213678394857425,0.0015662238870397527,0.02159185804249883,0.000466208333727236,0.0014455637838463042,0.023183822717127323,0.0005374896357787096,0.001645396529606713
716,7.51733408558275e-05,3.0478327459541415e-05,0.0001484220642518815,0.00011794373679234009,-0.0034293716883620567,1.1760590176601582e-05,8.432854734419237e-05,-0.005583900605404186,3.1179945971571144e-05,0.00010927801931848169,-0.006963795389743759,4.8494446230451516e-05,0.00025165962609297043
717,7.982163346775817e-05,2.2944615565475186e-05,7.088076009309496e-05,4.793614452761978e-05,0.003603069128599527,1.2982107145731447e-05,2.9963716528413897e-05,0.001415165351629676,2.002692972458142e-06,8.655913850019736e-05,0.0073381909608801485,5.384904657823597e-05,9.611942525067363e-05
718,6.16483687667646e-05,1.3359842025810012e-05,0.00014763527532642615,0.00013427543330061614,0.000457762859202442,2.0954683521701156e-07,0.0001849669861783143,-0.0021691149142861917,4.705059510667908e-06,5.870079594183508e-05,-0.005930001663706901,3.516491973154512e-05,0.00019923804385912902
719,3.744977287811757e-05,1.450799149715909e-05,0.00022944455294097535,0.00021493656144381626,-0.0009547988013069956,9.1164075088912e-07,0.00010305139734345659,0.005660228696986793,3.203818890251675e-05,0.00034451966342163853,0.003251791020008337,1.0574144838071398e-05,0.00024076259805783096
720,0.00019868995837224457,3.900406174465557e-05,0.00015036054128303444,0.00011135647953837888,-0.007093220588823133,5.031377832143136e-05,0.00012747993465134222,0.004048625820938478,1.6391371037483005e-05,0.00017964131618330992,0.00709274529891157,5.0307035875052364e-05,0.0001439603730144512
721,9.461896112850088e-05,4.473325944661285e-05,0.00031436936094704954,0.0002696361015004367,0.0015906843214659521,2.5302766101242824e-06,0.0002209183910899526,-0.009708772395960878,9.426026143666277e-05,0.00043671710684567433,0.006116309368690572,3.740924029305148e-05,0.00028547258490552174
722,-3.0679580638444115,1.0,1.0,0.0,0.0,1.0,1.0,0.0,1.0,1.0,0.0,1.0,1.0
723,7.809535353975328e-05,2.3013043040679786e-05,0.00015284742582292546,0.00012983438278224568,-0.00571962344125045,3.271409230964917e-05,0.0002174931447245232,-0.005088367868341826,2.5891487563378668e-05,0.00014224903306880865,0.003230100501430894,1.043354924901152e-05,9.880009967544456e-05
724,0.0002784716464867554,9.156213330641094e-05,0.0002441770146275705,0.00015261488132115958,0.001917461454150707,3.676658427598234e-06,0.00019530885912610874,0.009937666758288605,9.875722059848879e-05,0.00024268742929667297,-0.01312450078643312,0.0001722525208931458,0.0002945347554599298
725,5.573087121268916e-05,4.324684607907396e-06,6.443490854472304e-05,6.011022393681565e-05,-0.0007384339138533485,5.452846448816828e-07,4.1502601192844324e-05,0.0021929755155553642,4.809141611716861e-06,8.226977635716892e-05,-0.0027603672883585754,7.6196275671236435e-06,6.953234808415587e-05
726,0.000377677392553899,0.00010925507070240019,0.0003156880888640634,0.0002064330181616632,0.010103204119513612,0.00010207473348067264,0.0003058385989160861,0.014973645766415107,0.0002242100675381442,0.0004902530400543448,-0.0012167214506041426,1.480411088383704e-06,0.00015097262762175934
727,1.6874935611865816e-05,7.417776411555721e-06,0.0003319132669981073,0.0003244954905865516,0.003051012984586906,9.308680232078537e-06,0.0006882259589234829,-0.0035906660214470054,1.2892882477744116e-05,8.411616561887492e-05,0.00022752258140342396,5.176652484450983e-08,0.00022339767645196407
728,4.586505105841354e-05,1.4039707630586484e-05,0.00011059522210736065,9.655551447677417e-05,-0.0001263734422223743,1.5970246902696772e-08,3.806556552210516e-05,0.005723295822708501,3.275611507458365e-05,0.00017695424881380983,-0.0030572925228984256,9.347037570273109e-06,0.00011676585198616696
729,4.977401985950536e-05,1.5045813368382474e-05,8.467563843517212e-05,6.962982506678965e-05,-0.002692698055322341,7.250622817034369e-06,7.053113464283722e-05,0.005606624421385536,3.143423740226137e-05,0.00015325780562680524,0.0025401928836326667,6.452579885851684e-06,3.0237975035873887e-05
730,-3.0679580638444115,1.0,1.0,0.0,0.0,1.0,1.0,0.0,1.0,1.0,0.0,1.0,1.0
731,0.0002222655834838161,7.476919481893181e-05,0.0002058859102875843,0.0001311167154686525,-0.006141821941098823,3.772197675622202e-05,0.00016768763045849067,-0.013480098412403354,0.00018171305320857645,0.000330736070030091,-0.0022073863486680775,4.872554491996972e-06,0.00011923403037417124
732,3.9849580877215907e-05,1.3159619832836533e-05,0.00018267331134280695,0.00016951369150997042,0.0001733527296826529,3.005116855359091e-08,0.00015205361025050212,-0.00013825713248748255,1.9115034999295233e-08,0.00020705705800794227,-0.006279306752735614,3.9429693294956714e-05,0.00018890926576997646
733,0.0001453492265081069,0.00012340318270639047,0.00038753749091217465,0.0002641343082057842,-0.011851140899813501,0.0001404495406271966,0.00042120660535438503,0.011810572375918654,0.00013948961984666663,0.00043329651160906035,-0.009501072973361389,9.027038764530815e-05,0.0003081093557730785
734,0.00010920753736098909,2.0727257395954563e-05,0.00018745051940042648,0.0001667232620044719,-0.007656010170461358,5.861449173061306e-05,0.00024599344836340187,-0.0009551323820980857,9.122778679149235e-07,0.0001561787681959581,-0.0016294178678567723,2.6550025893357088e-06,0.0001601793416419195
735,1.992900918346141e-05,1.0831402775949664e-05,0.00015650507716313822,0.00014567367438718856,-0.004033571495786254,1.6269699011584038e-05,0.00012579183822492013,0.0017393199821920393,3.0252340001979405e-06,0.0002077447587870429,0.0036330806922342104,1.3199275316067016e-05,0.00013597863447745162
736,-3.0679580638444115,1.0,1.0,0.0,0.0,1.0,1.0,0.0,1.0,1.0,0.0,1.0,1.0
737,4.535560352514345e-06,8.337525374176499e-07,0.0001294128439196148,0.00012857909138219714,-0.00041474869688370953,1.7201648139231196e-07,0.00016819927709210702,-0.0010387347011504575,1.0789697797441988e-06,0.00011907070973526945,0.0011181553341643052,1.2502713511164387e-06,0.0001009685449314679
738,6.309468567011756e-05,1.983771435964954e-05,0.0001894409265726186,0.00016960321221296906,0.001564172374797806,2.446635217312476e-06,0.0001403643332241744,0.006766797566774367,4.5789549310115696e-05,0.00030230853193158325,0.003358118305146149,1.1276958551520444e-05,0.00012564991456209817
739,4.871320042865168e-05,2.9155886994924884e-05,0.0001530085794727206,0.0001238526924777957,-0.005310774495890849,2.8204325746239434e-05,0.00018038847071477626,-0.006595190930860597,4.3496543414178745e-05,0.0001824707502943168,-0.003970741974049438,1.5766791824356474e-05,9.616651740906867e-05
740,-3.0679580638444115,1.0,1.0,0.0,0.0,1.0,1.0,0.0,1.0,1.0,0.0,1.0,1.0
741,0.0003806926994779358,5.293008407554941e-05,0.00037315065931905106,0.00032022057524350167,0.0034946061624401693,1.2212272230693877e-05,0.00031382789668932265,0.010971122789903488,0.00012036553527128291,0.0005521670362953479,0.005119809051605823,2.6212444724671435e-05,0.00025345704497248267
742,0.0001738012819682,5.331667569286047e-05,0.00023477171007328193,0.00018145503438042146,0.00917127748388001,8.411233068617019e-05,0.000487175584351518,-0.003925647715464966,1.5410709985896887e-05,5.2139323875488586e-05,-0.007773479684559341,6.042698640651434e-05,0.00016500022199283926
743,3.7053237545214834e-05,2.247846086341395e-06,0.0002544239178056129,0.00025217607171927153,0.00141786833537321,2.010350616421519e-06,0.00021916886619399722,0.002132605157321326,4.548004757021218e-06,0.00024106296975812125,0.00043032881047004714,1.8518288558144747e-07,0.00030303991746472025
744,2.444826389991217e-05,8.370067223354797e-06,0.00010177492922924802,9.340486200589322e-05,-0.002582739839769133,6.670545079745516e-06,0.00018873515795092555,0.002850936486285655,8.127838849181224e-06,5.7607096195400054e-05,0.0032112019153665693,1.0311817741137652e-05,5.898253354141847e-05
745,-3.0679580638444115,1.0,1.0,0.0,0.0,1.0,1.0,0.0,1.0,1.0,0.0,1.0,1.0
746,0.0001702154088142338,9.908286592585913e-05,0.0003180881816341093,0.00021900531570825016,0.011614525849394222,0.00013489721070647498,0.0004151200390146714,-0.009911890527055546,9.824557382021037e-05,0.0002852277185444452,0.008006610596921556,6.410581325089204e-05,0.0002539167873432113
747,0.0007515879334190068,0.0004141774922202061,0.000847026393458831,0.0004328489012386249,0.021847163065800087,0.00047729853402389555,0.0009561710380520116,-0.020444283171553133,0.00041796871439869765,0.000816142286915178,0.018635053749269492,0.0003472652282380251,0.0007687658554093035
748,4.516772263296609e-05,7.412983035156214e-06,0.00020440969725647276,0.00019699671422131654,-0.003248163153568882,1.0550563872002705e-05,0.00018725245870498952,-0.0010915138100472692,1.1914023974046728e-06,0.0002299191178720683,0.0032399047571925283,1.0496982836061264e-05,0.00019605751519236048
749,0.0007205473974472021,0.00027187220364928894,0.0004400433752131949,0.00016817117156390599,-0.02231012719456327,0.00049774177543771,0.0006496120146682882,0.01350722634967511,0.00018244516366150432,0.0003122365427878915,-0.011637425481970396,0.0001354296718486525,0.00035828156818340506
750,0.00020037951421181255,0.00013530708507484648,0.0002190865420817293,8.377945700688283e-05,0.01249345805916414,0.0001560864942763418,0.00020458735065698175,0.009812043314138465,9.627619399876775e-05,0.00019869356141510863,0.012391875037672542,0.00015355856694942993,0.0002539787141730976
751,0.00013727632059945538,6.737855142846527e-05,0.00017701079781891801,0.00010963224639045274,0.008253055843857882,6.811293076203206e-05,0.00019420630567223984,-0.010557859044289356,0.00011146838759912292,0.00020583178051147843,-0.0047491405458166625,2.255433592424083e-05,0.00013099430727303574
752,7.818023954875297e-05,2.935286282338782e-05,0.0001604948552124489,0.0001311419923890611,-0.0031377828935324004,9.845681487430369e-06,0.00017086299992497,0.008673216803018295,7.522468971232765e-05,0.0002327063113400918,0.0017286460801569535,2.9882172704054355e-06,7.791525437228497e-05
753,3.249820672657222e-05,1.1123466446605335e-05,0.00023585774685660107,0.00022473428040999574,0.0013963608978412665,1.9498237567860954e-06,0.00019773551048019034,0.001760331397594526,3.0987666295168026e-06,0.0003003630656044365,-0.005321823837132664,2.8321808953513106e-05,0.00020947466448517638
754,3.87971476945026e-05,1.2430049969869295e-05,0.00014214917893488424,0.00012971912896501495,0.005296995967500219,2.8058166280597874e-05,0.00012275381406690045,-0.000450479074173295,2.0293139624261158e-07,8.655264688695041e-05,-0.0030048381375420014,9.029052232767398e-06,0.0002171410758508019
755,5.3436397351225295e-05,4.585474849712797e-05,0.00010590610418067155,6.005135568354358e-05,-0.00663504583646584,4.402383325197157e-05,0.00010470599563827676,0.006831626799439701,4.667112472689361e-05,0.0001035080094328178,-0.006846114774973308,4.686928751251873e-05,0.0001095043074709201
756,4.0514920621292916e-05,1.2908529730644899e-05,0.00013053656817148726,0.00011762803844084237,0.004791407840353783,2.2957589092764685e-05,8.914190904552033e-05,0.003814690756313156,1.4551865566536648e-05,0.0001541257061644652,0.0011027848986301851,1.2161345326333617e-06,0.00014834208930447623
757,0.00018553554497369174,5.122963977825338e-05,0.0006969383762472544,0.0006457087364690011,0.00540120623322213,2.917302877347705e-05,0.0005819296454642187,0.008739961964124921,7.638693513456474e-05,0.0005070770415164239,-0.006937503544295944,4.8128955426718356e-05,0.0010018084417611206
758,-3.0679580638444115,1.0,1.0,0.0,0.0,1.0,1.0,0.0,1.0,1.0,0.0,1.0,1.0
759,9.780206380916034e-05,3.135987141041537e-05,0.00036146681522575275,0.0003301069438153374,0.008510111354766533,7.242199527068838e-05,0.0006446434936924206,-0.003632084423220399,1.3192037257692135e-05,0.00021454866428394226,0.0029095672707534345,8.465581702865599e-06,0.0002252082877008954
760,0.0036790085678192197,0.0003961531628760377,0.0012877517825966578,0.00089159861972062,-0.023345404895874507,0.0005450079297522059,0.0012616760436806596,-0.024909161661195348,0.0006204663346638384,0.002386530128119735,0.0047942907934433775,2.2985224212068722e-05,0.00021504917598957896
761,7.967108052941985e-05,2.115454638947541e-05,0.00013028090756928012,0.00010912636117980472,-0.0048645396454353625,2.3663745961965965e-05,0.00012810457401291053,-0.0013762828682581608,1.8941545335549037e-06,4.176193474236811e-05,-0.0061567636525157446,3.7905738672905365e-05,0.00022097621395256173
762,0.00010641420926982281,5.929236932578075e-05,0.0004533844465383445,0.00039409207721256373,0.0085561341626731,7.320743180960765e-05,0.0004969058631076884,-0.008844814550278388,7.823074442891986e-05,0.00044565186530631795,-0.005141880175454196,2.643893173881473e-05,0.00041759561120102706
763,2.1383565679378158e-05,7.73545672575852e-06,0.00020532170569931285,0.00019758624897355434,-0.002430046688804445,5.905126909677705e-06,0.00014452517022855993,0.004158380312806023,1.7292126825885212e-05,0.0003140753926668127,-9.548005996352603e-05,9.116441712642143e-09,0.0001573645542025659
764,8.56002766136399e-06,1.296960336386969e-06,0.0005172720409724793,0.0005159750806360923,-0.0008565412493740675,7.336629115339832e-07,0.0005609578083285438,0.0012613649062709336,1.5910414264963535e-06,0.0005658881236946245,-0.001251469804445129,1.5661766711305702e-06,0.00042497019089426935
765,-3.0679580638444115,1.0,1.0,0.0,0.0,1.0,1.0,0.0,1.0,1.0,0.0,1.0,1.0
766,2.9425440955521687e-05,1.4259958090012681e-05,0.00022335729423472728,0.0002090973361447146,-0.003886887348403797,1.5107893258314853e-05,0.00019450989229075066,0.005134654828464187,2.6364680207002777e-05,0.0002750270164212365,0.0011433725573036463,1.3073008047204127e-06,0.00020053497399219467
767,0.001276849669752278,0.0002931111237307604,0.0006766957403607406,0.0003835846166299802,-0.02869773862022329,0.0008235602019145416,0.00152212781480221,0.0018871141125156178,3.5611996737072715e-06,0.00013090715006480735,0.007225785051041109,5.2211969604032404e-05,0.00037705225621520455
768,4.573438247457151e-05,1.710225311494599e-05,0.00010893997954390204,9.183772642895605e-05,-0.006351001018010528,4.0335213930653424e-05,0.00010271749408019559,0.001618762524546793,2.6203921111855877e-06,3.533821323253861e-05,0.0028898362069521,8.35115330299896e-06,0.0001887642313189719
769,0.001685038489190549,0.0005084648318752771,0.0012966643345599937,0.0007881995026847166,-0.014618557493419115,0.0002137022231885055,0.0007652156458037851,-0.03109554899689375,0.0009669331674184711,0.0022555499797368705,-0.018567689813725637,0.00034475910501885476,0.0008692273781393256
770,4.0226770778195586e-05,1.7001994578177044e-05,0.0001863320575134312,0.00016933006293525416,0.0033448887273622727,1.1188280598650735e-05,0.00019224399496953204,-0.004929900704926924,2.430392096042233e-05,0.00017058384110635316,0.003938753886107588,1.551378217545807e-05,0.00019616833646440845
771,3.4602099241998197e-05,9.50516390766746e-06,9.279310816634467e-05,8.328794425867721e-05,-0.001832832100309893,3.359273508030114e-06,0.00019044379451349513,-0.0018540861888508193,3.4376355955156868e-06,4.420815475747464e-05,0.004660320012544754,2.1718582619456583e-05,4.372737522806425e-05
772,-0.8992896250057367,4.51126558677443e-05,0.000412729928553827,0.0003676172726860827,0.006989653903010914,4.8855261684299656e-05,0.00043925025441460264,0.0057832215140799096,3.344565108109876e-05,0.00032773096554294945,-0.007282654381333449,5.3037054837834496e-05,0.0004712085657039289
773,0.00010707437123458341,3.9692417633167366e-05,0.0001978146342792586,0.00015812221664609125,0.0032488118119630314,1.0554778189231229e-05,0.00016831571779551968,0.005044804015189571,2.5450047551722754e-05,0.00022243572290925329,0.009114407669109441,8.307242715854812e-05,0.00020269246213300285
774,6.07437112137843e-05,1.4507543491859565e-05,0.00015081629820175765,0.0001363087547098981,-0.0036081633810097565,1.3018842984546808e-05,0.00010390598228049441,0.001926174822550028,3.7101494466673657e-06,0.0001667692156569478,-0.0051762571462567655,2.679363804436452e-05,0.00018177369666783072
775,0.00022657330717046342,5.423291753277789e-05,0.00023959713774982885,0.00018536422021705096,0.0055629270243780764,3.094615707865955e-05,0.00028981981984899097,0.00877525670163142,7.70051301796082e-05,0.0002564126735570271,0.007399153015055234,5.4747465340065915e-05,0.0001725589198434685
776,6.540745872474218e-05,5.85256163976311e-06,0.00014349589987176317,0.00013764333823200006,0.002983344495080215,8.900344376505664e-06,0.00011640021514358612,0.002225364238857664,4.952245995837323e-06,9.306880107695648e-05,0.0019248622150125623,3.7050945469463414e-06,0.00022101868339474695
777,7.8026416450383e-05,3.463779714822183e-05,0.00021978019478189706,0.00018514239763367524,-0.008796410001418623,7.737682891340025e-05,0.00029856631968772085,-0.0046864516233452586,2.1962828817612134e-05,0.00019465960185438558,-0.0021386289332169075,4.573733713653105e-06,0.00016611466280358478
778,0.00010806776975547105,2.1797797631487963e-05,0.0001750458941659113,0.00015324809653442334,0.005816550663370325,3.383226161901565e-05,0.00011082043885346504,0.0056029505051741375,3.139305436306028e-05,0.0002647555227632825,-0.00040997184331201475,1.6807691238795996e-07,0.0001495617208809863
779,0.0008775191967038687,0.00022072461618198128,0.0006975978373431335,0.00047687322116115227,0.02011601669219911,0.00040465412756074404,0.0010429221528696075,-0.015744372563014357,0.00024788526740338046,0.0008865659554895267,0.0031039416202162267,9.634453581819358e-06,0.00016330540367026636
780,3.061847771812509e-05,5.014348110806329e-07,9.817533287429885e-05,9.767389806321822e-05,-0.0011957948353780346,1.4299252880656255e-06,0.00012982994392363167,0.00026060836486251895,6.791671980366232e-08,8.510200840672333e-05,8.038921942965615e-05,6.4624253726108805e-09,7.959404629254152e-05
781,5.3577383418823565e-05,1.8220735514939967e-05,0.0001085212580044977,9.030052248955774e-05,0.0021705962136204034,4.711487922581803e-06,0.00015133333054329068,0.001282639843996751,1.6451649694770865e-06,3.2745823241642213e-05,-0.0069502196838057305,4.830555365276101e-05,0.00014148462022856023
782,0.00023289517128344261,8.18148319820707e-05,0.00024961468861595115,0.00016779985663388047,0.01509947999273946,0.0002279942960512482,0.0005055225815338016,-0.0028334946846257977,8.02869212779278e-06,9.59021258974957e-05,-0.003069447469408842,9.4215077671711e-06,0.00014741935841655618
783,3.5045513505638226e-06,1.5072772128199574e-06,0.00018049782624722047,0.0001789905490344005,0.00032885202516300983,1.0814365458688968e-07,0.00020799928004811008,-0.001620775193184029,2.626912226633138e-06,0.00012621732125284169,-0.001336703316769066,1.7867757572398446e-06,0.00020727687744070966
784,-3.0679580638444115,1.0,1.0,0.0,0.0,1.0,1.0,0.0,1.0,1.0,0.0,1.0,1.0
785,1.7314116479094643e-05,4.914996575918392e-06,0.00012328742885658883,0.00011837243228067044,0.0015188688801927649,2.306962675002744e-06,7.724815681031671e-05,-0.00352535128955309,1.2428101714645479e-05,0.00025126396327745937,9.962598853585338e-05,9.925338106953063e-09,4.1350166481990414e-05
786,-3.0679580638444115,1.0,1.0,0.0,0.0,1.0,1.0,0.0,1.0,1.0,0.0,1.0,1.0
787,3.7259757728613785e-05,3.894337965363685e-06,0.0001400476680784024,0.00013615333011303873,0.0016361123777180286,2.6768637129137574e-06,0.00014127370048466759,0.0027648212151956376,7.644236352022382e-06,0.00013246901263475053,0.0011670106387883092,1.361913831154915e-06,0.00014640029111578912
788,7.751339017891823e-05,3.1168951133309086e-05,0.00016619857179674588,0.0001350296206634368,-0.004496956923867643,2.0222621575416433e-05,0.00012757006641339608,0.0013600710175660925,1.8497931723038263e-06,8.731040765985743e-05,0.008451889649805361,7.1434438652207e-05,0.0002837152413169841
789,0.0004591830837077371,0.00019888275985931644,0.00045923508343259645,0.00026035232357328,-0.020701390569105603,0.0004285475714947973,0.000812501885404826,-0.00619470384136669,3.837435568254666e-05,0.0002649497775122356,0.011389747688206683,0.00012972635240060537,0.0003002535873807277
790,0.0001318749192413815,2.61828301484357e-05,0.00016778754157035594,0.00014160471142192024,-4.358176661018297e-05,1.8993712158632547e-09,0.00017324962559883694,-0.00385990127758569,1.4898837872645565e-05,0.00016752849588219654,0.007977954198972303,6.364775320144567e-05,0.00016258450323003437
791,0.00020735540985339362,8.373664031502415e-05,0.0003919115991718088,0.00030817495885678464,0.013925783174855575,0.00019392743703317006,0.000329082710404327,-0.004103063676010833,1.683513152972438e-05,0.0005417806750168674,-0.006359823298033359,4.0447352382178003e-05,0.00030487141209423196
792,9.324720969061673e-05,4.456141338963586e-06,8.186982568825218e-05,7.74136843492886e-05,-0.0005037295055329697,2.53743414946328e-07,5.5750661273834545e-05,-0.003621417933879845,1.311466785147708e-05,0.00012430385767625562,3.5708168303241392e-06,1.2750467348610073e-11,6.555495811466638e-05
793,-3.0679580638444115,1.0,1.0,0.0,0.0,1.0,1.0,0.0,1.0,1.0,0.0,1.0,1.0
794,0.0007821365023846782,0.00024292158508450642,0.002007284992691649,0.0017643634076071428,0.004415390721176379,1.9495675220526643e-05,0.000482668087967153,0.023144807562964026,0.0005356821171267345,0.004243054860665563,0.01317524052555377,0.00017358696290625808,0.0012961320294422318
795,0.00033348093462715056,8.54566443427111e-05,0.0003028643125038884,0.0002174076681611773,0.004710436682301324,2.2188213737894813e-05,9.762932346923936e-05,-0.005421849716463519,2.939645434762994e-05,8.928049461076615e-05,-0.014310320225040814,0.00020478526494260851,0.0007216831194316597
796,0.00010937172152503116,1.4943636979403152e-05,8.879155995400456e-05,7.384792297460141e-05,0.004965569122937975,2.4656876715489773e-05,6.457425180006471e-05,0.004490785922487594,2.0167158202522018e-05,0.00013247723689080448,8.292177269012675e-05,6.876020197665866e-09,6.93231911711445e-05
797,6.436022436040467e-05,7.168341977522215e-06,0.00010617329545969945,9.900495348217724e-05,0.00463269875192579,2.1461897726671175e-05,9.421228134143256e-05,6.280677155684474e-05,3.944690463164591e-09,0.00012139867902305479,0.00019794826542283644,3.918351543230614e-08,0.00010290892601461099
798,8.10606992305285e-05,1.9048083251852848e-05,0.00012004888279367372,0.00010100079954182087,-0.0058274079512297796,3.3958683430035386e-05,0.00011341568981126926,-0.0037100791240237234,1.3764687106787576e-05,0.00013906867331880957,-0.0030693450797163483,9.420879218735578e-06,0.00010766228525094235
799,5.229559584551957e-05,1.3130567119786404e-05,0.00014672347560144386,0.00013359290848165745,0.003935633443912494,1.5489210604680004e-05,0.0001306759328945084,-0.0031689683702002796,1.0042360530926331e-05,0.00012144077826092836,0.003722919583382104,1.3860130223752876e-05,0.00018805371564889484
800,-3.0679580638444115,1.0,1.0,0.0,0.0,1.0,1.0,0.0,1.0,1.0,0.0,1.0,1.0
801,3.6609727418923654e-05,1.408510556444309e-05,0.00019548886712250635,0.00018140376155806326,-0.003456514880321277,1.1947495118125318e-05,0.00019238874903326764,-0.0038529537246548506,1.4845252404471765e-05,0.0001935128770934602,0.0039322473434735,1.5462569170732188e-05,0.0002005649752407912
802,7.573934138394023e-05,3.6960525348813298e-06,0.00015167178416627033,0.000147975731631389,0.0009049464283078525,8.189280381598607e-07,0.00015309759582338156,0.0006803021051677862,4.62810954449111e-07,0.00017201887055906528,-0.0031315201758095766,9.806418612035017e-06,0.00012989888611636413
803,8.130197421230001e-05,3.8631895942479545e-05,0.00010274349355006891,6.411159760758936e-05,0.006805268383803298,4.631167777580103e-05,0.0001094521262200443,0.004939925427651483,2.4402863231687277e-05,9.20594436111255e-05,0.0067216922586013465,4.5181146819950335e-05,0.00010671891081903695
804,-3.0679580638444115,1.0,1.0,0.0,0.0,1.0,1.0,0.0,1.0,1.0,0.0,1.0,1.0
805,5.066896826555478e-06,2.1724971569862342e-07,3.999455302690821e-05,3.9777303311209586e-05,1.4859981023098124e-06,2.208566662886824e-12,3.0881062255350145e-05,-0.0007954980658331821,6.328171726632803e-07,4.930147657600248e-05,-0.00013758548642250895,1.8929765865927095e-08,3.980112024937199e-05
806,7.424894724095132e-05,2.412353394024939e-05,0.00015989874405660429,0.0001357752101163549,-0.004540970324779921,2.062041149042404e-05,0.0001985070272705336,0.006706641229788315,4.497903658573499e-05,0.00020630556928669108,0.002602144066854555,6.771153744589142e-06,7.488363561258815e-05
807,2.0281545723199734e-05,6.158680066259414e-06,0.00044040752302339686,0.00043424884295713745,-0.0007783407305438171,6.058142923981436e-07,0.0002525413292033818,0.004212741182992248,1.77471882750746e-05,0.00022144177657579256,0.0003507672030704687,1.2303763130550038e-07,0.0008472394632910163
808,7.996460994252885e-05,4.595055393371202e-06,0.00013430586274872555,0.00012971080735535434,0.0012206813089161556,1.4900628579894715e-06,0.00012795029328049878,-0.003345626921870649,1.1193219500271745e-05,0.00016432511816055761,-0.001049706540928491,1.1018838218523896e-06,0.00011064217680512023
809,-3.0679580638444115,1.0,1.0,0.0,0.0,1.0,1.0,0.0,1.0,1.0,0.0,1.0,1.0
810,5.931558211380583e-06,1.7180577479939767e-06,0.00016644020990008723,0.00016472215215209327,0.001769291146153822,3.130391159844592e-06,0.0001336239835005859,-0.0011696619895875894,1.3681091696193803e-06,5.840176306948219e-05,0.0008097363240413797,6.556729145179574e-07,0.0003072948831301936
811,0.00015146882028016506,2.5788703034046456e-05,0.00030217718906833113,0.0002763884860342847,0.003642153623323453,1.3265283015928553e-05,0.00019403135475626332,0.007437808306075796,5.532099239791144e-05,0.0005855516696564589,0.0029630784141347,8.779833688299377e-06,0.0001269485427922712
812,9.434784414763531e-05,1.2294896040302797e-05,0.00024939824358479373,0.00023710334754449094,-0.001061480344874027,1.126740522439107e-06,0.00022183575190837246,-0.003481251749287156,1.2119113741992926e-05,0.00028073832043051805,0.00486197838919602,2.363883385647636e-05,0.00024562065841549074
813,4.322865132411202e-06,1.1503475657592688e-06,0.00018688264023547507,0.0001857322926697158,0.0011138401458888026,1.2406398711695132e-06,0.00019390910131833472,0.000616367799197387,3.799092637146728e-07,0.00018880229418127836,0.001352957339449566,1.8304935623936203e-06,0.00017793652520681214
814,2.8902527064333938e-05,1.8502583664499934e-05,0.00015039780269502737,0.00013189521903052742,0.005201357029992371,2.705411495329546e-05,0.00015664689073657811,0.00504997531106751,2.5502250642350788e-05,0.0001341066055448037,-0.0017179596615088544,2.9513853978535565e-06,0.00016043991180370032
815,0.0001430481988693444,6.485462156561687e-05,0.00017138071825143855,0.00010652609668582168,-0.004370220166555224,1.9098824304175643e-05,3.4362280365130005e-05,0.005806561779671533,3.371615970049202e-05,0.0001838505026215964,0.01190583389315776,0.00014174888069218294,0.00029592937176758927
816,0.012148832451047697,0.00505492006549028,0.02705755849650493,0.02200263843101465,-0.03875711668741032,0.0015021140939218691,0.009128454866711766,0.09073291564844242,0.008232461982067063,0.045038020686559155,-0.07368978301285622,0.005430184120481907,0.02700619993624387
817,4.1602123696860005e-05,1.197033430666572e-05,7.815449137319834e-05,6.618415706653262e-05,0.003269854112417909,1.0691945915852763e-05,5.7727848553734695e-05,-0.004970413628552243,2.4705011639203356e-05,9.491630635638515e-05,0.000716969570507744,5.140453649410404e-07,8.181931920947516e-05
818,8.227241790648154e-05,2.0077103930519573e-05,0.00017564981719468223,0.00015557271326416267,-0.006212126693590321,3.859051805799041e-05,0.00025277718047400644,-0.004491662862738538,2.0175035272629316e-05,0.00018619874918068824,-0.0012106851201600733,1.4657584609389929e-06,8.797352192935204e-05
819,0.00019967317955504882,6.320693313751254e-05,0.00029636289900551266,0.00023315596586800014,0.007488778572673333,5.608180451055489e-05,0.0003252204221286803,-0.0031915080791017716,1.0185723818834092e-05,8.142809604094747e-05,-0.01110645177737652,0.00012335327108314864,0.00048244017884691015
820,5.728301985796769e-05,1.478118588305044e-06,8.530403912791289e-05,8.382592053960784e-05,-0.00037713772091497105,1.4223286082248876e-07,7.05296651958287e-05,0.001638818124749329,2.685724846407389e-06,9.988158630402921e-05,0.0012674375954498714,1.6063980576852543e-06,8.550086588388073e-05
821,5.7103953140180685e-05,1.485041685696705e-05,0.00019909869974795344,0.00018424828289098638,0.0020283278869802023,4.114114016906534e-06,0.000206667854243614,0.0043794785788066485,1.9179832622007176e-05,0.0001784501953937534,0.004610564383244015,2.1257303931987437e-05,0.0002121780496064929
822,2.2384464600566645e-05,1.0993884952329816e-05,0.00019611635104014682,0.00018512246608781702,0.002000525905296909,4.00210389794875e-06,0.0002649404912472564,-0.003515939428382603,1.2361830063589707e-05,0.00014848878836770663,-0.004076483888681108,1.6617720895450994e-05,0.0001749197735054775
823,-3.0679580638444115,1.0,1.0,0.0,0.0,1.0,1.0,0.0,1.0,1.0,0.0,1.0,1.0
824,2.1258169934368354e-05,4.6969869048248585e-06,0.00016525700825649933,0.00016056002135167446,-0.003118534293037133,9.725256136738913e-06,0.00013663458014590013,-0.00040655208465922073,1.6528459689801878e-07,0.00025385069030992025,0.0020494926154757745,4.200419980837644e-06,0.00010528575431367759
825,0.000796449806794608,0.0003131332697062413,0.0013418091650436725,0.0010286758953374313,-0.028213313462453996,0.0007959910565306094,0.0019902371426493426,0.011464848493973048,0.00013144275098952996,0.00031622855249147097,-0.0034591908878977575,1.196600159858452e-05,0.001718961799990204
826,2.900118165982679e-05,4.49476830199913e-08,4.506786398391268e-05,4.502291630089269e-05,-0.0001789342715597012,3.201747345027428e-08,4.5248840269129786e-05,-0.00021678497553338858,4.699572642152816e-08,4.5150386213888005e-05,-0.00023628340985965064,5.5829849188171465e-08,4.480436546872024e-05
827,0.0004230619181923023,0.00013185496280550732,0.00031132313897160496,0.00017946817616609764,0.002439493079267207,5.951126484160518e-06,6.847539674947889e-05,-0.01083655440952471,0.00011743091147065066,0.00026762778921440855,-0.01649796504002275,0.00027218285046171076,0.0005978662309509275
828,0.00021165861283178877,9.36183306644578e-05,0.0004530231997445326,0.0003594048690800748,-0.0035942513882663936,1.2918643042092448e-05,0.00024169400837559252,-0.009210797494056372,8.483879047627152e-05,0.0005712638484339783,0.013531354643013615,0.00018309755847500941,0.0005461117424240269
829,0.00030875917878758763,0.00013021495392913826,0.0006024954259659099,0.0004722804720367716,-0.00273277367380562,7.468051952064236e-06,0.0002824298948580495,-0.015001373458169417,0.00022504120563160424,0.0009375636010978683,0.012575197978715482,0.00015813560420374628,0.0005874927819418119
830,-3.0679580638444115,1.0,1.0,0.0,0.0,1.0,1.0,0.0,1.0,1.0,0.0,1.0,1.0
831,-3.0679580638444115,1.0,1.0,0.0,0.0,1.0,1.0,0.0,1.0,1.0,0.0,1.0,1.0
832,-3.0679580638444115,1.0,1.0,0.0,0.0,1.0,1.0,0.0,1.0,1.0,0.0,1.0,1.0
833,9.513727272547623e-05,3.065727507656213e-05,0.00027207666692330434,0.00024141939184674222,-0.0002383104434723284,5.679186731999408e-08,0.00025936955938232753,-0.009293333263368345,8.636604314393725e-05,0.00022329185288094688,0.0023556294738813223,5.5489902184291395e-06,0.0003335685885066386
834,6.990802389605921e-05,2.4037947381705393e-05,0.0002454564350303408,0.00022141848764863542,0.0025442177328304696,6.473043872023965e-06,0.0003001374279636426,-0.005773045222973069,3.332805114653059e-05,0.00027897983763269796,-0.00568443023766023,3.2312747126561625e-05,0.00015725203949468192
835,0.00013941460305610942,2.047723727816031e-05,5.493265782866944e-05,3.445542055050913e-05,0.006810867095554353,4.6387910593637116e-05,8.72229143095149e-05,-0.0026656776121090522,7.105837132037607e-06,3.8663267630689724e-05,-0.0028174392822307645,7.937964108806206e-06,3.891179154580371e-05
836,0.00015728529206704422,0.0001121399266009367,0.0003752039522180913,0.0002630640256171546,0.010480891518238007,0.0001098490870169444,0.0004545342266221164,0.010927602635833217,0.0001194124993668666,0.00021887733475722815,0.010351724176144543,0.00010715819341899913,0.00045220029527492933
837,-3.0679580638444115,1.0,1.0,0.0,0.0,1.0,1.0,0.0,1.0,1.0,0.0,1.0,1.0
838,0.00011752828650402058,3.651991476220454e-05,0.0003058540847874121,0.00026933417002520754,0.006840945747596228,4.679853872124884e-05,0.00026022847907147817,0.007713723603837033,5.9501531836647636e-05,0.00026832040747892805,0.001805456653848449,3.2596737287171607e-06,0.00038901336781183016
839,4.505323075487677e-05,1.7031255019099117e-05,0.00016985923381614607,0.00015282797879704696,-0.0005501093697124934,3.026203186928811e-07,8.046918893789279e-05,-0.005874760171646003,3.4512807074227325e-05,0.0002387032159828495,0.004034642197856092,1.627833766437714e-05,0.0001904052965276959
840,0.00016360442082985482,1.8237759631759925e-05,0.001346480534447858,0.001328242774816098,0.000892518769465589,7.965897539374822e-07,0.0012613763975199976,0.006845274341699524,4.6857780813369665e-05,0.0010959588092585015,0.002656860615132417,7.058908327972624e-06,0.001682106396565075
841,0.00018837873072863331,6.543169206944348e-05,0.000278269201728909,0.00021283750965946552,0.0029728959499765477,8.838110330477988e-06,0.0003311178641802748,0.012654495988511306,0.0001601362687239094,0.00026110884448360405,0.005226920427352995,2.732069715394303e-05,0.0002425808965228482
842,4.4220870905831156e-05,2.1304207487767477e-06,7.35112144874354e-05,7.138079373865866e-05,-0.0018365202369548565,3.372806580359544e-06,7.860391507230613e-05,0.0009577414057355446,9.172685992986374e-07,6.972991249754035e-05,-0.0014495471936236575,2.101187066672061e-06,7.219981589245972e-05
843,1.681163170086375e-05,2.435804465535559e-06,0.0001477080099711777,0.00014527220550564213,-0.00014803794919009472,2.1915234293956587e-08,0.00012761533552074766,-0.00204273973207199,4.172785612710506e-06,7.663624838849525e-05,0.001764288114068842,3.1127125496022146e-06,0.00023887244600429014
844,7.608491414623497e-05,1.0660621152773034e-05,0.00021432871644018933,0.0002036680952874163,0.0004478140581509293,2.0053743021719583e-07,0.0003496144591157435,-0.00446933891229765,1.9974990312920937e-05,0.0002218401628713007,0.0034360348827275214,1.1806335715180971e-05,7.153152733352375e-05
845,-3.0251896548844144,1.0050295722023131e-05,0.00012625053569274383,0.0001162002399707207,-0.003170220137808652,1.0050295721875102e-05,0.0001262505356925958,-0.003170220137808651,1.0050295722208169e-05,0.00012625053569315092,0.003170220137808652,1.0050295721986124e-05,0.0001262505356924848
846,2.0987753894363692e-05,6.313111500159489e-06,0.00030678017291663195,0.00030046706141647245,0.0020185412668843328,4.074508845874902e-06,0.0005713729836773762,-0.0033274507727396752,1.1071928645245421e-05,0.0001401447521154342,0.0019475361379188154,3.7928970093581427e-06,0.00020882278295708545
847,9.89949839980131e-06,3.6524748122287085e-06,0.0002246862482789084,0.00022103377346667968,0.0018659035635681372,3.481596108523277e-06,0.0002811855520867823,-0.002734027073527259,7.474904038407004e-06,0.00022038945841851287,3.0402129694799067e-05,9.24289755843688e-10,0.00017248373433143005
848,-3.0679580638444115,1.0,1.0,0.0,0.0,1.0,1.0,0.0,1.0,1.0,0.0,1.0,1.0
849,0.00011211301707880761,2.1763694216618095e-05,0.00014231337084683973,0.00012054967663022163,0.0004473069139940383,2.0008347512145974e-07,0.00020146007653520925,0.00789128702688454,6.22724109404782e-05,0.00016279310219213805,0.0016788651626924666,2.8185882342546265e-06,6.268693381317192e-05
850,5.3197569160556846e-05,2.4614960738356118e-05,0.00033349016344815424,0.0003088752027097981,0.005002231611224188,2.5022321092138533e-05,0.00033713641618604573,0.004258766817264479,1.8137094804693277e-05,0.00030394698620661575,-0.005539446390995716,3.068546631823654e-05,0.0003593870879518013
851,5.289629536908702e-05,2.1494754313640858e-05,0.00015963863478011633,0.00013814388046647547,0.004236225544602051,1.7945606864633312e-05,0.00014298933601475383,-0.00472198848545634,2.2297175256813517e-05,0.0001656645958048042,0.004923563833150994,2.4241480819475747e-05,0.000170261972520791
852,0.00035072081966880386,8.21879208888765e-05,0.0002179837418871585,0.000135795820998282,0.0021553976634004863,4.6457390873166915e-06,0.0001029818942347438,-0.01550963326355821,0.00024054872396983562,0.0005056443232070995,0.0011701707608176022,1.3692996094771814e-06,4.5325008219632146e-05
853,-3.0679580638444115,1.0,1.0,0.0,0.0,1.0,1.0,0.0,1.0,1.0,0.0,1.0,1.0
854,0.00011841128037259896,1.9928454139894747e-05,0.0001640395267784589,0.00014411107263856415,0.0006144050505261354,3.7749356629479536e-07,5.406563171705958e-05,-0.005936916868199042,3.524698190038311e-05,0.00014984441813781224,-0.004915372514203498,2.4160886953006333e-05,0.0002882085304805049
855,1.2502884919385338e-05,2.2470219938064417e-06,0.00013684896690853895,0.0001346019449147325,0.000734421241627657,5.39374560237782e-07,0.00015561828391075228,0.001971364821951032,3.886279261178238e-06,0.00010066712640754982,0.0015216478436017357,2.315412160003305e-06,0.00015426149040731474
856,0.0002857550713148971,0.00019043942887742027,0.00030621126557961453,0.00011577183670219426,0.01544833685119671,0.00023865111146759155,0.0003369969926985128,0.00835945646326092,6.988051236156423e-05,0.00022590906873776184,-0.016210695938276936,0.00026278666280310503,0.00035572773530256896
857,8.640713792074095e-05,6.862209911839834e-05,0.00014752972360683922,7.890762448844088e-05,-0.007604496806819863,5.7828371684665036e-05,0.00014463914955786805,0.008627610592553847,7.443566453746442e-05,0.00013940459814709705,-0.008579176017135993,7.360226113306556e-05,0.00015854542311555253
858,0.00026561599974406214,9.87630858141723e-05,0.00030964859574389436,0.00021088550992972205,-0.008840111416655782,7.814756985857763e-05,0.0002628507351256637,-0.006973885973300889,4.863508556851581e-05,0.0003744454066415548,-0.01301947011269285,0.00016950660201542345,0.0002916496454644646
859,0.00045621746466051327,0.00014346779452190095,0.00043947614226373205,0.0002960083477418311,-0.013061317995851994,0.00017059802778862654,0.000470822636653323,-0.001441361701560463,2.077523554855354e-06,0.0002541913730869094,0.016053903955799555,0.00025772783222222095,0.0005934144170509636
860,-3.0679580638444115,1.0,1.0,0.0,0.0,1.0,1.0,0.0,1.0,1.0,0.0,1.0,1.0
861,3.25993559184834e-05,6.4741052313577185e-06,0.00012124553648329428,0.00011477143125193656,-0.0011087481493385028,1.2293224584958296e-06,8.147679138248431e-05,-0.003770147535218493,1.4214012437618884e-05,8.350943849644299e-05,-0.001994738277851186,3.978980797958442e-06,0.00019875037957095554
862,4.059488989860416e-05,9.84743299629424e-06,0.00019887789114107304,0.0001890304581447788,0.004219697778681083,1.780584934374385e-05,0.0001904412378479492,-0.001002958007369427,1.0059247649296665e-06,0.00020857708754007387,0.0032757479879447775,1.0730524880209202e-05,0.0001976153480351961
863,-3.0679580638444115,1.0,1.0,0.0,0.0,1.0,1.0,0.0,1.0,1.0,0.0,1.0,1.0
864,3.2831774127606295e-05,1.889299256204365e-05,0.00018017282569560145,0.0001612798331335578,0.00476481439699104,2.2703456237560538e-05,0.00021811839795649046,-0.003189353906078023,1.0171978337858434e-05,0.00013458330994153833,0.004878887486996152,2.3803543110711978e-05,0.00018781676918877555
865,9.495937000025823e-05,7.755143612479347e-05,0.00020108957842916256,0.0001235381423043691,-0.009527260792273432,9.07686982042355e-05,0.00014728853596934766,0.00830122259363091,6.891029654887415e-05,0.00016956844078408473,0.008542558962117551,7.297531362127074e-05,0.0002864117585340553
866,3.4158483452562116e-05,1.2152712679699048e-05,0.0001432793838863633,0.00013112667120666424,0.003292798742648704,1.0842523560317119e-05,0.00010392349086640884,-0.004184093476179699,1.7506638216646664e-05,0.00018740845342635204,0.002847626425976703,8.10897626213336e-06,0.00013850620736632901
867,0.00010415893839199608,2.587414872260811e-05,0.00023919395411705255,0.00021331980539444445,0.0052027218819906485,2.706831498122675e-05,0.00022099780669515567,0.007087124826674246,5.022733830895021e-05,0.0002773719284799858,0.0005716580075086309,3.2679287764736387e-07,0.00021921212717601612
868,-3.0679580638444115,1.0,1.0,0.0,0.0,1.0,1.0,0.0,1.0,1.0,0.0,1.0,1.0
869,-3.0679580638444115,1.0,1.0,0.0,0.0,1.0,1.0,0.0,1.0,1.0,0.0,1.0,1.0
870,0.0001582846775115554,1.933592769295019e-05,0.0001028895013845584,8.355357369160821e-05,-0.005738419933070168,3.292946332833502e-05,0.0001312415923900856,-0.004540883135914442,2.0619619654271837e-05,5.3112361688256726e-05,0.0021115634246524012,4.458700096243717e-06,0.00012431455007533287
871,-3.0679580638444115,1.0,1.0,0.0,0.0,1.0,1.0,0.0,1.0,1.0,0.0,1.0,1.0
872,6.817697907723907e-05,1.1495032562110671e-05,0.00014821092337006606,0.00013671589080795538,-0.004801638840892786,2.305573555805296e-05,0.00020011141398168508,0.003380728967250042,1.142932835029864e-05,0.0001478830370086337,5.811860983329297e-06,3.3777980412708075e-11,9.663831911987941e-05
873,0.0001434042594591345,9.007971018530163e-05,0.00034190201582662283,0.0002518223056413212,0.011656137433659291,0.00013586553987254835,0.00050365888338888,0.0014983590596753347,2.245079871898703e-06,2.516827474852157e-05,-0.01149471664775488,0.00013212851081145782,0.0004968788893424669
874,1.8422389119754357e-06,2.429395694244126e-07,0.00010341655314927145,0.00010317361357984704,7.1858482408839055e-06,5.163591776380372e-11,0.00012118091006740883,-0.0008461061039784908,7.15895539737943e-07,7.271172462608444e-05,-0.00011345277758310436,1.2871532617531045e-08,0.00011635702475432108
875,-2.7942453456346485,8.148610211848132e-06,0.0001240930647422589,0.00011594445453041076,-0.00285457706349448,8.148610213143392e-06,0.00012409306474336912,-0.0028545770634944836,8.148610210922946e-06,0.00012409306474159276,-0.0028545770634944836,8.148610211478058e-06,0.0001240930647418148
876,-3.046951441183354,3.212379749525004e-05,0.00013072785081284324,9.86040533175932e-05,0.005667785942988079,3.212379749661931e-05,0.0001307278508141385,-0.0056677859429880816,3.212379749517602e-05,0.00013072785081269522,-0.005667785942988086,3.2123797493954775e-05,0.00013072785081169602
877,4.1064118061373556e-05,1.71913045225273e-06,5.0430952702888256e-05,4.871182225063553e-05,0.0019183250398512527,3.6799709595136676e-06,5.91945828577467e-05,0.0005518001027688381,3.044833540855052e-07,4.471237048087051e-05,0.0010830221805565958,1.172937043159017e-06,4.738590477004756e-05
878,5.65039865659811e-05,2.6977058617353813e-06,0.00036327341590277246,0.00036057571004103706,-0.0011300164939540844,1.276937276584178e-06,0.00032515238467589747,-0.0023302209946869817,5.429929883615792e-06,0.00030612858885870065,-0.0011773913643813166,1.3862504250061747e-06,0.0004585392741737193
879,0.00019545045071678313,1.7700816368389678e-05,0.00015260849647062238,0.0001349076801022327,-0.0008298785354750185,6.886983836551508e-07,0.000159026181394184,-0.001301212883304594,1.6931549678966817e-06,0.00017651512488803256,0.007121839351862628,5.0720595753617204e-05,0.00012228418312965061
880,-3.0031624665775727,8.148610212218207e-06,0.00012409306474233292,0.00011594445453011472,-0.0028545770634944806,8.148610212699303e-06,0.00012409306474292503,-0.0028545770634944845,8.148610211700102e-06,0.00012409306474214787,-0.0028545770634944827,8.148610212255214e-06,0.00012409306474192583
881,-3.0679580638444115,1.0,1.0,0.0,0.0,1.0,1.0,0.0,1.0,1.0,0.0,1.0,1.0
882,-3.0679580638444115,1.0,1.0,0.0,0.0,1.0,1.0,0.0,1.0,1.0,0.0,1.0,1.0
883,0.0002404565772293754,0.00010100685530944897,0.0004376607547354287,0.00033665389942597973,-0.012331178730127837,0.0001520579688746304,0.000630106373202044,-0.011912453791956226,0.00014190655534540575,0.00047003285385949223,-0.003009325789658658,9.056041708310758e-06,0.00021284303714474984
884,-3.0679580638444115,1.0,1.0,0.0,0.0,1.0,1.0,0.0,1.0,1.0,0.0,1.0,1.0
885,1.2528727207361534e-05,4.637603577273275e-06,0.00011614664432679778,0.0001115090407495245,-0.0025210993795587544,6.355942081981425e-06,0.0001606303714000168,0.0024163690198220843,5.838839240435156e-06,4.9272125413279966e-05,0.0013107362093980571,1.7180294094032433e-06,0.00013853743616709657
886,2.3808839844985386e-05,6.27768114021728e-06,0.00017514673548017315,0.00016886905433995586,-0.0036688466909767553,1.3460436041667911e-05,0.00010245393371977052,-0.0017020902512154673,2.897111223365556e-06,0.00027525826348606675,0.0015733709530330634,2.475496155618373e-06,0.0001477280092346822
887,-2.7416907725359,2.6721589518663436e-05,0.00013023243977168994,0.0001035108502530265,0.00516929294179839,2.6721589517997302e-05,0.00013023243977083876,-0.0051692929417983865,2.672158951844139e-05,0.00013023243977161592,0.005169292941798385,2.6721589519551614e-05,0.00013023243977261512
888,3.382106074278912e-05,1.2743028021307742e-05,0.00017239522998605908,0.00015965220196475133,0.004815525926961352,2.318928995292957e-05,0.00021364538744161887,2.253148708170284e-05,5.076676856674567e-10,6.308727902681888e-05,-0.0038780518876453396,1.5039286443307986e-05,0.00024045302348973951
889,0.00010555577729909338,3.4950792494899595e-05,0.00019200177001776897,0.00015705097752286937,-0.009984765153374613,9.969553516764318e-05,0.00020808992662213477,-0.0007838004317069892,6.14343116711602e-07,0.0002840514112176784,0.002131313960957958,4.542499200343997e-06,8.386397221349373e-05
890,9.860697761232551e-05,1.2680222887954487e-05,0.00024249086242193277,0.0002298106395339783,-0.0019112875950250566,3.6530202708329185e-06,0.00019345971809259233,0.002702376239048705,7.302837337630486e-06,0.00021540854621326933,-0.0052043069717050555,2.708481105540006e-05,0.0003186043229599367
891,2.942937921979194e-05,1.232526839049323e-05,0.00020175067643316927,0.00018942540804267605,0.0005268073434873964,2.7752597742125573e-07,0.0001626149525350007,0.0036858319448357796,1.3585357125478481e-05,0.00018748488819742004,-0.004807590047940026,2.3112922068579955e-05,0.0002551521885670871
892,0.005269058908386692,0.004900364852734336,0.02735490322950725,0.022454538376772915,-0.06768267145927737,0.004580944015864508,0.025038984634177308,-0.07005495454032497,0.004907696655647165,0.026924993028365152,0.07219732603559996,0.005212453886691337,0.030100732025979293
893,-3.0679580638444115,1.0,1.0,0.0,0.0,1.0,1.0,0.0,1.0,1.0,0.0,1.0,1.0
894,8.762496308079015e-05,4.1461617336831696e-06,9.631529415928448e-05,9.216913242560132e-05,-0.002087199668666808,4.356402456218156e-06,6.314250709837932e-05,-0.0015813254263815088,2.5005901037600253e-06,0.00010669575718980084,0.0023625182839323985,5.581492641071328e-06,0.0001191076181896733
895,1.0753078128922233e-05,3.8667255027509856e-07,0.0001522579999392315,0.0001518713273889564,0.0002089910016621454,4.367723882570118e-08,0.00013507248159849716,7.895045300814349e-06,6.233169536074001e-11,0.00015441030601492933,-0.0010565406191968719,1.1162780803042338e-06,0.00016729121220426801
896,8.546805897613474e-05,2.4223202519676097e-05,0.00023033771134628456,0.00020611450882660845,-0.001405100079658246,1.974306233942791e-06,0.0002027895790303047,-0.007007637782691675,4.910698729276852e-05,0.0003635667875733217,-0.004646322635369597,2.158831403231698e-05,0.00012465676743522724
897,0.0003262972463863312,9.528234973828671e-05,0.0004634251286746993,0.0003681427789364126,0.0010425511522245245,1.0869129049018156e-06,0.00042288121883393703,0.0019149035708365522,3.666855685868775e-06,0.00026078241430349536,-0.016765836711118927,0.00028109328062408956,0.0007066117528866656
898,0.004024220099279496,0.0014771679857290925,0.00459765086352637,0.0031204828777972775,-0.027046353647158506,0.0007315052456070559,0.0017300355939423584,0.057665363375337016,0.0033252941332093666,0.008175082715894955,0.01935728747451181,0.0003747045783708547,0.0038878342807417976
899,4.355842235792551e-05,2.6210398746987867e-05,0.000116246120015151,9.003572126816313e-05,-0.005347682920121297,2.8597712613875892e-05,0.00015899899607818568,-0.0034294016923253176,1.176079596720836e-05,5.601974700897294e-05,0.006186492355103008,3.8272687659879345e-05,0.00013371961695829437
900,-2.769199519879985,1.4451450046304437e-05,0.00012665901848007977,0.00011220756843377533,-0.0038015062864369896,1.4451450045638303e-05,0.00012665901847885852,-0.0038015062864369888,1.4451450046637504e-05,0.0001266590184807459,-0.003801506286436989,1.4451450046637504e-05,0.00012665901848063488
901,6.737631662678822e-05,1.0674227176562153e-05,0.00012622091907573316,0.00011554669189917101,0.0023019245375116787,5.298856576629873e-06,0.00012071087564624605,-0.003337781012951633,1.1140782089968937e-05,0.0001268231607284287,0.00394753630300819,1.5583042863087648e-05,0.0001311287208525247
902,4.268030508669529e-05,1.6513411612462114e-05,0.0001941660366142998,0.00017765262500183768,0.003080102883760884,9.48703377490201e-06,9.147546522980665e-05,0.00632591625617774,4.001721648028145e-05,0.0003782970821309961,0.00018969602592394468,3.598458220288592e-08,0.00011272556248209664
903,5.4307678225118394e-05,2.1818858951361264e-05,0.00016466339948184583,0.00014284454053048457,0.005193391868638318,2.6971319099899915e-05,0.00022566804468460155,-0.004268602694058811,1.8220968959536954e-05,0.00016048519000466666,-0.004501587363873774,2.0264288794646923e-05,0.00010783696375626928
904,3.30467604061635e-05,1.0396894001433546e-05,0.00021288778782424522,0.00020249089382281168,-0.0028734307000198404,8.256603987844002e-06,0.00030786293925333386,0.001369504988470156,1.875543913398836e-06,0.00017719321940934396,0.004588957844940469,2.1058534103057802e-05,0.00015360720481005785
905,-3.0679580638444115,1.0,1.0,0.0,0.0,1.0,1.0,0.0,1.0,1.0,0.0,1.0,1.0
906,-3.0679580638444115,1.0,1.0,0.0,0.0,1.0,1.0,0.0,1.0,1.0,0.0,1.0,1.0
907,0.0002428241623920746,0.00011249311645178395,0.0005016075622061485,0.0003891144457543646,-0.013745602900924593,0.00018894159910998187,0.0011492287217531594,0.010712579529740671,0.00011475936018157107,0.0002530993220178912,0.005811917933338556,3.37783900637989e-05,0.00010249464284739496
908,5.05096909046987e-05,2.8320964843138913e-05,0.0002117958497335204,0.00018347488489038147,0.004344625807506922,1.8875773407867058e-05,0.00018096457725647053,-0.005630525783176522,3.170282059505869e-05,0.00026956337370442895,0.005863812797698712,3.4384300526490996e-05,0.0001848595982396617
909,0.00015564913931775948,5.107187465706412e-05,9.548788498166723e-05,4.441601032460311e-05,0.007075925193380318,5.006871734258844e-05,9.176132672061854e-05,0.005713614596228381,3.2645391754293485e-05,8.846833785169927e-05,0.008396518020833051,7.050151487431044e-05,0.00010623399037268388
910,3.165879502897706e-05,1.4226507161985147e-05,0.00012435201840062712,0.00011012551123864198,0.003450894830092981,1.1908675129013169e-05,0.00012452575750465655,0.003927123191776598,1.542229656392724e-05,9.92066362566213e-05,-0.003917722526323923,1.534854979301503e-05,0.0001493236614406035
911,-2.8007696882058233,2.7820427256464164e-05,0.0001319403493422744,0.00010411992208581022,-0.005274507299903113,2.7820427256353142e-05,0.0001319403493422744,-0.005274507299903115,2.7820427255687008e-05,0.0001319403493412752,-0.0052745072999031105,2.7820427257352343e-05,0.0001319403493432736
912,0.0009421792437945831,0.00011384485841610854,0.0011317181022037677,0.0010178732437876592,-0.016941078754756537,0.0002870001493749941,0.0007915941293217266,-0.005524435513995816,3.051938774856211e-05,0.001966054956978436,0.004900514067401002,2.401503812476946e-05,0.0006375052203111409
913,5.1364508754536686e-05,1.8092380507391443e-05,0.000119042107218618,0.00010094972671122657,-0.0019457050194029817,3.7857680220687584e-06,9.440628069534718e-05,0.00666838638961723,4.4467377041224054e-05,0.00016162682595144418,-0.00245438311168125,6.02399645888152e-06,0.00010109321500906265
914,2.8704655510525257e-05,1.2631908910136028e-05,0.0001824814485468599,0.0001698495396367239,-0.0012688644861180835,1.6100170843191819e-06,0.0002126551659269449,-0.0037064269784884306,1.3737600946917006e-05,8.777876341070634e-05,-0.004748484884589099,2.2548108699171898e-05,0.0002470104163029285
915,-3.0679580638444115,1.0,1.0,0.0,0.0,1.0,1.0,0.0,1.0,1.0,0.0,1.0,1.0
916,7.023380012904923e-05,2.3483841545823836e-05,0.0005540156105224847,0.0005305317689766609,-0.002261266935062285,5.113328151562513e-06,0.0007054118214659955,0.007985051705763007,6.376105074401561e-05,0.00015991349347965755,-0.0012558446330025756,1.577145741893382e-06,0.0007967215166218011
917,0.0001267696634494886,3.313211242413535e-05,0.0002932391695735041,0.00026010705714936877,0.008043863464787082,6.470373944011953e-05,0.0004442884828488314,-0.0029884723351145536,8.930966897691128e-06,0.00027827540550151575,0.005075591683208603,2.576163093459538e-05,0.00015715362037016511
918,6.493610169022723e-05,1.8318857943899758e-06,0.00011130536702234443,0.00010947348122795446,0.0011678985014917903,1.3639869091974788e-06,0.00016042851309894246,0.001661755066377486,2.761429899744705e-06,0.00011050228737430334,-0.001170572754407935,1.3702405742277435e-06,6.298530059378749e-05
919,-3.0679580638444115,1.0,1.0,0.0,0.0,1.0,1.0,0.0,1.0,1.0,0.0,1.0,1.0
920,0.0001753605718243234,3.700291473270519e-05,0.0003085365049050696,0.00027153359017236445,-0.00649763191076069,4.221922044778115e-05,0.00021469160749698624,0.008289374967726538,6.871373735561903e-05,0.0005386420909417877,0.00027529328809277963,7.578639471539361e-08,0.00017227581627643485
921,4.831077225242453e-05,2.1884409262170243e-06,0.00013500136995769907,0.00013281292903148204,0.002349364416441754,5.519513161744705e-06,0.00015472776941305444,0.0007240464870960548,5.242433154251103e-07,0.00019260685553024182,-0.0007221954735667293,5.215663014812577e-07,5.766948492980095e-05
922,-3.0679580638444115,1.0,1.0,0.0,0.0,1.0,1.0,0.0,1.0,1.0,0.0,1.0,1.0
923,0.00019865754186865203,3.424180411448763e-05,0.00018341818458122994,0.0001491763804667423,0.0025177557733419564,6.339094133944734e-06,7.417126199482649e-05,-0.009816600748345962,9.63656502527277e-05,0.00017180907176883586,-0.0001437635457020526,2.066795679045441e-08,0.00030427421998002746
924,7.114792817197735e-05,8.78589013442177e-06,0.0002471123401407797,0.00023832645000635794,0.0018554458190478303,3.4426791873931606e-06,0.00031348440305978276,0.0041919414394823995,1.7572373032237465e-05,0.00014975673857009486,-0.0023114104316134428,5.342618183634684e-06,0.00027809587879246145
925,-2.8718401233976367,2.8805527552873875e-06,0.00012296379092457954,0.00012008323816929216,0.0016972191243425302,2.8805527555464394e-06,0.0001229637909249126,-0.001697219124342531,2.8805527552133725e-06,0.0001229637909243575,0.0016972191243425307,2.88055275510235e-06,0.00012296379092446852
926,0.0006740220890908422,0.0002310565347619642,0.0008253385465593436,0.0005942820117973794,-0.007111931210098659,5.057956553700116e-05,0.0007527913159242061,-0.020270724114675072,0.000410902256133272,0.0006134048692700844,-0.015221293723453986,0.0002316877826156194,0.0011098194544837403
927,2.900118165982679e-05,5.777741970044067e-08,4.403576866203925e-05,4.397799124233881e-05,0.00024173895647392922,5.843772254987556e-08,4.4009225253494044e-05,-0.00026546002773219775,7.046902761320695e-08,4.400505063240079e-05,0.0002107735985300532,4.442550893823949e-08,4.409303010022292e-05
928,5.5492240226717726e-05,6.780331871144204e-07,0.00011966769098781249,0.00011898965780069808,0.0004435390380262281,1.967268786762233e-07,0.00013511183992476195,0.00039852798837331725,1.5882455739468782e-07,0.00014525022136424592,-0.0012955879460970713,1.67854812527235e-06,7.86410116744296e-05
929,-3.0679580638444115,1.0,1.0,0.0,0.0,1.0,1.0,0.0,1.0,1.0,0.0,1.0,1.0
930,-3.0679580638444115,1.0,1.0,0.0,0.0,1.0,1.0,0.0,1.0,1.0,0.0,1.0,1.0
931,3.820884509897482e-06,1.5334260799286052e-06,0.0001351147323031728,0.0001335813062232442,-0.0013116306161468393,1.720374873781516e-06,0.00015052321595543372,0.0011390555236907127,1.2974474862259555e-06,0.00012405989207786572,-0.0012579570260340919,1.582455879778344e-06,0.00013076108887621896
932,-3.0679580638444115,1.0,1.0,0.0,0.0,1.0,1.0,0.0,1.0,1.0,0.0,1.0,1.0
933,0.0002736519529774606,0.00015507566912253967,0.0003771524979327238,0.00022207682881018415,0.01350017962314714,0.0001822548498570109,0.0005224169794746381,-0.007299838078258152,5.32876359687906e-05,0.00020046342805324358,0.015155346302280728,0.0002296845215418175,0.00040857708627028977
934,1.5922354473785205e-06,4.314945957576792e-07,0.00017767905249147878,0.0001772475578957211,0.00024657212568717825,6.079781322831934e-08,0.0002380475415308947,-0.0006273298496270684,3.9354274039560266e-07,6.930016097239644e-05,-0.0009165932759605705,8.401432336491155e-07,0.00022568945497114523
935,0.00015636601960189456,8.636092290181807e-05,0.0003031641567477668,0.00021680323384594874,0.008753009033784696,7.661516714563277e-05,0.0002739316507746059,-0.006994698749647801,4.8925810598343666e-05,0.00018600777921495837,-0.011556028338555001,0.00013354179096147778,0.0004495530402537362
936,0.0007716615819184369,0.00024401037502993125,0.0005563729007416196,0.0003123625257116883,-0.007834267550570503,6.137574805409329e-05,0.00031839559554891483,0.0156618951711388,0.0002452949603517496,0.0006571002664932379,-0.020624267664192727,0.00042536041668395086,0.000693622840182706
937,-3.062860872830931,5.250453505030913e-05,0.0002444948445270804,0.0001919903094767713,0.007246001314558927,5.250453505012409e-05,0.00024449484452682135,-0.007246001314558923,5.2504535051234313e-05,0.0002444948445285977,-0.0072460013145589286,5.250453504956898e-05,0.00024449484452582215
938,0.00021362078515119176,0.00011777764964460147,0.0004162066313705415,0.00029842898172594,0.014464512425410834,0.00020922211970486604,0.0007314913375517929,-0.004274106709467793,1.8267988163289672e-05,6.85835396097012e-05,-0.011217969560755721,0.0001258428410656487,0.0004485450169501304
939,0.00018873366806415603,3.4431120461642095e-05,0.00019911784839832247,0.00016468672793668038,0.002815148852564376,7.925063061908766e-06,0.00021294435766705533,-0.0036853951983958663,1.3582137768364255e-05,0.00025039180998553956,-0.009043570122173132,8.178616055465326e-05,0.00013401737754237253
940,5.0645238003799165e-05,2.5945597278383598e-05,0.0001060441695171684,8.00985722387848e-05,0.006721342355974006,4.51764430663415e-05,0.00014180050262635469,0.004294961913126393,1.844669783501729e-05,9.94699109475583e-05,-0.0037700995920023597,1.421365093379201e-05,7.686209497759222e-05
941,3.442425042932129e-05,1.1589546442166329e-05,0.0003029590636171031,0.0002913695171749368,0.003256290425229936,1.0603427332611659e-05,0.0005436094942760095,0.004861759221897669,2.3636702732310333e-05,0.00011826942234638427,0.0007269864243986752,5.285092615769926e-07,0.0002469982742289156
942,-3.0679580638444115,1.0,1.0,0.0,0.0,1.0,1.0,0.0,1.0,1.0,0.0,1.0,1.0
943,0.0001429552506543308,4.857988000199024e-05,0.00013513313272883742,8.655325272684719e-05,-0.006861967689931775,4.708660057772818e-05,0.00016387775118764658,0.00833102933276709,6.940604974325915e-05,0.00014334009842920103,0.00540804860232229,2.9246989684983404e-05,9.818154856966466e-05
944,-3.0679580638444115,1.0,1.0,0.0,0.0,1.0,1.0,0.0,1.0,1.0,0.0,1.0,1.0
945,-3.0679580638444115,1.0,1.0,0.0,0.0,1.0,1.0,0.0,1.0,1.0,0.0,1.0,1.0
946,0.00014672744827393114,6.90698273863033e-05,0.0002148191167769357,0.0001457492893906324,0.006878628140703022,4.731552509840142e-05,0.00014718882973319136,0.007668293736154865,5.880272882363702e-05,0.00017337859549060308,-0.010054413371093007,0.00010109122823687144,0.00032388992510701264
947,3.2293201919553205e-05,1.1111540072568834e-05,0.0002002521478849939,0.00018914060781242506,-6.072397570743135e-05,3.6874008291221116e-09,0.00014707622767085038,0.005252416986065919,2.758788419521263e-05,0.0002265295789799504,0.002396465860643417,5.743048621664748e-06,0.00022715063700418092
948,0.00011686367825713972,2.8832472698581135e-05,0.00020037910390213742,0.0001715466312035563,0.008225213763121148,6.765414144938031e-05,0.00017160400759097527,0.0017053306381056219,2.9081525855234602e-06,0.00018053532476980383,-0.003991882270414516,1.5935124060839634e-05,0.00024899797934563317
949,6.559832812103039e-05,5.817385984966765e-06,0.00015798923623736952,0.00015217185025240276,0.0005253599098710336,2.760030348714082e-07,0.0002300261695830086,0.0040261390708736895,1.6209795818067363e-05,0.00014484301446138215,-0.0009830356563812778,9.663591019615225e-07,9.909852466771785e-05
950,6.9244846805816e-05,2.716647609235512e-05,0.0002893071220110288,0.0002621406459186737,-0.0005030798974404022,2.5308938278456594e-07,0.0003911768541442484,0.004709409727789847,2.2178539984207823e-05,0.0002062333562684593,0.007685557813882203,5.9067798910072966e-05,0.00027051115562037875
951,9.749637146116985e-05,2.8588584045160143e-05,0.00016531440337445394,0.00013672581932929379,-0.0031222888947017298,9.748687942123802e-06,0.00013139931800676408,0.0065286542357162235,4.262332612992026e-05,0.00011309227093692087,0.005778731527166282,3.3393738063436373e-05,0.0002514516211796769
952,0.00047119593388722514,0.0003270734670664706,0.0011944886873437681,0.0008674152202772976,-0.02086560048898999,0.0004353732837663049,0.0015577457851526644,0.015696576710294164,0.00024638252042197273,0.0010416657794937167,-0.0173050454206564,0.00029946459701113426,0.000984054497384923
953,0.05933775028419319,0.01858529435561181,0.07930518852844586,0.06071989417283405,-0.01365905088235985,0.000186569671006942,0.0007924465434501204,0.020255551195165165,0.0004102873542198848,0.0020929000801982456,-0.234859587927784,0.055159026041608605,0.23503021896168919
954,0.0011909900550152175,0.00030666740155949057,0.0009608413608831098,0.0006541739593236192,0.012522324856484648,0.00015680861981126615,0.0009226432336780777,-0.027081139264923105,0.0007333881038863455,0.0008292846668055409,0.005459439621494282,2.980548098086011e-05,0.0011305961821657107
955,-2.8573731378336533,3.3232644475929738e-06,0.000121234297058422,0.00011791103261082903,-0.0018315786467825823,3.354680339295868e-06,8.826866224342922e-05,0.0012269507934222627,1.505408249280471e-06,0.0001473025952144491,-0.0022604656055237858,5.109704754202582e-06,0.00012813163371738767
956,-3.0679580638444115,1.0,1.0,0.0,0.0,1.0,1.0,0.0,1.0,1.0,0.0,1.0,1.0
957,6.956166169647116e-05,6.121409260081052e-05,0.00019839249659133382,0.00013717840399052328,0.0075830738919785735,5.75030096514606e-05,0.0001936104332203037,-0.007944123652605111,6.31091006078055e-05,0.00019830397531073185,0.007939154082304861,6.303016754316548e-05,0.00020326308124296588
958,3.934475969347151e-05,2.4967012527077337e-05,0.00012779666517837018,0.00010282965265129285,0.006032703840565339,3.6393515627786144e-05,0.0001396070613908229,-0.005734635994735206,3.288604999152067e-05,0.00014116265688901564,0.0023709643526987558,5.621471961925195e-06,0.00010262027725527201
959,1.0226220002573783e-05,4.244436368668521e-06,0.00010027658066765384,9.603214429898532e-05,-0.0020487793071636623,4.197496649815946e-06,9.673169855284325e-05,-0.002171517095816564,4.715486497386401e-06,9.931745179925233e-05,-0.001954565414191567,3.820325958803217e-06,0.00010478059165086595
960,0.005134979114214677,0.0016061454025612099,0.005175749815253446,0.003569604412692236,-0.06152754556795368,0.003785638863616936,0.008173149744760133,-0.010216543758013157,0.00010437776635929819,0.0014408953031528338,0.030469978301724907,0.0009284195777073956,0.005913204397847371
961,0.00530125608175136,0.004198589328575049,0.024542810733872617,0.02034422140529757,-0.06362119607875345,0.004047656590491666,0.021029563071689683,-0.07147528171549143,0.005108715896308347,0.02945428468018907,-0.058646359639151074,0.003439395498925135,0.023144584449739103
962,7.959541972835105e-05,1.467897685980546e-05,0.00016665119088569527,0.0001519722140258898,-0.006537376518069072,4.273729173931429e-05,0.000154789070456407,-0.0008795090166721835,7.735361103877736e-07,0.0001422440068264974,0.0007253293947648363,5.261027297143173e-07,0.00020292049537418144
963,0.0006083350566415957,0.00017147982880227897,0.00032608573824706905,0.00015460590944479008,0.011288379826866536,0.00012742751911554162,0.0002989697275570524,-0.018901419184680777,0.0003572636471952384,0.0004202077749961841,0.005454202058629049,2.974832009605688e-05,0.00025907971218797066
964,1.3824691454611404e-05,4.69706464327017e-06,0.00020698318529736395,0.0002022861206540938,-0.0019276105584560676,3.715682464822123e-06,0.0002546354614549884,0.00014435909370782673,2.083954808718147e-08,0.00028477567134688186,0.003217867604034564,1.0354671916901204e-05,8.153842309022163e-05
965,4.832455285830317e-05,2.9654694144287674e-05,0.00011312377989343887,8.34690857491512e-05,0.003192080390340211,1.018937721841695e-05,0.00010196007217333491,-0.005911840162016543,3.494985410124052e-05,0.00011440222042924386,-0.006620034071860856,4.3824851113205554e-05,0.00012300904707773785
966,0.0004885430922499934,0.00013324434737123822,0.00029072447406571406,0.00015748012669447584,-0.018894972286662218,0.00035701997771409033,0.00046169937547946294,-0.00616218323387911,3.797250220793913e-05,0.0002354375043545076,0.0021772832134988067,4.7405621916851715e-06,0.00017503654236317168
967,0.0001516885592841577,7.327433903777288e-05,0.0002799295427292255,0.00020665520369145263,0.011712744954730738,0.00013718839437426578,0.0002950067745242091,-0.006265017466632215,3.925044385733045e-05,0.00028430765208131703,-0.006586666750494115,4.338417888172241e-05,0.0002604742015821504
968,1.307366894964801e-05,4.813050438090549e-06,0.0003533080556937425,0.00034849500525565197,0.0017124170699079023,2.9323722218199677e-06,2.9510453469883124e-05,0.002588372339695303,6.6996713692368814e-06,0.0006034678962025808,0.0021925117383896093,4.8071077232147985e-06,0.0004269458174087637
969,0.0001725778711197945,6.669185994175504e-05,0.0001462561746622404,7.956431472048535e-05,-0.008008596190911892,6.413761294865594e-05,0.0001178523432611156,-0.011270234703317238,0.00012701819026816885,0.0002149501879173954,0.0029865995058619473,8.919776608440344e-06,0.00010596599280821017
970,0.00035391762648873115,8.100767352444323e-05,0.00023045506570718022,0.000149447392182737,-0.010555484288623811,0.00011141824856741867,0.00026672689461626486,-0.010313095123536651,0.00010635993102714458,0.00022343626054976973,0.005024424442547981,2.5244840978766447e-05,0.00020120204195550606
971,0.00015240441338393307,9.798840442694819e-05,0.00019529358992594523,9.730518549899704e-05,-0.010614648198542891,0.00011267075637821922,0.00020401294447247587,0.010683666254631026,0.00011414072464044356,0.0002369166294396985,-0.00819473808382184,6.71537322621818e-05,0.0001449511958656613
972,0.00022832313691123485,6.070079777150313e-05,0.00012532779081482945,6.462699304332631e-05,-0.01225856022359688,0.00015027229875541614,0.00022573469721975936,0.00331317908648759,1.0977155658675741e-05,6.471435336230513e-05,0.0045665018231335515,2.0852938900417506e-05,8.553432186242382e-05
973,0.0002558115610566958,0.000145086802811778,0.00033520660905609717,0.00019011980624431918,-0.015329512840354373,0.00023499396392256955,0.0004136514796357904,-0.008330825380054927,6.940265151289537e-05,0.00025975099688113623,-0.011439571364342021,0.00013086379299986906,0.0003322173506513648
974,0.0006897285196788561,0.000172712561694488,0.0004309459712996677,0.0002582334096051797,-0.0013811014802070085,1.9074412984654288e-06,0.00011921964772143578,0.0019250479184831667,3.705809488718792e-06,7.541297951374482e-05,0.02263900250223441,0.0005125244342962798,0.0010982052866638226
975,-2.5923695463242566,1.523062945392913e-06,0.00014099529704673466,0.00013947223410134174,0.0013609662494156974,1.852229132293104e-06,0.00014333963044832476,-0.0014130136378462943,1.996607540633022e-06,0.00014418931993698259,-0.0008487356260210198,7.203521632526133e-07,0.00013545694075489667
976,6.697703414670908e-05,2.0403126485213363e-05,0.000367316238184275,0.00034691311169906164,0.006220355117841319,3.8692817791896594e-05,0.0002991872674890095,0.004050010316233745,1.6402583561170303e-05,0.00038188483670931195,0.0024726459718567894,6.113978102573192e-06,0.00042087661035450363
977,8.545325888564825e-06,3.351541169408871e-07,0.00018955818171180935,0.00018922302759486848,0.0007161928089057346,5.129321388741559e-07,0.0002644573812754514,-0.000663975523067524,4.4086349504368627e-07,0.00014437742445316815,0.0002273031390238423,5.1666716904819054e-08,0.0001598397394068085
978,6.861741276142919e-05,4.0260014131895026e-05,0.00044591744976492836,0.00040565743563303336,-0.008027316038336786,6.443780277909372e-05,0.000310572948466592,-0.005081335286369219,2.5819968291873607e-05,0.0007135475214002929,-0.005524696491634084,3.052227132471774e-05,0.0003136318794279003
979,2.769525166657072e-05,1.4095546545411786e-05,9.229541376539381e-05,7.819986721998203e-05,0.0051741626638935265,2.67719592725868e-05,5.217129004264631e-05,0.003849128668128445,1.481579150353074e-05,0.00010736674870892582,-0.0008359957292293005,6.988888601178189e-07,0.00011734820254460931
980,3.416848212123291e-05,1.1169891697915268e-05,9.745455712565725e-05,8.628466542774198e-05,-0.0046070925802139855,2.122530204229367e-05,8.204358863028727e-05,-0.0034600062392771283,1.1971643175678892e-05,8.688364871978216e-05,-0.0005592225639016161,3.127298757732433e-07,0.0001234364340269023
981,0.00012133313749029817,1.6997390888747372e-05,0.00021110135384879344,0.00019410396296004606,0.0071255050358584775,5.0772822016265096e-05,0.00037242132081105606,0.0003854385220937163,1.4856285390774104e-07,0.00016974337921016325,0.0002660597596051436,7.078779606928265e-08,9.1139361525161e-05
982,-3.0679580638444115,1.0,1.0,0.0,0.0,1.0,1.0,0.0,1.0,1.0,0.0,1.0,1.0
983,0.00014020163088135362,3.621751005500329e-05,0.0003227537994932768,0.00028653628943827353,0.0011038042217159621,1.2183837598822578e-06,0.0003212054293779687,0.009312038423953908,8.671405960936074e-05,0.00029552674987542993,0.004551932204647893,2.0720086795766868e-05,0.0003515292192264319
984,1.0303799658495372e-05,4.568964042661605e-06,0.0003946921941322401,0.0003901232300895785,-0.002691311606883572,7.243158165359809e-06,0.00023973488878226146,-0.001123902832511357,1.2631575768695669e-06,0.0004049343204753919,-0.0022804772276002454,5.20057638575544e-06,0.000539407373139067
985,0.00025137030049748876,8.851212239635586e-05,0.000987618315316204,0.0008991061929198481,0.014728150439014527,0.00021691841535431688,0.001350631233508981,0.005101876802214359,2.602914690508218e-05,0.0006320827827919206,-0.004752768133352308,2.2588804929668527e-05,0.0009801409296477104
986,0.00015041485467903737,7.515719930658211e-05,0.00029347749738380574,0.00021832029807722364,0.0033006237307195234,1.0894117011606141e-05,9.66716070316398e-05,-0.008337590566576816,6.951541645539017e-05,0.00026012800296060234,0.012044171389208816,0.00014506206445275005,0.0005236328821591751
987,-3.0679580638444115,1.0,1.0,0.0,0.0,1.0,1.0,0.0,1.0,1.0,0.0,1.0,1.0
988,8.223288381192795e-05,2.716447124673227e-05,0.0003425888116704856,0.00031542434042375334,-0.002274738154698694,5.1744336720949136e-06,0.00042518430658133877,0.0034886442844910305,1.2170638944097867e-05,0.0003765517276814734,-0.008009265954142331,6.414834112400403e-05,0.00022603040074864467
989,-3.0679580638444115,1.0,1.0,0.0,0.0,1.0,1.0,0.0,1.0,1.0,0.0,1.0,1.0
990,-3.0679580638444115,1.0,1.0,0.0,0.0,1.0,1.0,0.0,1.0,1.0,0.0,1.0,1.0
991,0.000681755544909568,7.226037733654156e-05,0.00022113875531692972,0.00014887837798038817,0.0025766201607781733,6.63897145192216e-06,0.0001017364742791349,-0.013175147031187197,0.00017358449929272268,0.000345032834487613,0.006046293183828532,3.6557661264979835e-05,0.00021664695718404126
992,5.4648635273601975e-05,1.6256189153166883e-05,0.00017721970181065286,0.00016096351265748599,-0.00617854934152737,3.817447196574619e-05,0.0002220614268011456,-0.0014578906736654935,2.125445216605293e-06,0.00015110290338538057,-0.0029100945478712052,8.468650277149159e-06,0.00015849477524543243
993,1.8973438510538898e-05,1.5467581618115271e-06,0.00016908327481179874,0.00016753651664998723,0.0009397327585959543,8.8309765722272e-07,0.00017012204512256712,-0.0011992196461103517,1.4381277594344155e-06,0.0001684118261086054,0.0015228424306291005,2.3190490687774457e-06,0.00016871595320422372
994,-3.0679580638444115,1.0,1.0,0.0,0.0,1.0,1.0,0.0,1.0,1.0,0.0,1.0,1.0
995,9.357750462468672e-05,3.255114142497462e-05,0.00015136758722330187,0.00011881644579832726,-0.002473563930092612,6.1185185162848654e-06,0.00011580158823421005,0.008832324793584092,7.800996125939541e-05,0.00028303026131326625,-0.003677627563927911,1.3524944499243574e-05,5.5270912122429294e-05
996,9.876506448847078e-05,1.1177956637039207e-05,0.00030804345056804444,0.00029686549393100525,-0.004520192484502017,2.043214009717076e-05,0.00022103516105898002,0.0030347243448755547,9.209551848909925e-06,0.00038287034455253277,-0.0019728603511280306,3.892177965036936e-06,0.0003202248460926205
997,-3.0679580638444115,1.0,1.0,0.0,0.0,1.0,1.0,0.0,1.0,1.0,0.0,1.0,1.0
998,8.062618630721996e-05,3.172054204484779e-05,0.00024929929065879247,0.0002175787486139447,0.004627964579751141,2.141805615163417e-05,0.00017953327814912434,0.00026296332235133227,6.914970818172606e-08,0.0003316033440653454,0.008583380468979513,7.367442027472748e-05,0.0002367612497619076
999,2.9530605912819752e-05,9.065414040554387e-06,0.00014049674750019983,0.00013143133345964544,0.002792331943440156,7.79711768250646e-06,0.0001265416470903613,-0.00396260219283283,1.5702216138557823e-05,0.00014649979886904863,0.001922734589178137,3.696908300598878e-06,0.0001484487965411896
1000,8.066072406887059e-05,1.02354956484918e-05,0.00017589500550789042,0.00016565950985939862,-0.003443690651550208,1.1859005303760384e-05,8.210514562190241e-05,0.0023165548179370395,5.366426224950871e-06,0.00023788804249280648,-0.003671655677859963,1.3481055416764143e-05,0.0002076918284089624
1001,-3.0679580638444115,1.0,1.0,0.0,0.0,1.0,1.0,0.0,1.0,1.0,0.0,1.0,1.0
1002,-3.0679580638444115,1.0,1.0,0.0,0.0,1.0,1.0,0.0,1.0,1.0,0.0,1.0,1.0
1003,0.0003459382393002919,9.967536870495823e-05,0.0003181112255780845,0.00021843585687312628,0.009818851073878272,9.640983641101553e-05,0.0003294757985675689,-0.01094634356267885,0.00011982243739205867,0.00043173556336095764,0.009099111622111843,8.279383231180049e-05,0.00019312231480572706
1004,0.0006376728541981347,0.00018626648699870962,0.00044263079889409845,0.00025636431189538883,-0.014796873733088009,0.00021894747227313438,0.00039117122399323634,0.002953952908480248,8.725837785328316e-06,0.0004904358171432532,0.018196872009705118,0.0003311261509376662,0.00044628535554580573
1005,0.00022056373862955336,0.00010172500975972702,0.0003057370042418202,0.00020401199448209317,0.011505616599609473,0.00013237921333619784,0.0003704244881298502,-0.008052634979980697,6.484493012048897e-05,0.00022918125844983983,-0.010389941569774203,0.00010795088582249424,0.00031760526614577067
1006,-2.868080562699283,1.0852575216269145e-07,0.00012015751846169061,0.00012004899270952792,0.00032943246898113106,1.0852575171860224e-07,0.00012015751846095046,0.00032943246898113106,1.0852575171860224e-07,0.0001201575184616166,-0.000329432468981131,1.0852575305086987e-07,0.00012015751846250478
1007,8.012390977418793e-05,2.7353708207574396e-05,0.00048605343696924336,0.000458699728761669,-0.0029231047564452334,8.544541417077056e-06,0.0007129071044108537,-0.007435963548521198,5.5293553895330305e-05,0.0002153692149786668,-0.004268844025107764,1.822302931031583e-05,0.0005298839915182096
1008,3.627273253747898e-05,1.632300346077198e-05,0.0001643199535256897,0.00014799695006491773,-0.004676216701995725,2.186700264472652e-05,0.00016148827182382863,0.0033004663154649217,1.0893077900364645e-05,0.00014222510998906923,-0.004026031524628251,1.6208929837224773e-05,0.00018924647876417122
1009,0.0038564663422139267,0.0015080539203209027,0.0020669902591612757,0.000558936338840373,0.015442672221324834,0.0002384761253348966,0.0007067878340876188,-0.039406557990875654,0.0015528768126882309,0.002463954046566297,0.052276273996332646,0.002732808822939581,0.003030228896829912
1010,2.1942601067248546e-05,1.5986089929587166e-07,4.292922935748381e-05,4.276936845818794e-05,0.0003777977755694386,1.427311586699176e-07,4.065905689321081e-05,-0.0005781334514804033,3.342382882687289e-07,4.992375558121598e-05,5.111996556949733e-05,2.6132509489684708e-09,3.820487559802466e-05
1011,0.000117254553409607,5.434629598562631e-05,0.00013778988373158718,8.344358774596086e-05,-0.0007682047872084473,5.901385946582849e-07,9.74757740027643e-05,0.010569382101708389,0.00011171183801184092,0.00014788713403424136,0.007122984722034592,5.073691135037972e-05,0.00016800674315775588
1012,4.701305195586869e-05,1.444998958588517e-05,0.00019231906501460116,0.000177869075428716,0.00014887601600269926,2.2164068136376613e-08,0.00017328500343494202,-0.0007592786477318912,5.765040648197939e-07,0.00019230096848665834,-0.006538447875823494,4.275130062469934e-05,0.00021137122312220313
1013,8.372634974973536e-05,3.297019144225347e-05,0.00018627127327649115,0.00015330108183423768,-0.0027783543223602377,7.719252740234772e-06,0.00010962953284465726,-0.007814949576950666,6.10734368893251e-05,0.00022897731162652146,-0.005487976375443032,3.011788469720056e-05,0.0002202069753582947
1014,2.502796875858415e-05,1.5070295608358522e-05,9.157646471091851e-05,7.650616910255999e-05,0.001948252314414103,3.7956870805322396e-06,0.000122797869177238,0.004867482641026389,2.369238726152023e-05,8.418725866476962e-05,-0.00420984708553213,1.7722812483023098e-05,6.774426629074792e-05
1015,0.00013330656126253615,4.69225520987789e-05,0.00042951918483317514,0.00038259663273439626,-0.0048364189575369745,2.339094833281319e-05,0.0001098715143905693,-0.0023250868512479494,5.406028865451162e-06,0.00010594361552196396,-0.010581619871187555,0.00011197067909807235,0.001072742424586992
1016,4.964467683310492e-05,8.790307667242795e-06,0.0002103660790024516,0.00020157577133520882,-0.0024549192561366517,6.026628554645086e-06,0.00011305548791895603,-0.004377834793201299,1.9165437476931224e-05,0.00020491574409420288,-0.0010857517995338445,1.1788569701520757e-06,0.0003131270049941959
1017,-3.0679580638444115,1.0,1.0,0.0,0.0,1.0,1.0,0.0,1.0,1.0,0.0,1.0,1.0
1018,0.0001517574431441071,6.34982102880229e-05,0.0002760291442589491,0.0002125309339709262,0.011849144721112896,0.00014040223062183887,0.00041290247360403765,-0.005377120284896791,2.8913422558174418e-05,0.00015737640305446554,0.004602062329451756,2.117897768405541e-05,0.0002578085561183441
1019,0.00018750365613529052,7.315805343784583e-05,0.0006911222504302206,0.0006179641969923747,-0.0055504815057471875,3.0807844945690555e-05,0.0007331104188885718,0.012312229849576927,0.0001515910038690782,0.0010180961087774554,-0.006088949950416209,3.707531149876875e-05,0.0003221602236246346
1020,0.00025593208579488547,6.638078927256874e-05,0.00039258837311639816,0.0003262075838438294,0.00839300390955669,7.044251462606788e-05,0.0005259983165550874,0.011112638148342608,0.00012349072661588245,0.0004215689750300955,-0.0022823511070767404,5.209126575755896e-06,0.00023019782776401154
1021,2.8923154545834606e-05,1.1875929418758702e-05,0.00010637157524451268,9.449564582575398e-05,-0.00495359251874807,2.453807884139625e-05,0.00012964875784593488,-0.0033133682086939897,1.0978408886641589e-05,8.963800360284324e-05,0.0003336173374282281,1.113005282382673e-07,9.982796428475993e-05
1022,0.0004292173365105789,0.00014069460644135687,0.0004800003913723779,0.00033930578493102104,0.016087707965000735,0.0002588143475673599,0.00038557416162565694,-0.012548040180218625,0.0001574533123643862,0.0003937647059395477,0.00241167149348166,5.816159392324494e-06,0.000660662306551929
1023,-3.0679580638444115,1.0,1.0,0.0,0.0,1.0,1.0,0.0,1.0,1.0,0.0,1.0,1.0
1024,0.00013143596740905483,2.9257551618829442e-05,0.00016043566573083665,0.0001311781141120072,-0.003622265439311935,1.3120806913624605e-05,0.0001461632544964564,-0.007149322360994246,5.111281022152081e-05,0.00015140631842480712,0.004851704620162145,2.3539037721342915e-05,0.0001837374242712464
1025,0.001333004605575283,0.0006181622605642145,0.0015093194235421177,0.0008911571629779032,-0.034423902325792524,0.0011850050513357857,0.0018163649554733263,0.004495758808539907,2.0211847264639538e-05,0.0006404486901104844,-0.02548077477417802,0.0006492698830922183,0.0020711446250425425
1026,0.0014946801918989117,0.0008440739189458831,0.001995998468309631,0.0011519245493637476,-0.024830870899984554,0.0006165721496518284,0.0018640906718022654,0.022540819337731322,0.0005080885364161514,0.000875879471377683,-0.03751747687104936,0.0014075610707696695,0.0032480252617489436
1027,-3.0679580638444115,1.0,1.0,0.0,0.0,1.0,1.0,0.0,1.0,1.0,0.0,1.0,1.0
1028,6.085695971735916e-05,1.3455705473878568e-05,0.00015436378838477408,0.00014090808291089552,-0.005242464880170286,2.7483438019726414e-05,0.00026521211032115577,-0.0003154417680499987,9.950350887688586e-08,7.850328231573389e-05,-0.003575496454118599,1.2784174893032407e-05,0.0001193759725174326
1029,-3.0679580638444115,1.0,1.0,0.0,0.0,1.0,1.0,0.0,1.0,1.0,0.0,1.0,1.0
1030,2.021336255697559e-05,4.88123007965265e-06,0.00019870109387135995,0.0001938198637917073,-0.003394910293726679,1.1525415902435832e-05,0.0001704244708724545,-0.0014340257215489118,2.0564297698033585e-06,0.00014428634081176117,-0.0010304584254545053,1.0618445667187615e-06,0.0002813924699298642
1031,-3.0679580638444115,1.0,1.0,0.0,0.0,1.0,1.0,0.0,1.0,1.0,0.0,1.0,1.0
1032,7.894995931156945e-05,4.904589278546349e-05,0.0002581031796109838,0.0002090572868255203,0.006769116228563617,4.582093451699354e-05,0.00028020078907953216,-0.006817603072710489,4.647971165649967e-05,0.00018031023104048138,0.007405203048029931,5.483703218289726e-05,0.00031379851871293774
1033,3.036027594460755e-05,3.731191808261277e-06,0.00016243037379855738,0.0001586991819902961,-0.0014228282328239811,2.0244401803815038e-06,0.00011273250328969198,0.003022781616131805,9.13720869877288e-06,0.00018889537075816865,0.0001786800084567736,3.192654562944597e-08,0.00018566324734781148
1034,0.001220334273241419,0.0009062466403362649,0.0016109799731568453,0.0007047333328205804,-0.02603655436054807,0.0006779021629694792,0.0007886653083954975,-0.03136698471872568,0.0009838877303445237,0.0025044326186265398,0.03251076787303832,0.0010569500276947918,0.0015398419924484985
1035,6.533096191863041e-05,2.5998965584861367e-06,0.00014288678907585042,0.0001402868925173643,-0.0015645345870859534,2.4477684738011263e-06,0.0001518574105275894,-0.002223706348355784,4.944869924194961e-06,0.0001399917187547839,-0.0006380057029105115,4.070512774623225e-07,0.00013681123794517802
1036,4.696727905972864e-05,1.800265065961722e-05,0.0001917086779081867,0.00017370602724856946,-0.0008258828903018368,6.820825488862425e-07,0.00016264276737065764,-0.0026153076980045395,6.839834355454322e-06,0.0002470582797969856,0.006818066813564247,4.64860350745111e-05,0.00016542498655691684
1037,0.005148690165723835,0.0022402438358599306,0.0041371210434851076,0.001896877207625177,-0.059681054370532005,0.0035618282507783317,0.00539455210401063,0.04471247161359227,0.0019992051177966097,0.004102697944125988,-0.034054340971522094,0.00115969813900485,0.0029141130823187034
1038,0.0009368465764851841,0.0002863696032408732,0.0014771273255474264,0.0011907577223065533,-0.027737886796576353,0.0007693903639397481,0.0017227055618945775,-0.008662591849293454,7.50404975475849e-05,0.0017256788329947925,0.003831181049688906,1.4677948235286564e-05,0.000982997581752909
1039,9.445436378996419e-05,2.2970308721633376e-05,7.985136411307418e-05,5.688105539144081e-05,-0.006131174269461438,3.7591297922245914e-05,9.569613819215839e-05,0.0014479108054175755,2.0964457007055515e-06,6.305078625545857e-05,0.005405847069764206,2.9223182541948667e-05,8.080716789160558e-05
1040,-3.0679580638444115,1.0,1.0,0.0,0.0,1.0,1.0,0.0,1.0,1.0,0.0,1.0,1.0
1041,5.170396135500965e-05,5.497614194734564e-06,0.00010021341634976662,9.471580215503206e-05,-0.003559965730660874,1.2673356003300995e-05,9.697499046446012e-05,-0.0005498835267087675,3.02371892635378e-07,8.698591081868212e-05,-0.001875397208156319,3.51711468826732e-06,0.00011667934776615763
1042,4.7225775513859425e-05,6.7155971810543375e-06,0.00013029520577656495,0.00012357960859551062,0.0021811498439493027,4.757414640788049e-06,0.00010907531063131248,-0.0011275752512246097,1.2714259469692735e-06,0.00013408587999730326,-0.0037573861866689044,1.411795095540569e-05,0.0001477244267010791
1043,5.88229227238557e-06,3.530744216292033e-06,0.00021830560453902267,0.00021477486032273063,-0.0018002223679447825,3.2408005740114376e-06,0.00024765818234828707,-0.0017208067693514173,2.9611759374548186e-06,0.00014004231063868833,0.002095293807090273,4.3902561374098426e-06,0.0002672163206300926
1044,8.319880750251585e-05,2.3591598393712943e-05,0.00012666392345321112,0.00010307232505949818,-0.0003208912297142343,1.0297118147040152e-07,6.938454051896858e-05,-0.008397371735242107,7.051585205997135e-05,0.0002523244343146658,-0.0003949328293402546,1.559719396970749e-07,5.828279552599902e-05
1045,-2.366993283747939,1.6155110618550534e-05,0.00014842327339340913,0.0001322681627748586,0.006105140094355688,3.7272735572857485e-05,7.660298597778059e-05,-0.002724686106663313,7.423914379911523e-06,0.00018456021410495627,0.001941309326995699,3.768681902882598e-06,0.00018410662009749057
1046,-3.0679580638444115,1.0,1.0,0.0,0.0,1.0,1.0,0.0,1.0,1.0,0.0,1.0,1.0
1047,-3.051210433736988,5.099083835765258e-05,0.00020925895518453252,0.00015826811682687994,0.007140786956454201,5.0990838357800605e-05,0.0002092589551848656,-0.007140786956454203,5.099083835757856e-05,0.0002092589551838664,0.007140786956454198,5.099083835757856e-05,0.0002092589551848656
1048,0.00011452688164081959,1.847297410417781e-05,0.0002446060761725673,0.0002261331020683895,0.0011426805029343498,1.3057187321363628e-06,0.0001113545128935689,0.0010453280669333884,1.0927107675362535e-06,0.00013073031309185357,0.007281517205399742,5.302049281286081e-05,0.0004917334025322795
1049,3.804793432926612e-05,1.3956401253678585e-05,0.0001541892262415153,0.0001402328249878367,0.003461175494390115,1.1979735803135938e-05,8.378112490670109e-05,0.005024912379565539,2.5249744421862452e-05,0.00027762005319964533,-0.0021540017493566063,4.639723536037366e-06,0.00010116650061819943
1050,0.00014175438274888208,2.2738147063180076e-05,0.00029965466385295514,0.0002769165167897751,0.008031340135122219,6.450242436617515e-05,0.0001389486135834339,0.0016741430077433486,2.802754810349306e-06,0.00042185274666106665,-0.0009535523125169135,9.092620130157769e-07,0.00033816263131436486
1051,1.2172942260080255e-05,1.003210598149451e-06,0.00030583357273146944,0.00030483036213332,0.0004282604816669822,1.8340703999975005e-07,0.00045343301512013046,0.001456886157051097,2.1225172741612397e-06,0.00021601553989214484,-0.0008388727438445084,7.037074802873633e-07,0.0002480521631821331
1052,0.00017682015050857203,0.0001082099933947811,0.00033954678878000966,0.00023133679538522856,-0.010630089981016758,0.00011299881300264047,0.000392450566949476,-0.008096835293089145,6.5558741763172e-05,0.00015921863417356352,0.012086042587173416,0.00014607242541853083,0.00046697116521698945
1053,3.484411606158311e-05,1.7290132930836144e-05,0.00019095749702143414,0.000173667364090598,0.0016132248906674058,2.602494547754297e-06,8.608489319994472e-05,0.00499276233561723,2.492767574191479e-05,0.00018638545998328482,0.004933581711353054,2.4340228502839345e-05,0.00030040213788107284
1054,-3.0679580638444115,1.0,1.0,0.0,0.0,1.0,1.0,0.0,1.0,1.0,0.0,1.0,1.0
1055,8.795252147197896e-05,2.0342162300438876e-05,0.00025447398100394053,0.00023413181870350167,-0.006244706295123167,3.899635671256174e-05,0.00013553827985268718,0.000899847521644131,8.097255624894828e-07,0.00015357440632646213,-0.0046065610412131955,2.12204046262654e-05,0.00047430925683267233
1056,1.6683307261899927e-05,3.5110520608672147e-06,0.00011470074737303844,0.00011118969531217122,0.003078793295439518,9.478968155618439e-06,0.00012773421368428295,0.0007387526266672888,5.45755443726037e-07,8.339466290985253e-05,0.0007130445872664996,5.084325832571679e-07,0.00013297336552497985
1057,4.388574260649758e-05,2.866468423808518e-06,0.00019070167455196665,0.00018783520612815813,-0.0013056956441767423,1.7048411153908205e-06,0.0001815515925934763,0.002399271011003043,5.756501384568402e-06,0.0003194915313873281,-0.001066800248853003,1.1380627714663305e-06,7.106189967509557e-05
1058,7.879307960911852e-05,3.362859611581263e-05,0.00025603733830588854,0.00022240874219007592,0.001695991902807412,2.876388534245322e-06,0.0001955882247252072,0.005692323998956054,3.240255250946955e-05,0.0002779364558891384,0.008099805386803074,6.560684730372301e-05,0.00029458733430332007
1059,5.606658692591804e-05,2.239744681035531e-05,0.00011989284830982161,9.74954014994663e-05,0.004860712392239445,2.3626524960462802e-05,0.0001162047991203341,0.004342280231922254,1.8855397611483582e-05,0.00011712532751639859,-0.00497095743881105,2.4710417859119538e-05,0.00012634841829273213
1060,-2.6761478078894223,3.358042853233526e-05,0.00020310094143046373,0.00016952051289812847,0.005768959914660366,3.3280898496523825e-05,0.00019830213241534,-0.005805209917631355,3.370046218731382e-05,0.00020704483446742916,-0.0058103291570922476,3.375992491316815e-05,0.000203955857408622
1061,8.18214007012319e-05,3.579504354034313e-06,0.0001037381758455617,0.00010015867149152739,-0.000303664898719823,9.221237062817522e-08,0.00013040701819866385,-0.0032615431082423834,1.0637663446777523e-05,7.677461548305509e-05,9.293677842241022e-05,8.637244697240476e-09,0.00010403289385496617
1062,-2.8448387924323666,5.6010388019685685e-05,0.00027621070032091133,0.00022020031230122564,0.007484008820102291,5.6010388020388824e-05,0.0002762107003213554,0.007484008820102299,5.601038801772429e-05,0.00027621070031957906,-0.0074840088201022946,5.6010388020943935e-05,0.0002762107003217995
1063,6.164153731857969e-05,3.5242225128258774e-05,0.00010362663861866277,6.8384413490404e-05,-0.006474184744773954,4.1915068109688036e-05,0.00010304243228154153,0.004949486950523256,2.449742107313302e-05,0.00010461653043025709,0.006270102567099264,3.931418620195526e-05,0.00010322095314418966
1064,5.5427746638025965e-05,6.75102696834351e-06,0.0002824791935112092,0.0002757281665428657,-0.0009601498808038257,9.218877929928482e-07,0.0003439358161507755,-0.003921989073575236,1.5381998293206856e-05,0.00040050438286387546,-0.0019872581155895405,3.949194818830826e-06,0.00010299738151897664
1065,0.0003035527490109491,0.00014189051665247643,0.0003434567883752922,0.00020156627172281577,-0.009432382834781884,8.896984594219948e-05,0.0003323850802966488,0.017250264932648172,0.00029757164024646343,0.0005751959815647467,0.006255402766278556,3.9130063768766377e-05,0.00012278930326448112
1066,2.3439857313900525e-05,5.583280248577793e-06,0.0002535958654711716,0.0002480125852225938,-0.0038316264481439073,1.4681361238166879e-05,0.000270779150071343,0.0009022204015215498,8.140016531932304e-07,0.00029819721110579955,0.0011200347558762136,1.2544778543732704e-06,0.0001918112352363721
1067,0.00041621480051834414,0.0001872457415618515,0.0002592210200816532,7.19752785198017e-05,0.01889063601697815,0.00035685612912594866,0.00038475960526884734,-0.013693263645387244,0.00018750546926238343,0.0002881681162780758,-0.004168408125063741,1.7375626297222446e-05,0.00010473533869803653
1068,-3.0679580638444115,1.0,1.0,0.0,0.0,1.0,1.0,0.0,1.0,1.0,0.0,1.0,1.0
1069,3.420505749784919e-05,2.8140753920435913e-06,0.000156737931571412,0.0001539238561793684,0.00017758847112609973,3.153766503505295e-08,6.217731260604875e-05,-0.002045250062248401,4.183047816797014e-06,0.00013918706346938148,-0.0020561227332230297,4.227640694298707e-06,0.00026884941863880574
1070,4.962003289421535e-05,1.2713487473929122e-05,0.0002425611054491054,0.00022984761797517628,0.00579854479294313,3.362312171617532e-05,0.00010473891331397311,0.0009660746499758337,9.333002294331649e-07,0.0003318576223170222,0.0018931562208098951,3.5840404761788847e-06,0.0002910867807163209
1071,6.378697760944796e-05,2.0391367039129804e-05,0.00016804570637592628,0.00014765433933679647,0.0011320730504715043,1.281589390278448e-06,0.00019314793216063109,0.007083553641445668,5.017673219120944e-05,0.0002001972318166345,-0.0031170145229692837,9.715779535901525e-06,0.00011079195515051321
1072,-3.0679580638444115,1.0,1.0,0.0,0.0,1.0,1.0,0.0,1.0,1.0,0.0,1.0,1.0
1073,6.34207941194731e-05,3.0075761631498388e-05,0.00012211968502828796,9.204392339678957e-05,-0.006686215075805655,4.4705472040273975e-05,0.00017414202239529608,0.006629242597569937,4.394685741682114e-05,9.791329516706249e-05,0.001254972285330183,1.5749554374000496e-06,9.430373752250532e-05
1074,0.00020731978073840196,9.439965903708843e-05,0.0002530309753859446,0.0001586313163488562,0.008694019430588448,7.558597385948218e-05,0.00021699092266502795,-0.012170178124738763,0.00014811323558772127,0.0003115174309687996,-0.007713609250187768,5.949976766406184e-05,0.00023058457252400633
1075,7.867478388101645e-05,2.5416627023007916e-05,0.00023472788427721566,0.00020931125725420774,-0.003529937847751637,1.2460461209395923e-05,0.0002527346504997974,0.006212814626429218,3.859906558278947e-05,0.00021781328795211774,0.005018999330250592,2.5190354276838356e-05,0.00023363571437973185
1076,-3.049146851483812,4.8029865337769394e-05,0.00015893793348623989,0.00011090806814847048,0.006930358240244755,4.802986533847253e-05,0.000158937933486758,0.006930358240244755,4.802986533836151e-05,0.00015893793348653595,0.0069303582402447635,4.802986533647413e-05,0.00015893793348542573
1077,-3.0679580638444115,1.0,1.0,0.0,0.0,1.0,1.0,0.0,1.0,1.0,0.0,1.0,1.0
1078,0.00020586281965817577,2.071647267702185e-05,0.0002037650224897547,0.00018304854981273286,0.000695162205903155,4.832504927332337e-07,0.0001215355965508147,-0.005083131729941521,2.5838228184249523e-05,0.0001936022738895371,0.005985644439318927,3.5827939354082794e-05,0.0002961571970289123
1079,-3.0679580638444115,1.0,1.0,0.0,0.0,1.0,1.0,0.0,1.0,1.0,0.0,1.0,1.0
1080,0.00011680126944446645,2.320070857209089e-05,0.00020689817174324165,0.00018369746317115077,-0.005527886682020118,3.0557531168429186e-05,0.00023423120799592745,0.0009329893330286411,8.70469095359816e-07,0.0001742018887510577,-0.006178521299825724,3.8174125452483665e-05,0.00021226141848273983
1081,3.522499886721153e-05,9.51567499925717e-06,0.00018543972031329994,0.00017592404531404277,-0.0015709746474043393,2.4679613432887493e-06,0.00017892823137055647,-0.0037670319908271635,1.4190530020052883e-05,0.0001823364486261969,0.003447975294891745,1.1888533634429876e-05,0.00019505448094314648
1082,-3.0679580638444115,1.0,1.0,0.0,0.0,1.0,1.0,0.0,1.0,1.0,0.0,1.0,1.0
1083,-3.0679580638444115,1.0,1.0,0.0,0.0,1.0,1.0,0.0,1.0,1.0,0.0,1.0,1.0
1084,-2.853955422096016,3.3290260025668297e-06,0.00011504896422561324,0.0001117199382230464,0.00028770596145652607,8.277472074436076e-08,0.00010255041541051835,0.0001420391080805826,2.0175105697184392e-08,0.00010072215898992987,0.0031439033352482883,9.884128181258944e-06,0.00014187431827639152
1085,-2.8326165565490227,4.0932275821507304e-05,0.00012719681064639796,8.626453482489066e-05,0.007484994824280323,5.602514751990029e-05,0.00013066983029019763,0.007959951754264562,6.336083193059228e-05,0.00013721168947078421,-0.001846848129720676,3.410848014029355e-06,0.000113708912178212
1086,-2.7769229642793385,3.740817356963818e-05,0.00013232592333375,9.491774976411183e-05,0.006116222164740893,3.740817356945314e-05,0.000132325923333787,-0.006116222164740896,3.740817356900905e-05,0.00013232592333345394,-0.006116222164740891,3.740817357045234e-05,0.00013232592333400905
1087,0.00010105637562873859,4.4264955322429835e-05,0.00018639048922660292,0.0001421255339041731,-0.00834650045882114,6.966406990893681e-05,0.00021358549844263663,0.007870738856027201,6.194853014018786e-05,0.00025366252331837646,-0.0010873205222418686,1.1822659181648376e-06,9.192344591879564e-05
1088,0.00010000957886635575,3.003283044648401e-05,0.00042683264972209756,0.00039679981927561353,0.004670705549735861,2.1815490332977028e-05,0.00040560317787052824,0.005772389014514249,3.332047493487256e-05,0.0005150353742774394,0.005912911809923907,3.496252607160244e-05,0.00035985939701832503
1089,0.0001325057340064717,0.00010179039866953232,0.0002424911063931464,0.00014070070772361407,-0.008812670209831057,7.766315622748099e-05,0.00019782375354915338,-0.011246820441618099,0.00012649097004568954,0.000287648688525155,-0.010060669447683105,0.00010121706973542643,0.00024200087710513074
1090,5.3634844306871265e-05,2.1899018590731956e-05,0.00013191477237991153,0.00011001575378917958,0.005744134441680724,3.2995080484155004e-05,0.00014852618603933276,-0.0038998782406629157,1.5209050292175341e-05,0.0001156251659267804,-0.0041824544223156785,1.7492924995865522e-05,0.0001315929651736214
1091,-3.0679580638444115,1.0,1.0,0.0,0.0,1.0,1.0,0.0,1.0,1.0,0.0,1.0,1.0
1092,-3.0679580638444115,1.0,1.0,0.0,0.0,1.0,1.0,0.0,1.0,1.0,0.0,1.0,1.0
1093,-3.0679580638444115,1.0,1.0,0.0,0.0,1.0,1.0,0.0,1.0,1.0,0.0,1.0,1.0
1094,-3.0679580638444115,1.0,1.0,0.0,0.0,1.0,1.0,0.0,1.0,1.0,0.0,1.0,1.0
1095,0.00010689295055288373,3.1624824435453704e-05,0.00012611337307810722,9.448854864265352e-05,-0.004918872201694932,2.4195303736207485e-05,8.099163347186078e-05,-0.007105664248982668,5.049046441962801e-05,0.00012830127082030796,0.0044931842996289925,2.018870515052562e-05,0.0001690472149421529
1096,6.073836320175108e-05,5.026628043887834e-05,0.0003094980214466044,0.00025923174100772606,0.006323912780954859,3.999187286096717e-05,0.00030460890032002474,-0.007438977173784337,5.533838139193392e-05,0.0003020902017585314,-0.007447723616261165,5.546858706373392e-05,0.00032179496226125703
1097,-2.9955179340997757,1.848999387192111e-05,0.00011846391362476301,9.99739197528419e-05,-0.004299999287626686,1.848999387077388e-05,0.00011846391362391184,0.004299999287626685,1.8489993871662058e-05,0.00011846391362435593,-0.0042999992876266825,1.8489993873327393e-05,0.00011846391362602127
1098,-3.0679580638444115,1.0,1.0,0.0,0.0,1.0,1.0,0.0,1.0,1.0,0.0,1.0,1.0
1099,1.0138470049825266e-05,4.672694091286307e-06,0.00011835140368839554,0.00011367870959710924,-0.0028676335479402276,8.223322165434865e-06,0.00010218538139439293,0.0010474852078119635,1.0972252607599486e-06,0.00012745000566694031,-0.0021673797192329,4.697534847664109e-06,0.0001254188240038534
1100,0.00024619065483166835,0.00011068212656654512,0.00018738759568204255,7.670546911549743e-05,-0.0074906553179408045,5.6109917092261874e-05,0.00011349371301783151,0.0085134063833005,7.247808824684121e-05,0.0001288421820286878,-0.014263883565171664,0.00020345837436053227,0.00031982689199960834
1101,0.00021569444823699158,5.742872934758984e-05,0.0003410790488929856,0.00028365031954539577,0.0020751282899000097,4.306157419753376e-06,0.0004339166870701572,-0.009213595764795782,8.489034691705477e-05,0.00038794454059010164,0.009115354283064332,8.308968370596137e-05,0.0002013759190186981
1102,3.785479420559401e-05,1.8833068012202858e-05,0.000203216980280548,0.00018438391226834513,0.0030514472125449826,9.31133009107743e-06,0.0003739775434011827,-0.0033735714166917294,1.1380984103581682e-05,0.00011573693836375298,-0.005983885848010432,3.580688984194946e-05,0.00011993645907670825
1103,-3.0679580638444115,1.0,1.0,0.0,0.0,1.0,1.0,0.0,1.0,1.0,0.0,1.0,1.0
1104,2.7008344103296444e-05,6.7687408511855436e-06,0.0002512456386279209,0.0002444768977767353,-0.003376872263162462,1.140326628168431e-05,0.00022040081058527505,8.085894210734663e-05,6.538169450287512e-09,0.0003070614706294217,0.002982686390129702,8.896418102422032e-06,0.00022627463466906583
1105,0.00010066989834245366,3.510842406562187e-05,0.00041378649016143854,0.00037867806609581667,-0.009944248028893871,9.8888068860159e-05,0.00027654141603938864,-0.001909902129055157,3.6477261423639717e-06,0.00043707820541682985,-0.0016701728036943957,2.7894771943426377e-06,0.0005277398490280971
1106,0.0001555847105857433,2.433514239948605e-05,0.00019992585720951528,0.00017559071481002922,-0.00762402009726453,5.812568244334404e-05,0.0002574293724924015,0.0033231804686322543,1.1043528427179261e-05,0.0001863162564451626,-0.0019586261326843065,3.836216327934849e-06,0.00015603194269098175
1107,-2.520545333180041,1.4008955705469006e-06,0.00012330122130355115,0.00012190032573300424,0.0007905963249088514,6.250425490517131e-07,0.0001225124810954048,0.0011274695711215486,1.2711876334892125e-06,0.00012571520471815756,0.0015187022517723211,2.3064565290997763e-06,0.00012167597809709108
1108,4.389647092672977e-05,1.3958273200461354e-05,0.00020968486504339504,0.00019572659184293367,-0.0021373848672466326,4.568414070593718e-06,0.00018368213111674692,0.004044558532250912,1.6358453720832777e-05,0.0001603936268034234,0.004576893248683229,2.0947951809957566e-05,0.0002849788372100148
1109,7.811534321522373e-05,3.5722937558676136e-05,0.00022480638771863828,0.00018908345015996214,-0.008385228144447983,7.031205103458227e-05,0.0002554056675196925,-0.0019471226059387598,3.7912864427891435e-06,0.0001524694916186231,0.00575025870708685,3.306547519865699e-05,0.00026654400401759926
1110,8.551282759061696e-05,1.0961421451886425e-05,0.00019785410453398988,0.00018689268308210347,-0.003900741660586537,1.5215785501898615e-05,0.0003468327972176999,0.003670680271652578,1.3473893656357205e-05,6.601997902133672e-05,0.002048068650641776,4.194585197403455e-06,0.00018070953736293305
1111,-3.0679580638444115,1.0,1.0,0.0,0.0,1.0,1.0,0.0,1.0,1.0,0.0,1.0,1.0
1112,0.0007954486210786094,0.0004415729224214182,0.0010151937518415217,0.0005736208294201035,0.025097725423519693,0.0006298958214342454,0.0010620924523992992,-0.021013750466303688,0.0004415777086602679,0.0011962948009837104,-0.015913680817767235,0.00025324523716974134,0.0007871940021415558
1113,0.0006852089891145052,0.0002909598123355857,0.0004822985713978471,0.0001913387590622614,0.021952766267190487,0.0004819239467818148,0.0006853353173624788,-0.004054049992312503,1.643532134043557e-05,0.00014784651942523208,0.01935252357922327,0.0003745201688845068,0.0006137138774058304
1114,7.994481917139584e-05,1.6677563793088268e-05,0.00014332843944013055,0.00012665087564704228,0.006460888854024578,4.174308478455124e-05,0.0001771551904030666,0.0007977854408578042,6.364616098597509e-07,0.00011163035336303473,-0.002766431814557781,7.65314498485381e-06,0.00014119977455429034
1115,0.00030669176450859315,0.00011436639756630858,0.00044519076306318944,0.0003308243654968809,-0.015402710703478902,0.00023724349701514935,0.0005500169519586651,0.0041144074138912655,1.692834836719559e-05,0.0004977354574636772,0.009430129761372856,8.892734731658081e-05,0.000287819879767226
1116,9.107017027587538e-05,2.9340482026444608e-05,0.00027824008167731673,0.0002488995996508721,-0.009258436927826841,8.571865434670034e-05,0.0006566712995398349,-0.00016139597809193857,2.6048661783129035e-08,9.720789132861007e-05,0.0015088880248410046,2.276743070850351e-06,8.084105416350518e-05
1117,0.00018693039297590364,0.00010581465921921662,0.0004176579374341645,0.0003118432782149479,-0.013273354269417106,0.0001761819335621695,0.00046050985800960564,0.01112958800740723,0.00012386772921479938,0.0002385059957836777,0.0041706492157363665,1.7394314880680994e-05,0.0005539579585092103
1118,-3.0679580638444115,1.0,1.0,0.0,0.0,1.0,1.0,0.0,1.0,1.0,0.0,1.0,1.0
1119,3.4194272636289824e-05,1.1154869019776767e-05,0.00024491772088882274,0.00023376285186904597,0.00170232454322777,2.8979088501079886e-06,0.00035124768902672354,-0.0055286813290824285,3.056631723874492e-05,0.0001420597028564119,1.9518459902226672e-05,3.8097047738716583e-10,0.00024144577078333285
1120,8.796087553664123e-06,3.8098681972946005e-06,0.00013991300742318322,0.00013610313922588862,0.0011616137965958563,1.3493466121117237e-06,7.706952280939205e-05,0.0020162740805731716,4.065361168148485e-06,0.00010366570361464156,0.0024525286565729677,6.0148968116235935e-06,0.000239003795845516
1121,4.4744392980078374e-05,1.932678583527192e-05,0.00017547723667891516,0.00015615045084364324,0.00664961960434245,4.421744088223267e-05,0.00016230342090894911,0.003467960468586706,1.2026749811711035e-05,0.00015305834558831943,-0.0013176368284767263,1.736166811872053e-06,0.00021106994353947695
1122,8.911258932187138e-05,3.71822074196985e-05,0.00011552821199585968,7.834600457616117e-05,0.005600940958834393,3.1370539623654103e-05,0.00010000026021916852,0.0070643371060250615,4.990485874833972e-05,0.00010882905309483881,0.0055019291059291205,3.0271223887101684e-05,0.0001377553226735717
1123,0.00011984679480780969,7.824174664505801e-05,0.0002482979529503752,0.0001700562063053172,-0.010083924108081718,0.00010168552541756082,0.00030701576596758873,0.008266412614892409,6.833357751967473e-05,0.00015782274061071355,-0.008044012493631684,6.470613699793848e-05,0.0002800553522728233
1124,-3.0679580638444115,1.0,1.0,0.0,0.0,1.0,1.0,0.0,1.0,1.0,0.0,1.0,1.0
1125,0.00010271217346247141,2.848515105546845e-05,0.00012138858684148286,9.290343578601441e-05,0.006968784653389201,4.856395954544457e-05,0.00012971619981549942,-0.0033869532984345885,1.1471452644795654e-05,0.00011608246102168263,0.0050418291299810306,2.5420040976165126e-05,0.00011836709968726655
1126,-3.060315693214293,3.5801422805311255e-05,0.00012493935466928452,8.913793186397326e-05,0.005983429017302248,3.580142280590337e-05,0.00012493935466995065,-0.005983429017302257,3.5801422803682925e-05,0.0001249393546677302,0.005983429017302244,3.580142280634746e-05,0.0001249393546701727
1127,0.00019289580492132252,1.536493749558036e-05,0.00014776390187239605,0.0001323989643768157,-0.00291113624045433,8.474714210948697e-06,0.0001236904050894161,-0.0061237033898374526,3.74997432067703e-05,0.0001441693428960722,-0.00034692228113656785,1.2035506902208226e-07,0.00017543195763169983
1128,3.848159280783747e-05,1.0162768616280479e-05,0.00012819206552483475,0.00011802929690855428,0.0008769294239521447,7.69005214840135e-07,0.00029204501105872804,-0.000505343610686857,2.553721649700691e-07,3.704051928354879e-05,0.0054280685762931645,2.946392846903123e-05,5.5490666232227426e-05
1129,0.00015391933682395997,8.300324470933429e-05,0.00018611480895591725,0.00010311156424658297,0.008569071588918863,7.342898789597374e-05,0.00012572442137037676,-0.00914295154519742,8.359356295795095e-05,0.00015475757799299217,0.009590994905324708,9.198718327407818e-05,0.00027786242750438284
1130,0.00019990521320756294,6.943603808684529e-05,0.00029406789093503843,0.00022463185284819315,-0.007918709941687347,6.270596714041954e-05,0.00016057844457950665,-0.007850996348138314,6.163814365856002e-05,0.00015455520143881074,0.009163187407294493,8.39640034615563e-05,0.0005670700267867979
1131,8.811579414447213e-05,4.195302408105395e-05,0.00032926329228695944,0.0002873102682059055,-0.001133132672403278,1.283989652933748e-06,0.00022571124536530096,0.008557084096024414,7.322368822659797e-05,0.0005004189062209896,-0.007165988721961862,5.135139436363012e-05,0.0002616597252745878
1132,0.0018370365488460383,0.00026873706588548263,0.0014510941514832936,0.001182357085597811,0.01953770933340539,0.0003817220859971826,0.001958722169567606,0.02027894949577023,0.00041123579265189836,0.0020079437637927633,0.003640510816843159,1.3253319007366926e-05,0.00038661652108951117
1133,5.111370591259767e-05,3.7207650253649284e-05,0.0001837616874637756,0.00014655403721012633,0.006946705811111558,4.825672162622752e-05,0.00011185825481341283,-0.005793263940718883,3.356190708603268e-05,0.00022072174115650434,-0.0054593334802428084,2.980432204868766e-05,0.00021870506642140963
1134,0.00010878255231128175,6.63591552462206e-05,0.0002645721542489099,0.0001982129990026893,-0.006024356194700842,3.629286756057226e-05,0.00015280165552311598,0.010043178710090913,0.00010086543860277075,0.0003883019796780962,0.007868872827464788,6.19191595753188e-05,0.0002526128275455175
1135,1.2247329382875094e-05,2.678913336384703e-06,0.00022544791446055257,0.00022276900112416786,-0.0008171516880776124,6.677368811214279e-07,0.00010963696220367414,0.0009058194969434102,8.205089612189909e-07,0.00028942996821645917,0.0025590025726879976,6.54849416681369e-06,0.0002772768129615244
1136,5.037893618009548e-05,7.4271694589696695e-06,0.00018895761227599728,0.0001815304428170276,0.0028827695535666043,8.310360298802166e-06,0.0002520821280577179,0.0031451833056818142,9.892178026271736e-06,0.00025817612586798155,-0.0020196460213507423,4.078970051835107e-06,5.6614582902292376e-05
1137,0.00017822955532120766,6.562654466198599e-05,0.00029044723178228704,0.00022482068712030107,0.008447099001258595,7.135348153664012e-05,0.0005294143095644355,0.011111379086600277,0.00012346274520602663,0.0002475472819505331,-0.0014364564884695996,2.0634072432912376e-06,9.438010383189255e-05
1138,3.6737265412201126e-05,7.28815985277335e-06,0.0001737545092093118,0.00016646634935653845,0.002842736360780486,8.081150016936434e-06,0.00012477994269755044,-0.0037029846561378427,1.3712095363938026e-05,0.0002324534761597441,0.000266897316268179,7.123417744558935e-08,0.00016403010877064084
1139,3.6784069970430266e-05,1.3808918215896249e-05,0.0003884508391633161,0.0003746419209474198,0.005901285716829797,3.482517311170774e-05,0.00028927214237206567,-0.0025503083525044174,6.504072692870011e-06,0.0004748648859428384,0.00031226405976350684,9.750884311099384e-08,0.0004012154891750441
1140,0.00012653961933839497,2.9022732873788353e-05,0.0003332758230639721,0.0003042530901901837,-0.0016295863978552118,2.6555518279902657e-06,0.00014552470480599933,0.0014914282371279429,2.224358186309061e-06,0.00026032520357788247,0.009065775675981677,8.218828860706573e-05,0.0005939775608080344
1141,6.180097925234662e-05,3.5741048357388706e-05,0.00032250451564730387,0.00028676346728991514,0.0005559003544017866,3.090252045367947e-07,0.00022550199250315206,-0.006953165275922012,4.8346507354302126e-05,0.000319892104897912,-0.007652947962286183,5.8567612513327205e-05,0.00042211944954084757
1142,0.0014262963590878641,0.000224891120464088,0.0007914830645258109,0.0005665919440617229,-0.018964604664426274,0.0003596562300781647,0.0004896386282232656,0.013866572434730128,0.00019228183108732644,0.0007032728894906803,-0.011078596491740932,0.00012273530022677281,0.0011815376758634866
1143,8.994797341832506e-05,4.200384652652822e-05,0.0002114907359629381,0.00016948688943640988,0.008431921523893148,7.109730058529884e-05,0.00018337672154977724,-0.006170723800569896,3.80778322227604e-05,0.00014536592024760875,0.004103219074275532,1.6836406771525425e-05,0.0003057295660914283
1144,2.8056139589782703e-05,1.0592580427607837e-05,0.00032335829090720153,0.0003127657104795937,0.0026450645603582346,6.996366528566611e-06,0.0003339336784018432,-0.002526597289587509,6.383693863631912e-06,0.00032449391679101325,0.0042892517867903135,1.839768089062499e-05,0.0003116472775287482
1145,0.00011419835490844576,2.7320245056213405e-05,0.0002081414206109855,0.0001808211755547721,0.0006606564162115094,4.3646689984466747e-07,0.00033710114819607284,0.00689781472118248,4.75798479275813e-05,9.452912426632931e-05,-0.005826184029108682,3.3944420341214254e-05,0.00019279398937055436
1146,0.00010774554692882798,5.631358098738085e-05,0.00025400968451316785,0.000197696103525787,-0.009893401065532974,9.78793846437842e-05,0.0003670674159614862,0.001046549475639452,1.0952658053842157e-06,0.00011060117405625736,-0.00836457365995936,6.996609251297414e-05,0.00028436046352176003
1147,0.0002136706757672746,6.69043601301637e-05,0.0002883497972319497,0.000221445437101786,0.010416136475808309,0.00010849589908268342,0.0003867661704465286,0.0054159163521724065,2.933214993339206e-05,0.00028598724400064057,-0.007930008283373589,6.288503137441559e-05,0.00019229597724867986
1148,-3.0679580638444115,1.0,1.0,0.0,0.0,1.0,1.0,0.0,1.0,1.0,0.0,1.0,1.0
1149,2.92381651326723e-05,9.092667232812879e-06,7.456790809542053e-05,6.547524086260766e-05,0.0009329974474104391,8.704842364704035e-07,3.5998875722476065e-05,0.001456178742110681,2.1204565294752342e-06,6.026388514890346e-05,-0.004928190431824968,2.4287060932493e-05,0.0001274409634148821
1150,3.143277291928204e-05,1.697806087578672e-05,0.00013008201318050658,0.00011310395230471985,0.00402526531566634,1.620276086111705e-05,0.00016966312324673272,0.00523391085617359,2.7393822850774185e-05,0.0001623778307835444,0.00270880027232456,7.337598915468924e-06,5.8205085511242594e-05
1151,0.0003189068858362454,4.1755390021121684e-05,9.979492425538083e-05,5.803953423425915e-05,0.007189137409338064,5.168369669050765e-05,0.00015498177602979446,-0.007543076639638101,5.6898005191707846e-05,8.664086352061506e-05,-0.00408466255416039,1.6684468181149548e-05,5.776213321573298e-05
1152,4.062559892625828e-05,1.1299331512041691e-05,0.0001322240120432694,0.0001209246805312277,-0.003027617129925246,9.166465485654918e-06,0.00013856541196166638,0.0046448228023655645,2.157437886562974e-05,0.00016238678393831751,-0.001776837129407838,3.157150184840418e-06,9.571984022982427e-05
1153,0.001059080777911947,0.0002262692462353296,0.0011308747220968678,0.0009046054758615382,-0.01583788714083786,0.00025083866908626185,0.0008561422142523423,0.002058039725890026,4.235527513496429e-06,0.001008953999923401,0.020584789095504208,0.0004237335421062305,0.00152752795211486
1154,-3.0679580638444115,1.0,1.0,0.0,0.0,1.0,1.0,0.0,1.0,1.0,0.0,1.0,1.0
1155,2.431693220772413e-05,5.307715651325928e-06,0.0001556859965580563,0.00015037828090673036,-0.0007391046758085344,5.462757215468628e-07,0.00011955835749499766,-0.0039211027334164275,1.5375046646060042e-05,0.00020499579875388196,4.2715176783564885e-05,1.8245863708798993e-09,0.00014250383342528927
1156,-3.0679580638444115,1.0,1.0,0.0,0.0,1.0,1.0,0.0,1.0,1.0,0.0,1.0,1.0
1157,5.5604920810581326e-05,3.910463896694694e-06,0.00017875664269454786,0.00017484617879785316,-0.0025400714573812332,6.451963008524686e-06,0.00015956700693353643,0.0009547657286445875,9.115775962964534e-07,0.00020208635829088717,-0.0020899404499773594,4.3678510852629415e-06,0.00017461656285922
1158,-3.0679580638444115,1.0,1.0,0.0,0.0,1.0,1.0,0.0,1.0,1.0,0.0,1.0,1.0
1159,-3.0679580638444115,1.0,1.0,0.0,0.0,1.0,1.0,0.0,1.0,1.0,0.0,1.0,1.0
1160,1.7870088013904883e-05,2.2313089995303534e-06,7.0550031259257e-05,6.831872225972666e-05,-0.0009338589882057147,8.720926097938175e-07,7.966793800751049e-05,-0.002366988164701132,5.602632972112609e-06,4.987539862266743e-05,-0.00046818950963555786,2.1920141668463344e-07,8.210675714759308e-05
1161,-2.851122970044775,4.1612245597436964e-07,0.00012163378536445002,0.00012121766290847565,-0.0006450755432953001,4.161224563814514e-07,0.00012163378536500513,-0.0006450755432953004,4.16122455493273e-07,0.00012163378536456104,0.0006450755432953005,4.161224560483845e-07,0.00012163378536378389
1162,0.00010245086457705277,1.510171570680748e-05,8.306409587732766e-05,6.796238017052018e-05,0.004515394581345352,2.0388788225522703e-05,6.14992523209068e-05,0.0037310267786982176,1.3920560823277306e-05,6.319571576907101e-05,-0.0033159912652793258,1.0995798071622431e-05,0.00012449731954200516
1163,-3.0679580638444115,1.0,1.0,0.0,0.0,1.0,1.0,0.0,1.0,1.0,0.0,1.0,1.0
1164,-3.0679580638444115,1.0,1.0,0.0,0.0,1.0,1.0,0.0,1.0,1.0,0.0,1.0,1.0
1165,-3.0679580638444115,1.0,1.0,0.0,0.0,1.0,1.0,0.0,1.0,1.0,0.0,1.0,1.0
1166,-2.8854425364328953,9.394260430006796e-06,0.00012558730070366675,0.00011619304027365995,-0.003065005779703929,9.394260429451684e-06,0.00012558730070311164,-0.003065005779703931,9.394260429895773e-06,0.0001255873007034447,-0.0030650057797039277,9.39426043067293e-06,0.0001255873007044439
1167,-2.855285636290224,6.991520483223823e-06,0.00012272523135625768,0.00011573371087303386,0.0026441483472850343,6.99152048500018e-06,0.00012272523135714586,0.0026441483472850395,6.991520482668712e-06,0.00012272523135570257,-0.002644148347285037,6.991520482002578e-06,0.0001227252313559246
1168,2.4158654152839354e-05,1.8421675031706404e-06,0.00016739398503440306,0.0001655518175312324,-0.0008637167582353905,7.460066383524477e-07,0.0001557013626091175,0.001930805838164956,3.728011184866986e-06,0.00014803728067158684,-0.001025906763009064,1.0524846862924875e-06,0.00019844331182250485
1169,4.42995576895866e-05,8.736998327559439e-06,0.00017707243554624755,0.0001683354372186881,0.002132312764344729,4.546757725099049e-06,0.00016084619171419234,-0.004299087027332257,1.848214926836178e-05,0.00017147020615793096,0.0017838407969725976,3.182087989217486e-06,0.00019890090876661937
1170,-3.0679580638444115,1.0,1.0,0.0,0.0,1.0,1.0,0.0,1.0,1.0,0.0,1.0,1.0
1171,0.0009869353775369127,0.0004047574427184693,0.0007910372166202162,0.0003862797739017469,-0.012604104245764245,0.00015886344383797546,0.0006810654465425614,0.027126933467794507,0.0007358705193662995,0.0009878886429868228,-0.017875636071235157,0.00031953836495113297,0.0007041575603312644
1172,-3.0679580638444115,1.0,1.0,0.0,0.0,1.0,1.0,0.0,1.0,1.0,0.0,1.0,1.0
1173,9.902640137193774e-05,6.754882096734101e-05,0.00017958840280692576,0.00011203958183958475,-0.00864591473526547,7.475184160954385e-05,0.00018885065611407015,-0.0077060192427338215,5.9382732569557284e-05,0.00019426360776531038,0.008277190871467029,6.851188872292191e-05,0.00015565094454139672
1174,4.2511579559811885e-05,1.884805626532297e-05,0.0002404293501451956,0.00022158129387987263,0.0037743090107596653,1.4245408508806179e-05,8.149542589919179e-05,0.006199492205727044,3.8433703609119796e-05,0.0002067411103501282,0.0019659747399071933,3.865056678042933e-06,0.00043305151418626675
1175,0.0010186388073343267,0.0005467827794123729,0.0034307450796542773,0.0028839623002419046,0.018101056898229512,0.000327648260832758,0.0018765142867437357,0.02419256026493325,0.0005852799721720592,0.003956410263891708,0.026970726820618976,0.0007274201052323015,0.004459310688327389
1176,0.0002891059994508671,7.048015421011004e-05,0.00042073209407552287,0.0003502519398654128,-0.0012581161418110378,1.582856226312046e-06,0.00040062064097290406,-0.00401644190211103,1.61318055530435e-05,0.00023750895932184157,-0.013918541620853065,0.00019372580085097457,0.000624066681931823
1177,8.238107485836199e-05,2.2663144082316993e-05,0.00018285926595666227,0.0001601961218743453,-0.002282711183641804,5.210770347541249e-06,0.00010316802719889662,0.003621890533364842,1.311809103554662e-05,0.0001304497096645818,-0.007047025674981391,4.966057086386311e-05,0.0003149600610065084
1178,0.0001097624417182308,8.507209549960907e-06,0.00028143927112226724,0.0002729320615723063,0.0034658964668827967,1.201243831860932e-05,0.00029728105238913116,-0.0032578451312978004,1.0613554899507882e-05,0.00028652853915911436,-0.0017016566726536675,2.8956354317655197e-06,0.00026050822181855615
1179,9.623696297811346e-05,2.4888257437960526e-05,0.0001901358838107455,0.00016524762637278498,0.006683236482556977,4.466564988159227e-05,0.0001584562837481096,-0.005477144063334227,2.9999107091449595e-05,0.0001879369730963809,-3.916703856520642e-06,1.5340839709665488e-11,0.00022401439458774597
1180,9.823815284237813e-05,6.725862193927383e-05,0.0002714207314320853,0.00020416210949281144,-0.007471231742217465,5.581930374554123e-05,0.0002965897567254183,-0.009890463260328875,9.782126350421638e-05,0.0002903771596971527,0.006937960692262415,4.813529856806387e-05,0.00022729527787368475
1181,-3.0679580638444115,1.0,1.0,0.0,0.0,1.0,1.0,0.0,1.0,1.0,0.0,1.0,1.0
1182,0.00014950062571617018,4.7638673165040224e-05,0.0001435072855293651,9.586861236432487e-05,-0.009460375619407158,8.94987068603692e-05,0.00025720109795934754,0.006803968720524323,4.62939903497217e-05,0.0001392504249869697,0.0026689552796868403,7.123322285029765e-06,3.407033364177803e-05
1183,-3.0679580638444115,1.0,1.0,0.0,0.0,1.0,1.0,0.0,1.0,1.0,0.0,1.0,1.0
1184,9.80475821052984e-05,1.4094541433196106e-05,0.00035115297924533567,0.00033705843781213957,-0.002002665621815954,4.010669592990901e-06,0.0003864734145359039,0.0015990977276383058,2.5571135423563263e-06,0.00022030679342233128,-0.005976273183561201,3.571584116424109e-05,0.0004466787297777719
1185,-3.0679580638444115,1.0,1.0,0.0,0.0,1.0,1.0,0.0,1.0,1.0,0.0,1.0,1.0
1186,0.0014171223818563172,0.0003081849396960508,0.0005351230185412318,0.00022693807884518097,0.020491338146794196,0.0004198949390461504,0.0008130820010023854,-0.007079199805230898,5.0115069882505914e-05,0.00026144251941617735,0.02132005652337415,0.0004545448101594962,0.0005308445352051328
1187,0.0003076570790371269,0.0002154409929282878,0.0006757391917181869,0.0004602981987898991,-0.015970357493588678,0.00025505231847344767,0.0007041010790166391,0.013097522519458216,0.0001715450961478071,0.0006270210743656301,-0.014823142857171944,0.00021972556416360867,0.0006960954217722914
1188,-2.9115924470795425,8.463954542422177e-07,0.0001226054298126833,0.00012175903435844108,0.001446879942011175,2.0934615677647983e-06,0.00011882572363508537,-0.0006170275357903675,3.8072297969815594e-07,0.00012463440107091106,0.00025495453575042807,6.500181526369886e-08,0.00012435616473205346
1189,0.0008525145698248249,0.00029341538221483443,0.0019945152988376513,0.001701099916622817,0.013310845679270702,0.00017717861269761492,0.0016835415589238067,0.024277934582783336,0.0005894181076057103,0.0008779240660544696,-0.010660648495346833,0.00011364942634117803,0.0034220802715346776
1190,0.0001128978001698755,8.175820655006069e-06,0.00016719876886410004,0.00015902294820909396,0.0034765133998790987,1.2086145419143435e-05,0.0003417678565076354,-0.0034638240684414564,1.1998077176889055e-05,0.00012332385196534013,-0.0006657622466401246,4.4323936898571503e-07,3.6504598119324605e-05
1191,0.0004503432313582856,0.0001199283186696191,0.0001864147025123127,6.64863838426936e-05,0.016524303222699314,0.00027305259699550444,0.00030408528147141123,-0.005217321944704259,2.72204482746341e-05,0.0001275702146005253,-0.007714396330167907,5.9511910738718754e-05,0.00012758861146500156
1192,0.00021814804644026964,5.9842095140205664e-05,0.00015744933891304047,9.76072437728348e-05,0.006481029187602812,4.200373933060941e-05,8.882055249181953e-05,-0.009214510794324022,8.490720917886385e-05,0.00026955230270098163,0.007253643009626366,5.261533691114373e-05,0.00011397516154632026
1193,4.763722304090834e-05,3.894598870683256e-05,0.00030489234515418406,0.0002659463564473515,0.00623710720774712,3.890150632068767e-05,0.0003140400665576637,0.005944937875264228,3.534228634149983e-05,0.0002729414897199023,-0.006526421182924564,4.259417345831018e-05,0.0003276954791849862
1194,5.404164193600902e-05,3.493076869724258e-05,0.00025678581871320844,0.00022185505001596587,0.005302734657284616,2.8118994845116596e-05,0.00022147542446171453,0.0051664428296886965,2.6692131512406903e-05,0.00019520938442152413,0.007069736892846452,4.998117973420424e-05,0.0003536726472563867
1195,0.00015545596230936987,9.060806622348168e-05,0.00027914667769968204,0.00018853861147620038,0.0004954851374813185,2.455055211347812e-07,0.0002430234900706596,0.011284623880520971,0.0001273427361246915,0.00026499527745960094,0.012009827518522979,0.00014423595702461878,0.0003294212655687856
1196,9.668592219069794e-05,2.9994330548399617e-05,0.00022349571101265564,0.00019350138046425602,-0.0034734691118115456,1.2064987671145389e-05,0.0001801211250458401,0.0084326824742618,7.111013371174923e-05,0.00010938853119635272,0.0026091895796404845,6.8078702623042275e-06,0.0003809774767957741
1197,8.612281093212104e-05,4.836544816048486e-05,0.0002513128174843245,0.00020294736932383964,0.00848674573485686,7.202485316804008e-05,0.0003465739921124644,0.008460847449289677,7.158593955980397e-05,0.0001226666958672462,-0.0012188321267469313,1.4855517536105367e-06,0.0002846977644732629
1198,3.721599377415341e-05,2.9685702418939346e-05,0.00030711165847567096,0.0002774259560567316,0.005797907942072865,3.361573650473293e-05,0.0003358681788190321,0.006075072351433928,3.690650407495166e-05,0.0002769806851651291,-0.004305213894462968,1.8534866677133444e-05,0.00030848611144285165
1199,2.8872443518679347e-05,2.0212108384802068e-05,0.0001549341619662877,0.00013472205358148565,0.005100247410442035,2.6012523647978014e-05,0.00020429092390072956,-0.005360455815772443,2.873448655249522e-05,0.00018125990526740576,0.002426791081678247,5.889314953932967e-06,7.925165673072776e-05
1200,0.0002321803786963228,0.00011364445120909394,0.00023371491075848314,0.00012007045954938919,-0.01243275059843439,0.00015457328744272747,0.00029707072917117827,0.009848740464275755,9.69976887328361e-05,0.00021630902325486812,0.009453167588263168,8.936237745171827e-05,0.000187764979849403
1201,-3.0679580638444115,1.0,1.0,0.0,0.0,1.0,1.0,0.0,1.0,1.0,0.0,1.0,1.0
1202,0.00010535021592039673,2.8413250194647688e-05,0.00015808590579335924,0.00012967265559871155,0.0062488844215096385,3.9048556513821e-05,0.00016876511132424277,0.0019466401991684232,3.7894080650024975e-06,0.00019668211355072795,0.00651166537873996,4.240178600511957e-05,0.00010881049250510699
1203,9.14174435749926e-05,4.096119000270478e-05,0.00016900397847552373,0.00012804278847281894,0.004880533681734264,2.3819609018760346e-05,0.00015490246397054097,0.0076970710362585185,5.924490253739201e-05,9.19942657882089e-05,0.0063102344213158065,3.9819058451961986e-05,0.0002601152056678213
1204,0.0001247416503452614,5.595190135102938e-05,0.00021348808060598726,0.0001575361792549579,-0.0037550045302905117,1.4100059022026379e-05,0.00020342740873258158,-0.005972672216548531,3.567281340610684e-05,0.0002343390814478763,-0.010866592456957909,0.00011808283162495492,0.00020269775163750392
1205,5.1515749546093836e-05,1.621928116872044e-05,0.00011003064405479268,9.381136288607224e-05,-0.0019724992845862677,3.8907534276599876e-06,4.532520010613883e-05,0.002541571210972778,6.459584220741554e-06,0.00014256693621805816,0.006189305765395417,3.830750585775977e-05,0.00014219979584018105
1206,0.0023173806290748278,0.0012416354943731351,0.0032679579608229092,0.0020263224664497743,0.024622209572841346,0.0006062532042490076,0.0009343647553772261,0.035259844629021035,0.0012432566432627468,0.0027830365234977616,0.04330584990053383,0.0018753966356076512,0.00608647260359374
1207,9.197211800537897e-05,2.3483970859827785e-05,9.100177219216003e-05,6.751780133233225e-05,-0.004911236797257202,2.412024687858949e-05,9.494947498334128e-05,-0.0005014978836731814,2.5150012716856907e-07,4.4465960132078486e-05,0.006788237295059673,4.6080165573725296e-05,0.00013358988146106032
1208,0.0005573861056245022,0.0003033887484851598,0.0006299708380169688,0.00032658208953180906,-0.016896118995660774,0.00028547883711571576,0.0005894889618294208,0.01895862671914499,0.0003594295270757941,0.0005962174572760048,-0.01628673943010328,0.00026525788126396943,0.0007042060949454809
1209,2.131496317259174e-05,5.846540066449061e-06,0.00014811240616570873,0.00014226586609925967,0.0009264827881776437,8.583703564601919e-07,0.000150879293690509,0.002565708681583827,6.582861039383658e-06,0.00011391912013480887,0.003177796218071781,1.0098388803503333e-05,0.00017953880467180827
1210,-2.9584869709173,1.0050295722837296e-05,0.000126250535693447,0.0001162002399706097,-0.0031702201378086526,1.0050295722541236e-05,0.00012625053569292888,0.003170220137808651,1.0050295722874303e-05,0.00012625053569292888,0.0031702201378086513,1.0050295723096347e-05,0.0001262505356944832
1211,2.682758826200171e-06,1.827985730969613e-06,0.00017483723873013002,0.0001730092529991604,0.0016358807403093689,2.676105796739492e-06,0.0001779244337866137,-0.0009513496855929244,9.050662249654451e-07,0.0001822269340775451,-0.0013794147933953332,1.9027851712039023e-06,0.00016436034832623125
1212,0.0006118709012545853,0.0002568803302260836,0.0006166551014696505,0.00035977477124356694,0.010839165701709797,0.00011748751310924899,0.0002898730034227581,0.02037331616558499,0.0004150720115828621,0.0009087296048142512,0.015429888722413392,0.00023808146598613966,0.0006513626961719421
1213,0.00023225105560675807,8.758177615379263e-05,0.0004385453721172568,0.00035096359596346416,0.005727584674156862,3.280522619952819e-05,0.00028397851626638104,-0.014537398439366864,0.00021133595338485023,0.0009225274695721097,-0.0043132527026330135,1.860414887699946e-05,0.00010913013051327969
1214,3.1591052573665124e-05,1.2911416548207674e-05,0.00018124001344984228,0.0001683285969016346,0.004887719832094607,2.3889805156773747e-05,0.0001568738099246847,-0.002836709248431484,8.04691936073798e-06,0.00019570449916272992,0.002607206383639479,6.797525127111292e-06,0.0001911417312621122
1215,0.00031255595982182527,0.00011398138399384046,0.0004034017072034694,0.00028942032320962896,-0.007992408645522883,6.387859595724521e-05,0.0003294626563565828,0.009345387918207375,8.733627534196486e-05,0.0004304226213098783,0.013810477206899574,0.00019072928068231132,0.0004503198439439471
1216,0.00042010636375189314,0.00011578960172712686,0.0007068546759618025,0.0005910650742346757,0.01779877427356739,0.0003167963656414141,0.0011241565922833763,-0.0037829213964947566,1.4310494292346654e-05,0.00046997926234171317,0.004032610227579691,1.6261945247619813e-05,0.0005264281732603182
1217,1.6936886796048434e-05,8.507684684966321e-06,0.00011504279181288417,0.00010653510712791785,-0.001081699654029804,1.1700741409104154e-06,0.00013990232435145966,0.003049657593195632,9.3004114362083e-06,9.580196399483487e-05,-0.003879763971893681,1.5052568477780248e-05,0.00010942408709235796
1218,0.00030962902355757826,0.00011618996347428912,0.000629452793364349,0.0005132628298900599,0.010082674504807872,0.00010166032516989443,0.00038658481849607185,0.008895124007123629,7.912323110226271e-05,0.0006775578040403296,-0.01295323643537781,0.0001677863341507102,0.0008242157575566456
1219,-3.0679580638444115,1.0,1.0,0.0,0.0,1.0,1.0,0.0,1.0,1.0,0.0,1.0,1.0
1220,0.0007130101753833884,0.00023725530212185633,0.0009395001852208577,0.0007022448830990013,0.0225056507320897,0.0005065043148752002,0.0017654220992681102,0.002216046767424266,4.910863275475741e-06,0.0006343559445305402,0.014154530307117103,0.00020035072821489308,0.0004187225118639226
1221,2.485645673311332e-05,4.034621041223059e-06,0.00016047861733688626,0.0001564439962956632,0.0019067195066281423,3.6355792769615647e-06,0.00012467283096406767,-0.0026804881434307967,7.185016687061285e-06,0.00023435709745034394,0.0011328138239966553,1.2832671596463285e-06,0.00012240592359624713
1222,2.9115883287134103e-05,2.50215289880155e-06,0.00010382855415946857,0.00010132640126066701,0.0026441192544807653,6.991366631958762e-06,7.610541724689668e-05,-0.00022845595695305846,5.219212451113009e-08,4.568195615317627e-05,0.0006803675035323278,4.6289993993475775e-07,0.00018969828907833275
1223,0.0011183799539791206,0.00043696767620878446,0.0008200818665001034,0.00038311419029131893,0.0268109586501895,0.0007188275037424141,0.0008384690315889065,-0.01522454855738707,0.000231786878776008,0.0008399626678922134,-0.01898127092974065,0.0003602886461079313,0.0007818139000191904
1224,-3.0679580638444115,1.0,1.0,0.0,0.0,1.0,1.0,0.0,1.0,1.0,0.0,1.0,1.0
1225,0.5334167954321261,0.25262107535636563,0.29926798055956394,0.04664690520319831,0.43939336816129126,0.19306653198412382,0.2285104013946302,0.21823420326480594,0.04762616747462445,0.057727393536589844,0.7191456922003695,0.5171705266103487,0.6115661467474718
1226,8.263175977685222e-05,2.417577032964857e-05,0.0002732548547178526,0.00024907908438820403,0.0020419875136291534,4.1697130058748755e-06,0.00036647689425450825,0.008267795847534584,6.835644817648756e-05,0.0002522743715491771,3.390879862671296e-05,1.1498065832782345e-09,0.00020101329834987247
1227,-3.0679580638444115,1.0,1.0,0.0,0.0,1.0,1.0,0.0,1.0,1.0,0.0,1.0,1.0
1228,8.585794818272152e-05,1.962106923399561e-05,0.00022778902710081836,0.00020816795786682274,-0.0020206582365878377,4.083059709225623e-06,0.0002304425921859643,-0.007106654958708028,5.05045447025676e-05,0.0003022767371074764,0.002067753198516127,4.275603290193608e-06,0.00015064775200901437
1229,9.062980346064009e-05,1.1281484970574832e-05,0.00012772969038580642,0.00011644820541523158,0.004180987672319392,1.7480657916291165e-05,0.0001291512334087308,0.004017281916075361,1.613855399340558e-05,0.00013000803427265506,0.0004745977269786911,2.2524300202775294e-07,0.00012402980347603343
1230,4.2252843723500355e-05,4.6790431024549646e-06,0.00027306220238691264,0.00026838315928445766,-0.0009546513755185476,9.113592488452227e-07,9.988016631590213e-05,0.002940377467526919,8.64581965143163e-06,0.0005573259453194312,-0.0021165893334807962,4.47995040708804e-06,0.0001619804955254045
1231,1.2270496217992033e-06,9.984459309331228e-07,0.00029202986156266303,0.0002910314156317299,-0.0008849797950464354,7.831892373522109e-07,0.0003104597171424972,0.0010596765954986214,1.122914487394766e-06,0.00023776750031634375,-0.001043663771389381,1.0892340680523915e-06,0.0003278623672291481
1232,-3.0679580638444115,1.0,1.0,0.0,0.0,1.0,1.0,0.0,1.0,1.0,0.0,1.0,1.0
1233,0.00017679729925534904,7.69247368814785e-05,0.00033472552131893113,0.00025780078443745264,-0.0067830987418885805,4.601042854202042e-05,0.0003960133349677486,-0.011849927367774338,0.0001404207786216416,0.0004281754122663628,-0.006659054248225563,4.434300348077347e-05,0.00017998781672268205
1234,0.00017685468254480252,6.836095497930739e-05,0.00038587735548264074,0.00031751640050333335,0.0028814677581642705,8.302856441266826e-06,0.0002676326935910911,0.009764615344099394,9.534771281805021e-05,0.0004517725666313144,-0.010071360170231084,0.00010143229567860512,0.0004382268062255168
1235,1.696642200288423e-06,6.935354202782426e-07,0.00024669150046733684,0.0002459979650470586,0.0006964790204125159,4.85083025747457e-07,0.0002907028347908236,0.000710231679175975,5.044290379840888e-07,0.0002262734802063182,0.001044554544857429,1.0910941971031818e-06,0.00022309818640486867
1236,5.995772290545709e-05,1.6374502494217087e-05,9.205418723534642e-05,7.567968474112934e-05,0.003929674488726512,1.5442341587013075e-05,0.00011968225174352476,0.002481597506416699,6.158326184002583e-06,5.5281607932555765e-05,-0.005246221469898563,2.7522839711635605e-05,0.00010119870202995873
1237,-3.0679580638444115,1.0,1.0,0.0,0.0,1.0,1.0,0.0,1.0,1.0,0.0,1.0,1.0
1238,4.583214478548481e-05,9.409698472517825e-06,0.0001294321901697352,0.00012002249169721738,-0.004447618409237149,1.9781309514299572e-05,8.34281397994463e-05,-0.0025028750471543983,6.264383501930482e-06,9.804698306692394e-05,0.0014776340550147684,2.18340240132342e-06,0.0002068214476428354
1239,0.00010772869494235504,3.3734084527374066e-05,0.00029027470285725165,0.00025654061832987757,0.004268502737013916,1.822011561580794e-05,0.00032834081269406123,4.948684912552435e-05,2.4489487104872865e-09,7.802873734796822e-05,-0.009109318800956993,8.297968901760377e-05,0.0004644545585297255
1240,9.51010162142385e-06,1.6270058391665287e-06,0.0001734689734940916,0.00017184196765492507,0.0017205446790187235,2.960273992935747e-06,0.00023397628548138538,0.0006809804087292677,4.6373431650259533e-07,0.00018420600195434567,-0.0012070663642399508,1.457009208061244e-06,0.00010222463304654372
1241,2.7571333083620253e-05,1.028033071182044e-05,9.01922239353962e-05,7.991189322357577e-05,-0.00515622171521821,2.658662237620124e-05,0.00018945470694442523,0.0019601217083676037,3.842077111682052e-06,4.628838161779836e-05,0.000642100184419971,4.1229264757802753e-07,3.4833583243965016e-05
1242,0.00020067477778484832,7.764427407179013e-05,0.0005776095837575582,0.0004999653096857681,0.013370568862800879,0.00017877211171546392,0.0007459117323493913,-0.0033006911140481075,1.0894561830454563e-05,0.0006959395433607796,-0.006577700865055906,4.326614866945189e-05,0.00029097747556250386
1243,7.32745976633753e-05,1.892947637301597e-05,0.00012050110385382802,0.00010157162748081205,0.00026981881820928793,7.280219527228127e-08,0.00010848788256201392,0.0028233545996250685,7.971331195233411e-06,8.948055286839285e-05,-0.006981711518598785,4.874429572854222e-05,0.0001635348761310773
1244,0.0002169874837393282,6.178172996040843e-05,0.00023033961062094802,0.0001685578806605396,0.010585841699895968,0.00011206004449548779,0.0003935028102381999,0.0031016320521384125,9.620121387166058e-06,0.00011884054220046014,-0.007979036533221046,6.366502399857144e-05,0.00017867547942418405
1245,5.403044654683775e-05,2.5879361104541587e-05,0.0002065326679235128,0.0001806533068189712,0.004933562992695714,2.4340043802695277e-05,0.00021167011899780874,-0.006633564421255217,4.400417693029013e-05,0.0002480139797483849,-0.0030485837006539334,9.293862580639356e-06,0.00015991390502434477
1246,9.278212831842492e-05,1.9247131617605717e-05,0.0003099912521153196,0.00029074412049771386,0.0009066508658665747,8.220157929894611e-07,0.0002538715312556672,0.0030624249425608555,9.37844652870723e-06,0.0003251869019036402,0.006894993294483189,4.754093253112046e-05,0.0003509153231866513
1247,3.9731802492504187e-07,1.5229909067215885e-07,0.0001819239276101466,0.00018177162851947445,-0.0004827802823117305,2.330768011926665e-07,0.00024909101222392316,-6.661245310474744e-05,4.437219480735166e-09,0.00020369196532699085,-0.00046838365817954115,2.193832513430749e-07,9.29888052795258e-05
1248,-3.0679580638444115,1.0,1.0,0.0,0.0,1.0,1.0,0.0,1.0,1.0,0.0,1.0,1.0
1249,0.00013758338609715093,6.591683139300919e-05,0.0007750883852623384,0.0007091715538693292,0.003982813115212994,1.5862800310850744e-05,0.001192294926039228,0.011002456025393176,0.00012105403859064001,0.0004335473967465031,-0.007799593276426956,6.083365527753681e-05,0.0006994228330012842
1250,6.032105317232972e-05,2.022051831185312e-05,0.00016986838512518995,0.00014964786681333683,0.0014704715673622367,2.162286630302823e-06,8.776330300308555e-05,0.00761486440234155,5.798615986551958e-05,0.0002871658275084288,-0.000716315879867047,5.131084397369534e-07,0.0001346760248640555
1251,0.00019582463945000406,9.484504586598774e-05,0.00016006144387840462,6.521639801241688e-05,0.007663815763120666,5.873407205114756e-05,0.00010446350482240518,0.005513605419252856,3.0399844719197766e-05,0.0001257241165848466,0.013978598671807858,0.0001954012208276179,0.0002499967102279621
1252,-2.9091823278958526,1.0781794163768528e-06,0.00012152589120576855,0.0001204477117893917,-0.0010383541863802687,1.0781794160807934e-06,0.00012152589120539847,-0.0010383541863802676,1.078179417413061e-06,0.00012152589120684176,-0.0010383541863802689,1.0781794156367042e-06,0.0001215258912050654
1253,5.84633852571681e-05,2.958883547184617e-05,0.00018338934798249143,0.00015380051251064525,-0.004475251781927074,2.0027878511852393e-05,0.00020875091473215868,-0.005742897549262133,3.298087226111246e-05,0.00016461643943277426,0.005979778895786805,3.575775564257366e-05,0.00017680068978254138
1254,0.003628105222220346,0.0012525786528138072,0.0071182451807997316,0.005865666527985924,-0.029445612183380716,0.0008670440768541177,0.004695042897663537,-0.01711371574949141,0.00029287926675425346,0.0024180098792145888,-0.05096874154648942,0.0025978126148330505,0.014241682765521069
1255,0.00012031390792710539,7.042282507089641e-05,0.00030129287459616333,0.0002308700495252669,0.006287329367238557,3.9530510572594046e-05,0.00024357783359496565,0.008688650444347816,7.549264654382881e-05,0.00032499901769267314,-0.00981046982037584,9.624531809626635e-05,0.00033530177250085114
1256,9.008025250911711e-05,5.243903702885818e-05,0.0002857925698576865,0.0002333535328288283,0.008197735525756065,6.720286775030448e-05,0.00033072866012595625,-0.0036055362950784624,1.2999891974896371e-05,0.00021555694126762504,-0.008781477743578597,7.711435136137368e-05,0.0003110921081794782
1257,4.4804980420365403e-05,1.4975825109268352e-06,8.224856669399501e-05,8.075098418306817e-05,-0.0017271611665505143,2.9830856949075724e-06,9.30900204080265e-05,-0.00023547604157032992,5.544896619635864e-08,6.794366415463493e-05,-0.0012059074889725554,1.4542128716765745e-06,8.571201551932361e-05
1258,5.5353082826226085e-06,1.6486743194358648e-06,0.00015636734093534463,0.00015471866661590877,0.00010226393869985678,1.0457912869021868e-08,0.0001950290594893156,0.0003097098328407154,9.592018035409211e-08,0.00015627864086864562,0.002199919286054465,4.83964486508448e-06,0.00011779432244807264
1259,5.556718405186345e-06,1.6723036952622412e-06,0.0001550037821125283,0.00015333147841726605,-1.5900666763510774e-05,2.528310893978869e-10,0.00016305016792894644,0.00029793258185207904,8.876382351363787e-08,0.00020579250309549213,-0.0022198861301750586,4.927894431183688e-06,9.616867531314632e-05
1260,-3.0679580638444115,1.0,1.0,0.0,0.0,1.0,1.0,0.0,1.0,1.0,0.0,1.0,1.0
1261,-3.0679580638444115,1.0,1.0,0.0,0.0,1.0,1.0,0.0,1.0,1.0,0.0,1.0,1.0
1262,4.1374813200323324e-05,1.5378896366380346e-05,0.00024482426303351623,0.00022944536666713589,-0.005002503587864127,2.502504214707546e-05,0.0003368526131138916,-0.00041139064796471186,1.692422647581182e-07,0.0001584010175416095,0.004576287216440324,2.094240468730746e-05,0.0002392191584450476
1263,-3.0679580638444115,1.0,1.0,0.0,0.0,1.0,1.0,0.0,1.0,1.0,0.0,1.0,1.0
1264,1.3137636309945577e-05,4.332413866288872e-06,0.00013570697046823751,0.00013137455660194863,0.0017009720419052991,2.893305887652353e-06,0.00013657218439910856,-0.0022837737799464397,5.215622678300669e-06,0.000127629203623858,0.0022109529694764323,4.888313032913594e-06,0.00014291952338174596
1265,-3.0679580638444115,1.0,1.0,0.0,0.0,1.0,1.0,0.0,1.0,1.0,0.0,1.0,1.0
1266,4.422362080136466e-05,2.3557576901755972e-05,0.0002470157901053316,0.00022345821320357562,-0.005587717872774609,3.1222591025614754e-05,0.0003050427595504557,0.0014287681274283712,2.0413783622386106e-06,6.514192348339165e-05,0.006116270212885991,3.740876131741455e-05,0.00037086268728214744
1267,6.905272804458296e-05,4.0964711521929154e-05,0.00020462802811915815,0.000163663316597229,0.0031965452582452575,1.021790158817204e-05,8.854217677689569e-05,0.007888436870072619,6.222743625350358e-05,0.0002871651324956037,0.007102731638180521,5.0448796724111844e-05,0.00023817677508497503
1268,0.00014506326488461507,8.334211202465358e-05,0.0002535730191214706,0.00017023090709681704,-0.009064068476089213,8.215733733940578e-05,0.00030211436371707645,-0.010188028541101223,0.00010379592555331829,0.0002213245353301918,-0.008004565770929624,6.407307318123667e-05,0.00023728015831714355
1269,0.0003644181295036075,0.00015383480788340917,0.00044851389789520485,0.0002946790900117957,0.0006900230027380424,4.7613174447569406e-07,0.00015815966136090154,0.019000492579053552,0.00036101871824656406,0.0005790780082088887,-0.01000047867149635,0.00010000957365918772,0.0006083040241158244
1270,-3.0679580638444115,1.0,1.0,0.0,0.0,1.0,1.0,0.0,1.0,1.0,0.0,1.0,1.0
1271,0.0001849229076595904,6.024391857499071e-05,0.0003946009507989808,0.00033435703222399005,-0.013359584416317736,0.00017847849577701247,0.00028913089824922356,0.00013364000977640316,1.7859651979534874e-08,0.00048450957999723876,-0.0014951255118898633,2.235400295980128e-06,0.00041016237415048007
1272,-3.0679580638444115,1.0,1.0,0.0,0.0,1.0,1.0,0.0,1.0,1.0,0.0,1.0,1.0
1273,0.00014914560347301098,7.179408133806131e-05,0.00023503826888982005,0.00016324418755175873,0.002306228734990585,5.318690977418328e-06,8.604256014721479e-05,0.009136708892297774,8.347944938191798e-05,0.0003180390493642271,0.0112509601214651,0.00012658410365484762,0.00030103319715801824
1274,9.892112436271638e-05,5.664946039115234e-05,0.0001591404413850602,0.00010249098099390785,0.009812456344664395,9.628429951580308e-05,0.00021521825007242423,0.008093341232482433,6.550217230549826e-05,0.00018909411051848402,0.0028569055552046508,8.16190935215566e-06,7.310896356427232e-05
1275,0.0003109567294575788,9.74078129001299e-05,0.0002293552488403794,0.0001319474359402495,-0.007121509870207045,5.071590283145522e-05,0.00012816137061810728,-0.00998944105382079,9.978893256779031e-05,0.0003014894446596861,-0.011904562289343076,0.00014171860330114416,0.0002584149312433448
1276,0.00010674108157671114,7.573913526933336e-05,0.0001701529519583985,9.441381668906514e-05,-0.00835629153978528,6.98276082967686e-05,0.0001875286383278274,-0.009079125053872997,8.243051174339211e-05,0.00018790958450143336,-0.00865790308144537,7.495928576783939e-05,0.0001350206330459347
1277,3.29735101384232e-05,6.790807386266214e-06,0.00017231709853478735,0.00016552629114852113,-0.003411853638159114,1.1640745247842865e-05,0.00016562547591680854,0.002358093634932059,5.560605591314882e-06,0.0001443367982216781,-0.001780750213101937,3.1710713196408946e-06,0.0002069890214658754
1278,2.5962657430045333e-05,5.308260802435368e-06,0.0002103159289463067,0.00020500766814387134,-0.003575408489866688,1.2783545868533253e-05,0.00013894714645634743,-0.0017655403216016287,3.117132627017405e-06,0.00022128776153673702,0.00015525434092808116,2.410391175544646e-08,0.0002707128788458357
1279,-2.385999491123189,2.96487253722925e-05,0.00016056412062037673,0.00013091539524808424,-0.005621926691198045,3.160605972107877e-05,0.00016885356185381006,-0.005719395684165993,3.2711486992687e-05,0.00017691230175420625,-0.004962723990152973,2.4628629403111724e-05,0.00013592649825311387
1280,2.3731213009248187e-05,7.347109106696041e-06,0.0005292172607300379,0.0005218701516233419,0.0006817890497202229,4.648363083337159e-07,0.0001438604215964201,0.004529583749509911,2.0517128943131624e-05,0.0007579540062454537,0.0010292531605076624,1.0593620686227823e-06,0.0006858373543482399
1281,9.182000484431185e-05,2.1420182092686996e-05,0.0002669566574276712,0.00024553647533498424,0.0032722348461238795,1.0707520888053601e-05,0.000277887352261863,-0.0065308588193740075,4.2652116918340255e-05,0.0002826624269741673,0.0033016523851012508,1.0900908471667137e-05,0.00024032019304698338
1282,0.00023257419486122366,0.00011822825308012892,0.0005030185327591363,0.0003847902796790074,0.010250623616383354,0.00010507528452474713,0.0008193934565625671,0.010754265969491748,0.00011565423654258389,0.00027289539300257015,0.011573903324844445,0.00013395523817305577,0.0004167667487122717
1283,0.0003076949909379678,5.908528357397488e-05,0.00036379016551790766,0.0003047048819439328,0.004820454923666168,2.3236785671065796e-05,0.0005797155270967913,-0.010183425350375334,0.00010370215186672471,0.00023084040704512976,0.007093441561312729,5.0316913184134116e-05,0.0002808145624118019
1284,0.00010059967579556517,5.159650233751053e-05,0.0001718997871866431,0.00012030328484913255,-0.0054156530033788045,2.9329297453473124e-05,0.00016094418741363636,-0.00587446788652686,3.4509372950686235e-05,0.0001606909062746853,0.009536814804165369,9.095083660837222e-05,0.00019406426787160758
1285,1.564120842567629e-05,6.002468913542576e-06,0.0003220830876882556,0.00031608061877471305,-0.0012860637000128925,1.6539598391984711e-06,0.00039367996215111667,-0.003571425760109521,1.2755081959969772e-05,0.00019249783119568153,0.0018969356714697476,3.5983649414594865e-06,0.00038007146971796857
1286,0.00018596330841458286,6.0880999137147285e-05,0.0003148835660359284,0.0002540025668987811,0.013433337094542926,0.00018045454549575624,0.00035887004314261173,-0.0014781251777549326,2.184854040909734e-06,0.0004218315463550004,5.9982284125471146e-05,3.5978747758846907e-09,0.00016394910861017298
1287,-3.0679580638444115,1.0,1.0,0.0,0.0,1.0,1.0,0.0,1.0,1.0,0.0,1.0,1.0
1288,8.440792121355845e-05,7.282119725312193e-05,0.0007044247451360638,0.0006316035478829418,-0.00913642155204649,8.34741987771892e-05,0.0008027270879386039,-0.0076697452635858905,5.882499240783545e-05,0.0005756589688374891,-0.008727221812998035,7.616440057434115e-05,0.0007348881786320982
1289,0.0007464756626928137,0.0003036210717346129,0.0016068901701159117,0.001303269098381299,0.014426752879061838,0.00020813119863349883,0.000604500477448644,0.015387211184509711,0.00023676626803681433,0.0016898435319802063,-0.021586239796070484,0.00046596574853352557,0.002526326500918885
1290,0.00010475646086616219,4.278236250176981e-05,0.0003227869500705231,0.0002800045875687533,0.00969206400134189,9.393610460606272e-05,0.0004916887174640783,0.0004563179171554723,2.0822604118730936e-07,0.0002084993877544683,0.005848312308610921,3.42027568580594e-05,0.0002681727449930227
1291,2.9648054490682973e-05,5.030651938723689e-06,0.0003243388938100426,0.0003193082418713189,0.001705875228335131,2.9100102945101014e-06,0.0005050342114283346,0.002327754955016458,5.418443130844608e-06,0.00021982945984810875,0.002600673449447887,6.763502390816356e-06,0.0002481530101536844
1292,-3.0679580638444115,1.0,1.0,0.0,0.0,1.0,1.0,0.0,1.0,1.0,0.0,1.0,1.0
1293,-3.0679580638444115,1.0,1.0,0.0,0.0,1.0,1.0,0.0,1.0,1.0,0.0,1.0,1.0
1294,0.00026976484587848404,9.60940837174314e-05,0.0003218004509993507,0.00022570636728191928,0.004903659936589252,2.4045880773648776e-05,0.00018800421842168902,0.0035526663865702245,1.2621438454152312e-05,0.00028161332542364637,0.01586237472523325,0.00025161493192449313,0.0004957838091527167
1295,-2.866002710257805,2.6276517685793383e-05,0.0001247318375222998,9.845531983650642e-05,0.0058141870562163885,3.3804771125911515e-05,0.0001299102705560884,-0.004031676573911458,1.6254415995620164e-05,0.00011880555241061685,-0.0053638014445415725,2.8770365935848474e-05,0.00012547968960019418
1296,3.292894612538788e-08,9.315258231445966e-09,0.0001328109361609838,0.00013280162090275235,-2.799918389753834e-05,7.839542348619943e-10,0.0002120228510995581,-0.00016474741199696711,2.7141709768585542e-08,0.00011537059634936231,-4.484480066494016e-06,2.0110690890362548e-11,7.103936103403097e-05
1297,0.00016047294150201008,3.488719411559593e-05,0.0002930815177857686,0.00025819432367017264,-0.009099666810687954,8.280393606541203e-05,0.0002360155642863182,-0.004673889847176081,2.1845246303553445e-05,9.583678737379309e-05,0.00011135518825254783,1.2399977822319386e-08,0.0005473922016971944
1298,0.0014327420455667594,0.00015353213585289627,0.0008559346162827127,0.0007024024804298165,0.013882707053829182,0.0001927295551423791,0.0015429328738432169,-0.016268052640665474,0.00026464953671956337,0.000852992061524005,0.0017936877366570702,3.2173156967463257e-06,0.00017187891348091622
1299,-3.0679580638444115,1.0,1.0,0.0,0.0,1.0,1.0,0.0,1.0,1.0,0.0,1.0,1.0
1300,-3.0679580638444115,1.0,1.0,0.0,0.0,1.0,1.0,0.0,1.0,1.0,0.0,1.0,1.0
1301,0.0002429096034602951,8.590354262927313e-05,0.00022740711649730608,0.00014150357386803294,0.007635094628501396,5.829466998630295e-05,0.00015759910820878353,-0.01398438671281338,0.00019556307173329568,0.0004447494725502432,0.001962877012961038,3.8528861682207705e-06,7.987276873289151e-05
1302,-3.0679580638444115,1.0,1.0,0.0,0.0,1.0,1.0,0.0,1.0,1.0,0.0,1.0,1.0
1303,0.000714274780834967,0.0002183645588169636,0.0006763187209386882,0.0004579541621217246,-0.016109973165805706,0.000259531235403232,0.0009568469516542111,-0.01848558117916393,0.0003417167115314923,0.0005924761083384578,-0.007337964943804636,5.384572951616651e-05,0.0004796331028233958
1304,0.00011974847798168486,4.661560755433077e-05,0.000239447164440465,0.0001928315568861342,-0.00855952366318498,7.326544534047574e-05,0.000223853580539779,-0.0001150480041499982,1.3236042928355118e-08,0.00024411655353884232,0.008158930155339271,6.656814127958821e-05,0.00025037135924277365
1305,4.650658631144555e-05,1.7453194512739856e-05,0.00024461986161198695,0.0002271666670992471,0.0034444761513639796,1.186441595713017e-05,0.00015874504147328494,0.005277858406521288,2.7855789359043648e-05,0.0002507304948901057,0.003555190321430772,1.263937822204575e-05,0.0003243840484725702
1306,0.0004801820654344313,7.035259717643368e-05,0.0003386996423093702,0.00026834704513293656,-0.014344515578043986,0.00020576512716885542,0.0004991846833214408,0.002093561504741579,4.382999774232843e-06,0.0003351116309558977,-0.0009537633805248643,9.096645862127772e-07,0.00018180261265077213
1307,0.00014673045171842425,6.474349101470711e-05,0.00024044241538715797,0.00017569892437245085,0.00037296453484159515,1.3910254414994938e-07,7.524876812625703e-05,0.010867932378924618,0.00011811195419275666,0.00025523743760846873,0.008716617251385724,7.597941630721472e-05,0.00039084104042674817
1308,0.00015370921121327097,6.271160575277435e-05,0.0002846603968638117,0.00022194879111103738,-0.01023183141250214,0.00010469037405413939,0.00022207790276729256,0.0054843670895921995,3.0078282373779963e-05,0.00046482607846964896,0.007305214632742585,5.3366160830403686e-05,0.00016707720935449366
1309,-3.0679580638444115,1.0,1.0,0.0,0.0,1.0,1.0,0.0,1.0,1.0,0.0,1.0,1.0
1310,-3.0679580638444115,1.0,1.0,0.0,0.0,1.0,1.0,0.0,1.0,1.0,0.0,1.0,1.0
1311,-2.8763220322987975,1.2192443623049165e-05,0.00011000592217939402,9.781347855634485e-05,0.005747652336848627,3.3035507385981155e-05,0.0001481665889568884,0.0018813291067273014,3.539399206609062e-06,8.924929124098924e-05,4.923692478551073e-05,2.424276557277949e-09,9.260188634030442e-05
1312,4.628679760387833e-05,3.907952606333846e-07,0.00019618396012347863,0.00019579316486284526,-0.00016110450038708712,2.5954660309857047e-08,0.00020245389611006637,0.000982569689143054,9.654431941674702e-07,0.00018105289416903148,-0.00042542675918314724,1.8098792742282654e-07,0.0002050450900913381
1313,0.00011342454203722152,4.640352676787973e-05,0.0002215357634363091,0.00017513223666842936,0.004210305191364374,1.7726669804263295e-05,0.00016340985259633012,0.004003869882917364,1.6030974039571433e-05,0.00016597244078409013,-0.010269028019222264,0.00010545293645980447,0.00033522499692850705
1314,0.0003161820377460822,0.00018788138184111514,0.00038044451448930133,0.0001925631326481862,-0.009386214027989972,8.810101377909607e-05,0.0003255695694067695,-0.016932778993826354,0.0002867190044536505,0.00046782672956369176,0.013741329167532394,0.00018882412729059883,0.0003479372444974427
1315,1.47180446128381e-05,5.955103296817477e-06,9.016479929853845e-05,8.420969600172097e-05,0.0026920433155881223,7.247097213114451e-06,9.05455500207486e-05,-0.003258485799923385,1.0617729708894963e-05,5.756774684162469e-05,-2.1976537762456074e-05,4.829684430163184e-10,0.00012238110103324207
1316,0.00011956083609776513,6.536473245288832e-05,0.00035708721229906387,0.00029172247984617555,-0.00705561290758052,4.9781673501780865e-05,0.00020660911593783915,-0.009077125815259804,8.239421306599493e-05,0.0004527725801326543,0.007994892794208584,6.391831079088917e-05,0.0004118799408266982
1317,0.000169831742233173,4.751168331547836e-05,0.0003144331950465003,0.00026692151173102197,0.008329224724019221,6.937598450307281e-05,0.00031279963187180737,0.005091864083617144,2.592707984616638e-05,0.00026441338996263664,-0.006872553062544962,4.723198559719588e-05,0.00036608656330505696
1318,3.067329748385195e-05,8.403743307831371e-06,0.00013326810772429365,0.0001248643644164623,-0.002832732462792413,8.024373205461899e-06,0.0001509968089992153,0.003257398163165464,1.0610642793507097e-05,0.00014165146964306707,-0.0025644129785615142,6.5762139245251205e-06,0.00010715604453059857
1319,1.2877032246061404e-05,3.759829939202023e-06,9.369202942751305e-05,8.993219948831102e-05,0.000889772481267651,7.916950685027402e-07,8.46321234655445e-05,0.002701568289649062,7.298471223604608e-06,0.00015576419910667827,-0.0017858677234527669,3.1893235254987218e-06,4.0679765710316396e-05
1320,8.185378272207444e-05,2.857448826069457e-05,0.0006097854768954599,0.0005812109886347654,-0.006895165579337751,4.754330836642673e-05,0.0005424767500246119,-0.004645443709209351,2.158014725550661e-05,0.0003988171501739801,0.004074310881607208,1.6600009160150364e-05,0.0008880625304877876
1321,1.8795327133336315e-05,5.146861034107293e-06,0.00010405969945381788,9.891283841971059e-05,-0.00047344521005319144,2.241503670452616e-07,0.00020068889591229322,-0.0033097811637446684,1.0954651351591238e-05,5.113729821848434e-05,-0.002064408240680707,4.261781383685381e-06,6.0352904230676074e-05
1322,6.087542469701557e-05,3.181462303950925e-05,0.00020445068340054404,0.0001726360603610348,0.007061009268012838,4.985785188271752e-05,0.00023822814908180945,-0.004481855415768041,2.0087027967519155e-05,0.0002750283162851197,0.005049652390825259,2.5498989268291083e-05,0.00010009558483470293
1323,0.00018136096538334812,6.011586469811814e-05,0.0003500807837617896,0.00028996491906367144,0.013007887222538374,0.0001692051299942987,0.0007469464286870009,-0.0028293417326093234,8.005174639835744e-06,0.00013913432534473635,-0.0017712395265024805,3.137289460219961e-06,0.00016416159725363144
1324,9.154076877482265e-05,4.3772476251720725e-05,0.0002917910057186705,0.0002480185294669498,0.006504156236180691,4.230404834448809e-05,0.00026583482982500684,0.0015555949412002276,2.419875621550993e-06,0.0003591534912310568,-0.009305563109718914,8.659350478912309e-05,0.00025038469609994785
1325,0.0004741491732430658,0.00016012820482214085,0.001346108342302384,0.0011859801374802432,-0.005489719693877819,3.0137022317466844e-05,0.0013201662084063592,0.004196544927474241,1.761098932795413e-05,0.0012546790951554199,0.02079991833687378,0.0004326366028210016,0.0014634797233453734
1326,7.094908518301413e-05,1.5984222330067688e-05,7.72527159917565e-05,6.126849366168881e-05,0.004412904585513223,1.947372688071436e-05,9.754339902945386e-05,-0.001632314568180252,2.664450849731992e-06,4.1184181069131576e-05,0.005080796124573707,2.5814489259756712e-05,9.303056787668407e-05
1327,6.939126471894319e-05,3.705474733406433e-05,0.00021003206471807237,0.00017297731738400804,-0.006580812098440207,4.330708787536608e-05,0.00021354196531120362,0.007105134678239119,5.048293879594823e-05,0.0002591787249783817,0.004168238876452653,1.7374215330878684e-05,0.00015737550386463184
1328,0.00010503969027764182,9.334831541762956e-05,0.00032782860229115435,0.0002344802868735248,-0.009534144343244007,9.08999083576445e-05,0.0003440808980738064,0.009248981092556792,8.554365125079677e-05,0.0003353859930264047,0.010178476636738128,0.0001036013866444474,0.000304018915773252
1329,-3.0608383654774407,2.2286488171522716e-05,0.00012183487386274727,9.954838569122455e-05,-0.004720856720045573,2.228648817248491e-05,0.00012183487386363545,-0.004720856720045576,2.2286488170486507e-05,0.00012183487386152603,-0.004720856720045574,2.228648817159673e-05,0.00012183487386308034
1330,2.7683658072152895e-05,1.1684823108204512e-05,0.00012932345479714039,0.00011763863168893587,0.0026438053085032073,6.989706509141769e-06,8.168275127173885e-05,-0.003281753833473412,1.0769908223129399e-05,0.00013938055261697446,0.004158708284105615,1.7294854592342368e-05,0.00016690706050270787
1331,4.495479642219191e-05,1.6242892726725522e-05,0.00018192934901795077,0.00016568645629122525,-0.005850032127123343,3.42228758888341e-05,0.0002741714222258551,0.0008355340871876626,6.981172105957612e-07,8.00280500323769e-05,-0.0037158693573111252,1.3807685080746701e-05,0.0001915885747956203
1332,1.0661969176650743e-05,6.1177657758593185e-06,0.0001873219386185528,0.0001812041728426935,0.0029808906719405257,8.885709198103164e-06,0.00022247716083778624,0.0021364807924195354,4.564550176611171e-06,2.3461191372642354e-05,-0.002214280459331905,4.90303795286362e-06,0.0003160274636452298
1333,4.0707781070348226e-05,1.623680781848158e-05,0.00014477495352090605,0.00012853814570242447,-0.0035512844399672046,1.2611621173497234e-05,0.00011013911337331983,-0.00522622458964642,2.731342346129484e-05,0.0001963123396738764,0.0029640139710681484,8.785378820652667e-06,0.0001278734075155219
1334,5.781324565434787e-05,1.4419969504686492e-05,8.025705293031778e-05,6.583708342563128e-05,-0.005647932430139411,3.18991407358693e-05,9.487073010727709e-05,0.0028327698094504127,8.024584793209222e-06,7.474596503453945e-05,0.0018265221006923855,3.336182984980951e-06,7.11544636491368e-05
1335,-3.0679580638444115,1.0,1.0,0.0,0.0,1.0,1.0,0.0,1.0,1.0,0.0,1.0,1.0
1336,0.00018222062796502403,7.246009606687309e-05,0.0002979136254390354,0.0002254535293721623,-0.012905476947415595,0.0001665513352400172,0.00023903750262188606,-6.695140864332918e-05,4.4824916001218185e-09,0.0003193531917347059,0.007129128310555195,5.082447046900196e-05,0.00033535018196051425
1337,0.0001236572550311621,4.1656690784671234e-05,0.0001614084530916863,0.00011975176230701506,0.0063722622514136,4.060572620079306e-05,0.0001438413694757612,0.0030734608600888813,9.446161658432928e-06,0.0001191010609766785,-0.00865552912852991,7.491818449478771e-05,0.00022128292882261924
1338,0.0005535446568143421,0.00015460403086076102,0.0004375082749554042,0.00028290424409464315,-0.01876325601702227,0.00035205977635999197,0.0008947357306670067,-0.009063803611466055,8.215253590748706e-05,0.00016865311090619173,-0.005440568013990264,2.9599780314804036e-05,0.000249135983293014
1339,-3.0679580638444115,1.0,1.0,0.0,0.0,1.0,1.0,0.0,1.0,1.0,0.0,1.0,1.0
1340,5.40262268825531e-05,4.190956656539383e-05,0.00019781973768040473,0.0001559101711150109,-0.005733980531054731,3.287853273015173e-05,0.00019588586827634646,0.007122261427773927,5.072660784577465e-05,0.0002022104736979502,0.006490266490694442,4.2123559120255116e-05,0.00019536287106691752
1341,0.01045166336127168,0.0020628971873140056,0.004647614954914392,0.0025847177676003863,-0.042987712744102145,0.00184794344696948,0.001997387789960947,0.06406511779365952,0.0041043393179150955,0.011196629367077215,0.015375590949861125,0.00023640879705744133,0.0007488277077050132
1342,4.661383906112704e-05,1.370921058452268e-06,0.0001225578817262892,0.00012118696066783693,0.0006270602718716992,3.9320458389280333e-07,0.00012764449172542047,0.0018231453956703972,3.3238591341522294e-06,0.00011298536644566148,0.0006290464666375315,3.9569945731177114e-07,0.00012704378700778562
1343,3.95646817219486e-05,4.4808028324775745e-07,0.00012006221113181059,0.00011961413084856283,-0.00018735515588797814,3.51019540101305e-08,0.00011179257701299239,0.000736576585369987,5.425450660956344e-07,0.00014361340811241963,-0.0008755534422180036,7.665938296375074e-07,0.00010478064827001976
1344,-3.0598319843646387,5.559834880390172e-05,0.00033749662693072224,0.0002818982781268205,-0.0074564300307683705,5.5598348805196984e-05,0.00033749662693127735,-0.007456430030768371,5.559834880308756e-05,0.00033749662693027815,-0.0074564300307683705,5.559834880342063e-05,0.0003374966269306112
1345,0.0011606574373038692,0.0004508415101631691,0.0007700767728047175,0.00031923526264154845,-0.00707278372585106,5.00242696326314e-05,0.00033863043613791,-0.02649460243308567,0.0007019639580871928,0.0009673300469402735,-0.02450584221710827,0.0006005363027696831,0.0010042698353359691
1346,1.3300763150536632e-05,3.1531264241084025e-06,0.0003282228760570864,0.00032506974963297797,0.0006819270241630593,4.6502446637841643e-07,0.0004034381427544531,0.0010679598797644124,1.140538305022254e-06,0.00021530838005356934,0.002802466146227417,7.853816500924538e-06,0.00036592210536323666
1347,-2.903132113074364,4.002651136839989e-05,0.00012845751360501811,8.843100223661823e-05,-0.006326650880950346,4.002651136814084e-05,0.0001284575136049071,-0.006326650880950343,4.0026511369473106e-05,0.00012845751360535118,0.00632665088095035,4.0026511367585726e-05,0.00012845751360479607
1348,4.247283314873229e-05,1.1475447377266393e-05,0.00021858131246480875,0.00020710586508754236,-0.0014585362650606296,2.1273280360611935e-06,0.00013129181396553946,-0.0023159776032234706,5.363752258458199e-06,0.0002221755186149199,0.005189919251552493,2.693526183727979e-05,0.0003022766048139669
1349,0.00010669126676166041,4.910449540714475e-05,0.00013320554860204079,8.410105319489602e-05,-0.005885453418050161,3.463856193641757e-05,0.00012758145336899673,-0.008905823637576424,7.931369466351867e-05,0.0001653258021404591,-0.005775918076064687,3.336122962149801e-05,0.00010670939029666648
1350,7.595960788131517e-05,1.5028518325614174e-05,0.00037846766747103483,0.00036343914914542064,-0.0011646566051704964,1.3564250082032103e-06,0.0004655802312739654,-8.717211201566358e-05,7.598977003198115e-09,0.00039594368283635273,-0.006612225872711304,4.3721530991636115e-05,0.0002738790883027864
1351,0.00013401786605027333,1.5205730827805297e-05,0.0002433813548953593,0.000228175624067554,0.004250086631738593,1.8063236377430236e-05,0.0003996474074827727,-0.00515308904326346,2.6554326687966423e-05,7.27514599517809e-05,0.0009998146920076236,9.996294180192322e-07,0.00025774519725152434
1352,0.00015231239940094454,5.581583559529276e-05,0.0001742927536665384,0.00011847691807124564,-0.00118456901461833,1.4032037500832928e-06,0.00017071057766637754,-0.0055856909539578285,3.1199943433257715e-05,0.00016435654221491625,0.011612250410777838,0.00013484435960253727,0.00018781114111832142
1353,-3.0679580638444115,1.0,1.0,0.0,0.0,1.0,1.0,0.0,1.0,1.0,0.0,1.0,1.0
1354,8.729853316691294e-05,8.233759452909901e-05,0.00034453133631869487,0.00026219374178959587,-0.00864321292646226,7.470512969132148e-05,0.00030176282029870105,-0.009335536728335174,8.71522460059726e-05,0.00036621939625103295,-0.009227968784643489,8.515540789000298e-05,0.00036561179240635067
1355,0.000412562723015264,0.0001549177909750954,0.0003674415011443906,0.00021252371016929522,0.01980184407818487,0.00039211302889696764,0.0005911794971052986,-0.006283255535235492,3.94793001212701e-05,0.000200440375709654,-0.0057585626598241416,3.316104390704844e-05,0.0003107046306182193
1356,7.550267293099377e-05,1.7615355239216274e-05,0.0003426399897492975,0.00032502463451008123,0.0023825168128500636,5.676386363284713e-06,0.0001627026556295652,0.005352870347696301,2.8653220959462544e-05,0.00042426854667088065,0.004303075457701218,1.851645839490157e-05,0.00044094876694744656
1357,2.320406730293989e-05,1.3172618159436785e-05,9.869252640526405e-05,8.551990824582727e-05,0.00345716787740917,1.1952009732363322e-05,8.544966010093358e-05,0.0035340641983696,1.2489609759303022e-05,8.102730097847566e-05,0.003882812767444035,1.507623498664401e-05,0.0001296006181363829
1358,-2.9975223237845747,2.4317576053367596e-05,0.00012515784228728233,0.00010084026623391473,0.00493128543625502,2.431757605259044e-05,0.00012515784228650517,-0.00493128543625502,2.431757605414475e-05,0.00012515784228794846,0.00493128543625502,2.4317576053367596e-05,0.00012515784228739335
1359,3.777088505863002e-05,9.294983050504394e-06,0.00015758709981091487,0.00014829211676041049,-0.002029427769306944,4.1185770707219405e-06,9.124951163819173e-05,0.0002178713880255739,4.746794157739487e-08,9.865978243683848e-05,-0.0048702057594207865,2.3718904139213848e-05,0.0002828520053577144
1360,0.01192429161873032,0.004626429963527763,0.02369133936925268,0.019064909405724917,0.09907215221846934,0.00981529134519954,0.05068598645645206,-0.06374627217957665,0.004063587216792897,0.02023478700812631,-0.0006413490398390194,4.113285908546871e-07,0.000153244643179673
1361,4.7118744157415016e-05,2.053240677220754e-05,6.582738205869927e-05,4.5294975286491734e-05,0.0039008141741727065,1.5216351222036018e-05,7.025401073879056e-05,0.005638288723530193,3.179029973077174e-05,5.759524577930719e-05,0.0038197603804179833,1.4590569363814865e-05,6.963288965800007e-05
1362,0.0003465106070318358,0.0001324320484240212,0.00021667547113487137,8.424342271085017e-05,-0.011267222355387777,0.0001269502996054106,0.00023845358661411797,-0.01099217999584668,0.0001208280210612811,0.00018099645374725082,0.012227748141241465,0.00014951782460537189,0.0002305763730432453
1363,8.482614204907701e-05,1.6272999219912876e-05,0.00019216750802127555,0.00017589450880136268,0.00678466115588524,4.6031627000231445e-05,0.00027448224440751456,0.0010404806436923695,1.0825999702257505e-06,0.00015823566091877073,0.001305668675106102,1.7047706892814318e-06,0.00014378461873754134
1364,-3.0679580638444115,1.0,1.0,0.0,0.0,1.0,1.0,0.0,1.0,1.0,0.0,1.0,1.0
1365,-3.0679580638444115,1.0,1.0,0.0,0.0,1.0,1.0,0.0,1.0,1.0,0.0,1.0,1.0
1366,-3.0679580638444115,1.0,1.0,0.0,0.0,1.0,1.0,0.0,1.0,1.0,0.0,1.0,1.0
1367,0.0001029661311604535,5.073665732254392e-05,0.00028316061900050354,0.00023242396167795962,0.009887607772255407,9.776478745793238e-05,0.00034403401485139096,-0.0003070225766413129,9.426286229352598e-08,0.0001692198146174828,0.007372307755873208,5.435092164740585e-05,0.0003362280275326368
1368,0.0002963413542914628,0.00024408137400685112,0.0012788380116061833,0.0010347566375993322,0.013241528086283835,0.0001753380660596271,0.0010742349580397104,0.017072509707963895,0.0002914705877284929,0.0014726086772178792,0.016292190406243266,0.00026543546823243336,0.0012896703995609604
1369,0.0003866936814194144,0.00016381750169440026,0.00032499126543528156,0.0001611737637408813,-0.013096689450345532,0.0001715232745589379,0.000427516725519661,0.016326536292630256,0.0002665557873149371,0.00040513714718581895,0.00730571305273254,5.33734432093258e-05,0.00014231992360036472
1370,0.0002486750560625195,5.0419384461745466e-05,0.00025813916870628023,0.00020771978424453477,0.007581790838134706,5.748355231327551e-05,0.00021070931543754057,0.0005458799718523775,2.9798494327604175e-07,0.00034110874700643556,0.009668330576059168,9.347661612868485e-05,0.00022259944367486462
1371,0.00012040319387518483,5.5250877757114424e-05,0.00026643628508145795,0.00021118540732434352,-0.00439513679439152,1.9317227441195683e-05,0.0001421656947256933,-0.006672154959235126,4.4517651799913516e-05,0.00015593551523140903,-0.010095432335001677,0.00010191775403023406,0.0005012076452872716
1372,-3.0679580638444115,1.0,1.0,0.0,0.0,1.0,1.0,0.0,1.0,1.0,0.0,1.0,1.0
1373,-3.0679580638444115,1.0,1.0,0.0,0.0,1.0,1.0,0.0,1.0,1.0,0.0,1.0,1.0
1374,-3.0679580638444115,1.0,1.0,0.0,0.0,1.0,1.0,0.0,1.0,1.0,0.0,1.0,1.0
1375,0.0002409475795622784,8.596472635728307e-05,0.0003115582547890868,0.0002255935284318037,0.002111392232591027,4.457977159866289e-06,0.00026623219852672797,0.007789235193022685,6.067218489202997e-05,0.00023098610069693937,-0.013883948178376399,0.00019276401701995294,0.00043745646514359304
1376,0.00017512470244984701,1.3728746781923226e-05,0.00010352707979743858,8.979833301551536e-05,-0.003275887329520379,1.073143779528607e-05,0.00013783428130609288,-0.0041011215705993465,1.681919813789623e-05,0.0001302894213983663,-0.003692641928564939,1.3635604412587377e-05,4.245753668785657e-05
1377,-3.0679580638444115,1.0,1.0,0.0,0.0,1.0,1.0,0.0,1.0,1.0,0.0,1.0,1.0
1378,0.0003522187417798195,0.00010280605956628867,0.0002701777942576052,0.0001673717346913165,0.010669363443535581,0.00011383531629027832,0.0003354195067952759,0.01388626166025635,0.00019282826289712673,0.00038797692381986604,0.0013246129667485974,1.7545995114609525e-06,8.71369521576737e-05
1379,5.460999492079566e-05,1.1581094426856472e-05,0.0001961555006236478,0.00018457440619679133,0.004125812295181495,1.7022327094440293e-05,0.00023673191962703122,0.003513652429852162,1.2345753398035342e-05,0.00016952641748335662,-0.002318448357846859,5.37520278809378e-06,0.00018220816476055557
1380,-3.0679580638444115,1.0,1.0,0.0,0.0,1.0,1.0,0.0,1.0,1.0,0.0,1.0,1.0
1381,5.2651383272372954e-05,1.833960482289232e-05,0.00014424298011617154,0.00012590337529327922,0.005768194512136697,3.327206792980153e-05,9.585732154726578e-05,-0.004599796780321143,2.1158130419807186e-05,0.0001302978497852436,-0.0007672132163271288,5.886161190682415e-07,0.00020657376901600522
1382,-4.1525888993777125,1.901332542571706e-05,7.675334152346114e-05,5.774001609774408e-05,-0.004405133681239707,1.9405202749567252e-05,7.745574778916797e-05,0.004336180831589365,1.880246420460363e-05,7.63791571484207e-05,0.004339620873218325,1.88323093229803e-05,7.642511963279475e-05
1383,3.6364785116815845e-05,1.2375682855799338e-05,0.0002627795479879236,0.00025040386513212426,0.0060040943018620846,3.60491483852865e-05,0.0002834052815796628,0.0009888487962830476,9.778219419720457e-07,0.00021728178000701703,0.0003163514513095327,1.0007824013946731e-07,0.0002876515823770909
1384,-3.0679580638444115,1.0,1.0,0.0,0.0,1.0,1.0,0.0,1.0,1.0,0.0,1.0,1.0
1385,5.909738601839187e-05,1.9331574999966367e-05,0.0003767850195557365,0.00035745344455577016,0.0023116906619942575,5.34391371642684e-06,0.0003715463239974959,-0.004272204219061579,1.8251728889251417e-05,0.00024209519245321776,-0.005865073093694275,3.439908239422085e-05,0.0005167135422164959
1386,6.877187001019802e-05,3.489820487652858e-05,0.00010357144334956676,6.867323847303819e-05,-0.005578314606425427,3.1117593847773684e-05,9.668603537316134e-05,-0.006818808938201463,4.649615533569573e-05,0.00011920199617143634,0.005203927886333694,2.708086544611632e-05,9.482629850410262e-05
1387,4.220060467019504e-05,1.389310146060474e-05,7.97169771341218e-05,6.582387567351707e-05,0.0013218539720473742,1.7472979235710895e-06,4.235255527429427e-05,-0.0048044999209613535,2.308321949051617e-05,0.0001464463737569366,0.004104727392664153,1.684878696772696e-05,5.0352002371134574e-05
1388,-3.0679580638444115,1.0,1.0,0.0,0.0,1.0,1.0,0.0,1.0,1.0,0.0,1.0,1.0
1389,0.00023216271403225797,0.00011387974658912577,0.00022693629594165246,0.0001130565493525267,0.008513274115029895,7.247583615732633e-05,0.00015550266425057302,-0.01277633691612104,0.00016323478499413735,0.00037991095563383315,-0.010292162970713583,0.00010592861861591363,0.00014539526794055124
1390,0.00018692651582241648,6.512967206943425e-05,0.0002704398235221876,0.00020531015145275333,-0.009847885796281266,9.698085465659201e-05,0.00023480284144039576,-0.009025866757651078,8.14662707265823e-05,0.0002859393994957271,0.0041160528209762196,1.6941890825128425e-05,0.00029057722963043986
1391,0.00018199907949145722,5.567086735869253e-05,0.00046684569042032553,0.000411174823061633,0.0006680133463891181,4.4624183059838174e-07,0.00035483205827591124,-0.012859240476584167,0.00016536006563483419,0.0006313673708867595,0.001098314440539336,1.2062946106450312e-06,0.0004143376420983058
1392,1.3999878192838544e-05,5.409655869999715e-06,0.00010022276707536786,9.481311120536814e-05,-0.0024991802098725466,6.245901721491087e-06,8.544314875147396e-05,0.0013708894591759938,1.8793379091830431e-06,0.0001275011846300078,-0.002846704758032308,8.103727979325015e-06,8.772396784462178e-05
1393,-3.0679580638444115,1.0,1.0,0.0,0.0,1.0,1.0,0.0,1.0,1.0,0.0,1.0,1.0
1394,6.063014680757206e-06,1.4457193235154857e-06,0.00022380930669751997,0.0002223635873740045,0.0015755321703863176,2.482301619699534e-06,0.0002173633806900055,-0.0007723956854558384,5.96595094992658e-07,0.0003382059107525093,-0.0011217224504840694,1.258261255854265e-06,0.00011585862865004515
1395,-3.0679580638444115,1.0,1.0,0.0,0.0,1.0,1.0,0.0,1.0,1.0,0.0,1.0,1.0
1396,2.4727061607054956e-05,1.565640440233847e-05,0.00011663544158265389,0.00010097903718031542,0.004892560608291837,2.3937149306041405e-05,0.00012365808957803814,-0.004273472135839529,1.8262564095872236e-05,0.00015399632310664213,-0.002183918452055108,4.769499805101773e-06,7.225191206328141e-05
1397,0.00012784109279906364,2.3034369506384305e-05,0.00017769380716333347,0.00015465943765694917,0.002003744675256062,4.014992723844202e-06,0.00016298672357162314,-0.005037183865682282,2.53732212962543e-05,0.00015818409919921006,-0.006301975444174484,3.971489449905441e-05,0.00021191059871916718
1398,4.0059139419845735e-05,7.604673090096566e-06,0.00013440536414703144,0.00012680069105693487,-0.0036518885035595663,1.3336289641951993e-05,0.00011351488099531348,-0.0007798823493250188,6.082164786258559e-07,0.00017815411177468654,-0.002978172787002972,8.86951314971185e-06,0.00011154709967109433
1399,0.0001194914374428313,4.366466692939941e-05,0.0003916936488320329,0.0003480289819026335,0.006021304583694068,3.62561088900204e-05,0.0004654211214635273,-0.00043377008715260836,1.8815648816783437e-07,0.00041674322302331923,0.009723668824542737,9.454973541001e-05,0.0002929166020092522
1400,-3.0679580638444115,1.0,1.0,0.0,0.0,1.0,1.0,0.0,1.0,1.0,0.0,1.0,1.0
1401,6.695973612902417e-05,1.8729658045650115e-05,0.00014293520752928224,0.00012420554948363213,-0.0007738897542237153,5.989053526445076e-07,0.00014035202157747229,-0.007336205301633197,5.3819908228724955e-05,0.00018504643814398758,-0.001330473808225986,1.7701605555808797e-06,0.00010340716286638685
1402,0.00013624763738417922,7.54197644201593e-05,0.0003459065157734494,0.0002704867513532901,-0.010436710340266624,0.00010892492272707166,0.0003570987047388785,-0.008843974300097548,7.821588142098435e-05,0.0003954487971967735,-0.00625447752511814,3.9118489112421884e-05,0.0002851720453846962
1403,8.833886600534413e-05,1.7680755737455495e-05,0.00014451602692215162,0.00012683527118469612,0.005373896582895087,2.8878764483541985e-05,0.0001885426486184505,0.004785736118523345,2.290327019649485e-05,0.00012169586437615898,-0.0011226007894125512,1.2602325323296526e-06,0.00012330956777184543
1404,0.00016210374940162087,4.678582209893811e-05,0.00017355058188036251,0.0001267647597814244,0.0076810077911278266,5.899788068752798e-05,0.0001865003644277996,-0.006729580486229921,4.528725352070939e-05,0.00010703188416572029,0.006006024649319003,3.6072332088576964e-05,0.00022711949704756762
1405,9.159316156059916e-05,2.8823719783447704e-05,0.0002196582763705305,0.00019083455658708282,0.0014941422809722367,2.2324611551605145e-06,0.0001482561120018655,0.006693016517006407,4.479647009703047e-05,0.0004223675216059597,-0.0062803047774696915,3.944222809815212e-05,8.835119550376636e-05
1406,-3.0679580638444115,1.0,1.0,0.0,0.0,1.0,1.0,0.0,1.0,1.0,0.0,1.0,1.0
1407,6.573353894301359e-05,2.3516092469644256e-05,0.0003470383204783693,0.00032352222800872504,0.0006215125934998795,3.862779037744346e-07,0.00024387096837230615,0.002449151784929248,5.998344465796279e-06,0.00026494148906619497,-0.008010221909498164,6.416365503936206e-05,0.0005323025039966067
1408,1.9091057326448002e-05,1.1674098883103964e-05,0.0002320824883364677,0.00022040838945336372,-0.004081880333344972,1.6661747055835008e-05,0.0003278968576968522,-0.0042760314695341455,1.8284445128191606e-05,0.000316379230675623,-0.00027587037736188436,7.610446528527604e-08,5.197137663692786e-05
1409,7.925208899095537e-05,2.2715588413158017e-05,0.00010160549307961879,7.888990466646077e-05,0.006915043617428229,4.781782823060077e-05,0.00018042076951418906,0.001719889591524123,2.9580202067780448e-06,6.797489391641154e-05,0.004167843183454552,1.7370916802095238e-05,5.642081580825575e-05
1410,-3.0679580638444115,1.0,1.0,0.0,0.0,1.0,1.0,0.0,1.0,1.0,0.0,1.0,1.0
1411,0.00016282909990505967,5.959505644703711e-05,0.00015955705264018386,9.996199619314675e-05,0.009365204557653717,8.770705640648302e-05,0.00017477197003679112,0.0015009248870797428,2.252775516686789e-06,0.00010304899154855995,-0.009424719487474646,8.882533741794152e-05,0.00020085019633520051
1412,1.9927019639376375e-05,2.6120787220603367e-06,0.0001629165299945612,0.00016030445127250084,0.001540654624454337,2.3736166714360962e-06,0.00023385312415391546,-0.0018191864044746662,3.309439174370432e-06,0.0002315698530314103,0.0014673719094839676,2.1531803203744815e-06,2.3326612798357793e-05
1413,6.168226343383765e-05,2.507728896887033e-05,0.00011593285747035775,9.085556850148742e-05,0.00012684105250389266,1.6088652743384557e-08,8.463288141802305e-05,0.006988026856000816,4.8832519340180625e-05,9.140705540877647e-05,0.005136463658361389,2.638325891368698e-05,0.00017175863558427373
1414,9.278869287665525e-05,4.65320254007621e-05,0.0002592735624500353,0.0002127415370492732,-0.004709436743617662,2.2178794441995997e-05,0.00013767977288881017,0.006699866923392496,4.4888216791161284e-05,0.0002742888042245317,0.00851639976568067,7.252906496912903e-05,0.000365852110236764
1415,0.00010526009998268471,6.165719155870608e-05,0.0002012745424163261,0.00013961735085762003,-0.0033925257669800623,1.1509231079731563e-05,0.00011180860994475239,0.009407774018771915,8.850621198819297e-05,0.00022967607525781197,-0.009217165052660629,8.495613160819371e-05,0.00026233894204641395
1416,0.00032045558577242783,0.00011795350301220993,0.0002993440290493347,0.0001813905260371248,-0.002973693994861921,8.842855974910968e-06,0.000207124939946568,0.013468254752809931,0.00018139388608651164,0.0004506740072784954,-0.012791550608686648,0.0001636237669752072,0.0002402331399229407
1417,1.5619699658797614e-05,3.9675155028007225e-07,0.00015457857100709127,0.0001541818194568112,0.0010769842801022953,1.1598951396019075e-06,0.00016046577904804682,0.00016744194284789803,2.803680387852836e-08,0.0001237735389288952,-4.8194471129927564e-05,2.3227073597809067e-09,0.0001794963950443318
1418,0.0010934850273968122,0.0003885796323759294,0.0006399688853250263,0.00025138925294909686,0.022011956372402684,0.00048452622334083095,0.0006031793226514148,0.024622321470436245,0.0006062587145929665,0.0010991297632575447,-0.00865759546260119,7.495395919399073e-05,0.00021759757006611924
1419,0.00013617695433942867,3.6124274480335096e-05,0.00014982878723820056,0.00011370451275786547,0.0006368831586927195,4.0562015812817265e-07,0.00013331065140320675,-0.010356991851761333,0.00010726728021726029,0.00017336603367890113,-0.0008366140480652288,6.999230656168365e-07,0.00014280967663249378
1420,1.756714768286205e-05,6.803013132272717e-06,0.00017198196300786486,0.00016517894987559215,0.0037451103639294728,1.4025851637899933e-05,0.0002016963322398757,0.0016952912349579429,2.87401237131224e-06,0.00020233379524592365,-0.0018732793136849242,3.5091753876059784e-06,0.00011191576153779526
1421,0.00020625837884402642,0.00012564102887139642,0.00042839479468226305,0.00030275376581086666,0.014224197760029162,0.00020232780191653532,0.0004937720465912898,0.011591258343845374,0.00013435726999333486,0.0003538133339190397,-0.006343344126263725,4.023801470431909e-05,0.00043759900353645964
1422,0.00015832929387271655,0.0001386176151966604,0.0002910782701070665,0.00015246065491040609,0.010510611772499416,0.00011047295983213079,0.00023557835206777789,0.012560099064533778,0.00015775608851098522,0.00031191354482507094,0.01215005338452384,0.00014762379724686525,0.0003257429134283507
1423,-7.502704878531631,2.4278149936366824e-06,9.696452979986632e-05,9.453671480622963e-05,-0.0026758031760636242,7.1599226363350255e-06,9.823562920452389e-05,0.00011429699022712964,1.306380192911405e-08,9.651077559835741e-05,0.00033235303964692606,1.1045854264590815e-07,9.614718459671767e-05
1424,2.382393384459114e-06,9.307113714533225e-07,0.00022325018257477827,0.00022231947120332496,0.00012132326448137922,1.4719334640034276e-08,0.0003340790292770679,-0.0008800637350770802,7.745121778368613e-07,0.0002533123589719688,0.0014152394152494743,2.002902601883072e-06,8.235915947529815e-05
1425,-3.0679580638444115,1.0,1.0,0.0,0.0,1.0,1.0,0.0,1.0,1.0,0.0,1.0,1.0
1426,3.1001825191889765e-05,1.084303029304697e-05,0.00010287871836497005,9.203568807192308e-05,-0.002450403617453673,6.004477888676973e-06,5.0525419884150935e-05,0.004612418919505293,2.1274408288807223e-05,0.00018549072522011656,0.002291332516669882,5.250204701656713e-06,7.262000999064266e-05
1427,2.684093117411024e-05,3.6575244998227063e-06,0.0001009836523565566,9.732612785673389e-05,-0.0013222181073887836,1.7482607237440106e-06,0.00010310358848208967,-0.002627153237493897,6.901934133107801e-06,9.887258286167544e-05,0.0015239352487462887,2.3223786426163073e-06,0.00010097478572590468
1428,5.2994189284394366e-05,2.1198210082655027e-05,0.0001537497703647898,0.00013255156028213477,-0.004807220793259096,2.3109371755314356e-05,0.00013043284365088503,-0.005693158718495015,3.2412056193753536e-05,0.00013826929392346532,-0.002841338117661558,8.073202298897186e-06,0.00019254717352001904
1429,-3.0679580638444115,1.0,1.0,0.0,0.0,1.0,1.0,0.0,1.0,1.0,0.0,1.0,1.0
1430,6.08601480878157e-06,1.8668237622421202e-07,3.791350648178297e-05,3.7726824105558755e-05,0.00040634502962544463,1.651162828686381e-07,3.8864702500585047e-05,-0.0004908713462654995,2.409546783210814e-07,3.6451743197774e-05,0.0003923979707710523,1.5397616748291654e-07,3.842407374698986e-05
1431,4.707577253326711e-05,3.4438021173273845e-06,0.00032625717678021654,0.0003228133746628892,-4.1372553570104343e-05,1.7116883466172794e-09,0.00031745117870596307,-0.0030745456312547582,9.452830838196924e-06,0.00037950972437617025,0.00093641007329476,8.768638254386119e-07,0.00028181062725851636
1432,3.655845798722357e-05,1.1625547741441386e-05,7.685584343479028e-05,6.52302956933489e-05,0.0011253753615854474,1.2664697043307527e-06,9.639680033102227e-05,0.004752127583271587,2.258271656729871e-05,6.524225637272174e-05,0.0033207615020334224,1.1027456952694692e-05,6.892847360062682e-05
1433,-3.0679580638444115,1.0,1.0,0.0,0.0,1.0,1.0,0.0,1.0,1.0,0.0,1.0,1.0
1434,0.0003756592316328522,0.00015667103566715154,0.0005115792139630168,0.0003549081782958652,0.006391906244495286,4.0856465438388057e-05,0.00045486879639289324,-0.016537350604124396,0.00027348396500370686,0.00042660814298212113,0.012476885691532916,0.00015567267655935968,0.0006532607025140358
1435,0.0002111721588557991,0.00010163188263893434,0.00019966368529992598,9.803180266099164e-05,-0.00950301102335081,9.030721850944445e-05,0.0001342562275792325,0.012339078298864018,0.00015225285326581073,0.0001709702702978877,0.00789528822412095,6.233557614154783e-05,0.0002937645580226578
1436,7.946733853958499e-06,6.537903382045999e-06,0.000192496310982578,0.000185958407600532,-0.0027610164325047926,7.623211740637181e-06,0.00022722061635505053,0.0021971219131417395,4.827344701308078e-06,0.00014512198797278497,-0.0026764068644474083,7.163153704192737e-06,0.00020514632861989845
1437,0.0018256700328095343,0.0007356141617439841,0.0014353606123657103,0.0006997464506217262,-0.02287557887812997,0.0005232921090094766,0.001638795048975239,0.033331839729916886,0.0011110115397807707,0.00153607092581165,0.023927783776224437,0.000572538836441705,0.001131215862310242
1438,6.769386659777332e-05,2.566947441270025e-05,0.00025938899858187386,0.0002337195241691736,-0.0047982764485722754,2.3023456877435677e-05,0.0002549137550681424,0.006733781446071824,4.534381256360298e-05,0.0002786857561241085,-0.0029395839497622614,8.641153797062096e-06,0.00024456748455337074
1439,-3.0679580638444115,1.0,1.0,0.0,0.0,1.0,1.0,0.0,1.0,1.0,0.0,1.0,1.0
1440,2.3180693596080992e-05,6.9601499237403885e-06,0.00022444887294274332,0.00021748872301900293,0.0012488855236179625,1.5597150511137414e-06,0.00010143112381555408,-0.0012000523587842754,1.4401256641649596e-06,0.00024732915022940283,-0.004228546920177605,1.7880609055942465e-05,0.0003245863447832731
1441,8.568131366959442e-06,2.6323514232817757e-06,0.00015882572959358132,0.00015619337817029955,0.0025820926995508415,6.667202709476072e-06,0.00018106720571620105,-0.0009854842526149988,9.711792118283213e-07,0.00011463500729624876,0.0005085984157088198,2.586723485409337e-07,0.00018077497576829415
1442,1.436230076012901e-05,1.601628037195546e-06,9.672309946070119e-05,9.512147142350565e-05,0.001596961095902465,2.5502847432745668e-06,8.877466407719581e-05,-0.0013564232467717968,1.8398840252453752e-06,0.00013666291345504344,-0.0006439839614334617,4.147153430666961e-07,6.473172084986434e-05
1443,7.079223375883181e-05,2.535428922774881e-05,0.00014135586270436207,0.00011600157347661326,-0.007556739565417497,5.7104312859768136e-05,0.00016526308621789276,-0.004204794271932744,1.7680294869037994e-05,6.569737255712749e-05,0.0011306015895054362,1.2782599544403084e-06,0.00019310712933806595
1444,-3.0679580638444115,1.0,1.0,0.0,0.0,1.0,1.0,0.0,1.0,1.0,0.0,1.0,1.0
1445,0.0001994767631560146,7.623671360723616e-05,0.0002630527128141639,0.00018681599920692776,-0.005769451845940904,3.3286574602553465e-05,0.0002017465514060346,-0.006251140724853878,3.9076760362077856e-05,0.00026870853127047845,-0.012503871634696273,0.00015634680585707716,0.0003187030557659787
1446,0.0003223256051884116,3.7535780720669245e-06,0.00019963545017021023,0.0001958818720981433,0.0013084017744643204,1.7119152038169716e-06,0.0002200048088193407,0.0009036022012801306,8.164969377277842e-07,0.00021694548046646833,0.0029550502660184966,8.732322074656018e-06,0.00016195606122482165
1447,0.0008568815479461644,0.0005491469654554196,0.0009039201371406532,0.0003547731716852336,0.016562128664836938,0.00027430410591078314,0.00047833652010964567,0.028613875846492408,0.0008187538909583125,0.0015548032891378183,-0.02354533710730991,0.0005543828994971634,0.0006786206021744956
1448,5.608771844445304e-05,1.7604626811107416e-05,0.0001712191716832049,0.0001536145448720975,-0.0032184701446188934,1.035855007158748e-05,0.0001234977452336805,0.006487439192777405,4.2086867280244356e-05,0.0002702455591467867,0.0006070115988733638,3.6846308149041107e-07,0.00011991421066914754
1449,0.00016209829011326615,7.000185711329247e-05,0.00032474879514502825,0.00025474693803173576,-0.010862766123298465,0.00011799968784953485,0.00020549987480744658,-0.009181040138770151,8.429149802968716e-05,0.0003914478690104639,-0.0027774782556735356,7.714385460655393e-06,0.0003772986416171742
1450,5.001720693675882e-05,1.686555169710946e-05,8.967870251586074e-05,7.281315081875128e-05,-0.004106683282704119,1.6864847583786258e-05,8.967798259251758e-05,0.004107114314495491,1.686838799253021e-05,8.96802741868763e-05,-0.00410650940757266,1.6863419515011913e-05,8.967785076818835e-05
1451,8.26343903976845e-05,2.4258151948841622e-05,0.00013340674915533293,0.00010914859720649131,0.003688366955258563,1.360405079653404e-05,0.0002199690782728192,-0.0038204373159834754,1.4595741285483577e-05,0.0001149016358172883,0.006676425972362629,4.457466376450725e-05,6.534953337589133e-05
1452,-3.0679580638444115,1.0,1.0,0.0,0.0,1.0,1.0,0.0,1.0,1.0,0.0,1.0,1.0
1453,9.60982510812558e-05,1.314423186086581e-05,0.0003602409084536573,0.0003470966765927915,0.0037515864161760523,1.4074400637942297e-05,0.0007015865922512798,-0.004572814948570159,2.091063655385028e-05,0.0002454599145385039,-0.00210894722337921,4.447658390804854e-06,0.00013367621857118817
1454,2.604330341793304e-05,7.4180092710651735e-06,0.00022605977951695166,0.0002186417702458865,-0.0026473514510922448,7.0084697053607314e-06,0.0003062363743443486,-0.003902282542323883,1.5227809040396778e-05,0.00022829339854568698,0.00013322562580480462,1.7749067438010968e-08,0.00014364956566081943
1455,0.00019952918186727508,7.096652364498486e-05,0.0002055723239685244,0.00013460580032353953,-0.010139104069590673,0.00010280143133412079,0.0002795287134578217,-0.01036436206988136,0.0001074200011155213,0.00025354225951679243,0.0016365019050641144,2.678138485312509e-06,8.364599893095903e-05
1456,0.0001349096835995267,2.06567176541661e-05,0.00019052063276074152,0.00016986391510657542,-0.007445711289090065,5.5438616600511637e-05,0.00022498768547440928,-0.002268459389322401,5.145908001047417e-06,9.906141537796564e-05,-0.0011771271644226938,1.3856283609392506e-06,0.00024751279742984966
1457,0.0001647266281036286,2.3691720927828303e-05,0.0002958730731898636,0.0002721813522620353,-0.0015803593734505833,2.4975357492129646e-06,0.0003203328507104253,0.008280748410930417,6.857079424527068e-05,0.0003809248385086006,-8.266068855959417e-05,6.8327890012653825e-09,0.00018636153035056502
1458,-3.0679580638444115,1.0,1.0,0.0,0.0,1.0,1.0,0.0,1.0,1.0,0.0,1.0,1.0
1459,-3.0679580638444115,1.0,1.0,0.0,0.0,1.0,1.0,0.0,1.0,1.0,0.0,1.0,1.0
1460,1.3880077278205505e-05,4.557748199555493e-06,0.00023806357886265359,0.0002335058306630981,-0.00036366998976551597,1.3225586159570923e-07,0.00026392425981280887,-0.003676451999273543,1.3516299303129031e-05,0.00021310055768186675,0.00015712871573143118,2.468943394173806e-08,0.0002371659190932851
1461,0.00022911590451912822,1.1828491607597988e-05,0.00048258967605766906,0.0004707611844500711,-0.0016117477294237692,2.597730743514326e-06,0.00036862457056152653,-0.004150295691181053,1.7224954324324138e-05,0.0006467731079419226,0.003957624256380665,1.5662789754955497e-05,0.00043237134966955804
1462,0.001147748379074276,0.0006429181106711868,0.0009082183417800094,0.0002653002311088226,-0.02226502656666547,0.0004957314080143993,0.0006383761469686,0.03184342495409501,0.0010140037128070212,0.001376181434074919,-0.0204699587491628,0.0004190192111921398,0.0007100974442965091
1463,1.6862558269381545e-05,1.3881244040151823e-06,0.00035690848062841507,0.00035552035622439987,-0.0007049968900536249,4.970206148868783e-07,0.0003412969968092927,-0.0019126982348941014,3.658414537532906e-06,0.00027613965851547295,9.454131160783711e-05,8.938059625762662e-09,0.00045328878656047955
1464,-2.8563930429808106,4.051614231152338e-06,0.00012189147900717086,0.00011783986477601852,0.0020128621986566985,4.051614230671241e-06,0.00012189147900665276,-0.002012862198656701,4.051614230338174e-06,0.00012189147900676378,-0.002012862198656698,4.051614232447598e-06,0.00012189147900809605
1465,2.2363850539885988e-05,6.572809142143162e-07,0.00012761048957380763,0.0001269532086595933,-8.02441363942806e-05,6.439121236212486e-09,0.00014274901025568276,0.0005866317326967979,3.4413679006473075e-07,0.00012327489904695454,-0.0012732897675442635,1.6212668313420053e-06,0.00011680755941878562
1466,0.00012734247952461697,0.00011283787412626663,0.00037874549057429857,0.00026590761644803196,0.010514400994302439,0.00011055262826820123,0.0003948511515402542,-0.010872619518501662,0.00011821385519594774,0.00039119934690345914,-0.010476026866848094,0.00010974713891465093,0.00035018597327918233
1467,9.704597321047448e-05,7.393371208260409e-05,0.00022499503659630568,0.00015106132451370158,-0.005782547800967412,3.3437859070395426e-05,0.00014819866080084676,0.009687250764599897,9.384282737645577e-05,0.0002624904048291743,0.00972216281496861,9.452044980096108e-05,0.00026429604415889596
1468,3.490312726828204e-05,2.2492725687513666e-05,0.00018678821547427985,0.00016429548978676617,0.000897685552697501,8.058393514698281e-07,0.00011945003064794957,0.0056877540817253155,3.2350546494863686e-05,0.000228920451667447,0.0058584802821741,3.432179121620749e-05,0.00021199416410744298
1469,0.00012154059579827514,3.466414053158543e-05,0.0001764288165926331,0.00014176467606104767,-0.009377915593118884,8.79453008716391e-05,0.00018139769928393612,-0.002805698696882193,7.87194517781753e-06,0.00017034950279537497,-0.0028592263893013597,8.175175545299673e-06,0.0001775392476985882
1470,0.00016006795054801515,8.42092436155184e-05,0.00039207869536498724,0.00030786945174946884,0.010921007250469801,0.00011926839936493572,0.00035406336133325667,0.0033817800512825347,1.1436436314515852e-05,0.0003515819228826489,0.011041870093718218,0.00012192289516710364,0.0004705908018790561
1471,4.3939485759092456e-05,8.443454554455757e-06,0.000120351986650169,0.00011190853209571323,0.0013775209591424375,1.8975639931584354e-06,9.264982093526442e-05,0.0045196516896889895,2.0427251396726298e-05,0.00015051436549529118,-0.0017336517164844721,3.005548273482539e-06,0.00011789177351995139
1472,-3.0679580638444115,1.0,1.0,0.0,0.0,1.0,1.0,0.0,1.0,1.0,0.0,1.0,1.0
1473,0.0001781471839268356,6.967911167073589e-05,0.00017450834756653025,0.00010482923589579436,-0.0037045187480828305,1.3723459154402207e-05,8.007405130028289e-05,-0.012581074329652539,0.00015828343128865274,0.0002889074329450736,-0.006085264543876946,3.703044456915272e-05,0.0001545435584542343
1474,-3.027496653894577,2.228648817174476e-05,0.00012183487386315435,9.954838569140959e-05,-0.004720856720045569,2.228648817248491e-05,0.00012183487386452363,-0.004720856720045578,2.228648817059753e-05,0.00012183487386152603,-0.004720856720045573,2.228648817215184e-05,0.0001218348738634134
1475,0.003926949946073233,0.001816326253358073,0.0027335489583079817,0.0009172227049499086,-0.057443905040615764,0.003299802226315207,0.004803136942511443,0.0008041894491504695,6.46720669905676e-07,0.00031424158512183276,0.046352236333204434,0.002148529813089106,0.0030832683472906686
1476,-3.0679580638444115,1.0,1.0,0.0,0.0,1.0,1.0,0.0,1.0,1.0,0.0,1.0,1.0
1477,0.00025955196546645354,9.825713237565648e-05,0.0003449863002051116,0.00024672916782945514,0.013517226425677457,0.00018271541024317273,0.0004697072408123004,0.005336344875356428,2.8476576628633232e-05,0.00015037250916227762,0.009142177544499705,8.357941025516347e-05,0.00041487915064075676
1478,-3.0679580638444115,1.0,1.0,0.0,0.0,1.0,1.0,0.0,1.0,1.0,0.0,1.0,1.0
1479,3.5550782707116646e-05,3.9139129756430675e-06,0.00021448827112076815,0.0002105743581451251,0.002427895095525471,5.894674594220106e-06,0.00030915586441859766,0.0021626010902768317,4.676843476381087e-06,0.0002756071482673539,0.0010817674684739465,1.170220856328008e-06,5.870180067635289e-05
1480,-3.0679580638444115,1.0,1.0,0.0,0.0,1.0,1.0,0.0,1.0,1.0,0.0,1.0,1.0
1481,0.00011496458050108682,2.3182487323432827e-05,0.00014820280155262525,0.0001250203142291924,0.0001657997665677431,2.748956362541577e-08,0.00015607176996745853,0.0001435406367280255,2.0603912909145095e-08,0.00011950310311537038,-0.008336628124923832,6.949936849376392e-05,0.00016903353157504686
1482,3.7645761281401846e-05,3.071638918709466e-05,0.0004216409630971585,0.0003909245739100638,-0.005245677501423515,2.751713244875109e-05,0.00040362098141699665,-0.005761530981613912,3.3195239252270525e-05,0.00041151418482843205,0.005606852580589375,3.143679586026238e-05,0.00044978772304604675
1483,-3.0679580638444115,1.0,1.0,0.0,0.0,1.0,1.0,0.0,1.0,1.0,0.0,1.0,1.0
1484,0.00018286803332057122,7.606465709701175e-05,0.0002464594739040038,0.00017039481680699203,0.012099808485574107,0.00014640536538768067,0.0005045173278875881,-0.0069343275301623495,4.808489829566387e-05,0.00010747091475282744,0.005805489437415224,3.37037076076907e-05,0.0001273901790715959
1485,4.1068085038786784e-05,1.3489546936843825e-05,0.00012366745707311408,0.00011017791013627025,0.0019084921587707304,3.6423423199760663e-06,7.660979130696965e-05,-0.002286744502152706,5.229200418122026e-06,0.00017819384974493424,0.005621129608236394,3.159709807243338e-05,0.00011619873016743831
1486,3.0841912851298225e-05,2.916707597814631e-06,0.0002460766415934475,0.00024315993399563288,0.0014785718416029,2.1861746911655544e-06,0.00031627028618474995,0.002353864444018706,5.540677821214146e-06,0.0001963606059554035,0.0010115682287014094,1.0232702810641925e-06,0.0002255990326401891
1487,2.7284745509725816e-05,4.938583135771779e-06,8.303319098520075e-05,7.809460784942897e-05,-0.001542386551196758,2.3789562730858194e-06,4.099952835656673e-05,0.000600512758997188,3.6061557384670095e-07,0.00010070741735079825,-0.003475079504258084,1.2076177560382817e-05,0.00010739262724823728
1488,0.00016518820313971005,5.089198667288889e-05,0.00024028093149316052,0.00018938894482027163,-0.0111085996634849,0.00012340098648322417,0.000279195102680041,-0.005394839384921477,2.910429198899056e-05,0.00040029530956409154,-0.00041313623247661785,1.706815464519451e-07,4.135238223534898e-05
1489,0.00022349876554905723,0.00017616152967555218,0.0002872873772467033,0.0001111258475711511,-0.012479652755721394,0.0001557417329035582,0.00035793066941114393,-0.012703458789720975,0.0001613778652217457,0.00022670872516061813,0.014538397122832378,0.00021136499090135263,0.0002772227371683478
1490,2.2301596244056476e-05,9.09378708302544e-06,0.0002212560773704094,0.00021216229028738395,0.004697744669907888,2.206880498345498e-05,0.00012866385606191688,-0.00020722323024256135,4.2941467159884894e-08,0.00029062865050133446,-0.0022736786929227837,5.169614798461453e-06,0.0002444757255479768
1491,6.255947535638295e-05,1.1352119913728604e-06,0.00017792335036529808,0.0001767881383739252,0.001731468744169361,2.9979840119320755e-06,0.00020463393382019746,-0.0005974600318520098,3.5695848943362307e-07,0.00012802474711559597,0.0002251521110424892,5.069347275288294e-08,0.00020111137016010083
1492,0.00023038121703766734,4.127412260794087e-05,0.00016936914805935435,0.0001280950254514135,0.006585324793811996,4.3366502640029836e-05,0.00017663326329864226,0.0012073792534426219,1.4577646619828855e-06,0.0001252820690575973,-0.008888087562669574,7.899810052180989e-05,0.0002061921118218235
1493,4.9066379903761614e-05,1.4595555928864634e-05,0.0010649840323981123,0.0010503884764692477,-0.0012808692768697671,1.6406261045265325e-06,0.0007822775295343032,0.006040824229625873,3.649155737261989e-05,0.0012140869065632165,0.002377915959352857,5.654484309447483e-06,0.0011985876610968171
1494,0.00014240412555655002,6.5300563508582e-05,0.0004288660071862423,0.0003635654436776603,0.011319132060290593,0.00012812275059859157,0.0006765526477920947,0.0009207625856121907,8.478037389902937e-07,0.0002637360023166613,-0.008181145163656119,6.693113618816415e-05,0.000346309371449971
1495,6.497704934049775e-05,1.2976525775957684e-05,7.305983348789476e-05,6.0083307711937074e-05,-0.003400081697505171,1.1560555550182983e-05,9.178277164423321e-05,0.0004287867922547967,1.8385811317855882e-07,1.7534581989386844e-05,-0.005213939361511089,2.7185163664511514e-05,0.00010986214683006423
1496,7.62945040420071e-05,3.60132620459049e-05,0.00029252161373779134,0.00025650835169188646,-0.0074050345959561685,5.483453736709887e-05,0.00021863885669537453,-0.0032123119812704406,1.0318948264642636e-05,0.00030550797549644404,0.006548763280641872,4.2886300505973196e-05,0.0003534180090215555
1497,4.348802758391557e-05,9.031613625494946e-07,6.509601478647357e-05,6.419285342392408e-05,0.0006718216495489703,4.5134432902216304e-07,5.992219164319135e-05,0.0013824834682555716,1.9112605407212158e-06,7.659494590472882e-05,0.000588964529688741,3.46879217905105e-07,5.8770906811500545e-05
1498,0.0034780791143952383,0.0017099670825508524,0.0034314363799549477,0.0017214692974040953,0.04695883039068933,0.002205131751661482,0.004993822265143666,-0.05271335549547699,0.0027786978475924373,0.0050672505053934724,0.012086010441765422,0.00014607164839863795,0.00023323636932770508
1499,2.6509930000861992e-05,1.130315377591747e-05,0.00018463850208213137,0.0001733353483062139,-0.0032576339550230505,1.0612178985347498e-05,0.00018926021255050163,-0.00324731404875078,1.0545048531596102e-05,0.00018970856351341325,-0.003571026996608267,1.275223381080881e-05,0.0001749467301824792
1500,-3.0679580638444115,1.0,1.0,0.0,0.0,1.0,1.0,0.0,1.0,1.0,0.0,1.0,1.0
1501,0.00021198528303933983,6.092701644496342e-05,0.0002590130076676929,0.0001980859912227295,0.003003703619896578,9.022235436084713e-06,8.725536032561099e-05,-0.01024491986643569,0.00010495838306967542,0.0005281974742682438,-0.00829460251182941,6.880043082913012e-05,0.000161586188409224
1502,-3.0679580638444115,1.0,1.0,0.0,0.0,1.0,1.0,0.0,1.0,1.0,0.0,1.0,1.0
1503,-3.0063420357818007,1.6095622465332287e-05,0.00012545641692196519,0.0001093607944566329,0.004011935002646437,1.609562246496221e-05,0.00012545641692185416,0.004011935002646436,1.6095622465961412e-05,0.00012545641692229825,-0.0040119350026464355,1.6095622465073234e-05,0.00012545641692174314
1504,3.3733471576535834e-05,6.490138057794563e-06,0.00016393703862838116,0.0001574469005705866,-0.0008592440146195191,7.383002764704827e-07,0.00017894812136109994,0.004242945681095495,1.8002588052623558e-05,0.00012099728740000426,-0.0008541228504479483,7.295258442896468e-07,0.00019186570712403928
1505,5.2055165899456135e-05,1.6775661777157502e-05,0.00013772174635680776,0.00012094608457965025,0.0018511042511401789,3.4265869489624734e-06,0.00016447423685517215,-0.005338851869104749,2.8503339280172568e-05,0.0001126371965688433,0.004289179304024032,1.8397059102337465e-05,0.0001360538056464078
1506,8.705437241973701e-05,3.402279738773384e-05,0.0002131693140308144,0.00017914651664308057,-0.003962237019434357,1.569932219824821e-05,0.00024533380729152565,0.005533288849851463,3.0617285495804225e-05,0.0002441393596611663,-0.007466711757471097,5.575178446914908e-05,0.00015003477513975128
1507,3.414022060732602e-05,2.0133578202741198e-05,0.00021939474259835556,0.00019926116439561437,-0.005107333113832583,2.6084851535768117e-05,0.00025685430172184276,-0.0033916650611012663,1.1503391886713565e-05,0.00015348768369283228,-0.004776242370891652,2.2812491185741912e-05,0.00024784224238039165
1508,-2.9995761999057744,2.7530258795538387e-05,0.00013003444603128708,0.0001025041872357487,0.005246928510569188,2.753025879465021e-05,0.000130034446030991,0.0052469285105691855,2.7530258795538387e-05,0.00013003444603132408,0.005246928510569184,2.7530258796426565e-05,0.00013003444603154612
1509,-3.0679580638444115,1.0,1.0,0.0,0.0,1.0,1.0,0.0,1.0,1.0,0.0,1.0,1.0
1510,0.0011451527727743827,0.00033334485976114586,0.0008964333871772275,0.0005630885274160817,-0.010476021154498274,0.00010974701922950025,0.0004320363339201938,0.01136895505388186,0.000129253139017238,0.0004975631924655222,-0.027586852322021887,0.0007610344210366993,0.0017597006351459665
1511,-3.0679580638444115,1.0,1.0,0.0,0.0,1.0,1.0,0.0,1.0,1.0,0.0,1.0,1.0
1512,-3.057340019819441,2.0343960777398824e-05,0.00011947612521005328,9.913216443265446e-05,0.004510428003836127,2.0343960777546855e-05,0.00011947612521034934,0.0045104280038361306,2.034396077688072e-05,0.00011947612520946116,0.004510428003836128,2.03439607777689e-05,0.00011947612521034934
1513,0.00011271686329183961,5.937850997054609e-05,0.00018403874755779093,0.00012466023758724484,-0.008006041464373469,6.409669992923916e-05,0.00012436019873784954,-0.0065414030654269055,4.278995406470365e-05,0.00025913789301990064,0.008440904922871393,7.124887591769546e-05,0.0001686181509156226
1514,-3.0679580638444115,1.0,1.0,0.0,0.0,1.0,1.0,0.0,1.0,1.0,0.0,1.0,1.0
1515,-3.0679580638444115,1.0,1.0,0.0,0.0,1.0,1.0,0.0,1.0,1.0,0.0,1.0,1.0
1516,0.00012186889162024706,4.266237714371327e-05,9.574249218757824e-05,5.308011504386497e-05,-0.00048464798113386946,2.348836655174935e-07,6.032367422570406e-05,-0.010571013974139525,0.00011174633644139842,0.0001378465714019228,0.004000738847298867,1.600591132422391e-05,8.905723093510787e-05
1517,-3.0679580638444115,1.0,1.0,0.0,0.0,1.0,1.0,0.0,1.0,1.0,0.0,1.0,1.0
1518,0.000302516994655444,0.0001663839596914111,0.0008688421297202339,0.0007024581700288228,-0.005085407491519101,2.5861369355117958e-05,0.0008171364440167084,-0.013235989433234587,0.00017519141627764245,0.000976201257919973,0.01726554642753721,0.0002980990934414729,0.0008131886872240202
1519,-3.0352136903452127,3.8667022657830806e-08,0.00011977754176036488,0.00011973887473770706,-0.00019663932154248404,3.866702191768212e-08,0.00011977754175973576,-0.00019663932154248407,3.866702236177133e-08,0.00011977754176017985,-0.0001966393215424839,3.866702369403896e-08,0.00011977754176117905
1520,0.0006544143268953917,0.00019204440952728477,0.0005227023227994584,0.00033065791327217364,-0.0011572568513944623,1.339243420050984e-06,0.000545545015072979,-0.02394257446324202,0.000573246871927946,0.0009244805618725538,0.0012438300663556968,1.5471132338573668e-06,9.808139145284223e-05
1521,-3.0679580638444115,1.0,1.0,0.0,0.0,1.0,1.0,0.0,1.0,1.0,0.0,1.0,1.0
1522,0.00013826326442056835,3.141567231668141e-05,0.00023147868125772408,0.00020006300894104267,-0.007902369193560434,6.244743887207083e-05,0.0002629849954851604,-0.0005141192603762639,2.6431861388509503e-07,0.00021527827631917518,-0.005615626364400309,3.1535259464088305e-05,0.00021617277196883666
1523,4.185671420464665e-05,1.8307907651597215e-05,0.00012523447300919846,0.00010692656535760124,0.0021068202507605435,4.438691568964259e-06,7.552160201995672e-05,0.003586444419196268,1.2862583571915387e-05,0.00014450366875640164,0.006133714030992546,3.7622447813912e-05,0.00015567814825123705
1524,0.00027331525660012623,5.408357623533829e-05,0.0002435906510184956,0.00018950707478315731,0.0005367717751302548,2.881239384855405e-07,0.00017201333806482477,-0.01156896027502615,0.00013384084184486778,0.00037367097822804674,0.005302995655530209,2.8121762922661553e-05,0.0001850876367626153
1525,0.0003621760009151487,0.00010859922683211416,0.0004177977731617914,0.00030919854632967725,0.011049916105574261,0.0001221006459402041,0.0006604167734501898,0.011647725895176805,0.00013566951852928,0.00036777722984748795,0.008247879486686845,6.802751602685841e-05,0.0002251993161876964
1526,-3.0679580638444115,1.0,1.0,0.0,0.0,1.0,1.0,0.0,1.0,1.0,0.0,1.0,1.0
1527,0.0002250078915719822,6.869231283597917e-05,0.0005750488204724716,0.0005063565076364924,0.009036837634869989,8.166443443924365e-05,0.0006270077874604985,0.007075782954325509,5.0066704415985264e-05,0.0005636198917774449,0.008622401037592955,7.43457996527086e-05,0.0005345187821794717
1528,5.570867459214757e-05,1.9162053155774572e-05,0.00019889688373194345,0.00017973483057616887,-0.0026175343439469464,6.851486041847821e-06,0.0001824861094005259,-0.0023410124433230132,5.480339260066636e-06,0.0002356376379027969,0.00671969747571299,4.515433416540926e-05,0.0001785669038925075
1529,6.181348147116239e-05,1.533813942729741e-05,0.00022151587847189327,0.00020617773904459585,0.002596032344000657,6.739383930698395e-06,5.1957907480137955e-05,0.004595128798181527,2.1115208671984576e-05,0.00043320696762416677,-0.004261434697279322,1.8159825679209263e-05,0.00017938276031137512
1530,3.7863859929765376e-05,2.047695891923181e-05,0.00014584076154507594,0.00012536380262584412,0.003839764926599839,1.4743794692129164e-05,0.0002219795150484316,-0.0038003969480075485,1.4443016962961686e-05,6.801516349319581e-05,-0.005678385783193312,3.224406510260458e-05,0.00014752760609360038
1531,0.0001420459715590905,7.872310448927186e-06,0.00015516593007106985,0.00014729361962214266,0.00037056077358149555,1.3731528669680415e-07,0.00015575023464031723,0.0027059768110777377,7.322310502044793e-06,0.00013175252841668428,0.00401961510072094,1.6157305558039958e-05,0.00017799502715620807
1532,0.00012022116014009931,1.4657889234899931e-05,0.00013024185665618435,0.00011558396742128442,-0.002748667365281899,7.555172285012013e-06,0.00017030984367738533,-0.003277168925671534,1.0739836167283912e-05,0.00011315685802371078,0.005067411494290859,2.5678659252403868e-05,0.0001072588682674569
1533,4.7008153288841115e-05,3.06514900020316e-05,0.00017602181971676512,0.00014537032971473351,0.006234075677709117,3.886369955541369e-05,0.00015552645055350034,-0.006705689963261698,4.496627788419527e-05,0.0001832656113810449,-0.002850349551786521,8.124492566485841e-06,0.0001892733972157501
1534,-3.0679580638444115,1.0,1.0,0.0,0.0,1.0,1.0,0.0,1.0,1.0,0.0,1.0,1.0
1535,0.00021082392142979245,0.00013872711967640358,0.00028112550858553725,0.00014239838890913367,0.014290367101631118,0.00020421459189901014,0.00036555773249513646,-0.00954017021824717,9.101484779272528e-05,0.0002209234220134082,0.010997814298180178,0.00012095191933747529,0.00025689537124806705
1536,5.3635354604453234e-05,2.113151523375212e-05,0.00012137812184109809,0.00010024660660734597,0.0010792733186573466,1.164830896072111e-06,9.936248728725783e-05,-0.005611380350921182,3.148758944282459e-05,0.00019902510975411403,-0.005544558175587105,3.074212536235965e-05,6.57467684819224e-05
1537,0.0001879695715083507,0.00012477665677357308,0.0003255661281947135,0.0002007894714211404,-0.012444268683666089,0.000154859823071396,0.00044388721574328827,-0.011091137649516811,0.0001230133343604889,0.00031534907356345343,-0.00982124294013756,9.645681288883434e-05,0.00021746209527739868
1538,4.3230380471825924e-05,6.078367258077755e-06,0.000152308401961491,0.00014623003470341325,-0.001868362443738026,3.4907782209270266e-06,0.00013015930198445602,-0.0038398203820647174,1.4744220566687005e-05,0.00013582749726714916,-1.0148222115456287e-05,1.0298661923258123e-10,0.00019093840663286787
1539,-3.0679580638444115,1.0,1.0,0.0,0.0,1.0,1.0,0.0,1.0,1.0,0.0,1.0,1.0
1540,3.0439247483360354e-05,1.4165826861201047e-05,0.00034390690024525367,0.0003297410733840526,0.0023925207100557633,5.724155348274529e-06,0.00026050246260544974,-0.004925823513104324,2.426373728259268e-05,0.0005796116205395441,0.003536889587253148,1.2509587952735934e-05,0.00019160661759076714
1541,-3.0679580638444115,1.0,1.0,0.0,0.0,1.0,1.0,0.0,1.0,1.0,0.0,1.0,1.0
1542,-3.0679580638444115,1.0,1.0,0.0,0.0,1.0,1.0,0.0,1.0,1.0,0.0,1.0,1.0
1543,3.1344829964696785e-05,1.3794553746504512e-05,9.149831185658226e-05,7.770375811007775e-05,-0.0006720564541749756,4.5165987794248963e-07,5.522415276415504e-05,0.0035946952383293625,1.2921833856482934e-05,0.00010232723684122647,0.0052924632738517285,2.8010167505088113e-05,0.00011694354596436529
1544,3.8642081601203415e-06,2.316501223324311e-06,0.00023915096782271364,0.00023683446659938934,0.001710389624162041,2.92543266633416e-06,0.00016342567244909123,0.0011988747408282843,1.4373006438361813e-06,0.0002622217983277997,-0.0016083439806444796,2.5867703598025926e-06,0.00029180543269125003
1545,0.00011731394080971569,3.465972422278529e-05,0.00019328929724852598,0.00015862957302574068,-0.0007093667123281031,5.032011327621433e-07,7.573277924199928e-05,0.0013117652024550973,1.7207279463526959e-06,0.00022963052914437565,-0.010087380412639178,0.00010175524358924104,0.000274504583359203
1546,5.9208590351467194e-05,2.35556266112343e-05,0.00022082918673934268,0.00019727356012810837,-0.0016779411475265965,2.8154864948337632e-06,0.00021568676491545702,-0.00521673151559444,2.7214287705801254e-05,0.00016446591624996731,0.006374723965228067,4.063710563306788e-05,0.0002823348790526037
1547,-3.0679580638444115,1.0,1.0,0.0,0.0,1.0,1.0,0.0,1.0,1.0,0.0,1.0,1.0
1548,4.41073158448102e-05,1.4445278834244549e-05,0.00013396896601506705,0.0001195236871808225,0.001956860990334349,3.8293049362536635e-06,0.00010676750772642407,-0.0004745196900059199,2.2516893594115572e-07,2.559638033960976e-05,-0.006267484553702235,3.928136263053883e-05,0.00026954300997916736
1549,9.836685285058433e-05,3.995249674256426e-05,0.00019036246638659549,0.00015040996964403122,0.0032247981906049295,1.0399323370435809e-05,6.092705030558143e-05,-0.003425511156651136,1.1734126684315171e-05,0.00011021194267668566,0.00988554703458194,9.772404017294178e-05,0.00039994840617751937
1550,6.149210012307282e-05,2.771379200235587e-05,0.00015774624913803917,0.0001300324571356833,0.005145096074321821,2.6472013614164958e-05,0.00012751413174760806,0.005260753360259079,2.767552591720346e-05,0.00021211721312086596,0.005384592507851139,2.8993836475699197e-05,0.00013360740254564352
1551,2.301725580466929e-05,2.1496850048078702e-05,0.0007928086679763376,0.000771311817928259,-0.004785261438970522,2.2898727039311062e-05,0.0008928050708914004,0.004544465085084474,2.065216290947358e-05,0.0005866713446427418,-0.004575987346448962,2.093966019545146e-05,0.0008989495883948706
1552,-3.0679580638444115,1.0,1.0,0.0,0.0,1.0,1.0,0.0,1.0,1.0,0.0,1.0,1.0
1553,8.060481620508764e-05,2.5237025360613785e-06,0.0002729893333590268,0.00027046563082296543,-0.002468643739522575,6.094201912332231e-06,0.0002660186183862656,0.0011245859879289728,1.264693644253967e-06,0.00029795058167447763,0.0004606647941553737,2.1221205159793755e-07,0.00025499880001633723
1554,0.00011009186555843709,3.299855696455486e-05,0.00022984516444535252,0.00019684660748079766,0.005981518786726226,3.577856699576998e-05,0.00025988319133640747,0.007176274430342341,5.1498914699132925e-05,0.00011807431983501537,0.0034231840731949515,1.1718189198761664e-05,0.0003115779821646347
1555,2.365438532969666e-05,1.4671528561642036e-05,0.00018099144224278016,0.00016631991368113813,0.0033432721574286647,1.1177468718703842e-05,0.0001848101743797681,0.0031607453475543173,9.990311151564235e-06,0.00011783374613050235,-0.004779833241210781,2.2846805814658033e-05,0.00024033040621807
1556,-3.0679580638444115,1.0,1.0,0.0,0.0,1.0,1.0,0.0,1.0,1.0,0.0,1.0,1.0
1557,7.368559943254915e-05,2.8490890870425112e-05,0.0003106246146307168,0.00028213372376029167,0.002272213838327882,5.162955727167073e-06,0.0002884178713956631,-0.006910782789074139,4.775891875763438e-05,0.00041617884200761956,-0.00570533067634607,3.255079812647388e-05,0.00022727713048886766
1558,-3.0679580638444115,1.0,1.0,0.0,0.0,1.0,1.0,0.0,1.0,1.0,0.0,1.0,1.0
1559,0.0001172994076908962,2.879742259809248e-05,0.0002337407588377527,0.0002049433362396602,-0.004791788005662097,2.2961232291507372e-05,0.00017909913526892307,-0.0030881528391550842,9.5366879582226e-06,0.00030653196798313687,-0.0073412769696184505,5.389434754454747e-05,0.00021559117326119814
1560,0.0001224268162867137,4.116652136720855e-05,0.0003162220509793645,0.00027505552961215596,0.0024619860412834244,6.061375267707447e-06,0.00013128118562233393,-0.01070939165827464,0.00011469106968997611,0.0006841996279618456,0.0016574435568780601,2.7471191439421005e-06,0.00013318533935391397
1561,0.00046929309240772987,0.00017281105592666565,0.00034662561966969374,0.0001738145637430281,0.011631502751422244,0.00013529185625638096,0.00044703790983624536,0.018776432820979534,0.0003525544294809002,0.0003873085516624686,0.00553054084544146,3.058688204271576e-05,0.00020553039751036728
1562,-3.0679580638444115,1.0,1.0,0.0,0.0,1.0,1.0,0.0,1.0,1.0,0.0,1.0,1.0
1563,6.903048512885146e-05,3.533838579309704e-05,0.0002003127529418558,0.00016497436714875877,-0.0058775065226827055,3.454508292510816e-05,0.0002298893905818833,-0.0074204638534556945,5.506328380067149e-05,0.00022888295399903225,-0.004050529675699153,1.640679065351147e-05,0.00014216591424465186
1564,0.00010501484492508872,4.29889608632994e-05,0.00014542080210607397,0.00010243184124277457,-0.0015423061995783064,2.378708413242059e-06,0.00011842025578367998,0.005792965249112252,3.35584463778682e-05,0.00014997210392331262,0.009645191952371972,9.302972779878793e-05,0.00016787004661122928
1565,3.500003020584508e-05,1.909314669949295e-05,0.0004108145330126896,0.00039172138631319664,-0.0036463570986384926,1.3295920090583557e-05,0.000173975719631847,-0.003060215617419687,9.364919625443058e-06,0.0008061707968314291,0.005883757335438688,3.4618600382452236e-05,0.0002522970825747928
1566,0.000150008440494509,7.562474998471884e-05,0.0003856952586260842,0.00031007050864136537,-0.011001735847536375,0.00012103819165831808,0.00040571948431666893,-0.0006222071955964972,3.871417942891142e-07,0.00026713221417518085,-0.010268832285222901,0.0001054489165015493,0.0004842340773864029
1567,3.6559985579387444e-05,8.896395374047295e-06,0.00011474364784018014,0.00010584725246613284,0.004357472038841592,1.8987562569017236e-05,0.0001653668381665918,0.0017920133875774773,3.2113119812215984e-06,6.064166067254462e-05,-0.0021190355287576397,4.4903115719030495e-06,0.00011822244468140397
1568,8.009982759182854e-05,3.716474486718339e-05,0.0001402738779034222,0.00010310913303623881,0.005786630153352192,3.348508853218135e-05,0.0001519109721525025,0.008760642578380322,7.674885838571122e-05,0.000226105371577634,0.0011226253530126902,1.2602876836576016e-06,4.280528998013011e-05
1569,-3.0679580638444115,1.0,1.0,0.0,0.0,1.0,1.0,0.0,1.0,1.0,0.0,1.0,1.0
1570,4.0667678084194137e-05,1.0485462564842804e-05,0.00023793247435096218,0.00022744701178611937,-2.9796386301465802e-05,8.878247026444797e-10,0.00020995077328367362,0.004428966830637454,1.961574718678527e-05,0.0003022052597663194,-0.003440894169055845,1.1839752683040494e-05,0.0002016413900028935
1571,4.8305490206845825e-05,1.5719779954033914e-05,0.00033532392122093135,0.00031960414126689746,-0.0033248776495418686,1.1054811384192398e-05,0.00033222187652515167,-0.004951289599328963,2.451526869629017e-05,0.00033908327802534277,-0.003404300189695848,1.1589259781619177e-05,0.0003346666091122996
1572,0.0003473083919878217,0.00021233440578372065,0.0006935917539523014,0.0004812573481685808,0.011887612985945853,0.00014131534250283462,0.00043737262664222953,0.016036042085504288,0.00025715464576825386,0.0009279541384378254,-0.01544452100520066,0.00023853322908007346,0.0007154484967768493
1573,7.186250108426329e-06,4.350686343449854e-06,0.00011372419585564675,0.00010937350951219689,0.002257295722840595,5.095383980413537e-06,0.00012093616510899796,0.0009421458632809933,8.876388278844516e-07,8.663042477019545e-05,0.0026587659210012935,7.069036222051572e-06,0.00013360599768774684
1574,4.041195212312054e-05,1.7936012331169298e-05,0.00022005396697962384,0.00020211795464845456,0.004306788939224962,1.854843096671388e-05,0.00018031642674498638,0.004544494259908534,2.0652428078693497e-05,0.0002982179266446394,-0.003821933796941742,1.4607177948100514e-05,0.0001816275475492457
1575,5.793183304358962e-05,2.4523614412593393e-05,0.00026396710244251204,0.00023944348802991863,0.007237172374473373,5.237666397739371e-05,0.0002187458530974462,0.0037023379448741546,1.3707306258825547e-05,8.574739786049168e-05,0.00273621508698148,7.486873001560923e-06,0.00048740805636959816
1576,8.303300302880956e-06,6.5268386073939295e-06,0.0002825382651013471,0.00027601142649395316,0.0025237861125854276,6.369496341362968e-06,0.00033250531020345697,-0.0028487999953343904,8.115661413787834e-06,0.0003391148561108226,-0.0022572899828921535,5.095358067030986e-06,0.00017599462898976181
1577,5.226299953420277e-05,6.403908225631009e-06,0.0003972745950889071,0.0003908706868632761,-0.0016080665578506305,2.5858780536847092e-06,0.0003764964168132545,0.0030375090532845117,9.226461247568984e-06,0.00044157031645775113,0.002720181129301605,7.3993853756393335e-06,0.00037375705199571563
1578,7.628214497590324e-05,2.2524721235687533e-05,0.00013727655685898585,0.00011475183562329831,0.0004698676787949354,2.2077563466282868e-07,5.9855258876750916e-05,-0.007791372932794148,6.0705492177848264e-05,0.00026988931859284193,-0.002578351390856623,6.647895894551503e-06,8.208509310736467e-05
1579,0.0001996393571894739,8.947582339265588e-05,0.00020657445295742724,0.00011709862956477136,0.012115863516304538,0.00014679414874552155,0.00022420630910868766,-0.00032201639369893343,1.0369455782921477e-07,0.0002022087880740875,-0.011024047662935335,0.00012152962687461688,0.00019330826168950654
1580,0.0005023988886559971,0.00017916754237549495,0.0004981183112179322,0.0003189507688424372,0.018338418183754472,0.00033629758148212563,0.0005681807381993087,0.014122759724563649,0.000199452342237727,0.0007938167900379822,0.001323897052920039,1.75270340663225e-06,0.00013235740541650554
1581,1.946197613034162e-05,1.5589275682829456e-05,0.0001287690099821918,0.00011317973429936233,0.0034665632645099354,1.2017060866620355e-05,0.00011006015245462741,-0.0041026935333561085,1.683209422886911e-05,0.00013369461870560428,-0.004233045233983803,1.79186719529989e-05,0.0001425522587863437
1582,7.404512523412343e-05,4.427599888641905e-05,0.000294563794130102,0.00025028779524368294,0.006396442905879983,4.091448184784241e-05,0.0003865434451952865,0.007143004187636461,5.102250882504933e-05,0.0001593133083372944,0.006394607570925922,4.0891005986365414e-05,0.00033783462885772497
1583,-3.0679580638444115,1.0,1.0,0.0,0.0,1.0,1.0,0.0,1.0,1.0,0.0,1.0,1.0
1584,3.768346952992552e-05,2.235533546120679e-05,0.00015213879386880938,0.00012978345840760258,-0.004426898880038438,1.9597433693840927e-05,0.00011070775378752007,0.005251407967076844,2.757728563695938e-05,0.0001560633185939686,0.004459964916125773,1.989128705282006e-05,0.0001896453092249395
1585,0.00010017602856715602,2.2815696696154575e-05,0.00018172578672085807,0.0001589100900247035,-0.0022180965407459915,4.919952263704452e-06,0.00014822174569584234,0.0036367630596404682,1.3226045551539833e-05,0.0001430549179131102,-0.00709232629494855,5.030109227321944e-05,0.0002539006965536217
1586,0.0001486443492889622,6.566080850941199e-05,0.00024310375976355214,0.00017744295125414017,-0.007358732162499079,5.415093903982093e-05,0.0001627492818975229,-0.01185363199884759,0.00014050859156311546,0.00028958122534350483,0.0015241046307724775,2.322894925299579e-06,0.0002769807720496287
1587,-3.0679580638444115,1.0,1.0,0.0,0.0,1.0,1.0,0.0,1.0,1.0,0.0,1.0,1.0
1588,3.5537265940965845e-05,3.609345623378779e-06,0.00014682473685515932,0.00014321539123178054,0.0024903621101777457,6.201903439917444e-06,0.00015426024614173528,-0.0010884496858893518,1.1847227179284658e-06,0.00013325067612623975,0.001855103962684456,3.441410712290427e-06,0.00015296328829750294
1589,-3.0679580638444115,1.0,1.0,0.0,0.0,1.0,1.0,0.0,1.0,1.0,0.0,1.0,1.0
1590,-2.97450728327162,5.2904967527226766e-05,0.0002055415916945765,0.00015263662416734974,-0.0072735801038928535,5.290496752674567e-05,0.00020554159169428043,-0.007273580103892851,5.2904967527855895e-05,0.00020554159169483555,-0.007273580103892853,5.290496752707874e-05,0.0002055415916946135
1591,5.654784686637271e-05,6.254469854583e-06,0.00021641807189176632,0.00021016360203718332,-0.0018893157219411864,3.569513897794252e-06,0.00020707390562346717,-0.0003970545124005738,1.576522858925955e-07,0.00023718068270939252,0.0038776595234742187,1.5036243380062153e-05,0.00020499962734243926
1592,-2.6149327523910793,2.861322402669675e-05,0.0001961301600422738,0.00016751693601557704,0.007795435856132207,6.076882018712926e-05,0.00027774587499629355,-0.0020110058557506593,4.044144551129669e-06,0.0001690515364062284,-0.004585488778927839,2.102670734183132e-05,0.00014159306872429944
1593,5.5994170927609055e-05,2.4039340412840282e-05,0.00020736813156863043,0.00018332879115579015,-0.007467391984816081,5.576194305478843e-05,0.00030673607993325636,0.003178090077318673,1.0100256539247177e-05,0.0001946473996747855,-0.0025011640578861943,6.255821644485238e-06,0.00012072091509784943
1594,0.0006709255908519118,0.00014233726764734111,0.00047341854163355607,0.00033108127398621495,0.01156776132560874,0.00013381310208659958,0.0007516764983468427,-0.00983903562267667,9.680662198441325e-05,0.000326248733925838,0.014013995821004243,0.0001963920788710105,0.0003423303926279875
1595,0.00024509707841646744,0.00012228647601756718,0.0005915945408343504,0.0004693080648167832,0.01087358417081302,0.00011823483272010993,0.0005675636314923516,-0.012389049544203988,0.0001534885486085269,0.0006723513768404077,0.009753770897653367,9.513604672406473e-05,0.0005348686141702919
1596,8.576903494050825e-05,2.2190556086173114e-05,0.00027971206087259076,0.00025752150478641767,-0.003939237677629226,1.5517593480840475e-05,0.0002999500569407232,0.0021720233737448037,4.717685535893246e-06,0.0002676914925175966,0.006807083754587338,4.6336389241785625e-05,0.00027149463315945255
1597,7.681487178190505e-05,4.2196543618514916e-05,0.00018946257613853637,0.00014726603252002146,-0.008477849129674482,7.187392586616159e-05,0.000261399804511675,-0.0024768121265669983,6.134598309337491e-06,0.00024390091434567385,-0.0069700148263459796,4.858110668004567e-05,6.30870095582603e-05
1598,1.0885994066400784e-05,5.396388529366192e-07,0.0001171402921392728,0.00011660065328633618,0.0011174992728938975,1.2488046248204654e-06,0.00010369930778497682,9.115056735750236e-05,8.308426058256657e-09,0.00011813555482431681,0.0006015010457215164,3.6180350793113547e-07,0.00012958601380852475
1599,-2.7770005225184433,2.1559502659547942e-05,0.00012390532657761502,0.00010234582391806708,0.004643221151274775,2.1559502659473928e-05,0.000123905326577467,-0.004643221151274773,2.1559502659806995e-05,0.00012390532657768905,-0.004643221151274773,2.1559502659362906e-05,0.00012390532657768905
1600,0.00016729213785149355,6.332045687762466e-05,0.0003289174975825704,0.0002655970407049457,0.009348024787264346,8.738556742304837e-05,0.00034485220111302173,-0.009669771767615168,9.350448603806516e-05,0.0002788506295545723,-0.00301186274119044,9.071317171760462e-06,0.00036304966208011713
1601,0.00016063793315712616,0.00012812013451439044,0.00022193913692232967,9.381900240793922e-05,0.011922565491105272,0.0001421475678902162,0.00023661316751510952,0.010836614672324227,0.00011743221755555755,0.0002004712839215328,0.011170524522029473,0.0001247806180973976,0.00022873295933034665
1602,0.00020031414172216877,5.747151069964337e-05,0.00040584776166641134,0.000348376250966768,0.0023586553169913553,5.563254904306092e-06,0.0003000847102992976,-0.008482449622275356,7.195195159459544e-05,0.000309209833551094,-0.009741628488098321,9.489932560002856e-05,0.0006082487411488424
1603,-3.0679580638444115,1.0,1.0,0.0,0.0,1.0,1.0,0.0,1.0,1.0,0.0,1.0,1.0
1604,6.387736490087725e-05,5.7458405201401184e-05,0.00022315451955553142,0.00016569611435413023,0.007172066458267302,5.143853728195591e-05,0.00019787204004695358,-0.007702847215740542,5.933385522793877e-05,0.00023600922347200015,0.007848746593849367,6.160282309430887e-05,0.0002355822951476405
1605,0.00025233427480830795,8.334734850623526e-05,0.0002633936979050677,0.00018004634939883246,-0.01520310135459347,0.00023113429079812953,0.0004970281579085301,0.001917823565581232,3.6780472290054433e-06,0.0001926448259894631,0.0039025257835693513,1.522970749157082e-05,0.00010050810981721003
1606,0.000474568561080968,0.0004045100212810941,0.0006264977082216516,0.00022198768694055754,0.019631091305203883,0.0003853797458335251,0.0006249932120929724,-0.01960931203568787,0.00038452511851305715,0.0005260787964063152,-0.021062412005666404,0.0004436251994967,0.0007284211161656673
1607,0.00013858914562758784,4.8937901896602597e-05,0.0002569368819278865,0.0002079989800312839,-0.002516857624995834,6.3345723045893365e-06,0.0003232269198372162,-0.011048464107073771,0.00012206855912499925,0.0003358596971395622,-0.004290754509432315,1.8410574260219192e-05,0.00011172402880688104
1608,0.0001432139456114534,5.7737099803685986e-05,0.00041059405343912836,0.0003528569536354424,0.01060764470717619,0.00011252212623358293,0.000196619518730623,-0.003272069341314926,1.0706437774343769e-05,0.0007596865456839241,0.007069846915085559,4.998273540313125e-05,0.00027547609590283795
1609,6.753562149486303e-05,2.5802292759317485e-05,0.0001176193965321722,9.181710377285471e-05,0.008165231831440332,6.667101086021976e-05,0.0001481228205778562,0.0010937406789271182,1.1962686730093708e-06,0.00012396056752961293,0.0030886240859843033,9.539598744723321e-06,8.077480148904748e-05
1610,-3.332602815396437,2.7377408363671307e-06,0.00010612526487974172,0.00010338752404337459,-8.33728973167782e-05,6.951039299707418e-09,0.00010291539561102514,0.0016425716100535467,2.698041492665837e-06,0.00010627091145010148,-0.002346961861142799,5.508229977135848e-06,0.00010918948757809854
1611,-3.0679580638444115,1.0,1.0,0.0,0.0,1.0,1.0,0.0,1.0,1.0,0.0,1.0,1.0
1612,0.0001560414475185734,5.563689093653531e-05,0.0003061824534397924,0.0002505455625032571,-0.012276218997901486,0.00015070555288454468,0.0003843707136909069,-0.0016844684227077908,2.837433867641792e-06,0.00025050810755988806,-0.003656184631215294,1.3367686057419448e-05,0.00028366853906858225
1613,-3.0679580638444115,1.0,1.0,0.0,0.0,1.0,1.0,0.0,1.0,1.0,0.0,1.0,1.0
1614,0.00010796364030363215,3.365120710778028e-05,0.0004620516005104565,0.0004284003934026762,-0.0018501989244920215,3.423236060728918e-06,0.00010855430202894034,0.009851153380049028,9.704522291720252e-05,0.0008713226954256692,0.0006965359614622539,4.851623454094067e-07,0.00040627780407676006
1615,0.00013193463051519583,8.991807707007618e-06,0.00013705128170204972,0.0001280594739950421,-0.0017745259699946019,3.1489424182629122e-06,7.702267758780135e-05,-2.610112872486685e-06,6.8127725683098106e-12,0.00012018031663707518,0.004881236922130254,2.3826473889987376e-05,0.00021395085088127264
1616,2.3192200150456976e-05,8.208745863084546e-06,0.00011494244587303044,0.00010673370000994589,-0.004780490476050619,2.285308919136586e-05,0.00014216216540996474,0.0013002746895385345,1.6907142679212228e-06,0.0001325645873153647,-0.0002871134441831233,8.243412996655763e-08,7.010058489376192e-05
1617,6.798332104251958e-05,3.341641670969361e-05,0.0002851715200331932,0.0002517551033234996,0.0059451069097071025,3.534429616769419e-05,0.0003082064650884453,0.007736906106211132,5.9859716096233306e-05,0.00027834868564335924,0.002246160694490805,5.045237865153318e-06,0.00026895940936777496
1618,6.337252500199231e-05,2.6549550295684732e-05,0.00020195990794639554,0.0001754103576507108,-0.003661765661024396,1.3408527755665034e-05,0.00025997770852626,0.005474415157680639,2.9969221318260075e-05,0.0001164248692432368,-0.006022532840286198,3.6270901813129086e-05,0.00022947714606968983
1619,4.310431352005928e-05,1.0644568886738112e-05,0.00014543415152982556,0.00013478958264308744,-0.0015493793063603635,2.400576235461749e-06,0.0001621900492889683,-0.003928871489334692,1.5436031179261178e-05,0.00013534459889452677,0.0037546103985633245,1.4097099245491407e-05,0.00013876780640598163
1620,-3.0679580638444115,1.0,1.0,0.0,0.0,1.0,1.0,0.0,1.0,1.0,0.0,1.0,1.0
1621,0.00015830067480993026,3.008154478597221e-05,0.0002491569408230217,0.00021907539603704948,-0.008077054612065345,6.523881120690245e-05,0.00039751329302162297,0.0020207095351474696,4.083267025833948e-06,0.00010703126373501348,0.00457411807077008,2.0922556125180236e-05,0.0002429262657124287
1622,-3.0679580638444115,1.0,1.0,0.0,0.0,1.0,1.0,0.0,1.0,1.0,0.0,1.0,1.0
1623,0.000125906189202607,2.039093513850343e-05,0.00022250736139469338,0.00020211642625618995,0.0017213968813538697,2.9632072231500217e-06,0.00019259390208781202,0.007580917975537942,5.74703173518154e-05,0.00022317541451088996,-0.0008598144222060172,7.392808405448648e-07,0.0002517527675853781
1624,2.5186241674357568e-05,1.8004733732405558e-05,0.000987241310625775,0.0009692365768933694,-0.003671768568265078,1.348188441885334e-05,0.0006196854837842158,-0.004150373230868087,1.7225597955472516e-05,0.000972552487371825,-0.0048277032658690395,2.3306718822890815e-05,0.001369485960721284
1625,1.902432173350732e-05,3.5537998655336502e-06,0.00015758101136194766,0.00015402721149641402,0.0024687975643581848,6.094961413571909e-06,0.00015247959806818923,0.001739941774236682,3.02739737811919e-06,0.00012645979977987665,-0.001240580833889781,1.5390408049098525e-06,0.00019380363623777708
1626,0.00022321269278036127,9.280033530604619e-05,0.00014981549052868934,5.701515522264315e-05,0.011386037235433778,0.00012964184392660894,0.00020159420217069624,0.012061974712226963,0.0001454912339579062,0.00020202453629014627,0.001807741141170161,3.267928033623413e-06,4.582773312522548e-05
1627,0.00018248366923756532,8.803695514207159e-05,0.00020292898608368729,0.0001148920309416157,-0.0020473280772682063,4.1915522560609375e-06,0.00014756782231939436,-0.013434770204515032,0.00018049305044809394,0.0003008078900371691,0.008912141309588582,7.942626272205988e-05,0.0001604112458944984
1628,4.999066671917962e-05,3.754914874317302e-05,0.00012499553311510572,8.74463843719327e-05,0.006089277244790586,3.7079297363518116e-05,0.0001251767320379349,0.005964363880809644,3.557363650263934e-05,0.00012644913243908817,-0.006324121469694038,3.99945123633616e-05,0.00012336073486829413
1629,-2.985647072826752,2.13041544131487e-05,0.00012049946973916963,9.919531532602092e-05,-0.004615642361940852,2.1304154412371545e-05,0.0001204994697385775,0.004615642361940849,2.1304154414369947e-05,0.00012049946974035386,-0.004615642361940854,2.1304154412704612e-05,0.0001204994697385775
1630,-3.0679580638444115,1.0,1.0,0.0,0.0,1.0,1.0,0.0,1.0,1.0,0.0,1.0,1.0
1631,8.920578304627558e-05,1.95405708809752e-05,0.0001306797717954833,0.00011113920091450809,0.003342426485076736,1.1171814808252911e-05,0.00015342315379840432,-0.0041340592602845325,1.709044596798215e-05,0.00010959292796464126,-0.005509941185416791,3.0359451866690534e-05,0.0001290232336234043
1632,6.46302665900933e-05,2.8999567761330464e-05,0.0001648668639177009,0.00013586729615637042,0.005545603128955948,3.0753714063469495e-05,0.00011774366385763901,0.005205987341960979,2.7102304204884575e-05,0.0002228373881520973,-0.0053983965226574475,2.9142685015637326e-05,0.00015401953974336635
1633,0.0002246021593826919,6.587474115911836e-05,0.00018574561418878885,0.00011987087302967049,-0.00018150872973489682,3.294541872644885e-08,9.702479480755422e-05,0.0032773308979495964,1.0740897814831563e-05,8.711005987360743e-05,-0.013669322596389212,0.00018685038024379708,0.0003731019878852049
1634,-3.0679580638444115,1.0,1.0,0.0,0.0,1.0,1.0,0.0,1.0,1.0,0.0,1.0,1.0
1635,5.7208700161459625e-05,3.2066519507489843e-05,0.00023528516494245957,0.00020321864543496973,4.6781032057067794e-05,2.188464964802961e-09,9.378998987030762e-05,0.006335275427321714,4.0135714739930606e-05,0.00026063349609417585,-0.007487433159500858,5.606165531757412e-05,0.0003514320088628953
1636,0.0006515952332986075,0.00021162970661973515,0.0009032808229867036,0.0006916511163669685,0.0013503866070980251,1.8235439890323946e-06,0.0004087279555515799,0.020036533653428636,0.0004014626808450661,0.0014880138007631327,-0.01521850501938369,0.000231602895025107,0.0008131007126453982
1637,-2.8588381728510166,7.558995285372738e-06,0.00012336875644355003,0.00011580976115817729,-0.0027493627053897618,7.558995284817627e-06,0.0001233687564424768,0.0027493627053897596,7.55899528592785e-06,0.00012336875644480827,0.002749362705389761,7.558995285372738e-06,0.00012336875644336498
1638,6.133072959757513e-05,9.609613577469627e-07,9.691432850918631e-05,9.595336715143935e-05,-0.0013325022807255604,1.7755623280546473e-06,6.101236556155243e-05,-0.0010017232662559168,1.0034495021571388e-06,0.00012472296416810025,0.0003222921703344792,1.038722430291017e-07,0.00010500765579790627
1639,0.0001506737312273465,5.0174612457043466e-05,0.0009716628710330077,0.0009214882585759643,-0.011234643702892308,0.00012621721913097517,0.00098620352722667,-0.0021408298900352403,4.583152617865238e-06,0.0007856834923261058,0.004441110854564685,1.9723465622289993e-05,0.0011431015935462474
1640,0.00042987636230218396,0.00022134389646555341,0.0007117389437048353,0.0004903950472392818,0.0061985911394320066,3.842253211405744e-05,0.0006371021746129912,0.019043687221978585,0.00036266202300838657,0.001073763105390091,0.016215644738169225,0.00026294713427421623,0.00042435155111142375
1641,5.0260273959379376e-06,1.6714081578032374e-06,0.00015140417372028203,0.0001497327655624788,-0.00042793720549979766,1.83130251851793e-07,0.00014380883821918378,-0.0013997620434148602,1.959333778334127e-06,0.00010468337984981257,-0.0016946269333491812,2.871760443223792e-06,0.00020572030309184974
1642,-3.0679580638444115,1.0,1.0,0.0,0.0,1.0,1.0,0.0,1.0,1.0,0.0,1.0,1.0
1643,0.0012258557964055505,0.0003294940440582798,0.0007971721249633671,0.0004676780809050873,-0.017300077329631434,0.00029929267561101813,0.0008840983903900534,-0.023509260729703267,0.0005526853400573684,0.0010987608701401586,-0.011683497614427793,0.0001365041165064529,0.0004086571143598894
1644,-3.0679580638444115,1.0,1.0,0.0,0.0,1.0,1.0,0.0,1.0,1.0,0.0,1.0,1.0
1645,8.067405995026977e-05,9.471149153283953e-06,5.0285321683718465e-05,4.081417253043451e-05,0.0007900392792879944,6.241620634783729e-07,3.972016667996847e-05,0.004322966935615044,1.868804312765704e-05,5.890728846091875e-05,0.0030168265227515584,9.101242268716447e-06,5.222850991026817e-05
1646,-3.0679580638444115,1.0,1.0,0.0,0.0,1.0,1.0,0.0,1.0,1.0,0.0,1.0,1.0
1647,0.00023868147731442857,3.347750147468057e-05,0.0004352654578381558,0.0004017879563634752,-0.0010150052344677324,1.0302356258096168e-06,0.0003429594659328794,-0.006012562058276381,3.615090250519426e-05,0.00048413558835680437,0.007953072757921831,6.325136629303785e-05,0.00047870131922478354
1648,0.00012533334248676642,3.8598271467127354e-05,0.0002465438703288525,0.00020794559886172514,-0.0004763969348041508,2.2695403933958858e-07,0.0002087353257949065,0.0005678546147283691,3.2245886394388634e-07,0.00017019330586143244,0.010735241101079221,0.00011524540149809859,0.00036070297933021855
1649,-3.0679580638444115,1.0,1.0,0.0,0.0,1.0,1.0,0.0,1.0,1.0,0.0,1.0,1.0
1650,7.89611548156488e-05,3.8124487994450895e-05,0.0002533317705804376,0.0002152072825859867,0.003243004264752002,1.0517076661442637e-05,0.00020756363170071346,0.008873333932307298,7.873605507424664e-05,0.0003256082265030713,0.005012018779669273,2.5120332247663413e-05,0.00022682345353752797
1651,0.00011790993640647951,8.622049876464792e-05,0.0005371829573835493,0.00045096245861890133,-0.0095912518449499,9.19921119538758e-05,0.0005841141133090533,-0.009233914787540723,8.526518230367319e-05,0.0005540631282022757,-0.00902242772409677,8.140420203639476e-05,0.00047337163063931875
1652,0.00013448768098178743,7.524413275024806e-05,0.00017354729544768097,9.83031626974329e-05,-0.01018371503128453,0.0001037080518389022,0.0002062279949821555,0.00891744472290263,7.952082038609198e-05,0.00012768742156821222,-0.006519472833409323,4.250352602575003e-05,0.00018672646979267515
1653,-3.0679580638444115,1.0,1.0,0.0,0.0,1.0,1.0,0.0,1.0,1.0,0.0,1.0,1.0
1654,0.00016438710194155437,3.1834210804992935e-05,9.446053214930601e-05,6.262632134431308e-05,0.0023808301425341486,5.668352167420565e-06,3.462367762530061e-05,-0.00881997584444507,7.779197389623516e-05,0.00013005800378917964,-0.0034702026382454256,1.2042306351323084e-05,0.0001186999150334378
1655,-3.0679580638444115,1.0,1.0,0.0,0.0,1.0,1.0,0.0,1.0,1.0,0.0,1.0,1.0
1656,0.0002335693418171747,0.000153034797120181,0.00031663889915663673,0.00016360410203645573,0.014943301632447588,0.00022330226367883732,0.0004063662563135173,0.012834268975995707,0.00016471846014864955,0.00031463617900240326,-0.008431113066065508,7.108366753305617e-05,0.0002289142621539897
1657,0.0003140975567518245,9.071156763821679e-05,0.00031613095104898736,0.00022541938341077056,-0.0057955090775455775,3.358792546803713e-05,0.0003533197458646109,-0.0006528905913651104,4.262661241760668e-07,8.304030079331337e-05,-0.015431153920631371,0.00023812051132243717,0.0005120328064890378
1658,0.00020466936648144696,0.00012068048126634423,0.0002437365429704963,0.00012305606170415206,0.010621018114217099,0.0001128060257825636,0.0002627525096748906,0.01333050807529785,0.0001777024455450471,0.0002414605360722133,0.008457716741023403,7.153297247142199e-05,0.00022699658316438498
1659,0.00010364369555526665,3.469688453960895e-05,0.0001935396072964742,0.00015884272275686526,-0.0027428264175533793,7.5230967571116025e-06,0.00023118980030134573,0.009375373302542407,8.789762456185013e-05,0.00017801711874110282,-0.0029444748767928526,8.669932299865124e-06,0.00017141190284697405
1660,8.015479415557358e-05,1.6783938927344977e-05,0.00019420989334991331,0.00017742595442256834,-0.006643961946358836,4.414223034465703e-05,0.0003024291549498237,0.002340078793413545,5.475968759438565e-06,0.00010532954900754898,-0.0008565148440187056,7.336176779393355e-07,0.00017487097609236724
1661,1.7609703645282693e-05,3.2200560590907776e-06,9.737518789939188e-05,9.415513184030111e-05,0.001612008172117126,2.598570346123985e-06,9.504331171805713e-05,0.0012782177872374609,1.6338407115012998e-06,0.00011039350108843493,0.0023297547338747867,5.4277571196470475e-06,8.66887508916836e-05
1662,0.0001860498559653756,0.00010132070644808255,0.0003087679201067006,0.00020744721365861807,0.008902552383439106,7.925543894027332e-05,0.00018915148575615603,-0.013288756648708159,0.00017659105326861546,0.00040993777155151623,0.006936542880660113,4.8115627135358885e-05,0.0003272145030124296
1663,0.00012384747945637375,0.00010968909453605107,0.00030589264556453905,0.00019620355102848797,0.009992972767715682,9.985950473634375e-05,0.0003039954474508555,-0.010711742055921802,0.00011474141787348735,0.00032099778094030196,0.010698895316757068,0.00011446636099832208,0.00029268470830245974
1664,7.073014621128415e-05,1.818542740250617e-05,0.0003616055954136869,0.00034342016801118075,-3.348292142064771e-05,1.1211062078686496e-09,0.00018715273692671008,0.00729275680056891,5.318430175227373e-05,0.0002633949276268366,-0.0011708370292978561,1.3708593490369125e-06,0.000634269121687514
1665,0.0001826405074742965,7.281270085468527e-05,0.00025741158874137415,0.00018459888788668888,0.007983484338727616,6.373602218667784e-05,0.00019219338261011742,0.0010241368340149772,1.0488562541821622e-06,0.000319757365815021,-0.012395693773371859,0.00015365322412319582,0.000260284017798984
1666,-3.0674670429919324,6.04051203507335e-05,0.0005357861975667048,0.0004753810772159713,0.007772073105082548,6.040512034866108e-05,0.0005357861975653355,0.007772073105082531,6.0405120351880726e-05,0.0005357861975671119,0.00777207310508254,6.040512035165868e-05,0.000535786197567667
1667,6.661262062956919e-05,2.8367099379996336e-05,0.0001584698106963008,0.00013010271131630446,0.004784831817226745,2.289461551863159e-05,7.575659140757196e-05,-0.007578275290176751,5.7430256373502964e-05,0.00018926619438253134,-0.0021855036600143644,4.7764262478544595e-06,0.0002103866462987991
1668,0.0016618756502282395,0.0009137943898437731,0.0016137857454746607,0.0006999913556308875,-0.021418993325892307,0.00045877327509458166,0.0007337239289187947,-0.03225542892392005,0.0010404126950662729,0.0018698072709169011,-0.03524481804990041,0.001242197199370465,0.0022378260365882863
1669,-3.0679580638444115,1.0,1.0,0.0,0.0,1.0,1.0,0.0,1.0,1.0,0.0,1.0,1.0
1670,-3.0679580638444115,1.0,1.0,0.0,0.0,1.0,1.0,0.0,1.0,1.0,0.0,1.0,1.0
1671,5.246020137517071e-05,1.9021977548624076e-05,0.0005872653545341647,0.0005682433769855406,0.00359395328979913,1.2916500249038343e-05,0.0004340463098307934,-0.006628996771912797,4.394359820192317e-05,0.0010748501386366183,0.0004536895361095162,2.0583419491071453e-07,0.00025289961513508263
1672,5.928115026110348e-05,2.8795727349521332e-05,0.00016654359570008234,0.00013774786835056102,-0.005330218445483758,2.8411228676583633e-05,0.00024236045470915624,-0.0046940028944895,2.2033663173881557e-05,0.0001466514457708623,0.005995188920965317,3.59422901980988e-05,0.00011061888662022845
1673,0.00015962370844235796,5.7534774475898054e-05,0.0002833693319321447,0.00022583455745624664,0.010192214640125968,0.00010388123927040915,0.00021647743705655031,0.007028620822305703,4.940151066357146e-05,0.00042749115378670766,0.0043956311826511265,1.932157349371355e-05,0.00020613940495317618
1674,0.0006563353274513517,0.00014310814588240164,0.0013053879834792337,0.001162279837596832,-0.0104169888820116,0.00010851365736785912,0.0008293439328227459,-0.013482059855284815,0.00018176593794139162,0.0026015445791355285,-0.011791727707934076,0.00013904484233795422,0.00048527543847942667
1675,5.617979056249389e-05,2.8065190941339857e-05,0.00014538903364994896,0.0001173238427086091,-0.007228635128720702,5.2253165824578396e-05,0.00014863032753686944,0.0023784349394012664,5.656952761445844e-06,0.0001279479924142235,0.005126934194800668,2.628545423799533e-05,0.00015958878099875395
1676,0.00010417728239897617,5.1207010717813084e-05,0.00011505953237474682,6.385252165693374e-05,-0.008189565602312649,6.706898475450362e-05,0.0001305470388371921,0.008863216910819774,7.855661400890668e-05,0.0001477584017456346,-0.0028276197393518007,7.99543339002895e-06,6.687315654141379e-05
1677,0.00011370664273346875,5.619883452786152e-06,0.0001589874018288843,0.00015336751837609813,0.0011035364223912286,1.2177926359546731e-06,0.0001519683919086745,0.00316063337032258,9.989603301674421e-06,0.00019006304531676843,0.002377447038496993,5.6522544207293635e-06,0.00013493076826120998
1678,0.00012966820980964133,3.5184064633616195e-05,0.00019338570493125187,0.00015820164029763567,-0.0062513087278507394,3.907886081055967e-05,0.00025911370084552576,0.00048274470154366296,2.330424473395709e-07,0.00017470330272584267,-0.008138813835140712,6.624029064294934e-05,0.00014634011122238721
1679,0.021455512205360017,0.009049079802481338,0.012526462633957292,0.0034773828314759534,0.03648812362312096,0.0013313831655360486,0.0022981188100247296,0.1267567213266828,0.016067266401490143,0.021127832752942388,-0.09873494741183508,0.00974858984041782,0.014153436338904757
1680,0.0012925070775322567,0.0005291127612054488,0.0008716559262292867,0.00034254316502383786,-0.02397716568487524,0.0005749044742802134,0.0009488182651796739,0.010497310406670488,0.00011019352577423813,0.0003050056672970758,0.030037314852734403,0.0009022402835618948,0.0013611438462111103
1681,3.9376549581859877e-05,1.4595668241912385e-05,0.00016278012118342566,0.00014818445294151328,0.003493022830319611,1.2201208493656246e-05,0.00013218760526734208,-0.004832543318723203,2.3353474927212403e-05,0.00015723485691032657,-0.0028692022069582777,8.232321304868506e-06,0.00019891790137260834
1682,0.0024978977085612364,0.0007092079508125293,0.0023879855733839697,0.0016787776225714404,0.005566239471735667,3.0983021856445525e-05,0.00029860545654403214,-0.045666792922300095,0.002085455975808115,0.0065311426886667245,-0.003344376589603507,1.1184854773027553e-05,0.00033420857494115275
1683,-2.8691949143821827,8.092036919056985e-07,8.661164547881424e-05,8.580244178690855e-05,-0.0005678679927626737,3.2247405812313445e-07,8.50376306992251e-05,0.0007695151507337621,5.921535670694311e-07,8.431734584157802e-05,-0.0012300339221953767,1.5129834505245299e-06,9.047995989563962e-05
1684,0.007321215283569882,0.001035078340155297,0.00149839608130146,0.0004633177411461631,-0.013954494557964242,0.00019472791836816494,0.0004986516362281979,0.05181456150657483,0.002684748784118396,0.0028695443297077627,-0.015025256003788224,0.00022575831797932988,0.0011269922779684194
1685,9.445964474297242e-05,2.4833970895069928e-05,0.0002965433119713016,0.0002717093410762317,-0.001005439968062975,1.0109095286425784e-06,0.00019113415477789442,-0.00850414258106875,7.232044103910873e-05,0.00048709272067959386,-0.0010819251899818597,1.1705621174584735e-06,0.00021140306045641655
1686,0.0001252706340348908,6.9755749754985e-05,0.000223988747185766,0.000154232997430781,0.009327150036008968,8.699572779380382e-05,0.00015599341069905126,-0.005795978295198515,3.359336439778815e-05,0.00036009157755201304,-0.0094169080421279,8.867815707336302e-05,0.0001558812533062337
1687,0.00017300036077461112,6.014293058405803e-05,0.0002867899500730668,0.00022664701948900876,-0.007007948390105746,4.911134063834144e-05,0.0001738512438211881,0.0013266275836968024,1.7599407460267003e-06,0.0001932264340438472,-0.011382333256756139,0.00012955751036780594,0.000493292172354165
1688,0.00021569977788193917,7.702018274110174e-05,0.0002559022693912061,0.00017888208665010435,0.0009398677435961355,8.833513752692923e-07,0.00018595102907370542,0.012987691270827346,0.00016868012454629433,0.00031338787885126784,-0.00784200690522887,6.149707230174162e-05,0.000268367900248645
1689,1.5772974960359676e-05,7.72905230039811e-06,0.00011072281997703826,0.00010299376767664015,-0.0029477589357664114,8.68928274311287e-06,0.00010537218709194551,0.0028632163364913305,8.198007789395056e-06,9.742288524072773e-05,0.002509953459416161,6.299866368686402e-06,0.00012937338759844152
1690,0.0004265900191003924,0.00015794928851953216,0.0003721287915467997,0.00021417950302726751,0.008016324043196988,6.426145116544824e-05,0.0005067504385689592,-0.01025965039830791,0.00010526042629499521,0.00018948017803044337,-0.017444941619228792,0.00030432598809815303,0.0004201557580409965
1691,9.057873546014505e-05,1.6573046721424234e-05,0.00024086580405506078,0.00022429275733363654,-0.0024355373558429872,5.9318422116483305e-06,0.0003311078492918007,0.005575042688818493,3.108110098215544e-05,0.0002696000573609858,0.0035645752861155917,1.270619697046893e-05,0.00012188950551239586
1692,-2.867955628158662,8.35852409508675e-09,0.00011961096812074246,0.00011960260959664737,-9.142496343776096e-05,8.35852409508675e-09,0.00011961096812052041,9.142496343776088e-05,8.358524206109053e-09,0.0001196109681209645,9.142496343776098e-05,8.358523984064448e-09,0.00011961096812074246
1693,-3.0679580638444115,1.0,1.0,0.0,0.0,1.0,1.0,0.0,1.0,1.0,0.0,1.0,1.0
1694,0.0007386973158687304,0.00022973185713570654,0.0008709313664627313,0.0006411995093270247,-0.0014597500440575078,2.1308701910749406e-06,0.0007702930371081829,-0.004096449029435149,1.6780894650958444e-05,0.0006130578963562394,-0.02588983983274332,0.0006702838065650862,0.0012294431659237715
1695,5.3814232699789244e-05,2.6032713937344337e-05,0.0004352569246710569,0.00040922421073371257,-0.005504424779065858,3.0298692147767703e-05,0.0003046429629551817,-0.006815454173643734,4.645041559303564e-05,0.0003416624840369975,0.0011614792599884715,1.34903407122966e-06,0.0006594653270209916
1696,-3.0679580638444115,1.0,1.0,0.0,0.0,1.0,1.0,0.0,1.0,1.0,0.0,1.0,1.0
1697,-3.0679580638444115,1.0,1.0,0.0,0.0,1.0,1.0,0.0,1.0,1.0,0.0,1.0,1.0
1698,-2.767762279909386,1.8727932011556685e-05,0.00012374735672745127,0.00010501942471589458,0.004327578076960608,1.8727932010853543e-05,0.00012374735672682213,-0.004327578076960605,1.872793201118661e-05,0.00012374735672704418,-0.004327578076960605,1.87279320126299e-05,0.00012374735672848747
1699,-3.0679580638444115,1.0,1.0,0.0,0.0,1.0,1.0,0.0,1.0,1.0,0.0,1.0,1.0
1700,7.171271008432623e-05,4.214732787077846e-05,0.0003349598262227064,0.00029281249835192796,0.005598205619200087,3.1339906154559394e-05,0.00040712849599289225,-0.005237021008465223,2.7426389043072597e-05,0.00029042808056345404,-0.008226523470750044,6.76756884147034e-05,0.00030732290211177293
1701,8.825243201993072e-05,1.3739700752986769e-05,0.00015626487289939947,0.0001425251721464127,0.006057085070762466,3.668827955438658e-05,0.00022625676868692768,-0.001708751031513226,2.9198300874888616e-06,7.605767466767333e-05,0.001269248839251554,1.610992617084861e-06,0.00016648017534359738
1702,-2.954328649158391,7.99191924253743e-06,0.00012067718997754717,0.00011268527073500974,-0.0028269982741605587,7.991919242500423e-06,0.0001206771899776582,-0.0028269982741605595,7.991919242167356e-06,0.00012067718997677002,0.0028269982741605574,7.991919242944512e-06,0.0001206771899782133
1703,-3.0679580638444115,1.0,1.0,0.0,0.0,1.0,1.0,0.0,1.0,1.0,0.0,1.0,1.0
1704,0.0006474294555048887,0.0002052231275728363,0.0006143202591528674,0.000409097131580031,-0.019503647274934515,0.0003803922570251306,0.0005291351716443238,-0.0005556922144251623,3.087938371670873e-07,0.0001801842708015755,-0.015328676781002267,0.00023496833185621124,0.0011336413350127028
1705,5.03527637214507e-05,1.891145983042482e-05,0.00014237286384085243,0.0001234614040104276,-0.0051309388070050425,2.6326533041132194e-05,0.00017647824777733412,-0.002622284318857707,6.876375048814332e-06,0.00018665505517745373,-0.004850924798554676,2.353147140132794e-05,6.398528856776942e-05
1706,0.002540329476313219,0.0009129343942078835,0.0016243240644674046,0.0007113896702595212,-0.007904774519625781,6.2485460206263e-05,0.0002572900171199377,0.04259557245516887,0.0018143827927838974,0.003557544489763864,-0.029358728338159504,0.0008619349296334899,0.0010581376865184122
1707,-3.0679580638444115,1.0,1.0,0.0,0.0,1.0,1.0,0.0,1.0,1.0,0.0,1.0,1.0
1708,9.736592017772772e-05,3.1472787721642526e-05,0.0002409365714731715,0.00020946378375152896,-0.002799430942215933,7.83681360050359e-06,0.00015951712125439332,0.0085646251661858,7.335280423725887e-05,0.0003878679159593501,-0.0036371342190269565,1.3228745327165115e-05,0.00017542467720577104
1709,0.0001539346861391122,5.0032653955385996e-05,0.00010127900321628876,5.124634926090276e-05,-0.007447401316618553,5.5463786370335555e-05,0.00010879730795565479,-0.007744804009217447,5.998198914125563e-05,0.0001197447039987809,0.005886610769732994,3.4652186354566794e-05,7.52949976944306e-05
1710,-1.2208865678905947,1.4690744503886854e-05,0.00010843692726806668,9.374618276417983e-05,-0.003894092111410711,1.5163953372310246e-05,0.0001085977592949483,0.003692967268881643,1.3638007248628625e-05,0.00010806856793454944,-0.00390771965356255,1.5270272890721692e-05,0.00010864445457470229
1711,3.14786107902254e-05,3.941157824723558e-06,0.0001307396787240863,0.00012679852089936272,-0.00029860083433497675,8.916245830548064e-08,5.92835545386583e-05,-0.00040934755271382106,1.6756541920681656e-07,6.743755942761887e-05,-0.0034009918547906227,1.1566745596658379e-05,0.0002654979222059817
1712,0.0005728364237630457,0.00011976508238990362,0.0004887754807069156,0.00036901039831701193,0.010497607132909061,0.00011019975551707084,0.00044490814699926773,-0.014918342286924555,0.00022255693659001263,0.0004889725396443056,0.005151558508102222,2.6538555062627367e-05,0.0005324457554771733
1713,5.015970179489404e-05,2.903250400213923e-05,0.00018715570701569964,0.00015812320301356042,0.006836075363472026,4.673192637461021e-05,0.00016419391256583538,0.005960112165993606,3.552293703079634e-05,0.00014813308829575433,0.0022006018725738994,4.842648601011135e-06,0.00024914012018550924
1714,0.0003861760871940456,0.00017505664555883538,0.0005924681650269307,0.0004174115194680953,-0.016795765102569474,0.0002820977253806811,0.000731634173882556,-0.015508207998077008,0.00024050451531154593,0.0007219306354872002,-0.0016024031903557365,2.5676959842790836e-06,0.00032383968571103594
1715,0.00024060869168485155,9.010257497066299e-05,0.00021019286897957143,0.00012009029400890844,0.006237062213559309,3.8900945055653224e-05,0.00020443763046484875,0.01513560577041062,0.00022908656203735056,0.0003296533870137397,-0.001523226122190506,2.3202178189851708e-06,9.648758946012581e-05
1716,0.0006191881798890408,8.494018485627475e-05,0.0004851216457470997,0.00040018146089082496,0.013407507458635764,0.00017976125625307482,0.0005534696670463912,0.00807610759455354,6.522351387883152e-05,0.000621963196086539,0.003136205420085742,9.835784436917905e-06,0.00027993207410836884
1717,0.0023820214374805637,0.0012680591462836954,0.005989025459625319,0.0047209663133416235,0.04703724305755384,0.002212502234455682,0.0058475671290926234,0.031223150398247232,0.0009748851207913578,0.006166881276978731,-0.024835258879348336,0.0006167900836040463,0.005952627972804603
1718,2.2161420078714578e-05,5.3606080689198405e-06,0.00020916036974083507,0.00020379976167191524,-0.003513844222445621,1.23471012195564e-05,0.00016003103395689777,0.001328651095566622,1.7653137340811753e-06,0.00025819508501989663,0.001403356424105212,1.9694092531219454e-06,0.00020925499024571081
1719,4.531429815579635e-05,1.2065166455836144e-05,0.00038305833642756265,0.0003709931699717265,-0.0034487527734183006,1.1893895692560719e-05,0.0003116022687248421,0.00470990714415213,2.2183225306227072e-05,0.0006225623070180708,-0.0014554650005408343,2.1183783687206414e-06,0.00021501043353977511
1720,8.855338072977226e-05,3.9648033759887014e-05,0.00035189506769780127,0.00031224703393791425,-0.006461706310334562,4.1753648441056335e-05,0.0005124585480129618,-0.008726612898369976,7.615377267811141e-05,0.00048280669659039877,0.0010181749163090535,1.0366801604932974e-06,6.0419958490043335e-05
1721,-3.0679580638444115,1.0,1.0,0.0,0.0,1.0,1.0,0.0,1.0,1.0,0.0,1.0,1.0
1722,8.111382201014816e-05,1.5320792721373877e-05,0.0001193786302159013,0.00010405783749452742,0.0024449159211456578,5.977613861340991e-06,0.00013968336039638096,-0.002166271570980212,4.692732519129272e-06,0.00014041650859386579,0.0059407097037187055,3.529203178365137e-05,7.803602165745716e-05
1723,0.0003745040954649115,9.489687136721159e-05,0.0003813410913463544,0.0002864442199791428,0.0007983486838655905,6.373606212806138e-07,0.0003198694572018601,0.008181178373964364,6.693167958671253e-05,0.000395513312996143,-0.014735045771684793,0.00021712157389364162,0.0004286405038410601
1724,0.0002602812317683556,0.0001460432008778545,0.0009329385685895956,0.0007868953677117411,0.014454725966665366,0.00020893910277219874,0.0013236865879363569,0.012110207969141296,0.00014665713705575012,0.0007332868342105892,-0.009084787438700705,8.253336280561463e-05,0.0007418422836218408
1725,0.00011735855149808128,3.908502540036126e-05,0.0002101222777691758,0.00017103725236881454,0.0036728686283399284,1.3489963960777729e-05,3.055410304531048e-05,0.010084119064664257,0.0001016894573105942,0.0004504093270470966,-0.0014407133406254401,2.0756549297118454e-06,0.00014940340321512036
1726,7.661883554821447e-05,1.8975266447747902e-05,0.00016766362319786676,0.00014868835675011885,-0.002689806487696836,7.235058941179595e-06,9.884764201772978e-05,0.005954564731857002,3.545684114580894e-05,0.0002743570211679591,-0.003772784019298335,1.4233899256255178e-05,0.00012978620640791139
1727,5.950113774344512e-05,2.58727225461719e-05,0.00018607892764295939,0.00016020620509678748,-0.005583205417492596,3.117218273396283e-05,0.00015416847992433258,0.0016320389569481654,2.663551157078281e-06,0.0001664480303668059,0.006616829584276206,4.378243374747459e-05,0.00023762027263773966
1728,9.047978960985414e-05,6.751113497168355e-05,0.0002757829572671566,0.00020827182229547309,-0.008343591578368349,6.961552042683561e-05,0.00031433202740849264,0.008136040542079342,6.619515570238654e-05,0.000135983422944852,-0.008168398177518507,6.672272878582852e-05,0.00037703342144812524
1729,-3.0679580638444115,1.0,1.0,0.0,0.0,1.0,1.0,0.0,1.0,1.0,0.0,1.0,1.0
1730,0.00013521294141782825,3.8123665745034195e-05,0.00023855441786317191,0.0002004307521181377,0.002365214390470431,5.5942391126162505e-06,0.0002957415829822896,-0.0013336145607865677,1.7785277965920443e-06,7.028180417967267e-05,0.010343994892017,0.00010699823032589428,0.0003496398664275535
1731,0.000300705086696218,9.732392588535088e-05,0.000378266751851708,0.0002809428259663571,0.010388539954772916,0.0001079217623920492,0.0002736492009568492,0.01117428107343618,0.00012486455750793102,0.0004689746912522885,-0.0076932085475435565,5.9185457756072424e-05,0.00039217636334598627
1732,0.00015607137238349278,4.769535717745003e-05,0.000292520935514462,0.00024482557833701196,-0.011698497699671946,0.00013685484842929085,0.0005940339025706232,0.0011857450850979014,1.4059914069664003e-06,0.00010617863400474992,0.002196641002993958,4.825231696092835e-06,0.00017735026996801295
1733,-2.89098345535432,1.7828355375411793e-05,0.00012420211371292714,0.00010637375833751535,-0.004222363718855881,1.782835537489369e-05,0.00012420211371244605,-0.004222363718855886,1.7828355375559823e-05,0.00012420211371244605,-0.004222363718855882,1.7828355375781868e-05,0.00012420211371388934
1734,3.521484554958043e-05,8.18972123047453e-06,0.0001896365435795818,0.00018144682234910725,0.0007864897928315677,6.185661939328568e-07,0.00015946280768486254,0.0010368104718293594,1.0749759549177895e-06,0.00024702082937566594,-0.004782846594142983,2.2875621542572944e-05,0.00016242599367821686
1735,3.2896660898340535e-05,1.054603826940633e-05,0.0002637626810177614,0.0002532166427483551,-0.0038058559165013166,1.4484539257231255e-05,0.00036659421080842414,-0.0026920041031730135,7.246886091549776e-06,0.00022489226219768454,-0.0031474893899028915,9.906689459437956e-06,0.00019980157004717558
1736,2.7805130915048437e-05,8.146925006206432e-06,0.00021464699218446773,0.0002065000671782613,-0.0046582385328674935,2.1699186229073852e-05,0.00026388536648358496,-0.0006384107391384282,4.0756827235366444e-07,0.0001525603955223609,0.0015277501486643387,2.3340205171917816e-06,0.00022749521454745736
1737,1.551119176912419e-05,2.3206930320392636e-06,0.00021614942507952595,0.00021382873204748668,-0.0012493964287748386,1.5609914364445032e-06,0.00017598757415593358,-0.002157408600904083,4.654411871918285e-06,0.0001890154090004037,-0.0008641040377388716,7.466757877550023e-07,0.00028344529208224056
1738,0.00018484635465110255,3.238583029204397e-05,0.00022714692445920578,0.0001947610941671618,-0.007198600613220979,5.1819850788836774e-05,0.00026244783471773836,-0.00669801386258196,4.48633897035533e-05,0.00021923525015199452,-0.0006886583938463678,4.742503837418255e-07,0.00019975768850788445
1739,0.00018752737787919305,9.209795466880166e-05,0.00021806497361794483,0.00012596701894914317,-0.005062266656865801,2.5626543705081772e-05,0.00016284997205340268,0.011546539510662028,0.00013332257467157937,0.0002497166458019784,0.010832577977091293,0.00011734474562974384,0.0002416283029984534
1740,-3.0679580638444115,1.0,1.0,0.0,0.0,1.0,1.0,0.0,1.0,1.0,0.0,1.0,1.0
1741,6.568261892225813e-05,3.973459701471042e-05,0.0001281488921473691,8.841429513265869e-05,-0.002919184204220326,8.521636418845624e-06,0.00012270859619545327,-0.006776667453365999,4.592322177343622e-05,0.00012235187235198897,0.008047293510934698,6.475893285184942e-05,0.00013938620789466505
1742,2.894638512807024e-05,1.8572902593179858e-05,0.0001537200183970855,0.00013514711580390562,-0.004208053789511815,1.770771669562521e-05,0.00018025572563407088,0.003493843751643587,1.2206944161041733e-05,5.2029547347731686e-05,-0.005079768392647949,2.5804046922872637e-05,0.0002288747822094539
1743,5.5954531719693e-05,3.0079201133736966e-05,0.00022805386231213495,0.000197974661178398,-0.003110966428223698,9.678112117605941e-06,0.0002754829972886341,0.004979879583766447,2.4799200668890187e-05,0.0002073623995713092,-0.0074672813402850945,5.576029061471477e-05,0.0002013161900764615
1744,0.00032918080815436124,0.00013957576384996764,0.0005397719938968389,0.0004001962300468713,-0.01542557386798014,0.00023794832915635666,0.0007082006830559928,0.0077356383237429166,5.984010027559883e-05,0.0003408523442819389,0.010997220654225894,0.00012093886211794747,0.000570262954352585
1745,0.00016870100180055303,6.551919511114483e-05,0.00022499588099437565,0.00015947668588323083,-0.010394285938305069,0.00010804118016660702,0.00024564651910219393,0.00537774572642566,2.892014909805507e-05,0.00024826438304237364,0.0077198611430966116,5.959625606877239e-05,0.0001810767408385594
1746,8.626659975352613e-05,1.2081942921682298e-05,0.000155211462548784,0.00014312951962710171,-0.00025828111857571155,6.670913665907108e-08,9.922407246254483e-05,-0.00587646194237925,3.453280496046318e-05,0.00024326015419229297,-0.0012830879423921737,1.646314667924642e-06,0.0001231501609915142
1747,7.000149075719886e-05,2.2210063699845684e-05,0.00023730805774857533,0.00021509799404872965,0.0013433930955984977,1.8047050096559047e-06,0.00020871904718189338,-0.00736806139152733,5.428832866860578e-05,0.0001874107514490131,-0.0032460988003096083,1.0537157421275367e-05,0.0003157943746148195
1748,8.745509753649294e-05,2.0678607031069756e-05,0.0003774801096744958,0.00035680150264342603,-0.00044043770012104974,1.9398536799108967e-07,0.0003036412778306685,-0.005572709605465521,3.105509234635484e-05,0.0004401269436186128,-0.005548580303016278,3.0786743378863335e-05,0.0003886721075742061
1749,0.002706055729311152,0.0010336330308268564,0.0020560245509582873,0.0010223915201314309,-0.05136876746280025,0.0026387502706469723,0.0038699392162581114,-0.009219927701345235,8.500706681813242e-05,0.0002768710224726467,0.01942013787323318,0.0003771417550154643,0.0020212634141441033
1750,5.8498898162118174e-05,1.557947399336938e-05,0.00011175807334099878,9.61785993476294e-05,0.0065536764128055385,4.295067452397827e-05,0.00014437008963330555,-0.001685424377107753,2.840655330960118e-06,9.22792036909259e-05,-0.0009731865830244793,9.470921251697462e-07,9.862492669876488e-05
1751,2.761845751841907e-05,7.144766528447792e-06,0.00026804814441672153,0.0002609033778882737,-0.0035699186371030197,1.2744319075608246e-05,0.00031323215905054713,-0.0013852363068598181,1.918879625750769e-06,0.00037731340024549365,0.002602133909661048,6.77110088398436e-06,0.00011359887395412382
1752,5.87662501086994e-05,1.30106413956943e-05,0.00010336563006918542,9.035498867349112e-05,-0.005628072347290284,3.167519834623711e-05,6.197026990639731e-05,0.0025991385982457173,6.755521453127855e-06,0.00014725117172742497,0.0007753737082290195,6.012043877179352e-07,0.00010087544857373398
1753,0.00018136362321252708,8.201019372244822e-05,0.0001993049300323957,0.00011729473630994747,0.008356298616140494,6.982772656238811e-05,0.0002043451825648468,-0.010633918219026216,0.00011308021668909873,0.00018212919591731325,0.007944975639717064,6.312263791585782e-05,0.00021144041161502702
1754,5.029991088867369e-06,1.8843673088575486e-07,5.3451994982522955e-05,5.32635582516372e-05,5.942450527373069e-05,3.5312729407266374e-09,4.6181350769947116e-05,-0.0007126860831914413,5.079214534520204e-07,6.324838568450009e-05,0.0002320721161163095,5.3857466264517484e-08,5.092624849312166e-05
1755,2.7285143968436287e-05,8.803379493012761e-06,0.00022245279861773012,0.00021364941912471735,0.003995055328672707,1.59604670787461e-05,0.00023188324965872642,-0.000437976488854759,1.9182340471601833e-07,0.00020722479268198146,-0.003202787535148021,1.0257847995576164e-05,0.00022825035351248246
1756,1.8555729073277405e-05,9.571405765222233e-06,9.330638769396622e-05,8.373498192874398e-05,0.002567569356818768,6.592412401973391e-06,9.429972872432302e-05,-0.0037968792019198675,1.4416291673535753e-05,0.00010568749034389757,0.002775880620625771,7.705513220157556e-06,7.993194401367809e-05
1757,-3.0679580638444115,1.0,1.0,0.0,0.0,1.0,1.0,0.0,1.0,1.0,0.0,1.0,1.0
1758,-3.0679580638444115,1.0,1.0,0.0,0.0,1.0,1.0,0.0,1.0,1.0,0.0,1.0,1.0
1759,7.0398111306047e-05,3.5903205599060094e-05,0.00023767260296599554,0.00020176939736693544,-0.007967617908909604,6.348293514235603e-05,0.0003111044324992651,-0.004982132611023743,2.482164535333453e-05,0.00013959385409367808,-0.004405114788683342,1.940503630148971e-05,0.0002623195223050434
1760,-4.756377133463517,2.2336343779609063e-05,0.00019789293890456103,0.00017555659512495197,-0.0044438412485880655,1.97477250429845e-05,0.00018783354283680165,-0.004964054503580149,2.4641837113925646e-05,0.00020687558577370257,-0.004755992975365809,2.261946918191704e-05,0.00019896968810317883
1761,-3.0679580638444115,1.0,1.0,0.0,0.0,1.0,1.0,0.0,1.0,1.0,0.0,1.0,1.0
1762,0.00024540386587368346,8.364224080033751e-05,0.0002947671672520376,0.0002111249264517001,-0.00403555623072748,1.628571409129087e-05,0.00040594728333820385,-0.0011577439885523848,1.3403711426329679e-06,6.364541817194258e-05,0.015274182045759263,0.0002333006371670887,0.00041470880024596646
1763,0.0006816152756708993,0.00017808494527856342,0.0005232044564228433,0.00034511951114427986,-0.0002230405778045779,4.9747099217789525e-08,8.114651108281912e-05,0.023077078702638646,0.0005325515614477139,0.0013244832499965664,0.0012858955201557668,1.6535272887585606e-06,0.00016398360818914437
1764,8.318034090970539e-05,1.3917382126342007e-05,0.00013254637055456117,0.00011862898842821916,0.004520619874517716,2.043600404966206e-05,9.845218281634427e-05,2.3791585758424187e-05,5.660395485662661e-10,0.00016125681081502474,0.0046168794970157,2.1315576289815397e-05,0.00013793011803231447
1765,0.0023535910743581745,0.000642143926899689,0.0018221344425977855,0.0011799905156980963,0.03937607681718732,0.0015504754255128983,0.00217537694724379,-0.019039819908882295,0.00036251474216275614,0.0019027712500666594,-0.0036662805434637996,1.3441613023412735e-05,0.0013882551304829072
1766,-3.0679580638444115,1.0,1.0,0.0,0.0,1.0,1.0,0.0,1.0,1.0,0.0,1.0,1.0
1767,0.00024901972716750986,3.964311650032452e-05,0.00017971555640461379,0.00014007243990428928,0.0013540849872358466,1.8335461527962948e-06,0.00010640540648476637,-0.0037226140648053815,1.3857855475474246e-05,5.057166257227408e-05,0.01016060765273217,0.00010323794787270302,0.0003821696001568009
1768,2.771601171269733e-05,5.4306478769842554e-06,0.0004590814669310772,0.00045365081905409294,-0.003888855299798186,1.5123195542865453e-05,0.00025560147380054854,0.0009786108002667144,9.576790983567562e-07,0.0006291482979567942,-0.00045942245252322285,2.110689897305562e-07,0.0004924946290358889
1769,0.0001766955461500741,4.967436628318852e-05,0.0008614556914789221,0.0008117813251957335,-0.0018980948540783694,3.6027640749614065e-06,0.0008574352187445955,-0.005753867006711564,3.3106985531050626e-05,0.0005489232245361464,-0.010597799264180347,0.00011231334924355352,0.0011780086311560245
1770,4.3323410922835315e-05,7.442038992018969e-06,0.0001474445405081163,0.00014000250151609733,0.003443073633685275,1.1854756047036119e-05,0.0002170533670257102,0.00011455571125838544,1.3123010789151124e-08,0.00010830910865444743,0.0032339198997962267,1.0458237918231639e-05,0.00011697114584419133
1771,3.329179802169513e-05,8.38666917583423e-06,0.0003411545670758409,0.00033276789790000666,0.0024449452743095807,5.977757394304284e-06,0.00017504886727326419,0.0002669761110895953,7.127624412905931e-08,0.000590843858582879,-0.004371609988192004,1.911097388906935e-05,0.0002575709753713795
1772,0.00011934088456821978,4.028905909566246e-05,0.0006667975240993348,0.0006265084650036723,-0.00559108605449434,3.1260243268715904e-05,0.0006544399560761693,-0.004706017550854669,2.214660118915468e-05,0.0006877301360759258,0.008213423940664544,6.746033282911679e-05,0.0006582224801459091
1773,-3.0679580638444115,1.0,1.0,0.0,0.0,1.0,1.0,0.0,1.0,1.0,0.0,1.0,1.0
1774,-3.3145109626176943,4.1781026006271205e-05,0.0001015824051465349,5.980137914026369e-05,0.006917380506350918,4.785015306996154e-05,0.00010094404405935897,-0.006777937048381278,4.594043063210762e-05,0.00010030867624521989,0.005617160698939494,3.155249431674445e-05,0.00010349449513502584
1775,1.0612356063588457e-05,8.960220093815844e-06,0.0001610135349187821,0.00015205331482496626,-0.002983734919029156,8.902674066946226e-06,0.0001508269891836722,0.002957324046362156,8.745765515683068e-06,0.00016000964122397932,0.0030384569601616335,9.232220698818239e-06,0.00017220397434869472
1776,0.000726774162704058,0.0002590551668693782,0.0005526034527886988,0.00029354828591932064,0.0066696507279204046,4.4484240832476374e-05,7.472271383901496e-05,0.026824653477250618,0.000719562034174337,0.0010240651932059697,-0.0036220471562051987,1.3119225601321283e-05,0.0005590224513211117
1777,0.00021667942456138345,5.7000837432541474e-05,0.00042248185393341703,0.00036548101650087556,0.003537067957520984,1.2510849736191432e-05,0.0005446923335908904,0.012550104401444622,0.00015750512048740006,0.0005988347028604846,-0.0009932482439413397,9.865420740329256e-07,0.00012391852534887615
1778,2.58499945563484e-05,5.658792424793428e-06,0.0001037383838231228,9.807959139832936e-05,0.00030823163849333547,9.500674280626953e-08,0.00014572743992968817,-0.003420558019223095,1.1700217162680104e-05,3.641045062718895e-05,-0.0022762147017524803,5.181153368893909e-06,0.00012907726091249128
1779,0.0002231222305318914,8.901667554968758e-05,0.0003151338654400204,0.00022611718989033286,0.0013617583126376168,1.854385702215744e-06,0.00021295214513905592,0.014105673653689171,0.00019897002922453222,0.0005458316255039231,0.008137912000155128,6.622561172231478e-05,0.0001866178256770823
1780,3.387366430529504e-05,7.023208349850781e-06,0.00011555469427685743,0.00010853148592700665,-0.0035136763695210863,1.234592163046333e-05,6.095453332155554e-05,0.0017874306602979498,3.1949083658666666e-06,0.00020201150773002663,0.0023513389916201355,5.528795053222346e-06,8.36980417789901e-05
1781,2.842913460721075e-05,7.925343131875984e-06,0.00010817252777632162,0.00010024718464444564,0.002756735896172091,7.599592801055266e-06,3.995909636367312e-05,-0.001210662467613788,1.4657036108145505e-06,4.399608302141367e-05,-0.0038354573369012066,1.4710732983758135e-05,0.00024056240394387807
1782,7.783664673821633e-05,2.8508896856978733e-05,0.00017416537550970132,0.00014565647865272258,0.0032907980875691175,1.0829352053653984e-05,0.0001572713972308737,0.0083115980551782,6.908266223037973e-05,0.00021706344000760325,-0.0023695308157558183,5.614676286902487e-06,0.000148161289290627
1783,0.0003178937887871047,0.00013038183867900935,0.00026893217850169443,0.00013855033982268508,0.008158522891950121,6.65614957782168e-05,0.0001962949871049391,0.005158812386556397,2.6613345239456798e-05,0.0001378280360001538,-0.017261827105458115,0.0002979706750193545,0.00047267351239999034
1784,-3.0679580638444115,1.0,1.0,0.0,0.0,1.0,1.0,0.0,1.0,1.0,0.0,1.0,1.0
1785,3.261227901263375e-05,1.2622245184501502e-05,0.00022347406647323562,0.00021085182128873411,-0.00456294728279969,2.0820487905193197e-05,0.00013281687181110335,-2.723277852281992e-05,7.416243175129011e-10,0.0003639249043623227,0.0041286203535553755,1.7045506023993795e-05,0.00017368042324628075
1786,-3.0679580638444115,1.0,1.0,0.0,0.0,1.0,1.0,0.0,1.0,1.0,0.0,1.0,1.0
1787,0.0008485957380908182,0.0004390937394812555,0.0010234040097008013,0.0005843102702195457,-0.026016924254836694,0.0006768803476817631,0.0014979807730766126,-0.015170408054095532,0.00023014128052756266,0.0006928047506159496,0.02025486584093419,0.0004102595902344408,0.0008794265054098416
1788,0.00013952439042230758,5.0075129673624964e-05,0.00018061013815210783,0.00013053500847848287,-0.005068656313185212,2.5691276821393494e-05,0.00018600322613104847,-0.010162323859674454,0.00010327282622890621,0.0002566671752444183,-0.004610996201559119,2.1261285970575194e-05,9.916001308085676e-05
1789,0.00012763587910324947,5.9538571776059555e-05,0.0004700039830417557,0.0004104654112656962,0.008387802716492393,7.035523441101255e-05,0.000766565021498522,-0.007018152464465931,4.9254464014603094e-05,0.0005544098600125391,-0.007681537405019855,5.900601690256302e-05,8.903706761420604e-05
1790,1.0452760973111985e-05,5.936697148397248e-06,0.00024452430608930725,0.00023858760894091,-0.002929616551894913,8.582653140964958e-06,0.00032046932724383304,-5.0675830726030485e-05,2.5680402249150802e-09,5.8679283256646286e-05,-0.0030372471523268693,9.224870264001872e-06,0.0003544243077674425
1791,-2.935935979474571,3.5923713058716444e-06,0.00012240921505490832,0.00011881684374903667,-0.0004564550388693551,2.083512031791912e-07,0.00012217907925982097,-0.0027544159577515617,7.586807268089579e-06,0.0001259763305175854,0.0017268339370624642,2.981955446346163e-06,0.00011907223538731859
1792,8.598059436204508e-06,2.143839565464193e-06,8.206943123149439e-05,7.99255916660302e-05,0.0014061454789522784,1.977245108641945e-06,7.738467590223674e-05,-0.002019937474460513,4.080147401053225e-06,7.013490766638597e-05,-0.0006116585545549276,3.7412618669740993e-07,9.868871012586045e-05
1793,0.00020366196775534195,0.00010579769031297352,0.0006309114569603332,0.0005251137666473598,-0.007319535459317701,5.357559934004996e-05,0.00045030407224100344,-0.009445917308602201,8.922535380118113e-05,0.0006035085668153473,0.013213331063667913,0.00017459211779768946,0.0008389217318246489
1794,2.5188810280796226e-05,2.3526526796158187e-05,5.6098668321162094e-05,3.257214152500391e-05,-0.004798846680845178,2.302892946548507e-05,5.521102195393812e-05,-0.0049137082779079225,2.414452903998221e-05,6.006555609272546e-05,-0.004837987379383683,2.340612188300728e-05,5.301942691682271e-05
1795,5.42728183976493e-05,1.5644246500505037e-05,0.00018132572958677132,0.0001656814830862663,-0.005273780597609419,2.781276179153469e-05,0.00028371947335248393,-0.0028579698413039147,8.16799161351689e-06,6.819548347991589e-05,0.0033093785060779152,1.0951986096463528e-05,0.00019206223192791416
1796,-3.0679580638444115,1.0,1.0,0.0,0.0,1.0,1.0,0.0,1.0,1.0,0.0,1.0,1.0
1797,0.00019702378387731478,5.826264902364375e-05,0.00016353109018981313,0.00010526844116616937,-0.011157069834460766,0.00012448020729094456,0.00027851270664869254,-0.00617172738126267,3.809021886813646e-05,0.00011696754242196405,-0.003495357050659196,1.2217520911850244e-05,9.511302149878276e-05
1798,0.00016851820639496307,4.321970223020166e-05,0.00036367769782337983,0.00032045799559317817,-0.002480706525278544,6.153904865024984e-06,0.000562434117175381,-0.0034920000885470806,1.2194064618165079e-05,0.00032044483091642206,0.010550409338378388,0.00011131113720741492,0.00020815414537833643
1799,6.188788098782094e-05,2.559264050531566e-05,0.0002882258149856283,0.00026263317448031265,0.006060913278239585,3.67346697662807e-05,0.0005107267767019419,0.002820191899276065,7.953482348721508e-06,0.00015260209193412866,-0.0056647832616178746,3.208976940094477e-05,0.0002013485763208145
1800,0.00012893057645202433,1.954689621482449e-05,0.00019783717069421503,0.00017829027447939053,0.0023677483139887792,5.606232078458895e-06,0.00020967244720060396,0.004472574866594647,2.0003925936706857e-05,0.00024233302357623554,-0.005747219382389787,3.303053062930772e-05,0.00014150604130580557
1801,0.0001788802697744174,6.207861056487889e-05,0.00021893676834102335,0.00015685815777614448,-0.0035506256045486854,1.2606942183746028e-05,0.0002609305042337029,-0.013170354491415744,0.00017345823742964672,0.0002510398246704515,0.0004131005701435836,1.7065208124389386e-07,0.00014483997611891564
1802,-2.925425912520641,5.4446607712292185e-05,0.0002373392095164443,0.00018289260180415212,0.007378794461997572,5.444660771170007e-05,0.00023733920951563015,-0.007378794461997573,5.444660771269927e-05,0.0002373392095169624,0.007378794461997574,5.4446607712477224e-05,0.00023733920951674037
1803,0.00015270437605707787,4.367326937974406e-05,0.0006075655389474003,0.0005638922695676563,-0.01004376690274417,0.0001008772535966429,0.00029952230027885385,-0.001263475767533715,1.5963710152666621e-06,0.0013737368087359814,0.005342862858750576,2.8546183527322633e-05,0.00014943750782736576
1804,1.7395220010096857e-05,2.9882365452094106e-06,0.00019081790193383372,0.0001878296653886243,0.0028193189950930673,7.948559595960525e-06,0.0002477027118107378,-3.2522150284183005e-05,1.0576901576797582e-09,6.570414911488687e-05,-0.0010075179147932094,1.0150923495100272e-06,0.0002590468448758765
1805,0.0005084878843328866,0.0001791366420958266,0.00033679617867177214,0.00015765953657594553,0.005096572634766214,2.597505262147415e-05,7.206100527545889e-05,-0.008785432520605395,7.718382457411188e-05,0.0003532157698097338,0.020838691155923676,0.0004342510490918938,0.0005851117609301237
1806,0.0001389193815459766,4.6244509853021754e-05,0.0003357409692791302,0.00028949645942610847,0.00597867517093251,3.5744556799444105e-05,0.00021774700559440419,0.005876464293114981,3.453283258825213e-05,0.0003165087172956049,-0.008273822585206779,6.845614017136903e-05,0.00047296718494738155
1807,0.00022353871337033038,0.00015732374982565153,0.00037649391131159654,0.000219170161485945,0.013737761474485495,0.00018872609032982712,0.00035594161563368143,0.010261632281180811,0.00010530109707385105,0.0004043105809932168,0.01333956753695776,0.0001779440620732764,0.0003692295373078913
1808,-3.0679580638444115,1.0,1.0,0.0,0.0,1.0,1.0,0.0,1.0,1.0,0.0,1.0,1.0
1809,-3.0679580638444115,1.0,1.0,0.0,0.0,1.0,1.0,0.0,1.0,1.0,0.0,1.0,1.0
1810,-3.018460691965541,5.2942626835491185e-06,0.00011803060817102325,0.00011273634548747413,0.0023009264836369434,5.294262683586126e-06,0.00011803060817106026,0.002300926483636944,5.294262683142037e-06,0.00011803060817050515,-0.002300926483636944,5.294262683919193e-06,0.00011803060817150435
1811,0.00014350495429771293,3.8977890612172196e-05,0.0003576210301570552,0.000318643139544883,-0.006362376621351529,4.047983627175622e-05,0.0004063774810268983,-0.0015305150564804782,2.3424763385682112e-06,0.0003766012613235503,-0.008608795457336995,7.411135922619216e-05,0.00028988434812071695
1812,9.061592646408823e-05,2.65659042115729e-05,0.0003374194707876921,0.0003108535665761192,0.007559713090982579,5.714926201749737e-05,0.0005297329713201959,-0.0038995274199872107,1.520631409868134e-05,0.0002451055048602324,0.0027096377097071264,7.342136518539988e-06,0.0002374199361826479
1813,0.00024745914755985865,0.00010369046117172005,0.00027984807665097183,0.0001761576154792518,0.010199036726838622,0.00010402035015544264,0.00014701199407574084,-0.0024934059367367387,6.217073165504239e-06,0.00012932010865607246,0.014171589896485958,0.0002008339601942133,0.0005632121272211021
1814,1.1083248197429896e-05,2.943903749256608e-06,0.0003101398995074926,0.000307195995758236,0.002314310929920303,5.3560350806725054e-06,0.0004119754000456721,0.0014377981163072203,2.0672634235552323e-06,0.0003310546705772577,-0.0011867656649171303,1.4084127435420868e-06,0.00018738962789954794
1815,1.8056859857118468e-05,5.206074858247571e-06,0.0001556416332880358,0.00015043555842978823,0.002203001296819919,4.853214713773646e-06,0.00023142280691357264,-0.003246184575017001,1.0537714293823441e-05,0.00014740908778954065,0.00047675524888378146,2.272955671456245e-07,8.809300516099405e-05
1816,-3.0679580638444115,1.0,1.0,0.0,0.0,1.0,1.0,0.0,1.0,1.0,0.0,1.0,1.0
1817,4.317529512720686e-05,1.3190266354379254e-05,0.00018230905755859764,0.00016911879120421838,-0.0010987508607798607,1.2072534539830926e-06,0.0002483987083230499,-0.002956872154949959,8.743092941188024e-06,0.00012349351384455254,-0.005442467516488082,2.9620452667966646e-05,0.0001750349505081905
1818,0.00011812181786818865,9.650688344316668e-06,0.00041972808048814275,0.0004100773921438261,-0.001156733979504535,1.3380334998869259e-06,0.0004171724169392821,0.00015183023826820203,2.3052420861091605e-08,0.0003248886144009422,0.00525271159611426,2.7590979112201985e-05,0.000517123210124204
1819,-3.021212410057143,1.1243078859912714e-05,0.00012221458458964532,0.0001109715057297326,-0.003353070064684176,1.1243078858136357e-05,0.0001222145845874989,0.0033530700646841687,1.1243078861022937e-05,0.0001222145845909406,-0.003353070064684172,1.1243078860578848e-05,0.0001222145845904965
1820,3.1045125055140232e-06,1.498046175218981e-06,0.00025535523096091123,0.00025385718478569225,-0.0017336705790209485,3.005613676498875e-06,0.000270705230379753,0.0012192148197195138,1.486484776713759e-06,0.00039361254640202237,-4.516716165162785e-05,2.04007244430926e-09,0.00010174791610095824
1821,7.829081521970593e-05,3.277574563335476e-05,0.00018534988072778832,0.00015257413509443357,-0.008652812224123292,7.487115938553668e-05,0.0003601742890730897,0.0006630568824923954,4.3964442941746285e-07,6.331821341076793e-05,0.0047975444849488414,2.3016433085110144e-05,0.00013255713969950733
1822,0.00036390121285223564,0.00012158854641194002,0.0008852482899435188,0.0007636597435315787,-0.009312341747297514,8.671970881912738e-05,0.0010027107206997954,-0.014545817026831425,0.00021158079297833865,0.0010027549983470108,0.008152615374141158,6.646513743835403e-05,0.0006502791507837502
1823,0.00013409519370422007,4.1970970700170675e-05,0.00028111509873722057,0.0002391441280370499,-0.010607001698759161,0.00011250848503774336,0.0005306602782898517,-0.0004141679244174812,1.7153506959299847e-07,0.0002087863767051834,-0.0036377042201529296,1.3232891993175677e-05,0.00010389864121662651
1824,6.119580921992718e-05,3.540182774837882e-05,0.00039543820524027645,0.00036003637749189765,0.004613921202772697,2.1288268865271576e-05,0.0006498297681361009,-0.0068490661031356415,4.6909706484909997e-05,0.0002555107692117087,-0.0061650229435953816,3.8007507894954884e-05,0.0002809740783730197
1825,0.00013977875717674504,8.504146263447568e-06,0.00014210577406699917,0.00013360162780355161,0.002114432491063546,4.470824759739145e-06,0.00010194340099023425,0.004508283387153788,2.0324619098954777e-05,0.00021918159078304633,-0.000846755532495238,7.169949316487845e-07,0.00010519233042771692
1826,-3.0679580638444115,1.0,1.0,0.0,0.0,1.0,1.0,0.0,1.0,1.0,0.0,1.0,1.0
1827,8.46011242343625e-05,3.0001404320967318e-05,0.00011749960810173803,8.749820378077071e-05,-0.005351593836811371,2.86395565940456e-05,0.00010830178437215565,0.0015973387656317906,2.551491132707362e-06,7.411223067577133e-05,-0.007668974197141612,5.881316523614899e-05,0.00017008480925728708
1828,-3.0679580638444115,1.0,1.0,0.0,0.0,1.0,1.0,0.0,1.0,1.0,0.0,1.0,1.0
1829,-2.9751354753089223,9.111564347463741e-08,0.00012003416363019308,0.00011994304798671844,0.0003018536796472071,9.11156431415705e-08,0.00012003416362937891,-0.00030185367964720704,9.111564369668201e-08,0.00012003416363037811,-0.00030185367964720704,9.111564358565971e-08,0.0001200341636308222
1830,2.2179936592925387e-06,1.4989631586711145e-06,0.00015658754911914338,0.00015508858596047226,0.001147540408061358,1.3168489884085588e-06,0.00012132172480949777,-0.0014409209006219414,2.0762530419382585e-06,0.00022163111351070075,-0.00105061289085641,1.1037874456665264e-06,0.0001268098090372316
1831,-3.0679580638444115,1.0,1.0,0.0,0.0,1.0,1.0,0.0,1.0,1.0,0.0,1.0,1.0
1832,-3.0679580638444115,1.0,1.0,0.0,0.0,1.0,1.0,0.0,1.0,1.0,0.0,1.0,1.0
1833,4.596196360784344e-05,1.0194181012631217e-05,0.0001411943894259471,0.00013100020841331586,0.0009659119064377922,9.329858112749889e-07,0.0002668247040997773,-0.005266153957374926,2.7732377502753813e-05,0.00012077307515734326,-0.0013846225925132785,1.917179723864848e-06,3.598538902072068e-05
1834,-3.054247578018188,4.9499281786731984e-05,0.0001809397013685654,0.00013144041958183342,-0.00703557259834948,4.949928178721308e-05,0.00018093970136912052,0.007035572598349476,4.949928178676899e-05,0.00018093970136867643,0.007035572598349475,4.949928178621388e-05,0.00018093970136789927
1835,-3.0679580638444115,1.0,1.0,0.0,0.0,1.0,1.0,0.0,1.0,1.0,0.0,1.0,1.0
1836,-3.0679580638444115,1.0,1.0,0.0,0.0,1.0,1.0,0.0,1.0,1.0,0.0,1.0,1.0
1837,6.617806318609532e-05,7.494438188408263e-06,0.00011732378047650076,0.00010982934228809249,-0.0019541973063655752,3.81888711253886e-06,0.00012225968681378596,-0.003306242845336548,1.0931241751666043e-05,0.00012540626360801888,-0.0027808606045042115,7.733185701019885e-06,0.00010430539100769742
1838,8.225378733561772e-05,5.37539552860992e-05,0.0002198792996996879,0.0001661253444135887,0.0025998198111178332,6.759063051142711e-06,5.722002742403198e-05,-0.008551093545718385,7.3121200827031e-05,0.0002856941462977547,0.00902117519951603,8.13816019801239e-05,0.000316723725377277
1839,-3.0679580638444115,1.0,1.0,0.0,0.0,1.0,1.0,0.0,1.0,1.0,0.0,1.0,1.0
1840,-3.0679580638444115,1.0,1.0,0.0,0.0,1.0,1.0,0.0,1.0,1.0,0.0,1.0,1.0
1841,4.240271329503109e-06,1.6445456693103822e-06,0.00012351103863642945,0.00012186649296711907,0.001215103875380884,1.4764774282083337e-06,9.079818283375118e-05,0.00022359119887436693,4.9993024386907337e-08,0.00022665229894802685,-0.001845851173672974,3.4071665553359054e-06,5.308263412751035e-05
1842,2.6654111322299556e-05,4.016350712676697e-06,0.00016628481789523106,0.00016226846718255436,-0.0033946032723120457,1.152333137632855e-05,0.00018928107551352547,0.0006345530213864995,4.026575366467e-07,0.00024752976493369605,-0.00035080368631158407,1.2306322505484246e-07,6.204361323847163e-05
1843,9.657311504918109e-05,2.9256954514833566e-05,0.00015723673383427617,0.0001279797793194426,0.0002794932032892278,7.811645119648603e-08,0.00016276449344920785,0.00232450295996229,5.403314011331872e-06,0.0001203125157068774,-0.009071352329269719,8.228943308197234e-05,0.00018863319234674325
1844,4.396040901477605e-05,1.2628682806603564e-05,0.00011330961033491811,0.00010068092752831455,-0.003158422145004235,9.975630446135142e-06,7.515747334529976e-05,0.001496505796302528,2.2395295984356522e-06,7.92574507966215e-05,0.0050666446860947265,2.5670888375239898e-05,0.0001855139068628331
1845,0.0001482839767817934,7.393228437572545e-05,0.0003088868700385679,0.00023495458566284244,0.0018008589587802444,3.243092989380081e-06,0.00020300776622106387,0.011013681177799385,0.00012130117308617461,0.0003842288326291188,0.009861672629508001,9.725258705162165e-05,0.00033942401126552113
1846,2.9001181660159858e-05,3.8784865371196037e-07,4.3710095394796276e-05,4.3322246741084314e-05,-0.0009765263786364204,9.536037688384624e-07,4.3486599180186936e-05,-0.0003647566854482301,1.3304743939901442e-07,4.378946629279845e-05,0.0002772990333656058,7.68947528984043e-08,4.3854220711403435e-05
1847,6.896803299272225e-05,5.465613455490903e-06,0.00015860224679005905,0.00015313663333456814,-0.0027641408963801403,7.64047489509867e-06,0.00010749272661825238,0.0003188637214177508,1.0167407282768437e-07,0.00020061454094488784,0.0029418856874420616,8.654691398546355e-06,0.0001676994728070369
1848,4.725872077415705e-05,2.3948967809809634e-05,0.0002446173542982229,0.00022066838648841328,0.0060564436276198345,3.66805094144107e-05,0.00025643965673805,-0.004547629998455415,2.068093860252418e-05,0.00020791544648046667,-0.0038059762758659295,1.448545541249402e-05,0.00026949695967615206
1849,0.00028783485211070214,0.00013861087726511437,0.00037276480642263926,0.0002341539291575249,-0.01687798490908581,0.00028486637459035347,0.0007755854106801241,-0.002179860884046325,4.751793473700694e-06,1.6070454455618943e-05,0.01123452107260974,0.00012621446373128897,0.0003266385541321748
1850,5.6277207141519625e-05,6.438479615492969e-06,0.00013440421909427513,0.00012796573947878218,0.002080154306326622,4.327041938756437e-06,0.00019521968983349236,-0.0006425066832230253,4.128148386461916e-07,0.00013152308741903873,0.0038177980654507016,1.4575582069076276e-05,7.646988003029431e-05
1851,0.00014341518906424433,5.461932182504459e-05,0.0006659930666733279,0.0006113737448482833,0.009615963496442786,9.246675396490378e-05,0.0010342015202334798,-0.0025532949903980667,6.519315307818019e-06,0.00019608072211962924,0.008054309169788386,6.487189620241196e-05,0.0007676969576668746
1852,0.005496881751350879,0.005206584422505396,0.02985098563433275,0.024644401211827354,-0.07198642701165148,0.005182045673903901,0.03042748588732347,0.07128235659259152,0.00508117436139377,0.02764299376704138,-0.07318834082160326,0.005356533232218519,0.0314824772486334
1853,6.517598759581134e-05,1.8723021907381583e-05,0.0001585980831709429,0.0001398750612635613,0.006112982934233477,3.736856035396752e-05,0.0001587226961379251,-0.003932895768415804,1.546766912519093e-05,0.0001929236351128072,-0.0018256057194624103,3.3328362429863034e-06,0.00012414791826209637
1854,-3.0679580638444115,1.0,1.0,0.0,0.0,1.0,1.0,0.0,1.0,1.0,0.0,1.0,1.0
1855,-3.0679580638444115,1.0,1.0,0.0,0.0,1.0,1.0,0.0,1.0,1.0,0.0,1.0,1.0
1856,0.00154238421382058,0.0012027006876919044,0.003227553103168098,0.0020248524154761935,0.03432251277265956,0.0011780348830294773,0.002289417158438667,0.03792175374998808,0.0014380594074744346,0.003765012897692932,0.03149615488549807,0.0009920077725718013,0.0036282292533726945
1857,-2.9088300319641758,2.7876988480945997e-06,0.00011913749520849522,0.00011634979636040062,-0.0016696403350086066,2.7876988483166443e-06,0.00011913749520853223,-0.0016696403350086055,2.787698848205622e-06,0.00011913749520842121,-0.0016696403350086077,2.7876988477615328e-06,0.00011913749520853223
1858,6.948758547797862e-05,1.8693519018249855e-05,0.00017599851456540083,0.00015730499554715097,-0.0064267865473856805,4.1303585325613845e-05,0.00022458632776067855,0.0034983368405740777,1.2238360649896585e-05,0.00016737681032286122,0.0015933019423016053,2.538611079239139e-06,0.00013603240561266272
1859,-3.0679580638444115,1.0,1.0,0.0,0.0,1.0,1.0,0.0,1.0,1.0,0.0,1.0,1.0
1860,0.00010876986264651833,5.4525155257130935e-06,5.76467138294993e-05,5.21941983037862e-05,-0.003017528649012954,9.105479148230344e-06,4.6547198475299645e-05,0.0023580405149696134,5.560355070266532e-06,8.087451455895955e-05,0.0013006584326930336,1.6917123586424054e-06,4.55184284542387e-05
1861,-25.785330716859395,5.4243210292348465e-06,9.907807118895533e-05,9.365375015972048e-05,0.0023654731613867125,5.595463278940116e-06,9.905432509837997e-05,0.002329688623166174,5.427449081829572e-06,9.907359253413794e-05,0.002291298917226449,5.250050726934852e-06,9.910629593434805e-05
1862,4.0448443914820054e-05,2.0667382016078168e-05,0.00015633433369292385,0.00013566695167684567,0.0057511765849378995,3.307603211122334e-05,0.00014129053915956646,0.005210390576310084,2.714816995741387e-05,0.0001004367176732357,-0.0013333956574935126,1.7779439795972962e-06,0.0002272757442459694
1863,0.00010167193253740603,5.630054609099636e-05,0.00017711282607894377,0.00012081227998794741,0.0035608389438058353,1.267957398443098e-05,8.30265649253148e-05,0.009639247888969627,9.291509986497637e-05,0.00024246024647978093,-0.007956567376928297,6.330696442358175e-05,0.0002058516668317356
1864,0.0006350616174194412,0.00023339579969128277,0.0005410423051619059,0.0003076465054706231,0.022335415091385487,0.0004988707673043713,0.0009461184141005274,0.005598297367229688,3.13409334121717e-05,0.0003385218237611509,-0.01303747285165101,0.0001699756983573053,0.00033848667762403917
1865,-2.802161074530379,1.2895838115774735e-05,0.00012731207588985902,0.00011441623777408429,-0.003591077570227542,1.2895838116255831e-05,0.00012731207589022908,-0.0035910775702275455,1.2895838114812541e-05,0.0001273120758893409,-0.003591077570227542,1.2895838116255831e-05,0.00012731207589000704
1866,0.0011252938928003609,0.00021382940151704055,0.0006595651980957351,0.00044573579657869455,0.014133504268437482,0.00019975594290588816,0.00047844375055117183,-0.019526695411961337,0.0003812918337117166,0.0012198753297344433,0.007774344212449738,6.0440427933516894e-05,0.00028037651400159014
1867,-3.0679580638444115,1.0,1.0,0.0,0.0,1.0,1.0,0.0,1.0,1.0,0.0,1.0,1.0
1868,0.0004414207009055815,8.013410841552678e-05,0.0005089139086194757,0.00042877980020394896,-3.9720359253575306e-05,1.5777066320055155e-09,0.0003299068266852112,-0.012458637492244802,0.00015521764816306405,0.0005172687651330277,-0.009229469073395929,8.518309937688429e-05,0.0006795661340401882
1869,0.00032129162058158744,0.00011805318414722284,0.00031082112364104003,0.0001927679394938172,-0.01133838455792424,0.00012855896438379588,0.00023098763849471737,0.014717594407317161,0.00021660758513808442,0.00040470066333564425,0.0029988335931846926,8.993002919788218e-06,0.0002967750690927584
1870,-3.0679580638444115,1.0,1.0,0.0,0.0,1.0,1.0,0.0,1.0,1.0,0.0,1.0,1.0
1871,0.00015413639989170225,2.713517188305629e-05,0.0002920614844282114,0.0002649263125451551,-0.005296780413323072,2.8055882747013428e-05,0.0003601867613970411,0.007304048444817241,5.334912368415434e-05,0.00023934016524551627,2.2565861359964873e-05,5.092180010990432e-10,0.00027665752664207677
1872,0.0001181306820537964,5.796156771183577e-05,0.00023221227779783118,0.0001742507100859954,0.003758311781056501,1.412490744356898e-05,0.00017982462809107425,0.010831834354411788,0.00011732863548097328,0.0003222327843185324,0.006513920494649453,4.2431160210965047e-05,0.00019457942098388692
1873,0.0002566585435543889,0.00011449869211229331,0.00028582728782429917,0.00017132859571200587,-0.00906842586458818,8.22363476615795e-05,0.00024071314539952926,0.015289844761684076,0.00023377935283630524,0.00039486097899299466,-0.00524217281660576,2.7480375838995208e-05,0.00022190773908037364
1874,-3.0679580638444115,1.0,1.0,0.0,0.0,1.0,1.0,0.0,1.0,1.0,0.0,1.0,1.0
1875,9.033098655386596e-05,2.0219892617356905e-05,0.0001659002538008473,0.0001456803611834904,0.005816656959879551,3.383349818897319e-05,9.532761676445123e-05,0.003243271305901252,1.0518808763237963e-05,0.0001849983400049604,0.004038238588773697,1.6307370899859563e-05,0.0002173748046331303
1876,0.0002533213290918379,7.547192026184184e-05,0.0004628536531015766,0.00038738173283973476,0.008239290142537475,6.788590205264455e-05,0.0004226201304021737,-0.012096384890347225,0.00014632252741531016,0.0006463115259948138,-0.003493899156758101,1.2207331317570791e-05,0.0003196293029077424
1877,-3.0679580638444115,1.0,1.0,0.0,0.0,1.0,1.0,0.0,1.0,1.0,0.0,1.0,1.0
1878,3.918660875368296e-05,2.3461336225290747e-05,0.0003982396151960277,0.00037477827897073696,0.005475417677015407,2.9980198738122077e-05,0.00046809640195510926,-0.004935449854886239,2.4358665271284607e-05,0.00040561309100384246,0.004005639108272374,1.604514466646556e-05,0.00032100935262913133
1879,5.313214823410295e-05,7.769982421283276e-06,0.00029022599437245056,0.00028245601195116726,0.0014741667858489203,2.173167712782309e-06,6.180434355329556e-05,0.004561232693380227,2.0804843683053242e-05,0.0003764852751791947,-0.0005761387570824416,3.31935868014277e-07,0.0004323883643848614
1880,0.00012430771902494087,4.025047746225585e-05,0.00023135157061489794,0.0001911010931526421,0.0013516149727504623,1.8268630344042691e-06,0.00024318184147109623,-0.010900339486381784,0.00011881740091834736,0.0002186592475114102,-0.00032736590236139956,1.0716843401592513e-07,0.00023221362286218739
1881,-2.589881983686353,1.929404233306601e-06,0.00018680404963840788,0.0001848746454051013,0.0012838062952506323,1.6481586040395513e-06,0.00018010203156404447,-0.0014043028794341469,1.9720665770384116e-06,0.00018831179210976323,-0.0014724087470819889,2.1679875188418407e-06,0.0001919983252414159
1882,0.0006971300537150782,0.00017908209815072537,0.0005002662245118991,0.00032118412636117366,0.022637705036717148,0.0005124656893293889,0.0008406519204182672,-0.004697362721381422,2.206521653613791e-05,0.00026752451863487625,0.0016478436170725352,2.7153885866493255e-06,0.0003926222344825536
1883,-3.0679580638444115,1.0,1.0,0.0,0.0,1.0,1.0,0.0,1.0,1.0,0.0,1.0,1.0
1884,0.0003286185659638896,7.57937836200299e-05,0.00015332239550913673,7.752861188910683e-05,-0.0015477266796341533,2.3954578748375255e-06,6.44536630985959e-05,0.01018001493412901,0.000103632704059331,0.0001467880209420347,0.011016042344062808,0.00012135318892592117,0.0002487255024867796
1885,-2.948132872273608,6.846436251521186e-06,0.00011941995212734942,0.00011257351587582823,0.0026165695579511124,6.846436252261334e-06,0.00011941995212816359,0.0026165695579511137,6.846436250929067e-06,0.00011941995212694234,0.0026165695579511124,6.846436251373156e-06,0.00011941995212694234
1886,-3.0679580638444115,1.0,1.0,0.0,0.0,1.0,1.0,0.0,1.0,1.0,0.0,1.0,1.0
1887,0.0001510466470255878,7.023900644749966e-05,0.00032218320968716946,0.0002519442032396698,0.011944326307796996,0.00014266693094722172,0.0004764476707233012,-0.007047637913769474,4.9669200163471317e-05,0.0002935016173974958,0.00428729381214672,1.8380888231805947e-05,0.00019660034094071133
1888,0.0005847912174901104,0.00032401847757194496,0.0007665890394862318,0.00044257056191428684,-0.021147019639447668,0.00044719643963064826,0.0008872283382146406,0.02158355512434191,0.0004658498518056442,0.0009551837195318491,-0.007681740771459014,5.9009141279542376e-05,0.00045735506071220566
1889,4.3855343964782634e-05,2.166416689560376e-05,0.00015872110209143772,0.00013705693519583395,-0.00478087576412217,2.2856773071899816e-05,0.00015167641185187541,0.005057190611670857,2.5575176882730588e-05,0.00017052677545970063,0.0040694656568578845,1.656055073218088e-05,0.0001539601189627371
1890,7.996611710503476e-05,1.4393680386137753e-05,0.0001472790167980446,0.00013288533641190683,0.00032822341416278956,1.0773060965529879e-07,0.00012222332964706428,-0.0026589348439860607,7.069934504388975e-06,0.00014629899823470627,0.0060002813304340765,3.6003376044368984e-05,0.00017331472251236324
1891,4.209839313240593e-05,1.5129979863933348e-05,0.0001322248268256591,0.00011709484696172574,-0.0053456251095275655,2.857570781111818e-05,0.0001760345476653491,-0.0015794342191896595,2.4946124530522695e-06,0.00010016117311761885,-0.0037841272874666394,1.4319619327629596e-05,0.00012047875969400934
1892,0.00018972657184601616,5.99816514540071e-05,0.0002394730366798529,0.0001794913852258458,-0.005041876591960799,2.5420519568886135e-05,0.0001371861784790207,0.010625171649023185,0.00011289427257121787,0.0003884929605200149,-0.006452144001951371,4.163016222191729e-05,0.0001927399710405231
1893,0.0002602423359761019,0.00010297026542693821,0.0003116575974401921,0.0002086873320132539,0.0031730465070269427,1.0068224135406645e-05,0.00026042002377946183,0.015253110622004514,0.00023265738364608435,0.0005079527416183005,0.008135427984962477,6.618518849932364e-05,0.00016660002692281406
1894,0.0022604993182447908,0.0009856697021603706,0.005538310996917151,0.00455264129475678,0.043392264351751024,0.001882888605572064,0.010507633380522186,-0.028431795739120292,0.0008083670089509276,0.005467388475477453,0.016301947489733532,0.0002657534919581206,0.0006399111347518138
1895,0.36915845926304836,0.3521377442533072,0.757873410723982,0.40573566647067477,-0.5967581774966586,0.35612032240913316,0.7559188521136779,0.6057237874073915,0.3669013066311547,0.739056904339541,0.5774007306192415,0.3333916037196336,0.7786444757187272
1896,0.00021620226430763,0.00010795358436392159,0.00030054501246986237,0.00019259142810594077,0.012507090942782658,0.00015642732385079405,0.0003086008359611814,-0.008785748181980007,7.71893711178917e-05,0.00030537286641008077,0.009499687264467517,9.024405812307901e-05,0.00028766133503832503
1897,5.458654074586011e-05,1.3531553389715493e-05,0.0001688096521855753,0.00015527809879585983,-6.5855716898925705e-06,4.336964121165465e-11,0.00019129952138086104,0.002868921258752131,8.23070918865021e-06,0.0001605805981297337,0.005688928511660586,3.236390761085506e-05,0.0001545488370461312
1898,2.4031722353767826e-05,1.0761896740503948e-05,0.00011350427496159554,0.0001027423782210916,0.002051912071968518,4.210343151234142e-06,0.00021979611586064873,0.0027734134051699334,7.691821916400166e-06,5.3719109853966884e-05,-0.004514811751791793,2.0383525153877535e-05,6.699759917017101e-05
1899,0.00011467667073750132,2.7002163494308878e-05,0.00022407690555248383,0.00019707474205817496,0.00807893453531461,6.52691832261354e-05,0.0001507532887771168,-0.003966762601412678,1.573520553577179e-05,0.0002959774644401003,-4.584452787707824e-05,2.101721019442948e-09,0.00022549996344023437
1900,-3.0679580638444115,1.0,1.0,0.0,0.0,1.0,1.0,0.0,1.0,1.0,0.0,1.0,1.0
1901,9.402788628920522e-05,8.524360454805388e-06,0.000122565485072057,0.00011404112461725162,0.0016778317317334033,2.8151193200987024e-06,9.90895981686224e-05,0.0014681568617521835,2.155484570276478e-06,0.00012670030959560652,0.0045389952052725755,2.060247747404098e-05,0.0001419065474519421
1902,-3.0679580638444115,1.0,1.0,0.0,0.0,1.0,1.0,0.0,1.0,1.0,0.0,1.0,1.0
1903,3.259587769199879e-05,1.091105950290494e-05,0.0001754915208297773,0.00016458046132687235,0.0035331700336372184,1.248329048675334e-05,0.00016421500949881374,0.004479777774372423,2.0068408907558677e-05,0.0001699954994204278,-0.0004260036552153795,1.8147911440280495e-07,0.00019226405357009035
1904,7.969050996481375e-05,2.9395216462539214e-05,0.00017329118035099475,0.00014389596388845555,0.008915594493582084,7.948782517419595e-05,0.00013201473110391326,0.002948288112314226,8.692402793664122e-06,0.0002804953857717951,7.363029265678425e-05,5.421419757567492e-09,0.00010736342417727585
1905,-3.0679580638444115,1.0,1.0,0.0,0.0,1.0,1.0,0.0,1.0,1.0,0.0,1.0,1.0
1906,-3.0679580638444115,1.0,1.0,0.0,0.0,1.0,1.0,0.0,1.0,1.0,0.0,1.0,1.0
1907,3.0033701005516278e-05,6.191201208742096e-06,0.0001491665142234755,0.0001429753130147334,-0.00321428327642569,1.0331616980940872e-05,9.964105900650555e-05,0.0026903953890172836,7.2382273507143324e-06,0.0001678940338766255,-0.0010018778841555242,1.0037592945710827e-06,0.00017996444978729542
1908,-3.0679580638444115,1.0,1.0,0.0,0.0,1.0,1.0,0.0,1.0,1.0,0.0,1.0,1.0
1909,-3.0679580638444115,1.0,1.0,0.0,0.0,1.0,1.0,0.0,1.0,1.0,0.0,1.0,1.0
1910,-2.7666427537890814,3.487839625678409e-05,0.00013535452423178254,0.00010047612797499844,0.005905793448531448,3.487839625748723e-05,0.00013535452423241168,0.005905793448531451,3.48783962568211e-05,0.00013535452423185657,-0.005905793448531454,3.487839625604394e-05,0.0001353545242310794
1911,-3.0679580638444115,1.0,1.0,0.0,0.0,1.0,1.0,0.0,1.0,1.0,0.0,1.0,1.0
1912,6.189982328730359e-05,1.9082293061615612e-05,0.0002109815098304916,0.000191899216768876,0.0017512085818475484,3.0667314975252324e-06,0.00026093225107448603,0.0072663445254787734,5.2799762762734126e-05,0.00013342482463973848,0.001174897835890934,1.3803849245874744e-06,0.00023858745377725032
1913,0.05087664462159802,0.02436155557723041,0.028303810884421726,0.003942255307191316,-0.09246787021362685,0.008550307021843895,0.01124273051231428,-0.20464658541678285,0.041880224922748455,0.04613038814228365,0.1505129057160839,0.02265413478709888,0.02753831399866724
1914,0.00031607261634458705,6.83551257822564e-05,0.0002968146055960889,0.00022845947981383252,0.0026239297548125433,6.8850073577930715e-06,0.00020087066441365486,-0.004964767865590373,2.4648919959235904e-05,0.000273296292832681,0.013173133645029094,0.00017353145002974024,0.00041627685954193083
1915,0.00014578690322364363,4.730568062864352e-05,0.0001789556239035761,0.0001316499432749326,-0.0008045377960439709,6.472810649693628e-07,0.00019179016149040162,0.004081844452969224,1.6661454138588994e-05,0.00011309448180851778,0.011162809085630148,0.00012460830668237222,0.00023198222841180893
1916,-3.0679580638444115,1.0,1.0,0.0,0.0,1.0,1.0,0.0,1.0,1.0,0.0,1.0,1.0
1917,4.3781248500573966e-05,1.1687146596088086e-05,0.0003055007687196761,0.00029381362212358797,-0.004163751209365241,1.733682413374016e-05,0.00014521381946541734,0.0009838832844918592,9.680263173272863e-07,0.00016381293143630238,0.00409348132244153,1.6756589337196814e-05,0.0006074755552573086
1918,-3.0679580638444115,1.0,1.0,0.0,0.0,1.0,1.0,0.0,1.0,1.0,0.0,1.0,1.0
1919,-3.0679580638444115,1.0,1.0,0.0,0.0,1.0,1.0,0.0,1.0,1.0,0.0,1.0,1.0
1920,9.180772700290163e-05,2.001280870322919e-05,0.00019026096735793216,0.00017024815865470297,-0.001550614158724568,2.404404269240601e-06,0.00021324941935008113,0.007589856008800409,5.7605914233982425e-05,0.0001358732445891908,-0.00016765323282385292,2.8107606464544688e-08,0.0002216602381345245
1921,0.00032123231572722677,0.0001090745181147416,0.00042938602158652345,0.00032031150347178183,-0.0035242849032000928,1.2420584079020358e-05,0.00038869512147021723,-0.015616668185682287,0.00024388032522160152,0.0004955167135584082,0.008421558350076653,7.09226450436029e-05,0.00040394622973094485
1922,6.112556736914687e-05,2.837111310745784e-05,0.0003465851209589014,0.0003182140078514436,-0.000479701173508634,2.3011321526045236e-07,0.0003490006435206139,-0.006459164981492588,4.172081225783941e-05,0.00042072700445738853,0.006569810792495193,4.316241384927366e-05,0.0002700277148987018
1923,0.00034670634646361,0.0001524947531965637,0.0005983213381307214,0.0004458265849341577,-0.005666751927724657,3.2112077409829354e-05,0.00048238111623677415,0.014518851077370698,0.00021079703660675797,0.0009320125024191439,0.014648383718791047,0.00021457514557310375,0.00038057039573624607
1924,-3.0679580638444115,1.0,1.0,0.0,0.0,1.0,1.0,0.0,1.0,1.0,0.0,1.0,1.0
1925,6.714654939088405e-05,2.667962994181335e-05,0.0001647675900113832,0.00013808796006956983,0.005328792430731476,2.8396028769472892e-05,0.00010021922524050542,0.00525122984449156,2.7575414879077442e-05,0.00023885825346348089,-0.004905858352708665,2.4067446176889717e-05,0.00015522529133016327
1926,6.4782846540545336e-06,9.249015546034892e-07,0.00031442826211114383,0.0003135033605565403,0.0009604620148571987,9.224872817847896e-07,0.0002982048417153882,0.0005515855621885375,3.042466322211723e-07,0.0003232211663241058,-0.0012441747262493515,1.5479707498045059e-06,0.0003218587782939375
1927,0.00032203444227840716,8.39255109478243e-05,0.000297674842692867,0.00021374933174504268,-0.009689680912234003,9.38899161810891e-05,0.00029096552944951615,-0.011217264923198633,0.00012582703235664017,0.00036878645806737165,0.0056621183584590635,3.205958430574363e-05,0.0002332725405617131
1928,0.00048603491104493024,0.00014161145688140753,0.0005267967023237322,0.0003851852454423247,-0.008321177051948748,6.924198752988886e-05,0.000524038185553688,0.014736747943835483,0.00021717173995983163,0.0005496268810614158,-0.01176523026357137,0.0001384206431545021,0.000506725040356093
1929,1.8099883460909183e-05,4.741239129450274e-06,0.00014411295946148428,0.00013937172033203402,-0.0016035410639942092,2.5713439436581e-06,0.0001513193956845793,-0.0026870584182122326,7.2202829427547854e-06,0.00014744683109579881,0.0021052530730720827,4.432090501937935e-06,0.00013357265160407472
1930,-2.8315192610174056,2.790627878601626e-05,0.00023434599255796792,0.00020643971377195167,-0.0028275755080020342,7.99518325234061e-06,0.00011271750494834532,5.312279305318091e-05,2.8220319414629103e-09,0.00014694127543701807,0.00870177172040533,7.57208310737667e-05,0.00044337919728854036
1931,-3.0679580638444115,1.0,1.0,0.0,0.0,1.0,1.0,0.0,1.0,1.0,0.0,1.0,1.0
1932,-3.0679580638444115,1.0,1.0,0.0,0.0,1.0,1.0,0.0,1.0,1.0,0.0,1.0,1.0
1933,-3.0679580638444115,1.0,1.0,0.0,0.0,1.0,1.0,0.0,1.0,1.0,0.0,1.0,1.0
1934,0.00044517617567396695,9.30079882362674e-05,0.0006214350605345809,0.0005284270722983134,-0.012246202900953154,0.00014996948549128586,0.0009543719489714109,0.011298544336995654,0.00012765710413475961,0.00043884764605139903,-0.0011821062060585403,1.3973750827567244e-06,0.0004710855865809327
1935,0.0001556965368422203,8.980972724825786e-05,0.0004089620456057356,0.00031915231835747776,-0.00830842896902959,6.902999193325599e-05,0.0005636106687315623,0.008844199458830342,7.821986406775228e-05,0.0003593991798886975,-0.011053475731366356,0.00012217932574376533,0.000303876288196947
1936,0.00013755497114009696,3.9777769631081185e-05,0.0002184683704033278,0.00017869060077224663,-0.007137627864311053,5.094573152941706e-05,0.000266149131368576,-0.007942016616258206,6.307562793317345e-05,0.0001979801623842592,0.0023047666759894747,5.311949430653051e-06,0.00019127581745714828
1937,5.600152460372154e-05,2.7618158848700485e-05,0.00024504954800859863,0.00021743138915989815,-0.006123776944225498,3.750064406216058e-05,0.00033814238419183074,-0.006096770730728285,3.717061334318483e-05,0.000262656336189937,0.002860632646775904,8.183219140756037e-06,0.0001343499236440282
1938,-3.0679580638444115,1.0,1.0,0.0,0.0,1.0,1.0,0.0,1.0,1.0,0.0,1.0,1.0
1939,0.00016533728231438172,4.964120137640471e-05,0.00017698973897591527,0.00012734853759951056,-0.011500164849497736,0.0001322537915653399,0.00042188772157569776,0.0023678798006513354,5.606854750261903e-06,4.286753923743447e-05,-0.0033261024959125793,1.1062957813612329e-05,6.621395611461356e-05
1940,6.762491004275173e-05,2.952680514919e-05,0.0001630364756617375,0.0001335096705125475,0.006514047223796537,4.243281123395004e-05,0.00028041480216334236,-0.006624982629198796,4.389039483720936e-05,0.0001489909101917153,-0.001502401203419641,2.257209376410607e-06,5.970371463015489e-05
1941,0.00016273769324004483,7.312171717255289e-05,0.00023524622833082098,0.0001621245111582681,-0.005253724246235703,2.76016184552752e-05,0.00017532527972485834,0.008972320505113623,8.050253524638507e-05,0.00020592152929510554,0.010548032888437456,0.00011126099781599841,0.00032449187597249907
1942,0.0001237821225584801,9.06527044016355e-06,0.0001493683254252994,0.00014030305498513584,0.0020430581806829156,4.174086729369364e-06,4.439541202250208e-05,-0.003963049082917561,1.570575803311325e-05,0.00016603589567842914,-0.0027048043474190856,7.315966558008036e-06,0.00023767366857496697
1943,-3.0679580638444115,1.0,1.0,0.0,0.0,1.0,1.0,0.0,1.0,1.0,0.0,1.0,1.0
1944,0.00021848919219769058,6.477382295636917e-05,0.00013145813658521632,6.668431362884715e-05,-0.01267691046881253,0.00016070405903401142,0.00024867805166339796,-0.005030634288412921,2.530728134386706e-05,9.129271919317006e-05,0.002882729347641801,8.31012849122903e-06,5.440363889908095e-05
1945,6.748032159797912e-05,1.7950942018063465e-05,8.403783114951935e-05,6.608688913145588e-05,-0.004499154648864625,2.0242392554825628e-05,0.0001330142097225595,0.0010780022068329017,1.1620887578889239e-06,2.7525446567810974e-05,-0.0056963448580250875,3.244834474147584e-05,9.157383715818757e-05
1946,5.018282385194084e-05,1.9317406556917938e-05,0.00013654374688772583,0.00011722634033080789,0.0041853007900124785,1.7516742702561316e-05,0.00014855288868387273,0.00491708476342391,2.4177722570462024e-05,0.00018027590122515758,0.004032090574086901,1.6257754397730473e-05,8.080245075414716e-05
1947,9.566721170650716e-05,2.3098682462567115e-05,0.00034960782870400536,0.00032650914624143823,0.008013579628548722,6.421745846296734e-05,0.0003513862739271678,-0.002199452610373469,4.837591784934148e-06,0.0003193058120366521,-0.0004909145952771584,2.4099713979985893e-07,0.00037813140014819613
1948,-3.0679580638444115,1.0,1.0,0.0,0.0,1.0,1.0,0.0,1.0,1.0,0.0,1.0,1.0
1949,-3.0679580638444115,1.0,1.0,0.0,0.0,1.0,1.0,0.0,1.0,1.0,0.0,1.0,1.0
1950,0.00012826964433265697,1.53303034865863e-05,0.00017961631130987885,0.00016428600782329256,0.00040367093582863384,1.6295022420287353e-07,0.00017813962988333376,0.006322041500898121,3.9968208739527e-05,0.00026874399723419984,0.0024206923587672146,5.85975149602902e-06,9.196530681210291e-05
1951,3.7183325044543025e-06,1.4988396601263905e-06,0.00021335608346584323,0.00021185724380571683,5.4772555939235555e-05,3.0000327777557345e-09,0.0002375313711885374,0.0015595194971683853,2.4321010619887673e-06,0.0003029610140683481,-0.0014357638682022224,2.0614178856126486e-06,9.95758651406442e-05
1952,0.00012371525564547348,3.0280016570645902e-05,0.00018533545672879312,0.0001550554401581472,0.004910190349326136,2.410996926704989e-05,5.3350158696563454e-05,-0.005572263723181244,3.1050123000975205e-05,0.0002517572787481548,-0.005973270247065596,3.567995744391261e-05,0.0002508989327416611
1953,9.685905117851057e-05,7.205220603193989e-06,0.0001113634867463779,0.00010415826614318391,-0.00020588432025001266,4.238835316083822e-08,0.00014157601708875145,0.003321731244288105,1.1033898459689162e-05,9.420887633337927e-05,-0.0032464403578098713,1.0539374996731965e-05,9.830556681700298e-05
1954,-3.0679580638444115,1.0,1.0,0.0,0.0,1.0,1.0,0.0,1.0,1.0,0.0,1.0,1.0
1955,5.405510381861767e-05,2.1092216780334756e-05,0.0001061798513637043,8.508763458336954e-05,-0.005378772142569672,2.893118976177167e-05,0.00017375452502044197,0.003623768171323382,1.3131695759671658e-05,7.045859591825465e-05,0.00460584029463092,2.1213764819560943e-05,7.432643315241627e-05
1956,-3.0679580638444115,1.0,1.0,0.0,0.0,1.0,1.0,0.0,1.0,1.0,0.0,1.0,1.0
1957,-3.0679580638444115,1.0,1.0,0.0,0.0,1.0,1.0,0.0,1.0,1.0,0.0,1.0,1.0
1958,2.3189577449511667e-05,4.054706685778046e-06,0.00036362042130766437,0.0003595657146218863,0.002863442737449533,8.199304310840816e-06,0.00047780481571002564,-0.0009434955785279491,8.901839070318829e-07,0.00030773466548739137,-0.0017534628137192828,3.074631839461439e-06,0.0003053217827255761
1959,5.9024460005163704e-05,2.8696815553286292e-05,0.00015723448809242443,0.00012853767253913814,0.00678054429144517,4.597578088838539e-05,0.00014141577595416788,-0.005746338897833661,3.302041072883455e-05,0.00022965509188044297,0.0026635042788041422,7.094255042638942e-06,0.00010063259644266243
1960,7.219295086158262e-05,1.2514563209202004e-05,0.0002004331178803905,0.0001879185546711885,0.00018716739083358676,3.503163237272844e-08,0.0001497752057850743,-0.0058408075662393765,3.411503302586105e-05,0.00024654346155328355,-0.001842179407402172,3.393624969372233e-06,0.00020498068630281363
1961,0.0006302500531796262,0.00035205536208826604,0.0007305214821818155,0.0003784661200935494,0.019254319717546205,0.0003707288277853271,0.0009672024599789442,0.018049858384266548,0.0003257973876921172,0.0005942072745014348,0.018964173348380506,0.0003596398707873538,0.0006301547120650675
1962,-3.0679580638444115,1.0,1.0,0.0,0.0,1.0,1.0,0.0,1.0,1.0,0.0,1.0,1.0
1963,-3.0679580638444115,1.0,1.0,0.0,0.0,1.0,1.0,0.0,1.0,1.0,0.0,1.0,1.0
1964,0.0008814888947910049,0.00020443790422245792,0.0004543819711214277,0.00024994406689896975,0.013033409715423269,0.00016986976881017135,0.00029082392939716595,-0.02103819766747665,0.0004426057610956713,0.0007491792644476192,0.0009155232174364258,8.381827615311366e-07,0.000323142719519498
1965,0.00016555094337245002,2.4015003922942906e-05,0.00029899896401319737,0.00027498396009025444,-0.006432399980473872,4.1375769509244265e-05,0.0003665146467691782,0.0052063649050737345,2.710623552426572e-05,0.0002120675460516308,0.0018875928417061722,3.56300673531873e-06,0.00031841469921878307
1966,0.0005351275312810433,0.0001523390449677716,0.0002849378681219668,0.00013259882315419522,-0.020787698757672918,0.00043212841964013204,0.0006169490250828025,-0.004916981834499311,2.4176710360812592e-05,0.0001389658537568339,0.0008438038293719223,7.120049023701114e-07,9.889872552626411e-05
1967,-3.0679580638444115,1.0,1.0,0.0,0.0,1.0,1.0,0.0,1.0,1.0,0.0,1.0,1.0
1968,0.0003573048430609571,0.00011893894491243895,0.0008561749091003934,0.0007372359641879545,0.014764854930999615,0.0002180009411333339,0.0005534358047458721,0.011558096992781331,0.00013358960609455295,0.0017452352942302074,0.0022861075017392685,5.226287509429994e-06,0.00026985362832510074
1969,6.867822920475497e-06,2.698106345973746e-06,0.0001668239305806877,0.00016412582423471395,0.0005362130906815968,2.875244791145093e-07,7.81650599762651e-05,-0.0010585550505738319,1.1205387949742018e-06,0.00017079253273089012,-0.0025857795272555546,6.686255763832527e-06,0.0002515141990349079
1970,1.655433194658329e-05,1.5484317823499794e-06,0.00017145822140418598,0.000169909789621836,-0.00019097100024849088,3.6469922970461255e-08,0.0002045529294398829,-0.0020782568944266453,4.319151719167635e-06,0.0001098372489526378,-0.0005382134380260713,2.896737049118414e-07,0.00019998448582003725
1971,0.0008922694744474269,0.00022478875817869928,0.0009465529100221767,0.0007217641518434774,-0.020531840337717926,0.0004215564676532946,0.0012549763133653524,0.01256828437240424,0.0001579617720656179,0.00048561035461314184,-0.00973899557537356,9.48480348171854e-05,0.0010990720620880357
1972,0.00018123330262331816,9.507771032594518e-05,0.0001839237651003837,8.884605477443851e-05,0.010179771317402298,0.00010362774407413067,0.00019616902801400382,0.011989569385766877,0.00014374977405617884,0.00021128501936384936,-0.006152691512495538,3.785561284752603e-05,0.00014431724792329792
1973,0.00014907133608266232,5.8763978895666945e-05,0.00029154075551215036,0.0002327767766164834,-0.009818852520495623,9.640986481929126e-05,0.0003275758793245265,0.007913440237828325,6.262253639754967e-05,0.0003077010031656835,-0.004154459708586829,1.7259535470159904e-05,0.00023934538404624117
1974,0.00027040062883854077,0.00019619622351500313,0.0004724587492529464,0.0002762625257379433,0.01449691138912697,0.00021016043982413635,0.00041562204364575805,-0.014369794590859642,0.00020649099658309744,0.0005200957077587942,-0.013112483904200785,0.00017193723413777562,0.0004816584963542869
1975,-2.8440431061971942,1.371586077307067e-06,0.0001237168050237658,0.00012234521894645875,-0.0011711473338189152,1.3715860780472156e-06,0.00012371680502454296,-0.001171147333818915,1.371586077825171e-06,0.00012371680502409887,0.0011711473338189156,1.3715860760488141e-06,0.00012371680502265558
1976,-3.2967264028855894,1.672674521439414e-05,9.882462485007644e-05,8.20978796356823e-05,0.003584628335167663,1.2849560300676188e-05,9.696013506210743e-05,0.00446016509867359,1.989307270766627e-05,0.00010050783421355902,0.004175835561113273,1.7437602634839955e-05,9.900590527456288e-05
1977,4.859892208175509e-05,9.101894950550951e-06,0.00012707916271563016,0.0001179772677650792,-0.004101772454519813,1.6824537267257078e-05,9.981447594886728e-05,0.00033862466393382414,1.1466666338666442e-07,0.00018897522679695022,0.003219701992494314,1.0366480921009114e-05,9.244778540107301e-05
1978,8.377242289081543e-05,7.67318835022864e-06,8.74487520393652e-05,7.977556368913656e-05,-0.0021434550563190187,4.594399578339292e-06,0.00010919415331978044,-0.0038868844722173093,1.5107870900643583e-05,6.976981271666904e-05,0.0018213441661556317,3.3172945717030444e-06,8.33822900816461e-05
1979,0.00013158029388304904,3.4066338115460816e-05,0.0002568816583786715,0.00022281532026321069,0.0077170968195679505,5.9553583322324855e-05,0.00025298858007638536,0.005311291638452253,2.8209818868751846e-05,9.967698148916071e-05,-0.0037994226081520363,1.4435612155305755e-05,0.0004179794135704684
1980,6.842292390374372e-05,2.448388849130012e-05,0.00020702977590321878,0.00018254588741191866,-0.0030754312229614926,9.458277207441412e-06,0.00010013495202454425,-0.0017093588926646974,2.9219078239162144e-06,0.0002968166944099515,-0.00781482440253405,6.107148044254274e-05,0.00022413768127516054
1981,0.00010043029051309826,2.3636390120485018e-05,0.00013660597666316962,0.0001129695865426846,-0.003014840589798986,9.089263781736356e-06,0.0001766774597798948,-0.002026612069233409,4.107156479360441e-06,5.2685803694552114e-05,-0.007596890817984421,5.7712750100358257e-05,0.00018045466651506192
1982,-2.9919588992158346,3.105890998082265e-05,0.00020568189113127447,0.00017462298115045183,0.005600726349861018,3.136813564641461e-05,0.00021178223420803555,0.00560479676273764,3.1413746751529636e-05,0.00019696533267044014,0.0055131522329723666,3.0394847544523707e-05,0.00020829810651534775
1983,5.03517530003883e-05,1.1315420327210704e-05,0.00020507114194564155,0.00019375572161843085,2.4814256495220083e-05,6.157480081370181e-10,0.00017691724881541138,0.0032943962148354825,1.085304642067797e-05,0.00012389996043571383,-0.004805475919509251,2.3092598812946008e-05,0.0003143962165857994
1984,-3.0679580638444115,1.0,1.0,0.0,0.0,1.0,1.0,0.0,1.0,1.0,0.0,1.0,1.0
1985,-3.0679580638444115,1.0,1.0,0.0,0.0,1.0,1.0,0.0,1.0,1.0,0.0,1.0,1.0
1986,0.00022314542047707775,7.429195714914183e-05,0.0005516735304366138,0.000477381573287472,-0.004444477050383989,1.9753376251152588e-05,0.0003774651158319209,0.013928875497836233,0.00019401357263437724,0.00047394162141389806,0.0030180991636996634,9.10892256189566e-06,0.0008036138540640225
1987,0.003535371233322371,0.0012595092771804002,0.0018760968893775098,0.0006165876121971097,-0.01857089775912478,0.0003448782435798714,0.0007618542301102149,0.011314568210437097,0.00012801945378815294,0.0008195503079219124,0.05749460960971134,0.0033056301341731764,0.004046886130100402
1988,-2.9071266099538766,2.624332526846018e-07,0.0001206899519298199,0.0001204275186771353,0.000512282395856653,2.6243325323971334e-07,0.00012068995193059706,0.000512282395856653,2.624332525735795e-07,0.00012068995193015297,0.000512282395856653,2.624332522405126e-07,0.00012068995192870968
1989,0.00015152052734301868,6.770416446048404e-05,0.00028461771895804677,0.00021691355449756272,-0.00925055939401079,8.557284910171159e-05,0.00038946658060079464,0.010835448807636842,0.00011740695086281949,0.00032523265857042905,-0.0003642710763592547,1.3269341692101477e-07,0.00013915391770291663
1990,6.0536487764495384e-05,2.1228033254439005e-05,0.00012881423129980826,0.00010758619804536926,-0.004929208079279726,2.4297092288794175e-05,0.00013457458404309008,-0.0026490095576940063,7.017251636987076e-06,0.00014433375243083635,-0.005689442489157384,3.236975583753576e-05,0.00010753435742549833
1991,0.0002514747523141292,0.00016152902251738896,0.0003718356371089267,0.00021030661459153774,-0.01575412746163176,0.0002481925320774181,0.0004327233157492838,-0.003275444794322472,1.0728538600845994e-05,0.0002516465765359799,0.015022183492235363,0.00022566599687390276,0.00043113701904151647
1992,0.0001285790734520953,3.1918606602121535e-05,0.00020274249520520668,0.00017082388860308514,0.008795267933666551,7.735673802511389e-05,0.00031518256204932094,-0.0008220231905107788,6.757221259201529e-07,0.00018119467224619878,-0.004209912072167585,1.772335965533056e-05,0.00011185025132010029
1993,0.0002475852076241347,7.560959825877085e-05,0.0002588381964010085,0.00018322859814223769,0.000635965873902295,4.044525920843256e-07,0.00016701920561590367,-0.011455209327268128,0.00013122182073110888,0.0003136987935655755,0.009757177945121891,9.520252145311936e-05,0.00029579659002154646
1994,3.952519099947871e-05,1.3732209311075513e-05,0.0001564188635495197,0.00014268665423844418,0.001342947001940682,1.8035066503552244e-06,8.848943673234189e-05,-0.002715084751146674,7.371685205592726e-06,0.000293016361239129,0.005658748631783365,3.202143607727859e-05,8.775079267708819e-05
1995,9.29763691662755e-05,2.2440005236175804e-05,0.00024648593450523243,0.00022404592926905662,0.004277377770497888,1.829596059155225e-05,0.00018594012243022817,0.00626148983936189,3.9206255008528146e-05,0.0002927762425610769,-0.003133336896721935,9.817800108447017e-06,0.00026074143852439224
1996,0.00014315221116512067,4.5937506775062253e-05,0.0002924431540789844,0.00024650564730392216,-0.0006669097878825025,4.447686653419325e-07,9.311669108424958e-05,0.011534726888214318,0.00013304992438589736,0.0006938162525123026,0.0020779382266883826,4.317827273947472e-06,9.039651864040099e-05
1997,9.356460605514094e-05,6.0861195033642033e-05,0.0003886159788520545,0.0003277547838184125,-0.009388894482968438,8.815133961248556e-05,0.0002762308264461222,0.009407441592899302,8.849995732396199e-05,0.00030128703750698094,0.002435628905377692,5.93228816447855e-06,0.0005883300726030605
1998,9.0633382055616e-05,2.5763028340490084e-05,0.0002026034464216453,0.00017684041808115522,0.007417221752797799,5.501517853079285e-05,0.00022339810175142638,0.004011686824860684,1.6093631180713608e-05,0.00012283970065585237,0.0024860159512478776,6.18027530996379e-06,0.00026157253685765713
1999,6.653142029855452e-05,1.2562918565624711e-05,0.0001767379151997502,0.0001641749966341255,-0.0010546524823465907,1.1122918588402086e-06,0.00025576509707392336,0.00011413103148590824,1.3025892697804409e-08,0.00013440240112072566,-0.006046770869196247,3.656343794533612e-05,0.0001400462474046016
2000,0.0009229772099687006,0.0001813976568834086,0.0006754017534228071,0.0004940040965393985,-0.006417338176602415,4.11822292727404e-05,0.0007195362046618081,-0.015459830296203092,0.00023900635278717441,0.0006018707910383503,0.016248211858240314,0.00026400438859031095,0.0007047982645682627
2001,2.829051552211137e-05,1.2509710933694684e-05,9.827761708299428e-05,8.576790614929959e-05,-0.0037239294766051086,1.3867650747290128e-05,0.0001433489123940923,-0.0011497040300515638,1.3218193563035996e-06,5.420567091829476e-05,-0.004726485237288381,2.2339662697490326e-05,9.727826793659577e-05
2002,2.6039131036603713e-05,1.2463123888843224e-06,0.00023059661579719984,0.00022935030340831553,-0.0014623776319438232,2.138548338526114e-06,0.00016046609441877635,0.001234979212843143,1.5251736568133722e-06,0.0003665777054177033,-0.0002742538446795523,7.521517131348077e-08,0.0001647460475551199
2003,0.00027427608081898036,8.920512158413126e-05,0.000411612241493331,0.00032240711990919973,0.0006925408136718927,4.796127784922888e-07,0.0002113595824201342,-0.013094854087464494,0.00017147520357219115,0.0005865355987147991,0.009780621064207523,9.566054840171034e-05,0.00043694154334505964
2004,1.1979454168864478e-05,3.7238199579829137e-06,0.00011240900746933846,0.00010868518751135554,-0.0023850780091324124,5.688597110031779e-06,0.00013502612423121896,-0.001546735419063676,2.3923904568512455e-06,9.938455769364918e-05,0.001757973920981518,3.090472307065717e-06,0.00010281634048314725
2005,2.27710540160464e-05,8.719277604263276e-06,0.00020154237912535974,0.00019282310152109647,0.0018828588403369572,3.5451574126321717e-06,0.00021099690299175577,-0.0028394754108054874,8.062620608595417e-06,0.00020013994012901826,0.0038144534067166614,1.4550054791562239e-05,0.00019349029425530517
2006,6.319859999259769e-05,2.069953152509611e-05,0.0002040482508253172,0.0001833487193002211,0.002935390159450448,8.616515389303636e-06,0.00023159816171236525,0.0009812229565577286,9.627984903781694e-07,0.0002497217072974234,-0.00724701874530862,5.251928069560652e-05,0.00013082488346616294
2007,3.8028958754487974e-05,6.7604694221993595e-06,0.0001540457628652255,0.00014728529344302615,-0.00014311245336316868,2.0481174534126012e-08,0.00017114661426775868,-0.0010937839023717117,1.196363225153263e-06,0.00019551899050951338,-0.004366298646083348,1.906456386691069e-05,9.547168381840443e-05
2008,9.688933293117152e-05,3.055067321770336e-05,0.00038390520230198916,0.0003533545290842858,-0.003592357133834591,1.2905029777021682e-05,0.00022576173367949703,0.004253911014981466,1.8095758923197813e-05,0.0005288463718321479,-0.007787890019320018,6.06512309528906e-05,0.0003971075013943226
2009,0.000406570353176261,0.00011275716630225012,0.0004128031724074758,0.0003000460061052257,0.016142563819897707,0.0002605823666795848,0.0004412448431083682,0.006714947982777182,4.5090526411328824e-05,0.00048759644363505217,0.005709518877776377,3.2598605815836734e-05,0.00030956823047900706
2010,0.00017405715364360308,3.0199015579398154e-05,0.0002924957973781857,0.00026229678179878757,-0.0008908597488440225,7.936310920664269e-07,0.00012438331652564472,-0.009057586484002718,8.203987291532933e-05,0.00037765499330799646,0.002786313466001651,7.763542730798711e-06,0.000375449082300916
2011,5.793454694402733e-05,1.038759827987068e-05,0.0001644036919666858,0.00015401609368681513,0.003518120609480512,1.2377172622923815e-05,0.00021106330379916383,0.0015285776928219282,2.336549762893547e-06,8.997322878057101e-05,-0.00405574561009776,1.6449072453794678e-05,0.00019217454332032258
2012,0.005914708808893998,0.002288738997125672,0.0031745196239896245,0.0008857806268639523,0.07489413350286736,0.005609131233145326,0.006887668602392427,-0.03213960109186559,0.0010329539583444625,0.00201130003600436,0.014971032024783037,0.0002241317998872283,0.0006245902335720865
2013,0.000339301605004394,0.00019988563801898174,0.00036291823885289026,0.00016303260083390853,0.012507351934719631,0.0001564338524184805,0.0003617488037009897,-0.0169842777950896,0.0002884656922207407,0.00047139582898458876,0.012440151503012252,0.000154757369417724,0.00025561008387309236
2014,0.00010372344887854545,3.917430939333796e-05,0.0003718661276691145,0.00033269181827577654,-0.003394181161921697,1.1520465760028742e-05,0.0002003035100629491,0.0062300207914343,3.8813159061512614e-05,0.0005159647053267769,-0.008196908158481604,6.718930335847251e-05,0.0003993301676176175
2015,8.792806758073368e-05,2.811964450144533e-05,0.0002063274179813964,0.00017820777347995106,0.0005396983158325275,2.912742722571693e-07,0.00022201901329699236,-0.008856931791668854,7.844524076239257e-05,0.00013329380894300247,0.002371163948298053,5.622418469686252e-06,0.0002636694317041943
2016,1.883494384524731e-05,6.893761089310502e-06,0.0001922613742751933,0.0001853676131858828,2.6962741890725455e-05,7.269889135130825e-10,0.0003399606399817623,-0.001540675344910768,2.3736805185858856e-06,0.00015227044049459515,-0.00427865349850654,1.8306875760432106e-05,8.455304234922245e-05
2017,-3.0679580638444115,1.0,1.0,0.0,0.0,1.0,1.0,0.0,1.0,1.0,0.0,1.0,1.0
2018,0.00012797732331570888,3.611242901546685e-05,0.00022355556120886208,0.00018744313219339523,0.0025094574790776383,6.297376839548008e-06,0.0001455499115972092,-0.005236805749260145,2.742413445522285e-05,4.5405154789568414e-05,0.008638042356426493,7.46157757516297e-05,0.0004797116172398086
2019,7.424807358691332e-05,8.461356473847085e-06,0.00012988261785344216,0.00012142126137959507,0.00315069074731825,9.926852185482282e-06,0.00012910551313727314,-0.0031514499308697595,9.931636666515864e-06,0.00013343507985297265,-0.002350655349020683,5.525580569543109e-06,0.0001271072605700807
2020,4.019260084919818e-05,1.518335531699074e-05,0.00018988647852680174,0.000174703123209811,-0.0023034087261722992,5.305691759827091e-06,0.0003671072023455624,0.00022999648617159842,5.2898383562371976e-08,0.0001033829677685727,-0.006339674739901631,4.0191475807582755e-05,9.916926546627014e-05
2021,2.705765387300829e-05,8.502683191931778e-06,0.00020618039575489208,0.0001976777125629603,0.004410382978624404,1.9451478018739365e-05,4.527259168762843e-05,-0.0020124057356832145,4.0497768449831995e-06,0.00022274948134903827,0.0014166138187680108,2.006794712072768e-06,0.0003505191142280095
2022,0.0008971332223544071,0.0002614589940575322,0.0006097704146414603,0.0003483114205839281,-0.016399806245758153,0.0002689536448985397,0.00088994818207766,-0.0052486461278999485,2.7548286175682613e-05,0.00024042211400576718,0.022087893767818386,0.00048787505109837426,0.0006989409478409536
2023,2.900118165982679e-05,2.1931451506714456e-08,4.559076409538232e-05,4.55688326438756e-05,-9.958175873027184e-05,9.916526932940428e-09,4.737693550704858e-05,0.00018414045122390298,3.390770531019882e-08,4.492464268579521e-05,-0.00014822321574178656,2.1970122277004123e-08,4.4470714093303165e-05
2024,0.00011734113163985871,3.681371245493429e-05,0.00028323141067902274,0.00024641769822408843,-0.0015237880568267819,2.3219300422372413e-06,2.2132679857067572e-05,-0.010396544711287859,0.00010808814193352667,0.000585341393436356,0.00017625376262747234,3.10653890389645e-08,0.00024222015874364455
2025,0.0001496376709951841,5.762573562314207e-05,0.000266216950590666,0.00020859121496752395,-0.0024834044868527654,6.167297845305342e-06,0.000191477584776667,-0.012085928232366705,0.00014606966123764664,0.00039299310350970895,-0.004543153947058843,2.064024778647422e-05,0.0002141801634856222
2026,0.0009190913181525984,0.00035742921153066504,0.0013286372708514553,0.0009712080593207903,-0.02209485758684871,0.00048818273178308225,0.0014234813085701736,0.02271234922091984,0.0005158508071327894,0.0018494020094066421,-0.008261603698819725,6.82540956761235e-05,0.00071302849457755
2027,0.00017232459449390003,5.0851424853948224e-05,0.00014914503590357509,9.829361104962686e-05,-0.007434126265730865,5.5266233334960724e-05,0.00012294064364581914,0.0077952872627328005,6.07665035082805e-05,0.00014593821815178654,-0.00604330519818729,3.652153771860345e-05,0.00017855624591311958
2028,-1.4001402718587435,5.704513499897127e-05,9.493464796358116e-05,3.7889512964609885e-05,0.007551112898153727,5.701930600066074e-05,9.467152521069888e-05,0.007576331387025817,5.740079728533409e-05,9.593476731084571e-05,0.007530956228247668,5.6715301710918986e-05,9.419765136919889e-05
2029,5.702622155856485e-05,9.349918696943682e-06,0.00022192972589259638,0.0002125798071956527,-0.0016082226011625254,2.5863799353320616e-06,0.0001969046150223086,0.004163040606406069,1.7330907090107317e-05,0.00026696735444364794,-0.002851748422559532,8.132469065391668e-06,0.00020191720821183257
2030,-3.0679580638444115,1.0,1.0,0.0,0.0,1.0,1.0,0.0,1.0,1.0,0.0,1.0,1.0
2031,0.0001595130292110225,6.317308689148445e-05,0.0002462887320175226,0.00018311564512603817,0.0014830599071524297,2.1994666878910607e-06,0.00026778435874130757,-0.006992433445950688,4.889412549602401e-05,0.00019794335069445168,-0.011765443828874813,0.00013842566849053828,0.0002731384866168085
2032,-2.959803964773991,1.3459456097320022e-05,0.00012105119312851483,0.0001075917370311948,-0.003668713138998339,1.3459456097986155e-05,0.00012105119312966206,0.0036687131389983424,1.3459456097209e-05,0.00012105119312799673,0.003668713138998342,1.345945609676491e-05,0.0001210511931278857
2033,0.0008417311436151875,0.00028375437764938116,0.0005828882480625186,0.00029913387041313744,-0.021649374910453306,0.0004686954340132887,0.0007231969018567375,0.00892475999935647,7.965134104614968e-05,0.0002183360000584944,-0.0174044924628266,0.0003029163578887051,0.0008071318422723239
2034,7.689561446533322e-05,6.517319308748289e-06,0.00015438252143355294,0.00014786520212480464,0.0038820564728404335,1.507036245829152e-05,0.00010555791869204523,-0.0020466669215676993,4.188845487695936e-06,0.0002545061198904186,-0.0005410637488708277,2.9274998025741183e-07,0.00010308352571819501
2035,6.257170448964455e-05,2.324812245757535e-05,0.00018225448352071627,0.00015900636106314092,0.004914320732693417,2.415054826432339e-05,0.0002080340661416713,0.006625099779988167,4.389194709464306e-05,0.000199734131293261,-0.001304558167645527,1.7018720137595977e-06,0.0001389952531272165
2036,-2.9591226286397623,1.1243078860282788e-05,0.0001222145845899044,0.0001109715057296216,-0.0033530700646841735,1.1243078859135558e-05,0.00012221458458860912,-0.0033530700646841696,1.1243078860578848e-05,0.00012221458459027446,0.003353070064684171,1.124307886113396e-05,0.00012221458459082957
2037,4.200106444873786e-05,9.565960022365575e-06,8.22116089657469e-05,7.264564894338132e-05,0.004505501713106236,2.029954568660841e-05,0.00010462016206558289,-0.0024971622544321774,6.235819325017822e-06,7.504572138128385e-05,0.0014705492359794736,2.162515055470493e-06,6.696894345037396e-05
2038,0.00018259627169359138,6.895374189519465e-05,0.0002833985045493925,0.00021444476265419787,-0.011520715234546907,0.00013272687951570994,0.0003736301509932316,9.151139013677678e-05,8.37433444811353e-09,6.421736398753985e-05,0.008609644117792942,7.412597183542591e-05,0.0004123479986674061
2039,0.00010969389069026558,5.404886297255551e-05,0.00037874170312224287,0.00032469284014968736,0.004392333553948633,1.929259404898076e-05,0.00023313887980347392,-0.008197104790945833,6.719252695375211e-05,0.000593412668634774,-0.008698360070443193,7.566146791493367e-05,0.00030967356092848064
2040,3.182813253732597e-05,1.042505548827973e-05,0.00022216659968321562,0.00021174154419493588,-0.0010110520288440098,1.0222262051273745e-06,0.00018885211328356633,-0.0024790781411541713,6.145828430170752e-06,0.0003483068275609291,-0.004909899370590811,2.410711182954106e-05,0.0001293408582051514
2041,-3.0679580638444115,1.0,1.0,0.0,0.0,1.0,1.0,0.0,1.0,1.0,0.0,1.0,1.0
2042,3.117819837961111e-05,1.8781787082292983e-05,0.00011616358962625768,9.73818025439647e-05,-0.003932086918733406,1.5461307536046576e-05,0.00012334927737656098,-0.004456863173814865,1.986362934991437e-05,0.00011605900825228943,0.004584803633871504,2.1020424360918e-05,0.00010908248324992265
2043,-3.0679580638444115,1.0,1.0,0.0,0.0,1.0,1.0,0.0,1.0,1.0,0.0,1.0,1.0
2044,9.174491953489738e-05,4.9111848408907775e-05,0.0003558400334929453,0.00030672818508403754,0.00828527688014175,6.864581298082761e-05,0.0003830104650347499,-0.006605363401860687,4.363082567060417e-05,0.0002921233360190234,0.0059210562043248895,3.505890657529154e-05,0.00039238629942506265
2045,0.0003131908992275445,0.00010688747267132796,0.0002700258993115027,0.00016313842664017475,-0.004470619340053744,1.9986437283736613e-05,0.00021895875435873347,0.012269206970914872,0.00015053343969495536,0.0002619943765901356,-0.012253266545501606,0.0001501425410352919,0.0003291245669856391
2046,-3.0679580638444115,1.0,1.0,0.0,0.0,1.0,1.0,0.0,1.0,1.0,0.0,1.0,1.0
2047,0.00030996389680626457,0.00017903815298521883,0.0004028621791418348,0.00022382402615661598,-0.017003783196373023,0.0002891286429896889,0.0006408502884280853,-0.015529493536700887,0.00024116516950634104,0.0005095608364552584,0.002611636739600281,6.820646459626545e-06,5.817541254216074e-05
