expert_id,decode_r2,encode_linear_r2,encode_periodic_r2,periodic_gain,dim0_corr,dim0_linear_r2,dim0_periodic_r2,dim1_corr,dim1_linear_r2,dim1_periodic_r2,dim2_corr,dim2_linear_r2,dim2_periodic_r2
0,9.455407017000539e-05,3.997193404237098e-05,0.00011641193827638396,7.644000423401298e-05,-0.0035290016691530324,1.2453852780702768e-05,5.533019361436686e-05,0.0056701625060903045,3.2150742845793445e-05,7.98230429415181e-05,-0.008678202953417483,7.531120650061673e-05,0.00021408257827326693
1,0.0001441124413686934,4.895415180013648e-05,0.00015650165339194574,0.00010754750159180926,-0.01195728861647096,0.00014297675105767738,0.000219759320816304,0.0009064847045269985,8.217145195388298e-07,3.4092758661619094e-05,-0.0017504256120118606,3.063989823193225e-06,0.0002156528806979141
2,7.443317081823331e-05,1.0860450342968045e-05,0.00019314314340971675,0.0001822826930667487,0.005247017559058715,2.75311932647071e-05,0.00020946853932857223,0.0013689590293254265,1.8740488235691188e-06,0.00010992014579402909,0.001782164117134968,3.1761089406279197e-06,0.00026004074510654895
3,5.293142483087099e-05,1.1921698516862792e-05,0.0001583836667867026,0.00014646196826983982,0.0035052829254501286,1.2287008387401599e-05,0.00019698228035525123,-0.0025413227323983177,6.458321229918518e-06,0.00020590778591811354,0.0041255019007790964,1.701976593326826e-05,7.226093408674306e-05
4,0.0001026389305058828,1.4057340079642877e-05,0.00015944555592228848,0.0001453882158426456,0.006292025067380677,3.9589579448384704e-05,0.00015216169935461377,-0.0015374666039400828,2.3638035583362083e-06,0.00010299341624586678,-0.0004675866036110533,2.1863723220771902e-07,0.0002231815521663849
5,9.323231819402533e-05,3.235007066363741e-05,8.212814075921522e-05,4.977807009557781e-05,0.0005244933138792996,2.7509323674568265e-07,6.799272843860393e-05,-0.00840617376503756,7.066375736841657e-05,0.00011624039440805145,-0.005109927728040009,2.6111361385749987e-05,6.215129943099029e-05
6,0.0005960343336341989,0.00021917603940213581,0.0007651767927315071,0.0005460007533293713,-0.0013628922652168217,1.8574753267719402e-06,0.00029158128680828455,0.01008723427722302,0.00010175229536357744,0.0013413792790494261,-0.023535469987149185,0.0005539183475160581,0.0006625698123368107
7,0.00032943925849471256,0.00018341905591301444,0.00045893379695919706,0.0002755147410461826,0.01758011899990797,0.0003090605840508909,0.0004698431818835891,0.013107559759243173,0.00017180812284212088,0.000543605733835828,0.008329973640154593,6.938846084603156e-05,0.00036335247515817404
8,0.0006642819487746587,0.0002895806910788353,0.0008795700471444142,0.0005899893560655789,0.01759216940787088,0.0003094844244755368,0.0012041770426525211,0.02349174530457543,0.000551862097454836,0.000854520065875386,0.002719476292647929,7.395551306133008e-06,0.0005800130329053355
9,0.00013906974319288778,5.392562340807613e-05,0.00034820950067426804,0.00029428387726619193,0.0008536625393733072,7.287397312261135e-07,0.00036135903512901635,-0.011652610415410965,0.00013578332949315541,0.0004998829585336484,0.005026410349328366,2.5264800999846848e-05,0.00018338650836013937
10,4.795269976931582e-05,1.715017573755695e-05,0.000140198402994803,0.00012304822725724604,0.005498400668443877,3.0232409910957436e-05,0.0002011511064720084,-0.0021071133733954936,4.439926768573521e-06,0.0001095088204094985,-0.004096118959866709,1.6778190533139892e-05,0.00010993528210290204
11,0.00019587986037039595,7.899126597188388e-05,0.0002787827797489835,0.00019979151377709964,-0.002548131447786933,6.492973875005248e-06,0.00021973616792014816,-0.0064998408887545905,4.224793157914242e-05,0.00015683959677370574,0.01371979928648022,0.000188232892461504,0.0004597725745530967
12,8.401600032725831e-05,3.9119299746389245e-05,0.0002578800420542926,0.00021876074230790335,0.009037597318157535,8.167816528481531e-05,0.0003992156201572117,0.0004622732825945253,2.136965878696273e-07,0.00017204604599085904,0.0059553368810423245,3.5466037366482794e-05,0.00020237846001480708
13,0.002117378535416159,0.0007614892423631892,0.0011436278426424733,0.00038213860027928414,-0.0032677172558725574,1.0677976064354944e-05,0.0005773009248568606,-0.0392258132944809,0.0015386644286131679,0.0019188533653072826,0.02711319461833772,0.0007351253224120446,0.0009347292377632765
14,0.00220419068013078,0.0011596039255717578,0.007983710725986285,0.006824106800414527,0.02840941023495405,0.0008070945898976944,0.006616364246373796,-0.04084892886683371,0.0016686349895677077,0.012078379032331332,-0.031671472925176046,0.0010030821972498716,0.005256388899253728
15,6.965291389360306e-05,2.3489122725502593e-05,0.0008439984957069324,0.0008205093729814298,0.00020341057458190433,4.137586184782549e-08,0.0007130829802122207,-0.00790694844561763,6.251983372185244e-05,0.0008467437084535012,-0.0028117892156091354,7.906158592807522e-06,0.0009721687984550753
16,8.901682209117023e-05,3.077566767284434e-05,0.0004178794315777464,0.00038710376390490203,-0.0069008814689523615,4.762216504861083e-05,0.0005206571335714116,0.00521370235324048,2.7182692228233662e-05,0.0003582580523470158,0.004185946218145101,1.7522145741688533e-05,0.00037472310881481175
17,0.0006020170909636358,0.00019590820129041417,0.0004579752153885582,0.00026206701409814404,-0.015257222608191293,0.00023278284171590613,0.0006767258067108539,0.013977146072311689,0.00019536061232672264,0.000354281114938404,0.012632543284261302,0.0001595811498286137,0.0003429187245164167
18,0.0088430647026837,0.0031554123287463876,0.004285856577757152,0.0011304442490107647,-0.06651598357120007,0.004424376070444103,0.004933291447278165,0.06653452685107998,0.004426843263296787,0.006363735642433088,-0.024799549441438123,0.0006150176524982731,0.0015605426435602032
19,0.00032242419951056256,8.667437384709172e-05,0.0004952232307114945,0.00040854885686440284,-0.013776780498743936,0.00018979968091037414,0.0007860846191545257,0.008356695794479688,6.983436460139547e-05,0.00026913647172188693,0.0006237595924390323,3.8907602950555287e-07,0.00043044860125807105
20,2.0592436325572727e-05,4.39811921193467e-06,0.00021813335210548365,0.00021373523289354898,-0.00037721954152191773,1.4229458256131977e-07,0.00020139612265113183,-0.0023618612657346607,5.578388638349807e-06,0.0003518427055025919,0.002733802190130596,7.4736744148928835e-06,0.00010116122816272721
21,3.615396604983445e-05,8.962332958328822e-06,0.00015369749892886939,0.00014473516597054056,-0.0030443442552238885,9.26803194434278e-06,0.00011613995398418453,0.0015574012094279636,2.4254985270255602e-06,0.00027130822791465725,0.003897879988324412,1.5193468403618127e-05,7.364431488776635e-05
22,0.0008552866451640995,0.0003442082063459158,0.0006835240965298676,0.00033931589018395175,0.01349333518786461,0.0001820700944917819,0.0003955798431798385,-0.027302518771075292,0.0007454275312449576,0.0011912049391671342,-0.010253145532027155,0.00010512699330100794,0.00046378750724263007
23,6.113656583017768e-05,2.682324243596934e-05,0.00023204728025942126,0.00020522403782345192,-0.0026221714877500304,6.875783311044437e-06,0.00031274662212454896,0.004458550552790057,1.9878673031770155e-05,0.0001319695602559623,-0.007329070266100132,5.371527096509343e-05,0.00025142565839775255
24,5.5770517259134955e-05,1.9398284886433064e-05,0.00029751625637175483,0.00027811797148532175,0.0020551597385287763,4.223681550730163e-06,0.00021871216601498933,0.007179252315486667,5.15416638097177e-05,0.00045222183869497723,0.001558688326378254,2.429509298851329e-06,0.00022161476440529793
25,0.000118798316298796,2.700800304274627e-05,0.0001266398228031799,9.963181976043363e-05,0.003046895739831001,9.283573649265797e-06,0.00011018030462162098,0.0026437433677894916,6.98937899457075e-06,0.00011136809771605805,-0.008046804116211642,6.475105648440227e-05,0.0001583710660718607
26,0.00036240100420570354,0.00020778827724743376,0.00045794630860296337,0.0002501580313555296,-0.01191698955518071,0.0001420146400589184,0.000356924328018815,-0.0114047235313691,0.00013006771882717594,0.0004169420290226489,-0.01874253112192945,0.00035128247285620695,0.0005999725687674262
27,5.906020158130687e-05,4.7246355296848286e-05,0.00020555872634205516,0.00015831237104520687,0.006088908508488808,3.7074806824688444e-05,0.0001536292148986984,-0.007263766601832487,5.2762305245979135e-05,0.00019907284254805369,0.007204301063912556,5.190195381987728e-05,0.00026397412157941336
28,0.0007482215264281722,0.00042228680665616175,0.0012915783426684646,0.0008692915360123028,-0.014709862978319404,0.0002163800688407269,0.0012560923435674942,0.02533420745413487,0.0006418220673291009,0.0016651737263089217,-0.020215298261426054,0.00040865828379865743,0.0009534689581289779
29,0.00011738373614944564,4.7212354400194556e-05,0.00021469235700155576,0.0001674800026013612,-0.006519265239791569,4.25008192667109e-05,0.0002838004659613258,-0.004166697729865219,1.7361369972657137e-05,0.00011074778212361025,-0.00904294608859545,8.177487396121563e-05,0.0002495288229197312
30,8.49061828768205e-05,2.7991540404522414e-05,0.0003001976186636594,0.000272206078259137,-0.002438343132426355,5.945517231764619e-06,0.00045102006090458335,0.00038065890051603574,1.4490119870647078e-07,0.00026019143640909626,-0.00882520270494526,7.788420278309616e-05,0.00018938135867729855
31,0.00012484375764032496,4.3706751885475015e-05,0.0002415577925866108,0.0001978510407011358,-0.0016550068899278216,2.7390478055666634e-06,0.00020265452233292347,0.00895616736630198,8.021293389282036e-05,0.0003092549879089024,0.006940336732327677,4.816827395803802e-05,0.00021276386751800658
32,0.0003694007627136342,7.597518387358893e-05,0.0004708136240230143,0.0003948384401494254,0.0028313750126756783,8.0166844621532e-06,0.00036990061943742436,-0.003062755915493316,9.380473797837574e-06,0.0002701126404134335,0.014509596595386027,0.000210528393360776,0.000772427612218185
33,0.00146551717522736,0.00043548880918879246,0.0010230333239730216,0.0005875445147842291,-0.003977284616498538,1.5818792920785363e-05,0.0011405386773470916,0.0216320328179099,0.00046794484383527735,0.0006094078970442229,0.0286827960772739,0.0008227027908103146,0.0013191533975277503
34,0.00022073643793252273,6.886338013563827e-05,0.0006395267875988949,0.0005706634074632566,-0.012295080996718409,0.00015116901671574645,0.0006207333483151389,0.0013098210556095455,1.715631198107026e-06,0.0008080147875250132,-0.007328403133920069,5.3705492493061335e-05,0.0004898322269565325
35,0.00011624584390090842,1.8470063468593405e-05,0.0003769089136703337,0.00035843885020174027,-0.0011006822663658532,1.2115014511593358e-06,0.00033442421269036515,0.00712825614165013,5.0812035621405904e-05,0.00026884657080716856,0.0018402862095561314,3.386653333214973e-06,0.0005274559575134674
36,0.0008125151017872589,0.0003316494629226711,0.0010138931260008273,0.0006822436630781561,0.0030111400258644727,9.066964255399768e-06,0.0004383222291008959,-0.02398308133150065,0.0005751881901535638,0.001366678933588883,-0.02026556770384399,0.0004106932343590497,0.0012366782153127032
37,7.49526587191518e-05,1.3925466711306456e-05,0.00010182330242336501,8.789783571205856e-05,-0.0033444012796794032,1.1185019919479622e-05,0.00015861534409378208,0.00396389593222145,1.571247096177064e-05,6.851208697011835e-05,-0.0038573189202780636,1.4878909252669104e-05,7.834247620619461e-05
38,0.00032285471982307357,0.00011127832745083666,0.0004406674007622439,0.00032938907331140727,0.016564092675359424,0.0002743691661574177,0.0007948953173021467,-0.00397875197044333,1.5830467242627932e-05,0.0003151871007556206,0.006605705787609895,4.363534895246435e-05,0.0002119197842289644
39,1.9438459782028517e-05,4.814484268071221e-06,0.00016170306190902797,0.00015688857764095676,0.0013556362759396267,1.8377497122967767e-06,0.00012535760973042542,-0.0003938766769810904,1.5513883677709117e-07,0.0001516674362253001,0.0035285357098060357,1.2450564255139795e-05,0.00020808413977135842
40,0.0003318460433580084,0.00015381408224683182,0.00034224477063826697,0.00018843068839143515,-0.014391569513264573,0.00020711727305522398,0.00034620761592452087,-0.005484567173942987,3.0080477085081547e-05,0.00021769433267182503,0.014974795377572299,0.00022424449660018997,0.000462832363318455
41,0.00038906763274915157,0.00023047610370811414,0.0005670290032068204,0.00033655289949870626,-0.012272768755322063,0.0001506208529215014,0.00034625421880651874,0.017410681532319425,0.00030313183141961186,0.0007932506110659432,-0.015416732039663221,0.00023767562678322918,0.0005615821797479992
42,8.942016646684703e-05,1.3513353620653312e-05,0.00019734371174510526,0.00018383035812445195,0.002698164782873549,7.280093195838333e-06,0.00014677956119679703,0.005300843058803191,2.809893713417999e-05,0.00022889187345798145,0.002271790160282888,5.161030531941613e-06,0.00021635970058053733
43,0.0003410951911809734,0.000214886672065188,0.0005970075833847307,0.00038212091131954273,0.01721299764162049,0.0002962872878103928,0.0007959221300566366,-0.015410166013537865,0.00023747321656508724,0.0003677309168486076,-0.010530883715059667,0.00011089951182008395,0.0006273697032489478
44,0.00013757831158967004,8.498259121943648e-05,0.0001862526300538958,0.00010127003883445933,-0.007641362723587808,5.8390424273468966e-05,0.00016325184199306175,-0.011488757841882887,0.00013199155674914476,0.00022022784212549773,-0.008035284228708837,6.456579263569573e-05,0.00017527820604312794
45,0.005325989995413449,0.0015010177044259738,0.0022245933126979014,0.0007235756082719276,0.05342665971058854,0.0028544079678308742,0.0033333958452298473,-0.03347790707271089,0.0011207702619691062,0.002059154997734902,0.022975527925991484,0.0005278748834779412,0.0012812290951289551
46,0.00041983032509584906,0.00014789098146394952,0.0008640004393419091,0.0007161094578779595,-0.010886647502887719,0.00011851909385207637,0.0008949833622243775,-0.0029345758428651805,8.611735377361818e-06,0.0006455430450647004,-0.017791630480721247,0.0003165421151624104,0.0010514749107366494
47,0.0005431160333236873,0.00018789908794969445,0.000817221816015031,0.0006293227280653365,0.020061156157205207,0.0004024499863635178,0.0011580409971490013,-0.012137449395480053,0.00014731767782782956,0.00037137528912667417,-0.003732237888714369,1.3929599657735992e-05,0.0009222491617694173
48,0.00010023127286884481,5.4901604496652524e-05,0.0001929586637661925,0.00013805705926953998,-0.008818030219228971,7.775765694717496e-05,0.00025391587575918084,0.0014000794140781082,1.9602223657599893e-06,5.2955848399038885e-05,0.009218835836316447,8.498693417702263e-05,0.00027200426714035775
49,0.0028820414432264574,0.0021649157448747993,0.003405937209690957,0.0012410214648161575,-0.0503818744887918,0.0025383332770042566,0.0036609260850789527,-0.03339138164758862,0.0011149843683349037,0.0024357839343611687,-0.053305061572849,0.002841429589285238,0.004121101609632749
50,0.0069223379901690585,0.0022365780756674614,0.0028663003883252123,0.0006297223126577509,-0.02634550872529323,0.0006940858299947505,0.0016161118285267229,0.07653682878708042,0.005857886160782977,0.006139484654784089,0.012560343794050096,0.00015776223622465668,0.0008433046816648249
51,0.0002449008615486026,0.00011195249592876877,0.0002875707807661702,0.00017561828483740144,0.013576976843409333,0.00018433430020636798,0.00031404394337219976,0.007517764038511433,5.651677613871531e-05,0.00028014084579963683,0.009747123239237824,9.500641144122302e-05,0.000268527553126674
52,0.0003044641824180294,0.00010461503472114497,0.000281636484128341,0.00017702144940719605,-0.008260687789734059,6.823896275931496e-05,0.00016870298977700315,0.01543593732600617,0.00023826816113226013,0.0003443256214852308,-0.0027088706635765222,7.337980271859834e-06,0.00033188084112278915
53,2.411405707447578e-05,6.954819599188274e-06,0.0002065588638332135,0.00019960404423402522,0.0008534766644109823,7.284224163850439e-07,0.00018894979386896438,-0.004386609238841869,1.9242340614011866e-05,0.0003234775947204005,0.0009453548367308757,8.936957671679124e-07,0.00010724920291027562
54,0.0002752544332266238,0.00014021860338046346,0.000522988720089416,0.00038277011670895256,-0.0061358075848029206,3.76481347177382e-05,0.00036002967586146184,-0.01508232194135234,0.00022747643514220428,0.0006189379679960583,0.012471216471596821,0.00015553124028144794,0.000589998516410728
55,0.00046534807232423425,5.4833697148352435e-05,0.002122118248535587,0.002067284551387235,0.005728623921330279,3.281713203184822e-05,0.001503116743921118,0.003638544704402136,1.3239007565890581e-05,0.0039062480346709894,0.010883241789436424,0.00011844495184731851,0.0009569899670146542
56,0.0004323217618998898,0.00015398991706361276,0.0004233194099831176,0.00026932949291950486,0.002915083231352688,8.497710245691792e-06,0.0002927339674542173,0.008543353306733378,7.29888857234906e-05,0.0003284794465783225,0.019505977422872543,0.0003804831552216559,0.000648744815916813
57,4.4141226230864916e-05,1.1962700126414797e-05,0.00013816082705708777,0.00012619812693067298,0.00523223115279117,2.737624283677409e-05,9.644422214427628e-05,0.0012724895753243757,1.6192297195294358e-06,0.00015861447625953318,0.002625381462358667,6.892627822940867e-06,0.00015942378276745384
58,0.00012251121023620914,2.7001026522606903e-05,0.00018617223962487847,0.00015917121310227156,-0.0010047089119146373,1.0094399977012003e-06,0.00012932307114321695,0.003923575124311527,1.539444175613358e-05,0.00014632795581825953,0.008037362615591308,6.459919781398593e-05,0.0002828656919131589
59,4.4234155707534306e-05,1.770523722377515e-05,0.00016177407646182176,0.00014406883923804661,0.004758338974704967,2.2641789798494294e-05,0.00014001790461071195,0.0007070763201655747,4.999569225283551e-07,0.00026392190585178277,-0.005474848395160644,2.99739649503028e-05,8.13824189229706e-05
60,0.00021638306042637279,8.415096640808824e-05,0.00021762327186169994,0.00013347230545361172,0.003287986315492746,1.0810854010778748e-05,0.00017078445459906,0.010941836536205684,0.00011972378678504203,0.00018676772379977447,0.011041660130099232,0.00012191825842844395,0.00029531763718626536
61,0.001015555965504955,0.00035322713583755644,0.0016958805246070445,0.001342653388769488,0.015615564430750227,0.00024384585249104251,0.001962475196238267,-0.009172994903980129,8.414383550858773e-05,0.002209500089488392,0.027049800729644972,0.000731691719513039,0.0009156662880944744
62,5.639346546881807e-05,2.206236961769618e-05,0.00013495856614076374,0.00011289619652306755,0.0017701750973625557,3.133519874798374e-06,0.00011608041769561872,0.005250230515225878,2.756492046307457e-05,0.0001352427543177548,-0.005957236650909697,3.5488668515215593e-05,0.0001535525264089177
63,0.000296208487530647,5.3353485603054494e-05,0.00035952544299466815,0.0003061719573916137,-0.010488096168002559,0.00011000016122930667,0.0005025641698147565,0.0016008307496560396,2.562659089155872e-06,0.00039662364309311915,0.006891852906931709,4.7497636490700934e-05,0.00017938851607612882
64,0.0002270949968077307,0.00010954725710151288,0.00026319041273844174,0.00015364315563692887,0.014220478075800687,0.0002022219967042771,0.00033318184470543244,0.00896762575870817,8.041831174820935e-05,0.00031859009858759,0.00678243782516357,4.60014628520522e-05,0.0001377992949223028
65,0.00010889907107092256,2.351319054120597e-05,0.00011479625294889366,9.128306240768769e-05,0.00677939408728485,4.596018419067427e-05,0.00017769688167856845,-0.004720971192052102,2.228756899624873e-05,7.820249306245142e-05,-0.0015138753040973047,2.2918184366949035e-06,8.84893841056611e-05
66,0.0005103049663111037,0.00012996525096131695,0.0005578712344618264,0.00042790598350050946,0.0024703638957620827,6.10269777756578e-06,0.0001260534310403294,0.01527532104338912,0.0002333354329786541,0.0011084782257824166,0.01226611683165233,0.00015045762212773095,0.0004390820465627332
67,0.000683954981947954,0.00024389465345971603,0.0005874393520175861,0.00034354469855787007,-0.022866462141538958,0.0005228750908700119,0.0007441147226321387,0.0007026599970936503,4.937310715824594e-07,0.00015132653987559586,0.014433126426294254,0.00020831513843755367,0.0008668767935450239
68,3.930704005272734e-05,1.7010391968885763e-05,0.0002264558653582253,0.00020944547338933953,0.003703400756648828,1.3715177164308479e-05,0.0002913737867941135,0.006084755517061835,3.702424970208895e-05,0.0002455781467693985,0.0005401379827440351,2.917490402598588e-07,0.0001424156625111639
69,0.00019392111877014617,5.7724837844423206e-05,0.0003725505746423237,0.0003148257367979005,-0.011677508204407048,0.00013636419786389187,0.000690505624792781,-0.004135249653999567,1.7100289700588966e-05,0.00037569300745554646,0.004439597500738878,1.971002596878879e-05,5.145309167864376e-05
70,5.4238989170229956e-05,2.262119316750096e-05,0.000417744720066245,0.0003951235268987441,-0.006117125033988662,3.74192186818334e-05,0.0002039849285278006,0.004398491994230273,1.9346731823244312e-05,0.0006527315650274312,-0.003331310402457197,1.1097628997425169e-05,0.0003965176666435033
71,0.00016760127706083594,5.1335619810225865e-05,0.000775636472820825,0.0007243008530105992,-0.009353823173429525,8.749400795993179e-05,0.0006555656188170778,-0.0027596230825951197,7.615519557524486e-06,0.0009151548635514262,-0.0076744597147085335,5.889733191322133e-05,0.0007561889360939711
72,0.0005620460853641429,0.00029959037610272077,0.0011797967891800838,0.000880206413077363,-0.018032191822968963,0.00032515994193993425,0.001185932611221796,-0.023236609021973907,0.0005399399988401665,0.0011594362268684266,-0.005802687957158445,3.367118752806153e-05,0.001194021529450029
73,0.00011059454909723154,4.09230924374541e-05,0.0001570310973549501,0.00011610800491749601,0.009530627210107253,9.083285501787497e-05,0.00029921414637368304,-0.005534564292438834,3.0631401907288414e-05,9.115042663843109e-05,0.001142374888896026,1.3050203871989297e-06,8.072871905273615e-05
74,0.000685389855851648,0.00019389608839289382,0.0004307280499733131,0.00023683196158041928,-0.012264536391487618,0.00015041885289823753,0.0005042454883803504,-0.017873977226529506,0.00031947906189422337,0.0006309605460876888,0.010573095591472065,0.00011179035038622054,0.0001569781154519001
75,0.0004193989001343157,9.414047570429258e-05,0.0005311297129985496,0.00043698923729425704,-0.012253275878798925,0.0001501427697623292,0.0007448150459549163,0.008804330202899509,7.751623032159483e-05,0.0005170580391468116,0.007400163986620984,5.476242702895373e-05,0.000331516053893921
76,0.0006553457675801955,0.00031551187829496435,0.005453757618373856,0.005138245740078891,0.009728425130138225,9.464225551270022e-05,0.0013003872590289234,-0.018179699342282345,0.00033050146817559245,0.007929042058589353,-0.022834007777798798,0.0005213919111966003,0.007131843537503291
77,0.00020382925714834688,6.430405437618525e-05,0.00029659181132979384,0.0002322877569536086,-0.011540980759969413,0.0001331942369017236,0.00035025145681599756,0.007709652643555399,5.943874388480985e-05,0.00019147651446926872,-0.0005283770835271765,2.791823420222883e-07,0.00034804746270411524
78,9.082306878438473e-05,3.447277012132618e-05,0.00012327777554725175,8.880500542592557e-05,0.009324726126546832,8.695051733498271e-05,0.0001732057807222187,0.0036317794128437686,1.3189821704062688e-05,5.641650681065258e-05,-0.0018105168668138428,3.2779713249331266e-06,0.000140211039108884
79,0.00013417573012952655,3.743435631331504e-05,0.0004935569762440547,0.00045612261993073966,-0.005224336823989961,2.7293695250341088e-05,0.0007418726052423885,0.008963131107262084,8.033771924609301e-05,0.0003378265206449571,0.002161401037142605,4.671654443511031e-06,0.00040097180284481837
80,0.0002152613203435516,8.24980294534446e-05,0.00029210356809690935,0.00020960553864346476,-0.0010771754791976038,1.1603070130261628e-06,0.00021127055033465236,0.014625023396909126,0.00021389130935978162,0.00041792147967822935,-0.005695829350265556,3.2442471987526034e-05,0.0002471186742778464
81,0.00012078862130704415,1.4644702084232186e-05,0.000224341858477232,0.00020969715639299982,-0.004066231447612485,1.6534238185594852e-05,0.00023182148814682169,0.004126383462590122,1.7027040480122047e-05,0.000124234612285834,0.003220687440086552,1.037282758697966e-05,0.0003169694749990404
82,0.00012996813092125414,2.2618525611732092e-05,0.00034269393473455406,0.00032007540912282195,0.002097755970605255,4.400580111973973e-06,0.00046815781324793804,-0.0005850195083166009,3.42247824858255e-07,0.00012025058980236203,-0.007944353271247687,6.311274889836405e-05,0.00043967340115336206
83,2.794767516822727e-05,9.86729207289964e-06,0.00021322083369338754,0.0002033535416204879,-0.0004022153165028537,1.6177716111176466e-07,0.00022273259369409715,-0.004781126755924679,2.2859173056333226e-05,0.0002603626101730372,-0.0025653315577318482,6.580926001253928e-06,0.0001565672972130283
84,0.0003047468134295128,0.00013097427276187457,0.0003397480185270603,0.00020877374576518576,-0.011055629114909477,0.00012222693512653482,0.00047673294934513777,0.0049478343591734825,2.448106484553847e-05,0.0001939358930502788,-0.01569123380469853,0.0002462148183135504,0.00034857521318576445
85,0.00010484890249917722,3.0028691448080735e-05,0.00013907919570739966,0.00010905050425931892,0.0055307744604330316,3.0589466132213694e-05,0.0001451758308623763,0.007660345479548379,5.868089286642508e-05,0.00012521372965035305,0.0009031696105606419,8.157153456034294e-07,0.0001468480266094696
86,0.00020219225790218953,8.590411442514305e-05,0.00046470901059040653,0.00037880489616526347,-0.009851141077340059,9.704498052609534e-05,0.0005038725966539648,-0.012670418638186257,0.00016053950846606213,0.0004093347570843786,-0.0003575671725737514,1.278542832716667e-07,0.00048091967803287616
87,0.0002475412751078432,3.60179678333313e-05,0.00022156943844649687,0.00018555147061316557,-4.895060743407119e-05,2.3961621575807612e-09,0.0002855600757500909,0.004805594258775446,2.3093736179813362e-05,0.00012147826070729728,0.009217253992267735,8.495777115802294e-05,0.0002576699788821024
88,5.038182711813999e-05,2.5645492011191113e-05,0.0002388660425275043,0.00021322055051631317,0.0053773172684735545,2.891554100625804e-05,0.0002044094090755122,0.0048772818832413046,2.3787878568604093e-05,0.00016300006732750116,0.004922708244340921,2.423305645871121e-05,0.0003491886511794995
89,4.2474487194521515e-05,8.984884665904266e-06,0.0004117028474079169,0.00040271796274201266,0.003747709785409053,1.40453286356923e-05,0.0003750862257075882,0.0035005520051887306,1.2253864341227327e-05,0.0003679627937454022,-0.0008096054721654152,6.554610207931688e-07,0.0004920595227707603
90,0.00010992417144795041,3.3893379165964944e-05,0.00010330258645463442,6.940920728866948e-05,0.0044709143071226575,1.9989074742099433e-05,5.5237648624584246e-05,-0.008869631988757357,7.867037161601864e-05,0.00017390260492844423,0.0017380135614459954,3.0206911397767655e-06,8.076750581087477e-05
91,8.70586144235963e-05,5.4491514711522505e-05,0.0003192330232025438,0.0002647415084910213,0.007660279792077443,5.8679886493440137e-05,0.0002554684622779746,0.009268745807957637,8.590964885279995e-05,0.0003806372620774878,-0.004345688528730514,1.888500878832744e-05,0.0003215933452521691
92,6.960263484079299e-05,1.895308745369917e-05,0.00015351410033685267,0.0001345610128831535,-0.004535156732602358,2.0567646589308985e-05,0.0001223109202033168,0.004052443994565919,1.6422302328900074e-05,0.00023860124974584007,-0.004457500806829129,1.9869313442888448e-05,9.963013106140117e-05
93,0.00038803716128532617,0.00010470445510039432,0.0008059014081918855,0.0007011969530914912,0.0050547728014548295,2.5550728074197337e-05,0.00030171887379482065,0.016076989586763044,0.00025846959417274995,0.0012525763232976717,0.005485712629558112,3.0093043054235658e-05,0.0008634090274831641
94,2.589729689550513e-05,9.87441854645906e-06,0.0001288889934330332,0.00011901457488657415,0.0011379557716040371,1.2949433383369069e-06,9.814413159980884e-05,-0.0033754636551575744,1.1393754887345509e-05,6.83894766381199e-05,-0.004115161893961123,1.6934557413694762e-05,0.0002201333720611709
95,0.0009565502747984622,0.0002719867823802365,0.0003745487111483185,0.00010256192876808201,0.027682329532251127,0.0007663113683321621,0.0008000187786566526,0.006064409068891436,3.6777057354830944e-05,0.00016897461827203308,-0.0035877460129682946,1.2871921453716517e-05,0.00015465273651626976
96,6.114035576698651e-05,1.233665361166647e-05,0.00025312388948528497,0.0002407872358736185,-0.0014199733460077408,2.0163243038551215e-06,0.000205023642308233,0.004789386210723204,2.2938220275325882e-05,0.0003290028068539952,-0.0034720910494737273,1.2055416255818407e-05,0.00022534521929362672
97,5.1353768061312977e-05,8.228196848536484e-06,0.0004493381731319375,0.00044110997628340104,-0.004132374075574926,1.7076515500646927e-05,0.0003666790741613246,-0.002023488682993434,4.094506449892066e-06,0.0003576128774809284,-0.001874451545221274,3.51356859507046e-06,0.0006237225677535596
98,0.00072958953386415,0.0002626025927385441,0.0004425118625132803,0.0001799092697747362,-0.02404988187130386,0.0005783968180238519,0.0008191438723738065,-0.009096172460249857,8.274035342692443e-05,0.0002168524256807025,-0.011254803719524281,0.00012667060676485598,0.0002915392894853319
99,0.00029854010732555114,0.00010184438262757685,0.00023958304000041655,0.0001377386573728397,-0.01101272226519297,0.00012128005169087519,0.00020565669873329195,-0.00013987803612006884,1.956586503926161e-08,0.00013221622850401182,0.013573265278730135,0.0001842335303268161,0.0003808761927639459
100,0.0001378900489610313,5.1156339761345336e-05,0.0006336817897609018,0.0005825254499995565,0.0018217174454225014,3.318654450912284e-06,0.0004406023247608415,-0.0060990697863108284,3.719865225837449e-05,0.0007649285654810489,0.010627874320614114,0.00011295171257474923,0.0006955144790408152
101,0.013734918040006039,0.00422112363175627,0.00822139978822393,0.00400027615646766,0.049207899314815055,0.002421417354977029,0.004200152052607153,0.06752824059463816,0.004560063277807558,0.013626599085553637,0.07537831427197293,0.005681890262484224,0.006837448226511
102,9.003797825646309e-05,3.025319396154913e-05,0.00018247171165038564,0.0001522185176888365,-0.008671457474052529,7.519417472479084e-05,0.0002143827971036183,-0.0021923531487777754,4.806412328584031e-06,0.00010844473449844738,0.0032800906742934326,1.0758994831272517e-05,0.00022458760334909122
103,0.00031754365584113486,9.713869572558487e-05,0.0004461731535186919,0.00034903445779310704,-0.001767821812421236,3.125193960729078e-06,0.0005519893491865435,-0.016487373205814553,0.00027183347522785617,0.0006164240044469471,-0.004056774332924326,1.6457417988169354e-05,0.0001701061069225851
104,0.00010609419770124529,4.4521537049443026e-05,0.00034105873257805897,0.00029653719552861596,-0.01021499654094306,0.00010434615433141392,0.0005118010303087894,0.0018591842717671976,3.4565661563012995e-06,0.00028199311081711365,-0.005075617268916365,2.576189066061385e-05,0.00022938205660827382
105,2.1814830554189868e-05,2.5691501711981126e-06,0.00019264589061103918,0.00019007674043984107,-6.8436013875968195e-06,4.6835091360719616e-11,0.0002622667364666764,0.0005620412031432444,3.158903141287084e-07,0.0002264655183730202,0.002718733779575931,7.391513364374269e-06,8.920541699342088e-05
106,0.0002877905772235012,9.306864596692055e-05,0.0004252925846415234,0.00033222393867460287,0.015815456543170278,0.0002501286656689805,0.0007465688016153882,-0.00026294574106699965,6.914046279948849e-08,0.0002581436627421274,0.005385919770021359,2.900813176898165e-05,0.00027116528956705466
107,2.4732421461504117e-05,3.008875217166048e-06,0.00011779204264624384,0.00011478316742907779,-0.0014154001651116345,2.0033576275668707e-06,0.00015921769996385393,0.001129776405366984,1.2763947259131214e-06,9.819263108667986e-05,0.0023972637106312762,5.746873298018151e-06,9.596579688819773e-05
108,0.00011414849902280366,1.7427447089435333e-05,0.00020482262304329554,0.0001873951759538602,0.006932884341923652,4.806488529796038e-05,0.00025687667034035577,-0.0009912450344151584,9.825667182106201e-07,0.000247857234198956,-0.0017985797874599157,3.234889252134998e-06,0.00010973396459057483
109,0.00023884822330322297,7.499333931781926e-05,0.0004001811187644977,0.0003251877794466784,-0.0009325589404596242,8.696661771834258e-07,0.00023254112729542697,-0.0148157480833247,0.00021950639126855354,0.0003382693169318163,-0.0021456841583910504,4.603960507720828e-06,0.0006297329120662498
110,0.0005669614841413706,0.00017623745613637443,0.0009564987433492064,0.0007802612872128319,-0.001289600377363676,1.6630691332952807e-06,0.001254497426248724,0.010209672179093666,0.00010423740600473685,0.000855013570245089,-0.020562390261619587,0.00042281189327109114,0.000759985233553806
111,0.0001242937398980848,6.603784617735069e-05,0.00027602524042776483,0.00020998739425041413,0.010776485419100973,0.00011613263798770923,0.00032395300502341406,0.006171021449378506,3.8081505728482234e-05,0.00021252463998144844,0.006625661839823879,4.389939481586058e-05,0.00029159807627843204
112,0.00041478039713660486,0.00011344148148229038,0.0003119119735420413,0.00019847049205975093,-0.017984341211546948,0.0003234365288137253,0.0005861270116448436,-0.0029303057845197125,8.58669199088613e-06,0.0002109082115809846,0.0028811844166148656,8.301223642259714e-06,0.00013870069740029578
113,0.0003966691936974076,0.0001354451225241693,0.00031992764354079234,0.00018448252101662305,-0.017762761559084295,0.0003155156982050933,0.0004570387066380466,-0.008112395913029431,6.58109674491758e-05,0.00028913635169036667,-0.0050008701161768435,2.5008701918238785e-05,0.00021360787229396383
114,0.0003991243007086531,0.00013430887403457584,0.0004551289977949106,0.00032082012376033475,0.019165391190537062,0.0003673122194866041,0.0010962358343001855,-6.750360670455847e-05,4.556736654670601e-09,0.00013869441724900788,0.0059673985856927535,3.560984588046878e-05,0.00013045674183553846
115,0.00026804142760517013,6.024690563658878e-05,0.00041632657007280766,0.00035607966443621886,0.01051784377632881,0.00011062503770331578,0.00035445465345940175,0.004962075550295716,2.4622193766976608e-05,0.0003890743932718488,0.006744885872955202,4.549348543947396e-05,0.0005054506634871725
116,0.00043469591269518215,0.00015736238356700571,0.0008372778837522447,0.0006799155001852389,-0.009044977207460001,8.181161268339121e-05,0.001196011819155185,0.01639058091191786,0.00026865114263008305,0.0007978572430639153,0.011028345088342521,0.00012162439538754288,0.0005179645890376339
117,0.000944965038528256,0.00011438584803232417,0.0002924770201583697,0.00017809117212604553,0.011530766735923273,0.00013295858151840534,0.0002952753383658191,0.011552187008851954,0.00013345302468747988,0.0002971993401614803,0.008760475894093551,7.67459378910873e-05,0.0002849563819478096
118,0.00043172248732659124,9.68639277308947e-05,0.00028249040223282673,0.00018562647450193204,0.010125174409239213,0.00010251915681769308,0.00015342869066203857,0.002216297184333297,4.91197320939829e-06,0.00019123119851660597,-0.013533685867709219,0.0001831606531655927,0.0005028113175198357
119,0.0003842892154823918,0.00013109568830845428,0.0003177381150414697,0.00018664242673301543,0.01637777652265613,0.00026823156382649316,0.0003034433903167377,-0.006807185181958777,4.6337770101545495e-05,0.0004053279591388348,0.008872301336004763,7.871773099732415e-05,0.00024444299566883654
120,1.667495383883555e-05,5.175655329018684e-06,0.0001638778055474225,0.00015870215021840384,0.0038194149547605676,1.4587930596610121e-05,0.00011267590762786828,-0.0006084257837799756,3.7018193443927316e-07,0.0002702854557308232,-0.0007542237440852419,5.688534560066572e-07,0.0001086720532835761
121,6.0475847821983564e-05,1.6660315600362335e-05,0.00030240769831283804,0.0002857473827124757,0.005860782840114641,3.434877549868265e-05,0.00028279953459164897,-0.0007928803600224066,6.286592652005041e-07,0.00039341946478099743,0.0038734367216956968,1.5003512037203848e-05,0.00023100409556586765
122,0.000286177424956624,9.845008985491048e-05,0.00031410376786703925,0.00021565367801212876,0.0050723929741408194,2.572917048404566e-05,0.0002321220611571917,0.005190673961548545,2.6943096175124914e-05,0.00018833882270818947,-0.015578125782822087,0.00024267800290556085,0.0005218504197357365
123,7.58663308452201e-05,2.056204908721752e-05,0.0003807415827643175,0.0003601795336771,-0.0044578650231919615,1.9872560564571096e-05,0.00019787007768956588,0.006428474046125011,4.1325278562043266e-05,0.000644791784276233,-0.0006987904803564988,4.883081350381957e-07,0.0002995628863271538
124,0.000156193678875316,4.751157582931024e-05,0.00030863857188556665,0.0002611269960562564,0.007700709672763739,5.930092946448973e-05,0.0002560953307392255,0.008654609402997853,7.490226391870802e-05,0.000554342818920528,0.0028864396936025835,8.331534104732974e-06,0.00011547756599694647
125,0.0001623404507861137,3.937771839342593e-05,0.00017952432668784843,0.0001401466082944225,0.002829726457719571,8.007351825711773e-06,0.00010779503545432778,-0.0038581286848460086,1.4885156948696299e-05,0.00015277064152152686,0.009759131437068603,9.524064640586971e-05,0.0002780073030876906
126,0.00017674587615379433,5.698455349956166e-05,0.0006601305089574497,0.0006031459554578881,-0.0018399913520995945,3.385568175806597e-06,0.001165316577842468,0.012889884070296552,0.00016614911134560373,0.0007135779654051655,0.001191209879625077,1.4189809772746642e-06,0.00010149698362471593
127,0.0003681740441515702,0.00011369707111360168,0.0003534684129778605,0.00023977134186425886,0.005677183065825315,3.2230407562949814e-05,0.00037853552653110967,-0.002431602141602006,5.912688975096003e-06,0.00018100116812735934,-0.01740540481581984,0.00030294811680275924,0.0005008685442751126
128,0.00021587127267930217,6.273499313339907e-05,0.00023986306019381973,0.00017712806706042067,-0.01061245028980028,0.00011262410115342458,0.00025683769123174827,0.00012453284164589063,1.5508428874433378e-08,0.00010685941269461541,0.008692834394946607,7.556536981789819e-05,0.0003558920766550955
129,0.0006141524071776594,0.0002579418768037985,0.00039656562195585404,0.00013862374515205556,-0.013218401046150213,0.00017472612621705075,0.0002780199262462091,-0.017551585358697334,0.0003080581486039069,0.00046795150621015136,-0.017059934219990126,0.00029104135559043787,0.00044372543341120174
130,0.00014166717255670314,4.688036451150346e-05,0.0001575681987905364,0.00011068783427903295,0.002239728164151397,5.016382249145579e-06,0.00017054783051095868,-0.0054281090933795155,2.946436832995669e-05,9.244448253153958e-05,-0.0103034141407389,0.0001061603429554081,0.00020971228332911096
131,0.0007932162935758713,0.0002086743698432499,0.0005963011415629863,0.00038762677171973636,0.020572180799069716,0.0004232146228295708,0.0008945151030699261,-0.014067828969020377,0.0001979038119017673,0.0003464157215090635,0.00221465003972165,4.904674798411612e-06,0.0005479726001099694
132,7.055608551331805e-05,2.6804952787025844e-05,0.0002135631008444531,0.00018675814805742724,-0.00028897242268163055,8.350506119914058e-08,0.00011260826404679847,-0.006350709712848524,4.033151385685052e-05,0.00017253499923763904,-0.006324542627182849,3.9999839443027874e-05,0.0003555460392489218
133,0.00048235460138867925,0.0001636614498383334,0.00038149512946602143,0.00021783367962768804,0.007959889357269698,6.335983858007932e-05,0.00015422452556801414,0.0201706708320544,0.0004068559618150003,0.0006980782550062292,-0.00455725236518315,2.0768549119920543e-05,0.000292182607823821
134,2.0303663389120707e-05,7.62981388054603e-06,0.00013816948173069518,0.00013053966785014914,-0.0015064564739226559,2.2694111077026236e-06,6.617725331770075e-05,0.003030900282876633,9.18635652524813e-06,0.0002361915526437608,-0.003381371616477866,1.1433674008687333e-05,0.00011213963923062398
135,0.0003809218119532609,0.0001310729313143503,0.0004742760967514359,0.0003432031654370856,0.0076018337772069105,5.7787876776349556e-05,0.0004625390915179439,-0.011349814451226148,0.00012881828807687068,0.0005526406057578814,-0.014374026196234714,0.0002066126290898307,0.0004076485929784823
136,4.999937901062346e-05,9.157367264959563e-06,0.00019075387971171734,0.00018159651244675779,0.0009039439109465698,8.171145942093005e-07,0.00021777775861675508,-0.001386293054793072,1.9218084333916252e-06,0.00016170677099680564,-0.004973246300685603,2.4733178767277764e-05,0.00019277710952159133
137,0.00012053008155443745,2.5001467184611787e-05,0.0005301794407147989,0.0005051779735301871,-0.007998664839724478,6.397863921792091e-05,0.00031877781156974816,-0.0024066105670005043,5.79177442117107e-06,0.0005087870354786306,0.002287791055746458,5.233987914743388e-06,0.0007629734750960182
138,0.00046312817338389767,0.00016152400597890804,0.0006011601978219335,0.0004396361918430255,0.006077828979523736,3.6940005104346696e-05,0.0005387622378848489,0.015625524171989345,0.00024415700564939247,0.0009425551190602732,0.014264466593009095,0.00020347500718298495,0.00032216323652067835
139,5.934219323699974e-05,2.5007343499935015e-05,8.589614200345726e-05,6.0888798503522246e-05,0.0034994968190874727,1.2246477986810334e-05,5.354246772726334e-05,-0.0076192296792340925,5.805266090497252e-05,0.00010264707450446942,0.0021732214815598076,4.722891608022195e-06,0.00010149888377863903
140,6.335825315151311e-05,1.5999736880563848e-05,0.00038874770442557754,0.0003727479675450137,-0.0025412019899070984,6.457707553475522e-06,0.0005416440713484905,0.006155273011173939,3.788738584231677e-05,0.00037134292061480334,-0.001911574546283633,3.6541172458992577e-06,0.0002532561213134388
141,0.00012105538026796481,6.36335256854655e-05,0.00020502141050815492,0.00014138788482268944,0.004647027880032222,2.1594868117924548e-05,0.00016542207716474522,0.007706168410075822,5.938503156444064e-05,0.00017397686594822215,0.010484306241893603,0.00010992067737403133,0.0002756652884114974
142,0.0004163206003968689,0.0002141822107424307,0.0008606586347340942,0.0006464764239916635,-0.016092393172455203,0.0002589651180167074,0.0017565841189050024,-0.015930995436045207,0.0002537966155833349,0.0006099242816790529,0.011392317526616519,0.00012978489862724985,0.00021546750361822742
143,0.00013526956355769393,7.333159230956306e-05,0.0005639300556822269,0.0004905984633726638,0.008696747938556867,7.563342470684464e-05,0.000722023002344585,0.010808523641739811,0.00011682418331382394,0.0006186025803873729,-0.005247586960517427,2.7537168908020604e-05,0.00035116458431472264
144,6.664086888974463e-05,2.094177970483428e-05,0.00019899890313775556,0.0001780571234329213,0.0008780943909901257,7.710497592627874e-07,0.00010574045262012888,3.637080841539774e-05,1.3228360629113922e-09,0.00025570779549854983,-0.007877370533305885,6.205296651917713e-05,0.00023554846129458795
145,0.003522934641911002,0.0012555565894893557,0.004533391785133012,0.0032778351956436564,-0.01784831435343785,0.0003185623252593972,0.005514492806607207,-0.05862083693907737,0.0034364025234381312,0.004251665730939824,-0.0034212453537737376,1.170491977053878e-05,0.003834016817852004
146,0.0003255676797679907,0.00010329719920450693,0.00031828774968682233,0.0002149905504823154,0.013450400557329401,0.00018091327515246114,0.0005138536069462241,0.011269211092691418,0.00012699511865155166,0.0003456526554226347,-0.001408262691940762,1.983203809508005e-06,9.535698669160819e-05
147,0.0002904691401478532,3.677551282295818e-05,0.00014651471885566517,0.00010973920603270698,0.0020062416304803326,4.025005479468824e-06,0.000138388073280038,-0.002335118044532058,5.452776282499627e-06,0.00010177870790595289,0.010042348167012034,0.00010084875670690607,0.00019937737538100464
148,0.00011710705058298743,4.1393313662411536e-05,0.00018474881786023634,0.0001433555041978248,-0.0008144120864563213,6.632670462858314e-07,0.00017021033355579807,-0.00995819776852273,9.916570279655534e-05,0.00027862502770292785,-0.004934670317665977,2.435097114439344e-05,0.00010541109232198309
149,0.0001590725381023228,7.64003121433247e-05,0.0006443362611340264,0.0005679359489907018,0.0020748733635939337,4.3050994750215565e-06,0.00047273945670545103,-0.010749676492784962,0.00011555554469944163,0.0007687477223613515,-0.010456590852449151,0.0001093402922555109,0.0006915216043352768
150,3.1642642472129445e-05,1.062019305749414e-05,0.00028391577512680105,0.00027329558206930693,0.0005787417753631213,3.3494204265682725e-07,0.00015595718920524693,0.0011162249170937717,1.2459580657209202e-06,0.0003684894991385912,-0.005502697435258958,3.027967906410467e-05,0.000327300637036565
151,7.324376626238749e-05,2.8818843438934334e-05,0.00018911063320592447,0.00016029178976699013,0.0056936662280912004,3.241783511664931e-05,0.0001881955021237891,-0.0012318758701017406,1.5175181594662135e-06,6.306903225994365e-05,0.007247149580385436,5.252117704068748e-05,0.00031606736523404066
152,0.000266049190375095,3.568791103270019e-05,0.00029363022995435956,0.00025794231892165936,-0.007203935533603995,5.189668717231477e-05,0.00020013094622406413,0.0017542553069189314,3.0774116818177433e-06,0.00035403085560747893,-0.007217314891537149,5.2089634243968064e-05,0.00032672888803153555
153,0.0003988916214574534,0.00014911885321648258,0.00036468586519648277,0.0002155670119800002,-0.004882901571041545,2.384272775235452e-05,0.00033349542761562656,0.017822755395156622,0.0003176506098758747,0.0005028224080597665,0.01028898547093661,0.00010586322202121856,0.0002577397599140552
154,6.297585563874719e-05,1.692054006456149e-05,0.0002858378976047238,0.00026891735754016227,-0.005790391790074397,3.3528637082946844e-05,0.00010764688415643153,-0.001503270532188671,2.259822293182445e-06,0.00020550915627104427,-0.0038695168713891747,1.4973160817555176e-05,0.0005443576523866955
155,0.0009721092180960955,0.0004191817439663792,0.0006204103312531887,0.00020122858728680948,0.004839929626743032,2.342491879181452e-05,0.00021574909766475248,0.024074033316720908,0.0005795590801348505,0.000726282369581388,0.02558439432491176,0.0006545612329724726,0.0009191995265134256
156,0.00022571297595208595,0.00013847712631572437,0.0004958675186232572,0.0003573903923075328,0.010912681273113352,0.00011908661256876396,0.00043855149948646144,0.012411034120470291,0.00015403376793965418,0.0005046078743463633,0.011929417355372746,0.00014231099843875494,0.0005444431820369466
157,0.000899810662897349,0.0003347338189542137,0.0005914951941817052,0.00025676137522749143,-0.02164394309152149,0.00046846027254898726,0.0005070000261847563,-0.007371551967192668,5.4339778404965955e-05,0.0005318563824958655,0.021940861558032015,0.00048140140590868796,0.0007356291738644938
158,0.00017664937618400156,6.275153111504987e-05,0.00031022587021652576,0.00024747433910147587,0.007541759991936487,5.687814377586253e-05,0.0002975628677392983,0.00635291349198362,4.035950983660719e-05,0.00027225429543986657,0.009540279856108148,9.101693973267988e-05,0.00036086044747041246
159,0.00042587720956011044,7.895434964551769e-05,0.0005877756038336068,0.0005088212541880891,0.009355264183489741,8.752096794306663e-05,0.0006492963365367643,-0.012217988694188931,0.00014927924773122658,0.0009154025994482229,0.0002506656386184685,6.283326225986485e-08,0.00019862787551583327
160,2.052542072350505e-05,4.601426172090584e-06,0.00022498758812350417,0.00022038616195141358,-0.00163827242066367,2.6839365248054747e-06,0.00022091250089095738,-0.0028874657154888323,8.33745825801202e-06,0.00028256357277356425,-0.0016681977501555292,2.7828837334542555e-06,0.00017148669070599087
161,0.00015844961487609943,5.611524232466506e-05,0.0002833184097252491,0.00022720316740058402,-0.009487617823213234,9.00148919591448e-05,0.00026083434563894947,0.004765925409095914,2.2714045004756933e-05,0.00018257582262926064,-0.007457666525810401,5.561679001009345e-05,0.00040654506090753717
162,0.0010769435696763585,0.0003866041724622793,0.001976795769622212,0.0015901915971599325,0.008957933247065142,8.024456805899582e-05,0.0028951408415210933,-0.003410774341259277,1.1633381607256688e-05,0.0015227980747243297,-0.03267926816378521,0.0010679345677205854,0.0015124483926212129
163,8.759743485442506e-05,4.1630455694829926e-05,0.0002607373875143093,0.00021910693181947938,0.0036167258657340594,1.3080705987822405e-05,0.00016216783281064462,0.008135441504122567,6.618540846714538e-05,0.0002481653660052485,-0.006754646743484062,4.5625252629521995e-05,0.00037187896372703477
164,6.644548829870534e-05,2.8705819174838314e-05,0.0003416594328990626,0.00031295361372422426,-0.005033432732480786,2.5335445072216523e-05,0.00027883420236074485,-0.0023164335622738144,5.365864447437474e-06,0.0004948823794419521,0.0074442023081459155,5.541614800486094e-05,0.00025126171689449084
165,0.00160403447277091,0.0006982675566255722,0.0010375124252849366,0.00033924486865936443,-0.03014554167198381,0.000908753682697383,0.00140350116991117,-0.01156838632749791,0.00013382756222246606,0.0002838275819632141,-0.03243796271280125,0.0010522214249568673,0.0014252085239804257
166,4.507250543872576e-05,1.3350616056488166e-05,0.00015227852929977637,0.0001389279132432882,-0.0033898233257566458,1.1490902179667195e-05,0.00017299153638528075,0.0047378857141258945,2.2447561040639386e-05,0.00010609709718789606,0.0024725260260063144,6.113384949157918e-06,0.00017774695432615228
167,0.0002397353408108982,7.25264915251896e-05,0.00033893448518351743,0.00026640799365832785,0.01195523006568442,0.0001429275259247076,0.0005449551174236955,-0.004663350002343528,2.1746833244629116e-05,0.0002485775384316602,0.007273590269349858,5.2905115406232106e-05,0.0002232707996951966
168,5.002663699071874e-06,1.7523318577294944e-06,9.993402609154156e-05,9.818169423381207e-05,0.0016907618602643086,2.858675668515609e-06,8.28090824570582e-05,0.0012525025682500537,1.568762683312741e-06,0.0001325355246927229,-0.0009108003188245384,8.295572213601332e-07,8.445747112484359e-05
169,6.223726233389737e-05,2.4784995187469388e-05,0.0001722398506726804,0.00014745485548521103,0.003381230594848234,1.143272033532483e-05,0.00017969794121774907,-0.007509973695739618,5.63997049104481e-05,0.00024132746965843666,0.0025539303664512993,6.522560316635229e-06,9.569414114185548e-05
170,0.0010607841496985682,0.00022633627925883193,0.0018581866273102248,0.0016318503480513928,0.00556021412338432,3.0915981097945355e-05,0.00022775210812397972,0.025290787858257065,0.0006396239504914414,0.003744891692536112,0.0029101385168397356,8.468906187109049e-06,0.0016019160812705824
171,7.193380017778139e-05,2.465206475602925e-05,0.00018576332941711016,0.00016111126466108092,-9.648018471593848e-06,9.308398496443715e-11,0.00014278853433324912,0.004283085455944217,1.834482102291979e-05,0.0002788430410469722,0.007457297108288765,5.5611280161182997e-05,0.00013565841287110914
172,0.00020985746656765336,5.673238904365293e-05,0.00024475356947798826,0.00018802118043433533,-0.00029544596751849314,8.728832001647646e-08,0.00013385140862098854,-0.007234404695302341,5.233661129555589e-05,0.00025031127823105237,-0.010852339264654983,0.00011777326751538642,0.0003500980215819238
173,7.822319424044544e-05,2.2153190385084304e-05,0.00011132282987658115,8.916963949149685e-05,-0.0030935026001605178,9.569758337657497e-06,4.758404007898509e-05,-0.0070779832540482385,5.0097846944097135e-05,0.00013072974759453793,0.0026061400334868195,6.791965873498285e-06,0.00015565470195622044
174,0.0001701269586849019,4.638095986371956e-05,0.0001504594760475634,0.00010407851618384384,0.0021074656190214784,4.441411335154299e-06,0.00013735978340578825,0.0020710663386974302,4.289315779337777e-06,4.022921152468939e-05,-0.011419814029852588,0.0001304121524766666,0.0002737894332122126
175,0.0003861996019189906,0.0001344074484667853,0.0004238030322718152,0.00028939558380502994,-0.0010568521658692383,1.1169365006225007e-06,7.874144029706986e-05,-0.006330083881021115,4.006996194083623e-05,0.0005807582432119096,0.019027229093036183,0.0003620354469588971,0.0006119094133064662
176,0.0003041152594015495,0.00015350113865878848,0.00042666746938306116,0.00027316633072427265,0.01510100756953126,0.00022804042961499515,0.00033956335533757986,0.012589885445059542,0.0001585052155198552,0.0003640796012660541,-0.008599870396798825,7.395777084151511e-05,0.0005763594515455495
177,7.477451516679778e-05,3.265963273535455e-05,9.892797928068298e-05,6.626834654532843e-05,0.0060187654039918406,3.622553698834352e-05,9.897628150690174e-05,0.0037578059537884193,1.412110558651758e-05,7.778119592571908e-05,0.0069016125384855145,4.763225563120255e-05,0.0001200264604094281
178,0.00013052701783344833,3.0308279588867986e-05,0.0004735301678254015,0.0004432218882365335,-0.003765312919204396,1.4177581379670734e-05,0.00030539229346049357,0.00783994552929608,6.146474590251749e-05,0.00048532544482593476,0.003909285290740098,1.528251148441573e-05,0.0006298727651897762
179,0.0005800796714529044,0.00021004567697361734,0.0007200285483306423,0.000509982871357025,0.01743732093255031,0.0003040601613045757,0.000859100708455629,-0.003175105593821559,1.0081295531816359e-05,0.0005737603624057508,0.0177762643455943,0.00031599557408446,0.0007272245741305472
180,6.098341796467732e-05,1.8057482840783123e-05,0.00012318625806891545,0.00010512877522813233,0.00035563623391109096,1.2647713043545394e-07,8.51567873720871e-05,-0.0010489373162247944,1.1002694935147161e-06,0.0002228184288900481,-0.00727637972468101,5.29457018983992e-05,6.158355794461112e-05
181,8.43381031182533e-05,5.086183684295994e-05,0.00021909624230546468,0.00016823440546250473,0.007043252659122623,4.960740802040231e-05,0.00021543831321757523,-0.008981877674419473,8.067412655821116e-05,0.0002458344218707609,-0.004722708539634286,2.230397595026634e-05,0.00019601599182805796
182,0.00015495390178243973,5.426518076390163e-05,0.00018027571141232546,0.00012601053064842382,0.0037155890524863794,1.3805602006811135e-05,0.00018720901673385804,-0.00904290760068262,8.177417787447183e-05,0.00020061179200636658,0.008198521964974101,6.721576241042193e-05,0.00015300632549675175
183,0.00016834771483575928,1.490949788603609e-05,8.970693670207197e-05,7.479743881603589e-05,-0.002948159124352942,8.691642222169449e-06,4.6130379976250246e-05,-0.0020360400635767947,4.145459140736385e-06,0.0001343494495220643,0.005647246434770531,3.1891392295202436e-05,8.864098060790138e-05
184,0.00012938531542783238,2.1049031570926264e-05,0.000509904713331825,0.0004888556817608987,-0.0006840992764414403,4.6799182018553154e-07,0.0003717817350848973,0.007412682458357061,5.494786122917095e-05,0.0007115394144637799,0.002780511043598378,7.731241663422317e-06,0.0004463929904467978
185,0.0001622782255406019,4.681000243689226e-05,0.00021145170760979623,0.00016464170517290397,-0.001592807845942054,2.5370368339494576e-06,0.00015976100827175266,0.011742783619126153,0.00013789296712518606,0.00034852860750556047,1.8306126198999274e-06,3.3515412667384226e-12,0.00012606550705207553
186,6.128677318906206e-05,2.0687396071861208e-05,0.00025938016911356926,0.00023869277304170805,0.007690767502234904,5.9147904773682036e-05,0.0003415688739296652,-0.0010483925127552556,1.0991268608595561e-06,0.0001728244133364365,0.001347277469879217,1.8151565810420323e-06,0.00026374722007460605
187,0.00043720148520576263,0.00015370050573537686,0.0003199813751193492,0.00016628086938397235,-0.020106316259146332,0.00040426395351289557,0.0005271601285934402,0.006401780450550279,4.098279293707208e-05,0.00016642876486805402,0.003981804962084685,1.5854770756162928e-05,0.0002663552318965534
188,0.0031698333576737348,0.0004416481824806399,0.0008763848271347019,0.000434736644654062,0.017279060953500305,0.00029856594743471465,0.0007842337252742526,-0.03193775020779049,0.0010200198883352218,0.0013000878814276584,0.0025216486019371716,6.358711671983208e-06,0.0005448328747021947
189,2.7130593661661706e-05,5.7131145935196415e-06,0.0001233530159753989,0.00011763990138187927,0.0024723279344669342,6.112405415370503e-06,0.00014162948048268564,0.0030219121209495584,9.13195286700308e-06,0.00015018169573677298,-0.0013765847225248298,1.894985498185342e-06,7.824787170673808e-05
190,0.0001409370977210056,6.635272923375772e-05,0.00039064968764139046,0.00032429695840763273,0.009332479294781095,8.709516978744336e-05,0.0004127784888342534,0.0017149182958505864,2.9409447613870654e-06,0.00036031239708733676,-0.010441363567687972,0.00010902207315244272,0.0003988581770025812
191,0.0001166237685444882,5.704407287465685e-05,0.00038611243654377664,0.0003290683636691198,0.004185583922806734,1.751911277503293e-05,0.0003416188845941637,0.0105833083015491,0.00011200641460562544,0.00031818725520083024,0.006450324894414521,4.160669124331218e-05,0.0004985311698363359
192,0.00028464238087222427,0.00015056389845117626,0.00033510890387755676,0.0001845450054263805,-0.015973530699303823,0.0002551536830012191,0.00029793617833151487,-0.005540706707126736,3.06994308145736e-05,0.00039980698777475343,-0.012877832951920756,0.00016583858153773612,0.000307583545526402
193,0.00011569584406123656,2.25595476296044e-05,0.00020178271943349646,0.00017922317180389205,0.0053237035417944166,2.8341819400590218e-05,0.0002864782369352836,0.0003040897085767245,9.247055055006115e-08,0.00015209679560046485,-0.006264531342214338,3.924435293767292e-05,0.0001667731257647409
194,0.00021779992967962958,0.0001038078130927896,0.0005157656953134193,0.00041195788222062973,-0.009657098382103452,9.325954916161727e-05,0.00046827156430218064,-0.010400183178292258,0.00010816381014167042,0.0005972025534920489,-0.010488092294326632,0.0001100000799750811,0.00048182296814602843
195,0.00021769560555429113,8.769208593554605e-05,0.00019519877792310383,0.00010750669198755779,-0.014224022368648693,0.00020232281234366933,0.00032566231321207173,0.002146177030653605,4.606075846846913e-06,0.00010088010587316898,0.0074931548506660325,5.614736961612188e-05,0.00015905391468407082
196,0.007628565483526195,0.0034925358309540653,0.004117220563725617,0.0006246847327715517,0.015686424459138773,0.00024606391231229985,0.0013082134739792473,-0.07001936892096139,0.0049027120240896505,0.005412617316979507,-0.07299884626800691,0.005328831556460245,0.005630830900218098
197,2.6803513987427863e-05,9.915721095617632e-06,0.000269766850087468,0.00025985112899185037,-0.0029653279268859684,8.793169713805504e-06,0.00047754116269649316,-0.004571239074178197,2.089622667311719e-05,0.00010248937993273532,-0.00024034745671866185,5.7766899930200566e-08,0.0002292700076331755
198,0.0001380262814278943,4.0662133465356e-05,0.0002675125940203582,0.00022685046055500221,-0.00019743950408623764,3.8982357786210287e-08,0.0001697272059639765,-0.009515993606394484,9.055413431702242e-05,0.0001949579533835344,-0.005602970972744694,3.139328372125938e-05,0.00043785262271356373
199,0.0032052610785198166,0.0007001609479440063,0.0015856556987265587,0.0008854947507825524,0.01749733815632588,0.00030615684255674847,0.0014324134710910208,0.04227140237798702,0.0017868714590019152,0.0025998355354986957,0.002730300766163572,7.45454227335518e-06,0.0007247180895899596
200,5.0721239255646644e-05,9.555868621058394e-06,0.00015630686265455385,0.00014675099403349545,0.004661231896677155,2.1727082794575914e-05,0.0001076485955832096,0.0018437810836075532,3.399528684333575e-06,0.00010657885113418697,0.0018817530083132775,3.5409943842656944e-06,0.00025469314124626496
201,0.0005486639077312283,0.00014551355333014548,0.000573874130209299,0.0004283605768791535,-0.01854090833544769,0.00034376528190316336,0.0006503201991822083,-0.001101072501657799,1.2123606539793386e-06,0.0004685310138793364,-0.009568856641898714,9.156301743329376e-05,0.0006027711775663525
202,0.00035586973250789633,0.00021883048137172345,0.000597483278554504,0.00037865279718278055,0.013213474737094206,0.00017459591462798407,0.0007886410856662307,0.018184682625097995,0.00033068268217550933,0.0007490699825946079,0.012296863311904209,0.00015121284731167695,0.00025473876740267354
203,0.0001134009974509409,2.9127314641589724e-05,0.0001719065528671034,0.0001427792382255137,-0.0007501910640486838,5.627866325186304e-07,0.00013584422393830842,0.006257307701609512,3.915389967290572e-05,0.0002295631473496762,0.0069040030141487236,4.7665257619344814e-05,0.00015031228731332558
204,6.0113629808511426e-05,1.8941961453059857e-05,0.00019749066324348252,0.00017854870179042268,0.0036504074895642833,1.33254748398981e-05,0.00018280785765356633,0.0039899920331029634,1.5920036424366124e-05,0.0002036368988242998,0.005251701923646181,2.7580373094915345e-05,0.00020602723325258143
205,9.983869750040952e-05,3.4337317262285914e-05,0.00017967365320141018,0.00014533633593912426,-0.006443720875795979,4.15215387251644e-05,0.00015705026340218087,-0.007268199337302139,5.28267216065581e-05,0.000248052733589299,-0.0029434149308300646,8.663691455135236e-06,0.00013391796261275069
206,0.0020656850160406526,0.0006499864110535899,0.0014861921862826162,0.0008362057752290263,-0.0038906397233750686,1.513707745692816e-05,0.0009839736601230387,-0.026740383463689368,0.0007150481077852211,0.0018735299224088564,0.03492526374873303,0.0012197740479186203,0.0016010729763159537
207,6.024317235187038e-05,3.356406002245441e-05,0.00019834787823158617,0.00016478381820913177,0.006871046938919338,4.7211286037240896e-05,0.0003837179403266555,0.004545192270994254,2.0658772780235424e-05,0.00012175533945724126,-0.0057290593686512795,3.2822121249886926e-05,8.957035491086174e-05
208,5.955658445655487e-05,3.181776889356799e-05,0.00021947468245723614,0.00018765691356366815,0.006482064044029817,4.2017154270879153e-05,0.00021932816594183446,0.004239287851083259,1.7971561484309007e-05,0.0001746483649295305,-0.005955215439054908,3.546459092551579e-05,0.0002644475165003435
209,3.787049096481976e-05,1.5003455975678056e-05,0.00020201353098292518,0.00018701007500724712,0.005413323886774959,2.930407550316705e-05,0.00013419734200448286,-0.003403618428697724,1.1584618408111425e-05,0.00017495359781749542,0.002030190635310269,4.121674015755694e-06,0.00029688965312679727
210,0.00018911174928870622,3.396239092967601e-05,0.0001661814431084263,0.0001322190521787503,-0.007802456031483167,6.087832012391381e-05,0.00019301051025000238,0.006381123285924635,4.0718734390265965e-05,0.00022691534672181213,0.0005386262851786716,2.9011827484826114e-07,7.861847235346442e-05
211,0.00016265926397163177,2.8492546963576615e-05,0.00028195990078324257,0.00025346735381966595,-0.0002046021884496551,4.1862055932817555e-08,0.0002926480681453292,0.008553195779061568,7.315715803457579e-05,0.0002874764728548751,0.0035040863002825566,1.227862080022124e-05,0.0002657551613495235
212,0.00012383967002171925,4.8941369421018344e-05,0.00019612597260535805,0.0001471846031843397,-0.009234059752705916,8.526785951634697e-05,0.00031923446805848243,-0.005928665631608807,3.514907617219176e-05,0.00012717767277370395,0.005138790964257464,2.6407172574516302e-05,0.0001419657769838878
213,0.00011009333139710975,4.149128179742334e-05,0.0005480849970924684,0.000506593715295045,-0.006555486831605855,4.2974407599594144e-05,0.00043007983381793125,0.00012489689122679342,1.559923357152826e-08,0.0006686797899275732,0.00902683989882432,8.148383855910435e-05,0.0005454953675319008
214,0.00021884968244267888,6.10114798689961e-05,0.00035651372963163563,0.00029550224976263956,0.007506511527865525,5.6347715318261216e-05,0.0004368484427115238,-0.007255418202866972,5.264109329838895e-05,0.00033207269451018817,0.008604977105736846,7.404563099033812e-05,0.00030062005167319494
215,0.0017135782710485659,0.0008257108278362605,0.0018895374683154016,0.001063826640479141,-0.03178792233006226,0.0010104720060621908,0.002647566144340807,-0.019310156798362947,0.0003728821555774031,0.0013552906212990212,0.033072319571952905,0.0010937783218691877,0.0016657556393063766
216,0.00021112546354773443,7.74254939073978e-05,0.0003152718631382889,0.00023784636923089114,-0.007841624668878146,6.149107744723992e-05,0.00016538462326720627,-0.005588461176702602,3.123089832346437e-05,0.0001635929210886955,0.011813319006582335,0.0001395545059514891,0.000616838045058965
217,0.0002544492974260182,7.982250126588782e-05,0.00024722933925451035,0.00016740683798862255,0.0020435260158187646,4.1759985778266895e-06,0.00014416784201165544,-0.014449985105310677,0.00020880206954310143,0.00041448394836740565,0.005146788870418224,2.648943567673534e-05,0.0001830362273844699
218,0.00025343273572908664,5.858357876968127e-05,0.0002718208283536046,0.00021323724958392334,0.000320175294390912,1.0251221904677976e-07,0.00014165427826429156,0.005790966374403415,3.353529154925816e-05,0.00038262283521772744,-0.011921112890196005,0.00014211293254073887,0.00029118537157879487
219,0.0003414646690433898,0.00013137889554989032,0.0003260628929585933,0.00019468399740870299,0.0051798249598138954,2.6830586614234875e-05,0.00021865096508377757,0.007531109623779317,5.6717612165302356e-05,0.00031539365830801636,-0.0176235208704258,0.0003105884878701337,0.00044414405548398594
220,0.00023915071704605495,4.187788501782327e-05,0.0002814480399459714,0.00023957015492814812,0.009677247125745796,9.364911193254777e-05,0.00029873629145960034,0.004058595464672777,1.6472197145622758e-05,0.0003368182383489682,0.003938571565341471,1.551234597529927e-05,0.00020878959002934572
221,7.755332592396247e-05,3.531700521852699e-05,0.00019601380554975142,0.00016069680033122444,0.0054238760413098655,2.9418431311767357e-05,0.0001539416490334844,-0.004708852843355628,2.2173295100125223e-05,0.00027484387495213536,-0.007372875235858806,5.435928924368838e-05,0.0001592558926636345
222,0.0005467088048364266,0.00019947071487943133,0.0006645444150695049,0.00046507370019007355,0.007735120103382455,5.9832083013522386e-05,0.0010057913700329824,0.02320657984828958,0.0005385453482551483,0.0007445921531328281,-0.0001863152431337968,3.471336962324045e-08,0.00024324972204270434
223,0.0006619374080115703,0.0002138965788994751,0.00047962401106889835,0.00026572743216942324,-0.0025805005769438906,6.65898322782521e-06,9.094151288568941e-05,0.004958189967414372,2.4583647753262383e-05,0.00030142756572615337,0.024707227803157567,0.0006104471057173377,0.0010465029545948523
224,0.0019181316381471358,0.00044397417237177866,0.0017672286575909357,0.001323254485219157,0.03496388464281919,0.0012224732293164564,0.0020813914764284958,0.005550645372807338,3.08096640545541e-05,0.000813385673963607,-0.008867898496486481,7.863962374432543e-05,0.0024069088223807045
225,0.0001245846453046262,5.4665476668103175e-05,0.0001947458080243658,0.00014008033135626263,-0.007093162170520745,5.0312949577024924e-05,0.00015748501083800992,0.010458095358599867,0.00010937175852876457,0.00019975006663286443,-0.0020764686125025814,4.311721898520027e-06,0.00022700234660222307
226,0.0005637637415736307,0.0003238278110392345,0.0005638188469108499,0.0002399910358716154,0.013133871478372534,0.0001724985800105605,0.00030942883425921774,-0.018911800859205942,0.000357656211737889,0.0006397141670123618,-0.021007823337248363,0.0004413286413692541,0.0007423135394609703
227,9.002354547860136e-05,5.547160417699685e-05,0.0005737869852497172,0.0005183153810727203,0.008851196120634548,7.834367276615684e-05,0.0004712112833156201,-0.005604983754738233,3.141584289123589e-05,0.0004991780447954897,0.007526971294851038,5.665529687359783e-05,0.0007509716276380418
228,0.0002784351398098517,0.0001190845683603688,0.00042819566461497577,0.000309111096254607,0.008831652178563704,7.799808020325649e-05,0.0003561433047246654,-0.013355255523225983,0.00017836285009054098,0.00030118941494039486,-0.010044539550784682,0.00010089277478730896,0.000627254274179867
229,0.00012707555605784293,2.2984799700975778e-05,0.0001840999517715991,0.00016111515207062332,-0.0051840637703310325,2.6874517175090595e-05,0.00011067262977726422,-0.004644842339252283,2.1574560356674155e-05,0.00020152267004180935,0.004528280200176233,2.0505321571162582e-05,0.00024010455549572374
230,0.00027250038827786316,0.00015773825031425068,0.0025115529304248208,0.00235381468011057,0.009979631976497544,9.959305438644872e-05,0.0006682473397873201,-0.01501256875841486,0.00022537722072624167,0.00382335462344241,0.012175568809306415,0.00014824447583006162,0.0030430568280447323
231,3.783013346458919e-05,1.1784830876974498e-05,0.00012592783977005695,0.00011414300889308245,-0.005837043884769676,3.407108131314729e-05,0.0001693980479614554,7.150129952035884e-05,5.112435919052416e-09,7.775857370728723e-05,0.0011306188048838869,1.278298881857154e-06,0.0001306268976414282
232,0.0002677473043141143,9.664823160449032e-05,0.0002846353108140187,0.0001879870792095284,-0.013333685253350698,0.0001777871624349947,0.00032148141716392686,-0.00022389817379938218,5.01303920596996e-08,0.00017728356908564002,-0.010588078295278467,0.00011210740198641655,0.00035514094619248926
233,1.4365005019834065e-05,4.940454420972647e-06,0.000138929668082044,0.00013398921366107133,-0.0012868597129215887,1.6560079206806577e-06,0.0001320666853737995,0.0034752120604287203,1.207709886441588e-05,0.00014282533109943873,-0.0010431953211163952,1.0882564778214032e-06,0.00014189698777289372
234,0.00010414641536105052,3.389028931085244e-05,0.0004247740318313875,0.0003908837425205351,0.002731596346476027,7.461618599324815e-06,0.0002733835030461762,0.004179949492980882,1.7471977764138558e-05,0.00027321109760225504,-0.008759981253937512,7.673727156909393e-05,0.0007277274948457313
235,0.0005186084461457074,0.0001493068297772441,0.0005377366469841993,0.00038842981720695524,-0.014469359484283285,0.00020936236388524598,0.0009037842454433509,0.013273882884044415,0.00017619596681939242,0.0004625870375791763,0.007896971484505426,6.236215862709393e-05,0.00024683865793007076
236,0.001047354302090464,0.0004351464373373304,0.0006568300981648623,0.00022168366082753188,-0.03056946080457418,0.0009344919338827307,0.001255556519350054,-0.0011482155301083775,1.318398903604745e-06,0.0001657860012928003,0.019225737416946297,0.00036962897922565574,0.0005491477738517325
237,9.233918079676329e-05,2.740823451100975e-05,0.00016975567141863657,0.00014234743690762683,-0.007637239509396829,5.832742732381213e-05,0.00021763549709885588,-0.0015951053661653089,2.5443611293418655e-06,0.0001640293125187986,-0.004620921453532782,2.1352915079875245e-05,0.00012760220463825522
238,0.00019753718693715783,7.797057647866239e-05,0.0002191563070207033,0.00014118573054204092,0.005083697739320497,2.5843982704887303e-05,0.00016506574489172365,0.008647720440684254,7.478306882047203e-05,0.00016236017487036847,0.011544898349955004,0.0001332846779106278,0.00033004300130001774
239,0.0006885110250328674,0.00020798681783573691,0.0007216910327205728,0.0005137042148848359,-0.0063134865833480705,3.9860112837852846e-05,0.0003234475784039681,0.0123466827526898,0.00015244057499519403,0.0004037250867254816,0.020776423312834684,0.00043165976567416386,0.0014379004330322687
240,0.00024778609670850216,4.768819613258183e-05,0.0002660704984063604,0.00021838230227377856,0.004935326493653862,2.4357447599210325e-05,0.00032354424760983047,-0.004112236852420845,1.6910491930532956e-05,0.00025583511071025633,-0.010089432534501232,0.00010179664886800222,0.00021883213689899428
241,0.0002654278292751888,0.000165202988970344,0.00026405920185394266,9.885621288359867e-05,-0.013334844402001675,0.00017781807522587734,0.0002748037618038879,-0.010998933545340121,0.00012097653913500928,0.00020496376717737963,-0.014029053872246323,0.00019681435255014534,0.0003124100765805604
242,0.00016164709999799687,9.499667430194296e-05,0.0010624363176319207,0.0009674396433299778,0.011276853625695098,0.0001271674276948076,0.0010929071792594724,-0.006500833852922968,4.226084078351455e-05,0.0009680408994198197,0.010749965322157624,0.00011556175442750671,0.00112636087421647
243,0.00010822004510202543,2.5049335442265768e-05,0.00048457563627894257,0.0004595263008366768,0.0016115285881981975,2.5970243903161716e-06,0.0006594217137771974,0.0029767671151267987,8.861142458016502e-06,0.00037778484946837665,-0.007980591424118326,6.368983947846463e-05,0.0004165203455912536
244,0.0012949466576032131,0.00032786617133014523,0.00045546396491358276,0.00012759779358343753,0.02170764908832944,0.0004712220289417868,0.0005646240991488138,0.011292814036249254,0.00012752764885726187,0.00032749037036938766,-0.019617564481642247,0.0003848488361913871,0.0004742774252225468
245,2.471324842812095e-05,1.402798367837003e-05,0.0002221258687286065,0.0002080978850502365,0.0048607113540548785,2.3626514867425286e-05,0.000325794753353037,0.0033509725023677392,1.1229016711689077e-05,9.681984288367751e-05,0.002688572010529969,7.228419455995727e-06,0.00024376300994910505
246,0.00012685816491841972,4.3258231664289326e-05,0.00023971827613881538,0.00019646004447452606,0.005331292599537849,2.842268078184773e-05,0.00019534589594338847,0.007772690509178571,6.041471775153351e-05,0.00011657746576310135,-0.006398226040020281,4.093729645948674e-05,0.00040723146670995636
247,5.651960554042823e-05,2.1391250202803153e-05,0.000403153745370514,0.0003817624951677109,0.004788070863148934,2.2925622590430628e-05,0.0002579280244707771,-0.0056544420300616936,3.197271467114682e-05,0.0004664974851400494,0.003045556327966907,9.275413346832018e-06,0.00048503572650071547
248,4.1400704234972885e-05,1.9105344466622636e-05,0.000144667386201817,0.00012556204173519436,0.002141785273474545,4.587244157638892e-06,0.00015299383507716424,-0.0062571908587117225,3.915243744256891e-05,0.00011530902094436524,0.0036846101286033316,1.3576351799660102e-05,0.00016569930258392152
249,0.0023871036531082357,0.0006811806193303868,0.0018294131300021037,0.001148232510671717,0.02584230038859765,0.0006678244893748575,0.0018460316067053784,-0.015942459480632644,0.0002541620142918477,0.0008911249347538508,0.03348963054924354,0.001121555354324455,0.0027510828485470817
250,6.982552767653694e-06,2.7558226057452138e-06,0.00012711034696277768,0.00012435452435703245,0.00010849667883017335,1.1771529195847563e-08,0.00010616174350563945,-0.001528065947276039,2.3349855390319973e-06,0.00024041171173616593,-0.0024332510657286183,5.920710749007796e-06,3.4757585646527644e-05
251,7.246914946479333e-05,3.211676656278417e-05,0.0002532629914205146,0.00022114622485773044,0.008086664855092456,6.53941484791698e-05,0.00016602335114490607,-0.005550937993158997,3.0812912604427645e-05,0.00034747162618309346,-0.0003784687639060529,1.4323860475506933e-07,0.00024629399693354426
252,7.544524362046445e-05,2.386168710744041e-05,0.0002459128112827595,0.00022205112417531908,0.005599585845391252,3.135536164011743e-05,0.0002749372083363788,-0.004845086824488783,2.347486633713647e-05,0.00024867966109731743,-0.004093266830463109,1.6754833345067333e-05,0.0002141215644145822
253,2.5946325285408633e-05,9.00914386795885e-06,0.0004954198895494866,0.0004864107456815277,0.0046695452677954314,2.1804653007828634e-05,0.0006649709134293191,-0.0008164737040583423,6.666293093093856e-07,0.00027992145888899866,-0.0021345138291244663,4.556149286738531e-06,0.0005413672963301419
254,5.1450533056107695e-05,1.868100331089047e-05,0.00013603204442136363,0.00011735104111047316,-0.004547513068239716,2.0679875105122925e-05,8.114296830497025e-05,0.002743588957005353,7.527280365127176e-06,0.00010027446821991859,-0.005275969528161995,2.7835854462421317e-05,0.00022667869673920205
255,0.00012869673153781402,7.962394810316169e-05,0.0004790141281274159,0.0003993901800242542,-0.010684606192480293,0.00011416080948833951,0.0006325731571639182,0.005128608993275406,2.6302630206087585e-05,0.0002460876973111592,0.00992010103855907,9.840840461505795e-05,0.0005583815299071704
256,0.0002448552155907002,9.577919714961099e-05,0.00035589731294549676,0.0002601181157958858,0.013805973105513052,0.0001906048933902893,0.0005525638180288173,-0.00642649001002554,4.1299773848813004e-05,0.0003447821723058242,0.007445329019550382,5.543292420973067e-05,0.0001703459485018488
257,0.00017506194486904825,7.924975530730165e-05,0.0002443724448660071,0.00016512268955870546,-0.009661545495657781,9.334546136496868e-05,0.00025875138189657143,-0.012011795637955238,0.0001442832344477063,0.00022961916171737595,0.0003472320692029295,1.2057010922994493e-07,0.0002447467909840739
258,7.875505130816585e-05,2.47711157396191e-05,0.00019584060397748182,0.00017106948823786272,-0.0025807562661805485,6.660302905414639e-06,0.00010511608363317215,0.008046442889775705,6.474524317823249e-05,0.0002999824679514873,-0.0017052275903791908,2.907801135210164e-06,0.000182423260347786
259,7.45012198776207e-05,2.9841680568261825e-05,0.00029631884063741065,0.00026647716006914884,0.002992285490976856,8.953772459685538e-06,0.0003004948083561443,0.0028807386686388846,8.29865527662843e-06,0.00021682089934449422,-0.00850133012934988,7.227261396847151e-05,0.00037164081421159345
260,0.00024700137743027817,9.426458921624192e-05,0.0002570669120729822,0.0001628023228567403,0.007851667453594424,6.164868180191796e-05,0.00019759081128101208,0.004764169260065707,2.2697308738717226e-05,0.00010801948439498332,0.014087149360611761,0.00019844777710809058,0.0004655904405429512
261,0.00018907990253991258,6.48801712372545e-05,0.0008441007674556689,0.0007792205962184143,0.0071461166377960374,5.106698300094692e-05,0.0009349061793335611,0.003956565461109139,1.5654410247978312e-05,0.0006985448285037332,0.011310133529842475,0.00012791912046283826,0.0008988512945297122
262,0.0001789409178624135,6.189661568297329e-05,0.00026336905103959324,0.00020147243535661996,-0.00901633636829088,8.129432150594251e-05,0.00022778466816841814,0.0015766791608097372,2.4859171764424204e-06,0.00038658084582443575,0.010095028893792596,0.00010190960836653495,0.00017574163912592589
263,0.0003630018277599456,9.933036156983821e-05,0.0003611581234830667,0.0002618277619132285,0.015173958728665896,0.00023024902349910725,0.0005523071931906598,-0.008216291373056104,6.750744392713948e-05,0.0003238865198507135,0.00048437308293496377,2.3461728326790166e-07,0.00020728065740782675
264,0.0017299215272098545,0.0004403592730099308,0.0013247898636123228,0.0008844305906023919,-0.0065378723732624185,4.27437751689963e-05,0.0003588288635262282,0.03436132793939498,0.0011807008577585654,0.002684712423275726,0.009880950667924852,9.76331861022306e-05,0.000930828304035014
265,0.00012293469905244603,4.0367444414675845e-05,0.00020619004036359634,0.0001658225959489205,-0.0006160266193239177,3.79488795720917e-07,0.00012421511939297858,0.0010964965488819139,1.2023046819242822e-06,0.00026718794718694205,0.010932544981227399,0.00011952053976638233,0.00022716705451086838
266,0.00036485468675251376,0.00013961615239388436,0.0007515541668535001,0.0006119380144596157,0.01763333094919102,0.00031093436036355726,0.0012422429444225447,0.010256538449847823,0.00010519658097307705,0.000564922270892998,-0.0016484889581311131,2.717515845018781e-06,0.0004474972852449577
267,0.00013935520398022927,5.108537792749187e-05,0.00018269389936257743,0.00013160852143508556,-0.007573112345929667,5.73520306044184e-05,0.00020554545729623008,0.0026647356386827505,7.100816023841716e-06,8.37457094690075e-05,-0.009423549604791701,8.880328715421548e-05,0.00025879053132249474
268,0.0001707698729409568,3.730297800678498e-05,0.0001919087904408423,0.00015460581243405733,0.007304719014793863,5.3358919884671785e-05,0.00023833052484290018,0.006589245023472326,4.341814997943505e-05,0.00015928259501796216,-0.003889969685713823,1.513186415624812e-05,0.00017811325146166457
269,0.0004342651130925246,6.36432802166853e-05,0.001145635719279392,0.0010819924390627067,0.009748677777771187,9.503671841459838e-05,0.0009917520391942158,-0.009558702139742586,9.136878659643521e-05,0.0016102225131465753,-0.002127048574683719,4.5243356390223255e-06,0.0008349326054973849
270,0.0004770897822513609,0.00020067507793934217,0.0007525668667805648,0.0005518917888412227,0.01518621607668115,0.00023062115872740652,0.0008035200207179294,-0.01860384830293604,0.00034610317167849125,0.0011917608488196674,-0.005030000339195095,2.530090341212876e-05,0.00026241973080409764
271,0.00012907114504012718,4.1539026554682223e-05,0.0001964775795068411,0.0001549385529521589,0.008724597589362474,7.611860309586493e-05,0.000230204853437721,-0.00670267040260187,4.492579052606249e-05,0.0002729877904955602,0.0018901550312017553,3.572686042119244e-06,8.624009458724213e-05
272,5.073805911093299e-05,1.784825003618244e-05,0.00023111939690138397,0.00021327114686520154,-0.00022631586666432818,5.121887147740978e-08,0.00021410324468496,0.0023480592299903132,5.51338214738184e-06,0.00030073002913755253,-0.006926770466064213,4.798014908968806e-05,0.0001785249168816394
273,0.000224198082210747,5.717527108040077e-05,0.0009014229875456969,0.0008442477164652962,0.01300578042660182,0.00016915032450515177,0.001012152195597027,-0.0005094160549261993,2.595047170483866e-07,0.000770579581650499,-0.001454642230611641,2.1159840190021484e-06,0.0009215371853895649
274,7.414057274757191e-05,3.7638103544179735e-05,0.00023877106777473825,0.00020113296423055851,0.005520847972476831,3.0479762335389182e-05,0.00044695345413992005,-0.006669959403209664,4.448835843995358e-05,0.0001738553943458898,-0.006160047877866098,3.7946189857196444e-05,9.550435483840491e-05
275,0.00026755844396242345,8.904444478130547e-05,0.0006220281157968133,0.0005329836710155078,0.006438918199345364,4.145966757806985e-05,0.0007065926850348125,-0.00395783702621363,1.5664473926091382e-05,0.0006438098406135184,0.014491693925826433,0.00021000919283975517,0.0005156818217421089
276,0.00047216543510408826,8.024606814860391e-05,0.0002335094058522428,0.0001532633377036389,0.006711628096115646,4.5045951700406484e-05,0.00027746618658386346,0.004342848524228426,1.8860333303893917e-05,0.000173293006392794,-0.013297816341099227,0.00017683191944151133,0.000249769024580071
277,3.004584176802272e-05,6.271096120206525e-06,0.00011088656576189553,0.000104615469641689,-0.0018429601470602893,3.396502103791832e-06,0.0001926487971075641,-0.003888328527937562,1.5119098741300796e-05,9.625991489747854e-05,-0.0005456074741301034,2.976875155269454e-07,4.375098528064392e-05
278,0.0012176395249734462,0.0004009533753543589,0.000875972229697819,0.0004750188543434601,-0.0034963398076913806,1.2224392050619315e-05,0.00014719529578877122,-0.0071019040806412125,5.043704157037254e-05,0.0006855741433002827,-0.03376682828520177,0.0011401986924420848,0.001795147250004403
279,8.68509868614531e-05,1.425563311933479e-05,0.00015900382990041706,0.00014474819678108228,0.0014500062637962038,2.102518165458811e-06,0.00011149270277488466,3.668356363653915e-05,1.345684008668968e-09,0.00011820375412274764,0.006376757444674039,4.066303550853689e-05,0.0002473150328036189
280,0.0002795633747257886,0.00015140890149608252,0.0005440534988258398,0.0003926445973297572,-0.015173190179055744,0.00023022570021002942,0.00048398689238560166,-0.003913759248189034,1.531751145256166e-05,0.0007092901928413831,-0.014445881517777818,0.00020868349282565646,0.00043888341125053465
281,0.0014999647438370678,0.00024547391517922473,0.000921067252554327,0.0006755933373751022,0.009483443491212938,8.993570045090493e-05,0.0005247085958453024,-0.019783799132544994,0.0003913987081168857,0.0015228476904473043,0.015971453815163534,0.0002550873369698836,0.0007156454713703742
282,0.0006212405911055763,0.0001689228589405826,0.0006440515057588211,0.0004751286468182385,-0.016901071899345886,0.00028564623134685885,0.0008265578932608042,0.010535098362321325,0.0001109882975036669,0.000672513574483613,0.01049447702228343,0.00011013404797122206,0.0004330830495320459
283,0.00019895543998615928,4.1663241016805706e-05,0.0006154194264850569,0.0005737561854682511,0.004750418764825674,2.2566478441232718e-05,0.0007362378082370613,0.01008619434839326,0.00010173131643353983,0.0008775658826586374,-0.0008318222020632114,6.919281756445628e-07,0.00023245458855947199
284,2.499413433865172e-05,8.069320095153524e-06,0.00014058629894742047,0.00013251697885226696,0.004436282650773975,1.9680603757232795e-05,6.239030626520314e-05,-0.0008908001281796802,7.935248680368545e-07,0.00018068234119839044,-0.001932312516115029,3.7338316601909227e-06,0.00017868624937866784
285,0.00019800017288496008,6.469195449406347e-05,0.00024272746010630306,0.00017803550561223958,0.00341143357783485,1.1637879056114464e-05,0.00019602664086082466,0.0009523108091285747,9.068958769509194e-07,6.021834169100959e-05,0.013473347340166884,0.00018153108854912503,0.0004719373977670749
286,0.00010705877538852437,4.7264917645802505e-05,0.000561008496102929,0.0005137435784571265,-0.007171122932777654,5.14250041171449e-05,0.0006376497808164849,0.007617152157850952,5.802100699592305e-05,0.0007652913139787332,-0.005687595434320038,3.2348741824339555e-05,0.00028008439351356884
287,0.0002979541085644799,9.501983661167983e-05,0.00029650248020303877,0.00020148264359135892,-0.0035862347078675838,1.286107937981118e-05,0.0003096413599744663,-0.000322455866813935,1.0397778582582617e-07,4.531137586460954e-05,0.016495285771074293,0.00027209445266940246,0.0005345547047700405
288,0.0040776871293281,0.003353204546169719,0.006898688037232555,0.0035454834910628357,0.05313560113519945,0.0028233921079986457,0.004893450830391943,-0.06293505037296715,0.00396082056544822,0.008374128466294595,-0.05723111885209146,0.0032754009650622917,0.007428484815011127
289,6.023720287906542e-06,2.473478138531604e-06,0.00012564475654256815,0.00012317127840403655,0.0023403616831561645,5.477292808087064e-06,0.00017875983978077326,-0.0013116274257312334,1.7203665041432004e-06,0.00014249766265961306,-0.0004719905760427286,2.2277510336454753e-07,5.567676718731818e-05
290,5.0885197648620206e-05,8.262341134120573e-06,0.00015930276144193734,0.00015104042030781675,-0.0048449893643859295,2.347392194135267e-05,0.00012915792348955346,0.0005133935729397623,2.6357296079027037e-07,0.000291969859862351,-0.0010244649821923924,1.049528500218777e-06,5.678050097390752e-05
291,7.043796839922845e-05,1.5752024043358404e-05,0.00024325872241948154,0.00022750669837612314,-0.004471796263852603,1.9996961825530235e-05,0.00020554356817792385,-0.001835574753530055,3.369334675706881e-06,0.00020030067101828308,-0.004887716811467786,2.3889775628838095e-05,0.0003239319280622377
292,5.140225753375027e-05,1.2120427771470746e-05,0.00036489194188460417,0.0003527715141131334,0.002312035207107539,5.345506799092625e-06,0.00038121999646278937,0.002210795121664026,4.887615069781859e-06,0.00032675118810843173,-0.005111571328428396,2.6128161445537756e-05,0.0003867046410825914
293,9.08090358024971e-05,2.1980023936866527e-05,0.00014890534182735818,0.00012692531789049166,0.002292952418433698,5.257630792732115e-06,0.0001745515363325012,-0.003435734857327729,1.180427401015205e-05,6.785200668801838e-05,0.006991292227311432,4.887816700771541e-05,0.00020431248246155498
294,9.506146618620814e-05,3.500428526540903e-05,0.0004079443257884637,0.00037294004052305463,0.00018669524044089496,3.485511324008428e-08,0.0005006522700716776,-0.007485297560731589,5.602967957285543e-05,0.00025305424291299783,0.006996307676915468,4.894832111013159e-05,0.0004701264643807157
295,0.0008386283908722314,0.0002308473733825256,0.0011552993858313654,0.0009244520124488398,-0.0019317785625694735,3.731768415060621e-06,0.0002479222561707628,0.01360221547863801,0.0001850202659272604,0.0007703062763894097,0.022445268673047625,0.0005037900858052557,0.0024476696249339236
296,0.00012788973643407253,4.7751726136024963e-05,0.00029173432372971614,0.00024398259759369118,0.0033927609283426535,1.1510826716687461e-05,0.00014358677189174607,0.011217867265579625,0.00012584054598796524,0.0004195061977058101,-0.002429774825723969,5.9038057034221936e-06,0.0003121100015915923
297,8.05718203236161e-05,4.327381834604941e-05,0.0003100314965026237,0.00026675767815657425,0.006250034042998883,3.906292553867985e-05,0.0003443416109983888,-0.007065464387212076,4.992078700682967e-05,0.000258133329123722,0.0063904414943523795,4.083774249263872e-05,0.0003276195493857603
298,7.154039175394367e-05,1.4082520168656742e-05,0.00010415759540716163,9.007507523850489e-05,0.003841543239515542,1.475745446100074e-05,0.00011488212793830943,-0.002081372174276593,4.332110128180133e-06,0.00010039670051531502,-0.004812275544599829,2.3157995916789353e-05,9.719395776786044e-05
299,0.0006980134086019829,0.0001582426453002513,0.000374599136014786,0.0002163564907145347,-0.008364349917590726,6.996234954392833e-05,0.0003611155067960725,0.01172862775207289,0.00013756070894688222,0.00039039909963889396,-0.01634640258313133,0.00026720487740994336,0.00037228280160939153
300,0.000203967199762789,7.051410569662113e-05,0.00039080970990124086,0.0003202956042046197,-0.0006297599902075691,3.965976451691944e-07,0.00037997683029367124,0.009053671339203154,8.19689647184596e-05,0.00039159562535395764,0.011365595220936374,0.00012917675472623458,0.0004008566740560937
301,0.00040789479015612695,7.630834371437818e-05,0.0002279758374309863,0.0001516674937166081,0.005805290119751898,3.37013933743302e-05,0.00016104304644737333,-0.008520919995900475,7.260607757686444e-05,0.0002626365573586975,-0.011073281365158439,0.00012261756019193992,0.00026024790848688806
302,0.00013222825773628877,4.602187706933177e-05,0.00025434090114928587,0.0002083190240799541,0.011091984463794861,0.00012303211934516778,0.0003801657992230645,0.003877028564263686,1.5031350488081685e-05,0.0003748540958715685,4.649058991351432e-05,2.1613747458459898e-09,8.002808353224644e-06
303,0.000144795165004874,5.004732588975713e-05,0.00042226816204186485,0.0003722208361521077,0.0017348651346576016,3.0097570354881142e-06,0.00022556735277590167,0.001854364645530566,3.438668238375797e-06,0.00029468002086052714,0.011987224549296094,0.0001436935523954075,0.0007465571124891657
304,1.738219911562311e-05,4.836134826343337e-06,0.0002051828374142195,0.00020034670258787615,0.0010672344281924407,1.1389893250779437e-06,0.000223756623466298,0.0002753802278089392,7.58342699747061e-08,7.653601764212592e-05,-0.0036460363251166715,1.3293580883977363e-05,0.0003152558711342346
305,2.5221450281609492e-05,5.814454253109484e-06,0.000176761128016197,0.00017094667376308753,-0.0016912540063737252,2.8603401139859486e-06,0.0001584191749183228,-0.0026199283111496947,6.864024355790477e-06,0.00016873619463952938,0.0027783085302896895,7.718998289552026e-06,0.0002031280144907388
306,0.0006598105302869639,0.00019936265671405273,0.0009519633691316513,0.0007526007124175985,0.024326102112572075,0.0005917592439910191,0.000976648548857706,-0.0018701661677156928,3.4975214948662625e-06,0.0009422179903008088,-0.001682618392892168,2.8312046562728455e-06,0.0009370235682364392
307,0.00022496961798568194,7.068442804617862e-05,0.0003833271064778894,0.0003126426784317108,0.01059664191475356,0.00011228881986946604,0.00048254846810635854,-0.007020426574976576,4.928638929480034e-05,0.000387236363918797,0.007104792394866806,5.047807497426948e-05,0.0002801964874085128
308,7.897508018661625e-06,3.278471275532565e-06,0.00018062849030420214,0.00017735001902866956,0.0008364485696846739,6.996462098562972e-07,0.00012120357408218485,-0.0011791383453001341,1.390367237452672e-06,0.00018278235869029213,0.002783055942572569,7.745400379288725e-06,0.00023789953814012943
309,0.00021802206501397858,6.133051536464744e-05,0.0001741466489902551,0.00011281613362560765,-0.01104229183326595,0.0001219322089309749,0.00031910400632684244,-0.006966017253937287,4.852539638233733e-05,8.010073161923703e-05,-0.0036788504700030022,1.3533940780630083e-05,0.00012323520902468577
310,4.447128344864382e-05,1.2129576062558378e-05,8.741927192716196e-05,7.528969586460359e-05,0.0024876789090070147,6.18854635447974e-06,9.410166082779448e-05,0.0001239062164886311,1.535275040431827e-08,0.00010820200513383949,-0.0054940721766674715,3.0184829082791076e-05,5.995414981985192e-05
311,0.0011021537826662042,0.00024896387941616044,0.0013514993889180242,0.0011025355095018638,-0.015999757618123975,0.0002559922438384321,0.0005335009995748319,-0.021720213996614755,0.00047176769605861146,0.0021072226649491155,0.004373979692616426,1.9131698351437798e-05,0.0014137745022301251
312,0.00010855873821913331,3.8287715020679514e-05,0.0001373465045354516,9.90587895147721e-05,-0.010214020125899179,0.00010432620713207719,0.0002626011881428081,-0.001736924912647833,3.016908152297937e-06,7.853662488299662e-05,0.0027422672695646736,7.520029777663417e-06,7.090170058055012e-05
313,0.00010703785014887224,3.105610664603612e-05,0.00025431169707879064,0.00022325559043275453,-0.00014171772874916466,2.008391453145464e-08,0.00017668417407790127,0.008531546590423409,7.278728722470706e-05,0.00024638918825381495,0.004512310804759434,2.036094879886985e-05,0.0003398617289046557
314,0.00019424110942212192,0.00010255038974982256,0.00025582099632037725,0.0001532706065705547,0.012853373852633982,0.00016520921939600086,0.0002926440605689473,0.009850436632241548,9.703110184600128e-05,0.0002450330709354853,-0.006738757155970795,4.541084800746553e-05,0.0002297858574566991
315,0.009212864046325375,0.0038228568733002697,0.005582348734209153,0.001759491860908883,-0.02081721688884275,0.0004333565189971189,0.0016045730338188902,0.07146732317197617,0.005107578281367653,0.005601044066736782,-0.07699114117569782,0.005927635819536037,0.009541429102071786
316,0.00022333105285110566,8.602431417329785e-05,0.0002667203322971323,0.00018069601812383446,0.012558496746569447,0.00015771584053325682,0.00026005406891282945,0.009328941668555564,8.702915265523803e-05,0.0003127110605839478,-0.0036507464073967104,1.3327949331398692e-05,0.0002273958673946197
317,0.00014975023939012289,4.686368556661158e-05,0.00032406290234117857,0.000277199216774567,0.0020004216217823674,4.001686664922843e-06,0.0003193515466705099,0.0016014700498320953,2.5647063205402887e-06,0.00018349161654096502,0.011576902163977072,0.0001340246637143716,0.00046934554381206084
318,6.171491668127693e-05,3.181341049818265e-06,0.0001100183270569266,0.00010683698600710834,-7.569750827426616e-05,5.7301124956055105e-09,0.00012151073043753513,-0.001901953230112486,3.617426089674858e-06,0.00011324880478524868,0.002433283162197584,5.920866947284331e-06,9.5295445947996e-05
319,0.0025175387076797895,0.0006761302820580776,0.0011307469723174461,0.00045461669025936857,-0.02199670199844745,0.00048385489880842236,0.0007726945784269912,0.03867692696151437,0.001495904679186033,0.002058847336647296,0.006973612276243525,4.8631268179777365e-05,0.0005606990018780511
320,4.433944301462933e-05,8.842516223572794e-06,0.00023218311379036294,0.00022334059756679014,-0.0007789855485819059,6.068184852381364e-07,0.00035213001777001374,0.00032868330454143983,1.0803271455195329e-07,0.00016760485870281894,-0.005080619791955456,2.5812697470928292e-05,0.00017681446489825614
321,5.8009752584076146e-05,2.8883363181667992e-05,0.00027465325049669254,0.00024576988731502453,0.0039071455843168726,1.526578661681377e-05,0.00022709271269216735,0.004758795520926819,2.2646134809622964e-05,0.00021292497692737555,-0.006981272671843644,4.873816811856724e-05,0.0003839420618705347
322,0.0001491648798829237,4.1071808531708186e-05,0.00027541847829519,0.0002343466697634818,0.0030765881111848603,9.465394405938632e-06,9.289174242255172e-05,0.009754970959401033,9.515945841886975e-05,0.0006307387090501715,-0.004311678648821517,1.859057277031617e-05,0.00010262498341284676
323,2.7933858788298238e-05,7.694144993538229e-06,0.0003884369175852405,0.0003807427725917023,0.0011514801267991654,1.3259064824966416e-06,0.00012596789195040703,0.004458352292391404,1.987690516314089e-05,0.0003342518466351585,-0.001370993557507734,1.879623334977154e-06,0.0007050910141701561
324,0.00034743866406772295,0.00021343733863850764,0.00033666033140441104,0.0001232229927659034,0.016999520970041065,0.00028898371321084415,0.00044353729572288447,0.012418232053252268,0.00015421248732860882,0.0002480085365574869,0.014039793993361827,0.00019711581537606992,0.0003184351619328618
325,0.00012617906222345265,6.587975700766968e-05,0.00025477007924904854,0.00018889032224137886,0.0034092313955389783,1.1622858708704165e-05,0.00014852183399038932,0.010288095438095548,0.00010584490774379063,0.00028924151253195696,-0.008953854174077777,8.017150457051425e-05,0.0003265468912247993
326,0.0030382605350052216,0.00047665990196140334,0.0013702696554885503,0.000893609753527147,0.005776640593550722,3.336957654709316e-05,0.001618268467261208,-0.014217382934394398,0.0002021339775034603,0.0007139635977986281,-0.03456119430566103,0.0011944761518336566,0.001778576901405815
327,5.950937304555204e-05,2.192765054287449e-05,0.00012208953869160175,0.00010016188814872726,-0.004592805464963007,2.1093862038745748e-05,0.00011245537368675951,-0.004370255212092108,1.9099130618593918e-05,0.00020353551720242447,0.00505865189270536,2.55899589712838e-05,5.0277725185621236e-05
328,0.003146914675604129,0.0006545659240890048,0.003252253724822888,0.0025976878007338833,0.02631649560380791,0.0006925579408648685,0.004156427452882583,0.031959122617655204,0.001021385518490292,0.002937438143762572,-0.015803617083191727,0.000249754312911854,0.0026628955778235097
329,0.0010809900424942898,0.00039161257792038234,0.0017185240753391968,0.0013269114974188145,-0.01581251880595062,0.00025003575098858644,0.0007100476902301978,-0.030006361154247325,0.000900381709719178,0.003153523624354948,0.004941687267873199,2.442027305338268e-05,0.0012920009114324449
330,0.0001450704225385291,4.7321590340302734e-05,0.0003589999105173547,0.00031167832017705194,-0.001020260381745179,1.0409312463099951e-06,0.00032782785050911034,0.0058300054543632,3.3988963597963995e-05,0.0004963661436920841,0.010340932074820123,0.00010693487617663422,0.00025280573735086964
331,7.617767531820085e-05,4.185925526682214e-05,0.00014428071561696973,0.0001024214603501476,0.006644396992655862,4.414801139585034e-05,0.00026489950780927973,-0.008717375294762084,7.599263202962003e-05,9.799887581296574e-05,0.0023317637906064173,5.437122374996051e-06,6.994376322866369e-05
332,2.0606843947224007e-05,1.9361171483452586e-06,0.00018127042891188014,0.00017933431176353487,-0.0015393376582653023,2.369560426096484e-06,0.0001775824502390222,0.0017696343738076324,3.1316058171082517e-06,0.00018166184104562166,0.0005542429086287281,3.071852018310395e-07,0.00018456699545099653
333,4.7798621510386496e-05,1.360863076823223e-05,0.00034346772109361545,0.00032985909032538324,0.000892835634114992,7.971554694119476e-07,0.00010285118771047319,-0.000108323860706501,1.173405894672186e-08,0.0006230083717605472,0.006325899365002874,4.001700277633802e-05,0.0003045436038098259
334,7.193464703969532e-05,4.525227068286064e-05,0.00020718224419158382,0.00016192997350872318,-0.00813221678807724,6.613294988866425e-05,0.0002446295382648733,0.005730377755675977,3.283722922176047e-05,3.893569188995194e-05,-0.006065198507706196,3.6786632938157204e-05,0.0003379815024199262
335,0.00012935977442884994,4.227618309752638e-05,0.0001976135994553966,0.00015533741635787024,-0.00459934426860573,2.1153967701526e-05,7.102516784884827e-05,-0.001325727383366423,1.7575530948388263e-06,0.00022410461580413266,0.010193970202841617,0.00010391702849621431,0.00029771101471320893
336,0.0005283866942462634,6.099645247411208e-05,0.00023180271725287138,0.0001708062647787593,0.009531579951846196,9.085101637840154e-05,0.0002609706919988186,-0.002612073814213636,6.822929610961204e-06,0.00019220564850863653,-0.00923663420478643,8.53154114329735e-05,0.000242231811251159
337,0.0008532211489632457,0.00016463209163134854,0.0006914928679497464,0.0005268607763183979,-0.021283201851977854,0.0004529746810720825,0.0010834667471761872,0.001697164005966571,2.8803656632048202e-06,0.0006644202214324268,-0.006167757141687901,3.804122815875832e-05,0.00032659163524062507
338,0.0006679064064482043,0.00034221282994228996,0.0013190592891355972,0.0009768464591933073,0.02404534786814914,0.000578178754100156,0.002301324952675432,0.002388399922267006,5.704454188570907e-06,0.0005914237947063361,0.021041750914267,0.00044275528153814303,0.0010644291200250233
339,0.00019134966329614755,7.085491255161742e-05,0.00019800278086260872,0.00012714786831099129,-0.01070904346293884,0.00011468361189137521,0.0003207353796468304,0.009873627033903248,9.748851080493282e-05,0.00018778754801629383,-0.0006265899447306038,3.926149585442573e-07,8.548541492470196e-05
340,0.0014058353827893777,0.0005008968258955285,0.0015050474317394775,0.0010041506058439489,0.03469499689016759,0.0012037428092087632,0.002605287041674176,0.0009617120323741035,9.248900331160215e-07,0.0013662601647707051,-0.017263336248961657,0.0002980227784447065,0.0005435950887735519
341,6.743211516335723e-05,4.013795781691402e-05,0.0006299496072036762,0.0005898116493867622,0.006891686189527131,4.7495338534764286e-05,0.0006836273604062804,-0.007597003044689972,5.7714455260926556e-05,0.0004165932474874401,-0.0038992409075615368,1.5204079655051217e-05,0.0007896282137173083
342,9.698017592674191e-05,5.967969800328247e-05,0.0005947636464467646,0.0005350839484434822,0.007963893257875672,6.342359582256485e-05,0.00041959528173307614,0.008034715314372392,6.455665018290091e-05,0.000740987399943549,-0.0071455474250835555,5.105884800438165e-05,0.0006237082576636688
343,0.00017164266312175158,2.485702887167207e-05,0.00017414397355086653,0.00014928694467919446,0.002224030627391041,4.946312231690619e-06,0.00016479476539743576,-0.006195733424085949,3.838711266235251e-05,0.00011231911321130106,-0.00558906626554952,3.123766172097309e-05,0.00024531804204386276
344,0.000247160287003112,7.828125997947726e-05,0.0004496793326526083,0.000371398072673131,0.011735411841365596,0.000137719891086463,0.00036217905239499526,0.0039863231006752545,1.5890771863147357e-05,7.325044941675074e-05,-0.009012941639059914,8.123311698882141e-05,0.0009136084961460789
345,0.00015673657334436264,3.1047108369208765e-05,0.0002158001438624657,0.00018475303549325695,-5.626302819754962e-05,3.1655286170106933e-09,0.00013102182677859897,0.005924305614969513,3.509739701934578e-05,0.00011283033042552848,-0.007618448828974223,5.8040762559663506e-05,0.0004035482743832697
346,0.001549071777573463,0.0004910627056228986,0.0009408487750681335,0.0004497860694452349,-0.03801255655797777,0.0014449544560737326,0.0022193926088377447,-0.004560381014979589,2.0797075001577348e-05,0.0003727211564775734,-0.00272701041315908,7.436585793385575e-06,0.00023043255988908218
347,0.0009972746615244388,0.0003620486213648337,0.0005816778686603685,0.00021962924729553485,0.008643769568362181,7.471475235087954e-05,0.00023293952847192045,-0.027941131517139842,0.0007807068304579445,0.001032146954284885,-0.015189610965583819,0.0002307242812856769,0.0004799471232243002
348,0.00014707148233528144,2.087901223786955e-05,0.0009082884171662808,0.0008874094049284113,0.00755552200254795,5.708591273090313e-05,0.0010826133711205888,-0.001440792686514269,2.075883565488823e-06,0.00020467670955892636,-0.0018641996721924592,3.475240417216696e-06,0.0014375751708193274
349,0.0004621404109064198,4.250490916823946e-05,0.00037277777094250436,0.0003302728617742649,-0.001258427216873236,1.5836390602208539e-06,0.00017897857130422246,-0.0010207261196305826,1.0418818112700734e-06,0.000409456457735935,0.011175383959114037,0.00012488920663322745,0.0005298982837873556
350,0.00019521540195532872,6.05227800039021e-05,0.00020108432086699915,0.00014056154086309705,-0.002447309478456497,5.989323683230907e-06,0.00013633210348806823,0.01323664514895294,0.0001752087747989295,0.0003073596340452678,-0.0006084747565226888,3.702415295459005e-07,0.00015956122506766146
351,0.001826307271772576,0.0007224694438977183,0.0027630286577862893,0.002040559213888571,-0.025602886852364653,0.0006555078151746496,0.003129238521276445,-0.002083997705859417,4.343046438037845e-06,0.0011969622380209044,0.03882727739721749,0.0015075574700804673,0.003962885214061518
352,0.0004697324436934158,0.00021140950413071438,0.000432951371210355,0.0002215418670796406,-0.01175291836643646,0.00013813109012783542,0.00043902221748770565,0.016789616683455834,0.00028189122837729563,0.0005326457347053504,0.014635784703497282,0.00021420619388701212,0.00032718616143800894
353,9.613256372820178e-05,4.014386197326303e-05,0.0002041493692043946,0.00016400550723113158,-0.004668448716665021,2.179441342009536e-05,0.00022311783100192883,-0.008995918337586735,8.092654673630406e-05,0.000272904326990564,0.004208399430117428,1.7710625763389665e-05,0.00011642594962069097
354,0.008784184630669545,0.003058172361328474,0.0036467370141618862,0.0005885646528334121,-0.07539638403003794,0.0056846147248050816,0.00604819785380184,-0.0393279566193724,0.001546688171855326,0.0021361762722442723,-0.04408190317267484,0.0019432141873250153,0.002755836916439547
355,0.00012458429820128014,3.2126361390198234e-05,0.00024260872388196889,0.00021048236249177066,0.007923806887565705,6.278671559112325e-05,0.00017170898004903457,0.0021058118182078985,4.434443413692257e-06,0.000245970243815119,-0.005399807882314408,2.9157925165779197e-05,0.0003101469477817531
356,0.00013313611745202625,2.2819179301802883e-05,0.0001888469321230287,0.0001660277528212258,-0.0019691860116918206,3.877693548592909e-06,0.00014489521525540283,-0.0020883144066042108,4.361057060697782e-06,0.00013136991569961953,0.007760076500663161,6.021878729611796e-05,0.0002902756654140637
357,2.9433929029987205e-05,1.7091297518737984e-06,0.00015084293345442776,0.00014913380370255397,-0.0014815692348661904,2.1950473975129725e-06,0.00010641123065069369,0.0012325516460365727,1.5191835605055104e-06,0.00020107429596760706,0.0011887633481902178,1.4131582976029122e-06,0.0001450432737449825
358,-2.649098720751492,6.972762469747984e-06,0.00016075376452417967,0.00015378100205443168,-0.00264059888460023,6.972762470636162e-06,0.00016075376452506784,-0.0026405988846002313,6.972762469414917e-06,0.00016075376452362455,0.0026405988846002304,6.9727624691928725e-06,0.0001607537645238466
359,0.00011750043505609487,3.8304692887014546e-05,0.00019006521015052513,0.00015176051726351059,0.008754651151140212,7.664391677830729e-05,0.00025755097795954196,0.004653362976999205,2.165378699536813e-05,0.00012666947866224465,-0.004076318791205498,1.6616374887368224e-05,0.0001859751738297888
360,0.0003517158124874964,0.0001476214794485046,0.0005951411366321713,0.0004475196571836667,0.01837577330412941,0.00033766904452470214,0.0008666430089986354,0.0036075312988069316,1.3014282071455163e-05,0.000491147855949503,-0.00960109950731518,9.21811117493565e-05,0.0004276325449483753
361,8.592003418483873e-05,1.5483710707068592e-05,0.00026453853652748843,0.0002490548258204198,0.0006736876220330058,4.538550119059792e-07,0.00014752173904342136,-0.003787390613273399,1.4344327657789258e-05,0.00017379964557773242,0.00562609540020271,3.165294945151054e-05,0.00047229422496131157
362,0.0015779316848758551,0.0005502447643635314,0.004036518308453567,0.0034862735440900354,-0.015706166124362323,0.0002466836543261186,0.0032747979760485713,0.0074429662355017055,5.5397746382856994e-05,0.003489011854272528,-0.03672400975358747,0.0013486528923816188,0.0053457450950396
363,4.958057891002454e-05,1.0550627954519776e-05,0.0001290080189059554,0.00011845739095143562,-0.0009223505231524972,8.507304876115285e-07,4.681831365116462e-05,-0.004311962005551865,1.859301633733157e-05,0.00012152202999538009,-0.003494014458866245,1.2208137038616229e-05,0.0002186837130713215
364,0.00022387812745283675,7.319161380200019e-05,0.00024347589638484823,0.00017028428258284806,0.0037825591015683497,1.4307753356757047e-05,0.00012472011946995654,0.007059589294477367,4.983780100675794e-05,0.0003122932938289802,-0.012467128259643011,0.0001554292870424856,0.000293414275855608
365,0.0002074935824735169,7.447121540019956e-05,0.00018314587439075916,0.0001086746589905596,-0.013433514013352306,0.0001804592987469933,0.0002908996700993205,-0.0010606649645225664,1.1250101671356205e-06,0.00012077149815603594,-0.00646756038134687,4.182933728646976e-05,0.00013776645491692108
366,4.825696965304882e-05,1.6273599016273604e-05,0.00017676508136836114,0.00016049148235208754,-0.0041223180297317846,1.6993505938200926e-05,0.00011015643259615349,0.004017273911543745,1.613848968040621e-05,0.0002655036067462646,0.00396090916713733,1.5688801430213672e-05,0.00015463520476266535
367,0.001217906059610252,0.00044770790909424524,0.0008427586602431184,0.00039505075114887317,0.024244786473306787,0.0005878096711363634,0.0006654554041505278,-0.0020887475925115005,4.362866505069896e-06,0.00038064694556838585,0.027403488639970303,0.0007509511896413024,0.0014821736310104416
368,0.00013901033138230545,4.474858730540987e-05,0.00016369322872171002,0.00011894464141630015,0.002601767933494466,6.7691963793192755e-06,0.00018628226124772773,-0.011090931243411479,0.00012300875584625448,0.0002288644728629663,-0.002113719397257993,4.467809690655855e-06,7.593295205443606e-05
369,0.0002413635305451578,5.315065216345468e-05,0.00033284353578000303,0.00027969288361654837,-0.008424249584942483,7.096798106942526e-05,0.0003590736400075345,-0.0006405501471677648,4.103044909387066e-07,0.0001310346764725745,0.009384757371921182,8.807367093000007e-05,0.0005084222908599001
370,0.0001138884985081301,7.929208935597565e-05,0.0006989041876163856,0.00061961209826041,-0.008236469386939232,6.783942796195763e-05,0.000460213762588757,0.00811008698169151,6.577351085101935e-05,0.0007198817569886717,-0.010210941643871744,0.00010426332925494997,0.000916617043271728
371,4.2232688215571024e-05,1.1632516154621205e-05,0.00016314204664976314,0.00015150953049514193,-0.0007268192165127902,5.282661735828142e-07,0.00027696143649824645,-0.005610317458365184,3.147566198391516e-05,8.909712840365902e-05,0.00170106446269158,2.8936203063656407e-06,0.00012336757504738394
372,0.0002765705415104236,0.00015218055787336038,0.00036806312022249116,0.00021588256234913078,-0.010832276011362834,0.00011733820358583724,0.00030221784288353426,0.01465624753699232,0.00021480559186548565,0.0003706168550059452,0.011153379674723535,0.00012439787816875825,0.00043135466277799406
373,0.00015360131317809778,4.50231834573378e-05,0.00033614823534714827,0.00029112505188981047,0.005183932680759704,2.6873158038509537e-05,0.00043681991419675104,-0.002618869366202088,6.858476757187759e-06,0.00033053606698674187,-0.010066673510973703,0.0001013379155763161,0.00024108872485795185
374,4.176557993462726e-05,1.0309345304511849e-05,0.00028857993194231213,0.0002782705866378003,-0.000997386319363689,9.947794701314905e-07,0.0003017217841692066,0.0017718629560529084,3.1394983348587147e-06,0.00023429473415415014,-0.005176268743834442,2.679375810854534e-05,0.00032972327750357966
375,0.00034030511156379895,0.00010473701590759295,0.0002173966839321325,0.00011265966802453954,-0.0032394093959558696,1.0493773233810622e-05,0.00016334760067882037,0.003956579102450716,1.5654518193297662e-05,7.506267237389341e-05,-0.016972411622853654,0.0002880627562956706,0.00041377977874368366
376,0.0006807376885685779,0.00023761777476853188,0.0005990444412035852,0.0003614266664350534,0.00011090191253141691,1.2299234186663455e-08,0.0006501653761383785,-0.022587867705520414,0.000510211767482116,0.0007931323667765833,0.014234790394988884,0.00020262925758929295,0.0003538355806957938
377,0.0002979035289082388,9.359332762311674e-05,0.0002470566349618286,0.00015346330733871188,0.005796179819621216,3.359570050120997e-05,0.00013632028923771244,-0.013893969912632809,0.00019304239993211958,0.0004331871869326376,-0.007358116772372847,5.4141882436020694e-05,0.00017166242871513582
378,0.002164304311611631,0.0007212013338703619,0.001884566300217716,0.0011633649663473542,-0.01525932864393204,0.00023284711066351438,0.0004529438523785956,-0.0434364493728807,0.001886725134122802,0.003904447825660129,0.006635642909660232,4.403175682476945e-05,0.0012963072226144234
379,7.724370551442927e-05,2.740067866828048e-05,8.680131115753238e-05,5.94006324892519e-05,0.0035135244872148952,1.2344854322443588e-05,6.713475784070333e-05,0.007836655413593633,6.141316807128927e-05,0.00011132289194526468,-0.0029058584980954983,8.44401361110858e-06,8.194628368662915e-05
380,0.0001202396523285465,3.9246534585794336e-05,0.00021869445874885449,0.00017944792416306016,-0.00019010832213501758,3.614117427552799e-08,0.00024784385944087717,-0.009306049298379622,8.660255354375757e-05,0.0002734522931464589,0.005576818899614787,3.110090903934992e-05,0.00013478722365922735
381,7.475761529773806e-05,4.993747131691132e-05,0.00041207720051332036,0.000362139729196409,-0.00820776108916219,6.736734209666917e-05,0.0003373208615692347,-0.004632811691730793,2.1462944171268816e-05,0.0005016723514181809,-0.007809105434227263,6.0982127682795984e-05,0.00039723838855254545
382,0.0004491549311020915,0.00014784377147462427,0.0007145613665275515,0.0005667175950529273,-0.019222354955860787,0.0003694989300490059,0.0010424879302074475,-0.006014821993937583,3.617808361888741e-05,0.0009195630759623041,-0.006152584884080462,3.785430075597951e-05,0.0001816330934129029
383,4.24089039419151e-05,1.3169382591216028e-05,0.0002619337619000535,0.0002487643793088375,0.001696040360733119,2.8765529052066086e-06,0.0003179227478139479,-0.0004139882477590334,1.71386268621454e-07,8.624888590003099e-05,-0.006038228929062443,3.646020859982002e-05,0.0003816296519861817
384,0.00010926987464177085,2.7865900469029963e-05,0.00015486761737789254,0.00012700171690886258,0.007243553663855764,5.2469069681704283e-05,0.00016445062085779227,0.0007695786241620161,5.922512598122154e-07,0.00014306032141420122,0.005525973259569795,3.053638046557339e-05,0.0001570919098616841
385,2.0096945017700207e-05,6.737223063472501e-06,0.00015113025975895442,0.00014439303669548192,0.0007222880376560069,5.217000093038493e-07,0.00016801645531339116,0.004391143202763102,1.928213862711914e-05,4.8822309274165754e-05,0.0006386161242125898,4.0783055399451484e-07,0.0002365520146893063
386,1.2042169925674528e-05,2.1549998564518447e-06,0.00010058055388299329,9.842555402654145e-05,-0.00037706421219676784,1.4217741950428575e-07,7.027301417761311e-05,0.0021899816769501423,4.796019745123559e-06,0.00014499633941933432,0.0012356384602640663,1.5268024047276896e-06,8.647230805203243e-05
387,0.0008432526992679934,0.0003335277624596511,0.0009973616626973343,0.0006638339002376832,-0.015058859359363266,0.00022676924520514952,0.0004966273042755764,0.023104651942987324,0.0005338249414063023,0.0016245847711683359,0.015491581609627176,0.00023998910076750146,0.0008708729126480907
388,2.9586711787543685e-05,1.3025061785835549e-05,0.0001053293761366092,9.230431435077364e-05,-0.002154983341243828,4.643953200655915e-06,4.8283652276048805e-05,-0.002970391440709685,8.82322531103874e-06,8.064436241106421e-05,-0.005060435440334624,2.5608006845811992e-05,0.00018706011372271458
389,0.011681367429239642,0.005166665319924897,0.006212365425165382,0.0010457001052404848,-0.05801739389064473,0.003366017993862269,0.0047218323293370945,0.09567619478509731,0.009153934248555928,0.009548112999549163,0.054589776674364064,0.0029800437173564953,0.004367150946609888
390,0.0004792093828515087,0.00014520200953390314,0.00043449694041834225,0.00028929493088443914,0.020286334737268277,0.0004115353770721697,0.0006585646752526042,0.0032256491452031526,1.0404812408215669e-05,0.00044779012338147517,-0.0036967335745844883,1.366583912132402e-05,0.00019713602262094732
391,0.0019697385747438068,0.0007036806377005064,0.001401294861177275,0.0006976142234767687,0.035378728275279235,0.0012516544143763575,0.0019807018904869356,-0.021116486913598492,0.0004459060195719511,0.001339535557049798,0.0203342440025008,0.00041348147915321043,0.0008836471359950915
392,0.00010158493052081496,3.230537745276448e-05,0.00019146173636182726,0.00015915635890906277,-0.0015339537749468485,2.3530141834982032e-06,0.00011672907177762148,-0.00966252990856428,9.336448423391541e-05,0.0002651594375499,-0.0010948214197029223,1.198633940879823e-06,0.00019249669975796024
393,0.00015825208695097182,5.6373454159615775e-05,0.00015443665289993636,9.806319874032057e-05,0.0012070704285766878,1.4570190195462018e-06,4.7875516833495446e-05,-0.004871792559235466,2.3734362740279735e-05,0.00011653262106536832,0.011997040498342715,0.00014392898071902138,0.0002989018208009453
394,0.00015815695244614236,4.284392591025199e-05,0.0001388678874298943,9.602396151964232e-05,0.011125023476019636,0.00012376614734188607,0.00017717736799771622,0.0018414497045508656,3.3909370140694506e-06,0.0001962781650919343,0.0011724731873126069,1.3746933748004508e-06,4.3148129200032415e-05
395,0.00014909219465897294,4.06899291214291e-05,0.00018988555519564945,0.00014919562607422035,-0.005749312382554609,3.305459287228363e-05,0.0001237645611429361,0.00566802417389163,3.212649803630008e-05,0.00013899146491802572,-0.007542459575989914,5.68886964557036e-05,0.00030690063952598656
396,0.00014596945284373053,4.3027510855275786e-05,0.00028815619548213284,0.00024512868462685705,-0.0018223755706695069,3.321052720828277e-06,0.00017419867107315579,-0.0054124564519188205,2.929468484347275e-05,0.00035294085018844346,-0.00982175111684689,9.646679500152633e-05,0.0003373290651847993
397,0.000444280880456005,0.0001013909296886754,0.0002580915374915301,0.00015670060780285466,-0.003039903653553164,9.241014223171362e-06,0.00014225061786454773,0.004047500640264583,1.6382261432745793e-05,0.00014758268428716192,0.016689802677388555,0.00027854951341010903,0.0004844413103228806
398,2.5054502465038375e-05,7.504459050141262e-06,0.00012960957692757327,0.000122105117877432,-0.0019317058871355804,3.731487634328623e-06,0.00014064796582680117,-0.0026943318994016373,7.259424384287172e-06,0.000145913648311069,0.003394475678482044,1.152246513180799e-05,0.00010226711664484966
399,5.0005170035283264e-05,1.0181643474697447e-05,0.0001135556571555026,0.00010337401368080515,-0.0006241239292603137,3.895306796009024e-07,0.00011735690874303817,-0.002323880071731789,5.400418587542255e-06,0.00012396616452214904,-0.0049754377854338595,2.4754981156949185e-05,9.934389820132061e-05
400,4.3490437561577444e-05,1.5092221686052731e-05,0.00018783247992493202,0.00017274025823887929,-0.0017569178076180774,3.0867601826800595e-06,0.00012654062601968885,0.005882538595585344,3.460426032841912e-05,0.00016071894533020714,-0.0027542048846660398,7.585644547059012e-06,0.00027623786842490006
401,0.00019623824222292363,8.965638816630743e-05,0.0006194263975001594,0.000529770009333852,-0.009398628065029451,8.833420950449256e-05,0.0006831414360972676,0.004708649138382432,2.2171376708346457e-05,0.00032818923435562475,-0.012588231737868594,0.00015846357828608326,0.0008469485220475859
402,4.919901036948282e-05,1.4450424224913641e-05,0.00021283939405110827,0.00019838896982619464,-0.001964680952677622,3.859971245856464e-06,0.00013471714354129638,-0.005949382656544233,3.53951539941999e-05,0.0003461402488705856,-0.0020238941263514857,4.0961474346845606e-06,0.00015766078974144282
403,4.756810399852984e-05,2.6400318500763298e-05,0.00020470625364506687,0.00017830593514430357,-0.003891128995916266,1.5140884862652193e-05,0.0001704730832057244,0.005829325333035903,3.398103383867035e-05,0.0002758868224274069,0.005484435868974444,3.007903680096735e-05,0.00016775885530206924
404,3.174717509157876e-05,7.307165798035402e-06,0.00025493701579992756,0.00024762985000189214,-0.003569108624326607,1.2738536371958986e-05,0.0002996132508356064,0.0019318471910701083,3.732033569847637e-06,0.00032650097413011725,0.002334722136079317,5.450927452299581e-06,0.000138696822434059
405,0.0003456900917725436,0.00013034767252428914,0.00021358908251937572,8.324140999508659e-05,0.006834683210404697,4.671289458646477e-05,0.00011819596998530191,0.01317061078143261,0.00017346498835579816,0.0002257407990702287,0.013071539107191374,0.0001708651346306045,0.0002968304785025966
406,0.0001311896123427081,3.54864482580893e-05,0.000661825449203198,0.0006263390009451086,0.009825062666862491,9.653185640778883e-05,0.0005850975289382054,-0.003145096077995511,9.891629340064156e-06,0.0009578276611867942,-0.00018936479692589216,3.5859026414897244e-08,0.00044255115748459417
407,0.00022667136637255503,9.110519697463904e-05,0.00024125601284715378,0.00015015081587251475,-0.0008938977825060028,7.990532455703914e-07,4.800714116270921e-05,-0.00951440495129791,9.052390157693324e-05,0.00033398979116872063,0.01349046463622994,0.00018199263610141347,0.0003417711062100315
408,0.00011286193662085608,4.724577371088371e-05,0.00017969901178619777,0.00013245323807531406,0.009391901248805783,8.820780906748649e-05,0.00022162002765557798,-0.00041414055144622437,1.7151239617430036e-07,0.00014447276147255828,-0.007304656026768424,5.335799966899035e-05,0.00017300424623045707
409,0.0006004384552721342,0.00022118217330283999,0.0004422640987142475,0.0002210819254114075,-0.0010989506367298759,1.2076925017812101e-06,0.00012191373644510062,0.02134165635381655,0.0004554662959241895,0.0005886095124265633,0.014383064050560121,0.00020687253148254925,0.0006162690472710786
410,0.00021598022629709668,9.302990914813088e-05,0.0004145378179738479,0.00032150790882571706,-0.006793482081754654,4.615139879526886e-05,0.00024682335647074893,0.013590414167684388,0.00018469935724918507,0.000680074701342126,0.006945428093355011,4.823897139993871e-05,0.00031671539610866883
411,0.0001993253818105556,4.2486185492111396e-05,0.00018743070122018146,0.00014494451572807007,-0.00579622824594119,3.359626187859899e-05,0.00021368853614212036,-0.009685827683507647,9.381525791474221e-05,0.00010344297187847573,0.00021687942210658136,4.703668299299579e-08,0.0002451605956399483
412,3.0276237252713223e-05,9.288534995969636e-06,0.00018955519298239723,0.0001802666579864276,0.0008093867383663526,6.551068923998926e-07,0.0002815245352065787,-0.005160818621414769,2.6634048843066083e-05,0.00013412755053754388,-0.0007592425518069136,5.764492524429343e-07,0.00015301349320306912
413,3.37012963181893e-05,1.103221164144852e-05,0.00028422789649769814,0.0002731956848562496,0.003415580140774152,1.166618769798955e-05,0.00023146646969274265,-0.0036749576035950307,1.350531338806249e-05,0.0001661341979748432,-0.0028151614231297565,7.925133838293519e-06,0.00045508302182550864
414,6.505135310697074e-05,2.5096970972637855e-05,0.00029856382007265037,0.0002734668491000125,-0.006186292175979687,3.827021088609328e-05,0.00039125481282265007,-0.005964432096973353,3.557445023960604e-05,0.0001829564939400674,-0.0012026020922669292,1.4462517922142482e-06,0.0003214801534552336
415,0.0004725664961208187,0.00014009798317652736,0.0002771127038413053,0.00013701472066477796,0.02000745278796057,0.0004002981670625516,0.0005010001783376516,0.0030103687186066883,9.062319821895315e-06,0.00019190974947858042,0.003306578691782207,1.0933462645135172e-05,0.00013842818370768395
416,7.949393882600297e-06,1.8960769198050897e-06,0.00030048839429956214,0.00029859231737975705,5.121082966736668e-05,2.6225497329335212e-09,0.0001924499566938742,-0.002348437256583127,5.515157547986149e-06,0.0004879841647256189,-0.00041285670801495745,1.704506616961865e-07,0.00022103106147919327
417,0.00046926118741319467,0.00010786790885967494,0.00022222857231812831,0.00011436066345845337,-0.0045889278932983455,2.1058259210060548e-05,0.00012236854068015113,0.00034633594517281043,1.1994858672981223e-07,0.00011836614532101386,-0.01739038581463614,0.00030242551878223445,0.00042595103095321996
418,0.0006343853251404852,0.0002193837876255008,0.0006042027023029547,0.0003848189146774539,0.01599673891308382,0.0002558956558533776,0.0005328347360793462,0.018896342289785314,0.0003570717519327804,0.000593469114648526,0.0067219011514895325,4.518395509034434e-05,0.0006863042561809918
419,0.0001716413276207085,6.165413888333433e-05,0.00024031069922995454,0.0001786565603466202,-0.008331805508703381,6.941898303503002e-05,0.00014483806925069675,-0.006774447889954948,4.589314421343804e-05,0.00024337577088773266,-0.008345674891911549,6.965028940153495e-05,0.00033271825755143425
420,2.220528040630665e-05,9.516149239903923e-06,6.376476321297749e-05,5.424861397307356e-05,0.002659757014838213,7.074307378007738e-06,8.015991690124569e-05,0.004504949162601228,2.0294566957845817e-05,3.0433219079251117e-05,0.0010860816652231823,1.1795733838582123e-06,8.070115365843566e-05
421,0.00019278121622789968,7.89816514991104e-05,0.00030600281064134077,0.00022702115914223037,-0.0005542902114485225,3.0723763833062634e-07,0.00017925385462747023,0.007788945171702675,6.066766688783698e-05,0.0003337543027431833,-0.013265370329200207,0.0001759700499711636,0.00040500027455336873
422,6.36152081137098e-05,3.5435710893631324e-05,0.00024791533358958784,0.00021247962269595652,0.007337519015816542,5.383918530765808e-05,0.00026187537569899444,-0.0032061355970133395,1.027930546670941e-05,0.0001940755881384426,-0.006495278431786669,4.218864190652649e-05,0.00028779503693132646
423,0.00021744795550626694,5.520394441512385e-05,0.0002256772652472483,0.00017047332083212444,0.009028591331996915,8.151546143964072e-05,0.00020225143109153798,-0.0045514348630326645,2.0715559311934584e-05,0.00018590249338201748,0.007961206723534628,6.338081249379623e-05,0.0002888778712681894
424,3.465636111210646e-05,1.1662445557503176e-05,0.000143535339394781,0.00013187289383727782,-0.0010699738044133251,1.1448439426464674e-06,7.070151771804145e-05,0.004603142791168003,2.1188923555848227e-05,0.00019514994797731333,-0.0035571855692034865,1.2653569174014834e-05,0.00016475455248898818
425,0.0004897427851968672,0.00011836800962198672,0.0002596782870778469,0.00014131027745586017,0.009340396541049132,8.724300754381353e-05,0.0001759664612215328,-0.007690471911129205,5.914335821610717e-05,0.00023725364134241644,0.01444706416909051,0.00020871766310603945,0.00036581475866959146
426,1.558898270181963e-05,6.1726306509098565e-06,0.0002353883505237242,0.00022921571987281433,-0.0030290730870971136,9.175283766649223e-06,0.0001961144584102792,-0.0025115685917955458,6.307976791242176e-06,0.00025908057261592177,0.0017420193440342642,3.034631394838172e-06,0.00025097002054497164
427,0.00045301279444487363,0.00022790347043751455,0.0003763995545950453,0.00014849608415753077,0.01986353654949256,0.0003945600842528707,0.0005559446425660308,-0.016056709923083425,0.0002578179335536168,0.00038036517351780486,0.005597534591812009,3.13323935060561e-05,0.00019288884770130021
428,4.432846465407536e-05,1.589569452039215e-05,0.00022254171764709194,0.00020664602312669977,0.006161854189159147,3.796844704817559e-05,0.0003713494251988969,-0.0016477989226032967,2.7152412896969125e-06,0.00011158009956835357,0.0026463928702193176,7.003395223303954e-06,0.0001846956281740253
429,0.00030633614611252913,0.0001652213690572039,0.0009078496165370042,0.0007426282474798004,-0.013768080262362536,0.00018956003411063627,0.0011210894832758278,-6.661231809922761e-05,4.437201273077562e-09,0.00020978932468374012,-0.017495703354242317,0.00030609963585970235,0.0013926700416514448
430,0.00033667306402185293,0.00017151617325668797,0.0003278892493702908,0.00015637307611360282,0.017006183811329692,0.0002892102878246927,0.0006676444667065295,-0.009429300208080835,8.891170241409618e-05,0.00014582483821301562,0.011680176776548265,0.000136426529531275,0.00017019844319132726
431,0.00011045932882547405,3.4060688824055774e-05,0.00020489396885925437,0.0001708332800351986,0.007639870015638399,5.836761385558109e-05,0.0003174486382563346,-0.005930359068131084,3.5169158677184065e-05,0.0001038813005894701,-0.002940288070841769,8.645293939402166e-06,0.0001933519677319584
432,6.219369937421337e-05,3.4188490110424277e-06,0.00020151472795807793,0.0001980958789470355,-0.0015689815140291835,2.4617029912299415e-06,0.00014718550384251738,0.0026430205931629864,6.985557855943014e-06,0.00025094930631264223,0.0008996033492478658,8.092861859543277e-07,0.0002064093737190742
433,0.00013528161323650423,4.340748165502598e-05,0.0004705665919563969,0.0004271591103013709,0.005090573820347004,2.5913941820387976e-05,0.0005555286715724916,0.009926236985843554,9.853018069916342e-05,0.00033262029405001226,0.0024038141453736747,5.7783224455265625e-06,0.0005235508102466868
434,8.228475142735281e-05,9.357628001397758e-06,0.00014434453059701072,0.00013498690259561297,0.003442798889170616,1.1852864191141954e-05,0.00010757469189959235,0.0010591566160064825,1.1218127368151087e-06,8.627741632682984e-05,-0.0038856411409462547,1.5098207076236214e-05,0.00023918148356461
435,0.0008102758266232968,0.00020098691473794764,0.0008272689460746921,0.0006262820313367445,0.01966161851198594,0.00038657924251095377,0.0007462095256087764,0.0018111794930187203,3.280371156044737e-06,0.0011589868348176324,-0.01459798378361552,0.00021310113054684443,0.0005766104777976677
436,0.00010732736824092814,6.43719687921281e-05,0.00026868684809133736,0.00020431487929920927,0.005581725132878797,3.115565545908083e-05,0.0001971681577227491,0.008964939034408984,8.037013189055031e-05,0.000386384541906315,-0.009032724894909088,8.159011902675317e-05,0.000222507844644948
437,9.878685487130223e-05,3.5807230635231946e-05,0.00013637107809261195,0.00010056384745738,-0.00711191554446589,5.057934271190945e-05,7.732837896712308e-05,0.005804953125222251,3.369748078574375e-05,0.00017345167508731052,0.004810911390605224,2.314486840804264e-05,0.00015833318022340226
438,0.0002833258195034105,9.414466161613196e-05,0.00027582137694141345,0.0001816767153252815,-0.014196100905856723,0.0002015292809290914,0.00043731843138949955,0.002614521834370309,6.835724422504796e-06,8.146649355778024e-05,-0.008606333684970421,7.406897949679969e-05,0.0003086792058769605
439,0.00011280268451707709,3.7359062028137956e-05,0.0003134825355609235,0.00027612347353278555,-0.010159881233228156,0.00010322318667321806,0.0006269057438489378,-0.00043635430646052223,1.9040508070222728e-07,0.00023967081727549466,0.0029433984321976412,8.663594330493574e-06,7.387104555833801e-05
440,0.00010996460638690309,2.7223066530061384e-05,9.943344508530257e-05,7.221037855524118e-05,-0.0025431870100525544,6.467800167997417e-06,8.569016515380667e-05,-0.004779132393009817,2.2840106430499496e-05,6.028680050662594e-05,-0.007236110349610275,5.2361292991687236e-05,0.0001523233695954751
441,7.34122767145351e-05,3.937342195285224e-05,0.00016455229300767668,0.00012517887105482445,0.007293849489551455,5.320024037636095e-05,0.0002718018949449119,-0.0009011600108746518,8.12089365420654e-07,0.00011722524755319874,0.00800674316540173,6.410793611677512e-05,0.00010462973652491936
442,0.00019369492585119552,6.21630705139135e-05,0.0005264046959679117,0.0004642416254539982,-0.0029283113981848287,8.575007644839872e-06,0.00032292130161581944,-0.013337184425395896,0.00017788048839695314,0.0009052965088451881,-0.00018361781006068586,3.3715499947462035e-08,0.00035099627744272777
443,0.001092725982012932,0.00025998844073142163,0.000686686147161164,0.0004266977064297424,-0.015495973949198908,0.00024012520863436748,0.0008247448104602428,0.021301705110043735,0.0004537626405951567,0.0009678826626050574,0.009277794617520986,8.607747296474066e-05,0.0002674309684181919
444,0.000366566780952593,0.00016651006149067302,0.0002716304397037221,0.00010512037821304906,0.01658338136036406,0.00027500853734352404,0.00035740727330457744,-0.003554788556612981,1.2636521682263258e-05,0.00010791877427973606,-0.01455627443566088,0.00021188512544623173,0.0003495652715268527
445,0.0004363869163679368,0.00012139720490189632,0.00044205446907167695,0.00032065726416978063,-0.014529202188012005,0.00021109771622007667,0.0005283845563831546,-0.011982468171629505,0.00014357954348409585,0.0005136005438662883,-0.0030845348112307366,9.514355001516428e-06,0.0002841783069655879
446,3.834291651994004e-05,1.0484585803771651e-05,0.00018325285264605048,0.00017276826684227883,0.004727000925922432,2.2344537753737903e-05,0.000253541132682944,0.0018228642261875782,3.3228339871849144e-06,0.00019619498290057713,-0.002405490733781038,5.786385670392136e-06,0.00010002244235463031
447,0.05238198882896483,0.03144664289275708,0.03659789646232433,0.005151253569567249,0.16597961337055353,0.02754923205463844,0.031210870470064322,-0.17140039934314158,0.029378096894988603,0.034698164533630615,-0.19342336913786867,0.03741259972864419,0.04388465438327804
448,0.00025826400747097633,8.865230401903605e-05,0.00026948966676125047,0.0001808373627422144,0.0030848779005724068,9.516471661363823e-06,0.00013272271096076427,0.001303617555720515,1.6994187315155784e-06,0.00022958754846735818,-0.015960608436524245,0.00025474102166422874,0.0004461587408556289
449,0.0007786332335372181,0.0002696233748579561,0.0007110582600956908,0.0004414348852377347,0.009039260533147152,8.170823098629931e-05,0.0003054578488047577,-0.026273840901797192,0.000690314715732776,0.0008918549459534519,0.006070187629287947,3.684717785479297e-05,0.000935861985528863
450,0.0001417960461576051,1.6302659394266488e-05,0.00010584185552590479,8.95391961316383e-05,0.001820760364514384,3.3151683046517277e-06,0.00011212626132128811,-0.0067340082940025225,4.534686770318874e-05,0.00015093238963381772,-0.0004959255745863683,2.4594217495899073e-07,5.4466915622608525e-05
451,5.185646715921699e-06,2.340708617191526e-06,0.00016463664306713235,0.00016229593444994084,-0.0021159370660488465,4.47718966734012e-06,0.00011102595802625626,0.0015407845573513453,2.3740170517205783e-06,0.0001684574950130413,0.0004134236722801693,1.7091913251388036e-07,0.00021442647616209953
452,0.0006225072642670471,0.00037673878644528536,0.0013918217208257848,0.0010150829343804995,-0.023391933944314512,0.0005471825736552693,0.002133103447644835,-0.017358128061854484,0.0003013046098118144,0.0010137361964425162,0.01678479001562935,0.00028172917586877233,0.0010286255183900028
453,0.0003113994705836731,0.00010305011870267074,0.00026080582548112147,0.00015775570677845074,-0.008534536079040879,7.283830608451058e-05,0.0002051144081588463,0.012947730059717107,0.0001676437136990394,0.0003230514655654382,-0.008286636007721785,6.866833632446223e-05,0.00025425160271908
454,0.00013727715101063964,7.675732094976813e-05,0.0005708715015417809,0.0004941141805920127,0.0076965124837768215,5.923630441295735e-05,0.0011016384457052109,-0.010135498835470656,0.0001027283366438203,0.0003330616113330631,-0.008264824365503862,6.830732179252674e-05,0.00027791444758706874
455,1.4220029763478692e-05,4.303904058663062e-06,0.00013230631721805608,0.000128002413159393,0.0002487851956662668,6.189407297796379e-08,0.0001410056484093536,0.0034531662279600733,1.192435699792771e-05,9.905859435954678e-05,0.0009620088905354794,9.254611050835138e-07,0.00015685470888526787
456,9.305284765404043e-05,2.8983367529211712e-05,0.0004952638717313773,0.0004662805042021656,0.00915024592311438,8.372700045333747e-05,0.0007114629124784777,0.00011997522307066756,1.439405439285224e-08,0.000469282264876969,0.0017912867106161846,3.2087080799048096e-06,0.00030504643783868524
457,3.3421243415210355e-05,2.7792142653915164e-07,0.0002226464528372792,0.00022236853141074006,-0.0002957220899221963,8.745155533063098e-08,0.00021528355144562195,0.00071462876024942,5.106942650989765e-07,0.00025468252470906005,0.0004854054580842244,2.356184591878474e-07,0.0001979732823571556
458,3.8752296429023225e-05,1.688861789979808e-05,0.00018045936357613535,0.00016357074567633725,-0.002267087130019206,5.139684055133209e-06,0.00032378579854952516,-0.00368373364297621,1.3569893551945711e-05,7.620368688621149e-05,-0.005652988244461671,3.195627609231533e-05,0.0001413886052926694
459,0.001152738606249204,0.00039481613185858116,0.0008459511511701804,0.0004511350193115992,0.007224053035770518,5.218694226361009e-05,0.0007186140474161329,-0.03325773937831165,0.001106077228555824,0.0015058495244724135,0.005117052350354998,2.6184224756309327e-05,0.0003133898816219949
460,2.8938180638982125e-05,7.1170408210141645e-06,0.00016224292842881294,0.00015512588760779877,-0.001231976108754626,1.5177651329079112e-06,0.00011706646830111911,0.0044342102251651635,1.96622203212371e-05,0.00016141418064119506,0.0004136870904536636,1.7113700889748173e-07,0.00020824813634412465
461,2.626882013423426e-05,1.2062205663299075e-05,0.0001275746196040354,0.00011551241394073633,-0.002712915523609419,7.359910638382594e-06,8.919879257462959e-05,0.0035467568664889404,1.2579484269803487e-05,7.351669322530618e-05,-0.00403078430106058,1.6247222081711143e-05,0.00022000837301217047
462,0.032571339675618094,0.011585164145713719,0.01370126091520015,0.0021160967694864308,0.054701336113894675,0.002992236172645435,0.006657795371669106,-0.0709653664797861,0.005036083239610356,0.006650633728870536,0.1634844733449795,0.026727173024885365,0.027795353645060805
463,8.487394716116814e-05,5.38729929895713e-05,0.00019881858349420542,0.00014494559050463412,-0.005618357735229853,3.156594364095433e-05,0.00012034702998287017,-0.007903443839410041,6.246442452306766e-05,0.00032914005372342015,0.008221229275771937,6.758861080469192e-05,0.00014696866677632592
464,5.4193992720996675e-05,3.0747984207953515e-05,0.00026461206629102563,0.0002338640820830721,0.0036977314724710485,1.3673218042575819e-05,7.629711542178619e-05,0.006376289695890096,4.0657070285665675e-05,0.000367809408757358,0.0061574072705847275,3.791366429561904e-05,0.0003497296746939327
465,1.4241113722279763e-05,3.99981174662815e-06,0.00026454089437126055,0.0002605410826246324,-0.0017607053306350456,3.100083261098341e-06,0.00031590557685412524,0.0026299659920545073,6.916721118854774e-06,0.0001864508783508967,0.001408059252848882,1.9826308599313336e-06,0.00029126622790875967
466,0.0002010915419744519,4.316646967320962e-05,0.00014400674919049875,0.00010084027951728913,-0.0022151345463285238,4.906821058470179e-06,3.5966678597953994e-05,0.008436923574311118,7.118167939879072e-05,0.00018034903404307023,0.007308276716331247,5.3410908562367965e-05,0.00021570453493047204
467,3.61149725032206e-05,1.177761919290976e-05,0.00016745961293544256,0.0001556819937425328,0.005716317840499839,3.267628965353264e-05,9.328356389526338e-05,0.0013490457340908694,1.819924391965877e-06,0.00016675222447526394,0.0009146822033751259,8.366435332307631e-07,0.0002423430504358004
468,0.0006079768167260857,0.00023149316348166268,0.0009414026971120334,0.0007099095336303707,-0.0014994379418449032,2.2483141415285957e-06,0.0008220140722104974,0.021477569748899052,0.0004612860023187615,0.0010977152046831584,-0.015196880403059835,0.00023094517398469794,0.0009044788144424443
469,0.0003535909670302484,0.00010980837113886792,0.0003150277768182441,0.0002052194056793762,-0.012954395912941837,0.00016781637346918732,0.0003647506365174191,-0.006445273762882846,4.1541553878587933e-05,0.0001690331796982969,-0.010957517331428844,0.00012006718606882849,0.00041129951423901634
470,0.0007533636581974479,0.00030689648663436336,0.0004452932181159275,0.00013839673148156412,-0.02388152719199901,0.0005703273410221366,0.0006166718502110813,-0.01168002487949604,0.00013642298118554663,0.00027256821437871004,0.014626658459654001,0.00021393913769540696,0.0004466395897579911
471,0.0006375494464474496,0.0003161715009747749,0.0006386423912712047,0.0003224708902964298,0.017741112377662745,0.00031474706839673683,0.0003931824252185745,0.023104020850898136,0.0005337957794785408,0.0012722405138632098,-0.009998582652003065,9.997165504904704e-05,0.0002505042347318298
472,0.00021632010697281157,7.426657102060918e-05,0.00030251581184955373,0.00022824924082894454,0.010489319977513232,0.00011002583359076556,0.00039651681488350743,0.006710622804758109,4.503245842779613e-05,0.000285520961386565,0.008230517665549893,6.774142104326586e-05,0.0002255096592785888
473,0.001809926953731944,0.0007483258511258306,0.006224001534340995,0.005475675683215164,0.027118380373392897,0.0007354065540757793,0.00854699398114589,-0.004347840616822081,1.8903718029483763e-05,0.0001511934747490118,-0.038609160587518475,0.0014906672812722288,0.009973817147128083
474,7.288058119214735e-05,2.3986889161979146e-05,0.00015941399573360382,0.00013542710657162468,-0.008173308342424777,6.680296926042661e-05,0.00025956061231557914,-0.0013199305274518808,1.7422165971003878e-06,0.00013625632707037205,0.0018481021694653449,3.415481628410433e-06,8.242504781486026e-05
475,0.000280808406392552,9.180847803006802e-05,0.00035678147423475376,0.00026497299620468573,-0.008435627112947583,7.115980478866746e-05,0.00035547165434912653,-0.011918824267922448,0.00014205837192982074,0.0004724984342275862,0.007887157749894189,6.220725737171584e-05,0.0002423743341275486
476,2.6168093145484406e-05,3.585897017136889e-06,0.0002501215101318917,0.0002465356131147548,-0.001359031376142041,1.8469662812492516e-06,0.0001823091420638523,-0.002861897426441896,8.190456879386687e-06,0.0002151073017517824,-0.000848685979097841,7.202678907747284e-07,0.0003529480865800405
477,0.0001047567736760513,1.2423070307021611e-05,0.00019869204810540886,0.00018626897779838725,-0.00378363434432127,1.4315888852256542e-05,0.00015291793181793079,0.00271624822641132,7.378004427405216e-06,0.00024184433433693808,0.003946557695178577,1.5575317641403075e-05,0.0002013138781613577
478,4.896006924715035e-05,1.561317038449121e-05,0.00016729643224326166,0.00015168326185877046,-0.0012730513525491933,1.6206597460710626e-06,0.00015999722890003287,0.00645798450224078,4.170556383120694e-05,0.0002630526312953352,-0.001874376583290395,3.513287576195623e-06,7.883943653441694e-05
479,0.01322102939454306,0.004764765748202245,0.005840676344458284,0.0010759105962560396,-0.0270782686613615,0.0007332326336968453,0.0015445113457542847,0.02226443576301965,0.0004957050998458667,0.0012596065657618505,-0.11430380357216492,0.013065359511064023,0.014717911121858718
480,0.0026783431943768754,0.0008037563858699729,0.0037773035282591128,0.00297354714238914,-0.012737915571603283,0.00016225449310913742,0.0019646079397035443,-0.04732053654925889,0.002239233179309963,0.00631996619381725,0.0031275366010281437,9.78148519081845e-06,0.0030473364512565437
481,9.87139895209932e-05,3.355366123084883e-05,0.0002631170474291326,0.00022956338619828379,-0.008474005895862191,7.18087759237207e-05,0.0005794344371287119,-0.003449384764626148,1.1898255254161327e-05,0.00013281292515510135,0.004117517761294982,1.6953952514664472e-05,7.710378000358453e-05
482,0.00022437320132762117,0.00011992090408493213,0.00037479717938907847,0.00025487627530414636,0.007886810997618291,6.22017877119907e-05,0.0003291851530659029,-0.01068711396395298,0.00011421440487835444,0.0004317843879674266,-0.013540550936517183,0.00018334651966445126,0.0003634219971339059
483,0.02077357384644174,0.006515811988296057,0.010711018381360201,0.0041952063930641445,-0.029596493751706966,0.0008759524423948006,0.00244168183189708,0.08142688274290745,0.006630337233227257,0.016059752520697135,-0.10973215704280144,0.012041146289266114,0.013631620791486387
484,0.0032396023652871975,0.0014661538090176378,0.0019730018817284423,0.0005068480727108045,0.031793190806799786,0.0010108069816776588,0.0011458803092705416,-0.05605238764662293,0.0031418701608872945,0.004277640337482125,0.01567750887379957,0.00024578428448795986,0.0004954849984326604
485,0.0011591531711966363,0.0004304632482362569,0.0008469037011960371,0.00041644045295978016,-0.02498713553095427,0.0006243569420422146,0.0012073123639929628,-0.013167829339475605,0.00017339172951369441,0.0004705942123862661,0.022218034862536252,0.0004936410731528618,0.0008628045272088825
486,8.659087660167764e-05,2.9468116329645078e-05,0.0001445055166239273,0.00011503740029428222,-0.003959797402676043,1.567999547069654e-05,0.00011132102115751774,-0.007254947331132396,5.2634260777395525e-05,0.00010524245276022359,-0.004482197311692365,2.009009274084317e-05,0.00021695307595404056
487,3.1868157828074395e-05,6.34993374541241e-06,0.00021690927928663672,0.00021055934554122432,-0.00036241854763494443,1.3134720400209687e-07,0.00024647455132775775,0.0029030789634351033,8.427867468019379e-06,0.00023733010586401981,-0.0032389174987124286,1.0490586564215754e-05,0.0001669231806681326
488,2.7263923776610355e-05,8.906756063834878e-06,0.00013275443383346333,0.00012384767776962846,-0.0017594590894903037,3.0956962874251204e-06,8.500490090035395e-05,0.0002238226642246792,5.009658499144365e-08,0.00025741676316248796,0.00485535532365433,2.3574475319088073e-05,5.584163743754811e-05
489,5.189432300378716e-05,1.8289175305441496e-05,0.000329977384264916,0.0003116882089594745,-0.0017693503775674374,3.130600758405322e-06,0.00038106493106615513,-0.007139071583090768,5.096634306833714e-05,0.00034318037694158754,-0.0008778280523089237,7.705820895820281e-07,0.00026568684478700533
490,0.0003312597386063709,0.00013897881499021678,0.0003817876132514719,0.00024280879826125515,-0.015084003641268521,0.00022752716584961696,0.00040138540670886513,0.011398738939132402,0.00012993124940263723,0.00031667973008253636,-0.007712200056929447,5.947802971839611e-05,0.0004272977029630143
491,9.586234897440704e-06,3.081580870367695e-06,0.00011816963932687052,0.00011508805845650283,0.0030102421125876894,9.061557576295343e-06,0.00010898657163105341,0.00011824554401679653,1.3982008328916606e-08,0.00018864196041945558,-0.00041134295443214674,1.692030264788258e-07,5.6880385930102584e-05
492,0.00026623959027771704,9.862529284439721e-05,0.00033082915364487003,0.00023220386080047284,7.752294637640237e-05,6.0098072074410425e-09,0.00026874383129738,-0.010781313135173576,0.00011623671291871585,0.0004162141286196963,-0.013402729416326791,0.00017963315580726835,0.00030752950101753385
493,0.00012046876247318039,4.094472362881074e-05,0.00026508908597648134,0.0002241443623476706,0.001284520980239053,1.6499941483116842e-06,0.0003831376185492452,0.001525651125298403,2.327611355879e-06,0.00019235461713884572,-0.010902135817456419,0.00011885656538224154,0.00021977502224135304
494,0.00021982342568693802,8.22186221024479e-05,0.0001926826971790178,0.00011046407507656988,0.008638000732183725,7.461505664940749e-05,0.0001313031608941584,0.004174489581778105,1.7426363268513434e-05,0.00018913667657993738,0.012434405751365623,0.0001546144463894228,0.0002576082540629576
495,0.00017451320071903975,5.9078803147520155e-05,0.0004410199332466336,0.0003819411300991134,-0.011339917600242243,0.0001285937311800156,0.0004825662534035935,0.006912961523022627,4.7789037018963754e-05,0.0005261424715965468,-0.0009239270769618468,8.536412435811158e-07,0.00031435107473976043
496,7.320521806530866e-05,2.6740051814096628e-05,0.00025571888479673327,0.00022897883298263663,0.008240908323201247,6.791256999116868e-05,0.0003395914074851847,0.0026567136071660473,7.058127190706642e-06,0.00024239013236482254,0.002291169627088355,5.2494582604145634e-06,0.00018517511454019253
497,0.00016878962009825305,2.9044479584701872e-05,0.0003031408271076952,0.00027409634752299333,0.003391010245540287,1.149895048568883e-05,0.0002722985294688618,-0.001487761925797002,2.2134355480707413e-06,0.00016572219762778229,-0.00856860856385749,7.342105272034605e-05,0.0004714017542264415
498,6.97849017651242e-05,2.1999370869441037e-05,0.0001246151366041485,0.00010261576573470746,0.0029363192658870426,8.62197083117966e-06,0.00010532021187237284,-0.006445283553296342,4.1541680082524124e-05,0.00011503356427755573,0.003979253911794558,1.583446169461933e-05,0.00015349163366251695
499,0.0033418995237501914,0.001596303902416089,0.0022280381245054124,0.0006317342220893234,-0.0370957415678701,0.0013760940424699664,0.002291202394164804,0.026949129153399132,0.0007262555621266875,0.0011105915685469814,0.05183205670868057,0.002686562102651613,0.0032823204108044512
500,0.001134160129443118,0.00031332720749403337,0.0007953020395491764,0.0004819748320551431,-0.016265304559128526,0.0002645601324011704,0.0005621036552045933,-0.012314584973654967,0.00015164900307351736,0.00033332267760932677,-0.02288607626937448,0.0005237724870074123,0.0014904797858336094
501,0.002522377794334285,0.0012413151389918387,0.002535887820732626,0.0012945726817407874,-0.03798619515492646,0.001442951022348149,0.0023483774839971883,0.047687333090504755,0.0022740817372849387,0.0043502460473037186,-0.00262919328735538,6.912657342428297e-06,0.000909039930896971
502,9.590035170126132e-05,2.6574610866784514e-05,0.00027095659052445153,0.000244381979657667,0.0016983654324183655,2.884445141959624e-06,0.00016459434606741485,-0.0020021613056262137,4.008649893250116e-06,8.309638387571372e-05,0.008534092662087574,7.28307375651438e-05,0.000565179041630226
503,0.0015411063762239552,0.00047748141958762574,0.0012034176790657696,0.0007259362594781438,0.037679321979879485,0.001419731304863614,0.0023094026060500594,-0.0033919807707546,1.1505533548783475e-05,0.0005046751073507494,0.0010988268064437436,1.2074203504797154e-06,0.0007961753237964997
504,0.004542277448626009,0.0016532433512251494,0.007419022685504428,0.005765779334279279,0.015339451340771306,0.0002352987674358875,0.011078025151311177,0.023504545954662878,0.0005524636805348537,0.0031661054720626414,0.06459077028263648,0.004171967605704707,0.008012937433139466
505,6.574013640825438e-05,1.8745876251428466e-05,0.00013491451438962798,0.00011616863813819951,0.00727714818692549,5.2956885734589676e-05,0.00020036291568503728,0.0008610834775971269,7.414647555936682e-07,3.3205328315633054e-05,0.001593511300331179,2.5392782641020517e-06,0.0001711752991682136
506,0.00029260823061139085,9.817339152780787e-05,0.0006183257934428976,0.0005201524019150897,-0.016996785761165076,0.0002888907262107443,0.0014004220582175542,0.00038143742586533626,1.4549450999545854e-07,0.00027549750523214733,-0.0023417843331014097,5.483953862683855e-06,0.00017905781687899136
507,0.00013164339577476092,1.4875915540280005e-05,0.00017284090252619086,0.00015796498698591085,-0.00011577144416390767,1.3403027243619192e-08,0.00014770245835626916,-0.0016802488907254694,2.8232363344926625e-06,9.050829861001475e-05,0.006464604184276827,4.179110725910373e-05,0.00028031195061228864
508,0.000109933269545337,2.777928967963768e-05,0.0002541953415848471,0.0002264160519052094,-0.0027467523562580737,7.544648506718765e-06,0.00024101970731671418,0.006108671375865215,3.731586597854886e-05,0.0003028336751405014,-0.006203011732513243,3.8477354553645426e-05,0.0002187326422973257
509,0.0012049603634995965,0.0004253099729899512,0.001156279447142287,0.0007309694741523358,0.002199846762054466,4.8393257772172404e-06,0.00023531767695161854,0.013170164489669636,0.00017345323268525004,0.0006099665643168883,0.033130610626838974,0.0010976373605073864,0.002623554100158354
510,0.0002744922431744401,4.805882427216801e-05,0.0001805606497333745,0.00013250182546120648,-0.010612238851652571,0.00011261961344433136,0.00022632847139769652,-0.005336622393220656,2.8479538567438567e-05,0.00018709039854847287,-0.0017542294048135253,3.077320804734107e-06,0.00012826307925395408
511,8.510390856686367e-05,2.25513692418966e-05,0.00014178921970016875,0.00011923785045827215,0.006771880526694815,4.585836586790126e-05,0.0001447479615415137,-0.0010125281037181113,1.02521316092119e-06,0.00011150728798270393,-0.004557469549761499,2.0770528696867352e-05,0.0001691124095762886
512,0.0001687203090535716,5.694551933306998e-05,0.00027459545332445917,0.00021764993399138918,-0.011979857280340253,0.0001435169804566705,0.00029336850906325207,0.0011444226720136385,1.3097032525166696e-06,0.0002419130918062118,-0.0050999876754797245,2.6009874290022772e-05,0.0002885047591039136
513,5.5336450574094975e-05,1.9465392208872778e-05,0.00015189413463478907,0.0001324287424259163,0.006237433949305849,3.890558227204188e-05,0.0002143997994249469,0.003443128845714858,1.1855136248017928e-05,0.00011235377156559867,0.0027632332703678405,7.635458106558524e-06,0.00012892883291382162
514,4.8031408248716545e-05,1.6169919954197216e-05,0.00012102141685040498,0.00010485149689620776,0.001236575964085961,1.5291201149736366e-06,0.00010958187336418401,-0.005532138840919011,3.060456015524515e-05,0.00014999003208193695,0.004046736906760996,1.637607959237286e-05,0.00010349234510509397
515,2.2219990453042904e-05,6.107493265128383e-06,0.0003659573012078458,0.0003598498079427174,0.001982447269808196,3.930097177695657e-06,0.0001612839443516645,-0.0014969696622136074,2.2409181696936287e-06,0.0005321169223070354,0.003485895071240339,1.2151464447995863e-05,0.00040447103696483744
516,0.0002209775571470063,2.9446902838459188e-05,0.00020928010529974728,0.0001798332024612881,0.006126338916345588,3.7532028517861526e-05,0.00019489930468041816,0.0071277074074882875,5.080421288705672e-05,0.00021978767761210438,6.683644379846995e-05,4.467110459316359e-09,0.00021315333360671929
517,8.178902184186043e-05,2.941766906635242e-05,0.00011851208176135349,8.909441269500107e-05,0.0027696350704641895,7.670878423571281e-06,0.00014685568918804126,-0.008669747612621128,7.516452366640447e-05,0.00015529832722738224,0.002327574941691147,5.417605109081514e-06,5.338222886863697e-05
518,0.00018120220446726787,6.912889736188088e-05,0.00035408896851677846,0.0002849600711548976,-0.00712839620789576,5.081403249684868e-05,0.0005070554661681381,-0.007965901542438005,6.345558738407586e-05,0.00024226879898459064,0.009649718762975728,9.31170722047181e-05,0.00031294264039760655
519,0.0026060078489880123,0.0010656705445498311,0.0013251381957010515,0.0002594676511512204,0.04106401620077902,0.0016862534265382756,0.002139271666940057,-0.0383258488224224,0.0014688706879586455,0.001730864084514394,-0.006472056794602875,4.1887519152572494e-05,0.00010527883564870333
520,8.115109858986003e-06,2.609761652413075e-06,0.000270303606225597,0.00026769384457318396,0.000910163134619239,8.283969318290119e-07,0.0001971638831321787,-0.0025676056938305387,6.5925989989334965e-06,0.0002491086850545665,-0.0006389749809599701,4.0828902647671583e-07,0.00036463825049004583
521,0.0002071894649487982,7.85051011182869e-05,0.0003529549021373442,0.0002744498010190573,0.011740373538430084,0.00013783637082176448,0.00039286031693808177,-0.0009507038683600662,9.038378450121343e-07,0.0002567775883646206,0.009837433338420687,9.67750946880841e-05,0.0004092268011093303
522,0.00022882287076697594,0.00010691598851420014,0.00047655493508413915,0.000369638946569939,-0.011739892332657386,0.00013782507198234484,0.0005715906119310166,-0.01296046662874573,0.00016797369523469108,0.00060618429997783,0.0038664193157980946,1.4949198325564517e-05,0.0002518898933435709
523,9.981296522632022e-07,7.019146680183516e-07,0.0002303649264803568,0.00022966301181233845,-0.0007562598239372859,5.719289207783973e-07,0.00020133883480388803,-0.0009907477045821692,9.81581014136701e-07,0.0002890205888467223,-0.0007431245309221821,5.522340691399563e-07,0.0002007353557904601
524,0.00019742404278033643,6.500464546962033e-05,0.0002646858306172654,0.0001996811851476451,-0.012937758717516805,0.00016738560063234154,0.0003321471009034571,-0.005016214868401937,2.5162411606216573e-05,0.00024537521178080723,-0.0015703261349882074,2.465924170302891e-06,0.00021653517916753184
525,9.581246233048013e-05,2.8175011440478848e-05,0.00041751461725691996,0.0003893396058164411,-0.0010260153134559094,1.052707423010446e-06,0.0005123955368473432,0.006445004593569591,4.15380842107016e-05,0.000159709035645772,0.0064756654243032594,4.19342426877245e-05,0.0005804392792776447
526,5.999838354697751e-05,1.3519294838763388e-05,0.0002812382458310762,0.0002677189509923128,-0.005789810223071992,3.3521902419342275e-05,0.0003243230727024704,0.0026144800355160976,6.83550585633963e-06,0.00027162248041734394,-0.00044774573247484005,2.0047624060826053e-07,0.0002477691843734142
527,0.0004703821382836537,0.00011973245179264236,0.0004175217890240261,0.00029778933723138373,0.0013160986457507614,1.7321156452476671e-06,0.0003084960533662473,0.007027243624087022,4.938215295213766e-05,0.00045509965710033295,-0.017552295769511412,0.00030808308678054175,0.000488969656605498
528,5.9305886645377726e-05,1.7006531298361754e-05,0.00016438211052871576,0.00014737557923035402,-0.000295220773847767,8.715530552816375e-08,0.00020246884899666195,-0.0014616081709317226,2.1362984453654477e-06,9.989019893341666e-05,0.006985423404787672,4.8796140144191646e-05,0.00019078728365606867
529,0.0006730959693186378,0.00032902701166396636,0.00048809766675816935,0.00015907065509420298,-0.009389819413569188,8.816870861960702e-05,0.00020386331823019077,-0.018974003203198003,0.00036001279755482063,0.0005779931904562607,-0.023214209631550846,0.0005388995288174714,0.0006824364915880565
530,2.6765601960021534e-05,3.3008420857368512e-06,0.0003488210476352653,0.00034552020554952845,-0.00014473037778963815,2.0946882117733878e-08,0.0005319440828506217,0.003103425991953164,9.631252887554176e-06,0.0003928932056116441,-0.0005003263807870156,2.503264875386435e-07,0.00012162585444353002
531,0.00023974923765224254,9.342126801018906e-05,0.00024087059672480335,0.0001474493287146143,0.008490235856578017,7.208410490033845e-05,0.0001593970819475654,0.013251359837992988,0.00017559853755588772,0.0003737088319301085,-0.0057079910278961055,3.258116157434099e-05,0.0001895058762967361
532,9.780792904046098e-05,3.335462070771141e-05,0.00016188124544199342,0.000128526624734282,-0.0015420436100581018,2.3778984952205207e-06,6.369290077457013e-05,-0.009870209981189211,9.742104507282079e-05,0.0002393860101134182,-0.0005147023947052091,2.6491855509291895e-07,0.0001825648254379919
533,6.1020268579681236e-05,3.681525520297472e-05,0.00034158936062208173,0.000304774105419107,-0.007329435532446535,5.372062522424059e-05,0.0004032910535713974,-0.005391156079266033,2.906456387086198e-05,0.0002975281724636458,0.005259332325821461,2.766057651382159e-05,0.00032394885583120203
534,5.107135106419136e-05,1.77662406700696e-05,0.0002320235038262286,0.000214257263156159,0.005747872949789649,3.3038043447009e-05,0.00021917626464063034,0.004251924297335816,1.8078860230086313e-05,0.00022986922404544252,0.0014770979429452045,2.1818183331134833e-06,0.00024702502279261296
535,0.00014208836403528657,2.6026184870501606e-05,0.00010694219259277382,8.091600772227221e-05,3.8118322289048425e-05,1.453006381879618e-09,9.585763661634772e-05,0.0088340057341175,7.803965731056905e-05,0.00013913417678457218,0.00019350528338217042,3.7444294553878876e-08,8.583476437740156e-05
536,6.117826755702716e-05,1.2902745518794667e-05,0.00018086988198580864,0.00016796713646701397,-0.003418953341889312,1.1689241953827256e-05,0.00015251404302385474,0.0028047346226240917,7.866536303358096e-06,0.00020415444135268856,-0.004376352168129986,1.915245829919865e-05,0.00018594116158088259
537,0.00023416375325080452,8.669001500212954e-05,0.0002615440005175514,0.00017485398551542186,0.014048096111903392,0.00019734900436929603,0.00031070754832995817,0.0025859534287723555,6.687155135742806e-06,0.0001908760806849097,0.00748557850146442,5.60338855013498e-05,0.00028304837253778636
538,0.0005486773900649222,0.0001617568411151534,0.0009156453173287208,0.0007538884762135674,-0.015763367810639747,0.00024848376473374234,0.0011100500235765587,0.01525447990073141,0.00023269915704182687,0.0008970891308974771,-0.002021781780919372,4.087601569890964e-06,0.0007397967975121267
539,0.00014366317396241612,3.14833162979126e-05,0.0003202133869752988,0.00028873007067738615,0.0039277272910487274,1.5427041672899655e-05,0.00027196665707240886,0.002178009773669043,4.743726574329976e-06,0.00031540822151909786,0.008618537036340187,7.427918064650818e-05,0.0003732652823343896
540,0.00028574495178790293,5.952548520260503e-05,0.00019014524783977915,0.00013061976263717412,-0.010428849146607135,0.00010876089452283022,0.00025187286006567167,-0.0013985605319377992,1.9559715613848283e-06,9.555172129216416e-05,-0.008237693216174126,6.785958952360005e-05,0.00022301116216150163
541,0.7091202697593226,0.24359367610479207,0.8011722008267356,0.5575785247219435,-0.7979951929780544,0.6367963280160822,0.8473941242305323,-0.30059882994509324,0.09035965656435907,0.7897546084323965,0.0602083360834273,0.0036250437339349073,0.7663678698172781
542,0.0002459085094265179,8.415559234568419e-05,0.00032165865308764197,0.00023750306074195776,0.004744744434765925,2.251259975138975e-05,0.00024174520600694915,0.014942511535320266,0.00022327865098292765,0.0004974104501700438,-0.0025837039889308245,6.6755263027351575e-06,0.00022582030308593293
543,6.437676905768352e-05,1.677358006831516e-05,0.00048671249582710185,0.0004699389157587867,-0.0013614078543108447,1.8534313458440366e-06,0.0003944610148632899,-0.006703500439673879,4.493691814488887e-05,0.0004584604416210114,0.001878933398010198,3.5303907142125723e-06,0.0006072160309970043
544,9.512461573213393e-05,3.474207442126046e-05,0.0003639299091832138,0.0003291878347619533,0.00763476757181539,5.828967587562239e-05,0.00011548932646199273,-0.006738118013594394,4.540223436544366e-05,0.000581246080595732,0.000730967183217525,5.343130227153381e-07,0.0003950543204919166
545,0.00021662297990721058,7.351721731085892e-05,0.00019051609629675928,0.00011699887898590036,0.010055267693200193,0.00010110840838239987,0.0002351388847574576,0.007084452607251396,5.018946874391084e-05,0.0001515957243964916,0.008321885291581989,6.925377480626604e-05,0.00018481367973632867
546,0.0026840670721720583,0.0008003960461871648,0.0017370566941793397,0.000936660647992175,0.047296953357674,0.0022370017969178813,0.0032609566236436738,0.0038676214243276177,1.4958495481942613e-05,0.00027746129359207394,0.012215884992975747,0.00014922784616167029,0.0016727521653022714
547,2.2733505207206406e-05,1.2394251708514048e-05,0.0001015162992178779,8.912204750936385e-05,0.00285000744310098,8.122542425992307e-06,8.318340309454442e-05,0.004569467750226265,2.0880035520254303e-05,0.0001228468044216502,-0.002860100903673133,8.180177179295534e-06,9.851869013743908e-05
548,0.0011789641954080832,0.0002155443342490848,0.0005793824247288804,0.00036383809047979554,0.020450814052809813,0.0004182357954225502,0.0007755728689258223,-0.0035786376083153204,1.2806647131546889e-05,0.0004133217704364034,-0.014683002424337422,0.00021559056019315737,0.0005492526348244153
549,0.0003456212553063498,0.00011268606266745529,0.0004140989482965818,0.0003014128856291265,-0.017349609120495737,0.0003010089366339841,0.0005576462029605045,0.0031812974952500008,1.0120653753276088e-05,0.0001390134099319429,0.0051892771765372665,2.6928597615105687e-05,0.000545637231997298
550,6.059968214078282e-05,2.1765197955899335e-05,0.00021801031500245927,0.00019624511704655992,0.0012615421688994737,1.5914886438705977e-06,0.0003129590349225664,-0.007749590722848302,6.005615637116879e-05,0.000226232060505982,-0.001909960432167563,3.6479488526586223e-06,0.00011483984957882942
551,7.950468231154861e-05,2.566358644514229e-05,0.0002276028721147627,0.0002019392856696204,0.00803663584893941,6.458751576809973e-05,0.0005378809701160892,0.002359283473826825,5.566218510333343e-06,1.3411674927521489e-05,-0.002614770555361509,6.837025056993795e-06,0.0001315159713006775
552,8.446799972694485e-06,8.582984200034005e-07,0.00018287869919849284,0.00018202040077848944,0.0011284326657119703,1.2733602811065836e-06,0.00017026497498884297,0.0010069124553028987,1.0138726924679986e-06,7.70381775491158e-05,0.0005363415758413508,2.876622864356193e-07,0.00030133294505751973
553,0.00027549671572024703,0.00010964382878338637,0.00022427310450453172,0.00011462927572114535,-0.01032843340799214,0.0001066765366631861,0.0002299701253011266,0.01469856039002322,0.0002160476775391329,0.00031440011694083836,-0.002491439774074105,6.207272147840115e-06,0.0001284490712716302
554,0.00011528206352484638,5.240993544800935e-05,0.00020856721304026346,0.00015615727759225412,0.004396764676034603,1.9331539616529447e-05,0.0002344499620248186,-0.008931332473556734,7.97686997531244e-05,0.0001924821194955184,-0.007624274849098514,5.8129566974374214e-05,0.00019876955760045334
555,2.5774804972233945e-05,8.25404361041541e-06,0.00011576940980073669,0.00010751536619032127,0.0006394044933722115,4.0883810648040253e-07,6.451533879281435e-05,0.004231673100024709,1.7907057225707845e-05,0.00016307622164835056,0.0025389437762763597,6.446235499057984e-06,0.00011971666896104516
556,0.0010683913157744085,0.0005531311033703338,0.0013713789077980747,0.0008182478044277409,-0.022091816161680905,0.0004880483413215453,0.0010307389352677276,-0.025079071205553662,0.0006289598125333029,0.0015278772267321994,0.023289163923510835,0.0005423851562561532,0.0015555205613942968
557,0.0003155121416986706,0.0002127422407633602,0.00047623650768417275,0.00026349426692081257,0.017221446114423028,0.0002965782062717137,0.0005138567913965941,-0.01717584409175113,0.00029500962026451916,0.0005836962809198099,0.006829267585459202,4.663889575384772e-05,0.0003311564507361142
558,6.862719107958437e-05,1.1000120067901816e-05,0.00026455484456463135,0.00025355472449672956,-0.003887003876395878,1.5108799134799789e-05,0.0001389826653961368,-0.0011940342926598933,1.4257178917453928e-06,0.0003412511971659926,0.0040578126098572915,1.6465843177160266e-05,0.0003134306711317647
559,5.740853379532229e-05,1.8401396583156426e-06,0.00019337475155600803,0.00019153461189769239,0.0017178335591289866,2.9509521370929548e-06,0.00014511298249453297,-0.0015171978114439254,2.3018891993631385e-06,0.0002235895382532993,0.0005172790720829657,2.675776384908346e-07,0.0002114217339201918
560,0.0006002229567164674,0.00016193408397831752,0.0007316208752252326,0.000569686791246915,0.004495678918193822,2.0211128935354594e-05,0.000296209494715427,-0.018622403336171947,0.00034679390601499716,0.0010455717624687777,0.01089941360737732,0.00011879721698460077,0.0008530813684914929
561,0.0008237326784017451,0.00023256613780394306,0.0006385948409098896,0.0004060287031059465,-0.001190996511182402,1.4184726896404598e-06,0.0003807831996623934,-0.021819538353248527,0.00047609225394873445,0.0010899223833544802,-0.014838722545198609,0.00022018768677345424,0.0004450789397127952
562,0.005460224625881804,0.0017816340615700217,0.002945135362888022,0.0011635013013180002,0.034662656561900373,0.0012014997599280042,0.0015704037276944582,-0.013964810277092178,0.0001950159260751816,0.0007499339746346312,-0.06283618781169895,0.0039483864987068795,0.006515068386334977
563,0.0005803223034746008,0.00013883083856321607,0.0007481418862305134,0.0006093110476672973,0.009021481572598982,8.13871297645763e-05,0.0006259319051064027,-0.01744336549772211,0.00030427099988727946,0.0004321305320834634,-0.0055528718729931665,3.083438603779243e-05,0.001186363221501674
564,1.760831362562776e-05,1.4229909585846319e-06,0.0001389711265273134,0.00013754813556872875,-0.0012671587480473114,1.6056912923723132e-06,0.00013445548153634412,-0.0015431266138299254,2.3812397460520884e-06,0.00015030012751227062,0.0005310761125930289,2.8204183732949417e-07,0.00013215777053332545
565,3.689999320721782e-05,2.181310923369632e-05,0.00022524202146419667,0.00020342891223050036,0.003909678417326996,1.5285585327040607e-05,0.0002861575841169861,0.004474049129180702,2.0017115609949343e-05,0.00016080049979461108,-0.0054896836670649,3.0136626764099006e-05,0.00022876798048099278
566,4.491988594323981e-05,1.4492643001351446e-05,0.000349910860674522,0.00033541821767317054,0.005513288267956963,3.0396347525663003e-05,0.00048651422537582256,0.00205777540394688,4.234439612726959e-06,0.0004214858811707467,0.0029744145416789646,8.847141865664376e-06,0.00014173247547699663
567,7.575291161754372e-05,9.010727511249428e-06,0.0001571056500318709,0.00014809492252062148,0.0018170545187756923,3.301687124368513e-06,0.00022606628761501213,0.001757382473452297,3.088393157768543e-06,0.00011731846029661153,0.004543358036940606,2.0642102251611227e-05,0.00012793220218398904
568,0.00023175695460619927,4.0736734741475544e-05,0.00017700988612689983,0.00013627315138542428,0.008374785093878425,7.013702536851074e-05,0.00017572470673254958,-0.005521783303366269,3.049009084921117e-05,0.00012236463261550146,0.004645760218359386,2.158308800670472e-05,0.00023294031903264845
569,0.0009483700878815116,0.0002910006748339707,0.0015450369077513182,0.0012540362329173476,0.00922240843528777,8.50528173471643e-05,0.0006535081289530398,0.0032143321761018795,1.0331931338258826e-05,0.00038502632114079116,0.027885789854630843,0.000777617275816489,0.0035965762731601236
570,6.489723543778858e-05,1.7340541549263715e-05,0.00019447998894761565,0.00017713944739835194,-0.002542876521556745,6.466221003975647e-06,0.0002334912600114869,-0.0031889970084205033,1.0169701919360286e-05,0.00024016979482832657,-0.005948588212724109,3.538570172445521e-05,0.00010977891200303347
571,2.3955864968838725e-05,8.999888346017393e-06,0.000346559134356772,0.0003375592460107546,0.002151513052395953,4.629008414802627e-06,0.0002637768037502264,-0.004692088856943666,2.201569784132662e-05,0.0003028080257609922,0.0005957841738651842,3.549587819229316e-07,0.0004730925735590974
572,0.00044034624664968103,5.667126042148881e-05,0.00048012737360499563,0.00042345611318350684,0.001246986058816451,1.554974231043893e-06,0.0006770497410433229,0.010768641954924564,0.00011596364955335225,0.00036683924557101566,0.007245354199774186,5.2495157480070276e-05,0.00039649313420064836
573,0.00010341095533827893,3.578029835689852e-05,0.0003935366080402754,0.0003577563096833769,-0.008753427535195969,7.662249361395368e-05,0.00067833089449576,-0.0029194172947135722,8.522997340665306e-06,0.0003772066354189585,-0.0047111998594903375,2.2195404116076567e-05,0.00012507229420610777
574,0.00014069721872211893,3.947736529907875e-05,0.0001749508666790689,0.00013547350137999015,0.004376690005115675,1.9155415401206355e-05,0.0001643938525083266,-0.009022854908194954,8.141191069421794e-05,0.00026717311971924396,-0.004226673609600516,1.7864769801811953e-05,9.328562780963612e-05
575,0.0005772105871408861,0.00014549621060363135,0.00042118297268404586,0.00027568676208041454,-0.0014353379453993784,2.060195017583588e-06,0.0003158394764281036,0.0075915341728444415,5.7631391097268114e-05,0.0003755464708534717,-0.01941126079614492,0.00037679704569604233,0.0005721629707705622
576,2.0484073379289924e-05,6.102280899441166e-06,0.00027744705426302474,0.0002713447733635836,-0.003958188632825026,1.566725725288265e-05,0.00022175833527826594,-0.0016206258063413649,2.6264280041932153e-06,0.0003694698674263641,0.00011470588900411791,1.3157441247635404e-08,0.00024111296008444416
577,0.00028598222355524783,6.203662999489563e-05,0.0008240053971408553,0.0007619687671459596,-0.0057399648011948485,3.294719591895312e-05,0.0005302119776380287,0.008477399137973315,7.186629614452933e-05,0.0016881981754033326,0.009016451514952846,8.129639792120447e-05,0.00025360603838120443
578,0.00012099410278543221,3.0315166453280067e-05,0.00019163608089326858,0.00016132091443998853,0.006745232490563089,4.549816135168694e-05,9.771687291593167e-05,0.006655458822275658,4.429513213488612e-05,0.00022020389978583133,-0.001073408530479401,1.1522058732671425e-06,0.0002569874699780428
579,0.002110002663168853,0.0007158769785616803,0.011580745819378402,0.010864868840816722,0.012322833234672198,0.00015185221892954903,0.01855598546929127,-0.008368238555087264,7.002741651473965e-05,0.009395785677693835,0.0438833829625851,0.0019257513002407523,0.006790466311150101
580,0.001348556190253758,0.0005474566156524752,0.001248861174280173,0.0007014045586276978,-0.0353721352707772,0.00125118795361423,0.0017570253691200355,0.019179843738926325,0.0003678664058498482,0.0018672410748794555,-0.004828611342121205,2.331548749334722e-05,0.00012231707884102772
581,3.626247317778386e-05,1.090843493534166e-05,0.00016024960588160533,0.00014934117094626367,0.0014980222553423773,2.244070677726029e-06,0.00020852002640792122,0.005494456725374377,3.018905470697497e-05,0.00013349753835345535,0.0005405362349224216,2.9217942132397923e-07,0.00013873125288343946
582,6.155367001736689e-05,1.3835017823630539e-05,0.00021580474929709195,0.00020196973147346142,0.0020633801462715665,4.257537627228025e-06,0.00016127757351735994,0.0027725304948755638,7.686925345251616e-06,0.0003740338833864154,0.005436965191961674,2.9560590498411976e-05,0.00011210279098750053
583,0.00013251295797156448,1.3640016393220064e-05,0.00011894411207891142,0.00010530409568569137,0.00276042791066482,7.619962249960643e-06,0.00010893976573911335,0.005322775465242621,2.8331938653591848e-05,0.00014244970993548822,0.0022289343363294267,4.968148276107698e-06,0.0001054428605621327
584,0.00014434867202595125,7.142238942159373e-05,0.00015042653197568553,7.90041425540918e-05,-0.00811757165063077,6.589496950293317e-05,8.577841503265571e-05,0.011950089354571852,0.00014280463558213885,0.00024912527795850625,-0.0023595684307673036,5.5675631797091896e-06,0.00011637590293589462
585,0.00021467618896764407,6.597770665772718e-05,0.00022942522235380736,0.00016344751569608018,-0.003925005788622488,1.5405670440671315e-05,0.00023660235130396057,0.01319527713568026,0.0001741153386876082,0.00032015391948547745,0.002900363915906848,8.41211084490201e-06,0.00013151939627198406
586,0.00041946567095130227,0.00022346660982071795,0.0016775165008032038,0.001454049890982486,0.012646276320851614,0.0001599283047833966,0.0019383938738526396,-0.01350225156425223,0.00018231079730413047,0.002094935993341651,-0.018115207075127787,0.00032816072737462676,0.0009992196352153204
587,0.00017415102537798877,6.0152657842649226e-05,0.00016608763947001393,0.0001059349816273647,-0.003550141972321406,1.2603508023456556e-05,9.760485629728421e-05,-0.0011795301970408982,1.39129148546413e-06,6.495086568025776e-05,0.012902060843877955,0.000166463174019027,0.0003357071964324998
588,0.000403727020004796,0.00014719285890170872,0.0004277482254241664,0.0002805553665224577,-0.01388231857361921,0.00019271876897952733,0.0003377743613182105,0.005794781091331175,3.357948789650678e-05,0.0005669669445672598,-0.01467243401173842,0.00021528031982909202,0.00037850337038702886
589,5.035358493732378e-05,2.2067001888892435e-05,0.00021813117171454177,0.00019606416982564934,-0.006223107019859211,3.8727060980514594e-05,0.0001605643435294013,-0.005087192727434122,2.5879529846117855e-05,0.00023956155726345685,-0.0012627014057073032,1.5944148400448555e-06,0.00025426761435076717
590,0.00010359491294498202,2.3767228335821084e-05,0.0006119529144394583,0.0005881856861036372,0.0008424727027083846,7.097602546801696e-07,0.00030592256413286556,0.004815645072825529,2.3190437467346392e-05,0.0010000614063900848,-0.006884873803169691,4.7401487285436694e-05,0.0005298747727954245
591,0.00047902054960557994,0.0001353699498373532,0.0006032337503082408,0.0004678638004708876,0.014162734744942349,0.00020058305545544997,0.0005111344976491683,-0.0022746420035527296,5.173996244556278e-06,0.000451481434376122,-0.014154603414154268,0.0002003527978120534,0.0008470853188994321
592,9.054858400003862e-05,2.936238330934297e-05,0.00014034556729699185,0.00011098318398764888,-0.005986109193508223,3.5833503276849754e-05,0.00018240466050556403,-0.001400069363675092,1.9601942232716496e-06,4.810782587949536e-05,-0.0070917876750456596,5.0293452427907503e-05,0.00019052421550591614
593,0.0009261565577932673,0.00036453231221629984,0.000825476205845758,0.00046094389362945815,-0.017444717518560967,0.0003043181693025421,0.0005623568159827119,0.02002677707495049,0.0004010718000097002,0.001284217780252006,-0.019702968490467456,0.00038820696733665727,0.0006298540213025561
594,4.440297119101544e-06,1.1997486027981452e-06,0.00019193681999859122,0.00019073707139579307,0.0017658434557525852,3.118203110052953e-06,0.00013160885141894063,-0.00034014862366964216,1.157010860453056e-07,0.00018026091148748424,0.0006044349528514126,3.6534161229617723e-07,0.00026394069708934875
595,0.00017023957740691653,5.206065406626603e-05,0.00016546577600932513,0.0001134051219430591,-0.009718645896301522,9.445207805747202e-05,0.00018353375844570863,0.006867518720020426,4.71628133701385e-05,0.0002171586262087466,-0.003816683215975914,1.4567070771187574e-05,9.57049433735202e-05
596,0.00047989397194703187,0.00016572470195900615,0.00032639988892080307,0.00016067518696179692,-0.001992704785239286,3.970872361258593e-06,0.00021335508665965008,0.0216049312823827,0.00046677305571640737,0.0005239443109381625,-0.005141028865832626,2.6430177799352528e-05,0.00024190026916459662
597,0.0002716139864756828,9.61443249691829e-05,0.0002555551254931343,0.0001594108005239514,0.011861468895175064,0.00014069444435105272,0.00030887867798123914,0.0026513278344983803,7.029539285552389e-06,0.00022994729483982734,0.011862082079949514,0.0001407089912709436,0.00022783940365833644
598,5.930314074586995e-06,1.6859883488577292e-06,0.00022228207448127257,0.00022059608613241485,0.0006235614274421479,3.888288536701978e-07,0.000134383375748226,-0.0010534452420742698,1.1097468778364927e-06,6.052355070895743e-05,0.0018866343883242953,3.559389315066497e-06,0.0004719392969866343
599,0.00010519667002883981,2.979841118429712e-05,0.0011082745444687865,0.0010784761332844894,0.008362138994940076,6.992536857053366e-05,0.001489163729691989,0.003907328749588387,1.526721795741537e-05,0.0012939214268589128,0.0020500358594502787,4.20264702494233e-06,0.0005417384768554578
600,0.0027584813010876896,0.0013330662444637948,0.002173391997309667,0.0008403257528458721,0.05154014414910832,0.0026563864589108643,0.0039005171440185116,0.028182965493454094,0.0007942795440050165,0.0017941012893836206,-0.023420775616435543,0.0005485327304755039,0.0008255575585268682
601,0.001863959959180983,0.0005843076594391761,0.0012412944514235507,0.0006569867919843746,-0.024494282926765882,0.0005999698960963418,0.001526235735391679,0.014045364643179847,0.00019727226796006914,0.0007427288360394302,0.030914087634299696,0.0009556808142611173,0.0014549187828395427
602,0.0006765619693273051,0.00046186162463157654,0.0006360123363897315,0.000174150711758155,-0.017063108521781733,0.0002911496724264939,0.00045919985819198317,-0.022177058413186006,0.0004918219198620788,0.0006717841568607552,0.024548182857517253,0.0006026132816061569,0.0007770529941164561
603,0.000590018500080669,0.0002546560785363268,0.0011179054092211131,0.0008632493306847864,0.0176569694788338,0.0003117685711762075,0.0004050215015437564,-0.013204875179919787,0.0001743687285170603,0.0011091015206102783,0.016668261334511675,0.00027783093591571273,0.0018395932055093045
604,6.809550379116569e-05,1.2736934303037017e-05,0.0002556993127714735,0.0002429623784684365,-0.0013142858285158203,1.7273472392442812e-06,0.00027821237487080097,0.0025109976511544243,6.305109204074455e-06,0.00017709028750656497,0.00549348218027901,3.0178346465792316e-05,0.0003117952759370546
605,6.761003046518166e-05,1.3685012038392822e-05,0.0003339421207834888,0.00032025710874509594,-0.0014413923670165854,2.0776119555865336e-06,0.0003609977481079385,0.003145700865722251,9.895433936923936e-06,0.00027226406016311877,0.005392772035139204,2.9081990222667997e-05,0.00036856455407940913
606,0.0017236036426742096,0.0005147645722715829,0.0020188133153867804,0.0015040487431151974,0.003002587702758708,9.015532912881596e-06,0.0027992250510394667,-0.038389194604357565,0.0014737302623710757,0.0016883473040545383,0.007845248340928677,6.154792153079125e-05,0.0015688675910663363
607,0.0034245854380889895,0.0020596955134948303,0.006290128330578811,0.0042304328170839805,0.05700478277158008,0.0032495452588349183,0.008168615909568078,0.039929715193229055,0.0015943821554125215,0.003695586541275553,0.03653982931319214,0.001335159126237051,0.0070061825408928025
608,0.0001364104997063631,2.9359103557687522e-05,0.0001838952603399798,0.00015453615678229227,-0.0033666272667682976,1.133417915333279e-05,0.0003238373624039337,-0.008336456991637124,6.94965151736282e-05,0.000106018667675567,-0.0026919540014659253,7.246616346101575e-06,0.00012182975094043869
609,0.00018686713168525326,4.6824156052394095e-05,0.00029061498956132564,0.00024379083350893155,0.0058416653784400035,3.412505439370772e-05,0.00031422540937831034,-0.0031666362793705575,1.0027585325866895e-05,0.00017850827363696808,-0.009814266576654075,9.631982843760767e-05,0.00037911128566869845
610,6.019613121421852e-05,2.287895548340006e-05,0.0001414753609220165,0.00011859640543861645,-0.0039757717979412065,1.580676138901449e-05,0.00021160595234748225,0.0027124922752235913,7.357614343117547e-06,6.299064354342576e-05,-0.006743329349616355,4.547249071806814e-05,0.00014982948687514153
611,0.0005162869247266055,0.00016746836500758366,0.0006821053262104915,0.0005146369612029078,0.021481205985238762,0.00046144221058030954,0.0012732589685411355,0.005531660319790196,3.0599265893216376e-05,0.00040358779828908453,0.0032192574530987596,1.0363618549225073e-05,0.00036946921180125436
612,1.3550815283980278e-05,4.327350860385455e-06,0.00019211189280798902,0.00018778454194760355,0.0020938380623412626,4.3841578313275065e-06,0.00022981871708172008,-0.002850756091158136,8.126810291164688e-06,0.00016874909992292686,0.0006863559269639095,4.710844586641727e-07,0.0001777678614193201
613,0.00011323835141030525,2.6202372113555878e-05,0.00039926154993559965,0.0003730591778220438,-0.00020359082185850225,4.144922272075746e-08,0.0004673231740336403,-0.00813767023067922,6.622167678338453e-05,0.0004935615517093206,0.0035134015333063272,1.234399033456235e-05,0.00023689992406383809
614,3.50627958995986e-05,6.142275795354794e-06,0.00028946021826670165,0.00028331794247134684,-0.0012716593279449551,1.6171174459511661e-06,0.00025383065001460814,-0.002219349808494564,4.925513572784368e-06,0.0004431456985775073,-0.0034473462790044155,1.1884196367328848e-05,0.00017140430620798952
615,0.0001837965579846168,5.590406606955275e-05,0.00028926813806858426,0.0002333640719990315,-0.008443827181976359,7.129821747886567e-05,0.00047340915419424867,0.009452271770110265,8.934544161542934e-05,0.00027797838112086914,-0.0026586724345748266,7.068539114363226e-06,0.00011641687889063501
616,8.815300215569977e-05,2.8970623763243292e-05,0.00046310056383284487,0.0004341299400696016,-1.6571458963454e-05,2.7461311002952016e-10,0.00020336740883764026,0.009296283990361223,8.642089602906022e-05,0.000924658607766915,-0.0007005002836504166,4.907006475596276e-07,0.0002612756748939793
617,0.0004158693096529831,0.00010411318880310105,0.0004944713013224818,0.0003903581125193808,-0.006129129323880981,3.756622626849282e-05,0.00039162468853459753,-0.00537170203841506,2.8855182789500056e-05,0.0005586614623780406,-0.01568177787596783,0.0002459181573513103,0.0005331277530548073
618,0.001153566970763964,0.0004335041379086209,0.0015385070343403677,0.0011050028964317469,-0.018075157726145846,0.0003267113268251576,0.002447493567181769,-0.023158833599670442,0.0005363315736970353,0.001049725212236674,-0.02091577187683445,0.0004374695132036699,0.0011183023236026601
619,3.951954229297616e-05,6.660227032995181e-06,0.0003595570688652572,0.000352896841832262,0.00017630669647400186,3.1084050888807724e-08,0.0004263173942914422,-0.0029166873983702247,8.507065379581569e-06,0.0003075108019673367,0.0033826811360250864,1.1442531668515166e-05,0.0003448430103369926
620,4.26580936639942e-05,1.9333698526876237e-05,0.00031247872855429587,0.00029314503002741965,-0.004265137137832847,1.8191394804523142e-05,0.00020723080271389804,0.005151949325696089,2.6542581854638314e-05,0.00037098740439633904,-0.0036424056503505577,1.3267118921467258e-05,0.0003592179785526506
621,0.0010431281022140748,0.0001465178054886144,0.0004662876452677193,0.0003197698397791049,-0.004374259273751551,1.9134144193966307e-05,0.0003478251200301763,-0.012581203195541044,0.0001582866738475408,0.0003671674087086796,0.016190509517128925,0.0002621325984243361,0.000683870407064302
622,0.00021001969776679452,8.535514357610463e-05,0.0008435099734998378,0.0007581548299237332,0.00960522845785178,9.226041372734084e-05,0.00105124778493626,0.012284496113889102,0.00015090884477242383,0.0010143112307923197,-0.00359112408981761,1.2896172228549219e-05,0.00046497090477093383
623,0.0002909223827787244,7.553293915685266e-05,0.0005557255883666216,0.0004801926492097689,-0.009468058299083638,8.96441279550908e-05,0.00047157658061713903,0.01048202601174346,0.00010987286931063434,0.0003374356973031567,0.005204019619993092,2.708182020483285e-05,0.0008581644871795691
624,0.0002854457288861134,0.0001252746015223775,0.0003291196607063303,0.00020384505918395282,0.00806641071967429,6.506698189845395e-05,0.00024922548357553254,0.014549968920117461,0.00021170159557637458,0.0002586965813661246,-0.009952649249938229,9.905522709230397e-05,0.00047943691717733383
625,5.562181128004884e-05,1.5353573772839784e-05,0.0003258548273498141,0.0003105012535769743,-0.005896414415269672,3.4767702956628455e-05,0.0002660242140913871,-0.0017174018220407485,2.949469018354023e-06,0.00018604730669269376,-0.0028885202688636994,8.343549343536871e-06,0.0005254929612653614
626,0.00013034305017911585,6.857202631723365e-05,0.00021012811095233452,0.0001415560846351009,0.005974957001729597,3.57001111724875e-05,0.00015091820856172333,0.010642720438724617,0.00011326749833628913,0.0002741068578139272,-0.007533157999345713,5.674846944292433e-05,0.00020535926648135305
627,0.00032956662444882934,3.7643980734802795e-05,0.0004805116387006277,0.0004428676579658249,0.0027930245346752935,7.800986051242909e-06,0.0005994602768307766,-0.009380343264866059,8.799083976673838e-05,0.0006567113284651205,0.004140062365053057,1.7140116386427096e-05,0.000185363310805986
628,0.00013139298253350695,4.624885993139335e-05,0.00034598060515507917,0.00029973174522368584,-0.008723109804821284,7.609264466656995e-05,0.0004730847883700484,0.00790996606995898,6.256756322786661e-05,0.00016127825027856257,0.00029389096597898923,8.637189974347592e-08,0.00040357877681662657
629,0.00018891251074582005,2.581658114878908e-05,0.00019715469695728385,0.00017133811580849478,0.00571880827261394,3.27047680585002e-05,0.00033934302231153346,-0.006451367676030491,4.1620144891729716e-05,0.00011849677684239168,-0.0017677190093200207,3.1248304961373208e-06,0.00013362429171792645
630,4.586990993005191e-05,1.3631107775154602e-05,0.0001808113984671141,0.0001671802906919595,0.0009661937797991095,9.335304200774885e-07,0.00017228882937803114,-0.005585193392949765,3.1194385237021116e-05,0.00014449151820572492,-0.002960643117280877,8.7654076683652e-06,0.00022565384781758624
631,1.9591580380340368e-05,5.156673387518573e-06,0.00011309251272513994,0.00010793583933762137,0.0028277360348078983,7.996091083040113e-06,9.272920135949825e-05,-0.0006088403838694531,3.706866129604691e-07,0.00014115257969948836,-0.0026651908873173225,7.1032424665551375e-06,0.00010539575711643323
632,5.931656431812371e-06,2.741076113088603e-06,0.00014532648381996674,0.00014258540770687814,-0.00242165782643264,5.864426628532371e-06,0.00021669747832708808,-0.00041157804273567937,1.6939648517233508e-07,5.946442052207068e-05,-0.0014796638893566497,2.189405225561103e-06,0.0001598175526107415
633,0.0002915225319750636,8.279440907047834e-05,0.00029949871985679444,0.00021670431078631608,0.004898045747733641,2.3990852146771324e-05,0.000285915036787765,0.007124530736094802,5.0758938209938265e-05,0.00017860089085830477,-0.013177004092531227,0.00017363343685472543,0.00043398023192431356
634,0.00020921511662741477,7.943029321644257e-05,0.0007555280701079617,0.0006760977768915192,-0.003646100156871327,1.3294046353973243e-05,0.0006775753446782717,0.010160368698443544,0.00010323309208826181,0.0011128821732400151,-0.011034660901319984,0.00012176374120709266,0.00047612669240559846
635,0.00012858464506948497,4.166080069171555e-05,0.00019240952054092966,0.00015074871984921412,0.0090568109016611,8.202582370808731e-05,0.0002676501649719887,-0.006532939910425388,4.267930387336083e-05,0.00016298897342359453,0.0005265686030109947,2.7727449369852053e-07,0.0001465894232272058
636,0.002985361014309129,0.001322194659216495,0.003673929507572652,0.0023517348483561573,-0.03132892555246277,0.0009815015762716373,0.002661749703461891,0.02424625320937726,0.0005878807946931852,0.0027379529956943482,0.04896122554312667,0.0023972016066846624,0.005622085823561718
637,0.0004280906837303977,9.683941644448672e-05,0.0003050761658569545,0.00020823674941246778,-0.0015660628427293002,2.452552827381105e-06,0.00012090270411491133,0.016167922881677965,0.00026140173030775316,0.00047079465991806124,-0.005163716316612915,2.6663966198325895e-05,0.000323531133537891
638,0.00016984805304787187,8.146391452105532e-05,0.00021865565978906876,0.00013719174526801342,0.010420770547876696,0.00010859245881178481,0.00033310991655000066,0.0009953358323466568,9.906934190784256e-07,4.180565126055136e-05,-0.011610710199305332,0.00013480859133230272,0.00028105141155665425
639,0.00016918112464558988,4.854196889699421e-05,0.0002281470004144396,0.0001796050315174454,-0.0006623397577901148,4.3869395460749416e-07,0.00017161119913955414,-0.008223979022988402,6.7633830970526e-05,0.0003476851701387229,-0.008806439789485102,7.755338176584914e-05,0.0001651446319650418
640,7.119655287268767e-05,1.9786184634644027e-05,0.0005209317493508244,0.0005011455647161804,0.00344378449941024,1.1859651678380878e-05,0.0006092643401264253,-0.006658757612700224,4.4339052944764035e-05,0.0007325303740669531,-0.0017775964898218888,3.1598492807871637e-06,0.0002210005338590948
641,5.7732234578944386e-05,1.3658346380488831e-05,0.00014920027067074257,0.00013554192429025375,0.0027310976689934254,7.45889447728576e-06,0.00011443572869507257,0.005784579391779984,3.346135873949496e-05,0.00025818281033918034,0.00023406393282184381,5.4785924685774035e-08,7.498227297797477e-05
642,0.00034464530022437767,0.00010184506663749963,0.00023081362023091856,0.0001289685535934189,-0.015760045439802577,0.00024837903226493374,0.0003227418853193331,-0.003126940276423525,9.777755492157425e-06,0.0002586276171056001,0.00688319781462179,4.737841215540772e-05,0.00011107135826782244
643,0.0011564990540694486,0.0004920558259500588,0.0018790373863039795,0.0013869815603539206,-0.022970270672513254,0.0005276333347686846,0.003095677425248189,-0.026219289355588413,0.0006874511343121226,0.0010409373197205474,0.016158063274089706,0.0002610830087693694,0.0015004974139432026
644,0.0005349690040142852,0.00015316602311873004,0.0007337592873135623,0.0005805932641948323,-0.00015661906689831627,2.4529532294259582e-08,0.0005111575334859619,-0.021428499972609566,0.00045918061107630415,0.001454601969285041,-0.0005412289233041231,2.9292874759168086e-07,0.0002355183591696841
645,1.2983472051364409e-05,4.422166353953057e-06,0.00018555262928151203,0.00018113046292755897,0.0035027322441327988,1.2269133174092062e-05,0.000192972226134569,-0.0006834986915533761,4.671704615377692e-07,0.0002744831445389284,-0.0007281451959386061,5.301954262293407e-07,8.920251717103866e-05
646,7.052691687026158e-05,4.20422641830287e-05,0.00012577418423990552,8.373192005687682e-05,-0.002569452416446113,6.602085720452955e-06,0.00012253165564757307,-0.00700293150030427,4.9041049598130826e-05,0.00014865551583043146,0.008395454557727312,7.048365723050232e-05,0.00010613538124171207
647,0.0015793614858997662,0.0004845702733331884,0.0018286155479833772,0.0013440452746501888,0.02462455376192484,0.0006063686479740316,0.000991499209688551,0.01148617843762937,0.00013193229510100046,0.0032656296467261647,0.02674714708010428,0.0007154098769245332,0.001228717787535416
648,0.00013219539447362205,5.858869748135801e-05,0.0003260052888526266,0.00026741659137126855,-0.00834090845680075,6.957075388436262e-05,0.00020738179986745653,0.005156740340297731,2.6591970937572817e-05,0.0001939459738962146,0.008922071935490423,7.96033676221386e-05,0.0005766880927942086
649,0.0005966405885607928,0.00041876999975258106,0.0008762754493094974,0.00045750544955691636,-0.02277614052505351,0.0005187525772158974,0.000936656411256731,0.019039573914273092,0.0003625053748378404,0.0008437193542819577,-0.019366260537445484,0.0003750520472040053,0.0008484505823898036
650,0.00011084793496662915,5.9827124065640426e-05,0.00023827739475420126,0.00017845027068856084,0.007513939925311076,5.645929320174936e-05,0.00011874424586166832,0.0067322852300135076,4.5323664418561727e-05,0.00038339099860340564,0.008814670417903183,7.76984145766102e-05,0.0002126969397975298
651,0.0001284654722739642,3.9174234279200824e-05,0.00039777708339783224,0.00035860284911863144,-0.004492491575257634,2.018248055357663e-05,0.00035843014676717466,-0.007993638435269037,6.389825543384742e-05,0.00039762609355642464,0.005782902977746551,3.344196685017842e-05,0.0004372750098698974
652,3.744618001633171e-05,1.560400330051041e-05,0.00017931227295645927,0.00016370826965594887,-0.0017999503161951582,3.2398211411432953e-06,0.00010131531841039987,0.0025621051884960515,6.564382996843143e-06,0.00015083315817143728,-0.006083404126276329,3.700780576354479e-05,0.0002857883422875407
653,7.566996340679921e-05,2.9500068919589378e-05,0.00018926787362660846,0.0001597678047070191,0.005510217320778077,3.036249492183174e-05,0.00036483930788244745,0.006788537076995731,4.6084235645782456e-05,0.00011476416607203443,0.0034718116581934854,1.2053476191153933e-05,8.82001469253435e-05
654,0.00011714415992747362,4.78647771984253e-05,0.00019069099378473306,0.00014282621658630776,-0.006449904533295739,4.1601268488622445e-05,0.00022073085703455675,-0.006886285828257016,4.742093250897916e-05,0.00023193269701315966,0.007387295215271262,5.4572130597674295e-05,0.00011940942730648274
655,0.00019725788906543862,0.00010017930878207053,0.00024110408665341718,0.00014092477787134666,-0.01342911996073451,0.00018034126292043595,0.00024815615328976914,0.004721477394224421,2.2292348784369587e-05,0.00021218520421639742,-0.009894660915955793,9.790431464140603e-05,0.00026297090245408494
656,0.00035100760330464276,0.00012997908991729812,0.0005333696310676853,0.0004033905411503872,0.0013185034869081635,1.7384514447993382e-06,0.00021889503626792983,0.006758350892139959,4.567530678101228e-05,0.00046567449902279456,0.0185073907271236,0.00034252351152608274,0.0009155393579123317
657,0.0006066539003221072,0.00019255995389833025,0.0004633011857855622,0.0002707412318872319,-0.023831915980443884,0.0005679602192987243,0.0010731678725434124,0.0011506334919075768,1.3239574331302961e-06,0.00011393579881935345,-0.0028975308390818432,8.39568496313614e-06,0.00020279988599392063
658,0.0003244889916036442,0.00013791590902449227,0.00044433527614258966,0.00030641936711809736,0.006601205924243391,4.3575919653870976e-05,0.000474701517088838,0.015825729279042865,0.0002504537072138824,0.00047541678008489185,0.010941576678215855,0.00011971810020572349,0.0003828875312540392
659,0.00041780114931300183,0.00011807208141934034,0.0007090393813690143,0.000590967299949674,-0.008360885314490847,6.990440324206038e-05,0.0011453893068882337,-0.01331332707546963,0.00017724467781854436,0.0006603326201088944,-0.010347326379186948,0.00010706716319741627,0.00032139621710991495
660,9.09173977655664e-05,2.444607671629277e-05,0.00010863545079187187,8.41893740755791e-05,0.0011056743367176714,1.2225157387524277e-06,5.9754485501106736e-05,-0.006489275708644915,4.2110699222441816e-05,0.0001705679150416639,0.0054776833778081456,3.000501518768406e-05,9.558395183284496e-05
661,0.00021680896292386453,7.04373238856378e-05,0.00026207381712380534,0.00019163649323816756,0.0037686018854963302,1.4202360171577944e-05,0.00013884353322879406,0.002270219041953775,5.153894499398959e-06,0.0002125598383202476,0.013854808442772324,0.0001919557169859365,0.0004348180798223744
662,0.0018593992422029082,0.0007372609514907739,0.0011155923646896104,0.00037833141319883656,0.011095261212035634,0.00012310482136346224,0.0005353820115890917,-0.017899456155308312,0.0003203905306558008,0.0004267795407141284,-0.04205101071856452,0.0017682875024530587,0.002384615541765611
663,4.44969906109316e-05,1.9500474061480883e-05,0.0001353428290944795,0.00011584235503299863,7.657871752729025e-05,5.864300156588342e-09,0.00019617268059557436,0.006271608588523401,3.9333074287273284e-05,8.537676681696915e-05,0.004377497412587355,1.916248359701278e-05,0.00012447903987089504
664,0.0001532510269615095,7.283925119390873e-05,0.0002404632397195646,0.00016762398852565585,0.0022043267941849994,4.859056615624802e-06,0.000264656083149295,-0.012026124910682293,0.00014462768036782592,0.0002774520655801638,-0.008308490632957053,6.903101659827549e-05,0.00017928157042923498
665,0.00010098538798974932,2.9595427821438314e-05,0.00021575838665692051,0.0001861629588354822,0.003516613198934034,1.2366568390875798e-05,0.00013478604777428238,-0.008196826560302366,6.718796565985397e-05,0.00020584883136043342,0.0030383794058009587,9.231749413585177e-06,0.0003066402808360458
666,4.033889308541205e-05,1.304995620306689e-05,0.00020518538973242814,0.00019213543352936124,-0.005888541547286095,3.467492155373453e-05,0.000304636004882064,0.0019094434841624025,3.6459744190420196e-06,0.00014525143034793686,-0.0009104793443271302,8.28972636424119e-07,0.00016566873396728354
667,9.120995193212522e-05,3.388715341719658e-05,0.0011147846730217292,0.0010808975196045327,-0.007925136981456844,6.280779617495735e-05,0.0008931747473480689,0.00592235038131605,3.507423403892318e-05,0.001847508179429691,0.0019440756255403645,3.779430037709197e-06,0.0006036710922874278
668,0.00021608883208290575,6.970335339081164e-05,0.0002710224299556548,0.00020131907656484316,0.00011190835765771974,1.2523480585890923e-08,0.00015670715834359417,0.002861371286183958,8.187445637353186e-06,0.00034565197936842207,0.014174275680056603,0.00020091009105449587,0.0003107081521549482
669,2.5221252532126037e-05,1.0606197053730781e-05,0.0002250819106673537,0.00021447571361362291,0.004048701660672334,1.6391985137587106e-05,0.00019370001071217224,0.003428639096773098,1.1755566055815514e-05,0.0001876106684884915,0.0019159958162874755,3.6710399677897243e-06,0.0002939350528013973
670,0.0002470718223563928,0.00011433724924140669,0.0002832594095002842,0.00016892216025887752,-0.015584011426218939,0.0002428614121323669,0.0004748618584372588,-0.0008971413596353527,8.048626192191932e-07,0.00016992661192483105,-0.009967219921972333,9.934547297263396e-05,0.00020498975813876275
671,0.00010601538553145495,3.876167072288291e-05,0.0007886730539305997,0.0007499113832077168,0.00584158370019061,3.41241001263759e-05,0.0005303801885275794,0.0012851677201974557,1.6516560692458881e-06,0.0007476072510063103,-0.008972695022854095,8.050925597302694e-05,0.0010880317222579095
672,2.9463464558565633e-05,1.4084353626745797e-05,0.0004646196187268285,0.0004505352651000827,0.004755154836040028,2.2611497514590795e-05,0.0006101028940009856,-0.002721285789903036,7.405396350690374e-06,0.00020591980924333786,0.0034980233010918588,1.2236167014956223e-05,0.000577836152936162
673,0.0014903215920410995,0.00026242530143242665,0.0007928544968248685,0.0005304291953924418,0.010591294205124191,0.00011217551293918326,0.0005337507766277616,-0.00835361148081545,6.978282477243525e-05,0.0008789515051423891,0.02460320236444315,0.0006053175665856614,0.0009658612087044549
674,0.00040970526103145666,0.0001578596292571103,0.0009342328910864431,0.0007763732618293329,0.01418858803537601,0.0002013160304374928,0.0014508958196999266,-0.016178699551782576,0.0002617503191866266,0.0011335559678654628,0.003242304450155906,1.0512538147211536e-05,0.00021824688569394013
675,0.00032317821736160823,0.00013477212303255234,0.0002849572017579183,0.00015018507872536593,-0.009010025178443924,8.118055371619803e-05,0.00020687103476257906,-0.009884524223142835,9.770381911811121e-05,0.00032793497102345803,-0.015014392970186596,0.00022543199626334776,0.00032006559948771773
676,0.0004666768489506312,0.00010887147263024162,0.0005029387805678409,0.0003940673079375993,-0.007055322559012577,4.9777576411780267e-05,0.0005354053151411797,0.016393538753175525,0.00026874811285193534,0.0003871317957184761,-0.0028440690264293733,8.088728627009267e-06,0.0005862792308438669
677,0.0047861625551662845,0.0014809285769146936,0.0027242696108998508,0.0012433410339851572,-0.017820599205160024,0.000317573756031142,0.002228250313556668,0.008971673013888152,8.049091666828545e-05,0.0011915242073112786,0.06359812149776733,0.0040447210580446535,0.004753034311831605
678,1.2537198219586543e-06,3.465415798394507e-07,0.0001780405426766348,0.00017769400109679534,9.552021315496283e-05,9.124110800229346e-09,0.0001810619414663872,0.0002612588407077437,6.825618170669401e-08,0.00014927523800434273,-0.0009809405930523783,9.622444470114289e-07,0.00020378444855917444
679,2.5522406300493294e-05,7.154119392782654e-06,0.00014947387412663402,0.00014231975473385136,0.0018805356329608908,3.536414266980259e-06,0.0001216828181099805,0.0020194900414966764,4.078340027691141e-06,0.00015186733117633633,-0.003721236875529872,1.3847603883676562e-05,0.0001748714730935852
680,0.0003869558283577934,0.00026232086271190297,0.000708301740786473,0.00044598087807457004,0.01102396046879322,0.00012152770441753447,0.00036318572961890894,0.017732509701728953,0.0003144419003221488,0.0008655216665356402,-0.018734806734951235,0.0003509929833960257,0.0008961978262048698
681,3.645627695281206e-05,4.635590819757063e-06,0.0001843998438737504,0.00017976425305399335,-0.0013417557444672062,1.8003084781836876e-06,0.00014936140160570766,0.0019905224204919574,3.96217950604516e-06,0.00019185965433210495,-0.0028538192786393586,8.14428447504234e-06,0.00021197847568343864
682,0.00020918631382949027,7.499069464837287e-05,0.0003550256389638351,0.0002800349443154622,0.012450375276581747,0.00015501184452781924,0.00045798005865094193,0.004213628469532674,1.7754664879077175e-05,0.0005381023547107455,0.0072253425204598645,5.2205574538222166e-05,6.899450352981784e-05
683,0.00012082534221913299,2.265480986322436e-05,0.00017651398989289765,0.0001538591800296733,-0.007245054968607658,5.249082149849649e-05,0.00019367842302253635,0.003081287917276511,9.494335228787953e-06,9.013301346327829e-05,-0.002445255173282907,5.97927286238864e-06,0.0002457305331928783
684,8.299624267238404e-05,5.583333617450078e-05,0.0003029251413071791,0.00024709180513267837,0.006914934756599563,4.7816322687133095e-05,0.00022245777026641544,-0.008821809555786085,7.782432383873772e-05,0.00043893310311815537,0.006469881142454518,4.185936199763152e-05,0.0002473845505369665
685,0.00017014726162811744,8.255725675284283e-05,0.00021702626118424995,0.00013446900443140713,-0.011376968669426007,0.0001294354161051059,0.00024778701473304743,-0.009831581170736138,9.66599883167607e-05,0.00027500069439778674,0.0046450366883948775,2.1576365836661893e-05,0.00012829107442191567
686,1.701234572260013e-05,6.204576539362942e-06,0.00023921896194615636,0.00023301438540679342,-0.0013847127215455475,1.9174293213186644e-06,0.0002779136778064961,0.004077689309523577,1.6627550105008382e-05,0.0003944645408724412,0.0002622025783513555,6.875019176177943e-08,4.527866715953177e-05
687,4.709134629887757e-05,2.131641092809981e-05,0.00023949113519590912,0.00021817472426780932,-0.006516994682479812,4.2471219691586626e-05,0.00015947436846108776,-0.0008304528851249701,6.896519947341417e-07,0.0002581318756009754,-0.0045594255227790845,2.0788361097978658e-05,0.0003008671615256642
688,5.2111822893885495e-05,1.150322681882828e-05,0.00014689109106521178,0.0001353878642463835,0.000978628064899108,9.577128891047337e-07,0.00011387527965900368,0.002367701130664668,5.606008643854743e-06,0.00015991725684116886,0.00528639375408455,2.794595892352536e-05,0.00016688073669546277
689,9.476969102240052e-05,3.6407184870708896e-05,0.00026154061368088843,0.00022513342881017953,0.0073859268423778004,5.455191532088843e-05,0.0002544956159148404,-0.006586572683775401,4.3382939718727975e-05,0.00021593758096583038,0.0033595683610543044,1.1286699572510273e-05,0.00031418864416199455
690,9.049593096244202e-05,3.122535516264513e-05,0.0002766071381951433,0.0002453817830324982,-0.003145962594645654,9.897080647025547e-06,0.0002752651822882646,-0.009036161266607275,8.165221043598958e-05,0.00039144188429629523,-0.0014583464626255073,2.126774404920262e-06,0.0001631143480008701
691,6.378798104378358e-05,2.9401205945892944e-05,0.00024608722240597,0.00021668601646007704,0.004728450880702041,2.2358247731335545e-05,0.00024162843707353776,0.007982375119350266,6.3718312546035e-05,0.00018988952978982176,-0.0014584435403064183,2.1270575603082875e-06,0.00030674370035455034
692,4.0493413228315234e-05,1.8811861556648306e-06,0.00037790087640513875,0.0003760196902494739,-0.0020054238030375476,4.0217246294327325e-06,0.0003052040768728448,-0.001130230858624896,1.277421793899336e-06,0.000385811013925097,0.0005868662908131896,3.4441204366242317e-07,0.00044268753841747444
693,0.0005408450026946898,0.0001259070992470542,0.0004135112534661145,0.00028760415421906027,-0.006275805953498145,3.938574036621567e-05,0.00029909663851113155,0.015002965707816486,0.00022508898003015254,0.00040452942185231766,0.010641737515317997,0.00011324657734479437,0.0005369077000348943
694,0.00010225321567791656,3.568982010589602e-05,0.0003517906234629849,0.0003161008033570889,0.009672475175527795,9.355677602085333e-05,0.00044813959946776727,0.0035734626261305744,1.276963514051932e-05,0.000491934312425335,-0.0008620029909117768,7.430491563154007e-07,0.00011529795849585245
695,0.0011690679808221693,0.00020977348162679968,0.000893137944019573,0.0006833644623927734,0.00621742970115622,3.865643208889047e-05,0.0003698921887067552,-0.01655040976957297,0.0002739160635406579,0.0016192714589214896,-0.017797414116963475,0.0003167479492508507,0.0006902501844304743
696,0.00037145099015767347,4.544877112529674e-05,0.00021786878667010937,0.00017242001554481262,0.004757639131347135,2.2635130104142753e-05,0.00010987009142915394,-0.003682777986841603,1.3562853700133104e-05,0.000243306062470805,-0.0100074137304196,0.00010014832957161435,0.0003004302061103692
697,0.00014230602645326496,4.7000805444878203e-05,0.00043114234046518857,0.00038414153502031034,0.009909043782583908,9.818914868520157e-05,0.00046706511491534375,0.0017777494049930976,3.1603929466772485e-06,0.00016595098617422366,0.006297052858501277,3.96528747027558e-05,0.0006604109203059982
698,0.00017025865835140763,6.568366953226452e-05,0.0004636745102843583,0.0003979908407520938,0.0067353587502046695,4.536505749386244e-05,0.0006949273606987605,-0.010028544596172936,0.00010057170671762261,0.00022562603779852086,-0.007149422660986147,5.111424438530854e-05,0.0004704701323557936
699,0.0009381638837020478,0.0006436756603145355,0.0013834028100070765,0.000739727149692541,-0.02375883701552138,0.0005644823363302187,0.0009888752051824268,0.027698626139834624,0.0007672138900344239,0.001570033452232722,0.02448123270137387,0.0005993307545789639,0.0015912997726060807
700,0.0002444676093981135,5.08147403920726e-05,0.00032699663391381567,0.00027618189352174305,0.008472546141187986,7.17840381144752e-05,0.0004153390790895273,-0.008198313304571304,6.72123410399017e-05,0.000428746777339728,-0.003667129943379219,1.3447842021840906e-05,0.0001369040453121917
701,2.6622620461047575e-05,1.172968031130465e-05,0.00017632943774725796,0.00016459975743595331,0.0029328651167891263,8.601697794929919e-06,0.00020195343706885804,-0.004312904533659325,1.860114551599512e-05,0.00017963754303951252,0.0028259861328408077,7.986197622988911e-06,0.0001473973331334033
702,6.932903761291964e-05,2.4004068379472148e-05,0.0004737036872339469,0.00044969961885447474,0.004098609463873362,1.679859953751528e-05,0.0004453361301043346,-0.0018029361329810435,3.2505786995429276e-06,0.0006605883911972033,0.007208538471925394,5.1963026901358234e-05,0.0003151865404003029
703,0.000149202305840479,3.9755445501351204e-05,0.00017813509250745133,0.00013837964700610012,-0.007677565891092779,5.894501801206875e-05,0.0002458497042746588,-0.005139089116876393,2.6410236950935584e-05,9.072159915735067e-05,0.0058233222082405825,3.391108154104927e-05,0.00019783397409034453
704,0.00019130739838624233,6.779131960114408e-05,0.00018729500752319903,0.00011950368792205494,0.005027948208295549,2.5280263185378793e-05,0.00013970853615263845,-0.002184280810486363,4.771082659060788e-06,0.00016024392698876788,0.01316520463034698,0.00017332261295899265,0.0002619325594281907
705,0.00023170252016313508,5.710568926438805e-05,0.0003288442064270554,0.0002717385171626674,-0.0024607354525331016,6.055218967571108e-06,0.0004402270374429529,0.0015202586044480333,2.3111862246238957e-06,0.00013887690434688515,0.012765212986893853,0.00016295066260096913,0.00040742867749132827
706,8.768811976544999e-05,2.2855009543243376e-05,0.0005517055943341879,0.0005288505847909445,0.001497225601677821,2.241684502468644e-06,0.0010168262609885348,-0.007721724777735117,5.962503354306481e-05,0.0004731701327524984,0.0025881094613690258,6.698310584196676e-06,0.0001651203892615305
707,0.00011370191248982753,4.071192629447514e-05,0.0004448511120074272,0.0004041391857129521,0.002479209218723014,6.146478350399498e-06,0.0004378516733326565,0.0017033727980749684,2.9014788891501553e-06,0.0003927070021548795,-0.010634275793105498,0.00011308782164387576,0.0005039946605347456
708,2.4537288630499532e-05,9.079981992954345e-06,0.0002360738329098,0.00022699385091684565,-0.0038426032004178407,1.4765599356092451e-05,0.00012417048216295523,0.0019946720124530424,3.978716437536001e-06,0.00029719137032002685,-0.0029147264340159914,8.495630185234582e-06,0.0002868596462464179
709,5.772748831445185e-05,1.0534637149950399e-05,0.0002993812708657062,0.0002888466337157558,-0.004852104228129147,2.3542915440710743e-05,0.00028909466914217585,0.002804959130514583,7.867795723703885e-06,0.00015726073322708256,-0.00043954554408025384,1.9320028543656775e-07,0.0004517884102278602
710,0.00020861881669687055,4.368567939986671e-05,0.00024591415624501217,0.00020222847684514547,-0.0019732744097008623,3.893811896027444e-06,7.716809221913756e-05,0.01104087038386333,0.00012190081883334258,0.0004931301655123344,0.0022939937816340724,5.262407470230102e-06,0.00016744421100356455
711,0.00020481261970484166,0.00010790786529416933,0.0004917710244898658,0.0003838631591956964,-0.006582383859943131,4.332777727977799e-05,0.0004170726771867139,0.010004615829858421,0.00010009233790353456,0.0005325014615510382,0.01342771315968861,0.00018030348069919544,0.0005257389347318453
712,0.0013630503528774263,0.00027084122662128046,0.0006290505362941401,0.00035820930967285963,0.025138565108415598,0.0006319474557100468,0.0007267070619968452,0.004122667859693565,1.6996390281409646e-05,0.000527834952218198,-0.012789833223002556,0.00016357983387238484,0.0006326095946673771
713,0.00013956032015804976,2.5410217271537583e-05,0.00017279475371804556,0.00014738453644650798,-0.001340659597827503,1.7973681573080214e-06,0.00014288662181005662,-0.003632144820048078,1.319247599385065e-05,0.00028020229540859365,0.00782565062236452,6.124080766345408e-05,9.529534393548644e-05
714,0.0008501619445757669,0.0003762754906658783,0.0007910187922498165,0.00041474330158393824,0.028016185913189107,0.0007849066731225873,0.001321861038446115,-0.015936062196220943,0.0002539580783219586,0.0004068370315429837,-0.009484815261935982,8.996172055308893e-05,0.0006443583067603509
715,0.00031808985631132103,0.0001473790556840715,0.00035340521613169695,0.00020602616044762545,-0.014376328198606647,0.00020667881247449227,0.0002962803505083267,-0.012821055126159189,0.00016437945454816916,0.000593067030051242,-0.008430830328641028,7.107890002955308e-05,0.00017086826783552223
716,1.3984947823564298e-05,3.717500836497578e-06,0.00030181076847760985,0.00029809326764111227,-0.0012586122504777465,1.5841047970033273e-06,0.0003535164901568022,-0.0006935069118555685,4.809518366899468e-07,0.0002673320898587406,-0.0030145390818129714,9.08744587579946e-06,0.0002845837254172867
717,0.00018871925177776916,3.0370823431084364e-05,0.00019667172850024173,0.00016630090506915737,0.0030205987281515254,9.12401667607643e-06,9.413447881223558e-05,-0.0032039681468265776,1.0265411886090092e-05,0.00020459477665502046,0.008468945727231504,7.172304173108657e-05,0.00029128593003346914
718,0.00013865123185852202,3.6647445623520326e-05,0.0002791978771323385,0.0002425504315088182,0.0038163168776948297,1.4564274510964204e-05,0.0002704633343438845,-0.0018384688108257442,3.3799675683843233e-06,0.0003347365823683779,0.009591563730224004,9.199809479121246e-05,0.00023239371468475323
719,3.1314878939703306e-05,1.0168254702532428e-05,0.00011299776799840917,0.00010282951329587675,0.003687224196082944,1.3595622271989072e-05,5.4444646651607975e-05,0.004023320408932934,1.618710711315252e-05,0.00019663569238492773,0.0008497262630783145,7.220347224556889e-07,8.791296495869183e-05
720,0.00017808983758704766,5.19312195825794e-05,0.00021951952588535514,0.00016758830630277574,0.008398228659137634,7.053024461090018e-05,0.0002790379112994623,-0.00825811201112927,6.819641398869702e-05,0.00023324462928520084,0.0041312225972563055,1.7067000148140998e-05,0.00014627603707140224
721,0.00016361217768556813,6.837406120008271e-05,0.00025347521270358,0.00018510115150349726,-0.008331066043079843,6.940666141408425e-05,0.00023281140410436052,0.0017874912368719014,3.195124921973047e-06,0.0002627153596159726,-0.011511750399668192,0.00013252039726419085,0.0002648988743904068
722,0.00018702357455058216,6.219289244957515e-05,0.00025427710814374116,0.000192084215694166,-0.005079796435295861,2.58043318237533e-05,0.0002130412413742233,-0.007942057249362302,6.307627335200294e-05,0.0002667525633116563,0.009884233514716088,9.769807217296922e-05,0.00028303751974534386
723,0.00011032804764865567,2.5097961175224448e-05,0.0001687399612058845,0.00014364200003066005,0.0077764249018827895,6.0472784254805845e-05,0.0001153188561433538,0.0027286350570348283,7.445449274223748e-06,0.0003259010938845286,0.002715814794259116,7.375649996643752e-06,6.499993358977108e-05
724,0.0010612407687263792,0.00036787491848092974,0.0007979795356904962,0.00043010461720956644,0.030978909092116775,0.0009596928085378043,0.0013132472048136279,-0.003337403293725369,1.1138260744725237e-05,0.00043187988539961086,0.011523614283725973,0.00013279368616025966,0.0006488115168582498
725,0.00015997262722444727,3.918122401103119e-05,0.00018620912563116487,0.00014702790162013368,0.007481639096910337,5.5974923576229685e-05,0.00026374432870202025,0.005908430074362156,3.4909545942318765e-05,0.0001006826215274037,-0.005163255030973808,2.665920251454512e-05,0.00019420042666407067
726,0.00011229480344865372,4.495246359640751e-05,0.0001585322710465261,0.00011357980745011859,-0.0029933330229732396,8.9600425865477e-06,0.00017298681807353944,0.008640226136233421,7.465350768520729e-05,0.00019850199484061637,0.007158480321801355,5.1243840517467554e-05,0.00010410800022542244
727,0.00012115455498562522,4.623487040774273e-05,0.0002838294283320127,0.00023759455792426995,0.0063095264177678995,3.981012361653491e-05,0.000254649578973698,0.009392028475187449,8.82101988788353e-05,0.00031902145253082104,0.003268683026531542,1.0684288727857982e-05,0.0002778172534915191
728,0.0003941786259176183,1.1075655751979774e-05,0.00015028494397269684,0.00013920928822071707,0.0017092402071024705,2.9215020856954155e-06,3.546851949609575e-05,-0.0016447178696978794,2.7050968710584655e-06,0.0001867735591962738,0.005253605266773966,2.760036829918544e-05,0.00022861275322572094
729,0.00016000819588579684,2.0094356115274437e-05,8.478864968578896e-05,6.469429357051452e-05,-0.0006842355481188651,4.681782853621641e-07,0.00010096805241444073,-0.0014879170006856313,2.213897001057674e-06,3.014580352966867e-05,0.007589531807658057,5.760099305940347e-05,0.00012325209311325747
730,0.0018937197435762165,0.0007513369540462408,0.001140655574335921,0.00038931862028968023,-0.03358824466454911,0.0011281701796456156,0.0013686970781167096,-0.03352248114495308,0.001123756742113735,0.0014555009597897461,0.001443585944503155,2.0839403793715405e-06,0.0005977686851013075
731,0.0005475527299978467,0.0002193925344469161,0.0007286749175460239,0.0005092823830991078,-0.0006461707271919457,4.175366088432497e-07,0.0005777860274520652,-0.01414890326642508,0.000200191463642585,0.00074604181341964,-0.021390853257625554,0.00045756860308932,0.0008621969117663664
732,0.0006512745128005593,0.00022550477947214098,0.0015024925429196385,0.0012769877634474975,0.006739237809434133,4.541732625196193e-05,0.0028784575080004204,0.01777809015391132,0.0003160604895203756,0.0009706196721617211,0.017749268228413894,0.00031503652264408544,0.0006584004485967743
733,0.005383820804365835,0.0014503895625006906,0.0030061334228240755,0.0015557438603233849,0.04739060748225138,0.002245869677536927,0.002958401693940016,0.02256789432632116,0.0005093098543238472,0.001689924310239732,0.039949832986402235,0.0015959891556412975,0.004370074264292478
734,0.0010113994218325928,0.00040970784051815495,0.0009903711920832652,0.0005806633515651103,-0.02405056193361719,0.0005784295293228547,0.0012422278994959068,-0.004501202124680718,2.0260820567385984e-05,0.0004134293573135883,-0.025108428299367172,0.0006304331716642242,0.0013154563194403002
735,3.490468179512263e-05,6.109284208188903e-06,0.00016316409293322862,0.0001570548087250397,0.00155405098629999,2.415074467743139e-06,0.0001522570533530887,0.0022603083248583307,5.1089937235238025e-06,0.0002030156555005158,0.003286911077811303,1.0803784433299768e-05,0.0001342195699460813
736,5.318328154824137e-05,3.532398649915466e-05,0.00011306498984749631,7.774100334834166e-05,-0.005239754091288966,2.745502293755031e-05,0.0001044465442793241,0.005445084694667464,2.9648947331817332e-05,0.00010281652042365419,-0.006990564299667822,4.886798922809632e-05,0.00013193190483951067
737,0.00028785191246838426,7.411296454044407e-05,0.00020110617464523065,0.0001269932101047866,0.0015497843690325853,2.4018315906149112e-06,6.583272365301429e-05,0.0023533898584257884,5.538443825892081e-06,8.907236837207844e-05,-0.014642356989396844,0.0002143986182048252,0.00044841343191059924
738,0.0002071717104747961,5.8017823936255354e-05,0.0008372399983591997,0.0007792221744229444,-0.009949300179002182,9.898857405199468e-05,0.0009713882925843631,-0.008444090252979045,7.130266020016762e-05,0.00064791817928056,0.001939648823048707,3.7622375566037647e-06,0.0008924135232126762
739,0.000738705059389666,0.00022780298646955335,0.0025107602810138983,0.002282957294544345,0.005857245335548721,3.430732292097893e-05,0.003088138231599258,-0.004712488561891189,2.2207548446062653e-05,0.0015623450806021566,-0.02503785310368174,0.0006268940880416185,0.00288179753084028
740,0.0007193799594736872,0.0002446854741556814,0.0010302829721007638,0.0007855974979450824,-0.025241725595966224,0.00063714471106191,0.001978925200283199,0.0009938802501021865,9.877979515460211e-07,0.00038377829103686256,0.009794075426164683,9.59239134535883e-05,0.0007281454249822294
741,4.742053666317858e-05,9.216268824589294e-06,0.0002695503225657407,0.00026033405374115137,0.004060428112045804,1.648707645318659e-05,0.0004164822714146643,-0.0014801116588120794,2.190730522655393e-06,0.0002919877708580376,0.0029951626830570766,8.970999497925902e-06,0.00010018092542452006
742,0.0001497461303374692,7.082211754616541e-05,0.0002859393290138475,0.0002151172114676821,-0.001424078934859576,2.0280008127260274e-06,0.00042587529841175975,-0.012090456459114442,0.00014617913738979027,0.00029555009933979193,0.008016184531059381,6.425921443597993e-05,0.00013639258928999087
743,0.0015902849554793042,0.0007037578303212833,0.0012414235971375254,0.0005376657668162421,-0.026558692794411164,0.0007053641629480856,0.001234266258594796,0.03664111344258031,0.0013425711943121366,0.0021005871437939083,-0.007958525849915778,6.333813370362762e-05,0.0003894173890238717
744,0.0014873071242509361,0.0003913360668782821,0.0006267478675393198,0.00023541180066103767,0.003991544582290208,1.5932428152343192e-05,0.00032786016835351095,0.00932499768763855,8.695558187454822e-05,0.0002892716824839381,-0.03272797260155176,0.0010711201906079548,0.0012631117517805102
745,0.0008326998723560131,0.00042317166229521863,0.0008877721319281809,0.0004646004696329623,0.0226728743928817,0.0005140592332353311,0.0008188525699311944,-0.025431312604963056,0.0006467516608114066,0.000932584947495374,-0.01042612549506492,0.00010870409283891824,0.0009118788783579745
746,0.00021020392324977433,9.535243234174799e-05,0.0003432581675696378,0.0002479057352278898,0.009343965902198615,8.730969878134598e-05,0.00047778098539841274,-0.0058412982114141275,3.4120764794587366e-05,0.0003455817695917629,-0.012830698868314791,0.00016462683344931062,0.00020641174771873771
747,0.0007350716307573668,0.00027186652926255067,0.0006002261763150551,0.0003283596470525045,-0.012305368899508983,0.00015142210375262977,0.0006334888645731507,0.007325964933149688,5.36697622017801e-05,0.00029594929303866646,0.02470845446062734,0.0006105077218332422,0.0008712403713333483
748,0.00013121186729214696,4.032792390011123e-05,0.00020110628713576606,0.00016077836323565484,0.0016734104894472754,2.8003026661949093e-06,0.00017028800700313873,-0.009951025601335721,9.902291051766543e-05,0.00031288515798744143,0.004377277523333268,1.9160558516473358e-05,0.00012014569641671802
749,5.791699452339927e-05,2.2535022314899383e-05,0.0001667214410693655,0.00014418641875446614,0.004124083273781556,1.7008062849099836e-05,0.00010033654588537111,0.0013746263517800898,1.8895976069410736e-06,0.00012162605374566038,0.006979069170627668,4.8707406488657234e-05,0.0002782017235770651
750,0.0005937188640552371,0.0002581298636057383,0.0013370789104750387,0.0010789490468693004,0.02188257773562352,0.0004788472083556705,0.0014148909072696503,-0.017089464067868865,0.00029204978212715726,0.00047930313809518843,0.001868850003219535,3.4926003343871415e-06,0.0021170426860602776
751,0.00021728778883245425,0.00011946356605914883,0.00046237245599567434,0.0003429088899365255,0.01461221071039703,0.00021351670184510674,0.0006501072603709579,0.006982268573680474,4.875207443510998e-05,0.0003218760560186329,0.009804178797678694,9.612192189722979e-05,0.0004151340515974322
752,5.372595460861884e-05,1.5841181610502335e-05,0.00017029687273125335,0.00015445569112075103,0.0015396629772444104,2.3705620838532226e-06,0.00011148509535652273,0.005709232954492887,3.2595340928365246e-05,0.00013109054096838157,0.003543676314106096,1.2557641819288534e-05,0.0002683149818688557
753,0.006780635065481433,0.004514896516307876,0.01859675509307494,0.014081858576767064,0.06485440447819474,0.004206093780221298,0.01071045549188765,-0.07632295839949521,0.005825193978851062,0.02511642797126934,-0.05927395540919578,0.003513401789851267,0.019963381816067827
754,5.614382337304491e-05,1.82315112580896e-05,0.0002615360079388414,0.0002433044966807518,0.0007248026477542674,5.253388779546952e-07,0.00019690804226146774,0.005459684810063493,2.9808158225286263e-05,0.00026743459091549404,0.0049356900906424766,2.4361036671027847e-05,0.0003202653906395625
755,2.6756114051673663e-05,4.601742646862898e-06,0.0003961137901428898,0.00039151204749602686,0.0028428133519238117,8.081587753894226e-06,0.00012846474061189994,0.0003170816830651345,1.0054079380150682e-07,0.000750552385439196,0.002371307528155686,5.623099392892961e-06,0.00030932424437757344
756,0.0006877015729209734,7.328110691273704e-05,0.0003384835775028794,0.00026520247059014235,0.0003178231956864536,1.0101158365305452e-07,0.0005796154015536015,0.014157995693625726,0.00020044884206071867,0.00022028473971569262,-0.00439243293559175,1.929346709383939e-05,0.00021555059123934406
757,7.07610460359831e-05,1.5182437713553062e-05,0.00014504855755096782,0.00012986611983741475,-0.00326969375013309,1.0690897219389761e-05,0.00023680977361195676,0.0012218547940319475,1.4929291377585585e-06,5.303078828633456e-05,-0.005776113466962663,3.3363486783510865e-05,0.00014530511075461217
758,0.00012317492215285775,8.419255203451215e-06,0.00013915110644646678,0.00013073185124301556,-0.00013174642250933903,1.7357119852512426e-08,7.855144316748497e-05,-0.0043632917836980735,1.9038315189345845e-05,0.00016418134794005113,-0.0024904002291414253,6.202093301155287e-06,0.00017472052823186424
759,5.512928085738e-05,2.5749678813376715e-05,0.00028170054342002704,0.00025595086460665034,0.004963143853374383,2.463279690945175e-05,0.00023946620549986086,-0.006930054258500796,4.802565202566278e-05,0.0003923503612218715,-0.002142565636052548,4.59058750501562e-06,0.00021328506353834875
760,4.004040146177168e-05,1.4196254372785452e-05,0.0002673728261807229,0.00025317657180793746,-0.0027377938027937196,7.495514906752376e-06,0.00028746921597866404,0.0028273033838978174,7.993644424386659e-06,0.00010885165469498581,0.005205727978590416,2.709960378721732e-05,0.0004057976078685188
761,0.00011502793922379961,3.265541509970641e-05,0.00014115219270564397,0.00010849677760593757,-0.0036433072277600835,1.327368755588143e-05,0.00010503109000770117,0.00837222443510045,7.009414199143915e-05,0.00017859717293577937,-0.0038207873208858157,1.4598415751798655e-05,0.0001398283151734514
762,0.0002614683864691214,5.905837517576155e-05,0.0002854794605433956,0.00022642108536763408,-0.009142891467818283,8.359246439215706e-05,0.0005519088443501907,0.0005672637829137616,3.2178819953099236e-07,0.00011315518672960767,-0.009657166920764572,9.32608729355966e-05,0.00019137435055038843
763,9.31448260538259e-05,2.7088186715854928e-05,0.00029000722170376597,0.00026291903498791103,0.002432653214685033,5.917801662591593e-06,0.0002880560744205063,0.00451478874541246,2.0383317415606506e-05,0.00016908039386809293,-0.007413733274742177,5.496344106936668e-05,0.00041288519682269875
764,0.00022107054865161402,9.30615211210591e-05,0.00045920118335918136,0.0003661396622381223,-0.009680772274269498,9.371735182650553e-05,0.00044226873730157656,-0.012316042412343946,0.00015168490070283092,0.0006301212935111433,0.005812255227882349,3.378231083384087e-05,0.0003052135192648242
765,0.000133375396389801,5.6291235941641204e-05,0.0001200875431554745,6.37963072138333e-05,-0.00371300230609286,1.3786386125036465e-05,0.00010061669662753125,-0.007600414856384887,5.776630598919308e-05,8.600132381086922e-05,-0.009865141444017926,9.732101571069407e-05,0.00017364460902802303
766,0.00019442432210070582,8.634582380099658e-05,0.0005593261318388812,0.00047298030803788466,-0.011833896441054917,0.0001400411049773398,0.000690783774311754,-0.010813166400216682,0.00011692456759904157,0.0006060927910325198,-0.0014393744565785126,2.071798826608351e-06,0.0003811018301723701
767,0.0005645864303319703,0.00018098647319923314,0.0002564744307663365,7.548795756710339e-05,-0.022099355258768237,0.0004883815028532412,0.0005424497446049337,-0.001970476620038415,3.882778110253504e-06,6.994612501043385e-05,-0.007120051870172438,5.069513863420472e-05,0.00015702742268364211
768,0.00013445844527670836,4.029261453560492e-05,0.0001717044943170635,0.00013141187978145857,-0.004085859848730232,1.6694250703608304e-05,0.00019582235834847417,-0.009667571838864103,9.346194525938767e-05,0.00019861566842904743,-0.0032743927137483505,1.0721647643818777e-05,0.00012067545617366893
769,0.0010755434136499042,0.00033244049243881985,0.0013497978826580992,0.0010173573902192794,-0.017219723285739563,0.00029651887003734334,0.0016119352436999579,0.018947020682232727,0.00035898959273283904,0.0006720490418918867,0.018488185810038138,0.0003418130145462772,0.001765409362382453
770,0.00035213194493077804,8.575158681819091e-05,0.00028535432836792235,0.00019960274154973145,-0.006823488372521834,4.655999357006113e-05,0.00019561090405695314,-0.014461903644259748,0.00020914665701599056,0.00043526192948095677,0.001244230633225623,1.5481098685210526e-06,0.0002251901515658572
771,5.521999591484583e-05,1.8983223248928798e-05,9.447228716175093e-05,7.548906391282213e-05,-0.00032890207309811784,1.0817657347672593e-07,3.859078976020669e-05,0.006751500698236129,4.5582761678431005e-05,0.00015659348954089047,-0.0033554033281758913,1.125873149487866e-05,8.823258218415564e-05
772,6.097071464583603e-05,1.7636262418648425e-05,0.00020379397165407967,0.00018615770923543124,-0.003113677035174614,9.694984679398111e-06,0.00014204888802837878,0.0058522742975009425,3.424911445304435e-05,0.0002615279583148,0.0029941089031433115,8.964688123502818e-06,0.00020780506861906023
773,0.0020442861828009473,0.0006597130905175996,0.001312556006639672,0.0006528429161220723,0.028212670562099623,0.0007959547802458555,0.0017392760924841433,-0.008133392203558625,6.615206873694657e-05,0.00047963204430157,-0.033422034985476634,0.0011170324225699968,0.0017187598831333029
774,5.037117697570537e-05,2.2893345333526344e-05,0.00017647105136087138,0.00015357770602734502,0.006670979613918065,4.4501969009069775e-05,0.00013395169236574134,0.00343388332637202,1.1791554698659112e-05,0.00025278393110839126,0.0035194477254756494,1.238651229285015e-05,0.00014267753060848154
775,2.7248947791935763e-05,1.132893746584133e-05,0.00027161408770552214,0.0002602851502396808,-0.002351471173554906,5.529416679972421e-06,0.00032735017544327505,-0.003770236565150421,1.4214683756175184e-05,0.00032486680479149044,0.0037739517698706483,1.4242711961376386e-05,0.0001626252828818009
776,0.0001489308861515326,4.9427582993792164e-05,0.0001763323720131623,0.00012690478901937013,0.011702474289280486,0.000136947904491036,0.00023826455034803296,0.0002667138041800415,7.113625366539367e-08,0.00014446854872052217,-0.0033561448473666032,1.1263708236675107e-05,0.00014626401697093172
777,0.0007242237134875706,0.00016989538061451537,0.0005093221488263744,0.000339426768211859,-0.007119860296273081,5.069241063848651e-05,0.00038789302419894867,-0.02116350581143616,0.0004478939782305291,0.0008368802704711298,-0.0033316291772212776,1.1099752974530475e-05,0.0003031931518090447
778,0.0001247710805275526,5.719875546787249e-05,0.0004811190603774366,0.0004239203049095641,-0.008465178738220211,7.165925106999982e-05,0.0005243379753464561,0.0018163966659712762,3.2992968481693197e-06,0.000116933783211981,0.00983044853938458,9.663771848544833e-05,0.0008020854225738727
779,2.577901958566997e-05,8.210529129507963e-06,0.0001953301461018464,0.00018711961697233845,8.432543074324637e-05,7.110778299512788e-09,0.00036659931132776435,0.0006998789296377519,4.898305158151928e-07,9.501922078369862e-05,0.004912702524525609,2.4134646094409185e-05,0.00012437190619407623
780,0.0012977834550125245,0.00047560273419440985,0.0033648020651081043,0.0028891993309136943,-0.02977726071967288,0.0008866852559671345,0.0024067308461709347,0.009147812660506682,8.368247647172478e-05,0.0003101118727426577,-0.021364467466899847,0.0004564404701443703,0.00737756347641072
781,0.00010025419127712709,3.164279466338904e-05,0.0004596499466045234,0.00042800715194113437,0.007316486989757897,5.3530981871108274e-05,0.0008216840402783809,0.005306189123830228,2.8155643017835352e-05,0.00014324958857758752,0.0036389227940745307,1.3241759101223494e-05,0.00041401621095760177
782,2.6788659958865146e-05,1.0223121880851652e-05,0.0002565839836882189,0.0002463608618073672,-0.0034103363736690167,1.1630394181394443e-05,9.431843819684982e-05,-0.002471156684413527,6.106615358936196e-06,0.0004665972437321031,-0.003596158520213113,1.2932356102224318e-05,0.00020883626913570374
783,0.0002668223722556151,0.00014853632446798493,0.0004964700617051676,0.0003479337372371827,-0.00903565133386242,8.164299502744221e-05,0.0004986378562008564,-0.013510003638155842,0.0001825201983031155,0.0004836266084062846,-0.013470181144795016,0.00018144578007339707,0.0005071457205083618
784,0.00022880067967345763,0.00010827773328044484,0.0001740269900303293,6.574925674988445e-05,-0.014306547290158386,0.00020467729536532975,0.0002497071935012585,0.001469107093938747,2.1582756529747726e-06,0.00011074322006066062,0.01086267134838556,0.00011799762882303,0.00016163055652906877
785,2.3983835409913112e-05,1.3040734763306952e-05,0.00012368948593170317,0.00011064875116839622,0.004203041129025598,1.7665554732482214e-05,9.670128603578299e-05,0.0024520777602855086,6.012685342393631e-06,7.299332618937449e-05,-0.0039298809416285566,1.5443964215045014e-05,0.00020137384556995208
786,0.0015230493151334734,0.0006630340509992116,0.0011785046351883894,0.0005154705841891778,0.008226463097656646,6.767469509705304e-05,0.000576226927722745,0.021182910910623184,0.0004487157146475518,0.0010557458941745645,0.03837592661100697,0.0014727117432530301,0.001903541083667859
787,0.0005123912836905165,0.0002642463468605823,0.002029318965421467,0.001765072618560885,0.021813712046495567,0.0004758380332477996,0.0028496975196096175,0.01578799693207502,0.0002492608471270641,0.0019368885770274513,0.008224363817768438,6.764016020688324e-05,0.0013013707996273327
788,0.00011499285105309731,3.1867245113947895e-05,0.0007950472164912995,0.0007631799713773516,0.002671330908740544,7.13600882396026e-06,0.0005467791643929409,-0.008745883868594729,7.649048464286601e-05,0.0008164746206548168,-0.0034605262425125433,1.1975241875017417e-05,0.0010218878644261409
789,0.0007763480252924726,0.00029352728873969597,0.0006238662546728854,0.0003303389659331894,-0.019389805353395493,0.0003759645516423493,0.0008496198022099888,-0.009725517938717142,9.45856991761973e-05,0.00034781454055521355,-0.020249237402931147,0.00041003161540054123,0.0006741644212534537
790,0.00018004637845758786,6.627379926678796e-05,0.00033712593105594824,0.0002708521317891603,0.001556556590438422,2.4228684193383643e-06,0.0003540933591376083,-0.013132598964196605,0.00017246515555424669,0.0003457427601897267,0.004892174754287623,2.3933373826778848e-05,0.0003115416738405097
791,3.559434883415591e-05,6.4111484196309005e-06,0.00020624715041472896,0.00019983600199509807,0.0018218449196366045,3.319118911271346e-06,0.00020256296343179603,0.002836676381879033,8.046732895228281e-06,6.178119412747485e-05,0.002804923074222134,7.867593452393074e-06,0.000354397293684916
792,0.001581388043815024,0.0004935652309941974,0.002231853962306037,0.0017382887313118398,0.030709509699033865,0.0009430739859549453,0.0048611982295617695,0.005383183676682829,2.8978666496648486e-05,0.00033572740513432286,0.022553115982745436,0.0005086430405309983,0.0014986362522220187
793,3.6645242224908614e-05,1.2132179172027099e-05,0.00021578704270771207,0.00020365486353568496,0.001745904155056618,3.0481813193539153e-06,9.008680613964426e-05,-0.0010104353949959366,1.020979687349488e-06,0.00031417363807462184,-0.00568571688619081,3.232737650937789e-05,0.00024310068390887007
794,6.966294228638592e-05,2.0468378934139036e-05,0.00025271526105674624,0.00023224688212260722,-0.007572637325079597,5.73448360569051e-05,0.00017062272711332316,-0.0005281235888506874,2.7891452492045943e-07,0.0003051896251825559,-0.0019445786743382961,3.7813862205915427e-06,0.0002823334308743597
795,0.00017227913051232058,3.787550682217885e-05,0.0001524338909184205,0.00011455838409624164,-0.0013314602900672912,1.7727865039285362e-06,0.00011261306516352487,0.006502797618247439,4.228637686387593e-05,0.00019403913359594682,-0.008340704832247029,6.956735709873207e-05,0.00015064947399578976
796,1.6621810257522185e-05,5.380354904012859e-06,0.00024452727237030586,0.000239146917466293,0.0022742321376036084,5.172131816055803e-06,0.0001608752090290766,0.0008712475814306624,7.590723481998296e-07,0.0002996496814582361,-0.0031952872402523417,1.0209860547782945e-05,0.0002730569266236049
797,0.0002466452102261041,9.090526282710491e-05,0.0002164423774069224,0.00012553711457981748,-0.004206123921812119,1.7691478445547304e-05,0.00013200218521913776,0.004765770746144248,2.271257080455058e-05,0.0001369252185506875,-0.015241776118002296,0.00023231173923121684,0.00038039972845094194
798,0.00013415943741890146,4.4022987271500703e-05,0.000242208023819838,0.0001981850365483373,0.005572899549428902,3.105720938778589e-05,0.0002390872549856704,0.009977649422956182,9.955348800749775e-05,0.000291334586362324,0.0012075861953245942,1.4582644192184802e-06,0.0001962022301115196
799,0.0001478537926714596,6.748753495644522e-05,0.00037288430888734087,0.00030539677393089565,-0.008447777593202548,7.13649462641408e-05,0.0002261088897925756,0.003764452820797802,1.4171105039983978e-05,0.00023399183936445578,0.010813258230770202,0.00011692655356521087,0.0006585521975049913
800,1.4711571106884591e-05,5.139319966374067e-06,8.263099871086421e-05,7.749167874449014e-05,-0.001199335408430704,1.4384054217719822e-06,9.790351007687992e-05,-0.003039672651349725,9.239609826794393e-06,5.075544938337728e-05,-0.0021771413941681357,4.739944650555827e-06,9.923403667233544e-05
801,0.0003855356078101835,0.00017696206413253535,0.0005986157847134299,0.00042165372058089456,0.013794281729993885,0.0001902822084466349,0.0005910889968733235,0.009968097315113356,9.936296408397105e-05,0.0006296948633983668,-0.015531935483599888,0.00024124101986700008,0.0005750634938685995
802,7.82840105517657e-05,2.327310099514701e-05,0.00015479166293900595,0.00013151856194385894,-0.0024576241098951024,6.039916265687673e-06,0.00011711287332327736,0.007900448906975702,6.241709293219877e-05,0.0002067724905229218,0.0011671734179515012,1.3622937875545915e-06,0.00014048962497081874
803,0.00010630106647468995,3.200480468627346e-05,0.00019763766659075532,0.00016563286190448187,0.004879111871928749,2.3805732658921386e-05,0.00017907211856438288,0.006484816954740792,4.205285093650257e-05,0.00020638661513050494,0.005491432460063933,3.0155830463396427e-05,0.00020745426607737816
804,0.00012084020084857094,1.8083748130911143e-05,0.0003532134027701324,0.0003351296546392213,-0.005664601865671146,3.208771429596968e-05,0.00045397463207974553,-0.004563055170971829,2.0821472493381954e-05,0.00033594617533805327,-0.001158472098809788,1.3420576033817966e-06,0.0002697194008925985
805,0.0016723780250020859,0.0003968016084820262,0.0008997303994672246,0.0005029287909851983,-0.013219193373046974,0.00017474707343401175,0.00046670317684249785,-0.028830133121824652,0.0008311765758219902,0.0019009267725325074,-0.013582384775510334,0.00018448117619007665,0.0003315612490266684
806,6.159087025192633e-05,1.2749211469135583e-05,0.00027854598156296095,0.00026579677009382535,-0.0054792074849879125,3.002171466381931e-05,0.0003235631685796214,-5.541103152354172e-05,3.07038261482262e-09,0.00011369514124848212,0.0028675511089274516,8.222849360972617e-06,0.0003983796348607793
807,0.000112873415123671,5.265611595276868e-05,0.0002202370106768973,0.00016758089472412863,-0.003018938120619355,9.113987375908295e-06,0.00017127470852285054,-0.006989406609297898,4.88518047501163e-05,0.0001998118144558303,-0.010000127785807139,0.00010000255573228145,0.0002896245090520111
808,0.00029754348497212924,8.989405517371522e-05,0.00035371697097819066,0.0002638229158044754,-0.006175905050072785,3.814180318761906e-05,0.0001881771185220371,-0.014666885066338755,0.00021511751754887953,0.0005016049498076658,-0.0040525109234650645,1.642284478464706e-05,0.0003713688446048691
809,0.00022795653880658406,7.984841252880089e-05,0.00024817655632765795,0.00016832814379885708,-0.0032941401831496435,1.0851359546260042e-05,0.00014000817735027038,-0.014246779155256902,0.00020297071629860053,0.00041415349454621,0.005071800640959783,2.57231617415421e-05,0.00019036799708649355
810,0.0003932089284296447,0.00011148157435877011,0.0005468840754866052,0.00043540250112783513,-0.003218814350235138,1.0360765821504359e-05,0.00018746905803235236,-0.006594369494342866,4.348570902790172e-05,0.0006818246288406993,-0.016751067077262052,0.00028059824822690427,0.0007713585395867639
811,9.217292104080066e-05,4.2857901091338434e-05,0.0002576162803478906,0.00021475837925655214,-0.007247808290155224,5.253072501132383e-05,0.00022447259178626222,-0.008713405368151572,7.592343311002558e-05,0.0004554432255807761,0.0003457530226371784,1.1954515266587862e-07,9.293302367663347e-05
812,0.0003243087698673319,0.00010129357520057465,0.0006439790868103904,0.0005426855116098157,-0.0005402423200652214,2.918617645342181e-07,0.0005546073549190789,-0.0014398756242839964,2.0732418135605e-06,0.00044750863366416205,0.017364205194131257,0.00030151562202362925,0.0009298212718479304
813,0.00018042536634188533,7.91518775521786e-05,0.00036382164538691547,0.00028466976783473685,0.0019495721205040882,3.800831452682729e-06,0.00014248991732546124,0.008796635967413756,7.738080434294137e-05,0.00048622540395293345,0.012500959837579217,0.0001562739968609117,0.0004627496148823518
814,0.0004229733830948268,9.405259774553087e-05,0.000886754663366666,0.0007927020656211351,0.005536708224614307,3.0655137964186174e-05,0.0007736376372065035,-0.013073093476194078,0.00017090577303757737,0.0009813221717773768,0.008977576634863682,8.059688223482908e-05,0.0009053041811161178
815,8.599202969350461e-05,2.9838330604955072e-05,0.00013128397843938563,0.00010144564783443057,-0.0020712844883906257,4.290219431601905e-06,0.00011943105624223627,-0.004158043945840913,1.728932945554984e-05,6.824126541538078e-05,-0.008242295974278113,6.793544292771347e-05,0.00020617961366053983
816,0.0002565397720675211,7.958164107013666e-05,0.0002924423846062026,0.00021286074353606593,-0.006840950594754246,4.6798605039977126e-05,0.00039469001477232535,-0.013191683534639169,0.00017402051447812372,0.0004020584264466942,-0.004233887538928563,1.7925803692309117e-05,8.057871259958826e-05
817,5.3291218683471087e-05,1.4977730192692698e-05,0.0002196288784018785,0.0002046511482091858,0.0018757123744170077,3.518296911808605e-06,0.00015478549041914036,-0.002996567007492888,8.979413830378924e-06,0.00016634814048455127,-0.005695215521460583,3.243547983589057e-05,0.0003377530043019439
818,1.2873383700151564e-05,2.2303819180817066e-06,0.00022604253695938473,0.00022381215504130303,4.4154875626390735e-05,1.9496531056262256e-09,0.00027649180555178177,0.002282352614665138,5.209133457362292e-06,0.00011466436955309689,0.001216578252212063,1.4800626437772024e-06,0.00028697143577327555
819,0.0006766336860624111,0.0002073505138902402,0.00032143328623672013,0.00011408277234647993,-0.002615466097556726,6.8406629075701275e-06,0.00011328680007571812,0.02150386618642431,0.0004624162609636606,0.0005262101544201148,-0.012361012005476322,0.00015279461779948988,0.00032480290421432745
820,0.00022860176832839585,6.973808344597672e-05,0.0002734856751896997,0.00020374759174372298,0.00489377071112387,2.3948991773159456e-05,0.00043372602453228826,0.0073619039189116876,5.419762931135885e-05,0.00014051221508737388,-0.011448477158703252,0.00013106762925341187,0.0002462187859494369
821,9.636775951638032e-05,4.945649856302747e-05,0.00025959266535731845,0.00021013616679429098,-0.006466015183628466,4.180935235520433e-05,0.0004255984791596834,0.006925518849506624,4.796281133467861e-05,0.0001301577376069396,-0.007654889417835415,5.8597331999199476e-05,0.0002230217793053324
822,0.00017676620109674523,7.811004345888624e-05,0.0006027599176333664,0.0005246498741744802,-0.006339008969138842,4.01830347110943e-05,0.000485220120727603,0.008824324873752856,7.786870947779079e-05,0.0006374773116171184,0.010783245624012814,0.00011627838618777364,0.0006855823205553779
823,0.00016596741182628438,5.4656254942127745e-05,0.00038662667503856313,0.0003319704200964354,0.007029427719216824,4.941285405979379e-05,0.0002599612154344788,-0.006413767142653252,4.1136408960196214e-05,0.00049097238120277,-0.008568518063608171,7.341950180639323e-05,0.00040894642847844054
824,0.008752129015405674,0.0021131032988238965,0.0027804201882775472,0.0006673168894536508,0.01304043350077216,0.0001700529058881184,0.0006515564506850424,-0.0027983933310761423,7.831005235492405e-06,0.00046988038127848686,-0.07849475132356497,0.006161425985348079,0.007219823732869113
825,0.00016261319903454474,5.1406173906531905e-05,0.00021311471256620548,0.00016170853865967358,-0.0007672628454001826,5.886922739284373e-07,1.3211940558699453e-05,0.011783844876038228,0.0001388590000622747,0.00027769532228716365,0.0038432836719356693,1.477082938339258e-05,0.0003484368748527533
826,0.00038817836909421644,0.00020212819096484166,0.0003954862807467781,0.00019335808978193644,-0.011592867047185079,0.00013439456637431846,0.00025538006499425947,-0.018358654732067617,0.00033704020357150366,0.0005518495897482989,0.011616789700633054,0.00013494980294870285,0.000379229187497776
827,0.0005483428549455382,0.00011311953877105967,0.00028167547883813554,0.00016855594006707586,-0.015802642046097017,0.00024972349563712193,0.00037952153868225924,0.004594807588402081,2.1112256774591387e-05,0.00017081570256183287,-0.008277853822200023,6.852286390146567e-05,0.00029468919527031456
828,0.00013494434823480006,4.5113734128262216e-05,0.00023862063622330046,0.00019350690209503824,-0.005122419050135672,2.6239176925124674e-05,9.570097781264053e-05,0.0101089231401979,0.0001021903270544966,0.0004371092904719154,0.0026290109176931764,6.911698405165367e-06,0.0001830516403853455
829,7.243057998518321e-05,3.293975868375506e-05,0.0001697116535329668,0.00013677189484921173,0.004889051196153273,2.3902821598698054e-05,0.00018498908290853766,0.0083189254135207,6.920452003555955e-05,0.00019727911736211468,-0.002389965358806624,5.711934417007569e-06,0.00012686676032824806
830,0.0006439039846332095,0.0001059353251810317,0.0002258596564191547,0.000119924331238123,0.012097985663765373,0.00014636125712075287,0.000158777295292456,0.000818114491404819,6.693113211442281e-07,6.95567139088471e-05,-0.01306810648491132,0.00017077540710119798,0.000449244960056161
831,0.00032689177197797736,0.00011651164760495547,0.0002753966506116405,0.000158885003006685,0.012741191384810422,0.00016233795790432382,0.00027447272431291303,-0.001514297322470871,2.293096381222881e-06,0.00023625409351935023,-0.013597936921804353,0.00018490388852931972,0.00031546313400265813
832,0.00012302457493507113,3.668857865276228e-05,0.0004075423968599908,0.0003708538182072285,-0.0010656792340964817,1.1356722300348565e-06,0.0005080617782577956,-0.0025520565795206047,6.512992785312477e-06,0.00044844702696533734,-0.010120131962720026,0.0001024170709429395,0.0002661183853568394
833,0.0005169347108410216,0.00014789055007343363,0.0005862604911783809,0.0004383699411049472,-0.0008607701103406268,7.409251828738306e-07,0.0006980211675464698,0.013999392081372354,0.00019598297864775738,0.0006434010617150099,0.015714571148767807,0.00024694774638966965,0.0004173592442736629
834,0.00011549318467052316,2.656487340587284e-05,0.00029044026598886347,0.00026387539258299064,-0.006819848503948712,4.651033361691148e-05,0.00044610017907076305,-0.00540656477982836,2.9230942718783126e-05,0.0001524212986714346,0.001988301758203012,3.953343881923921e-06,0.0002727993202243928
835,6.085219780715967e-05,3.0309112310093294e-05,0.00016304693130368234,0.00013273781899358905,-0.007039591019443455,4.955584172072758e-05,8.754282966949578e-05,0.004319831518819579,1.8660944351100994e-05,0.00023945381983481173,-0.004765558819091545,2.2710550858451306e-05,0.00016214414440673952
836,0.00011139229988044175,5.288510923491992e-05,0.0007739761631509282,0.0007210910539160083,0.0036291007990450538,1.3170372609394576e-05,0.00043497081626808765,0.00676136138037154,4.5716007715967955e-05,0.0008758486189192061,-0.009988440688101822,9.976894737939723e-05,0.001011109054265491
837,4.88629423703868e-05,1.7163175567510198e-05,0.00022576269505155308,0.00020859951948404287,-0.0031027418638378723,9.627007073520488e-06,0.0001592680318275308,0.005573857448882525,3.1067886860025595e-05,0.00040053553824925814,-0.003285518645338053,1.0794632768984513e-05,0.00011748451507787028
838,0.0041783236009015345,0.002079532485537975,0.0024002608805561154,0.0003207283950181403,-0.04919743072414598,0.002420387189856932,0.0026536202581317614,-0.04254802896655075,0.0018103347689384375,0.0019895751317077215,-0.044809323782205035,0.0020078754978185565,0.0025575872518288634
839,1.657958044642971e-05,3.563601880511117e-06,3.54448448596593e-05,3.188124297914818e-05,-0.001054265385555468,1.1114755031904622e-06,2.5041291481842087e-05,-0.003065920394869684,9.399867867632139e-06,5.936667216943636e-05,-0.000423629874603214,1.7946227071075072e-07,2.192657092769945e-05
840,6.630783732675116e-05,1.982021206089109e-05,0.000345940389281596,0.0003261201772207049,-0.002572571039472544,6.618121753065864e-06,0.0004296372433711948,-0.00592330873757963,3.5085586400751545e-05,0.0004295458722460843,-0.004213897012159078,1.7756928028855867e-05,0.00017863805222750884
841,0.0006148987439739129,0.00019737585655939713,0.0012786035417861052,0.0010812276852267082,0.015941178662830464,0.0002541211771607266,0.001597680974873561,0.0027210097030308284,7.40389380393669e-06,0.0018047064214478103,-0.0181824777935649,0.0003306024987135281,0.0004334232290369444
842,5.268303090966153e-05,1.5488586073364452e-05,0.00029964216572453406,0.0002841535796511696,0.0005631578935238121,3.171468130336308e-07,0.00022688234224665926,0.0014930157707679905,2.2290960915993807e-06,0.0003005806060369931,-0.006627180042471034,4.3919515315460345e-05,0.0003714635488899498
843,5.729301817691823e-05,3.0825941099821286e-05,0.0003621443069086183,0.00033131836580879703,-0.006376650615517235,4.0661673072261983e-05,0.0003114174521899882,0.0049761428718712785,2.4761997881261877e-05,0.00034704773747018525,0.005201360624472796,2.7054152345939997e-05,0.00042796773106568153
844,6.477391375880881e-05,2.7168824324667423e-05,0.0003086692041488111,0.00028150037982414367,-0.004368309621911224,1.9082128952407906e-05,0.0003962986391666812,-0.0008688156728841683,7.54840673744539e-07,0.00015401580196339193,0.007852993273134433,6.166950334784982e-05,0.00037569317131636026
845,0.0005539542043663248,0.0001248034022483339,0.0006555922043612513,0.0005307888021129175,-0.00596539234018626,3.5585905772239634e-05,0.0003449695309691858,-0.01405406533129003,0.00019751675233636856,0.0008874875917147529,-0.011887285166777263,0.0001413075486363935,0.0007343194903998151
846,9.196697829205736e-05,1.7676813030405764e-05,0.00021025723797903537,0.0001925804249486296,0.0017566714332060698,3.085894524024191e-06,0.00031836871899126873,0.007022355412842451,4.931347554415488e-05,0.00018690197495330185,0.0007943985292758173,6.310690230382221e-07,0.0001255010199925355
847,-1.8939813588506946,2.731374893816252e-05,0.00011847500960230721,9.116126066414469e-05,0.005496607710127051,3.0212696320419674e-05,0.00011865213225448201,0.004365054393086034,1.9053699855331452e-05,0.00011676845041230788,-0.005716191970079723,3.267485063873643e-05,0.00012000444614013173
848,0.004028321964782533,0.001280409982493791,0.00586378387248913,0.004583373889995339,0.02384838728482456,0.000568745576086771,0.004591650574776951,0.03409249204907307,0.0011622980141164918,0.0019764086638731637,-0.04593676476721259,0.00211018635727811,0.011023292378817273
849,0.00033947925457211703,8.155617638690622e-05,0.00023057927548460663,0.0001490230990977004,0.015193158371718671,0.00023083206130802836,0.0005297987743089205,-0.002315906477166246,5.363422811210938e-06,5.697695140305381e-05,0.0029108495395243086,8.473045041479388e-06,0.00010496210074184553
850,0.000747701822268354,0.0002901328540927765,0.00041853635037684506,0.00012840349628406855,0.019712574501155003,0.00038858559346321986,0.0005691201945301483,-0.00010202094478895077,1.0408273021234038e-08,7.877848515080998e-05,-0.021950001379091658,0.00048180256054208837,0.0006077103714495768
851,0.00011218348976504977,2.573231376431136e-05,0.0003074506412719484,0.00028171832750763703,0.004533970348428098,2.0556887120548595e-05,0.0003029416439576105,-0.007525374781367528,5.66312655998491e-05,0.000339201746800355,-9.374738652317945e-05,8.788572536388983e-09,0.00028020853305787963
852,3.0086272751472798e-05,1.0330073338763826e-05,0.0003224618360802012,0.00031213176274143734,-0.003071530987895575,9.43430260991196e-06,0.000412540826602803,-0.0013707153253801935,1.878860503290447e-06,0.00020595257076339024,-0.004435882877470151,1.9677056903089074e-05,0.0003488921108744103
853,0.00013318754920643716,4.258114881923921e-05,0.0001381865634063987,9.560541458715949e-05,0.0016484419954857755,2.717361012427588e-06,8.442254639717817e-05,-0.00467076239303974,2.181602133255467e-05,0.00013048412258431785,-0.010159235409821828,0.00010321006411273537,0.00019965302123770012
854,0.0009213497318864006,0.000328420147534166,0.0007727872324386764,0.00044436708490451043,-0.02180766605612925,0.0004755742988156175,0.0007333601728447547,0.02215568744501865,0.0004908744861613634,0.0007000765447452428,-0.004337240784845975,1.8811657625517064e-05,0.0008849249797260317
855,0.0006102097484060875,0.00015573023560785013,0.0005920830858305118,0.0004363528502226617,-0.017856477493232877,0.00031885378846618906,0.00042897059734581244,-0.006007902727446082,3.609489518241471e-05,0.0007309789856357884,0.010594433593865206,0.00011224202317494658,0.0006162996745099347
856,0.0002946025788589379,9.890483545342092e-05,0.0006403067302207891,0.0005414018947673682,-0.002643650059473656,6.9888856368827135e-06,0.00039849573358896606,-0.003960710269832087,1.5687225840887997e-05,0.0006870881704724718,-0.016554105076473223,0.00027403839488249204,0.0008353362866009295
857,0.0001776648769962197,6.0569886197144505e-05,0.0002328997050207171,0.0001723298188235726,-0.002744508452707591,7.532326647186061e-06,0.0001502534759498797,-0.005542206707215874,3.071605518578657e-05,0.00033744082964382027,0.011977532164806813,0.00014346127675846088,0.00021100480946845135
858,0.0001294508170333053,4.360961045594506e-05,0.00028997880205505755,0.00024636919159911247,-0.006077010215317204,3.6930053157191445e-05,0.00014813588242956754,-0.0025257916035298705,6.379623224694875e-06,0.0002005761398151673,-0.009355167287972819,8.751915498594887e-05,0.0005212243839204378
859,0.00026816615333236093,0.00022489350228127591,0.000465453425773051,0.00024055992349177507,0.01470365762795694,0.00021619754764001797,0.000666414648871072,-0.01630405769286081,0.00026582229725202744,0.0004951893326463619,-0.013880225572789524,0.00019266066195178233,0.00023475629580171908
860,0.000295548603377771,9.031548894848178e-05,0.00025015179267047955,0.00015983630372199775,-0.010698564615184676,0.00011445928482534118,0.0003417459920314059,-0.002821422688980961,7.960425990383158e-06,0.00019368079129777893,-0.012187155370690149,0.00014852675602972099,0.00021502859468225388
861,0.0007190843169103678,0.0001811698602291282,0.0005682213516512805,0.00038705149142215234,-0.003675363812068485,1.3508299150921665e-05,0.0006017595813250232,-0.02098359802247135,0.0004403113859686725,0.0009660494330159253,-0.009470474938870828,8.96898955677905e-05,0.00013685504061289322
862,8.37514420655161e-05,2.5435894922246998e-05,0.0002577797382485129,0.00023234384332626592,0.0021237180964249636,4.51017855307434e-06,0.0002592453501280012,-0.00801940278439946,6.431082101865382e-05,0.000175158747687032,-0.002736180767974488,7.486685195012832e-06,0.0003389351169305055
863,-2.509059129269225,3.44385581928508e-05,0.00017324505135640766,0.00013880649316355687,-0.00586843745747502,3.443855819251773e-05,0.00017324505135629664,-0.005868437457475018,3.443855819340591e-05,0.00017324505135685175,-0.005868437457475021,3.4438558192628754e-05,0.0001732450513560746
864,0.0010047447370836737,0.0004377354208711844,0.0009462350909226943,0.0005084996700515099,0.010775694466324346,0.00011611559123159143,0.000584349778212867,0.023603484758751774,0.0005571244927567998,0.0013314183591505158,-0.025297552818904893,0.000639966178625162,0.0009229371354047
865,0.007070739696825368,0.006715598082697764,0.030355643201408267,0.0236400451187105,-0.08339563845543604,0.006954832513389686,0.031128736801546042,-0.08129833056137738,0.006609418552067203,0.029265693477150245,0.08113287362491255,0.006582543182636402,0.030672499325528513
866,0.0003825436717932451,0.00013194958339875681,0.0004477361688662122,0.0003157865854674554,-0.00031624812351092,1.000128756478702e-07,0.0003172802752767767,0.011593544534462551,0.00013441027487259838,0.0004755956831093977,0.016165966177366396,0.00026133846244802417,0.0005503325482124621
867,0.0001541820681257855,6.516541899518706e-05,0.00019271508381657476,0.0001275496648213877,-0.005859739502460246,3.433654703655087e-05,0.00019360621629582742,0.008883165910877839,7.891063659992703e-05,0.00015013592335810788,-0.00906912748553236,8.224907334908327e-05,0.000234403111795789
868,0.00025475329770152655,9.815313338342364e-05,0.0003218366007007682,0.00022368346731734456,0.014346947135891661,0.00020583489212011585,0.0003595727821757988,0.002721678310141025,7.407532823910934e-06,0.00027546504462094834,-0.00901204611653547,8.121697520624416e-05,0.0003304719753055574
869,0.00013190234931981237,0.00010540997687609928,0.0002173928554765799,0.00011198287860048063,-0.009723314469128918,9.454284426535509e-05,0.00029870140064647277,0.011132909801489827,0.00012394168064810973,0.00020899079831826484,0.00988662762093982,9.774540571483303e-05,0.0001444863674650021
870,0.0002730528998512449,0.00012843478720840165,0.0024084259055392097,0.002279991118330808,0.011531693532662965,0.0001329799557310274,0.004289356259281174,0.011131720234084038,0.00012391519536980589,0.002577901451480291,0.011331778789060807,0.0001284092105243717,0.00035802000585616334
871,0.0006880112469069832,0.00029010485606872916,0.0009317672582626798,0.0006416624021939507,0.0009324712175672016,8.695025712768256e-07,0.0011728723234365468,0.01653531537911215,0.000273416654686387,0.0003958326231076059,-0.02441369310342915,0.0005960284109485237,0.0012265968282438866
872,6.558684528334968e-05,2.2311659070480456e-05,0.00026065993589596825,0.0002383482768254878,0.002161517422995324,4.672157569718394e-06,0.0002867112208837508,-0.00772392764756303,5.965905830485063e-05,0.00021002809568071434,0.0016136174692617466,2.6037613368723456e-06,0.00028524049112343963
873,6.489225616435057e-05,2.039392053550711e-05,0.00036999200931375764,0.00034959808877825055,0.006906464689788696,4.7699254511424094e-05,0.0003115181824964175,-0.003647203769839038,1.3302095338785236e-05,0.0003647628162704031,-0.0004247490510058393,1.8041175631200446e-07,0.00043369502917445235
874,0.0002479312425305302,5.688858666985652e-05,0.00022835756943680638,0.00017146898276694986,0.000927312196535593,8.599079098781104e-07,0.0002494364247415115,0.011959114589582098,0.0001430204217669484,0.0002994559747597769,-0.005175464262567733,2.6785430332743054e-05,0.00013618030880913068
875,0.00345389061087098,0.0007991476882086568,0.0012692850066433614,0.00047013731843470463,0.010952673687701255,0.00011996106090916836,0.000516748999049188,-0.021860503595472612,0.0004778816174477729,0.0011998639410299994,-0.04242169711679161,0.001799600386269029,0.002091242079850897
876,0.00040722356436739826,0.0001565757323958398,0.0003262318756437714,0.00016965614324793157,0.008121409439229085,6.595729127978345e-05,0.00024444282338143,-0.019399332831312732,0.0003763341143001586,0.0005482490006070151,-0.005237918633172185,2.7435791607577364e-05,0.000186003802942869
877,2.832737010627362e-05,1.3288852890795214e-05,0.0003527270384999781,0.0003394381856091829,0.0032607769878228725,1.0632666563981097e-05,0.00021447542533037378,-0.004110015696499792,1.6892229025566863e-05,0.0003900938448313518,0.0035130703213386606,1.2341663082837684e-05,0.00045361184533820875
878,4.6670730642461855e-05,1.4052007221339776e-05,0.0007436939635033779,0.0007296419562820381,-0.004837402419567209,2.340046216897651e-05,0.0005597960801383417,-0.003393698846923652,1.1517191863763543e-05,0.001572663447312106,0.0026904214597821448,7.238367631279274e-06,9.862236305968608e-05
879,0.0001264852973664743,3.157133094489062e-05,0.0002580219482902768,0.00022645061734538618,0.005746562368132861,3.302297905094509e-05,0.00018194946346927754,0.003790407734403702,1.43671907928411e-05,0.0003026791093539982,-0.006879231279055599,4.732382299088567e-05,0.00028943727204755465
880,2.8638542746262097e-05,5.5187524536555914e-06,0.00028339914148815354,0.00027788038903449796,-0.0030929905393988475,9.566590477239068e-06,0.000363888781735211,-0.002622293210187072,6.876421679957723e-06,0.0001789260512276014,0.0003365192464759989,1.1324520376998493e-07,0.00030738259150164815
881,0.001110854574636,0.0004593367018220773,0.0009640472573360462,0.0005047105555139689,0.03325602140036666,0.00110596295938159,0.0018012564407612341,-0.0030124119229902823,9.074625593852303e-06,0.0003026133675086973,-0.016216427488535325,0.00026297252049078956,0.0007882719637382074
882,0.00017844166762648328,5.5304571356421896e-05,0.00050981411716892,0.0004545095458124981,-0.0020720399882763747,4.293349713080374e-06,0.0002344205269844135,0.010966891147621984,0.0001202727014438798,0.0008348545538490182,0.006430214841847744,4.1347662912305516e-05,0.0004601672706733284
883,0.00022922736715913494,9.812040138083382e-05,0.00040113331343505365,0.0003030129120542198,-0.007085612034392595,5.0205897902166896e-05,0.00046612371999898983,-0.013995553244252938,0.0001958755106128418,0.0004985091300084843,0.0069483663999050675,4.827979562749274e-05,0.00023876709029768683
884,0.0001489120838188418,4.8506432008858326e-05,0.00021198295091643762,0.0001634765189075793,-0.008672085215642165,7.520506198721577e-05,0.000387285239729529,-0.007433387309361445,5.525524689076189e-05,0.00014618632076413007,-0.00388059108235436,1.5058987148597325e-05,0.00010247729225565383
885,0.0011064517221751613,0.0002786221236349788,0.0012773201203904276,0.0009986979967554488,-0.0024204060333362907,5.858365366040452e-06,0.001667364404113636,0.013713081324363932,0.0001880485994083525,0.0007837519202277266,-0.0253369178498568,0.0006419594061305434,0.0013808440368299202
886,4.345921309878431e-05,1.8085490032645108e-05,0.000124660980364825,0.0001065754903321799,-0.005695830026580004,3.2442479692029735e-05,7.839366034645412e-05,0.002166846425806654,4.6952234331598675e-06,6.358965536701344e-05,0.004137483168874597,1.7118766972745725e-05,0.0002319996253810075
887,0.0006599990510166576,0.00017597209178584391,0.0012152576328553117,0.001039285541069468,0.02128246891437003,0.0004529434830911061,0.0008343132252555119,-0.005006324341284802,2.5063283410009518e-05,0.0010689231658698173,0.007064666223986383,4.9909508856416096e-05,0.0017425365074406063
888,4.4099125034779973e-05,2.1927388779596768e-05,0.0003069283269503398,0.000285000938170743,0.005348712809566522,2.8608728719237142e-05,0.00021231630852269756,-0.003792544158470658,1.4383391193639739e-05,0.0004329212801498228,-0.004773892167426854,2.2790046425913424e-05,0.000275547392178499
889,0.0003678993940141595,7.783001310120626e-05,0.00030600770909139374,0.0002281776959901875,-0.010586916289372392,0.00011208279651853115,0.00031554837879377295,-0.005240220051627699,2.7459906189797323e-05,0.00023916547444702285,-0.009692643426570165,9.394733659529031e-05,0.0003633092740333854
890,0.00038740361014544256,9.056810334170014e-05,0.00032799043468501043,0.0002374223313433103,-0.015361756398213857,0.00023598355963805329,0.0004580943629934886,-0.0059274277318997134,3.513439951663422e-05,0.00010047770309118409,0.0007657355093709789,5.863508704129217e-07,0.0004253992379703586
891,0.00038091128755946,0.00011560436818291997,0.0003342952076567836,0.00021869083947386364,-0.0007550016109779708,5.700274319231369e-07,0.0002536369327784671,-0.016645272438076956,0.0002770650945375097,0.0005458224411861723,-0.008317330255537686,6.917798257932706e-05,0.0002034262490057115
892,0.0008421990896415599,0.00042720447698566905,0.0008523836909463123,0.00042517921396064323,0.01310402804470933,0.0001717155509965984,0.00043554057635875054,0.026866582875862167,0.0007218132754255313,0.0012783955854038798,-0.01969986305877577,0.00038808460453487736,0.0008432149110763065
893,8.152385863380296e-05,1.4200492441422222e-05,0.0002346385691961809,0.00022043807675475868,0.004878302072946556,2.3797831115057733e-05,7.598114301765602e-05,-0.0017524355622301345,3.0710303998704447e-06,0.00025122513234732136,-0.003966436159710517,1.573261580933849e-05,0.00037670943222356534
894,9.472890046846594e-05,4.2339863751572615e-05,0.00024282809102268063,0.00020048822727110802,0.004822139484246601,2.3253029205583253e-05,0.00011283476876777776,-0.009399977645332893,8.835957973285513e-05,0.0002264766387489736,-0.003925172902736053,1.540698231627946e-05,0.0003891728655512905
895,0.00011702804657165444,5.613072226455055e-05,0.00020983033814244342,0.00015369961587789288,-0.01024548214915918,0.00010496990446895449,0.0003455842022000999,0.0011181234904576254,1.2502001399683493e-06,9.886449602181102e-05,0.007884926263744443,6.217206218472882e-05,0.00018504231620541933
896,5.3966109503589266e-05,1.825481284833952e-05,0.00023404619037429666,0.00021579137752595715,-0.005368572719055782,2.8821573040072046e-05,8.851199734838389e-05,-0.005063159929451335,2.5635588471906168e-05,0.00030175713564206674,-0.0005543257463662282,3.0727703304034293e-07,0.0003118694381324394
897,0.0002800036949425211,0.00012880249547875255,0.0005333707446452488,0.00040456824916649625,-0.015424569359877611,0.00023791733993783204,0.000494466799960458,0.012181890524519042,0.00014839845675151953,0.0007635653693562894,-0.00030280314881480253,9.168974690609843e-08,0.0003420800646189992
898,6.129837803769966e-05,1.1641439135975004e-05,0.00047071835398593276,0.0004590769148499578,9.11956628492009e-05,8.316648814066241e-09,0.0006272251290315722,-0.005887474154917816,3.466235192473022e-05,0.00047468250594240313,-0.0005036356162054751,2.536488343807264e-07,0.0003102474269838229
899,5.646877273335349e-05,1.99481747105897e-05,0.00010982511096243226,8.987693625184257e-05,-0.00715494310360927,5.1193210815481116e-05,0.00013785800542387427,-0.002834520418148938,8.034506000731412e-06,4.234266465896752e-05,-0.0007853708143992298,6.168073155565779e-07,0.000149274662804455
900,6.208872612001315e-05,2.537486315790094e-05,0.00029615397586868486,0.0002707791127107839,0.003804614261882189,1.4475089681553754e-05,0.00029774110250480046,0.007476790683888988,5.590239893082938e-05,0.00020781028254845957,-0.002397311173207248,5.747100861319687e-06,0.00038291054255279455
901,0.00011099486857368834,1.4820114182486263e-05,8.404517594817751e-05,6.922506176569125e-05,-0.0005524555432336409,3.0520712723802745e-07,6.532686636762097e-05,-0.0032924438928057694,1.0840186787541839e-05,5.1284674421836485e-05,0.005771910310522886,3.331494863267892e-05,0.00013552398705507507
902,2.5122498705121288e-05,3.4518497186534583e-06,0.0002278776226755097,0.00022442577295685626,0.0014709628602446528,2.1637317362266373e-06,0.00023531255761366499,-0.002084159353437528,4.343720210298052e-06,0.00017902184592832882,-0.0019616567511053546,3.848097209435686e-06,0.0002692984644845353
903,0.0018938385032355454,0.0006371436575132172,0.000989968447479191,0.0003528247899659738,-0.01972577280209896,0.00038910611264009187,0.0007905327633894732,0.010106559450381922,0.0001021425439240442,0.0003019667598858078,0.03768530636701017,0.0014201823159755156,0.0018774058191622922
904,0.0007627996214909505,0.00023645866388103767,0.0005130726981888619,0.0002766140343078243,0.024507153291548296,0.0006006005624553667,0.0007679106988041084,-0.0022857179907806403,5.224506733458867e-06,0.00012456579698971737,0.01017599736899911,0.00010355092245428743,0.0006467415987727598
905,0.00048314656919024035,0.00014115148692650514,0.0004289682185181591,0.00028781673159165394,-0.0022379933397975935,5.008614188839466e-06,0.0003866833111547674,0.0038295439778911465,1.4665407078839898e-05,0.0003357654377340591,0.02009428872868657,0.00040378043951183606,0.0005644559066656507
906,0.0024388015939770247,0.0004429925547283868,0.0015201281791183223,0.0010771356243899355,0.03334796414915632,0.001112086712893423,0.003091831327791672,0.010686877178570439,0.00011420934382999626,0.0010063039387392392,0.010133193349666001,0.00010268160746174093,0.00046224927082405554
907,0.0002823490975133458,0.00013435447498396277,0.0003494082340051626,0.0002150537590211998,-0.0001654590943884365,2.7376712230520184e-08,0.00022356560502934109,-0.015756597978906623,0.0002482703798680763,0.0004915641786441549,-0.012440485053726176,0.00015476566837158146,0.0003330949183419918
908,0.0001933262781230738,2.7155886030194587e-05,0.000252512880819696,0.00022535699478950139,0.003229833640524224,1.0431825345436074e-05,0.00016170775070711851,-0.0005841360337708154,3.412149059967007e-07,0.00038091070000878524,0.008408009148364572,7.069461783915099e-05,0.00021492019174318422
909,0.0003385891816061193,9.453707340538002e-05,0.0005823244826292928,0.0004877874092239128,0.002284887555139393,5.220711139619638e-06,0.0005184350332001486,0.005865141796941483,3.4399888298453085e-05,0.00032762840379596536,-0.015620199127363418,0.00024399062077806732,0.0009009100108917645
910,0.00013684382381617954,4.609511326588341e-05,0.0005844196100678323,0.0005383244968019488,0.0023521684979847237,5.532696642607249e-06,0.0010315333540514837,0.0023859603301910172,5.692806697044084e-06,0.0001176055977816226,0.011272082170478044,0.0001270598364579989,0.0006041198783703905
911,6.366962236925566e-05,1.2721768592941865e-05,0.00017131296933229714,0.0001585912007393553,-0.0005703891098316082,3.253437363959222e-07,7.48478551989562e-05,-0.0016571481415079959,2.7461399623174287e-06,0.00012911727217757019,-0.005924003889278449,3.509382208011225e-05,0.00030997378062036507
912,0.00023036598594727842,3.0538477213311786e-05,0.000650602741437393,0.0006200642642240812,-0.004954571411202585,2.454777786864426e-05,0.0004902146770842108,0.006455310838745317,4.167103802465988e-05,0.000622744604736214,-0.005039505506184317,2.5396615746631213e-05,0.0008388489424917545
913,0.0007969423829903288,0.00045587065507120733,0.0012372393124796544,0.0007813686574084471,0.022436332905255586,0.000503389034235302,0.0008656329180336542,-0.018208001123701426,0.0003315313049206958,0.000788482773228627,-0.023080113215877447,0.0005326916260576242,0.002057602246176682
914,0.00016766082522157166,4.744522247172404e-05,0.0003059226596247762,0.00025847743715305216,-0.00913180727220059,8.338990405676316e-05,0.0003428051678607824,-0.007084174164700807,5.018552359581374e-05,0.0003291603661106368,-0.0029597702212258046,8.760239762595212e-06,0.0002458024449029095
915,0.002240676796444352,0.0010121329320569306,0.003978681679016827,0.002966548746959896,-0.014645829970117702,0.00021450033551317915,0.003603367849717709,0.02859331537309637,0.0008175776840250171,0.0037471839211951075,-0.044769641238595004,0.0020043207766325954,0.0045854932661376635
916,6.987674747527262e-05,4.3549093252289355e-06,0.0001517712086766728,0.00014741629935144385,-0.0009529724122728931,9.081564185109414e-07,6.077882055444128e-05,-0.0026257104795926957,6.894355523257012e-06,0.0002445158917716572,-0.002293952055729824,5.262216033918854e-06,0.00015001891370391984
917,0.0002419226949800235,0.00010521982144332902,0.00041225017985047074,0.0003070303584071417,-0.00916357391232993,8.397108684676802e-05,0.00027133089404596245,-0.008661845648901241,7.50275700456271e-05,0.0005976784337602403,0.012516421510874166,0.00015666080743759192,0.00036774121174520946
918,9.05935326078744e-06,1.5367657927312095e-06,0.0002293008684349044,0.0002277641026421732,0.00041625173222235173,1.7326550449947575e-07,0.0001418748443762219,-0.001621374922320349,2.628856638708932e-06,0.00040431888616099254,0.0013446840652249282,1.808175234985221e-06,0.00014170887476749883
919,2.28368958448133e-05,3.4235507228771076e-06,0.00025017776416151144,0.00024675421343863435,0.0008245057215745753,6.79809684545063e-07,0.00025138071413155494,-0.0011984363767454974,1.436249749242613e-06,0.00011150942501569894,-0.0028556247537881736,8.154592734843646e-06,0.0003876431533372804
920,9.269937357758717e-05,2.4244400791998782e-05,0.0001398153567440478,0.00011557095595204901,0.0008460281586233902,7.157636453536398e-07,0.00014696561238247696,-0.005731224837733888,3.2846938140984605e-05,0.00021118769849015617,-0.006258634083395952,3.91705005896581e-05,6.129275935951028e-05
921,7.168346435637574e-05,3.602552473125353e-05,0.0006664632104760315,0.000630437685744778,-0.00663974821551499,4.40862563653166e-05,0.0007755821078093694,0.0052580497546281324,2.7647087222137934e-05,0.0009187832346877478,-0.00602853469808923,3.6343230606306065e-05,0.00030502428893097733
922,0.00013993436789305758,1.8797770607870135e-05,5.875993792218518e-05,3.9962167314315046e-05,-0.00680755630048372,4.6342822785372384e-05,0.00012742844317681357,-0.0021564917294323777,4.6504565782701235e-06,1.8961205168976925e-05,0.002323796991879349,5.400032459967896e-06,2.9890165420765058e-05
923,5.9929257877566755e-05,8.638047750419986e-06,0.00023065140888633984,0.00022201336113591985,-0.0017229968704240897,2.9687182147020152e-06,0.00013942123860788413,-0.004721061274741402,2.228841956009031e-05,0.00033333529515622295,-0.0008105587438267761,6.570054764676314e-07,0.00021919769289491242
924,0.00033607216499720316,0.00012433376118015094,0.00033399599080408127,0.00020966222962393033,-0.013467523730187196,0.00018137419542318955,0.00029549599662470616,0.0036093191662236006,1.3027184843306117e-05,0.00032888969325750583,0.013364127478961775,0.00017859990327395714,0.0003776022825300318
925,6.84615455663895e-05,2.80541304931529e-05,0.0002788373801771253,0.00025078324968397236,-0.0017054013255448281,2.9083936813334432e-06,0.00024614148990231843,-0.004284964612395135,1.8360921729687618e-05,8.186805583454415e-05,0.007930515498290965,6.289307606843764e-05,0.0005085025947945132
926,5.7711416880268374e-05,1.7644436259289797e-05,0.00019989606165845183,0.00018225162539916204,-0.005474335920225071,2.9968353767340083e-05,0.0002094253562605619,0.0015828502975244506,2.505415064635308e-06,0.00014284474474823838,0.0045232222967706015,2.0459539945894e-05,0.0002474180839665552
927,0.00012917114258637064,5.885489709008448e-05,0.0005253738041602896,0.0004665189070702051,-0.009456991344081962,8.943468528210818e-05,0.0007121029886787422,0.0031072367570864697,9.654920264501321e-06,0.0005245256794993436,0.00880199328126945,7.747508572364392e-05,0.00033949274430278287
928,0.0001671743595795805,8.290760225378631e-05,0.0003340184535105169,0.0002511108512567306,-0.007498668734526795,5.6230032790427487e-05,0.0001208809801565014,-0.009457756972981202,8.94491669600761e-05,0.0005002056298862856,-0.010151039700967035,0.00010304360701085535,0.0003809687504887638
929,0.00013820824002808152,4.611574642499061e-05,0.0002141706420522397,0.0001680548956272491,0.011614369241513305,0.00013489357287832515,0.0003702689418654259,-4.0357136397869175e-05,1.6286985093927342e-09,6.1015296340838354e-05,-0.001857966011069731,3.452037698137289e-06,0.00021122768795045488
930,4.721041239452717e-05,1.965359722733151e-05,0.0001351557429045691,0.0001155021456772376,-0.0029782313551076954,8.869862004767803e-06,0.0001396850552117801,-0.004479365106163676,2.0064711754308462e-05,0.00014436362109238043,0.005479618410309043,3.0026217922918264e-05,0.0001214185524095468
931,0.005266213024656574,0.0017558652818741767,0.0033229194950956296,0.0015670542132214529,0.014467259864788409,0.0002093016079951493,0.0005489136653827886,0.022761855942907944,0.0005181020859656993,0.0018965520370810562,-0.06738094798725926,0.004540192151661682,0.007523292782823043
932,0.003231510559207118,0.0015070231843474409,0.002730697092464688,0.0012236739081172472,0.03640416410370782,0.0013252631640897627,0.0034521576528154796,0.01332277316987018,0.00017749628493568537,0.0004669305001064883,0.05493914910168238,0.0030183101040168747,0.004273003124472097
933,0.00022636122987584884,5.733450593018811e-05,0.0002608419043808041,0.00020350739845061602,0.00737986882099842,5.446246381513031e-05,0.00032022723534430586,0.0026801103492099525,7.1829914836119e-06,0.00028903015602854687,-0.010505144572631674,0.00011035806249182212,0.00017326832176955964
934,7.607579695845246e-05,1.0022146300858736e-05,4.799293837050763e-05,3.7970792069648894e-05,-0.004282613077759779,1.8340774774139312e-05,7.950597552874861e-05,-0.0008821875408546038,7.782548575585579e-07,1.117195131550286e-05,0.0033086869405582176,1.0947409270878339e-05,5.330088826727142e-05
935,0.0009643578935435437,0.00011160670398332091,0.000840020143375623,0.0007284134393923021,-0.015443457722295422,0.00023850038642048155,0.0015897522861550994,0.007396539475773852,5.470879621671809e-05,0.0005253887201323026,0.006450653401985065,4.161092931276311e-05,0.0004049194238394671
936,5.0746741102170034e-05,3.7201108869326185e-06,0.00016665124844753945,0.00016293113756060684,-0.0010366054301664557,1.0745508177700813e-06,0.0001763256056080964,-0.0015323571914078588,2.3481185625895407e-06,0.00017077146244937058,-0.002781665558665429,7.737663280438234e-06,0.0001528566772851514
937,0.000275668896992487,8.71678702540531e-05,0.000377604609022771,0.0002904367387687179,0.014438524887130863,0.00020847100091625492,0.0004922401734480664,-0.006473915545971968,4.1911582496445554e-05,0.00040381670712141826,-0.0033348204374304942,1.1121027349458856e-05,0.0002367569464988284
938,8.677948301871741e-05,3.066769445414508e-05,0.00023803892955653883,0.00020737123510239375,-0.0005576343260267479,3.109560421377111e-07,0.00018128726939958817,-0.009157463975066874,8.385914645447912e-05,0.00015089371834386966,0.002798746302514545,7.832980865818406e-06,0.00038193580092615864
939,0.00015892468964529005,5.7256354192477175e-05,0.00030347898803617657,0.0002462226338436994,0.0036761328503392247,1.3513952733412715e-05,0.00040304335319929496,0.012575403712526726,0.0001581407785328226,0.00023834160986657693,-0.0003381291342349527,1.1433131119620299e-07,0.0002690520010426578
940,5.0268362752681206e-05,1.549956055513224e-05,0.0002975190563818675,0.00028201949582673524,-0.0003794333960473835,1.4396970249297425e-07,0.00033512951168856997,-0.0034496823613791154,1.1900308394263703e-05,0.0003781850511033191,-0.0058697873529238494,3.4454403568640046e-05,0.00017924260635371336
941,4.546450962195081e-05,7.66795699817339e-06,0.00017763353879877522,0.00016996558180060184,-0.0011315283172005043,1.2803563329555345e-06,3.294641181394997e-05,-0.0017402772778483014,3.028565004004058e-06,0.00011880440360134692,0.0043237656802371585,1.8694949657560578e-05,0.0003811498009810288
942,0.0002663894901869801,0.0001039146318081811,0.00041108820861313067,0.00030717357680494956,0.00683320820983194,4.669273443891342e-05,0.0005852461631334904,0.014994326376980834,0.00022482982349925074,0.0003905735809067723,0.006342029445391811,4.022133748637913e-05,0.0002574448817991293
943,0.0003250476199804231,9.51308473415476e-05,0.000333494544779267,0.0002383636974377194,0.011987758022129672,0.00014370634239713187,0.00045493671038498995,0.0031987850538085223,1.0232225820527852e-05,0.000141900599359146,0.011465337928170206,0.0001314539738069831,0.000403646324593665
944,0.00032868980663036673,0.00010750312979042793,0.0009694028230415505,0.0008618996932511225,0.004599103035105095,2.1151748727410435e-05,0.0006464312685767748,-0.0010082275940025158,1.0165228814251748e-06,0.0008709052198735412,-0.017330352499660855,0.0003003411177624482,0.0013908719806743353
945,0.0002763701748987879,9.446497121086879e-05,0.0002603951857438336,0.0001659302145329648,-0.005200267027849536,2.704277716047976e-05,0.00016190481066680196,0.014839972729617044,0.0002202247906155641,0.00041570415237657254,-0.006010602786432298,3.612734585656252e-05,0.00020357659418812624
946,7.999332107821999e-07,2.530843740503978e-07,0.00022836334345029594,0.00022811025907624555,8.560534097507942e-05,7.328274431728232e-09,0.00014800887608434898,-0.0008659749493710453,7.499126130072753e-07,0.0001919338498371781,-4.485793851947121e-05,2.0122347121898088e-09,0.0003451473044293607
947,0.0002523646475907082,0.0001193959329133983,0.000357797315360268,0.0002384013824468697,0.0056563376601751845,3.199415572607833e-05,0.0004381251359383276,-0.01531373552548864,0.00023451049574474414,0.00042986823692259257,0.009575131710293333,9.168314726937243e-05,0.00020539857321988375
948,0.00017074773918301922,0.00010290735432660902,0.00023704119154518052,0.0001341338372185715,-0.006482390683657018,4.202138897568819e-05,0.00019798248806046637,0.00981956067305729,9.64237718118488e-05,0.00021532012139768852,-0.013049019204218434,0.00017027690219229008,0.00029782096517738665
949,0.0005050469781318068,0.00013878231240804784,0.00033811671985987485,0.000199334407451827,0.014605083201489262,0.00021330845532241405,0.0006344610264391592,-0.014147811996059577,0.00020016058427618777,0.00029250872440933495,-0.0016964367436982117,2.877897625541692e-06,8.738040873113029e-05
950,7.829556188276854e-06,1.988072035404483e-06,0.00015937495705475868,0.0001573868850193542,-0.0006699495569264568,4.488324083506967e-07,0.00016997859109624258,0.0021221958650063095,4.503715289594368e-06,0.00022867981684748795,0.0010058172836898004,1.0116684082683847e-06,7.946646322054551e-05
951,0.0020352885731443893,0.0013746387860071874,0.0026703334050726855,0.001295694619065498,0.0442778046406026,0.001960523983791318,0.0034606701177143373,-0.04272006723046654,0.0018250041441756348,0.0034169259510082872,0.018395331746250285,0.0003383882300546093,0.0011334041464954314
952,0.0003878498302501976,0.0001367632192354288,0.0006226193417260643,0.0004858561224906355,0.015640400049867876,0.00024462211372011655,0.0007870075158483703,0.009591902370712349,9.200459108948955e-05,0.0006432074186788483,-0.008582712444020967,7.366295289668034e-05,0.0004376430906509743
953,0.0004946946915597161,0.0002177517743121212,0.0008723980080305541,0.0006546462337184329,0.01760643639891679,0.00030998660266923217,0.0008305154756228506,0.00026574539490977747,7.062061502249861e-08,0.0006679130848249448,0.018525606593367844,0.0003431980996521089,0.001118765463643867
954,0.00015480067713025125,6.605329283508136e-05,0.00032156411901103815,0.0002555108261759568,0.010687518727272307,0.00011422305654584797,0.0002813754756540998,-0.001180569949840894,1.3937454065304777e-06,0.00016301971147425487,0.009085322039039513,8.254307655286564e-05,0.0005202971699047598
955,7.735435443934069e-05,2.31935632648191e-05,0.0002567349364279344,0.00023354137316311527,-0.0001252959865038686,1.5699084365827787e-08,0.00022796563480975696,-0.003623342898362796,1.3128613759127994e-05,0.00040076246570697194,0.007512414854816201,5.6436376950963485e-05,0.0001414767087670743
956,0.0005289330328795971,0.0001391221984758939,0.0002901184901131411,0.0001509962916372472,-0.007415339088977992,5.4987253804705816e-05,0.00032333391558214686,0.00029990045783849343,8.994028477538052e-08,0.00011577072403645694,0.019033901369350504,0.00036228940133820053,0.0004312508307208196
957,6.912462793484675e-05,2.495472628094575e-05,0.00023111043793422326,0.0002061557116532775,0.005709014702516968,3.259284887335845e-05,9.706688278832143e-05,0.006501159488122067,4.226507469085039e-05,0.0002091089212659103,-7.909031917993272e-05,6.255278628408689e-09,0.00038715550974843804
958,0.00021681630145431452,7.905042340975814e-05,0.0003047279969686049,0.00022567757355884677,-0.007445247999744976,5.543171777788736e-05,0.000287178542405675,-0.013419470919240995,0.00018008219975240713,0.0004965749713429224,0.00127959083253625,1.6373526989799103e-06,0.00013043047715721734
959,2.696857714690193e-05,1.0380897209468406e-05,8.527629562634272e-05,7.489539841687431e-05,0.00012241366467251162,1.4985105600828774e-08,7.981283925928562e-05,-0.004470228793853423,1.9982945468677293e-05,0.00010818332267126252,0.003338377008973955,1.1144761054127095e-05,6.783272494848003e-05
960,0.00023803820435130962,7.929472458090281e-05,0.00025738367689553954,0.00017808895231463673,-0.012609450736774396,0.00015899824788323524,0.0002851449760893354,-0.008258531637127543,6.820334480128754e-05,0.0002205959957346515,-0.0032684217992975553,1.0682581058185647e-05,0.0002664100588626317
961,0.00011898885894745526,3.666640673064917e-05,0.00020023837173647566,0.0001635719650058265,-0.009070249664077918,8.226942896905065e-05,0.00018278637186341928,-0.0008405518730954975,7.06527451099781e-07,0.00013553222603834847,0.005198390498222209,2.702326377179709e-05,0.00028239651730765924
962,0.0013305968781749389,0.0004213835640385725,0.000957518304647779,0.0005361347406092065,0.030437688307408332,0.0009264528694989949,0.001102387980624675,-0.0029125134132103594,8.48273438203151e-06,0.0009403989613679942,0.018144285277592605,0.00032921508823469114,0.0008297679719506679
963,0.00034512063623437506,0.0001355497163275654,0.000686371470035844,0.0005508217537082786,-0.015025705075638348,0.00022577181302019245,0.0009176994812688521,0.013061053126181854,0.00017059110876449513,0.00032245685882925645,-0.0032072148662447824,1.0286227198008646e-05,0.0008189580700094234
964,0.00012849288023941696,0.00011201608802195266,0.00024931185930817296,0.00013729577128622028,-0.01107088904903247,0.00012256458433546058,0.00025314198828640944,-0.010826947861793454,0.00011722280000214802,0.00023734821647469762,-0.009811262901823667,9.626087972824937e-05,0.00025744537316341187
965,0.0001900367302148931,5.133878474454049e-05,0.00036340178197876344,0.00031206299723422293,-0.0012321720532483993,1.5182479692343875e-06,0.000567421277949065,0.011615893207832047,0.00013492897501587997,0.0003236563343922416,0.004191554753175795,1.756913124850712e-05,0.0001991277335949837
966,0.00045398604542112864,0.00021102339723400032,0.00047761189618389377,0.00026658849894989345,-0.006773186173685115,4.587605094374947e-05,0.00034362236167062576,-0.018214109865430487,0.00033175379818994877,0.0005785600261728474,-0.01598250113618859,0.0002554403425683027,0.0005106533007082081
967,0.0016891313678359943,0.0005128413152133046,0.0007767192446165675,0.00026387792940326294,-0.010738440384847989,0.00011531410189902225,0.0004766468244195021,0.0075896789584964965,5.760322669334794e-05,8.111465905191739e-05,-0.03695411502184126,0.0013656066170475434,0.001772396250378283
968,1.5674157210820994e-05,2.266137795895832e-06,0.00022350462187603615,0.00022123848408014032,-0.0011193990128111984,1.2530541499966574e-06,0.00019877987158267718,0.0015403352761834603,2.3726327631479194e-06,0.00033661089939140965,0.001781214887180306,3.1727264745429196e-06,0.00013512309465402161
969,0.00037251640483437765,0.00015537583816919534,0.000500463727911756,0.00034508788974256066,-0.005401454712617521,2.9175713012641324e-05,0.000475507736130365,-0.009975508632304076,9.951077247316586e-05,0.0005622436476385717,0.018369568014017058,0.00033744102902177886,0.0004636397999663311
970,0.0001357024724786271,2.3710629434292585e-05,0.00023556273032291722,0.00021185210088862463,-0.006083668779104663,3.701102581399329e-05,0.0002405134914137408,-0.0030239746760897684,9.144422841611544e-06,0.0002824086366048917,0.004997643409380601,2.497643964727292e-05,0.0001837660629501192
971,0.00018836991478299314,0.00010228032183153453,0.00023166616013085375,0.0001293858382993192,-0.001766676664829629,3.121146437967681e-06,0.00012206501047740126,0.011448066212058005,0.0001310582199954835,0.0003165715357040799,-0.013140076067553635,0.00017266159906115242,0.0002563619342110801
972,2.601452484174427e-05,6.857768090543874e-06,0.00011234205098139179,0.00010548428289084791,-0.003975974589461782,1.580837393599932e-05,0.00017722251751495222,-0.0012072529371439833,1.4574596546301777e-06,0.00010331722598833082,-0.0018186452872349294,3.3074706810021226e-06,5.648640944089234e-05
973,0.00044879957835053386,0.00014002953916773345,0.0003061342671556074,0.00016610472798787393,-0.0038599884613427105,1.4899510921928538e-05,0.00013203610214918005,-0.019702009101915764,0.00038816916265205226,0.0005898114053219938,-0.004125523473342519,1.7019943929219572e-05,0.0001965552939956483
974,0.00014605837600623062,4.128977696238323e-05,0.0001497749175836486,0.00010848514062126538,0.000903570310814433,8.164393069387543e-07,6.351289693218298e-05,0.01102668112075212,0.00012158769653880519,0.0001912433160162763,-0.0012104524119476625,1.4651950414057424e-06,0.00019456853980248656
975,0.00021009981313857562,2.9609621025309767e-05,0.0006221681694589254,0.0005925585484336157,-0.0006330742544431044,4.0078301133394945e-07,0.0003160525777948786,-0.00830069017045341,6.890145730553687e-05,0.0006082693481191948,0.004418893838833414,1.9526622759058476e-05,0.0009421825824627028
976,0.00015258630211778534,6.05002498987132e-05,0.000264605153727319,0.00020410490382860583,-0.011553113793784094,0.00013347443833222616,0.0003337766694999633,-0.005802447225853705,3.3668393808694574e-05,0.0002626536618424158,-0.0037891842862532,1.4357917555218869e-05,0.0001973851298395779
977,6.140346599325941e-05,1.3031243414192891e-05,0.0003578730389133626,0.0003448417954991697,-0.0012822982993410312,1.644288928570603e-06,0.0004981145168575507,-0.002855098444696465,8.151587129412441e-06,0.000173802545028523,-0.0054127492260149955,2.929785418459563e-05,0.000401702054854014
978,0.0002081486829014212,4.1477807671867296e-05,0.0002775221365915274,0.00023604432891966012,0.007828362534763038,6.128325997589723e-05,0.0002813431362463925,0.007869969045772453,6.193641278151585e-05,0.0003173025096854243,-0.0011017033441459915,1.213750258188817e-06,0.0002339207638427654
979,0.00010918934891901433,4.043854776447642e-05,0.000252540166585787,0.00021210161882131057,-0.007450842028046525,5.5515046926690736e-05,0.0003336868494469014,0.003171409405309894,1.00578376163174e-05,0.00029170951876333895,0.007466107335857627,5.574275875042112e-05,0.00013222413154712065
980,1.0523608389156891e-05,2.965355465215739e-06,0.0001798881420727779,0.00017692278660756217,-0.0014617126805996955,2.1366039610892784e-06,0.00010990866253435261,-0.0017818406016252447,3.1749559291638363e-06,0.00032095155793654406,0.0018932792993394505,3.5845065053941028e-06,0.00010880420574743699
981,0.00018074711054061332,6.011063010114004e-05,0.0001867168006597364,0.00012660617055859635,0.0002727511375789049,7.439318383539728e-08,0.00017120454636032623,0.005216385678730301,2.721067954924994e-05,0.00011790949812751084,-0.012371209220213699,0.00015304681757033478,0.0002710363574913721
982,0.00018006473447251814,5.341205787430988e-05,0.0006829600464652863,0.0006295479885909764,-0.011257403076231097,0.00012672912402089676,0.0014651907430213162,0.004407822074335588,1.942889543915527e-05,0.0003356498514240913,0.0037520866411510046,1.407815416287761e-05,0.00024803954495045133
983,0.0001171896544782669,4.2554300111500666e-05,0.0003105111852448698,0.0002679568851333691,0.00465413308217544,2.1660954746427485e-05,0.0001850061323226404,0.0007382562575858148,5.450223017344769e-07,0.0003447722283416166,0.010269222136370902,0.00010545692328634004,0.0004017551950703524
984,1.135210706282308e-05,4.474249127602488e-06,0.0001606811289520301,0.0001562068798244276,0.0016939116814226993,2.8693367846166495e-06,8.231846493744754e-05,0.0002684725544635745,7.207751229199033e-08,0.00019915131425074506,-0.003237488700502561,1.0481333085898825e-05,0.00020057360766789767
985,0.00012787355683685497,2.5995516460726915e-05,0.00011295106045239311,8.69555439916662e-05,0.007189499000080129,5.168889587214842e-05,9.597184466303421e-05,-0.001238464937754971,1.5337954021310551e-06,8.497048673627994e-05,0.004976329782888568,2.476385810790127e-05,0.0001579108499578652
986,0.00011819831686210591,5.054053901409894e-05,0.000309356649486429,0.00025881611047233005,0.005314383754757981,2.824267469259123e-05,0.0003766484099767542,0.005744710691159812,3.30017009250172e-05,0.00024952153871560245,0.0095066945582934,9.037724142468839e-05,0.00030189999976693027
987,5.920646605472868e-05,1.7735665110799974e-05,0.00021332618595071295,0.000195590520839913,0.0013898012491644948,1.931547512379339e-06,0.00015130720856326718,0.007133093788922424,5.088102700134822e-05,0.00021761824355881476,0.0006280293137268928,3.9442081867235856e-07,0.0002710531057300569
988,5.499692697663594e-05,2.182224622267655e-05,0.00022556355586630014,0.00020374130964362358,0.004727034839396731,2.234485837282474e-05,0.00039828713942002825,0.003939295309064479,1.551804753185948e-05,9.504974446161718e-05,-0.005253934978983744,2.7603832763345437e-05,0.00018335378371725497
989,0.00031783564136922404,0.00011702626424673716,0.0005455048318199207,0.00042847856757318353,0.011955231409977526,0.00014292755806577517,0.0005214650198589466,0.014349288941722722,0.00020590209313298136,0.0007276270709497545,0.0014997138198189965,2.2491415414549465e-06,0.00038742240465106104
990,0.0021618052142901023,0.0005964178525507494,0.001754793354494984,0.0011583755019442346,-0.02035036412738514,0.0004141373201170806,0.0012530572795584893,0.029528929712522252,0.0008719576899670622,0.0027532330038408936,-0.02243119585684068,0.0005031585475681055,0.0012580897800855695
991,0.00073165170907874,0.0005501758839688842,0.0008447644532264912,0.000294588569257607,0.015898688307221076,0.0002527682898900707,0.000618426555703655,0.026682221463864085,0.0007119409422464695,0.0009797886974631798,0.026188135095305903,0.0006858184197701123,0.0009360781065126389
992,2.769363913124323e-05,1.0170295495289436e-05,0.00017578964994883575,0.0001656193544535463,0.0021720605602784525,4.717847078006265e-06,0.00017975312301021784,-0.00344780873469491,1.1887385070741274e-05,0.0001553339445424795,-0.0037290286050369954,1.3905654337120765e-05,0.00019228188229380994
993,0.0003240149329051256,0.00011404873251859755,0.0005839834669892167,0.0004699347344706191,-0.008015826957650997,6.425348181515744e-05,0.0002410631697348231,-0.010461959979492718,0.00010945260661243683,0.00021445103174477786,0.012978447870543811,0.0001684401091281984,0.0012964361994880491
994,2.775387509490468e-05,1.4742406784895579e-05,0.0003008774918128084,0.0002861350850279128,0.004044961284579296,1.6361711793644318e-05,0.0003511093171731927,-0.0006273697675899324,3.9359282510975646e-07,0.00019954283337719758,0.005241365827335628,2.747191573593266e-05,0.0003519803248880349
995,0.00015871491052699138,6.080244621919917e-05,0.00016395136763125429,0.00010314892141205512,0.0035674951508895066,1.2727021651448567e-05,0.00013189148448211618,0.01137521101175394,0.0001293954255626728,0.0002834852984231473,-0.006347038005537096,4.0284891443476134e-05,7.647731998849938e-05
996,2.618247237462512e-06,1.052615108854127e-06,0.0001084095394181898,0.00010735692430933567,-0.0014535576124613775,2.1128297326145073e-06,0.00016402892459377316,0.0005564091211256596,3.095911106365534e-07,9.89159435892395e-05,-0.0008575689378824695,7.354244833113199e-07,6.228375007155673e-05
997,4.004353754349932e-05,9.068323256829677e-06,0.00039368262715803554,0.0003846143039012059,0.0021062180542559647,4.436154492193367e-06,0.0005198255138380015,-0.0047711745981583375,2.27641070458251e-05,0.00038080106047999607,-6.86165603177123e-05,4.708232470562734e-09,0.000280421307156109
998,0.00042437083382884655,0.0001825978178704446,0.000596904927311163,0.00041430710944071836,-0.00037354636045505284,1.3953688327017488e-07,0.0003371676097927434,-0.011153176040192147,0.00012439333578329048,0.00047687531131301863,0.020573297765421234,0.00042326058094477315,0.000976671860827727
999,0.0004064393126238519,9.072824467755887e-05,0.00031707076653227545,0.0002263425218547166,-0.013633039875277123,0.0001858597762408598,0.00036515465617092957,0.00865179184962487,7.485350220937104e-05,0.00041906676581482394,0.003386953731972018,1.1471455582445778e-05,0.0001669908776110729
1000,4.551073100755865e-05,1.3765454005998379e-05,0.00025078408472833935,0.00023701863072234097,0.006052945002335115,3.663814320076231e-05,0.00023642561604952927,0.0017539564761140584,3.076363320309028e-06,0.0002729155780452075,0.0012577183695473377,1.5818554969238008e-06,0.00024301106009028128
1001,0.00011077991915120489,2.7494812993134055e-05,0.0003128281434765882,0.00028533333048345416,-0.00873575958883895,7.631349559411582e-05,0.00038453636545543457,-0.002333512004835128,5.44527827694985e-06,0.00020663552964284015,-0.0008518597940757588,7.256651083364929e-07,0.00034731253533148987
1002,0.0001380147170436663,4.2865105000659355e-05,0.00033406000851214185,0.00029119490351148247,-0.001459473190766469,2.130061994454202e-06,0.00017116445156939442,-0.011222692503887566,0.00012594882703642618,0.0005653218065888588,0.0007186278389792381,5.164259710976893e-07,0.0002656937673781723
1003,0.0003619585152879745,0.00013814870494355258,0.0005196554536013679,0.0003815067486578153,-0.017804706213839724,0.0003170075633611713,0.000705002492714768,-0.005320069193865593,2.830313622792513e-05,0.00046220308903544005,-0.008314770907341265,6.91354152415613e-05,0.0003917607790538957
1004,0.00014566208577349027,7.655656539832616e-05,0.0005097152992072177,0.00043315873380889153,0.005776136525069317,3.336375315621254e-05,0.00040366020724125207,-0.007564547573835266,5.722237999705726e-05,0.0005346224645351727,0.011793369452431493,0.00013908356304170866,0.0005908632258452284
1005,0.00019989171321332933,4.5178333779742154e-05,0.00022250653292062625,0.0001773281991408841,0.007171899558849982,5.143614328206869e-05,8.293301906803219e-05,0.006906255963411326,4.769637143220429e-05,0.00033340642962775835,0.006033447325071378,3.640248662495349e-05,0.0002511801500660882
1006,2.8833545301920616e-05,7.865109939146167e-06,0.00016062632469041974,0.00015276121475127358,0.004437783753050961,1.9693924638741755e-05,0.0001691258150208208,-0.0004908823637541282,2.4096549489094343e-07,0.00019590098028954284,-0.0019132275567714176,3.660439683805805e-06,0.0001168521787608956
1007,2.2436138214398937e-05,1.5088860146191449e-05,0.00016238112852192307,0.00014729226837573162,0.0032835659287655567,1.0781805208304185e-05,8.6842856808933e-05,-0.0038404254509231198,1.4748867644298613e-05,0.00016429988069543988,-0.0044425114052760615,1.9735907585971546e-05,0.0002360006480613963
1008,2.1311211657271123e-05,1.7351899656496233e-05,0.00011497695370621397,9.762505404971773e-05,-0.004351061603818325,1.8931737080229993e-05,0.0001101872708240137,-0.0045615935757581235,2.0808135950511897e-05,0.0001736529638812767,0.0035093911065428814,1.2315825938746805e-05,6.10906264133515e-05
1009,0.00011661443509458636,4.734467600797654e-05,0.0002912184676167051,0.00024387379160872857,-0.007117468427533455,5.065835681683506e-05,0.0002562787132277533,-0.009237654830545922,8.533426676859968e-05,0.00020633610635689692,-0.002457926857813614,6.0414044384948795e-06,0.0004110405832654651
1010,0.0005025344835998258,0.0002038630938805408,0.0003691423225694601,0.0001652792286889193,-0.016874881243169184,0.00028476161697088553,0.0006584832884878322,-0.014679345433874237,0.0002154831823670822,0.0002942618412008491,-0.010551989495044012,0.00011134448230365468,0.00015468183801969904
1011,0.00019918279952069184,4.466199828712103e-05,0.00022295667093478558,0.00017829467264766455,0.0006383540467834305,4.0749588947619486e-07,0.00010690224552567518,-0.010837337080135097,0.00011744787498912945,0.0003639129193037105,-0.004016294807709713,1.613062398275744e-05,0.00019805484797497108
1012,0.0030267624748973043,0.0009788382576294552,0.003014753348610307,0.002035915090980852,0.0012748416262446346,1.6252211723077892e-06,0.0035666122342775664,-0.022913801313941964,0.0005250422906550867,0.0005853840734617588,0.04909019516218071,0.002409847261060971,0.004892263738091596
1013,0.0009304028839974832,0.00028319398144368196,0.0004605491316734082,0.00017735515022972625,0.01876751924762783,0.00035221977870991683,0.0005901395581008329,0.021081095627472606,0.00044441259285454837,0.0005395916709011184,-0.007276645708470018,5.2949572766580744e-05,0.0002519161660182734
1014,0.00021536653851084164,9.017706626068822e-05,0.000366989915244272,0.00027681284898358377,0.01156879679871783,0.00013383705937031198,0.00044393003405951426,0.011640682832525014,0.00013550549680740875,0.0004888245693510651,0.001090248872649156,1.1886426043439258e-06,0.00016821514232223667
1015,0.0014181051021135982,0.0004737273888469155,0.001196613673628999,0.0007228862847820834,0.0281238189375172,0.0007909491916302525,0.0011209358359389743,0.009194781576649602,8.454400824220443e-05,0.0010129676070458338,0.023359986444094306,0.0005456889666682896,0.0014559375779021888
1016,2.0051080544480904e-05,7.0938015862183805e-06,0.0003051129349815514,0.00029801913339533304,-0.0012531009466745578,1.5702619823310116e-06,0.00019976358000073358,-0.0004932313283507901,2.4327714276406454e-07,0.00017462736182805028,-0.0044122404324293055,1.9467865633560066e-05,0.0005409478631158704
1017,0.00015121318225652658,1.7669131173995527e-05,0.000191810017316274,0.0001741408861422785,-0.0056734765533829655,3.218833620166617e-05,0.0002079630442816116,-0.003977592876135377,1.5821245088476488e-05,0.0002623830095050961,0.0022355787241403143,4.997812231843923e-06,0.00010508399816211433
1018,0.0004002343323959989,0.0001720369740666472,0.0008978542314197849,0.0007258172573531377,-0.01006089468224946,0.00010122160180714435,0.0009417837581088273,-0.00647910789303038,4.197883908962918e-05,0.0008154427484828863,-0.019310890225547498,0.00037291048130316806,0.0009363361876676413
1019,1.236814970551059e-05,7.630091094871597e-07,0.00010671185256094784,0.00010594884345146068,0.0010927496804890723,1.1941018650540869e-06,0.00010565841775744822,-0.0009030805583938877,8.155544949373095e-07,0.00010311160051623691,0.0005285555490856449,2.793709684700829e-07,0.00011136553940915839
1020,1.8340752417023154e-05,8.29916518015524e-06,0.00011216854874259348,0.00010386938356243824,0.0007996934331752597,6.395095871747358e-07,0.00018749937721240784,0.0031850508433485174,1.0144548874713166e-05,4.4099386116380757e-05,-0.003756785471437865,1.4113437078577817e-05,0.00010490688289899186
1021,0.001825225059565394,0.000512603131233543,0.0014845024586542799,0.0009718993274207369,-0.005152564690026227,2.654892288478372e-05,0.000719594778493815,0.03885394459497577,0.001509629010589264,0.0034779895749796896,0.0012772862743210356,1.6314602265810052e-06,0.00025592302248933496
1022,0.0001294362358251755,3.117249488652588e-05,0.0002720595419924236,0.00024088704710589773,-0.0003916806144695198,1.534137039627126e-07,0.000316469635577743,0.0011067430295406504,1.224880133765538e-06,0.00023170167842012646,0.00959891612744138,9.21391908218494e-05,0.0002680073119794013
1023,6.86648594468986e-05,1.6849795335671658e-05,0.0001709299870447841,0.00015408019170911244,0.004715977109009349,2.2240440093024283e-05,0.00024924663642356126,0.005316117613037697,2.8261106475246933e-05,0.00013712701475387945,0.00021872228693918348,4.783943874375751e-08,0.00012641630995691155
1024,0.007987649073693093,0.003164372025198555,0.006887666235911379,0.0037232942107128237,-0.05809213479816835,0.0033746961254087493,0.0073512420934916944,0.07819524798595617,0.006114496807585135,0.011633580526943965,-0.0019806924551039446,3.923142601780505e-06,0.0016781760872984774
1025,2.0295459727259768e-05,4.6825576689446535e-06,0.00013625224655189339,0.00013156968888294873,0.00064457245885968,4.1547365503546985e-07,3.4054446394371496e-05,-0.002305145943853051,5.3136978221957065e-06,0.00014406449898174412,-0.0028841812580902453,8.318501529602784e-06,0.00023063779427956455
1026,0.000646145640501361,0.000196189001623955,0.0007404777500682839,0.0005442887484443288,-0.01712681539480311,0.000293327805567678,0.0014080399880951333,0.003427636961104351,1.1748695136981624e-05,0.0001876665181861359,0.0168371762527739,0.00028349050416720534,0.0006257267439235825
1027,4.747116788306194e-05,1.601781056685218e-05,0.00014370244934188334,0.00012768463877503117,-0.0004321869944117074,1.8678559821072582e-07,0.00021937814563011138,0.003590752268098809,1.2893501850519407e-05,0.00012672337644981102,-0.0059138096225337744,3.4973144251826405e-05,8.500582594572759e-05
1028,4.881704183679059e-05,1.5142148782250805e-05,0.00015739617454924026,0.00014225402576698945,0.002406505504678908,5.7912687437822186e-06,0.0001240914500240109,0.005688725237784738,3.236159483155365e-05,0.0002248014976814483,0.0026969580589881717,7.273582771416542e-06,0.0001232955759422616
1029,0.0029746552378121516,0.0007828531138434069,0.0019093302918092119,0.001126477177965805,-0.006473901825690502,4.191140484866018e-05,0.0008123114501437101,0.012077951398698916,0.0001458769099890178,0.0004513557290968251,0.0464840943408846,0.002160771026692543,0.0044643236961871
1030,0.00040181190170862635,0.00015917476815274778,0.00034221294981562345,0.00018303818166287567,0.015026474447540942,0.00022579493432250963,0.0004180217699488731,0.014268189640438298,0.00020358123561581287,0.0003127772428839215,0.006938885682854358,4.814813451992084e-05,0.00029583983661407576
1031,0.012490484543985048,0.0026197576384357677,0.006187330044752322,0.0035675724063165544,-0.05985788176417253,0.00358296600929342,0.0070832566063672164,0.008470142792412963,7.174331892356722e-05,0.0035753016464007414,-0.0648426062638633,0.004204563587090315,0.00790343188148901
1032,0.00010233412978866152,3.134922994481778e-05,0.00029330993655585225,0.0002619607066110345,-0.0008875419844183677,7.877307738324291e-07,0.00021238669237566565,-0.006314837924404543,3.9877178011571424e-05,0.0002417866492804288,0.007306352102732375,5.338278104904948e-05,0.0004257564680114623
1033,0.0028807357787176135,0.0008748867374514709,0.0020140820726390896,0.0011391953351876185,-0.01794170958044115,0.00032190494266881586,0.0013030183160583908,-0.03571372129743499,0.0012754698889106963,0.0027873988399309546,-0.032051292965730324,0.0010272853807749005,0.0019518290619279233
1034,0.00024350178090815078,7.59371543975762e-05,0.0002797782890480531,0.00020384113465047687,-0.008030698626878467,6.449212043546648e-05,0.00043910121268408986,-0.004655604254829156,2.1674650977687726e-05,0.00010180690891392619,-0.011901457548530482,0.0001416446917795744,0.0002984267455461431
1035,0.0006329721088595974,0.0002081931856552366,0.0004602560612232039,0.0002520628755679673,0.0004971000196418754,2.471084292743342e-07,0.00028589475518281393,0.022405123926216505,0.0005019895781491757,0.0007569684699936241,-0.011060871140508886,0.00012234287038725977,0.0003379049584931737
1036,0.00012933537815063012,3.813784022321798e-05,0.00021257472682793357,0.0001744368866047156,0.0034890002713248536,1.217312289325534e-05,0.0002178222076343328,-0.009320837126208167,8.68780047333928e-05,0.0002946463305828484,-0.003919488875159308,1.5362393043005795e-05,0.00012525564226661956
1037,0.00015012177740614252,6.959791134956521e-05,0.00019391192068030083,0.0001243140093307356,-0.009128815774305406,8.333527744153191e-05,0.00018429048069379395,0.006125222200700944,3.751834700804757e-05,0.0001741569785486119,-0.009377638807244182,8.794010959911613e-05,0.00022328830279849665
1038,0.001504695255040489,0.00015864595572789852,0.0022569007028409027,0.002098254747113004,0.0124102875107435,0.00015401523609948065,0.0021026167434400334,-0.002764769930267478,7.64395276720009e-06,0.002807321269394536,-0.017727906766364352,0.00031427867831701484,0.0018607640956881388
1039,0.0016218954504764183,0.0005999234478185252,0.0014717274542347392,0.0008718040064162139,-0.011624238648864523,0.00013512292416584248,0.0012619970644403011,-0.01776430809275183,0.0003155706420140403,0.0007592049800518863,-0.036729780523110045,0.0013490767772756929,0.00239398031821203
1040,0.0002783079371738717,0.00011463935806595622,0.00044937092403785073,0.0003347315659718945,-0.0062579125479336195,3.916146945726062e-05,0.00033501489929244066,-0.016616011827871435,0.0002760918490639641,0.0002977935873806903,-0.005353947672184788,2.866475567664395e-05,0.0007153042854404212
1041,1.147742451212963e-05,2.632894152587717e-06,0.00029950489381787754,0.0002968719996652898,-0.0027902694201301244,7.78560343639434e-06,0.0002833085816800196,-0.00011344672514697168,1.2870159271649584e-08,0.0004275306546944746,0.00031655783417396,1.0020886209716195e-07,0.00018767544507913847
1042,0.0005912323167993616,3.478500194342704e-05,0.0002867208313688252,0.00025193582942539816,-0.006448855021108749,4.158773108309255e-05,0.0002543790932788559,0.0053555543919810225,2.8681962845333864e-05,0.00017933118017166017,-0.0058382627469067425,3.408531190185471e-05,0.00042645222065595956
1043,0.0036284209458203875,0.0009171469219274956,0.0014156546089763393,0.0004985076870488437,0.00880532905167977,7.753381970820872e-05,0.0005679923505240714,-0.029849566530336068,0.0008909966220487231,0.0011671042321542702,0.042224522780319254,0.001782910324025555,0.002511867244250676
1044,3.973770841170232e-05,1.2071534879846505e-05,0.00024289657381926233,0.00023082503893941583,0.003280502340422695,1.0761695605543409e-05,0.00018722864981546294,-0.0037671373447941167,1.4191323774448428e-05,0.0002564094598882516,0.0033558285503412335,1.126158525954768e-05,0.00028505161175407245
1045,2.35910431043429e-05,1.2310171934556044e-05,0.00021108896663687057,0.00019877879470231452,-0.004786451975918071,2.291012251776081e-05,0.00016472099105813154,0.0034459741366623534,1.1874737750883213e-05,0.00030116141136882213,-0.0014648056304483262,2.1456555350241047e-06,0.00016738449748365802
1046,5.2783008290036015e-05,2.2561729074851062e-05,0.0001596367497048723,0.00013707502063002122,-0.0003522220279422759,1.2406035720946562e-07,0.00011339692213030439,0.0051155382375823516,2.6168731460662897e-05,0.00016693176274518162,-0.006433692206391054,4.1392395406680826e-05,0.00019858156423913087
1047,0.00022656509505136757,8.364761907146227e-05,0.0003664147260256841,0.0002827671069542218,0.010984475063537908,0.00012065869242150473,0.0005193652483236333,-0.009716581673017506,9.441195940840252e-05,0.00035018153479815517,0.005989340980789196,3.587220538447955e-05,0.00022969739495526387
1048,1.1042150006468354e-05,4.053666177394888e-06,0.0002383296262017387,0.0002342759600243438,-0.0005766592901552399,3.3253593667570414e-07,0.00026676753518217744,0.0031676705032936325,1.0034136417536033e-05,0.00026083411328392536,0.0013395246089808084,1.794326177972927e-06,0.0001873872301391133
1049,0.00023551041048819332,8.891744446515304e-05,0.00032727270152517934,0.0002383552570600263,-0.010706537161252208,0.00011462993798527776,0.0002578841813927202,-0.012240305366691384,0.00014982507546967838,0.0005681999644924218,0.001515691241811696,2.297319940502973e-06,0.00015573395869039608
1050,0.0004112924958050712,4.968060047020698e-05,0.0005152411675541924,0.00046556056708398536,0.008786710281894592,7.720627757779042e-05,0.0006003003243620908,-0.0009176865368672027,8.421485797605044e-07,0.00039270719347206384,-0.00842575665760098,7.099337525307003e-05,0.0005527159848284224
1051,0.0001373609372274931,7.545755108688083e-05,0.00021166430252113808,0.00013620675143425726,-0.010001787319666413,0.00010003574958772354,0.00025223173585664505,0.009532996571549336,9.08780236335005e-05,0.00022641646872156862,0.005954735933659196,3.545888003941844e-05,0.00015634470298520053
1052,5.9499805248441895e-05,3.2831108786971854e-05,0.00022149739763780799,0.00018866628885083614,-0.007329066890297447,5.371522148223118e-05,0.000274396811781763,0.0022319615254767504,4.981652251156987e-06,0.00022315101769765366,-0.006308442963814046,3.97964526275274e-05,0.00016694436343400731
1053,0.00014853889422783428,3.849970975540925e-05,0.0002596210772580025,0.00022112136750259323,0.0019333323647387829,3.7377740322863673e-06,0.00018598303154404583,-0.00917440916571429,8.416978354008897e-05,0.0003559713907469453,-0.005252768003052641,2.75915716938524e-05,0.0002369088094830163
1054,9.487159748988727e-05,3.293103311141632e-05,0.00023562431779355908,0.00020269328468214276,0.009298651272353603,8.646491548469637e-05,0.0002683433602355123,-0.0023328919022870265,5.442384628184804e-06,0.00013314539988840135,0.0026240806431151362,6.885799221367783e-06,0.0003053841932567636
1055,0.00017481395419671752,4.759387482774121e-05,0.0002538845752253123,0.0002062907003975711,0.0014763624889190415,2.1796461988632387e-06,0.00036129894763725634,0.010847253715332067,0.00011766291316472888,0.0001598901590785795,0.004789474409572877,2.2939065119631508e-05,0.00024046461896010118
1056,0.0017230104705722171,0.0005182080889472399,0.0008835389319076977,0.0003653308429604578,-0.0027065964695447958,7.325664448720737e-06,4.1370739984558647e-05,-0.03610768453355675,0.001303764882375158,0.002165878301673918,-0.01560556695597613,0.00024353372001784113,0.00044336775406461637
1057,0.00020794416006764127,5.644839096556146e-05,0.00014917819802784393,9.272980706228248e-05,-0.0030678979046227526,9.411997552888351e-06,0.00015295704816875588,-0.00656151086628837,4.305342484856034e-05,7.472923257034747e-05,-0.010811093862107107,0.00011687975049523569,0.00021984831334442845
1058,6.899215615341348e-05,2.2595081594782112e-05,0.00011100236083786778,8.840727924308567e-05,-0.006703558884153555,4.493770171332123e-05,8.993477146923556e-05,-0.004034668307087485,1.6278548348069855e-05,0.00013001103204302034,0.002563005018122992,6.568994722955246e-06,0.00011306127900134744
1059,3.416903068775845e-05,5.59088074810384e-06,0.0006772718774359365,0.0006716809966878327,0.0032044117400114184,1.026825459982117e-05,0.0005803781013012932,-0.00202719627197127,4.109524725182112e-06,0.0006213195033073493,-0.0015475344646209202,2.3948629193082382e-06,0.0008301180276991671
1060,0.0031401135241364564,0.0006616349678133515,0.0014331225509746821,0.0007714875831613306,0.006591787954858048,4.345166844166304e-05,0.0004322454952797594,-0.031458402540562626,0.000989631090404175,0.0022897180203680367,-0.03085161494304974,0.0009518221445942165,0.0015774041372762504
1061,0.0003280101458128515,0.00011422975493650493,0.00041808201462859945,0.0003038522596920945,0.006621353395463602,4.384232078769035e-05,0.0004018158040578479,0.012375547920233074,0.0001531541863262209,0.000382852390381605,-0.012070325500803824,0.00014569275769560353,0.0004695778494463454
1062,0.00019918608403268756,3.784992944533272e-05,0.00029052113203524116,0.00025267120258990844,-0.010222919795195323,0.00010450808913864407,0.00026414182756417937,-0.000951559175976149,9.054648655304476e-07,0.0001439853793296919,0.002852408514142485,8.136234331823644e-06,0.00046343618921185215
1063,0.001616571277519463,0.00032204017455617073,0.0009206207389541957,0.000598580564398025,0.020862905077821514,0.0004352608082861531,0.0005152753894038797,-0.005223735592049173,2.728741353574815e-05,0.0005779412019080166,0.02244041670394477,0.000503572301846611,0.001668645625550691
1064,0.00031055982678385163,0.00012353994755331943,0.00042935127512030064,0.0003058113275669812,0.0028083072682948207,7.886589712957637e-06,0.0006812626526736532,-0.014957940366519403,0.00022373998000801976,0.0002555797622220135,-0.011789540828175606,0.0001389932729389809,0.0003512114104652353
1065,0.00013273066911034803,8.290120899486404e-05,0.00015823053608684154,7.53293270919775e-05,-0.011141133201939057,0.0001241248490235769,0.00017794965406914276,-0.008268615309964882,6.836999914450193e-05,0.00017386789836526528,0.007497251417437289,5.6208778816513316e-05,0.00012287405582611655
1066,4.4628254346035234e-05,2.232762352198196e-05,0.00017661045014905064,0.00015428282662706869,-0.006298445185885205,3.967041175956254e-05,0.00021847530215102218,0.0031300266781695723,9.79706700632299e-06,0.00011855106125768788,0.004185139400307623,1.7515391800060343e-05,0.00019280498703844184
1067,8.511305893732501e-05,2.6040824563478004e-05,0.00016773432021717957,0.00014169349565370157,0.00124500159222171,1.5500289645142828e-06,0.00016978818498059045,0.008749044674318127,7.654578271343304e-05,0.00018779803429391784,-0.00016328506441098945,2.666201248668898e-08,0.0001456167413770304
1068,0.0002071571760398072,7.619211368525836e-05,0.00031129449465313225,0.0002351023809678739,-0.013922901503894919,0.0001938471862875657,0.0005825789485573996,-0.005844934076047542,3.416325435334766e-05,0.00023237111801732713,-0.0007522635274459119,5.659004148617086e-07,0.00011893341738467011
1069,8.03171883894116e-05,1.5700759429767192e-05,0.00010726319005024039,9.15624306204732e-05,0.0013565589292433356,1.8402521286819962e-06,2.9599704933214177e-05,0.004931214627469457,2.431687770210189e-05,0.0001609035497823763,0.0045765869879915225,2.0945148458517693e-05,0.0001312863154351307
1070,9.872113232145541e-05,6.228421863263556e-06,0.00022835579682585946,0.0002221273749625959,-0.0026012049823559394,6.766267360736045e-06,0.00011675326150972776,0.0006416035672039391,4.11655137422251e-07,0.00038398582162846306,0.003392247498581594,1.1507343091632372e-05,0.00018432830733938754
1071,0.0002649722281661271,0.0001415124854444357,0.0003999604975884659,0.00025844801214403024,-0.012202858770264285,0.00014890976216697105,0.0003431605490893386,0.00916263497341008,8.395387965587364e-05,0.00039636694867695166,0.01384463125223637,0.0001916738145104624,0.00046035399499910756
1072,0.00010994695019561629,1.9457302064873616e-05,0.00019229423232443774,0.00017283693025956412,-0.006296799591259255,3.9649685092291165e-05,0.00023134823255688275,-0.0032546406458462108,1.0592685733779028e-05,0.00023477994151899217,-0.0028512340079592524,8.129535368550656e-06,0.00011075452289743826
1073,0.00020555912995456893,6.679128827358216e-05,0.00016643640419263436,9.96451159190522e-05,-0.010612383678235979,0.00011262268733391867,0.00022245908309148632,0.006928975596069407,4.801070281079678e-05,9.05038849400297e-05,0.006304004653873953,3.9740474676031035e-05,0.00018634624454638704
1074,0.0006049761924969976,8.561604903893165e-05,0.00039961692109287866,0.000314000872053947,0.003434391692077902,1.1795046294782452e-05,0.000169526596176528,-0.014781415407154972,0.00021849024143871798,0.0006938829992981788,-0.0051539168972295196,2.65628593832945e-05,0.0003354411678039293
1075,9.018051281883821e-05,3.520338882937827e-05,0.0002793115562699973,0.00024410816744061906,0.0040909923600844795,1.6736218489965538e-05,0.0002442655533752003,0.008426758012025817,7.101025059330635e-05,0.0004202665584855936,0.004226546747030024,1.7863697404862933e-05,0.00017340255694919815
1076,0.00022604497711764537,0.0001012880730332603,0.00022200429524924883,0.00012071622221598853,-0.00349727629936889,1.2230941514146387e-05,0.00011981734010824141,0.010983278842814364,0.00012063241413928782,0.00022622282029538532,0.01307672984527961,0.00017100086344634668,0.0003199727253441198
1077,0.00012587880072734148,1.6733355346095397e-05,0.00020810673044776204,0.00019137337510166663,0.002681015455416987,7.187843872102917e-06,0.00019405098918312547,0.004076838250828811,1.662061012353e-05,6.750047469339382e-05,-0.005137276714616411,2.639161204265328e-05,0.0003627687274667668
1078,1.725658297080379e-05,4.980032258572464e-06,0.00016724518317660456,0.0001622651509180321,-0.003536629375820052,1.2507747341738984e-05,0.00021049908527759342,-0.0006433057629010608,4.138423044253159e-07,4.707956637284294e-05,0.0014207417533229898,2.018507129553093e-06,0.00024415689787937733
1079,0.0003719845880312267,0.0001877474083179139,0.0007666800452326891,0.0005789326369147751,-0.015498963274305265,0.00024021786257844013,0.00043718018947158654,-0.01644161370703365,0.0002703266612913424,0.0008548588119330347,-0.00725931822445625,5.26977010839591e-05,0.0010080011342934458
1080,7.982745561296856e-05,2.8656681946293006e-05,0.00019159859990303119,0.00016294191795673818,0.0028098415306724747,7.89520942734434e-06,0.00011975011639875355,-0.0053649639913656184,2.8782838628949037e-05,0.00027103993675303695,0.007020826004285968,4.929199778258564e-05,0.00018400574655730306
1081,0.000556683452720641,0.00031508310155070607,0.0012407029336026405,0.0009256198320519344,0.017777434444106854,0.00031603717541439647,0.0013117328652859639,0.017737336074816826,0.0003146130910309797,0.0010960193451596822,-0.017736939933556083,0.00031459903820674207,0.0013143565903622756
1082,0.0003412044833519534,0.0001234424428880517,0.0005424234410975615,0.00041898099820950974,0.018409437365348013,0.0003389073841085777,0.0006469449091494051,0.002487669076022611,6.188497431725004e-06,0.00040807110690765924,0.00502309139115355,2.523144712385239e-05,0.0005722543072356201
1083,1.2512619724458496e-05,4.066348687511064e-06,8.001667275603364e-05,7.595032406852258e-05,-0.0021951433418640237,4.818654291249835e-06,0.00013743732624815763,0.0013901085043401436,1.9324016541366618e-06,6.560550589895797e-05,-0.002334092996623791,5.447990117146695e-06,3.70071861209853e-05
1084,0.003546252378864967,0.0014493010739189034,0.0021064400121558746,0.0006571389382369712,-0.058842314734504735,0.0034624180033143714,0.0040554335932831975,0.014676657218120663,0.00021540426709809601,0.0008953600215094726,-0.02588592187549272,0.000670080951344243,0.0013685264216749538
1085,3.4028925985474245e-05,3.3142184932740313e-06,0.0001258851265207491,0.00012257090802747506,0.002299170879740979,5.28618673456549e-06,0.00018202732575300917,0.0009413195989288091,8.860825876366718e-07,8.243030691823527e-05,0.0019417482218730064,3.7703861576199316e-06,0.00011319774689100282
1086,0.00012211384804339254,1.8689718349803226e-05,0.00014259218827391193,0.0001239024699241087,-0.004499225338301934,2.024302864478411e-05,0.00014715731435288593,0.0022675521880837278,5.141792925655864e-06,0.0001225086755635152,0.00553934413801731,3.0684333478969705e-05,0.00015811057490533464
1087,1.7894213724334307e-05,7.012559904614098e-06,0.0002094531167696386,0.0002024405568650245,0.0003985278362965994,1.5882443626935583e-07,5.850696522402554e-05,-0.002748624115877941,7.554934530529245e-06,0.0002809729420104601,-0.0036501946176985853,1.3323920747043694e-05,0.00028887944307443014
1088,6.446244210167595e-05,1.1521003496587726e-05,0.00026350806254227255,0.0002519870590456848,-0.0019070374767916187,3.6367919378221814e-06,0.00011288553299859672,0.00556046447748846,3.0918765204557275e-05,0.00035517537829532486,8.6332773033224e-05,7.453347383723496e-09,0.00032246327633289606
1089,0.00018059212472221198,8.703026742743851e-05,0.0003203091794679036,0.00023327891204046508,-0.013299234086605168,0.0001768696272902437,0.0003653862051630208,0.00872752502051858,7.616969298385179e-05,0.0004441992115270521,0.0028375133494129537,8.051482008220034e-06,0.00015134212171363792
1090,0.0005738898918937752,0.00019371869398676633,0.0004475130052122485,0.0002537943112254822,0.015028797347262608,0.0002258647497053179,0.0003562981038549573,-0.017861769463447624,0.0003190428083652552,0.0006671770154713652,-0.006020674703858628,3.624852388972588e-05,0.0003190638963104231
1091,0.00023035462600429213,4.1962939241598406e-05,0.00022948837520090729,0.00018752543595930887,0.0026545896750975783,7.046846343117252e-06,0.00020548663839836667,-0.0036780544783786237,1.3528084746083913e-05,0.00014869325754995888,0.01026225543608654,0.00010531388663559405,0.00033428522965439633
1092,4.18031194238111e-06,1.1774013161473345e-06,0.0001466439342134862,0.00014546653289733888,-0.0007087499341867663,5.023264690873219e-07,0.00012948459273265378,0.0016294175472550481,2.655001543616642e-06,0.00021424233986799823,0.0006122711292697789,3.7487593573803935e-07,9.62048700398066e-05
1093,0.00029671728096170025,0.00010592541599966736,0.0004371527183147557,0.00033122730231508835,-0.006694863518615872,4.48211975326851e-05,0.0004367197838113235,-0.014134822879017364,0.0001997932178212647,0.0006228516863757694,0.008553469041580114,7.316183264505227e-05,0.00025188668475717435
1094,0.0006406055905913144,0.00031361270271094516,0.001551080328669648,0.0012374676259587027,0.01846098307430276,0.00034080789606971695,0.0019724290385551013,-0.011148294094889533,0.00012428446122636494,0.0016924093686917496,0.02181159670534732,0.0004757457508367535,0.0009884025787620931
1095,0.00015082093740370617,6.977404269248311e-06,0.00024135837640926194,0.00023438097214001363,0.001859796033342057,3.458841285386427e-06,0.00017041554076324683,0.0008517312637581652,7.254461450445504e-07,0.00025642840359074714,-0.00409242292257388,1.6747925377313955e-05,0.00029723118487379185
1096,1.924277941189878e-05,8.577371748456445e-06,0.00032442531994688234,0.0003158479481984259,0.0023548947915511898,5.545529479400457e-06,0.000449737771922587,-0.0041245917312065505,1.701225694950015e-05,0.000186855213949233,-0.0017816646195713288,3.17432881646873e-06,0.00033668297396882707
1097,6.0632278787497995e-05,2.2589123057858984e-05,0.00019185172955760166,0.00016926260649974267,-0.0037234338627173307,1.3863959730020525e-05,0.00011047668844788028,0.004604284224760128,2.119943322265172e-05,0.00032353682895036595,-0.0057187390411738365,3.270397622090471e-05,0.00014154167127455874
1098,0.0019294596556169719,0.0015729483701037623,0.009751181560158159,0.008178233190054396,0.04036460648807368,0.0016293014569375153,0.010228844831813966,-0.039111341692783304,0.0015296970490096262,0.009871687214644154,-0.039494893396029886,0.0015598466043641457,0.009153012634016355
1099,6.39712022946215e-05,3.676459019608114e-05,0.00023009089159387042,0.00019332630139778928,-0.004640290536042838,2.15322962590081e-05,0.0003040066958576171,0.005800985689481245,3.365143496891765e-05,0.00012826979126911997,-0.007423613632208596,5.5110039360317664e-05,0.0002579961876548742
1100,0.00014658188634053548,4.57113485763753e-05,0.0003178619067448392,0.0002721505581684639,-0.0070914526571101465,5.028870078771508e-05,0.0002460679638330854,0.00880574444377651,7.754113520885841e-05,0.0003150240314790942,-0.0030502802710835335,9.304209732552415e-06,0.00039249372492233814
1101,9.988021700513272e-05,2.8886602251125087e-05,0.00025783690637803947,0.0002289503041269144,-0.003670558803711206,1.3473001931552098e-05,0.0002403265838047952,0.006287192953637582,3.952879523660968e-05,0.00020419906490465323,-0.005801552342710309,3.365800958521348e-05,0.00032898507042466996
1102,0.00016755110461730283,6.188508728118454e-05,0.00034396622038967983,0.0002820811331084953,0.0010234315270323702,1.0474120905046291e-06,0.00020452845650875684,0.006818969395909742,4.649834362235872e-05,0.00042188331208836694,-0.0117520000906517,0.00013810950613069028,0.0004054868925719157
1103,1.8139553852880574e-05,5.0682942219770766e-06,6.88758630364994e-05,6.380756881452232e-05,-0.0004858771453150827,2.3607660037949785e-07,8.361762185071786e-05,0.0038688120425090437,1.4967706620350185e-05,6.934337817732228e-05,-3.315788708725389e-05,1.0994452015467004e-09,5.366658908145805e-05
1104,0.0006433869046956753,8.954908514609745e-05,0.0007355770172185286,0.0006460279320724311,-0.005366567670979414,2.880004856731233e-05,0.0003201150982986567,-0.010295206391609734,0.0001059912746459446,0.001394031926552186,-0.011569612449205057,0.00013385593222503545,0.0004925840268047432
1105,0.000213572601033718,7.03495309691456e-05,0.0004970308741764814,0.0004266813432073358,-0.006224238782518347,3.874114842206122e-05,0.00019211913619809895,0.012777152419254787,0.00016325562394481352,0.0011145670235437333,0.0030086243601890493,9.051820540562083e-06,0.00018440646278761186
1106,0.00019940342302460223,4.6281551420353693e-05,0.0003817603328878742,0.0003354787814675205,0.010468276937805599,0.00010958482204614928,0.0004770830110281121,-0.004549324894557938,2.069635699597505e-05,0.00027766357632619254,0.002926341610052116,8.563475218936745e-06,0.0003905344113093179
1107,0.00021123278645684973,6.12957868852219e-05,0.0002552412925524994,0.00019394550566727747,0.011406544138477536,0.00013010924918299693,0.0005389816479256515,0.00630337485968759,3.9732534621861326e-05,0.00014559448411521902,-0.0037477429008660962,1.4045576850807429e-05,8.114774561662763e-05
1108,0.00011724946171765005,3.3837018023138064e-05,0.0006191987533087362,0.0005853617352855981,0.009438204838023692,8.907971056471009e-05,0.0006049999365065339,-0.0016096629247315801,2.5910147306573705e-06,0.00045700137309401256,-0.0031369298324790225,9.840328774046725e-06,0.0007955949503256621
1109,7.874680678421342e-06,1.9785340832726797e-06,0.00022075056696876003,0.00021877203288548735,-0.002351379417856269,5.528985166924905e-06,0.000275147821192645,0.0006271530439176035,3.9332094048383226e-07,0.0003370484200896362,0.00011530889907086322,1.3296142409302547e-08,5.005545962399882e-05
1110,2.911930990767697e-05,3.6299300664917786e-06,0.00015989066559588908,0.0001562607355293973,-0.003019672274651801,9.118420646103687e-06,0.00016362317871199128,-0.0006250949500538178,3.907436959549315e-07,0.00020549607198838693,-0.0011750003647937916,1.3806258574167174e-06,0.00011055274608728904
1111,0.0012207269301112156,0.0001884588910125625,0.001189523474484681,0.0010010645834721186,-0.004959539362046019,2.45970306836929e-05,0.0010923313068822438,0.0015736361123586142,2.4763306144537367e-06,0.00092896720250224,-0.023201364437027815,0.0005383033117395408,0.001547271914069559
1112,0.0005388028146386947,0.0002162886613933379,0.0014683695448568883,0.0012520808834635504,0.00931726011916178,8.681133612808978e-05,0.001604723409706632,-0.005257978514856886,2.7646338062736753e-05,0.00025817095391100775,0.023117272979077258,0.0005344083099891872,0.002542214270953025
1113,3.995553493540971e-05,1.732808009724529e-05,0.00024863265419713027,0.00023130457409988497,0.0035288812166129647,1.245300264085536e-05,0.000268736033912087,-0.002820455017029138,7.954966503076477e-06,0.00029761677869521996,0.005619276746053595,3.1576271147804036e-05,0.00017954514998408388
1114,0.00013447611014683059,3.2543160340440615e-05,0.00027633907523768225,0.00024379591489724164,0.008826990269128303,7.791575721116661e-05,0.00032491025687120256,0.004433923860043892,1.9659680796757506e-05,0.00024550458889971427,0.0002324715325765585,5.404301339773099e-08,0.00025860237994213
1115,0.00016924447233501727,5.547616133183553e-05,0.0002604537235007716,0.0002049775621689361,-0.0005718167384641861,3.269743823475224e-07,0.00016471061552880695,-0.012774179713897724,0.0001631796673631225,0.0004377033003828412,-0.001709339711713671,2.921842250036555e-06,0.00017894725459066674
1116,0.000929114148255139,0.00015142415568599374,0.0004680536513919087,0.0003166294957059149,0.012504247730854503,0.00015635621131437905,0.0004527264410569831,0.015706083428994055,0.00024668105667846607,0.0005546327788356065,-0.007157876714860437,5.123519906513607e-05,0.0003968017342831365
1117,0.00018970740325774393,7.076243020539182e-05,0.00017667579221299542,0.00010591336200760361,0.013250804991619375,0.00017558383292581858,0.0003106456524055723,-0.0002484252944734312,6.17151271198324e-08,8.856663202172488e-05,-0.006053242318226918,3.6641742563237045e-05,0.00013081509221168908
1118,0.0005164441037093237,8.828288041196064e-05,0.0004772609152928764,0.00038897803488091576,0.008593576674919074,7.384956006795118e-05,0.0007727534794403912,0.006014518828568331,3.617443673942233e-05,0.0004054325997828734,-0.012442855155799765,0.0001548246444285084,0.0002535966666553646
1119,9.934825375590428e-06,2.6554036714661797e-06,0.0002465512438016478,0.0002438958401301816,-6.214231729745989e-05,3.861667541293912e-09,0.0002597460203120905,-0.0025533498200388033,6.519595303511316e-06,0.00021881056171901836,0.001201146969702432,1.4427540433459285e-06,0.00026109714937383455
1120,0.0007933527057404355,0.00025556576407607484,0.0013263145876544573,0.0010707488235783824,-0.0020588886169444305,4.239022337038101e-06,0.0012097369834614957,-0.003920401218570568,1.536954571457194e-05,0.0008336153575337901,0.027332923813172032,0.0007470887241766144,0.0019355914219680859
1121,0.00012608380781808926,4.63990375494013e-05,0.0009586247371052847,0.0009122256995558834,0.010399735324790884,0.00010815449482570738,0.0008752214136332759,-0.004211734922138539,1.7738711054260392e-05,0.0016225931234749025,-0.003647452092645231,1.3303906768236118e-05,0.00037805967420767583
1122,9.286223764237711e-05,1.701188976925098e-05,0.00025102438819953515,0.00023401249843028418,-0.0010504312443064161,1.103405798952295e-06,0.0002366385142601457,0.005304976326639141,2.8142773825901024e-05,0.00024733848745317477,0.004667921345042698,2.178948968289962e-05,0.00026909616288528504
1123,0.0013113720847650612,0.0002213314483637078,0.0011533690684831417,0.0009320376201194339,-0.016063208791771165,0.0002580266766879502,0.0011464015594356836,-0.0053951378526827035,2.910751244955545e-05,0.0014251191635459293,0.019412886337527892,0.00037686015595361777,0.0008885864824678125
1124,2.0013659415285545e-05,1.008720251679159e-05,0.00011182319816327446,0.00010173599564648288,0.003073375351246267,9.44563604943216e-06,0.0001117445444599463,-0.0018547178371110548,3.439978255359577e-06,7.599628382970458e-05,0.004168452140292895,1.7375993245583032e-05,0.0001477287662001725
1125,2.0250300780455532e-05,5.339182543973031e-06,0.00014953312869137037,0.00014419394614739733,0.0014750040652785033,2.1756369924519348e-06,0.00021418849918930505,0.0015269635953330835,2.3316178215937455e-06,0.00015058742772233735,0.003392682245298787,1.1510292817873413e-05,8.38234591624687e-05
1126,0.0002389968525420283,4.6787736918204224e-05,0.00023632369600212755,0.00018953595908392332,0.01078157436492731,0.00011624234578633263,0.000278052368736903,-0.004610507969634633,2.1256783738210494e-05,0.00016613286370903424,-0.0016923596633044232,2.8640812300695373e-06,0.0002647858555604454
1127,0.00014125739343273658,4.79018318741975e-05,0.00016895274208280261,0.00012105091020860512,-0.0034542622110753885,1.193192742265925e-05,0.00023011828013086433,-0.011466210073320597,0.00013147397344548395,0.00022465144133465564,0.0005473524953647761,2.9959475444929495e-07,5.2088504782887846e-05
1128,0.00012078578380614324,3.8496232205235494e-05,0.00026442843656071524,0.00022593220435547975,0.00028986380846534086,8.402102769089481e-08,0.000262102986335111,0.005437732840239977,2.9568938441526527e-05,0.0002197166787356597,-0.00926475780290385,8.583573714648907e-05,0.00031146564461137505
1129,8.23198677591952e-05,2.26087189511374e-05,0.00016291958567874834,0.00014031086672761095,-0.0072692287128816955,5.284168608021833e-05,0.00013461118560853524,-0.0023306560267149184,5.431957514789865e-06,0.00021474615825523014,-0.0030907140369263184,9.552513258404005e-06,0.00013940141317247967
1130,0.00031193430578801973,0.00013230762956184527,0.0004610329408238541,0.0003287253112620088,0.01579662255400021,0.000249533284113701,0.000646368234615613,-7.1282092022144644e-06,5.081146614571708e-11,0.00020235150430325533,0.012140409950266872,0.00014738955376036866,0.000534379083552694
1131,0.010226528639426413,0.009181895147724162,0.03392791993894032,0.02474602479121616,0.098596033840967,0.009721177889169264,0.03453639060903091,0.09406934793785773,0.008849042221453995,0.033470436367903256,0.09473893250691133,0.008975465332549226,0.03377693283988681
1132,0.00011547057745320277,2.54419485593201e-05,0.0002129187025205296,0.0001874767539612095,-0.0072237340717273574,5.2182333939110315e-05,0.00015288692266524073,0.0012195287889627628,1.4872504673357767e-06,0.00012395481511351392,-0.004759859375191251,2.265626127151421e-05,0.0003619143697828342
1133,0.00011138049913461678,2.8885488450110703e-05,0.00022293565776624705,0.00019405016931613633,-0.005666889246823807,3.211363373589737e-05,0.00014721672454853785,-0.005201553310980309,2.7056156846616553e-05,0.00022408154756115017,-0.005242773575849031,2.7486674767818187e-05,0.00029750870118905315
1134,4.7490877432165846e-05,1.2638168644385495e-05,8.474736874282869e-05,7.21092000984432e-05,-0.0021194640613988918,4.4921279075405e-06,8.35124693903122e-05,0.0018410266523683921,3.3893791347994195e-06,7.809581468087856e-05,0.0054802371199678445,3.0032998890816565e-05,9.263382215729532e-05
1135,2.1551062089009143e-05,8.629745937257146e-06,0.00010383678763877431,9.520704170151717e-05,0.003285927251331826,1.0797317901212189e-05,0.0001762662690286687,-0.0032449642304985915,1.052979285687261e-05,8.570738795710131e-05,0.002135913634289053,4.562127053686638e-06,4.953670593055293e-05
1136,0.00014111022871854395,6.86059147761986e-05,0.0002914211193226768,0.00022281520454647818,0.01136327883799603,0.00012912410595022905,0.00035244155979485825,-0.008151950358696368,6.645429465079733e-05,0.00037859520279670544,0.0031998974557576818,1.0239343727569405e-05,0.00014322659537646665
1137,0.00017503987237554863,6.788962909920482e-05,0.00030382173655181993,0.00023593210745261511,0.008925845844678601,7.967072404313491e-05,0.00041981729857687444,-0.009434279682378942,8.900563312508325e-05,0.0001467063558431292,-0.005915448430143474,3.499253012939629e-05,0.0003449415552354562
1138,0.00031316843724138455,7.121579988548603e-05,0.0002706996767900538,0.00019948387690456776,0.01063978051115779,0.0001132049293258719,0.00043723565635145345,0.009998582006417211,9.997164213926268e-05,0.00019745912392821197,-0.0006861692148079273,4.708281913234913e-07,0.00017740425009049599
1139,0.0007554162766060246,0.00014847007064670384,0.00038795285957937686,0.00023948278893267302,0.0009560996169098101,9.141264776246771e-07,0.00013027593700098983,0.0024454251795229657,5.980104308744849e-06,0.0002200937689252891,0.02094077317468334,0.000438515981153742,0.0008134888728118517
1140,0.002848190660852845,0.0009136871745325514,0.0014837484495402824,0.000570061275007731,0.042650433746417075,0.0018190594987579356,0.002986761515140768,-0.009759135500396534,9.524072571509556e-05,0.0003532460775743651,0.02875345716821716,0.0008267612991246232,0.001111237755905714
1141,7.328910681636547e-05,2.070293446095513e-05,0.00030411634499775503,0.0002834134105367999,-0.0050776406660240445,2.5782434733279125e-05,9.878026740017809e-05,0.005887529196511262,3.466300003984735e-05,0.0006752364388346033,0.0012897164843096536,1.6633686097389244e-06,0.00013833232875848367
1142,0.0002776522631481315,9.398833384558862e-05,0.00034469147275428824,0.0002507031389086996,-0.00708481823250491,5.019464938760265e-05,0.0003888676227168375,-0.0024317258051213997,5.913290391346138e-06,0.00027560259931114217,-0.015028541571204732,0.00022585706175781706,0.00036960419623488505
1143,5.783120454672108e-05,2.4909499364548598e-05,0.00015516566526089606,0.00013025616589634748,0.00521010410968235,2.714518483415418e-05,0.0002211016967577084,-0.0022346612721452757,4.993711001599621e-06,0.00014619422154449335,-0.006526070966363913,4.258960225789199e-05,9.820107748048645e-05
1144,1.8965042693497303e-05,4.358432289260546e-06,0.00015877222341065256,0.000154413791121392,0.0010117294300463196,1.0235964399418762e-06,0.0002459470501741112,-0.00033656986172221653,1.1327927207371857e-07,0.00017894258299000487,-0.0034552020426542054,1.1938421155766044e-05,5.1427037067841574e-05
1145,0.00014817345881779076,6.650771545146927e-05,0.0005002104897292211,0.00043370277427775183,0.009077519691625898,8.240136375159413e-05,0.0005924595834497781,-0.010116712861904955,0.00010234787912988264,0.0006346668964172242,0.0038436835812723437,1.477390347293106e-05,0.0002735049893206609
1146,2.1329330369690425e-05,6.956599200210374e-06,0.00021741165547225125,0.00021045505627204086,0.0018136511424657832,3.289330466560436e-06,5.6524267384006066e-05,0.0014137297980149391,1.9986319416132048e-06,0.0001184346719542706,-0.0039473833348907545,1.5581835192457483e-05,0.00047727602707847705
1147,7.08905129503945e-05,1.7096290873171622e-05,0.00025031240898813295,0.00023321611811496132,0.00014644249618897748,2.1445404674302893e-08,0.00016064417209671333,0.0038478397748327995,1.4805870932943499e-05,0.00033214110834145494,-0.0060383405238484756,3.646155628189707e-05,0.0002581519465262305
1148,0.0006935266440238896,0.00017059345251461502,0.001077986495302219,0.0009073930427876039,-0.01172118317010492,0.00013738613490721363,0.0009017508723750955,-0.01932472107395325,0.0003734448445860128,0.0010370207974089718,0.0009743603288571264,9.493780506186766e-07,0.0012951878161225894
1149,0.00015096575657591593,4.485233060787704e-05,0.0002395431137363809,0.00019469078312850385,0.004174448928275968,1.7426023855349193e-05,0.00015509997053642088,0.00605723787980385,3.6690130732153214e-05,0.0003198161747850481,-0.008968881604539777,8.044083723612871e-05,0.0002437131958876737
1150,0.003398129360302593,0.0015543298570841098,0.002119821506717153,0.0005654916496330433,-0.04761716559361667,0.0022673944591700135,0.0028812831054018107,-0.048890926957043584,0.002390322738718975,0.0033250493877267084,-0.0022961649251242674,5.272373363340854e-06,0.0001531320270229397
1151,0.00017485162336983162,7.278946648192619e-05,0.00026653514706983145,0.00019374568058790526,0.0019566561969783197,3.828503473357614e-06,0.00027293784806403654,0.01108501322405895,0.00012287751817752213,0.00021459848411575777,0.009574047095900536,9.166237779489883e-05,0.0003120691090297001
1152,0.00034669477240290014,9.708147378791517e-05,0.00036240221826381686,0.0002653207444759017,-0.007109323643151288,5.054248266311845e-05,9.277523527650988e-05,-0.0010179609694179054,1.0362445352907201e-06,0.0005540855743242368,-0.015481139950451665,0.00023966569416533634,0.00044034584519070386
1153,0.0002936477460578901,0.00013634106761991246,0.0003236432496033966,0.0001873021819834841,-0.007530652220733163,5.671072286961287e-05,0.00018871429221789526,-0.012340480736889732,0.00015228746481754651,0.0002642527669840522,-0.014143020015990727,0.00020002501517257798,0.0005179626896082423
1154,3.749447764467284e-05,1.5748954490302225e-05,0.00031652146819397914,0.0003007725137036769,0.0029012180119382825,8.417065952115443e-06,0.0001112987636554541,-0.0031300121197823366,9.796975870002278e-06,0.00031160797826490505,0.005388211358947246,2.9032821648788953e-05,0.0005266576626615782
1155,9.351771233312434e-05,3.630738622998712e-05,0.00016126142090922002,0.0001249540346792329,0.0018958155188848725,3.594116481653309e-06,8.989634040634797e-05,0.0042771939187015,1.82943878184183e-05,0.00016554598650331265,0.00932918294332147,8.703365438988975e-05,0.00022834193581799944
1156,3.5673364025101684e-05,1.2565429428956776e-05,0.00019636509172971106,0.00018379966230075429,-0.002852915067189648,8.139124380690532e-06,0.00041261236758394215,0.0017378997970667546,3.020295704314613e-06,0.0001302205344545504,0.005151394782201727,2.6536868201865182e-05,4.6262373150640634e-05
1157,0.0018543098803018854,0.0005825679043190979,0.0020552652240931244,0.0014726973197740265,-0.030178863517703672,0.0009107638032201937,0.0030506440174897786,-0.012620007172638455,0.00015926458103765473,0.0013919444046909257,0.026032197922944273,0.0006776753286994452,0.0017232072500986684
1158,4.569770262996542e-05,1.278983667415042e-05,0.00011324571348543995,0.00010045587681128954,0.00022888705608527314,5.238928435513657e-08,7.473605229180169e-05,-0.002520339649482782,6.352111948659811e-06,0.00015926466019244856,-0.005653760588283491,3.196500878943631e-05,0.00010573642797206961
1159,9.099623058517192e-05,4.2860009479987284e-05,0.0003351880058821329,0.0002923279964021456,0.005672780972639908,3.218044396335884e-05,0.00041799297512656874,0.008547950584595683,7.306745919655189e-05,0.00023576717410711545,-0.00483033386832303,2.333212528005113e-05,0.0003518038684127145
1160,0.00016136910248054637,8.269315131825827e-05,0.0003158728155344681,0.00023317966421620984,-0.005456321237611223,2.97714414483341e-05,0.00013989695045157902,0.009276443604118917,8.605240594028452e-05,0.00039621647229481916,-0.011500243761176766,0.0001322556065661562,0.00041150502385700616
1161,0.00043075961775573823,0.00012802182657574898,0.00035546607584150774,0.00022744424926575876,-0.007392259860488266,5.464550584488581e-05,0.00019430810386578123,-0.005330213349400319,2.841117435059548e-05,0.0003125295896717617,0.017349605169340573,0.0003010087995317656,0.0005595605339869802
1162,0.0002589112876583144,9.465051398971358e-05,0.00043524327720871153,0.00034059276321899795,0.015043732694961955,0.00022631389339755614,0.0009069721592389612,-0.007083196049059729,5.017166626952729e-05,0.00019049030848716786,0.00273239497545214,7.465982302057306e-06,0.00020826736390000544
1163,4.647054703144082e-05,9.357270496557213e-06,0.00032200554456777536,0.00031264827407121815,-0.004285076408994544,1.8361879831063632e-05,0.0002349857213265194,-0.0026139175063450543,6.832564729886137e-06,0.00023601487573843283,-0.0016962803215309734,2.8773669287218695e-06,0.0004950160366383738
1164,0.00015166060746552024,0.0001141090298389195,0.0006514742912271387,0.0005373652613882193,0.008474535598217243,7.181775360520781e-05,0.0006072830698290455,0.01093638399499512,0.00011960449488557234,0.0006455499806410359,0.012284333153488149,0.00015090484102597834,0.0007015898232113349
1165,0.00023975568579648332,5.4845203594481674e-05,0.0003161072203513952,0.0002612620167569135,0.011548679986886173,0.0001333720094395252,0.0004462974211322246,-0.002883992529897529,8.317412912517419e-06,0.0003546488537859993,0.004779768658778842,2.2846188431402403e-05,0.00014737538613596168
1166,0.001826643814715423,0.0008451872512047857,0.006945631632061818,0.006100444380857032,-0.023269092013448376,0.0005414506431303812,0.00687110872339225,0.04031872866089098,0.0016255998808306638,0.012313165820831307,0.019196646312661946,0.0003685112296533122,0.0016526203519618976
1167,7.522701904461027e-05,1.9296557719927776e-05,0.0002826415373470281,0.00026334497962710035,-0.004828942730512644,2.3318687894735568e-05,0.0002277537142748587,-0.00438529055353775,1.9230773238843035e-05,0.00031499525339295786,0.003916658272841539,1.5340212026204725e-05,0.00030517564437326783
1168,9.651989751247037e-05,2.1624655713832947e-05,0.00012439705209906413,0.00010277239638523118,0.007027117435782096,4.938037945612095e-05,0.00020289816540330907,0.003234167332325891,1.0459838333698457e-05,0.00012070616353976327,0.002243601870145581,5.03374935167944e-06,4.958682735412001e-05
1169,0.0007334391077250535,0.00029322956111791737,0.0006688550790099335,0.0003756255178920161,0.0009219234420834963,8.4994283322537e-07,0.0005512837932993842,-0.01641659738895485,0.000269504669831111,0.0005082838512114884,-0.02468469304425882,0.0006093340706894157,0.0009469975925189278
1170,1.3760861666156643e-05,2.795866133905219e-06,0.00034427434975921784,0.00034147848362531263,-0.0027573765449304625,7.603125410704514e-06,0.00041425203305722746,-0.00034250207655054233,1.1730767268680609e-07,0.0002685925844503334,-0.0008168018842762907,6.671653183243365e-07,0.0003499784317700927
1171,0.002897899304744489,0.0009303763548047147,0.0037083734687417547,0.00277799711393704,0.02628967309108951,0.0006911469112366175,0.0017749648599084678,-0.0456602103146462,0.002084854805977532,0.006709901669889051,-0.0038893890522845526,1.5127347199994645e-05,0.002640253876427745
1172,9.543058598160403e-05,5.381350815388449e-05,0.00012775607518259827,7.394256702871377e-05,-0.005817104031169431,3.3838699309396425e-05,0.00014731129254297315,0.009674769936251685,9.360117331957962e-05,0.00017130287431144087,-0.0058310077887584275,3.400065183267742e-05,6.465405869338081e-05
1173,0.0002944293572568757,0.00010759821997630148,0.0004026124951581611,0.00029501427518185963,0.012637609662358738,0.00015970917797825113,0.0005090433805496897,-0.004989459078446767,2.4894701895483706e-05,0.00037198166290131063,0.011755457458360496,0.0001381907800551696,0.00032681244202348303
1174,3.8878742490866536e-05,1.3777630040364327e-05,0.00037479666961492963,0.0003610190395745653,0.005663641082590359,3.20768303128105e-05,0.00046700694712176194,0.00044778586041916704,2.005121767512108e-07,0.00019006204955274164,-0.003009243697609531,9.055547631531269e-06,0.0004673210121702853
1175,7.715691219500886e-05,3.940414653695138e-05,0.00013922948655209488,9.982534001514351e-05,-0.004300644813417204,1.8495545810792713e-05,9.27947532646245e-05,-0.0051735298571909906,2.6765411183182763e-05,0.00016154822394909285,0.008541164008322617,7.295148261687867e-05,0.0001633454824425673
1176,7.9720553002538e-05,3.083682569134568e-05,0.00018511679029705372,0.00015427996460570803,0.0034398440637244017,1.183252718262029e-05,0.00021583306978356642,0.0013577817435581096,1.8435712634268242e-06,0.00011146666920713866,0.008878872598927777,7.883437862798992e-05,0.00022805063190045605
1177,0.00016797283450409317,2.6665068080652016e-05,0.0003835517742699264,0.00035688670618927443,0.007522979638641902,5.659522264311878e-05,0.00047010143144332606,0.003796475267795169,1.441322446038562e-05,0.0003013705757707319,-0.0029977920439456787,8.986757138451651e-06,0.0003791833155957214
1178,0.00014982040472977243,5.300658880998584e-05,0.00031719492882616623,0.0002641883400161804,0.0019287326656709485,3.7200096958400763e-06,0.0002126954645432777,-0.003927414272464744,1.542458286740711e-05,0.00024305738791929876,-0.01182688352300544,0.00013987517386671033,0.0004958319340159223
1179,0.0001630427883334562,4.6104000037239246e-05,0.00022285146253416452,0.00017674746249692527,0.0006593696564838786,4.3476834377109697e-07,0.0002336318217376343,0.011711290205050686,0.00013715431826666347,0.00019738315123163375,0.0008502432013981653,7.229135012831733e-07,0.00023753941463322548
1180,5.477704618017665e-05,1.4152386396311853e-05,0.00011937762318529425,0.0001052252367889824,-0.0017395670358739876,3.0260934722470267e-06,6.24638202980643e-05,0.005626465169719827,3.1657110306171354e-05,0.0001890705312508345,0.002788181380539143,7.773955410517175e-06,0.00010659851800698394
1181,0.0003313700862055402,0.00011476397703158447,0.00024823846853128106,0.0001334744914996966,0.01371997687572427,0.0001882377654699452,0.00028692642799843515,0.006748006319215262,4.553558928477308e-05,0.00018957403397312778,0.01051278157008172,0.00011051857634003515,0.00026821494362228027
1182,0.0003575041526370226,0.00013096887844824914,0.00031320614634640825,0.0001822372678981591,0.0015738752315270438,2.477083243856981e-06,7.679828992790405e-05,0.012241759249403957,0.0001498606695211624,0.000371182409025006,-0.015510283123768112,0.00024056888257972808,0.0004916377400863148
1183,0.0003905204549647934,4.32655578909887e-05,0.0003583523205762755,0.0003150867626852868,0.009743442839936754,9.493467837462521e-05,0.0004219461631350674,-0.005845309589854412,3.416764420138829e-05,0.00044916152947682697,0.0008332773231350813,6.943510969525946e-07,0.000203949269116932
1184,9.504547405747577e-05,2.6662301354951623e-05,0.00030381197041728925,0.0002771496690623376,-0.008456278506830485,7.150864618465924e-05,0.00024247875331384616,-0.0005753956798725814,3.310801883760206e-07,0.00023014014093125645,0.002854326136217089,8.147177691819607e-06,0.0004388170170067651
1185,0.00046786548538679806,0.00015674901649250414,0.0004414270672565464,0.0002846780507640423,-0.005321183999158727,2.8314999152789788e-05,0.0004190604991747282,-0.007774246753254204,6.04389125802296e-05,0.00032138837228590234,-0.019531849317066433,0.000381493137744493,0.0005838323303090087
1186,8.318624432701593e-05,2.47577050134599e-05,0.0001839133478909923,0.00015915564287753242,0.0009450456010660702,8.93111188005058e-07,0.00021592718407725808,0.0003842980847787874,1.4768501810369372e-07,0.00012920685569850487,-0.008557588377243066,7.323231883427095e-05,0.00020660600389721395
1187,0.0002831855881152423,0.00010594644509387408,0.0002478355670424796,0.00014188912194860553,-0.004046973249969769,1.6377992485216986e-05,0.0001328897538961371,-0.014972037553549656,0.00022416190850504947,0.000397157067181797,-0.008792009684444851,7.729943429135577e-05,0.00021345988004950467
1188,0.00018925191105467754,3.645966782113893e-05,0.0001472237439245442,0.00011076407610340527,-0.003855750113298976,1.4866808936475628e-05,0.000112206677300275,0.0002612368404092797,6.824468679056395e-08,1.7563387704533362e-05,-0.009718227710839852,9.444394984015059e-05,0.0003119011667688243
1189,4.181471003161796e-05,6.353086042983532e-06,0.00011274383139740311,0.00010639074535441959,0.0010751169934934107,1.1558765496966217e-06,8.789650078888656e-05,0.001435717354672892,2.0612843241174517e-06,0.00012785337401388652,-0.003980213217320358,1.5842097255136522e-05,0.00012248161938943625
1190,0.00013095499341297945,5.033712176231534e-05,0.00020874150608089317,0.00015840438431857784,0.005381250911444251,2.895786137235845e-05,0.0002231877259272208,0.010751196013685363,0.00011558821572499323,0.000331783838977473,0.002542693097778316,6.465288189594354e-06,7.125295333798576e-05
1191,0.0009851638196251011,0.0003492613923969194,0.0009231490637432079,0.0005738876713462886,-0.012889891400779297,0.0001661493003238812,0.0007497644028584549,-0.028227605540341864,0.0007967977145412197,0.0014588138071258694,0.009210709110899138,8.483716232565719e-05,0.0005608689812452994
1192,0.001448896521043963,0.00044978212675739204,0.0012176139506521928,0.0007678318238948008,-0.01640143412550414,0.00026900704137322595,0.0006919872921933301,0.019882955654100153,0.0003953319255426413,0.0013083566038001315,-0.02617264628111617,0.0006850074133563089,0.001652497955963117
1193,7.738483915586958e-05,2.780904941131664e-05,0.0001818341754110664,0.00015402512599974974,-0.002352183228320681,5.532765939508799e-06,0.00014491916770942304,0.002375422888182339,5.642633897795513e-06,5.0077163736284014e-05,0.0085001028462581,7.225174839664561e-05,0.0003505061947874921
1194,0.003411901361321079,0.0012140697639692795,0.0019605056853070715,0.000746435921337792,0.0089219014982294,7.960032634402037e-05,0.0002422332178066977,-0.05567610698465602,0.0030998288889669823,0.0038379891309536784,0.0215123238307033,0.00046278007659683595,0.0018012947071608387
1195,0.0001270780021759288,4.528374858884613e-05,0.00022828621811662084,0.0001830024695277747,-0.005072491919838063,2.573017427653923e-05,0.00011113825348796347,-0.010046568466365662,0.00010093353794926596,0.0002637210938798429,0.003031094446055086,9.187533540733206e-06,0.00030999930698205613
1196,0.0001129066847372906,4.3140648085267706e-05,0.0003086853405662726,0.00026554469248100493,0.009905376913837957,9.81164918051336e-05,0.00035098665968136267,0.001002817372967552,1.0056426833493504e-06,0.0002047487881028376,0.005504526298204934,3.0299809767320163e-05,0.0003703205739146176
1197,9.606409899676205e-05,3.9289192831692965e-05,0.0006019885988545562,0.0005626994060228633,0.0006033315091478577,3.640089100143129e-07,0.0005067396174173178,0.005825695647898593,3.393872978185719e-05,0.000488898363127821,0.00914138062894062,8.356483980320739e-05,0.0008103278160185301
1198,0.00014785007382278614,8.80787881681148e-05,0.00025800841969939964,0.00016992963153128482,0.010919877104650385,0.00011924371598071026,0.00019307705981663759,0.0003588291979113193,1.287583935027925e-07,0.00021881341362217643,0.012035941597155708,0.00014486389013013135,0.00036213478565938484
1199,0.0004040333469431667,0.00010348408583079245,0.00045535698867800917,0.00035187290284721673,-0.017169079601734475,0.0002947772943706628,0.0008259757229087672,-0.0018496978655960358,3.421382193891098e-06,0.00018761519640564384,-0.0035005115237154065,1.2253580927823471e-05,0.0003524800467196165
1200,0.00028516107753084885,0.00012575397498482133,0.0002864217838955592,0.0001606678089107379,-0.010959211253127111,0.00012010431129061416,0.0002477294818611364,-0.015343272698358829,0.00023541601709542448,0.0004428529043152274,-0.00466278849708649,2.1741596568425336e-05,0.00016868296551031392
1201,0.0015913177492522523,0.00038171378236939724,0.0008955161102122133,0.0005138023278428161,0.030351176589202025,0.0009211939203488395,0.0016948073157401211,0.0024729611033345207,6.115536618556128e-06,0.0005331577120649689,0.014759129044114357,0.00021783189014079607,0.00045858330283155
1202,0.00035591674242563265,8.477814475208827e-05,0.0003836626671076167,0.0002988845223555284,0.005530595474370683,3.058748630124786e-05,0.0001960880067229942,0.011618055219485775,0.0001349792070832745,0.0002381769040431525,0.009421663381365375,8.876774087174244e-05,0.0007167230905567035
1203,3.247272386530664e-05,8.683785504189542e-06,0.0002091722267406245,0.00020048844123643494,-0.0047515095493038464,2.257684299700191e-05,0.00015279657242128764,-0.0011092243431590997,1.2303786434131325e-06,0.00016494182938608937,0.0014980436814944537,2.2441348721535803e-06,0.00030977827841449646
1204,0.6763742559800163,0.2837945977707083,0.6346842722562972,0.3508896744855889,0.26034267537244626,0.06777830862008316,0.4749415435621476,0.809371933327848,0.6550829264588587,0.7856665277603255,-0.3585004298926059,0.12852255823318315,0.6434447454464183
1205,0.0001553300926447898,3.796807053291218e-05,0.0006663608395508872,0.000628392769017975,-0.009316154507329363,8.679073480422073e-05,0.0002814613017686485,-0.004782558963945284,2.2872870244161625e-05,0.0008115740715854969,-0.002059273306333405,4.240606550354187e-06,0.0009060471452985164
1206,6.82260743679608e-05,1.8283800812664747e-05,0.00017250478320611032,0.00015422098239344556,0.0008310553160273167,6.906529381733861e-07,0.00014678636993725735,-0.0073508155826724,5.4034489731180635e-05,0.00023817321278485348,0.00035533050626583936,1.2625976864022448e-07,0.00013255476689622014
1207,0.0005232690064994605,0.00018019891759198567,0.00047813141177906654,0.0002979324941870809,-0.005719624490248031,3.271410430938371e-05,0.0004258090672033532,0.008113298898328212,6.582561901369299e-05,0.00027167012993112305,0.02102515230511158,0.0004420570294528803,0.0007369150382027234
1208,3.325213627014545e-05,1.396076775643055e-05,0.0001881871446504461,0.00017422637689401554,-0.004663130978605862,2.1744790523525737e-05,0.00022359302475738474,0.004184110311980081,1.7506779102949288e-05,0.0002583441635788386,-0.0016219536500403989,2.6307336428166295e-06,8.262424561511494e-05
1209,0.00014856790834794076,4.871780290357138e-05,0.00023764648695438298,0.0001889286840508116,-0.011348460100612969,0.00012878754665524017,0.00024534002039422464,-0.0011699472874424756,1.3687766550196656e-06,0.0002732362458055526,0.003999635658391993,1.5997085400454303e-05,0.0001943631946633717
1210,9.605881446039799e-05,4.1745154960063736e-05,0.00025114252317278335,0.00020939736821271962,-0.005751293006740682,3.307737124991217e-05,0.00030213811724566497,-0.00454063291023975,2.0617347225249105e-05,0.0001889140359812025,0.008458176304911809,7.154074640502994e-05,0.00026237541629148264
1211,0.0002914429922554751,6.318923938001635e-05,0.0002819098763546061,0.00021872063697458977,0.00387219803433306,1.4993917617389663e-05,0.00014315724902036475,0.00953710455540041,9.09563633005872e-05,0.0004754111679434736,0.009144257062334023,8.361743722207216e-05,0.00022716121209997997
1212,0.00019640646753804614,8.348488162794136e-05,0.00024906501503603923,0.00016558013340809785,-0.008300687661037217,6.89014156455281e-05,0.0002236742023556948,-0.009458035857068775,8.945444227392851e-05,0.00026946069545596973,0.009596811291462797,9.209878696436746e-05,0.0002540601472964532
1213,0.0002636237339385117,7.473214747200085e-05,0.0003339128504470379,0.00025918070297503704,-0.012439369656008269,0.00015473791743902954,0.0003811015297821019,-0.0037746569105244023,1.42480347919971e-05,0.000360407082916403,-0.007430376180581493,5.5210490184975924e-05,0.0002602299386426088
1214,0.003004811793918649,0.0016099389880801507,0.009343547388922105,0.007733608400841955,-0.009638263789490124,9.289612887575238e-05,0.0011746380045720706,-0.04510692461729073,0.0020346346484299005,0.011977226801885732,-0.051983518416271544,0.002702286186934799,0.014878777360308515
1215,0.00013889653782550582,1.4521785393517561e-05,0.00028354732030411167,0.0002690255349105941,-0.002321873101534823,5.391094699769283e-06,0.000408863525826364,-0.005913923868731595,3.497449552525289e-05,0.0002439722830517299,0.0017887889633965265,3.199765955530509e-06,0.00019780615203424112
1216,2.404499984465236e-05,8.46621509760966e-06,0.00010196861221104896,9.35023971134393e-05,-0.0018502074434962339,3.423267584734546e-06,8.926409608200903e-05,-0.002500460451641552,6.252302469533788e-06,0.00011763344445170354,-0.003965233314560525,1.5723075238560646e-05,9.900829609943429e-05
1217,1.1986112103623547e-05,3.73425167917348e-06,0.00023369934931723643,0.00022996509763806294,-0.0014381435530195267,2.068256879095287e-06,0.000232811400885935,0.0030160157293392,9.096350879533865e-06,0.0003371114570908107,0.0001953132842144527,3.814727889128733e-08,0.00013117518997496358
1218,0.000304996201377139,0.00014273113271349538,0.0005782373572517837,0.00043550622453828835,0.015295361498983447,0.00023394808338450535,0.0006372646697730966,0.012583481561913416,0.00015834400821923555,0.0006350680778735018,0.005991769900160463,3.590130653674528e-05,0.0004623793241087526
1219,0.00011292203985180382,3.7102342694902056e-05,0.00018450228574947344,0.00014739994305457138,-0.010377574228542623,0.00010769404686872264,0.00021448042156524405,0.0012235948759206808,1.4971844206623786e-06,0.00023110252713531843,-0.0014545778752890009,2.1157967953211454e-06,0.00010792390854785783
1220,0.015844774340653456,0.0032459308312020227,0.003843212756833562,0.0005972819256315392,-0.03706471348123447,0.0013737929854460429,0.0016702745138303943,0.015778757021632884,0.0002489691731477617,0.0006391987715458347,-0.09008346316062693,0.008115030335012263,0.009220164985124457
1221,0.00020792586362594623,6.6232314265946e-05,0.0003790168374064133,0.0003127845231404673,0.005898007284894704,3.478648993271438e-05,0.0002728424894050674,0.011376111946508116,0.0001294159230197378,0.0006880523748111766,-0.005873204393339087,3.449452984538581e-05,0.00017615564800299577
1222,2.3430815770386637e-05,7.852733946804117e-06,0.0002574960016473356,0.00024964326770053147,-0.004277595715290852,1.8297825103874565e-05,0.00029349659394584116,0.0022199104572112375,4.928002438453483e-06,0.000261080301346972,-0.000576519121902926,3.3237429808430363e-07,0.0002179111096491937
1223,9.416570599785068e-05,4.102484646599051e-05,0.0003176844794942439,0.00027665963302825336,-0.001814448948147126,3.2922249855182883e-06,0.00018194970087992424,-0.0071455128375656546,5.1058353711774807e-05,0.00033237345746550684,0.008289991598341304,6.872396070067843e-05,0.00043873028013730053
1224,0.03870155212278237,0.01535951127804617,0.08766875076640523,0.07230923948835906,0.19050179656533106,0.036290934494618954,0.1615623248318825,0.0017881782409186733,3.1975814211993026e-06,0.04991617785779878,-0.0989161349735143,0.00978440175809836,0.051527749609534435
1225,2.5441690569172337e-05,6.889906272141329e-06,0.0002464937966612328,0.00023960389038909144,-0.0006775016372358546,4.590084683453455e-07,0.00024760260264922174,0.0030401103100047666,9.242270697318311e-06,0.00027521662132623526,-0.0033118634710015433,1.0968439650760331e-05,0.00021666216600824129
1226,3.449917976305894e-05,1.7687665711270856e-05,0.00016027800701479133,0.00014259034130352047,-0.005605044140256927,3.141651981430904e-05,0.0002410175828657657,0.004614001652221997,2.1289011246872214e-05,0.0001508402882366422,0.0005978846649406155,3.5746607263131835e-07,8.897614994196612e-05
1227,7.435126969213002e-05,1.7629255289660268e-05,0.00023840607824439827,0.000220776822954738,-0.003445730978124421,1.1873061973477483e-05,0.0002685811920588588,-0.005801226712162017,3.3654231365920495e-05,0.0003579082938446332,-0.002713019080181513,7.360472529582829e-06,8.872874882970283e-05
1228,8.492808467053248e-05,1.1955074982787176e-05,0.00017880106133790394,0.00016684598635511677,-0.0012790612564179218,1.6359976976465518e-06,0.00015988248463183474,-0.003311786440037399,1.0967929424343659e-05,0.00022711790783735974,0.004822996768278187,2.326129782637132e-05,0.0001494027915445173
1229,1.2937808855140176e-05,5.46823731262247e-06,0.0001314289811829387,0.00012596074387031622,0.00024659887079944985,6.08110033439857e-08,0.00017357373986992553,-0.002343586246966794,5.492396497053242e-06,0.00018207788322144314,-0.003294162175355119,1.0851504437470183e-05,3.863532045744744e-05
1230,5.41785370087311e-05,2.120354655044121e-05,0.0002663150051881817,0.0002451114586377405,0.00442493297694917,1.958003185065227e-05,0.0003266272795294789,0.004302363721651635,1.8510333593457773e-05,0.00032179563377843223,0.005051759515994125,2.552027420721359e-05,0.00015052210225663387
1231,0.0001560448346011878,5.0232998966707555e-05,0.0002263791103973197,0.00017614611143061215,-0.0005140070258970194,2.64203222632986e-07,8.494314913243262e-05,0.01028542880891168,0.00010579004578314954,0.00035390103997234856,0.0066816725371884895,4.464474789434014e-05,0.0002402931420871779
1232,0.0003618173640412836,0.00013098713636627846,0.00027731343281922616,0.0001463262964529477,0.0007672682418970628,5.887005546378887e-07,7.005063376186449e-05,-0.00869242090656284,7.555818121685043e-05,0.00016624061238157406,-0.017799284461115044,0.00031681452732734705,0.0005956490523142399
1233,0.0002624018046371024,0.00015536506697363026,0.000387014809390999,0.00023164974241736877,0.013328672575555802,0.00017765351262688522,0.0003785240879188301,-0.010484309307314527,0.00010992074165161458,0.0003206621948326216,0.013361173101286223,0.00017852094664239093,0.00046185814542154535
1234,7.618161130418244e-05,2.376881269050557e-05,0.00019759802504600485,0.00017382921235549928,0.0016426963431250012,2.698451275651159e-06,0.0001574028306697839,0.008257931274280306,6.81934289304964e-05,0.00012014956236416907,-0.0006438616820363219,4.145578653691473e-07,0.00031524168210406156
1235,4.979483393441342e-05,1.3566012466011598e-05,0.0003594622356714409,0.00034589622320542934,-0.00533443398753707,2.8456185967140613e-05,0.0003227100590441623,-0.0024320631243958508,5.914931040851279e-06,0.00045278349464583645,0.0025153370330212262,6.3269203900429005e-06,0.000302893153324324
1236,0.00014505340020132262,6.852884649584852e-05,0.0006812625894087784,0.0006127337429129298,-0.007099098383757312,5.039719786226193e-05,0.0007244211896354491,0.011574912438167948,0.00013397859795138967,0.0010166808463230037,0.004605512313956944,2.1210743673893973e-05,0.0003026857322678822
1237,0.021830318668398907,0.007093731313219369,0.00918574084914455,0.0020920095359251807,-0.0010404993645439019,1.082638927396573e-06,0.002406744839273278,0.02751990857685939,0.000757345368078588,0.004199807643624709,-0.14325769065796196,0.02052276593265212,0.02095067006453566
1238,0.00029651827741150605,0.00014470817661615953,0.0002873605086883835,0.00014265233207222394,-0.016157709575392042,0.00026107157872246045,0.00042489841604909095,0.010502510515898249,0.00011030272713630218,0.0002752959084508788,-0.007921503896988676,6.275022398971597e-05,0.00016188720156518066
1239,7.99376346584113e-05,2.33105627073608e-05,7.938968042701482e-05,5.6079117719654015e-05,-0.0016588336504084712,2.751729079819576e-06,0.00010694792147780685,-0.008185949342410629,6.700976663642777e-05,6.999968513332622e-05,0.0004125438230670617,1.701924058350457e-07,6.122143466991137e-05
1240,6.795761058964178e-05,2.4749625348300757e-05,0.00022730110370809223,0.00020255147835979148,0.0031655368207895392,1.0020623364304093e-05,4.696193161046747e-05,-0.00014640202163956475,2.1433551933291994e-08,0.0003780726324965622,-0.008012915769477155,6.420681912866488e-05,0.00025686874701724705
1241,3.355284206940645e-05,5.810457004614318e-06,0.0002499815457556176,0.0002441710887510033,-0.00012296943949917854,1.512148328774998e-08,0.0003517366612788564,0.003274563135784633,1.0722763730264262e-05,0.00016211056102266586,-0.002587177187549036,6.693485800290944e-06,0.00023609741496533054
1242,4.172150634040861e-05,1.3814663210376388e-05,0.0001340684083721936,0.00012025374516181722,-0.0019534449433973888,3.815947147267629e-06,8.802055701806477e-05,0.0053990132940552145,2.9149344549228573e-05,0.00014673569937928566,-0.00291182038151886,8.478697934632962e-06,0.00016744896871923043
1243,3.7922283967040116e-05,1.936019157418774e-05,0.00013887887970387425,0.00011951868812968651,0.004401449740104601,1.93727598145621e-05,0.00014798339720512033,0.005037863820880001,2.5380071876912602e-05,0.00018062962984044528,-0.00365071815280392,1.3327743031088524e-05,8.802361206605713e-05
1244,0.0005038204153546832,0.00019285228786943462,0.0006347729277970856,0.00044192063992765096,0.0065933329788959594,4.347203977050906e-05,0.00048827551156716,-0.009041209316643373,8.174346590716919e-05,0.0006155122725868267,-0.021291814340979945,0.0004533413579306256,0.00080053099923727
1245,3.853898599104344e-05,8.24037901044535e-06,0.00016157831287462918,0.00015333793386418382,0.0012147530876038379,1.4756250642511404e-06,0.00013947022568261414,-0.0035664331536996298,1.2719445439901556e-05,0.0001838218202202535,0.0032443900085372813,1.0526066527183353e-05,0.00016144289272101986
1246,3.513346659800298e-05,1.0759886628945262e-05,0.00016304333982501232,0.00015228345319606706,-0.00018885619873940232,3.566666417764708e-08,0.0001635021408983306,0.0011272252461300616,1.2706367552572928e-06,0.00017820363144338547,0.005565371188571564,3.097335646740085e-05,0.00014742424713332092
1247,4.714675034833693e-05,1.5186438310110795e-05,0.000184789197642643,0.00016960275933253222,-0.00414746886415177,1.7201497979124625e-05,0.00016422986778141802,-0.003985356364091507,1.5883065348498704e-05,0.0001920308227810752,0.0035319614384398215,1.2474751602709055e-05,0.00019810690236543582
1248,1.5538958425209692e-05,1.3577833231082082e-06,0.00014049387613579434,0.00013913609281268613,0.0005792467714444882,3.3552682177084847e-07,0.0002354991435391529,0.0013212361672646103,1.7456650099889615e-06,6.337539421719107e-05,-0.001411438322446137,1.9921581375648145e-06,0.00012260709065103903
1249,4.1300855754156096e-05,1.9919961650294304e-05,0.0001492906798492936,0.00012937071819899929,-0.003792437536979847,1.4382582471550442e-05,0.00016578898734032066,0.0035298038182830296,1.2459514995621923e-05,6.734554759457723e-05,-0.005737402503196312,3.291778748371055e-05,0.0002147375046129829
1250,0.01110041281445373,0.002605241092741147,0.007315342052841234,0.004710100960100086,-0.0880463649952009,0.007752162388868111,0.020569395006504898,0.003561101377362686,1.2681443019690875e-05,0.0007382726283297059,0.007132982989980928,5.087944633563879e-05,0.0006383585236890976
1251,0.0014616180615856234,0.0005117721994241098,0.0022728171339351975,0.0017610449345110877,-0.026905537043517797,0.000723907923600331,0.001969619509686993,0.023814650288387702,0.0005671375683580226,0.0026485218157487056,0.015629174844312213,0.00024427110631397575,0.0022003100763698935
1252,0.00011765710380096106,6.57639344105269e-05,0.0005014837838981748,0.0004357198494876479,0.010069729356751897,0.00010139944931797373,0.0004907172972757889,-0.007413167208063963,5.4955048054861066e-05,0.0007055495184705718,-0.006398226774558728,4.093730585874589e-05,0.00030818453594816386
1253,0.00226876312936386,0.0007307730485129152,0.0012230960476743435,0.0004923229991614283,-0.030150278483656666,0.0009090392926420776,0.0015072218996530218,0.02803561295261729,0.0007859955936290186,0.0010657852121479516,0.02229987128365674,0.0004972842592676496,0.0010962810312220572
1254,0.0001314676331025666,6.864559054294468e-05,0.0002492618867793543,0.00018061629623640962,-0.007642039675368842,5.840077040009106e-05,0.00027313790388294734,-0.01006633574727357,0.00010133111537657946,0.00024438816715610656,0.0067974175870404675,4.6204885852163535e-05,0.00023025958929900892
1255,0.0001765901668282499,5.6829255150196247e-05,0.00041410395653877313,0.00035727470138857687,-0.006483009689112385,4.2029414628941275e-05,0.0003922648333085643,-0.011315641049364701,0.00012804373235830724,0.0004407680069534736,0.0006439087386364337,4.146184633402328e-07,0.0004092790293542814
1256,3.037100297154094e-05,5.476107018805483e-06,8.985345389034283e-05,8.437734687153735e-05,-0.0026188160606593998,6.858197559189705e-06,6.199351257296648e-05,0.0027983670755780776,7.830858289814557e-06,0.00012149334276800872,-0.001318812044057438,1.7392652074121884e-06,8.607350633005328e-05
1257,0.0004170233503375531,0.00015537391685068366,0.00042705850503614123,0.0002716845881854576,-0.017699250542152496,0.00031326346975413255,0.0005329387506411987,0.0014653690196053117,2.1473063637200696e-06,0.00020510932768347256,0.012276439811030052,0.00015071097443419834,0.0005431274367837524
1258,0.0003090788011064216,0.00010039635480511382,0.0008016066688351456,0.0007012103140300319,0.017211720873735202,0.000296243335435431,0.0005512663700492082,0.0021004107598947496,4.411725360475849e-06,0.0011799776619542124,0.0007307555127378408,5.340036194345643e-07,0.0006735759745020165
1259,2.629572728607421e-05,7.425578260204328e-06,0.0003268884579898564,0.00031946287972965204,-0.0017029403682667817,2.9000058979766763e-06,0.00016148671372617773,-0.00016776885477949471,2.814638855319629e-08,0.0005103621554202187,0.004398702364823447,1.934858249408311e-05,0.0003088165048231728
1260,0.0005871884330499455,0.0001565077087108587,0.00036468127070314144,0.00020817356199228273,0.0037315093049445883,1.39241616928798e-05,9.43471268295415e-05,0.009601393328836772,9.218675385480601e-05,0.0003982480334909777,-0.019063373536308,0.00036341221058489026,0.000601448651788905
1261,0.0013682502103299354,0.0004952325484125497,0.0008489573692150495,0.0003537248208024998,-0.0207942561848616,0.0004324010902810871,0.0006012084835572695,0.017536308908771545,0.0003075221301445108,0.0005462515612627561,-0.027308870808080848,0.0007457744248120513,0.0013994120628251228
1262,0.047940937486156576,0.018642213466837625,0.023124020183011258,0.004481806716173632,-0.06388208646124255,0.004080920970641833,0.006365631333508981,-0.2012552754860225,0.04050368591095466,0.05026485138338865,-0.10649898365203557,0.011342033518916383,0.012741577832136142
1263,0.00013922216732664694,4.199025484237969e-05,0.00020501115453079125,0.00016302089968841155,0.003333677776930035,1.1113407519913743e-05,0.00024261075588227765,-0.008719425337562009,7.602837821762964e-05,0.00020069437941239165,-0.006231290298979048,3.882897878959568e-05,0.00017172832829770446
1264,0.0026020380522587816,0.0009912621330350202,0.002167104646202437,0.0011758425131674168,-0.0008298114185840502,6.885869903161534e-07,0.0008653308652091241,-0.03257486318548652,0.001061121711553037,0.0023923631757849506,-0.043726148933584286,0.0019119761005617075,0.003243619897613237
1265,0.00040821899434684283,0.00016952390898550274,0.001215304732273122,0.0010457808232876193,0.009388975604950089,8.815286291030677e-05,0.002493362332027016,0.0198791422218876,0.0003951802954779149,0.0010079535804963236,-0.005023800211829697,2.5238568568286546e-05,0.00014459828429602695
1266,0.00022539604509563826,6.921685133239504e-05,0.0004715971601757148,0.00040238030884331977,-0.007201682209363647,5.186422664515966e-05,0.0004787403608278451,0.007033226224177352,4.946627112101254e-05,0.0006731269623375669,-0.010311161730421854,0.00010632005623101293,0.00026292415736173247
1267,5.410933507787874e-05,2.3915085890428383e-05,0.0001804420239688668,0.00015652693807843843,-0.004992872548365962,2.4928776284349752e-05,0.00015087662281576542,-0.0031032753150311977,9.630317680753286e-06,0.00014399991099112164,0.006098045892446807,3.718616370618211e-05,0.00024644953809971337
1268,2.0135192725700968e-05,7.895761866956915e-06,0.000117716670779681,0.00010982090891272409,-0.0016267504045331372,2.6463168790735736e-06,3.697908517941162e-05,-0.004447657471832768,1.978165698657275e-05,0.00021711336855223529,0.0011221905968209526,1.259311735224422e-06,9.905755860739607e-05
1269,0.0029485334153716014,0.0009910224848427667,0.0041002901620389815,0.0031092676771962147,0.004194748418099162,1.7595914290957637e-05,0.004599225070615054,0.03637019707812762,0.0013227912355019411,0.0015698821381450179,-0.04040643890192884,0.001632680304735401,0.006131763277356872
1270,2.554606646631985e-05,8.809392831136501e-06,0.00025137031098517354,0.00024256091815403705,-0.004369167111359567,1.9089621247525557e-05,0.00015133066594330558,0.0008788523025616375,7.72381369640307e-07,0.0002132714016543913,0.0025624550484599257,6.566175876243641e-06,0.0003895088653578238
1271,6.47724655575832e-05,1.4067060479350246e-05,0.00039493619678276914,0.0003808691363034189,0.0037174544596116016,1.3819467659437201e-05,0.00041447566959529336,0.004534881574004579,2.0565150890106132e-05,0.00037912936342732184,-0.0027958116689976633,7.816562888507406e-06,0.00039120355732569223
1272,8.854152056414488e-05,3.155267671939299e-05,0.00024598833027159966,0.00021443565355220667,-0.0016165024615243234,2.613080208324625e-06,8.760238304694745e-05,-0.007510181372168987,5.640282424268506e-05,0.0003262820281016987,-0.005970102654659752,3.564212570716929e-05,0.0003240805796661528
1273,1.9685195550067647e-05,6.4494860663918035e-06,0.00019669617802194525,0.00019024669195555344,-0.004251853356752847,1.8078256966980177e-05,0.00011073328008370797,0.0008265714209364479,6.83220314101618e-07,0.0003742778492575871,0.0007661467995194719,5.869809180936159e-07,0.00010507740472454064
1274,2.1622086843642307e-05,5.848935136998357e-06,0.00012730480176466794,0.00012145586662766958,0.0006369993280392294,4.057681438629501e-07,0.00016015064622743047,-0.0025044916803147843,6.272478576541118e-06,0.00010533670457602007,-0.003296749716092911,1.0868558690591001e-05,0.00011642705449055324
1275,6.717246132315058e-05,2.3066577256850945e-05,0.00023409030529512412,0.00021102372803827318,-0.008140315795489635,6.626474125015491e-05,0.00033375437764726623,0.0007927048708134903,6.283810125573552e-07,0.00012766260695051823,-0.001518752615545558,2.3066095078405624e-06,0.00024085393128758792
1276,3.202409235125714e-06,8.427633544361157e-07,0.00022342929566587788,0.00022258653231144176,-0.0009518414359474349,9.060021192164314e-07,7.579582111783001e-05,0.0010194981300242984,1.0393764368066272e-06,0.0002654702068566328,-0.0007634864158403175,5.829115072852886e-07,0.0003290218590231708
1277,2.7225986653500733e-05,1.0075843812703175e-05,0.0002285118467421817,0.0002184360029294785,0.0046056930932562344,2.1212408869319965e-05,0.0003784498448864415,-0.002591203138658685,6.7143337061370545e-06,0.00022290072092623348,0.0015168351467581196,2.300788862652503e-06,8.418497441387007e-05
1278,0.0013048744839950777,0.00045096615513244104,0.0007569402316549567,0.0003059740765225157,0.027560541328947457,0.0007595834383442579,0.0009217224483518693,0.00951414194579838,9.051889696476412e-05,0.00043831304528840764,-0.02242311597634304,0.000502796130088301,0.0009107852013245932
1279,0.00028679945130172246,8.060673735036754e-05,0.0002212644586332043,0.00014065772128283677,-0.008820735048927551,7.780536680335182e-05,0.00022968052793037597,0.0020229726627010646,4.092418394163744e-06,0.00011451065301892882,-0.012646043921070497,0.00015992242685358704,0.00031960219495030806
1280,0.00011883896806152983,2.2187539658583926e-05,0.0007988442508162589,0.000776656711157675,-0.0072807545753972285,5.300938718666437e-05,0.0006017991357205599,-9.103624343218018e-07,8.287814878826794e-13,0.0011322293761953928,-0.003681471303719195,1.3553230960305918e-05,0.0006625042405328241
1281,0.001043865046116088,0.00040563056076881043,0.0007365520040437298,0.00033092144327491935,0.021996979343861245,0.0004838671002544981,0.0010962117295751916,-0.009026794270400217,8.148301480015441e-05,0.0002503263772459796,0.025525312285103373,0.0006515415672517788,0.000863117905310018
1282,0.00044053520293074744,0.00018538604833610398,0.0002620354449661318,7.664939663002782e-05,0.004109783423472334,1.6890319787576935e-05,0.00011542897136207486,-0.018556582863875005,0.0003443467675838807,0.00039348470051248086,-0.013961413167620382,0.0001949210576368543,0.0002771926630238397
1283,0.00011559406124173055,3.161831581751281e-05,0.00023283504378942185,0.00020121672797190904,-0.008271559461175814,6.841869592044691e-05,0.0003464152213107363,0.004929618822186283,2.4301141731908338e-05,0.0002761532285959767,0.0014612014920173011,2.135109800183166e-06,7.593668146155252e-05
1284,0.00012205201328896464,3.9192928239395464e-05,0.00028105286890952225,0.00024185994067012678,-0.007019409658950932,4.9272111960596554e-05,0.00023565530732805318,-0.00563918407857745,3.180039707240123e-05,0.0002394335276874049,0.006042042343874266,3.6506275685188605e-05,0.00036806977171310873
1285,7.290077957744501e-06,2.857489666552304e-06,0.00019172292530011958,0.00018886543563356728,-0.0022700760209228028,5.153245140498974e-06,0.00014072376827956035,0.00038496387512440447,1.4819718519021308e-07,0.0002435595183750694,-0.0018085979856370695,3.271026673967725e-06,0.000190885489245729
1286,0.0033948247840601686,0.0026097077236825195,0.0064413694023858215,0.003831661678703302,0.051092288574903326,0.0026104219518215954,0.006718143334243032,0.052637094483027856,0.002770663715615407,0.006859346560564972,0.04947764650436424,0.002448037503610556,0.005746618312349461
1287,0.00015269579889931606,5.0490737165342914e-05,0.0004670482333699229,0.00041655749620458,-0.008051629195084259,6.482873269508804e-05,0.0006193659597441004,-0.00883459516767324,7.805007177674739e-05,0.0005519565330479592,0.002931451351211264,8.593407024193311e-06,0.0002298222073177092
1288,0.0003063482773603132,6.180547319489804e-05,0.00028730873194512024,0.0002255032587502222,0.008869226667097494,7.866318167215613e-05,0.0003299828396434723,0.010325099329303722,0.00010660767615999767,0.00020752961085612753,0.0003815255597742668,1.455617525403241e-07,0.00032441374533576095
1289,9.465885741166691e-05,1.947556256624387e-05,0.00018361998713308422,0.00016414442456684036,-0.0056143038474400775,3.15204076916098e-05,0.00021411117997027773,-0.000425022653502706,1.8064425599817469e-07,0.00016652593510579905,0.005169684298997436,2.6725635751123633e-05,0.00017022284632317586
1290,0.0001830774094461196,3.664333314016647e-05,0.00021982385650605915,0.0001831805233658927,0.009212454277352344,8.486931381224139e-05,0.00020877209030700783,-0.004606125803942607,2.1216394921808046e-05,0.00023442012604923956,0.0019606862795161213,3.84429068644998e-06,0.00021627935316193003
1291,0.0004800611879312022,0.0001642463143898635,0.00034396878489395544,0.00017972247050409193,0.0021039913602854637,4.426779644184364e-06,0.00015950562496580556,-0.005128826223608624,2.6304858432135703e-05,0.00025653185323348815,-0.021494355191374964,0.0004620073050932705,0.0006158688764825726
1292,0.008935073608144939,0.0024044044533265327,0.0032861092871530793,0.0008817048338265465,0.0225689731732049,0.0005093585500927089,0.0007610654673618766,-0.024922178525814482,0.0006211149824724149,0.0010591794528295173,-0.07799192155226227,0.006082739827414474,0.008038082941267843
1293,6.454806965394688e-05,1.5866787244818898e-05,0.00015366793054235237,0.00013780114329753346,0.0028582950396493123,8.169850533312761e-06,0.00016702377793775813,-0.006274735853064799,3.9372310025931334e-05,0.0001753922771730032,-0.0002412491973757471,5.820117521260215e-08,0.00011858773651629573
1294,0.0002845419806457583,8.292347138927347e-05,0.0002954709859211239,0.00021254751453185045,-0.015297505713938439,0.0002340136810676796,0.0004454772735287271,-0.0016408012642254825,2.692228788681028e-06,0.0002851695203314186,0.003473399532354166,1.2064504311459778e-05,0.00015576616390322595
1295,0.00015440396031884962,4.119386716046799e-05,0.00022289809392180468,0.00018170422676133668,-0.009131360603067018,8.338174646327356e-05,0.0003305772950479291,0.0034113250437039487,1.163713855378834e-05,0.00011288099780049077,0.005344409833126815,2.8562716464342053e-05,0.00022523598891699415
1296,9.422836214156849e-05,3.8021705867419264e-05,0.00016630837852908234,0.00012828667266166308,0.004016507147581704,1.613232966546363e-05,0.00023501601501207947,0.006901545340999614,4.763132809337822e-05,0.00018037181513963496,0.007092352208070015,5.030145984341594e-05,8.353730543553262e-05
1297,0.00016538818677069855,6.113650199538838e-05,0.0006090687502664135,0.0005479322482710252,0.003846163948288743,1.4792977116928618e-05,0.0007511531113753023,0.011164349987836854,0.00012464271065071308,0.0006286101630711416,0.006631275761005567,4.397381821852342e-05,0.0004474429763527965
1298,3.527954973792102e-05,9.796357505198472e-06,0.00019889289088585263,0.00018909653338065416,-0.0015560986636514377,2.421443051403571e-06,0.00019726092830407715,-0.001003835941787628,1.0076865978314586e-06,0.00024802064202245067,0.005095090074390616,2.5959942866360386e-05,0.0001513971023310301
1299,0.00012880720197239182,4.801654879020104e-05,0.0003033288394704477,0.00025531229068024663,0.0086787113782507,7.532003118704278e-05,0.0004577534926707427,-0.00820656872928374,6.734777030847905e-05,0.00012953419774086594,-0.00117551898102178,1.3818448750813062e-06,0.0003226988279997345
1300,0.00014152705204639737,4.573283302988784e-05,0.00040389425274237983,0.000358161419712492,-0.005208521424655394,2.71286954312e-05,0.0002730228843615956,-0.008856725344376313,7.844158382575017e-05,0.00020859950515128567,-0.0056238972103579915,3.1628219832713356e-05,0.0007300603687142582
1301,0.00026594271057511776,7.405758150436093e-05,0.00017223911062924646,9.818152912488554e-05,-0.0003420792444998205,1.1701820967768839e-07,6.792239348640816e-05,-0.01348820901726894,0.00018193178249359399,0.0003742679007057159,-0.006334346360099113,4.01239438098111e-05,7.45270376956153e-05
1302,0.00019181386715982907,8.077776320899084e-05,0.0002860175946261349,0.00020523983141714408,-0.011579927999981988,0.00013409473248482406,0.00024204422199625153,0.004913124756205458,2.413879487017656e-05,0.0002558957897976777,-0.009170592253064293,8.409976227197191e-05,0.00036011277208447545
1303,8.914838417339865e-05,3.3140298497177e-05,0.0001587272329276468,0.00012558693443046978,-0.004141121788756045,1.7148889669305056e-05,0.00016175318944611217,0.009051741302300196,8.19340206039687e-05,0.000249972536620624,-0.000581364961169572,3.379852182572307e-07,6.445597271620418e-05
1304,0.00013007876510873206,3.4213728001645606e-05,0.0004998354442575792,0.00046562171625593357,0.006202075693613312,3.846574290933269e-05,0.0002992310110755403,-0.007826173542276639,6.124899231385594e-05,0.0002226446853960118,-0.0017106866403628813,2.926448781748192e-06,0.0009776306363011855
1305,0.00024981735105167324,5.6543119457945025e-05,0.00022627982500011967,0.00016973670554217465,0.0033823828762731046,1.1440513921878726e-05,0.00016313028703296428,0.0031445914718026447,9.888455523965334e-06,0.00018680049523067677,-0.012177864711345823,0.00014830038892799102,0.00032890869273671797
1306,1.1073019959950692e-05,4.231774928734981e-06,0.00017950211460482368,0.0001752703396760887,0.0013027673847377493,1.6972028588080335e-06,0.00020162515219723787,-0.00250090578235749,6.254529732130365e-06,0.00012459610721338166,-0.0021779789245214543,4.743592195266544e-06,0.00021228508440385152
1307,0.0005344378205078826,0.00018265675179233534,0.0006371741024326175,0.0004545173506402822,0.014267243008298026,0.00020355422305784465,0.0004039094306362845,-0.016738359758322333,0.00028017268739899404,0.0009485721771198552,-0.00801519462772095,6.424334492016737e-05,0.000559040699541713
1308,9.17908200281925e-06,5.361924043952489e-06,0.0003101349467382238,0.0003047730226942713,0.002646878909690434,7.005967962658843e-06,0.0002821353128543702,-0.00122456314544597,1.4995548973661954e-06,0.00023906622451153048,-0.0027532252490905275,7.580249271832429e-06,0.0004092033028487707
1309,0.0002798736283753378,8.00357089528007e-05,0.00031508070494927026,0.00023504499599646955,-0.0034547290878460864,1.1935153070408155e-05,0.00034635778355862623,0.007172100842358025,5.143903049287246e-05,0.00031135557727013374,0.013294094301418083,0.00017673294329512146,0.00028752875401905076
1310,5.334767562048537e-05,1.4344180643092544e-05,0.00035262546427798175,0.0003382812836348892,-0.0014014759604857583,1.964134867860068e-06,0.0001660819095614663,0.006388493284998267,4.081284645263139e-05,0.0006009132994253541,0.0005055300275430839,2.5556060878617615e-07,0.0002908811838471248
1311,0.0001374634828532617,4.540427890920018e-05,0.0005806795161943009,0.0005352752372851007,0.006742807871669768,4.5465457994220415e-05,0.0005688828228641585,0.003990691776706675,1.5925620856505063e-05,0.0004788201532466285,0.008649957102587683,7.482175787687506e-05,0.0006943355724721156
1312,0.0005935492705000378,0.00013621266787444686,0.0007250841245205105,0.0005888714566460637,0.013024909465722666,0.00016964826659038312,0.0006296665275217217,-0.013689880967572319,0.00018741284090606491,0.001341282480878725,-0.0071817056558084805,5.1576896126892535e-05,0.00020430336516108483
1313,0.0008538075754410679,0.0002737033566257985,0.0006961444264241093,0.00042244106979831087,-0.023380803011480288,0.0005466619494616243,0.0013377784451403807,-0.009530689823854025,9.083404851861765e-05,0.0003356446436516558,-0.013550427000539406,0.0001836140718971535,0.00041501019048029164
1314,0.00025036213568496724,7.714948390276828e-05,0.00046238511284972067,0.0003852356289469524,0.00943621271511488,8.904211040516863e-05,0.0005813482016837623,0.003099350703945245,9.605974785942273e-06,0.0004352317645313075,-0.01152390413519019,0.00013280036651719396,0.0003705753723340921
1315,9.413016788739625e-05,1.7185561865547722e-05,0.00020453420028339794,0.0001873486384178502,-0.0029161636112224687,8.50401020735525e-06,0.00030538676322933167,-0.006058750147236996,3.670845334691197e-05,0.000172929607168415,0.002518773916454423,6.3442220423759466e-06,0.00013528623045244714
1316,8.697751487263261e-05,3.7837715294678866e-05,0.0002046402397339886,0.00016680252443930973,-0.009169660296660371,8.40826699558539e-05,0.00022299214436971582,-0.0020950728393588918,4.389330202414499e-06,0.0001554139008508315,-0.005004112880940399,2.504114572576821e-05,0.00023551467398141845
1317,7.868025365231901e-06,2.353500214861507e-06,0.00011274288150475709,0.00011038938128989557,0.002338359867692417,5.4679268712831686e-06,0.00015433921246388316,0.00016370180989707742,2.67982824819768e-08,9.456197902724117e-05,-0.0012513095104580057,1.5657754908193766e-06,8.932745302314693e-05
1318,8.223242922167362e-05,1.1435046987492056e-05,0.0001082748046292344,9.683975764174235e-05,-0.005790110494826597,3.352537954237622e-05,0.000150899583200359,0.00019193784372935306,3.684013571980671e-08,8.134086609523639e-05,0.0008619288163325106,7.42921284380138e-07,9.258396459210783e-05
1319,9.493629682177929e-05,1.8090066161972434e-05,0.00015546227111721636,0.00013737220495524394,-0.001735536035718113,3.012085331710601e-06,0.0001386197115844645,-0.0010419690145772537,1.085699427694209e-06,0.00010842028799951109,-0.007083248811569387,5.017241372651249e-05,0.0002193468137676735
1320,2.350529644201682e-05,1.2393804666925115e-05,0.00018235998154943664,0.00016996617688251153,-0.003338538827361172,1.1145841501414289e-05,0.0001944350227037761,-0.003602140171979629,1.297541381883871e-05,0.00017678523645903166,0.0036138841543356813,1.3060158680522349e-05,0.00017585968548550213
1321,0.00022830876165680358,9.48357288933499e-05,0.0003013034027408157,0.00020646767384746578,-0.012408302608792905,0.00015396597363137587,0.00018253305232562855,-4.612877558680328e-05,2.127863996115309e-09,0.00046361554652118997,-0.011425370242783749,0.00013053908518467772,0.00025776160937562853
1322,2.1673649606701595e-05,7.504351306697465e-06,0.00023038056041291277,0.0002228762091062153,-0.002926913239375104,8.5668211107226e-06,0.0001429677445505817,0.003045769187905304,9.276709945993389e-06,0.0003938003419939884,-0.0021609078793875685,4.6695228633764074e-06,0.00015437359469416823
1323,0.00010402954247090701,1.629733726290124e-05,0.00021566873462856387,0.00019937139736566262,-0.000490859414245278,2.409429643579486e-07,0.00017540522318826302,-0.0022941804387184464,5.2632638852800895e-06,0.00019232401094815277,0.006586942002118302,4.338780493906569e-05,0.00027927696974927585
1324,0.00016707107795743692,7.122210361842907e-05,0.00027262354781099063,0.00020140144419256156,-0.011490473419977233,0.00013203097941494324,0.00034468934286591146,0.004846055537930997,2.3484254276784355e-05,0.00026566392537974437,-0.007625685356974031,5.8151077163559606e-05,0.00020751737518731606
1325,8.750830654413733e-05,2.464258662878323e-05,0.00026125332314486105,0.0002366107365160778,-0.0009410044608718067,8.854893951415477e-07,0.00016035284875781652,-0.0015504396978754144,2.4038632566725227e-06,0.00025616376089865334,0.008404665801460518,7.063840723453563e-05,0.0003672433597781133
1326,0.0011657463898950837,0.00041384655742167836,0.0008671265304915909,0.0004532799730699126,-0.0062677522045521735,3.9284717697429805e-05,0.0005471170158265481,-0.031623173636270485,0.0010000251108295277,0.0016217658363787413,0.014220753979228996,0.00020222984373807762,0.0004324967392694834
1327,0.00035437773486968194,8.437960679663625e-05,0.000334196608144081,0.0002498170013474447,-0.000511025790918358,2.6114735895976793e-07,0.000143576055628869,-0.011947478748972049,0.00014274224845700623,0.0006490855176302102,-0.010494542609088558,0.00011013542457394276,0.00020992825117316372
1328,0.0002967880059309147,5.505388187695045e-05,0.0003392933962402811,0.00028423951436333067,-0.009129913894253498,8.335532771641674e-05,0.00025810116072144673,0.008740471404973225,7.639584038088287e-05,0.000568446262990685,-0.0023260433214955414,5.4104775335517274e-06,0.00019133276500871155
1329,0.00012713917927220653,4.89805609807196e-05,0.00032673119237765685,0.00027775063139693723,-0.005594636002458061,3.129995199979696e-05,0.0001998864902255093,-0.007455696371223724,5.558740837985354e-05,0.000292527879326987,0.00774947240543729,6.005432256250831e-05,0.00048777920758047433
1330,0.00017292699163129477,7.123145826759547e-05,0.00020899462671386537,0.0001377631684462699,0.0009039807763399202,8.171812434509818e-07,0.00019279811402383995,0.011430619078021556,0.00013065905250764231,0.0001742300546127007,0.009067421962812648,8.221814105169312e-05,0.0002599557115050555
1331,5.603579989466034e-06,1.9929065562251935e-06,0.0002818643626520216,0.0002798714560957964,-0.0020765933790838024,4.312240062587236e-06,0.00028684937282308365,0.0004510079530291253,2.0340817363795338e-07,0.00019215997085797465,-0.0012095748976016485,1.4630714324503913e-06,0.0003665837442750064
1332,0.00016010470815841504,5.447419220124446e-05,0.00017464049351319696,0.0001201663013119525,0.012178891169002344,0.00014832539010678492,0.00025479169921749367,0.0029631029780324376,8.779979258299875e-06,0.00015807233218267935,0.0025134055061801757,6.317207238648592e-06,0.00011105744913941784
1333,0.0005674768008909759,0.00020685057380039526,0.00034518070719247174,0.00013833013339207648,-0.020836454551234028,0.00043415783826605825,0.0005227894466571792,0.010365253580819259,0.00010743848179450843,0.0002515793784656495,0.008885685192510083,7.895540134061907e-05,0.00026117329645458653
1334,3.495421385091291e-05,1.0732361252522674e-05,0.00019468861579089816,0.0001839562545383755,0.0024013039943246253,5.7662608731190446e-06,6.040910531734944e-05,-0.0004433919514681225,1.9659642258584853e-07,0.00038903965472647517,0.005121935811961266,2.623422646186313e-05,0.0001346170873288699
1335,0.0001942551146318916,7.786702001366663e-05,0.0003225718270006839,0.00024470480698701724,-0.006478110263034088,4.1965912579877696e-05,0.0003177571264494361,-0.012759296254945488,0.00016279964092169585,0.0004887332144568601,0.005369870253526674,2.8835506539426348e-05,0.0001612251400957554
1336,8.80754981779086e-05,1.1768671193346236e-05,0.0002864131984488723,0.00027464452725552607,0.0013160435720689964,1.7319706836493864e-06,0.000388927514156423,0.0011183251641139443,1.25065117273504e-06,0.00026064310630435905,0.005685366454589358,3.232339172365428e-05,0.0002096689748858349
1337,8.414311182070033e-05,3.1982670030757575e-05,0.00018574283201448308,0.0001537601619837255,0.003983607042968871,1.5869125072676127e-05,0.0001653980752315265,0.005840687544979798,3.411363099847797e-05,0.0002767795151200625,0.006779767991699151,4.596525402111862e-05,0.00011505090569186027
1338,0.0007448174730576573,0.00019899961870262217,0.0006279898777724243,0.00042899025906980215,-0.010782995365179933,0.00011627298904537398,0.0006743177457699812,-0.014427982265473583,0.00020816667225276309,0.0005956436293538259,-0.0165093668809443,0.00027255919480972945,0.0006140082581934658
1339,0.00021400897503964789,7.264910139722265e-05,0.00014979514505801075,7.71460436607881e-05,0.007068546452325428,4.9964348948994264e-05,0.000157187443138751,0.012863610981190514,0.00016547248747533772,0.00025564747158890455,0.001584445570897684,2.5104677673359888e-06,3.6550520446376744e-05
1340,0.00028854443685422115,6.27906150655333e-05,0.000151090073593411,8.829945852787771e-05,-0.01290333159032911,0.00016649596613005357,0.0002546010458599479,-0.0012982908870608676,1.6855592280817788e-06,0.00013723335147119986,-0.004493363977978954,2.0190319838464532e-05,6.143582344908527e-05
1341,0.00013011400618589963,1.3532974166359976e-05,0.000292262743211776,0.000278729769045416,0.0047806715139372775,2.2854820123874298e-05,0.00030133178700231245,0.0029829375353409003,8.897916339623002e-06,0.00044714164027404024,0.002974253861971881,8.846186035582626e-06,0.0001283148023589753
1342,0.0002115523853778445,0.00010620210674772146,0.00018068462754183834,7.448252079411688e-05,-0.013847936439482645,0.00019176534363196662,0.0002487741083048167,-0.010659070277198956,0.00011361577917412546,0.00017976373680939073,-0.00363664645479064,1.3225197437072289e-05,0.00011351603751130757
1343,0.00019928285895220998,4.341496377084179e-05,0.0003947577716031751,0.0003513428078323333,-0.008911483720831137,7.941454210669274e-05,0.0002869882497439358,0.006372635042197939,4.0610477381131105e-05,0.00044168311622461154,-0.003196853425570439,1.021987182470152e-05,0.00045560194884097793
1344,0.00018276829119112659,9.460170021661589e-05,0.00032774165903200664,0.00023313995881539074,0.013463832449030055,0.00018127478421570142,0.00033913811050756415,-0.007209117977206129,5.1971382009297074e-05,0.00036831842479478905,0.00711048060435983,5.0558934424849156e-05,0.0002757684417936668
1345,0.00021123620956353673,5.5019549300390956e-05,0.00022735950488776227,0.0001723399555873713,-0.006068969502631405,3.683239082363787e-05,0.00030737874138697663,0.010743492789029275,0.00011542263730801583,0.0001947929128480741,-0.0035782146063866923,1.2803619769519159e-05,0.00017990686042823612
1346,0.0009555804041797566,0.000439727809251463,0.0029268662914669896,0.0024871384822155265,-0.004211113469566321,1.7733476653569724e-05,0.0006283286275360345,0.019779684028300167,0.0003912359002592458,0.0020597546274208067,-0.03016975390754045,0.0009102140508415735,0.006092515619444128
1347,0.0010538263679519266,0.0003236464923288551,0.000683428282598412,0.0003597817902695569,-0.008778478316026381,7.706168154508752e-05,0.0004494303881965589,-0.029220753826175595,0.0008538524541699122,0.0010156543872277268,-0.006326558406548841,4.002534127156565e-05,0.0005852000723709505
1348,0.004083966116904314,0.0031733564911257117,0.004020081494924462,0.0008467250037987499,0.04916559895617085,0.002417256120719191,0.00315953691213966,-0.05957218099319442,0.003548844748285873,0.00418466830787656,0.0596151709246226,0.003553968604372071,0.004716039264757166
1349,3.969968027039972e-05,4.593565994655731e-06,8.182101340729424e-05,7.722744741263851e-05,-0.002908761217426942,8.460891820050165e-06,4.376327193633678e-05,0.0022027546365420815,4.852127988730359e-06,0.00015701102751541907,0.000683869999171832,4.676781751866699e-07,4.4688740770126856e-05
1350,0.000975439265852085,0.00039919345238596343,0.001491039735154298,0.0010918462827683346,0.020818090360173264,0.0004333928862444436,0.001404302781050415,0.023563451722891923,0.0005552362570968583,0.002626006408618542,0.014455144890885481,0.00020895121381658832,0.0004428100157939374
1351,0.00019565188377068665,5.099277975310438e-05,0.00034621738495329196,0.00029522460520018756,-0.005829582335478609,3.398403020604679e-05,0.00014908112725420253,0.004462152810224246,1.9910807701695177e-05,0.0003072400023421684,-0.009954069587446887,9.908350135157118e-05,0.000582331025263505
1352,0.00011671214025588128,2.3686690196811355e-05,0.00015392480605228945,0.0001302381158554781,-0.004665692183516801,2.1768683551304235e-05,0.00020848763990333197,0.006712542389197878,4.505822532674397e-05,0.00016904412989371398,-0.002057464875112986,4.233161712385858e-06,8.424264835982243e-05
1353,0.0001901564462245542,5.371040955544822e-05,0.00011269341240016661,5.898300284471839e-05,0.007094935781024428,5.033811373700292e-05,0.00012347744599139343,0.009629383834382553,9.272503302981683e-05,0.00010570266695464348,-0.004250656643310127,1.8068081899524913e-05,0.00010890012425446294
1354,4.791523391645125e-05,1.4054590491604143e-05,9.678725124033043e-05,8.273266074872629e-05,-0.0031797540233640047,1.0110835649168592e-05,5.974955114040892e-05,-0.005576944743622736,3.110231267333674e-05,0.00011510417626725555,-0.0009749990526759558,9.506231523070952e-07,0.0001155080263133268
1355,0.00011351791861380356,2.9039424920385137e-05,0.00017158261117855567,0.00014254318625817053,0.0003422117836683619,1.1710890490679304e-07,0.00020528181149270797,0.00035211556451551985,1.2398537030389178e-07,0.00016732745860759124,-0.009320792910815324,8.687718048594473e-05,0.0001421385634353678
1356,9.717680897003422e-05,4.367827142045163e-05,0.00020531592311353228,0.00016163765169308064,0.007702362059401194,5.932638129424461e-05,0.00028288205720727877,-0.007894249589507716,6.231917658150454e-05,0.00017190026533864255,0.0030641893521219966,9.389256385605727e-06,0.00016116544679467548
1357,0.00018405072234328745,6.372651869679391e-05,0.0004537949375293948,0.0003900684188326009,-0.00014965960892628988,2.2397998122869467e-08,0.00019514684947508076,0.010431391488394615,0.00010881392838435477,0.000847203348178005,-0.009074317038105574,8.234322970790409e-05,0.00031903461493509866
1358,0.004064308650724935,0.0014800556638924212,0.001736858052743262,0.00025680238885084083,-0.024168362719785712,0.0005841097565548736,0.0007233997538593773,0.056658767840626005,0.0032102159732179114,0.0036928179807904637,-0.025413407129003432,0.0006458412619044784,0.000794356423579945
1359,4.640894700924658e-05,1.9641467569904886e-05,0.00023121322871185365,0.00021157176114194876,0.002558178521005607,6.544277345477134e-06,0.0001729166638727575,0.006353625669716675,4.036855915090509e-05,0.00035968237580596973,0.00346577065213614,1.2011566213332436e-05,0.0001610406464568337
1360,1.3116962754189387e-05,6.4796861260670484e-06,0.0002589550759598547,0.00025247538983378764,0.0028579131127633418,8.167667360114983e-06,0.00024628345167931887,-0.003041282671740039,9.249400289124132e-06,0.0003065430504882727,-0.0014219672037643388,2.021990728962031e-06,0.00022403872571197248
1361,0.00027990569513913766,0.00012953828309110924,0.000396554736340593,0.00026701645324948375,-0.016358188882843957,0.0002675903435271909,0.0003541826096250533,0.004117728612769995,1.6955688927899892e-05,0.000423632489625958,0.010201412491303952,0.00010406881681823688,0.0004118491097707677
1362,5.469370789357164e-05,3.24286121120565e-05,0.0004124250872114728,0.0003799964750994163,-0.004908153109807349,2.4089966949025765e-05,0.0004481141994134852,0.00566073393900647,3.2043908728462966e-05,0.00035856608082907027,-0.006414979396628736,4.1151960658680764e-05,0.00043059498139186303
1363,4.45351835732799e-05,4.754360385790986e-06,9.320189355506898e-05,8.8447533169278e-05,0.003701719079211764,1.370272414136231e-05,5.682164634646103e-05,0.0006185609692193713,3.826176724341934e-07,0.0001342103686395868,-0.0004215914412708241,1.7773934357645516e-07,8.857366567915914e-05
1364,7.303066041897122e-05,2.112479834141349e-05,0.00027351060564158775,0.00025238580730017424,-0.004437259605792644,1.9689272809486624e-05,0.0003722657647499128,0.006118831239265779,3.7440095734364576e-05,0.0003432005613400735,-0.002499005098144507,6.245026480389271e-06,0.00010506549083477701
1365,0.0007340819176363533,0.0002552177381298278,0.0008499575041992502,0.0005947397660694225,0.003711340540787964,1.3774048609804801e-05,0.0011688874478115174,0.026708997646974247,0.0007133705553061809,0.0012668332449413677,0.0062055306359386974,3.850861047349774e-05,0.00011415181984486544
1366,0.0006251402363655068,9.63767538267879e-05,0.00042556311148389536,0.00032918635765710746,-0.014939855012132389,0.00022319926778358035,0.0007991321053949507,-0.004470949972760314,1.9989393658992327e-05,0.00023553158206146563,-0.006778023313472474,4.594160003779102e-05,0.00024202564699526974
1367,5.572248783702882e-05,3.4042892263941305e-05,0.00025865049543053836,0.00022460760316659706,0.00407272196189945,1.6587064179063304e-05,0.00045884344613877914,0.005675093019650348,3.22066807818544e-05,0.00012650665001445738,-0.007303076874240258,5.333493183090621e-05,0.0001906013901383785
1368,3.45268239534402e-05,1.138779364136718e-05,0.00011700115888879647,0.0001056133652474293,0.0032977066689220537,1.087486927442427e-05,0.00011528240397140621,0.0005722617187589143,3.2748347433830816e-07,0.00011162428475874897,-0.004791766707157157,2.296102817533896e-05,0.00012409678793623424
1369,0.0012624843797499619,0.0006423745888833136,0.0010392838411847165,0.00039690925230140295,0.02563264518268826,0.0006570324990616827,0.000989987626938138,0.03092572939249441,0.0009564007384578188,0.0015286483910142978,-0.017711310768278796,0.00031369052913043927,0.0005992155056017134
1370,3.772219093323148e-05,1.679279538383908e-05,0.00016533329561826035,0.00014854050023442128,-0.003322815637177831,1.10411037589353e-05,5.5508547250782136e-05,0.0053493153186873095,2.8615174378576747e-05,0.00017312145709791338,0.0032744630115674675,1.0722108014005194e-05,0.0002673698825060855
1371,0.00018412677742563055,1.4225954340418845e-05,0.00011527386729522544,0.0001010479129548066,-0.0035515191261698068,1.2613288103313636e-05,0.00011022315694952933,-0.004240552082307037,1.7982281963035973e-05,0.00012177186091111292,-0.003475959285554607,1.2082292954906926e-05,0.0001138265840250341
1372,0.00010234049290736014,2.831031932252574e-05,0.00016191511240848389,0.00013360479308595816,0.0017818294534875162,3.1749162014982346e-06,0.00011262111590359947,-0.00754464491999314,5.692166696880108e-05,0.00020345982042191402,-0.004983409956730158,2.4834374797277903e-05,0.00016966440089993817
1373,0.00013583899376889974,1.752832469018954e-05,0.00018012344936883343,0.0001625951246786439,-0.00021835179677065643,4.76775068314339e-08,0.00022129189841924024,0.005963240045755618,3.556023184325685e-05,0.0001499849451185309,-0.004120323375732269,1.6977064720480328e-05,0.00016909350456872918
1374,0.0022436445259957916,0.0007620985926683291,0.001213461919345571,0.00045136332667724177,0.008193909776458104,6.71401574248165e-05,0.00020939252193230562,-0.026473686126911217,0.0007008560571462041,0.0016039421031743828,0.038965363637905766,0.0015182995634339669,0.0018270511329300243
1375,1.685758626901457e-05,5.017396187856349e-06,6.804409189849665e-05,6.30266957106403e-05,0.0023296385623745243,5.427215831188548e-06,7.342741903570982e-05,-0.0015594161353280722,2.4317786837535493e-06,2.4517995155570738e-05,-0.002682013058943751,7.19319404862695e-06,0.00010618686150420942
1376,0.0007954059155097504,0.00027690525736456806,0.0006617637500013022,0.0003848584926367341,0.007995385615041749,6.392619113326781e-05,0.00034041182141975046,0.02118919543138347,0.0004489820030293412,0.0010342622803286572,0.017827158436816065,0.00031780757793109515,0.000610617148255499
1377,3.2113731424199266e-05,1.2975117240410228e-05,0.00018614330326138795,0.00017316818602097772,0.0025853360622128878,6.6839625547654435e-06,0.00026755801177391625,-0.0010679143239594683,1.1404410031889967e-06,0.00018096634726894045,0.005576822407355928,3.110094816327624e-05,0.00010990555074130715
1378,0.00025659233330854736,6.866912574921002e-05,0.00045119442050041886,0.00038252529475120883,0.013153209570147194,0.00017300692199617718,0.0006988987738071328,-0.005742821407971458,3.297999772389204e-05,0.0005754504584346565,-0.00014302981475753266,2.0457527560857613e-08,7.923402925946732e-05
1379,0.0009079685480398725,0.000403824291067519,0.0007432269627698865,0.00033940267170236754,0.02467439546920436,0.0006088257917707951,0.0012449283855985316,-0.007615699815653043,5.7998883681964486e-05,0.00031092588576064895,0.023337699067169773,0.0005446481977497974,0.0006738266169504792
1380,0.002115908422524182,0.0016088131668781092,0.0019376017576992661,0.00032878859082115697,-0.030889631051080217,0.0009541693064719636,0.00142893967070723,-0.0438943174030163,0.0019267111002766457,0.0021725187903107734,-0.04410849231027414,0.0019455590938857181,0.0022113468120797952
1381,1.3599407180819867e-05,6.894880104931407e-06,0.00016185844047452344,0.00015496356036959202,0.003543076274693707,1.2553389488578759e-05,7.549914706583838e-05,-0.0011300113378147512,1.276925623461267e-06,0.00014822326269903208,-0.002618076622699976,6.854325202754197e-06,0.00026185291165869984
1382,3.267010908569734e-05,1.1413238510245746e-05,0.00013284532303325935,0.00012143208452301361,0.0032584621463005803,1.0617575558757864e-05,0.000135153534421395,-0.0025727314164363814,6.618946941538972e-06,0.0001098223908601037,0.004123492819267772,1.70031930304404e-05,0.00015356004381827937
1383,0.00013817048341147053,2.4489923387401486e-05,0.00039837541749295397,0.0003738854941055525,-0.005231011130963388,2.7363477452246876e-05,0.0005752473991752494,0.00234626157400367,5.504943373590976e-06,0.0003328292999628113,0.006371918811191751,4.060134933636661e-05,0.0002870495533408013
1384,0.00030819077505350734,0.00015468853122913018,0.0002415948805101209,8.690634928099072e-05,0.01165090158099312,0.00013574350765033216,0.00019231404809860742,-0.016541217798320268,0.00027361188625096844,0.0003914802155614572,-0.007396634355316443,5.471019978608993e-05,0.0001409903778702981
1385,4.6359023376796316e-06,6.521960795128715e-07,0.00010163955431704193,0.00010098735823752905,-0.001089093627003346,1.186124928387322e-06,0.00011882549489861116,-0.0008660571647253068,7.500550127659267e-07,0.0001324118913720307,0.0001428576113107769,2.040829738536587e-08,5.368127668048395e-05
1386,0.0008391752275628273,0.00029518607519318785,0.0006049277380988372,0.0003097416629056493,-0.016544209948973276,0.0002737108828360091,0.0005794863740933298,0.016800329374727627,0.0002822510670992262,0.0006300469412046095,-0.018154786576663928,0.00032959627564432825,0.0006052498989985722
1387,0.0001732388942586871,7.014799462978782e-05,0.0007973699220773511,0.0007272219274475633,0.0033855956622880156,1.1462257988759106e-05,0.0007808838025585851,-0.012695249023581592,0.00016116934777066216,0.0009482295900479221,-0.006149177028665367,3.7812378129942203e-05,0.0006629963736255462
1388,5.802545873478948e-05,2.4644869311159685e-05,0.00031535053629405674,0.00029070566698289707,0.0022630676230331725,5.121475065927861e-06,0.00030501090595735914,0.006835862907412881,4.672902168889603e-05,0.00032218390535088126,0.004699373487858655,2.2084111178655164e-05,0.0003188567975739298
1389,0.00010746848610898585,1.643736546604509e-05,0.00032258763725160716,0.0003061502717855621,-0.0037507566119432826,1.4068175162029739e-05,0.0003824946778168137,-0.003585100044349634,1.2852942328223094e-05,0.0004165729959988429,0.004731910703694842,2.2390978907882442e-05,0.00016869523793916485
1390,0.00020960530234126473,7.441099325237548e-05,0.00035511344054776445,0.00028070244729538896,0.0030518990619129134,9.314087884293443e-06,0.0001493674236200393,-0.012402710402278815,0.00015382722532297777,0.0004197568971654464,-0.007751881484491892,6.0091666549855205e-05,0.0004962160008578076
1391,0.00038953657092077876,0.00011373852278506735,0.00029300747970062435,0.000179268956915557,0.00901993889351524,8.135929764285788e-05,0.0002049238260282138,0.01611346499630192,0.0002596437541869667,0.0005109852604228138,0.0004609951474101499,2.1251652537745969e-07,0.00016311335265084548
1392,6.57414876460427e-05,1.1287320751914484e-05,0.0009807362206983121,0.0009694488999463976,0.0009687357328551957,9.384489199071311e-07,0.0002784021923794011,0.002677781561632118,7.170514091825453e-06,0.001836614127143199,0.005074741298221592,2.5752999244010866e-05,0.000827192342572336
1393,0.00010557414399736675,3.4112733637403636e-05,0.0005924715403714161,0.0005583588067340125,0.0012155618648562246,1.4775906473918354e-06,0.0002756423808119024,0.009337827859761862,8.719502913867583e-05,0.0009075501683369902,0.0036966986793841097,1.3665581126143245e-05,0.0005942220719653557
1394,0.00021794182149748043,5.4296412817104546e-05,0.000221485947554112,0.00016718953473700746,0.011191472071400038,0.00012524904712496454,0.0003425352088359812,-0.00268681648179058,7.218982807088992e-06,0.00016428275781099622,0.005515542450185924,3.0421208519260112e-05,0.00015763987601535856
1395,2.0138133439484562e-05,6.5224985528929596e-06,0.0005273748881918042,0.0005208523896389112,-0.00182711044640963,3.338332582925041e-06,0.0007206408085732585,-0.002636711638111276,6.952248262526162e-06,0.00023749794607197394,-0.0030458028191388486,9.276914813227677e-06,0.0006239859099301803
1396,0.00018049787431062558,3.246690569961667e-05,0.000214685181154195,0.00018221827545457833,0.0069807300100100935,4.8730591472478935e-05,0.0004019695077135399,0.0018266273336049882,3.3365674158014613e-06,8.44325035308513e-05,0.006733019991861359,4.533355821056961e-05,0.00015765353221819378
1397,1.966061845903866e-05,6.064642248800507e-06,0.00020689631388848273,0.0002008316716396822,0.003626601754796332,1.3152240287750416e-05,0.00010351309549483378,0.00014884400868408798,2.2154538648067046e-08,0.00017140104598389883,0.002240431190718105,5.01953192000304e-06,0.0003457748001867156
1398,0.0001688827888113309,5.756773674588563e-05,0.0003619964901464175,0.0003044287534005319,-0.004498128152013221,2.0233156871940494e-05,0.0003532453752611575,-0.0003310163387752493,1.0957181617587963e-07,0.0002326037735419506,0.012343438805689737,0.00015236048154954052,0.0005001403216361444
1399,0.00016617600032686752,7.759455087019695e-05,0.0002170134608756961,0.00013941891000549914,-0.007648407789428852,5.8498141713547724e-05,0.0002236279344282055,-0.007478525355867394,5.592834149814596e-05,0.0001386998079416779,-0.010879208123704832,0.00011835716939889718,0.0002887126402572049
1400,9.499828115255848e-05,3.077899493442171e-05,0.00042526547380613194,0.00039448647887171023,0.006993667698065083,4.8911387870664846e-05,0.00040888834981467337,0.004918874430137841,2.4195325659448486e-05,0.0006680380588077739,-0.004385233320251576,1.92302712731518e-05,0.00019887001279594863
1401,4.358778651902817e-06,1.9135425423459176e-06,0.00029299626288932973,0.0002910827203469838,-0.00031057119761824473,9.645446863437712e-08,0.00010138443723883839,-0.0014848255410878023,2.2047068872765863e-06,0.0004041765629959615,0.0018545798098738055,3.43946627112679e-06,0.00037342778843318936
1402,0.0003391126607712458,0.00015521598237629627,0.0003543966511171022,0.00019918066874080595,-0.012052297712861352,0.00014525788015928853,0.0001985706400111642,-0.017876666023764358,0.00031957518812497643,0.000591955804129296,-0.000902706399968204,8.148788446238342e-07,0.0002726635092108465
1403,0.00230807000643507,0.0006181765934723341,0.0010248655090145942,0.00040668891554226005,-0.03435320238124727,0.0011801425138466826,0.0014125575623751274,0.022852317949579516,0.0005222284356687368,0.0009232298727905874,0.012335267767737213,0.0001521588309015831,0.0007388090918780676
1404,0.000306698874984801,1.533825414408903e-05,0.0004625125411490405,0.0004471742870049515,-0.00527931238220041,2.7871139228863306e-05,0.0005123292699699133,-0.004224117570851382,1.7843169252351743e-05,0.0005275212863335987,-0.0005481367998130288,3.0045395105204875e-07,0.0003476870671436094
1405,2.9855368060438536e-05,4.149809738840382e-06,0.00035565699946156953,0.00035150718972272915,0.00027407443495842146,7.511679611660327e-08,0.0003784975681505598,-4.9937434853262055e-05,2.4937478748654485e-09,0.00039344296638355036,-0.003517359616613429,1.2371818672529677e-05,0.0002950304638505985
1406,4.908861081731608e-05,2.017323130095357e-05,0.00014461328086146086,0.00012444004956050728,0.004174462484645841,1.7426137035814193e-05,6.255059466475643e-05,-0.006010757888678281,3.612921039630734e-05,0.0002656407835833763,0.0026390048258568017,6.96434647073918e-06,0.00010564846433624986
1407,0.0005414591066157382,7.510723854361097e-05,0.00040716536388851754,0.0003320581253449066,0.013078866753307184,0.00017105675555084687,0.0004416087365299859,-0.007247205398737902,5.252198609162484e-05,0.0005419108981289389,0.0013202174020521308,1.7429739883612072e-06,0.00023797645700662784
1408,1.4058085722301605e-05,5.625668647183761e-06,0.00024019620457760293,0.00023457053593041918,0.001388821792049716,1.928825970054504e-06,0.0002564884381131005,0.0029636628526357005,8.78329750420015e-06,0.000180361444024002,0.0024829181353428708,6.1648824672966285e-06,0.0002837387315957063
1409,3.205747101531209e-05,1.0252904199796001e-05,0.00020221975366097045,0.00019196684946117445,-0.001858491833562625,3.4539918951637105e-06,0.0002558056409150966,-0.004933845320973956,2.4342829651025077e-05,0.00028380975188502244,0.0017210145418000557,2.961891053199217e-06,6.704386818279229e-05
1410,9.81590987876313e-05,3.5845495099273705e-05,0.00030475225776242326,0.00026890676266314956,-0.008241167153596317,6.791683605356091e-05,0.0002141535942994377,0.001824674395558579,3.3294366502678585e-06,0.00048081767453689306,-0.006024135837879058,3.6290212593992344e-05,0.00021928550445093897
1411,-3.0915879871262195,4.0338213206703166e-05,0.0001705290057360346,0.00013019079252933144,0.0063512371398366805,4.0338213208035434e-05,0.000170529005737885,-0.006351237139836685,4.033821320603703e-05,0.00017052900573522045,-0.006351237139836688,4.033821320603703e-05,0.0001705290057349984
1412,0.00014298876188845178,5.6350153929204026e-05,0.0003101693780198274,0.0002538192240906234,-0.006932007560555794,4.805272881980294e-05,0.00020336417682387253,-0.01073467203570511,0.00011523318371420288,0.0004478876281434063,-0.0024009475741083946,5.764549253606255e-06,0.00027925632909220344
1413,0.00016424367756506797,0.00011237012760278997,0.0003368576310369316,0.00022448750343414164,-0.007633910981110354,5.82765968674126e-05,0.00030475026737275535,-0.011896460637158008,0.00014152577569159774,0.00039498174755947524,-0.011717850069437586,0.00013730801024935957,0.0003108408781785643
1414,0.00020172134390517016,9.229822285024743e-05,0.00029247224580886133,0.00020017402295861392,0.005461150784125957,2.9824167886660646e-05,0.0002578080453861098,0.013114747536531789,0.0001719966029468667,0.0003116513966683332,0.00866451947412178,7.507389771721495e-05,0.000307957295372141
1415,0.0001888146001625124,1.9011787132372504e-05,0.0003929136637705888,0.0003739018766382163,0.0016097865562027464,2.591412756713929e-06,0.0004932469641253379,0.0059351361429708805,3.52258410355466e-05,0.0004266010824652833,0.004383846211342462,1.9218107604856982e-05,0.0002588929447211452
1416,0.00012706812287865965,6.988052619157543e-05,0.0001447414910552188,7.486096486364337e-05,-0.00910753837979684,8.294725533941616e-05,0.0001915533077370135,0.0031808448774140892,1.0117774134621449e-05,9.172914226551754e-05,0.010797062058752542,0.00011657654910068871,0.00015094202316312533
1417,0.00010222196322984267,2.4510626221478187e-05,0.00015379149225066188,0.0001292808660291837,0.0017618031016378996,3.1039501686702664e-06,0.00013796916012731586,-0.008285350178796417,6.86470275854667e-05,0.000190233845283716,0.0013345039940807042,1.7809009102975892e-06,0.00013317147134095375
1418,5.556405518913898e-06,7.865524204916005e-07,0.00012140829823355699,0.0001206217458130654,0.0011298863394535105,1.2766431399802158e-06,0.00012425505299873407,-0.00039405697871285625,1.5528090235861214e-07,9.142498334324678e-05,-0.0009631890879904483,9.277332191359733e-07,0.00014854485835869013
1419,0.0002413499960014498,6.920643477847932e-06,0.00023288918857463278,0.00022596854509678485,-0.0005702308759009085,3.2516325165765636e-07,0.00024567256638152735,0.0033850491364654143,1.145855765594117e-05,0.00016686904130791547,0.00299636605334042,8.978209525944969e-06,0.0002861259580344555
1420,0.0006386352224790892,0.00015069104300990954,0.0006195853654613614,0.0004688943224514519,0.003040307320973703,9.243468606090488e-06,0.0006346967916887047,0.017283915013654262,0.00029873371819910677,0.000694674525325345,0.012003996927044715,0.00014409594222453137,0.0005293847793700346
1421,6.186161497334641e-05,3.394581190341306e-05,0.0003513237630775601,0.000317377951174147,0.006569934424023249,4.3164038335818944e-05,0.00034832537761564364,0.0034891534058033515,1.2174191488911745e-05,0.00046051345488340445,0.006819032620946019,4.649920588550849e-05,0.00024513245673363215
1422,0.00010674289495538059,2.379054771772804e-05,0.0005148024772433738,0.0004910119295256458,-0.00478775205620002,2.2922569751449018e-05,0.001238869508667917,0.0008603522792730883,7.402060443473246e-07,0.00017350308487773525,-0.006907160585757209,4.7708867357387774e-05,0.00013203483818446937
1423,0.0003477350883532848,0.00016094450718562303,0.0008397277011199152,0.0006787831939342922,0.010554763842726918,0.00011140303977552612,0.0005962863428001786,-0.016067084262236415,0.0002581511966900374,0.001434633670274743,0.01064327417157221,0.00011327928509130558,0.00048826309028482395
1424,0.00022136909101377888,7.279586099014541e-05,0.00028440223885839444,0.00021160637786824904,-0.001010967674749224,1.0220556391216107e-06,0.0001059452828302554,-0.014588479097742139,0.00021282372238529135,0.0006630953481895352,0.0021311510847038463,4.541804946023298e-06,8.416608555539273e-05
1425,0.00010798251902210954,2.5282760828397127e-05,0.00020996099399543203,0.0001846782331670349,0.007580009807338374,5.745654868005712e-05,0.00034380361561037187,-0.004288544253663622,1.8391611815382625e-05,0.00014547021900357393,-1.1044885134717384e-05,1.2198975163357773e-10,0.0001406091473723503
1426,8.667385031091435e-05,3.995024303371508e-05,0.0002420659815359031,0.00020211573850218803,-0.00873958650267563,7.63803722380052e-05,0.000287713314251814,-0.0008904425386971915,7.928879142138356e-07,0.00021666561038036214,0.006532799472577093,4.267746894892621e-05,0.00022181901997553322
1427,0.0002188513568137651,7.133587245122808e-05,0.00016883424976306868,9.74983773118406e-05,-0.008482359897687876,7.19504294336426e-05,0.00017003955986305552,0.010911851303666271,0.00011906849887277637,0.00027173979800043657,0.004794652129967983,2.2988689047265254e-05,6.472339142571393e-05
1428,7.119608720229653e-05,2.3507721181167025e-05,0.00011277112535927152,8.92634041781045e-05,0.00013392632916445568,1.7936261587081503e-08,2.9174158214684276e-05,-0.005916161578554168,3.500096782371731e-05,9.10585723666868e-05,-0.0059585450789726175,3.5504259458196685e-05,0.00021808064549644346
1429,0.00012003721498310416,2.3494726424970008e-05,0.00025530394367305015,0.00023180921724808015,-0.005492318074462123,3.0165557831085543e-05,0.00033376079657965185,0.0035541764980849297,1.263217057978494e-05,0.00020750374036881958,0.0052617916021103555,2.7686450864039536e-05,0.00022464729407067896
1430,0.0014199281640899786,0.0002985906011847191,0.0006669232657841029,0.0003683326645993838,0.02619666746743027,0.0006862653863992652,0.0010981847917383991,-0.005745455278030604,3.301025635205068e-05,0.00030020506145289616,0.013285185764712062,0.00017649616080284147,0.0006023799441610134
1431,3.4144309210559776e-05,1.938332591903495e-05,0.00017013540238297598,0.00015075207646394104,0.005466572800801216,2.9883418186660293e-05,8.420114600360407e-05,0.005063866325860935,2.5642742166209764e-05,0.0001682497486980017,0.0016198201765157767,2.623817404234785e-06,0.00025795531244732217
1432,0.00021192129206315524,8.018619181526798e-05,0.00054497688720756,0.000464790695392292,-0.01041177373657076,0.00010840503234144094,0.0007601842387041646,0.009017446050807147,8.131433327918103e-05,0.000486853964210332,0.007130161977479708,5.0839209825181975e-05,0.00038789245870818334
1433,7.011995563144247e-05,1.5230846581319272e-05,0.00017757949683009736,0.0001623486502487781,-0.005805481836586776,3.370361935473021e-05,0.0002610193416386908,-0.003460885665236614,1.1977729587608898e-05,0.0001453036065687252,-0.00010578658448001367,1.1190801618710111e-08,0.0001264155422828761
1434,0.00018843600876305988,3.818720149240118e-05,0.00040805918616963294,0.00036987198467723176,-0.0008374500896191591,7.013226527297078e-07,0.0003575298286742079,-0.009752354156404786,9.510841159199313e-05,0.00046279829642337234,0.004330342969359241,1.8751870232480705e-05,0.0004038494334113185
1435,0.0003838640732286569,9.751177917246186e-05,0.0003930416059510315,0.00029552982677856965,-0.0043032775087125845,1.851819731701898e-05,0.00020280243402048814,0.008119667306128661,6.592899716217904e-05,0.0003430122828477211,0.01442526058821975,0.00020808814303818757,0.0006333101009848852
1436,5.810744943524071e-05,2.1467915670333088e-05,0.00016646149342417851,0.00014499357775384542,0.0038502421694405604,1.4824364763188491e-05,0.00010775486819314395,0.00022621833087960297,5.117473311777587e-08,0.00024021665330020703,-0.007037627974999831,4.9528207514693e-05,0.0001514129587791846
1437,0.015187233414936996,0.006125620020852336,0.019162357648475403,0.013036737627623068,-0.00907196721210355,8.230058909719506e-05,0.0006418353528147014,0.09127446397586045,0.00833102777408068,0.022602970083743568,0.09981749195095473,0.009963531699379136,0.03424226750886794
1438,0.0004927340011371406,0.00015655277244497334,0.0004262567422906131,0.00026970396984563977,-0.008425682822999377,7.099213103378688e-05,0.0006043286083465826,0.009192330718264377,8.449894403383951e-05,0.00020939864012570197,0.017724763532049728,0.00031416724226729364,0.00046504297839955466
1439,0.00015557249033393283,5.2820321107242364e-05,0.00030342531481871343,0.00025060499371147105,0.011854592489005123,0.0001405313630805649,0.00024655368649073583,0.003923595429878427,1.5394601097118432e-05,0.00043920506340744403,-0.0015921680639650751,2.534999144043759e-06,0.0002245171945579605
1440,0.00021504365404390047,0.00012024737044535883,0.00035350485499356193,0.0002332574845482031,0.0076296590557375435,5.821169730713116e-05,0.00014627940906430936,0.012065677111521643,0.00014558056415958642,0.00022572815604582352,0.012527962718240646,0.0001569498498693589,0.0006885069998705529
1441,0.0008876120790454189,0.0003805877362894246,0.0009454433721635125,0.0005648556358740879,0.02107730439925416,0.00044425276073900566,0.0010760061894533601,0.02283842650283882,0.0005215937251258351,0.0013798891590974804,-0.013263360170171839,0.00017591672300343308,0.0003804347679396969
1442,0.0001309718296887974,5.794804376594668e-05,0.0004236206830003919,0.0003656726392344452,0.008589709193560845,7.378310402983423e-05,0.0006367072822944797,0.009036932774937766,8.166615397886545e-05,0.00048138495687977123,-0.004288924490979085,1.8394873289140357e-05,0.00015276980982692479
1443,0.0001503534670034279,6.12151949986132e-05,0.0002887914549062713,0.00022757625990765806,0.010423246151660437,0.00010864406033805896,0.00038412821080424653,-0.008658850977287379,7.49757002466156e-05,0.0003157393526556085,-0.0001606997547743314,2.5824411165054073e-08,0.00016650680125895878
1444,1.2902478843224152e-05,4.118418649112776e-06,0.00014048155897265305,0.00013636314032354027,0.0014477136900847482,2.0958749282762312e-06,0.00018874851801553572,0.0032029755923946163,1.0259052645400502e-05,0.00012432796773176324,-1.8121093372132317e-05,3.2837366159554904e-10,0.00010836819117066021
1445,0.00014007801587190283,5.63273376210649e-05,0.00017455655647088028,0.00011822921884981538,0.006889059250794218,4.745913736092788e-05,0.00013983863203559377,0.010479125604254284,0.00010981207342952715,0.0001493764690688737,0.0034221049184255713,1.1710802072739668e-05,0.00023445456830817335
1446,3.1742400466217013e-05,1.6474102884781832e-05,0.0001868535983164573,0.00017037949543167546,-0.004169711966899239,1.7386497886962005e-05,0.00021221242001345786,-0.005553509852527889,3.084147168208595e-05,0.00020935154026191505,-0.0010928582182159238,1.1943390852975355e-06,0.00013899683467399893
1447,0.0001208449934178013,4.014568654941986e-05,0.000245518298514269,0.00020537261196484913,-0.002579850583361016,6.6556290325703316e-06,0.00038901450453932007,-0.0017825969041476452,3.1776517228632173e-06,7.927033328591904e-05,-0.010516833120906607,0.00011060377889282602,0.00026827005771756784
1448,9.498679387831555e-05,2.136673822435616e-05,0.0005496927203703835,0.0005283259821460273,0.006275194465331169,3.9378065577522214e-05,0.00032445618321219616,0.0009479318605638982,8.985748120027282e-07,0.0005756378178152222,-0.004880939897544932,2.3823574283543536e-05,0.0007489841600837321
1449,0.0005258323085316485,0.0004024116015593308,0.0007865253176367881,0.0003841137160774573,0.022597965223570642,0.0005106680322458645,0.000910172742941695,-0.021269567236972042,0.00045239449044809366,0.0008489121091537211,0.015626012990642625,0.0002441722819840342,0.0006004911008149483
1450,0.000213054613801833,5.8218715724719004e-05,0.0001644392717255657,0.00010622055600084668,-0.006988889227012714,4.884457262754882e-05,0.00022990201578576563,0.011208435601276828,0.00012562902862789382,0.0002004200728491501,-0.0004272539279891579,1.8254591871436077e-07,6.299572654178132e-05
1451,0.00016411209225930534,4.754284648370947e-05,0.0003603360405265062,0.0003127931940427967,-0.004128189292979039,1.704194683915805e-05,0.00036324335677062614,0.011178963522214017,0.00012496922543092648,0.0004739518457914649,-0.0007857271671881247,6.173671810438819e-07,0.00024381291901742763
1452,3.5937762952742425e-05,9.527596794363843e-06,0.000284719406409691,0.0002751918096153272,-0.0012683372865525998,1.6086794725200804e-06,0.0002678803320254053,0.000548407030056825,3.007502701324327e-07,0.00012899633199314753,-0.005164625895471363,2.6673360640439014e-05,0.0004572815552105203
1453,4.4043478529154356e-05,1.4697446810707504e-05,0.00013207598222116554,0.00011737853541045803,0.0031475976932644188,9.907371238515594e-06,0.00012972173868908143,0.0017987758033437612,3.2355943907491636e-06,0.00018746652222123572,-0.00556321622829707,3.0949374802857754e-05,7.903968575317943e-05
1454,0.00017359551099593862,7.371604570175865e-05,0.000797577231641274,0.0007238611859395154,-0.0013125893107182336,1.7228906986632708e-06,0.0009316025570011988,0.011968134615929805,0.0001432362461847303,0.0007126009791083021,-0.008728631062289592,7.618900022188235e-05,0.0007485281588143211
1455,0.0005113356438983807,0.00019956100915459926,0.0006323528551966939,0.00043279184604209464,0.016022641926470984,0.0002567250543038524,0.0004887333041871944,-0.015604016420716228,0.00024348532845774873,0.0011246564543103688,0.009923338384950494,9.847264470219663e-05,0.0002836688070925186
1456,2.2508623096606506e-05,5.3204021438120934e-06,0.00018625398349014777,0.00018093358134633566,0.002109033614867949,4.448022788761108e-06,0.00020872204244182235,0.0032771057675718327,1.0739422212302507e-05,0.00013903616565769106,-0.0008796371016089672,7.737614303726659e-07,0.0002110037423709299
1457,0.0001274910340198776,6.79225440640326e-05,0.00018261187647579855,0.00011468933241176595,0.0066069960997207095,4.365239746184635e-05,0.0001898068337009562,0.009522260904168106,9.067345272728566e-05,0.0001939300097831831,-0.008333173585320814,6.94417820029658e-05,0.00016409878594325633
1458,0.0011482951289178978,0.0004150602062671001,0.0006452134565022952,0.00023015325023519512,0.019326991352370974,0.0003735325947343826,0.0007990226092090547,0.006847896251210018,4.689368306753927e-05,0.00025415540092943445,0.028718536540006407,0.0008247543409993785,0.0008824623593683967
1459,0.0002337357295113529,6.90054218602798e-05,0.0005963748339765281,0.0005273694121162483,-0.011554395625527446,0.00013350405827150524,0.000726373260528379,0.008367975077883972,7.002300690439611e-05,0.00027804103997819407,-0.001867940150159087,3.489200404938053e-06,0.0007847102014230112
1460,6.614224330991902e-05,2.4802080405561533e-05,0.00013412627691837079,0.00010932419651280925,0.0021339186586966227,4.553608841884049e-06,0.00011910665780845431,-0.007872801676235951,6.198100623322489e-05,0.00016649863707096646,0.0028056418413308845,7.87162614157566e-06,0.00011677353587569161
1461,2.991080730396778e-05,9.425028584438463e-06,0.00012878169507831347,0.00011935666649387501,0.002389178519273279,5.708173997032162e-06,6.370053804116704e-05,0.004260508705224102,1.8151934426891003e-05,0.00015514622277656986,0.002101184744233431,4.414977329392222e-06,0.00016749832441720347
1462,0.0006139436559684519,0.00023164715711043726,0.0006187152698564624,0.00038706811274602515,0.00030471460365706974,9.285098967470873e-08,0.0002625507388637205,0.022175595700854377,0.000491757044687513,0.0011041043063930722,-0.014251020161870106,0.00020309157565412406,0.0004894907643125945
1463,2.7979156095203628e-05,4.981936711612178e-06,0.00029449399640868457,0.0002895120596970724,0.0012912455999719986,1.6673151992385726e-06,0.00020966985056847243,-0.0024528354404516222,6.016401697728213e-06,0.00038648805469154723,0.0026948271257887253,7.262093237869749e-06,0.00028732408396603404
1464,0.00037818367340747283,8.176283271569644e-05,0.0006217104672778436,0.0005399476345621472,0.002154731915002788,4.642869625648416e-06,0.00019830994940328583,0.008953855620494503,8.017153047301662e-05,0.0006512573078856221,-0.012667837149576217,0.00016047409804842427,0.0010155641445446228
1465,0.0001384184593704596,8.865984485077287e-05,0.00040840864936190585,0.00031974880451113297,0.006591086702378147,4.3442423918405026e-05,0.0005045133786283351,0.010235391829755108,0.00010476324590824593,0.00033719634534268295,0.010852366779904178,0.00011777386472566764,0.00038351622411469943
1466,9.107333522284655e-05,1.3584159845536625e-05,0.0003487560099917353,0.00033517185014619866,0.0011607411523427503,1.3473200226599147e-06,0.0004879974133946696,0.006116141024288857,3.7407181029625036e-05,0.0003262916009840744,0.0014134986681037971,1.997978484324925e-06,0.00023197901559646184
1467,0.00016291533126178148,6.073158843096967e-05,0.00026028644756614927,0.0001995548591351796,0.0008357905812844877,6.985458956831891e-07,0.00017245138294952334,-0.00959880391990065,9.213703669253004e-05,0.0002905314348632393,0.009452998609158358,8.935918270469578e-05,0.0003178765248856852
1468,1.97699345267921e-05,7.187207247461025e-06,9.315782250955233e-05,8.597061526209131e-05,-0.00020737859236112847,4.3005880412394504e-08,0.00011793444230590033,0.004335777541236851,1.8798966887279e-05,9.765167094077931e-05,0.0016491358266083503,2.7196489746916797e-06,6.388735428197734e-05
1469,9.09375719528871e-05,2.0202418731685157e-05,0.00043700499901255796,0.0004168025802808728,0.007513263917729965,5.644913469760038e-05,0.0006530862309997998,-0.0013424029161020288,1.8020455891942788e-06,0.00035458003419575057,0.00153495143521613,2.356075908260813e-06,0.0003033487318421235
1470,0.007601788248431385,0.003933507895700757,0.014071159406784458,0.0101376515110837,0.0034478189893347,1.1887455783066159e-05,0.0040755659283086,-0.06520487151026698,0.0042516752686702075,0.01938937061136692,-0.0868156723331039,0.0075369609626489975,0.018748541680677855
1471,0.000110900922538959,4.2926303575533766e-05,0.00036608147287623777,0.000323155169300704,0.0052678768377752185,2.7750526377712248e-05,5.6876439771147425e-05,-0.007667684110919461,5.879337962444442e-05,0.00046849136201088104,0.006498846414890939,4.2235004724444636e-05,0.0005728766168466848
1472,3.467476070762032e-05,1.1007953903148978e-05,0.0001197431052899119,0.00010873515138676293,0.004972839283379753,2.4729130538525546e-05,9.773520475886421e-05,-0.0013547124985900602,1.8352459535408983e-06,0.00013252534888064105,-0.0025415517341795283,6.4594852173804895e-06,0.00012896876223023046
1473,0.00035042841209420583,9.477357501460244e-05,0.0004160284943925581,0.0003212549193779557,0.009442522791964888,8.916123667690457e-05,0.000633695824074687,-0.01224620165431066,0.00014996945495848735,0.0002953050856949746,0.006722353264174584,4.519003340841543e-05,0.00031908457340801277
1474,2.9614021627266673e-05,1.1994408126196158e-05,0.0003087922438634501,0.00029679783573725394,0.003034783791213142,9.209912659069452e-06,0.0002695142615943835,-0.004483432040890476,2.0101162865326927e-05,0.0005112688776367502,-0.0025830503004409576,6.672148854192095e-06,0.00014559359235921665
1475,0.0033670079941952036,0.0007228089329932574,0.00820987402877571,0.0074870650957824525,-0.01340080989661603,0.00017958170588550093,0.0009655258709840853,0.04243850603402348,0.0018010267944001956,0.02155977193127434,-0.013704681634179067,0.00018781829869407574,0.0021043242840687038
1476,0.0003651880217909742,0.00010433726488360644,0.00021759296824896968,0.00011325570336536324,0.0012414461412780184,1.541188521470005e-06,0.00011205692945959189,-0.017639875181934293,0.0003111651964338158,0.0003548579520027406,0.0005526388473156288,3.054096955334984e-07,0.00018586402328457652
1477,0.00017685099794650938,2.5524156948453225e-05,7.906053725799851e-05,5.353638030954529e-05,0.00016246306532086098,2.6394247232275347e-08,4.551720375567392e-05,-0.002011383728620903,4.045664503737889e-06,3.775292214824866e-05,0.008514717381952306,7.250041209438951e-05,0.00015391148587007297
1478,0.00018167000757662866,6.0883336936730835e-05,0.00032646011787059354,0.0002655767809338627,-0.006424038346283274,4.126826867467681e-05,0.00023656901845137135,-0.009163606691549335,8.397168759755047e-05,0.0005221468372226257,-0.0075769422947527375,5.7410054537965216e-05,0.00022066449793778364
1479,1.5104886521455363e-05,4.7345691623531154e-06,0.00020782400268988996,0.00020308943352753683,-0.0012985972954908686,1.6863549359147356e-06,0.0002224268938941787,-0.0001580241328433943,2.49716267664013e-08,0.0002955603659033912,-0.0035344562417263677,1.249238092437821e-05,0.00010548474827209997
1480,1.975858291980437e-05,2.7384362761099603e-06,0.00014366886059402617,0.00014093042431791622,-0.0018318825552531078,3.3557936960360024e-06,0.00016307717582997316,0.00106009664843755,1.1238049040240838e-06,0.00018684753481834626,-0.0019327985482077165,3.735710228269795e-06,8.108187113375909e-05
1481,5.626359600097164e-05,1.3257267321153954e-05,0.00011770698665832431,0.00010444971933717036,0.004229077722752837,1.7885098384962106e-05,0.00012636824249301348,0.0012558434102826908,1.5771426709054737e-06,0.00014317239085848144,-0.004506613019548768,2.0309560907594282e-05,8.358032662347803e-05
1482,0.00011475559917029088,2.7100358288086508e-05,9.932990860705981e-05,7.222955031897331e-05,0.005851024975852705,3.423449326844796e-05,8.410263874636392e-05,0.0066501066222859374,4.4223918086783165e-05,0.00010841455003340883,-0.0016860200200760943,2.842663509028398e-06,0.00010547253704140669
1483,1.9609356134320244e-05,7.1010091790002505e-06,0.00019683500989116828,0.00018973400071216803,-0.004297666581264542,1.8469938043885747e-05,0.00040766573308825826,-0.0016827936596112572,2.8317945006683942e-06,0.00014135331928555317,-3.598600166903643e-05,1.2949924466099105e-09,4.148597729969339e-05
1484,0.00022045031894568634,0.00017197125611689845,0.0002847324532995558,0.00011276119718265737,-0.014365599762985307,0.00020637045655047537,0.00033642511076603654,0.011837341785369788,0.0001401226605446393,0.00024590864501838894,0.013016168839411674,0.0001694206512555807,0.00027186360411424193
1485,8.503614086097233e-05,4.167391543008492e-05,0.00020255017213322013,0.0001608762567031352,-0.006836423550447924,4.673668696142386e-05,0.00031305487815991295,-0.004470990834353427,1.9989759040828226e-05,0.00010765516679667186,0.007635135905008795,5.829530028800267e-05,0.00018694047144307557
1486,0.00011236080046272967,6.512140003356315e-06,0.00011455483086046196,0.00010804269085710565,0.004038600771111286,1.6310296188648543e-05,9.210894548639104e-05,0.00024390840116722122,5.9491307657921766e-08,0.0001295232478373265,0.0017795034458762148,3.1666325137624796e-06,0.00012203229925766834
1487,0.0009348479304480684,0.0003551662247576193,0.0008072483428230118,0.00045208211806539256,-0.011528733059782222,0.0001329116859637436,0.0006882470883079472,-0.03053300830321869,0.000932264596044674,0.0013482018125049455,-0.0005677959709267739,3.2239226444019664e-07,0.00038529612765614285
1488,7.612028357339984e-05,1.9242977427650725e-05,0.00024809293691148887,0.00022884995948383816,5.770219524629069e-05,3.329543862840012e-09,0.00020315158431127855,0.006013361178823566,3.616051266663867e-05,0.00022746583323418612,0.004643822786475965,2.1565090072450666e-05,0.000313661393189002
1489,2.2732530982505494e-05,1.2884322461899819e-05,0.0002049845738190855,0.00019210025135718567,0.004304701920864296,1.853045862776348e-05,0.00022283044296955712,0.002738007163661645,7.496683228414014e-06,0.0001909796305786804,0.003553283767095011,1.2625825529521961e-05,0.00020114364790901895
1490,0.0006319874973058637,0.00020441137595702172,0.0003867181723279008,0.00018230679637087907,-0.022481578442700392,0.0005054213692753384,0.0007239141080830347,0.00802966314959327,6.44754902956457e-05,0.00020190962317667704,-0.006583104761385944,4.3337268300081e-05,0.0002343307857239907
1491,8.980350292842054e-06,4.924008085567995e-06,0.00023769258280622227,0.00023276857472065426,0.002697702321051631,7.2775978133821084e-06,0.00032642464843224417,-0.0012250403681441386,1.5007239033693054e-06,0.00012052515439553435,-0.002448203941590274,5.993702539952572e-06,0.00026612794559088826
1492,0.0025599525043605853,0.0008790713265615832,0.0016538668331336586,0.0007747955065720754,-0.04796041269143317,0.0023002011855325355,0.0037064668292355885,0.010479403059014143,0.00010981788847297391,0.0004171039057894177,-0.015072985957647287,0.00022719490567923994,0.0008380297643759693
1493,0.00011528679993666469,2.6230370145744846e-05,0.0003071467106365855,0.00028091634049084063,0.0034414130031036046,1.1843323457938482e-05,0.0002313947865311139,-0.0029689117909599684,8.81443722255959e-06,8.638495995982876e-05,0.00761796230999435,5.803334975673646e-05,0.0006036603854188138
1494,0.00015845715113538272,5.713950328996761e-05,0.0005737188489722822,0.0005165793456823146,0.004999666353408583,2.499666364541575e-05,0.00029585579205582135,-0.01011739717812904,0.00010236172565980528,0.0006915793822630523,-0.006637779791837787,4.406012056468178e-05,0.000733721372597973
1495,2.3034006902844517e-05,1.0057083439744355e-05,0.00016838607710519446,0.0001583289936654501,-0.003538444019520096,1.2520586078923479e-05,0.00020875988334490003,0.0018422988533151523,3.3940650654429305e-06,0.0001761301882970967,0.0037757911985758868,1.4256599174866658e-05,0.00012026815967358662
1496,9.30682926555404e-05,2.4757537352833776e-05,0.00018681483687858305,0.00016205729952574927,-0.0029774693621523666,8.86532380284244e-06,0.0001402719371710326,-0.002767896090720646,7.66124876894203e-06,0.00016018339766343814,-0.007599081489637106,5.774603948671686e-05,0.00025998917580127845
1497,0.00020497438614230923,6.88917988807732e-05,0.0005009858748057002,0.00043209407592492704,-0.010523980485548317,0.00011075416526029613,0.0005115844960864591,-0.008220161309412525,6.757105195276392e-05,0.0006356881838452955,0.005324488654261357,2.8350179429259548e-05,0.00035568494448534604
1498,5.296323828285487e-06,7.533714466341953e-07,0.0001281921625557736,0.0001274387911091394,-0.0014677254165405525,2.1542178979538917e-06,0.00016922107324557345,0.00020790015387497546,4.322247348920172e-08,0.00015136120119274565,0.00025034769454604843,6.267396845949236e-08,6.399421322900167e-05
1499,0.0002746142129981255,9.494829662115567e-05,0.00038557834078944975,0.0002906300441682941,-0.004629180437438081,2.1429311522047634e-05,0.00026239953799944704,-0.009892407337232251,9.785972292586376e-05,0.00047729656528128217,-0.012866851029508047,0.00016555585541555562,0.00041703891908762003
1500,7.56408095328176e-05,2.5521046162083987e-05,0.00024184097407616476,0.00021631992791408078,0.00045452982752477826,2.065973639941987e-07,0.00038417599225926136,-0.008355415546843612,6.981296896046985e-05,9.041345705429471e-05,0.0025580406880080044,6.543572161787914e-06,0.00025093347291493817
1501,9.997491598023878e-05,3.0281944851625237e-05,0.0002316067752034708,0.00020132483035184556,0.0021270447020043984,4.524319164644908e-06,8.168024646582062e-05,0.0014296718504947712,2.043961600417532e-06,0.0001518979883515792,-0.009180280703211608,8.427755378981328e-05,0.0004612420907930126
1502,0.0009513968111058979,0.00023184843538170963,0.00040256833180344714,0.00017071989642173752,0.01808399945752912,0.0003270310363796547,0.0004428792770058143,-0.018921596329576143,0.0003580268076592841,0.00042327599549440986,0.003238435132321186,1.0487462106190115e-05,0.0003415497229101172
1503,8.52052608526499e-05,1.3298115076850378e-05,9.665578721821759e-05,8.335767214136722e-05,-0.003926514377432,1.5417515156213035e-05,0.00010057453486256307,-0.004263541699869532,1.817778782642332e-05,8.531786296395172e-05,0.0025097892835390253,6.299042247914777e-06,0.00010407496382813797
1504,0.0007079039617040594,0.0002504889793876197,0.000572747818225953,0.0003222588388383333,0.009334811790565055,8.713871116550198e-05,0.0006489080817403403,0.022621324214134056,0.0005117243092008783,0.0007693473226028091,0.01235329582729686,0.00015260391779647886,0.00029998805033470965
1505,0.000262048101729917,9.048773037752718e-05,0.0009523284265238555,0.0008618406961463283,-0.003182830434644958,1.013040957575928e-05,0.0017720114336952086,-0.015963907122701695,0.0002548463306224491,0.0007965815748134375,0.0025468511802580786,6.486450934373167e-06,0.00028839227106292054
1506,0.00027891131534096836,0.0001150925618635575,0.0002870283382874576,0.00017193577642390012,-0.012046957650092279,0.00014512918862330526,0.00035526112151385014,0.011520370762496474,0.0001327189425054387,0.0002785228584770705,0.008211550064499433,6.742955446192855e-05,0.00022730103487145215
1507,8.098923673849345e-05,1.6832014379482747e-05,0.0002497622244712246,0.00023293021009174184,-0.005518474112020644,3.0453556524645542e-05,0.00046139494575880846,0.004049680854000067,1.6399915019560396e-05,0.0001740719979804739,0.0019085522246896614,3.6425715942423054e-06,0.00011381972967439147
1508,0.00012834153730745257,7.239907972415398e-05,0.00021533524887947428,0.0001429361691553203,-0.00843774408495664,7.119552524303963e-05,0.0002143322582991436,-0.010874932098795564,0.00011826414815319097,0.00015970694544353847,0.005266646539894511,2.773756577623132e-05,0.00027196654289574074
1509,0.00016507994616288268,6.895045402736481e-05,0.0002236827946292171,0.0001547323406018523,0.011069572168519377,0.00012253542799389727,0.0002603440406295787,-0.008949045007514075,8.008540654691476e-05,0.00026720338842955993,0.0020568246259321707,4.230527541282392e-06,0.00014350095482851266
1510,0.00017747908861798223,7.145261431255416e-05,0.000223829266243906,0.00015237665193135186,-0.009756143877306101,9.518234335481601e-05,0.00028768660912770194,-0.006604374384422934,4.361776100914039e-05,0.00012473010783820015,-0.008692395445105892,7.555773857370607e-05,0.00025907108176581595
1511,7.29484898265298e-05,2.888333015741799e-05,0.0002548886119801974,0.00022600528182277943,-0.0017631724162551837,3.108776969185101e-06,0.00023259949147258485,-0.008522786160832692,7.263788394318293e-05,0.00015172454681755543,-0.0033020190126463065,1.0903329559885933e-05,0.00038034179765045195
1512,0.00012405477466626014,2.658747396163304e-05,0.0002826801990106764,0.0002560927250490434,-0.007372285507969485,5.435059361058592e-05,0.0002319069069732782,0.004600438853421411,2.1164037643961464e-05,0.0002633549851009942,0.0020610168923122086,4.247790630351744e-06,0.00035277870495775687
1513,0.00023604437548574442,8.906671461358003e-05,0.00031968484098865435,0.00023061812637507434,-0.014201591551315706,0.00020168520259022937,0.0003513399785566307,0.0009311199094205945,8.669842859188037e-07,0.00028406916790368886,-0.008040395323904916,6.464795696459191e-05,0.0003236453765056435
1514,6.465264980448637e-05,2.460938660457194e-05,0.00032230935002848976,0.0002976999634239178,0.0032693759940248925,1.0688819390036741e-05,0.00024117377554666586,0.006377749810552745,4.0675692646208184e-05,0.00027799325239974415,-0.004739583080540073,2.2463647777470896e-05,0.00044776102213905933
1515,0.00011742798885472361,3.3325441441004834e-05,0.00022432409838768486,0.00019099865694668003,0.0026674553236191727,7.115317903427787e-06,0.0002113009727937598,-1.0230388490195417e-05,1.0466072453141351e-10,6.690415800236771e-05,-0.009636436154470015,9.286090175886219e-05,0.00039476716436692705
1516,5.747872229711071e-05,1.884968318518106e-05,0.00017535454762048394,0.00015650486443530287,-0.0007409670555005916,5.490321776102647e-07,0.00011323390597273164,-0.0005942542609848896,3.531381269628042e-07,4.921638215626967e-05,0.007459683589176263,5.5646879250970116e-05,0.0003636133547324505
1517,0.0022484061118771548,0.0007600104726656435,0.0017428582891313809,0.0009828478164657373,0.04269107416535894,0.0018225278133920941,0.002531135082760372,0.021270676834843953,0.00045244169301239534,0.001443841640036414,-0.0022498692389638537,5.061911592441071e-06,0.0012535981445973565
1518,0.00015503767940650004,3.86430358096194e-05,0.00042741798896976196,0.00038877495316014254,-0.003450036786702929,1.190275382967343e-05,0.000383325969314785,-0.002510579535151987,6.303009602248721e-06,0.0003826242528709445,0.009885511822711355,9.772334399693605e-05,0.0005163037447235563
1519,0.00016310234688987624,5.3997199194448044e-05,0.0002016121984841357,0.00014761499928968766,0.0048738438281385075,2.375435366119838e-05,0.00016250026454345257,-0.011597276450869793,0.00013449682107791183,0.0002391643492281048,0.0019340172813234859,3.740422844233926e-06,0.0002031719816808497
1520,0.0001348896017610013,5.183934592586e-05,0.00021456344851407869,0.00016272410258821868,0.01115250460577558,0.0001243783589817138,0.00034532410352983156,0.0014160420030744708,2.0051749545224595e-06,0.00016624789451158417,0.005397638728269656,2.913450384134375e-05,0.0001321183475008203
1521,0.2064270530953849,0.13857761589403786,0.5932620664820204,0.45468445058798257,0.35670548654789686,0.12723880413337185,0.7413976676640279,-0.41489199122961873,0.17213536438647803,0.4275927448861535,0.34111388004926446,0.11635867916226372,0.6107957868958795
1522,5.104127736155206e-05,1.2327191126093595e-05,0.00021400955366453664,0.00020168236253844304,0.004046164231815826,1.6371444991114537e-05,0.0004612825993463021,-0.003961012340365555,1.568961876041719e-05,7.336615148179071e-05,-0.0022182221770067883,4.920509626749059e-06,0.00010737991016551707
1523,4.844345087617885e-05,4.330959949968201e-06,0.00014872955336272162,0.0001443985934127534,-0.0004445478122961667,1.976227572697553e-07,0.00012188909075583343,-0.003573847597734225,1.277238665164937e-05,0.0003068473740711619,-0.0001512297623489128,2.2870440985478524e-08,1.745219526116948e-05
1524,0.00018124658403029237,7.271817100755011e-05,0.00032854831252197386,0.00025583014151442374,-0.002841922395753329,8.076522903355254e-06,0.00032906608185945263,0.011584528415747638,0.0001342012986151886,0.00032468416408937273,-0.00871072278884649,7.587669150410647e-05,0.00033189469161709617
1525,0.00022297329567189106,3.901176094833758e-05,0.00015001387347561104,0.00011100211252727346,0.01005828040899191,0.00010116900478585045,0.00019624491593028814,0.0026481715414864455,7.012812513029765e-06,0.00017656528542198124,-0.002975477364399366,8.853465546132533e-06,7.723141907456377e-05
1526,0.00014694773023604668,3.825416165781359e-05,0.00025400215651875485,0.00021574799486094126,0.0015246893921392155,2.324677742304715e-06,0.0002573630135170868,-0.00893937080135281,7.991235032389632e-05,0.0002639798381151026,0.005703109406934943,3.2525456907239736e-05,0.0002406636179240751
1527,0.00011317939351385142,4.021416317527097e-05,0.00023254056359149158,0.00019232640041622062,0.009343457678248738,8.730020138525418e-05,0.00014053290096316395,-0.005121832412971124,2.6233167266020985e-05,0.0003144421716042567,-0.0026662934711669467,7.109120874537744e-06,0.00024264661820705413
1528,0.00029773669952926074,0.0001327176411620723,0.0009554217723206637,0.0008227041311585914,-0.016753296379884684,0.0002806729395924412,0.001982837242648694,0.0012897233083533567,1.663386211991913e-06,0.00031700050035188276,-0.010761812007353508,0.00011581659768178376,0.0005664275739614144
1529,0.01963397863372207,0.005463565883710812,0.00609956929219968,0.0006360034084888682,0.1018606649573475,0.010375595065553078,0.011002886804254985,0.054644114444628744,0.0029859792434375754,0.0038772996557795425,-0.055037472163440904,0.003029123342141782,0.003418521416564513
1530,0.0002584249269924621,4.368090617538437e-05,0.0001874380793754534,0.00014375717320006903,-0.010380828660894497,0.00010776160368686227,0.00017210613553853005,0.004640816993689796,2.1537182368858154e-05,0.00026911712172150715,-0.0013205803538342603,1.7439324704326964e-06,0.00012109098086632297
1531,0.000343493769344283,0.00011735982651017718,0.00026491270946175466,0.00014755288295157748,0.003190427687189414,1.017882882714538e-05,0.00020632398614794933,0.009696139804888882,9.401512711593174e-05,0.00021610793317283772,-0.015744380698743968,0.0002478855235874544,0.00037230620906447687
1532,0.0001992366551223368,5.0559500381871146e-05,0.0005919869415517512,0.0005414274411698801,0.00660554963340954,4.363328595935467e-05,0.00044192460136338596,0.0020162490936394394,4.065260407304372e-06,0.0001250153463723258,0.010197056182013265,0.00010397995477895439,0.001209020876919542
1533,0.00010454008850158125,4.761962529871896e-05,0.00036474241142096336,0.0003171227861222444,0.0071401227053376395,5.098135224723688e-05,0.00041804769710973577,0.009501767815949738,9.028359162810418e-05,0.0004618752834555373,-0.0012625102062120883,1.5939320208158136e-06,0.00021430425369761696
1534,8.054416720071345e-05,4.231797185453671e-05,0.0004304517389647951,0.0003881337671102584,-0.008487290780385837,7.203410479073025e-05,0.0004297638543974136,0.0013795704569080297,1.9032146456599008e-06,0.00039729171823266185,-0.007281249626793111,5.3016596127219984e-05,0.0004642996442643099
1535,2.8321165324585174e-05,1.300511650888699e-05,0.00022136991920825486,0.00020836480269936786,-0.0022241497513912885,4.9468421163822995e-06,0.00025023373573651586,-0.004641985152234278,2.1548026153395128e-05,0.0002711103099791723,-0.0035384292075467732,1.2520481256883542e-05,0.0001427657119090764
1536,0.00022954777056316544,6.760077613380637e-05,0.0004258550729340597,0.00035825429680025334,0.006184534850567394,3.8248471318280686e-05,0.00023391466814681738,-0.00018565413687300598,3.446745877599966e-08,0.0004211179421502731,-0.012826511202355142,0.0001645193896243624,0.0006225326085050886
1537,0.0006695177069372393,0.00033436354933262063,0.0010743649030261853,0.0007400013536935646,-0.016607630384516705,0.00027581338698867697,0.0007086110855063499,-0.011669224791656411,0.00013617080723815622,0.001266237373571455,-0.024312680925205846,0.0005911064537710287,0.0012482462500007507
1538,0.00010628754804176133,3.088812654698329e-05,0.0004015536589463409,0.00037066553239935757,-0.000524370416292964,2.749643335242524e-07,0.0003028906038707868,0.008423759545918851,7.0959724887798e-05,0.0001663923088489616,-0.004629221362136297,2.142969041962761e-05,0.0007353780641192742
1539,0.00042617509860809477,0.0001774692389435728,0.0005648612539101613,0.0003873920149665885,0.014395497889938425,0.00020723035949909985,0.0005255851262008226,0.014963707215310018,0.0002239125336254144,0.000644405822330052,0.010063042467683109,0.00010126482370620415,0.0005245928131996092
1540,1.9827901930447034e-05,6.1081283265762565e-06,0.00027165271902625704,0.0002655445906996808,-0.00017397555951145015,3.026749539891682e-08,0.0002719190540362293,0.0004931959085374482,2.432422039344573e-07,0.00018145267022795508,-0.004248632165838991,1.8050875280395395e-05,0.0003615864328145868
1541,5.982490518674499e-05,1.3934994870049936e-05,0.00021018973807570193,0.000196254743205652,-0.0021663809097679115,4.693206246186854e-06,0.00034352084178967957,0.001967242928648313,3.870044740228451e-06,0.00016371448937158029,0.005765564467054622,3.3241733623734504e-05,0.00012333388306584592
1542,0.00010182587848472924,1.6406875697372314e-05,0.00017306339677628882,0.0001566565210789165,0.006070393004948193,3.684967123418481e-05,0.00019566705644480376,0.003109139311583446,9.666747258774144e-06,0.00015497493359428738,0.0016444478098584588,2.7042085991579867e-06,0.00016854820028977535
1543,0.0002014632093234603,7.81532307414512e-05,0.00025366264213189105,0.00017550941139043985,0.0014395130252416381,2.072197750391247e-06,0.00017882585372797077,-0.013929866004159318,0.00019404116689392126,0.00038472798674704656,-0.006192441164819854,3.8346327580041084e-05,0.0001974340859206558
1544,0.0010960950623308818,0.0007134135359883794,0.0015921998945097604,0.000878786358521381,-0.029458216944751585,0.0008677865455640754,0.0018768532349345834,0.02817350484290535,0.0007937463751330753,0.001896535896995677,-0.02187938955428098,0.0004787076872679874,0.0010032105515990208
1545,0.00016641087542423882,4.8341615289918906e-05,0.00025602468460450556,0.00020768306931458666,0.005255789059017544,2.7623318632818972e-05,0.0002382272101730809,0.0012464348407520865,1.5535998126869899e-06,0.00024318094633890563,0.010763267506845217,0.00011584792742425076,0.00028666589730153014
1546,0.00023412723025617588,7.85333724260262e-05,0.00019051568153904963,0.00011198230911302343,0.005775250369181004,3.335351682631771e-05,0.00017200744278955682,-0.010948922081208741,0.00011987889474029956,0.0002883039174971236,0.00907566557952965,8.236770571146135e-05,0.00011123568433046849
1547,6.562747129235103e-05,2.181874105059804e-05,0.00023721639158539679,0.00021539765053479876,0.0005913536851129757,3.4969918127902844e-07,0.0001774243215044713,-0.006744605087202161,4.548969778206402e-05,0.00019806168459046702,0.004429088640880683,1.9616826188451064e-05,0.00033616316866125207
1548,0.0002553439685161196,8.970124527999761e-05,0.00023839493162288358,0.000148693686342886,-0.005809565628747094,3.375105279423973e-05,0.00011187957753522326,-0.006379805971202331,4.070192423011321e-05,0.0002430372259258906,0.013951729599421491,0.00019465075881563987,0.00036026799140753685
1549,0.0002517922609988066,7.746006526132554e-05,0.00033774083656264625,0.0002602807713013207,-0.014955624441823348,0.0002236707024454443,0.0004701503755752956,0.002326792016661538,5.413961088995833e-06,0.00031789020230565956,-0.0018153600882563482,3.2955322495364925e-06,0.00022518193180698365
1550,7.284910711602421e-05,3.853011131982331e-05,0.00012038379891136468,8.185368759154137e-05,-0.0044210571477911005,1.9545746304250322e-05,0.00011318123581094408,-0.008339793414100561,6.955215419035543e-05,0.0001244244208636891,0.005147080091126633,2.6492433464864185e-05,0.00012354574005946084
1551,4.193195737389743e-05,1.0532482327481793e-05,0.00020098835954825608,0.00019045587722077428,-0.005214712002964592,2.7193221273869028e-05,0.0002564546639173271,0.0010303438513242838,1.0616084518133562e-06,0.00016222465353943338,-0.0018282825976611889,3.342617256762992e-06,0.00018428576118800777
1552,8.785622579288166e-05,2.3896432856792178e-05,0.00023247060652139181,0.00020857417366459963,-0.0038783104400333395,1.5041291869355433e-05,0.0003531458626999662,0.007430262045767185,5.5208794068839495e-05,0.00020072226748490962,-0.0011996718851972731,1.4392126321816079e-06,0.00014354368937929962
1553,1.6800905489056106e-05,4.767130868573351e-06,0.00043301440189062274,0.0004282472710220494,-0.0017085281611674168,2.9190684772695263e-06,0.000582305151754503,-0.0008620578724357812,7.431437756277859e-07,0.00015633714579443847,0.0032617756441505547,1.0639180352822741e-05,0.0005604009081229266
1554,0.0029854772309395594,0.0012471681233766259,0.0068527535446277765,0.005605585421251151,-0.04676929093356623,0.0021873665744284176,0.005119702039209084,-0.0013690975960651633,1.8744282276328406e-06,0.011709691175846748,0.03939877367982183,0.0015522633674738273,0.0037288674188274973
1555,0.00017343379687162486,8.239352711714165e-05,0.00033092439255962464,0.000248530865442483,0.004815014428258978,2.3184363943773434e-05,0.00012077159776324731,-0.008923142440808232,7.962247101889197e-05,0.000430764874274292,-0.012015562674662326,0.00014437374638875955,0.00044123670564133466
1556,0.00018562273382327632,4.207816270052067e-05,0.0006134007000601812,0.0005713225373596605,-0.008170676370866539,6.675995235738696e-05,0.0006073137908613191,0.003990808306716139,1.5926550940625894e-05,0.00032173032936322343,0.006599089695068725,4.3547984803549156e-05,0.000911157979956001
1557,0.00018273456090744933,3.710593257222339e-05,0.0006124413377218696,0.0005753354051496462,0.0085352255245773,7.285007475521521e-05,0.0004915417445958692,-0.0047028706775252005,2.2116992609899633e-05,0.0005328499376734408,-0.0040436036343222785,1.635073035155532e-05,0.0008129323308962988
1558,3.349085951676045e-05,1.1433832183382897e-05,0.00010583188615324406,9.439805396986116e-05,-0.0025850913304944633,6.682697186510822e-06,3.7996742591750454e-05,0.005234932484907359,2.7404518121332266e-05,0.00016403945167231537,-0.0004629052198902996,2.1428124230560286e-07,0.00011545946419566633
1559,2.7508271232545844e-05,8.730133463770903e-06,0.00024531657374626814,0.00023658644028249723,-0.0028050183422908075,7.868127900878541e-06,0.00023571920519105394,-0.0016658073872573217,2.7749142512689673e-06,0.00023893897309945622,-0.00394301385225767,1.55473582391652e-05,0.00026129154294829426
1560,0.00010208167180492111,4.584934750528902e-05,0.0003475722367137409,0.00030172288920845186,-0.010017632669657004,0.00010035296430455087,0.0004887261290991152,0.006035140715089837,3.642292345096276e-05,0.00030419863142361336,-0.0008787233694114706,7.721547603534162e-07,0.00024979194961849416
1561,0.000283244216599865,2.4508134312613745e-05,0.0002734051167919693,0.0002488969824793556,0.008149849617632947,6.642004878998353e-05,0.0004383545236220643,0.0021164601922954536,4.479403745705213e-06,0.00010570260164610712,-0.001620169868341433,2.6249504021524928e-06,0.0002761582251077366
1562,8.400028828625672e-06,2.8866878000188834e-06,0.00015329867124706334,0.00015041198344704446,0.0028731854294037147,8.255194511419539e-06,0.00011247350150778157,-0.0004920046268934124,2.4206855309127917e-07,0.00013424720070520646,0.0004034852359792759,1.6280033554583184e-07,0.00021317531152820202
1563,0.001110811626204966,0.0001378993285763297,0.0006837898466216149,0.0005458905180452852,-0.015443747129268845,0.0002385093253930437,0.00047341473369677534,0.012796200267188635,0.0001637427412780612,0.0013480709550679482,-0.003383181794959748,1.1445919057884169e-05,0.0002298838511001211
1564,0.00019917171835626135,5.984851996646926e-05,0.0003085354146485919,0.00024868689468212263,-0.010571836937046131,0.00011176373622323599,0.00026784950406899544,-0.005209779120533477,2.7141798484842106e-05,0.00015544350088325665,0.006374952956051493,4.06400251913297e-05,0.0005023132389935236
1565,0.00016748408735411946,6.302576657113423e-05,0.0002784170206281041,0.00021539125405696985,0.008019948100532427,6.431956753494283e-05,0.00029667737078842293,-0.008199725304092397,6.723549506215676e-05,0.000200293510586258,-0.0075843415743615545,5.752223711630311e-05,0.0003382801805096314
1566,0.00013511675102373388,3.545291430702887e-05,0.0010509770231057851,0.0010155241087987563,0.004916805838263538,2.417497965123694e-05,0.0007381798612228208,-0.008496909805261398,7.219747623865569e-05,0.0021821441598733893,0.003160108705556595,9.986287031193974e-06,0.00023260704822114509
1567,0.0002807017553774216,8.033640625841147e-05,0.0002903230299500237,0.0002099866236916122,0.0012075266510345563,1.4581206129182789e-06,0.0004985436390756437,0.007166469935588315,5.1358291337844086e-05,0.00013833213321878812,-0.013718338340500838,0.00018819280682447204,0.00023409331755563922
1568,0.000906137675177221,0.00029112062188400384,0.0010080427953217026,0.0007169221734376987,-0.005559829741053105,3.091170674962562e-05,0.001171323097678978,-0.015224883395854722,0.00023179707441767228,0.0008329859071404266,0.024711395842498127,0.0006106530844847136,0.0010198193811457035
1569,0.00023391428790553448,3.973217028463427e-05,0.0002441415500540704,0.00020440937976943613,0.007060025376853781,4.984395832186017e-05,0.00014837509861664877,0.005855836411515137,3.429082007833095e-05,0.00033463478219331044,0.005921294829128744,3.506173245371169e-05,0.00024941476935225193
1570,0.00022445629285883228,8.297173913477766e-05,0.00025647562343581826,0.00017350388430104058,-0.007725861479986354,5.9688935608037674e-05,0.00027207599375256297,-0.005786433864890877,3.34828168726542e-05,0.0002011756773963036,0.012479722149300671,0.0001557434649236411,0.00029617519915858814
1571,0.0005292215788411658,0.00013194201008874065,0.0004909720509051659,0.0003590300408164253,0.018463385838456327,0.00034089661661951265,0.0004504583997619882,-0.0036482168029150033,1.3309485840884427e-05,0.00036561109302069017,-0.006451350851277191,4.161992780582491e-05,0.0006568466599328193
1572,7.579613253450024e-05,2.8854687732541667e-05,0.00015157456618752896,0.0001227198784549873,-0.00238417663657409,5.684298234553964e-06,0.00014423367955884725,-0.007506620616818036,5.6349353084628184e-05,0.00020319296745896498,0.004952818579199375,2.4530411878442848e-05,0.00010729705154477465
1573,2.2414728994113453e-05,2.0240072091300596e-06,0.00043902329241677734,0.0004369992852076473,-0.0019386163822974743,3.758233477424433e-06,0.0004707456894080808,-0.0012286773838427476,1.5096481138510143e-06,0.0005581280314093107,0.0008967385550245819,8.041400361147311e-07,0.0002881961564329405
1574,8.99127620207496e-05,3.745998465768766e-05,0.00047557253699973917,0.0004381125523420515,0.0005127622670124971,2.629251423247325e-07,0.0006982356537627021,-0.006185092907877478,3.825537427937231e-05,0.0005537355428463231,-0.008594280339343173,7.386165455136595e-05,0.00017474641439019223
1575,3.65684173331271e-05,5.955724075320153e-06,0.00016138454294597113,0.00015542881887065096,-0.004091356001668148,1.673919393185841e-05,0.0001624859652815669,0.0010040047206437384,1.0080254791988708e-06,0.00012144783913003998,-0.0003463420493925462,1.1995281490317922e-07,0.00020021982442630648
1576,0.00026113516149739446,9.669460450512091e-05,0.0002617422932336873,0.0001650476887285664,0.0029869102105005768,8.921632605574104e-06,8.76582135794779e-05,0.012141257477127765,0.0001474101331255806,0.0004769164219187161,0.011565122039318464,0.00013375204778420802,0.000220652244202868
1577,0.0003309194056575482,0.00016624636370184595,0.0003637341879907015,0.00019748782428885556,0.009616203338271413,9.247136664303213e-05,0.00043963187978535156,0.013577040580652774,0.00018433603092860018,0.0003996514544388763,0.014897372034485455,0.00022193169353390552,0.00025191922974787673
1578,3.615456443273324e-05,1.4079327674757872e-05,0.00047158980187319194,0.00045751047419843405,-0.004857977625508822,2.3599946609720313e-05,0.00046895644568500927,-0.0012254144770779732,1.5016406403889349e-06,0.00030577410360888013,0.004139612998138025,1.713639577416437e-05,0.0006400388563256865
1579,0.00014081063038617891,2.5842254125237513e-05,0.00026544143204039933,0.0002395991779151618,0.003761337129215011,1.41476569998078e-05,0.00016892432515813738,-0.005266602785201015,2.7737104897007647e-05,0.0003240881417705399,0.005970092166709463,3.5642000478897096e-05,0.00030331182919252075
1580,0.00035968238276029574,9.669279141425828e-05,0.0005443143204669395,0.0004476215290526812,-0.016265712544050695,0.00026457340456564893,0.0005988536034301495,-0.00387183743609893,1.4991125131369465e-05,0.0006180098537729162,0.003242505905264701,1.0513844545756434e-05,0.00041607950419775275
1581,0.0002229642679355548,7.73574296411006e-05,0.0001671538578344641,8.97964281933635e-05,-0.00020337269016169966,4.1360451175087576e-08,0.00012905657585471353,0.013268560723082651,0.00017605470366188758,0.0002119479290927373,-0.007481726058221331,5.597622481023912e-05,0.00016045706855594144
1582,0.0005009315693843552,0.00020934599326531225,0.0004872469163238839,0.0002779009230585716,-0.009483773546785155,8.99419606864571e-05,0.0004504521239977466,0.006397015556576776,4.092180803116907e-05,0.00025996477221035263,0.02229740368469477,0.0004971742110783106,0.0007513238527635524
1583,0.0014028042221444492,0.0006057082015240208,0.0011109870158122852,0.0005052788142882644,0.03254234673682815,0.0010590043311398123,0.0013403179420323763,-0.010287251537585513,0.0001058275441977452,0.0006205378107765336,0.02554002210716627,0.0006522927292345049,0.0013721052946279455
1584,0.00016760652590830372,0.0001068342001456779,0.0007940143994024836,0.0006871801992568057,0.008382386411822559,7.026440195756489e-05,0.0006938953983066654,-0.010751696191412065,0.00011559897099278071,0.0008089644728144219,-0.011603414475340319,0.0001346392274866881,0.0008791833270863636
1585,0.017187066604469337,0.005915887177906772,0.012717800708678118,0.006801913530771346,0.09377665099355484,0.008794060271567039,0.017953259993005122,-0.0875449712390586,0.0076641219892475965,0.017293216648842535,0.03590932013984118,0.0012894792729056803,0.0029069254841866954
1586,0.0002046922494285397,8.384533957409938e-05,0.0003834494031902021,0.0002996040636161027,-0.011118973212407866,0.00012363156529826558,0.00037130515579042456,0.00749233210052045,5.613504030421712e-05,0.0002985847874582559,0.008471683015758482,7.176941311981544e-05,0.0004804582663219259
1587,5.7207367480272e-05,1.64424668535057e-05,0.00022794558150548058,0.00021150311465197488,0.006856409653324561,4.701035333476433e-05,0.0003926016536474064,-0.001513693801988164,2.291268926146728e-06,7.959034362337025e-05,0.0001605562192677898,2.5778299606038502e-08,0.00021164474724566507
1588,6.219482194180781e-05,2.128360951932547e-05,0.00026867118009477053,0.0002473875705754451,0.001417352078026242,2.0088869128187525e-06,0.0003224243202066823,0.0038594188792879904,1.4895114085478056e-05,0.000225616991356814,-0.006851775504173844,4.6946827559679605e-05,0.00025797222872081527
1589,0.0005873620693893633,0.0001924580321971403,0.0003481002620835764,0.0001556422298864361,0.020568011595470042,0.0004230431009916158,0.0005720601974011919,-0.0012747138809936288,1.6248954788355974e-06,0.00019700005473244353,0.012357430967682763,0.00015270610012096952,0.0002752405341170938
1590,5.489935851432648e-05,1.5678834839623807e-05,0.0003138955574294074,0.0002982167225897836,-0.0022241126102516286,4.946676902650715e-06,0.00034916509042504096,-0.006388363533963888,4.081118864196487e-05,0.00031376850380637755,0.001130769195765726,1.2786389742558413e-06,0.0002787530780568037
1591,6.578001640356046e-05,2.41904518665977e-05,0.00021539014750315832,0.0001911996956365606,-0.0024368859602310784,5.938413182859925e-06,0.00020246311933302952,0.0077163234580935516,5.9541647710270595e-05,0.000292608715566689,-0.0026629484984598663,7.0912947066625875e-06,0.00015109860760975646
1592,0.00074650177391411,0.00032509272879214607,0.00045688172066267924,0.00013178899187053317,0.025490697619113347,0.0006497756651092645,0.0007570365086906339,-0.007122249427826254,5.072643691206302e-05,0.00016583618328991356,0.016576371266206504,0.0002747760843551106,0.0004477724700074903
1593,4.625176237527118e-05,2.2138391049253414e-06,0.00024084413177612637,0.00023863029267120103,-0.0003926999146336076,1.5421322296926832e-07,0.00026014544106356396,0.0014070174481072585,1.979698099341398e-06,0.00022442071731509916,-0.002123112336336691,4.507605992465358e-06,0.00023796623694971597
1594,7.32150062825454e-05,3.2959944990085255e-05,0.00015006223201345184,0.00011710228702336659,-0.0034028442905494286,1.1579349265766758e-05,0.00012691093479677562,-0.007127040316701132,5.079470367574945e-05,0.00013258313306641067,0.006042001491916981,3.650578202873955e-05,0.00019069262817716925
1595,8.094302555272659e-05,1.7302922612520238e-05,0.00014220723725962467,0.00012490431464710444,0.0016625423848780961,2.764047181247342e-06,0.00019060688571326256,-0.006996524139527026,4.895135003513129e-05,0.00012075935482414035,-0.0004397392658403906,1.9337062118207626e-07,0.00011525547124147106
1596,0.0006657274331636209,0.00021352676037200702,0.0005235396317575525,0.00031001287138554545,-0.002545606361155802,6.480111745754691e-06,0.0003099194522356852,-0.000530177248023936,2.810879142778333e-07,0.0005150504621699303,0.025175763771058957,0.0006338190814559885,0.0007456489808670419
1597,7.991474904156526e-06,2.478274804929015e-06,0.00018380805792361787,0.00018132978311868886,-0.00031900489548317346,1.0176412335027862e-07,0.00015900505276722487,-0.0014692708901848477,2.15875694875578e-06,8.597308122737513e-05,-0.0022747095073635446,5.174303342680986e-06,0.0003064460397762536
1598,0.00012313430930366298,4.8179973707873636e-05,0.00039657312510936,0.00034839315140148636,0.010250270782549115,0.0001050680511156532,0.0004076779385412399,-0.002301291047616092,5.295940486149675e-06,0.0006383067965273215,-0.00584601826218424,3.417592952181803e-05,0.00014373464025951854
1599,9.200157924393881e-05,2.8804641134786795e-05,0.0002142280798375825,0.0001854234387027957,0.0010943996453290923,1.1977105844884761e-06,0.00010081189742561225,-0.0018690193935003998,3.4932334935788845e-06,0.0003804368184422424,0.009040076289859249,8.172297932629302e-05,0.00016143552364489278
1600,0.0002372144328012249,0.00010588868498107029,0.00023565988256102344,0.00012977119757995315,0.00871525438803833,7.595565904805479e-05,0.0002867548973033429,-0.008358289214121389,6.986099858685701e-05,0.00020010251234059417,-0.01310913411741297,0.00017184939730829907,0.00022012223803913322
1601,0.0003581514262440688,0.00015550870197741004,0.0008927782098023807,0.0007372695078249706,0.0074477877976757674,5.546954307955598e-05,0.00046535703276318063,0.014054698012209653,0.0001975345362142944,0.0017192303077060433,0.014612392912814832,0.00021352202663837971,0.000493747288937918
1602,0.00013183284104223425,5.877934501282341e-05,0.00014911024880807458,9.033090379525116e-05,-0.010077450904804629,0.00010155501673869693,0.00023134567322447008,0.003655953882380349,1.3365998789760525e-05,8.814849804050784e-05,0.007836901142021641,6.141701951001277e-05,0.00012783657515924585
1603,8.710722861726694e-05,2.9234620048335103e-05,0.0004313134990052703,0.00040207887895693517,-0.0018979729812800368,3.602301437588551e-06,0.0007627524065668689,-0.009170081873012643,8.409040155776815e-05,0.00036594245393695157,-0.00010562740933844469,1.1157149648610698e-08,0.0001652456365119903
1604,4.395938168488822e-05,1.8681559483220884e-05,0.00016367065030361191,0.00014498909082039102,0.006270789460134471,3.932280045348957e-05,0.0002484436527405709,-0.002550016862402425,6.502585998990895e-06,0.0001211252785660033,0.0031967627370433024,1.021929199718219e-05,0.00012144301960426152
1605,0.00017599194351669567,4.5143760860436956e-05,0.00021850812226398286,0.0001733643614035459,-2.168546680541541e-05,4.702594980088293e-10,0.00022030693032260018,-0.011384702403354558,0.00012961144881251663,0.0002564901329132896,0.002412335695896232,5.819363509296238e-06,0.00017872730355605881
1606,6.006226078980603e-05,2.3021801093814354e-05,0.00016015051880076867,0.0001371287177069543,0.0011662864626314148,1.3602241129007098e-06,5.232451886783007e-05,-0.005892130725575747,3.4717204487222375e-05,0.00020548344287252274,0.005743515881520512,3.2987974681319976e-05,0.00022264359466195316
1607,0.00025334335022575427,0.00015043518686249277,0.0004031230289197237,0.00025268784205723094,-0.013863030615595934,0.0001921836178494507,0.000395994331080618,0.00575591230431645,3.313052645437242e-05,0.0002684305246057894,0.015033010885507325,0.00022599141628365516,0.0005449442310727637
1608,0.0006430006256886722,0.0002493247038086362,0.000591984106901163,0.0003426594030925268,-0.012595456604186045,0.00015864552706801316,0.00032117405767218,0.02188283638754469,0.00047885852836404563,0.0009099804266716749,0.010510473633188598,0.00011047005599384985,0.000544797836359634
1609,0.00034531255933456517,0.00012416793160803982,0.0004478116078275122,0.00032364367621947243,-0.0158500727205891,0.0002512248052478627,0.0006644853646687876,0.005973764756350718,3.568586536417673e-05,0.0002592878683208566,0.009251655214715366,8.559312421207999e-05,0.0004196615904928924
1610,8.992504025751025e-05,2.62001811676497e-05,0.00026854414186472386,0.00024234396069707417,0.00016784832783162769,2.8173061217273698e-08,0.00036287874134866005,0.006798081677048128,4.621391448766943e-05,0.00019401171603716794,-0.005688449345280822,3.235845595406239e-05,0.0002487419682083436
1611,0.0016245824200847858,0.0005800267713525301,0.000843747755660614,0.0002637209843080839,0.007595332666953952,5.768907832182091e-05,0.00027912345603287037,-0.012252625666372571,0.0001501268357201324,0.0006093314133381877,0.039144148988270705,0.0015322644000156371,0.0016427883976107838
1612,9.992203087738627e-05,6.152061579341635e-05,0.0003068687597408415,0.00024534814394742516,0.007754560699975701,6.0133211649771035e-05,0.0002770210829676767,0.008892188393333637,7.907101442183873e-05,0.0003668636538383119,-0.006734806701651551,4.5357621308639295e-05,0.0002767215424165359
1613,7.15542448722628e-05,1.914920863776981e-05,0.00016157993874114465,0.00014243073010337484,0.004086373770223075,1.6698450590713065e-05,0.00010944962554393367,-0.003877085772132547,1.5031794084574557e-05,0.00019657380535664792,-0.005071230741945824,2.5717381238021808e-05,0.0001787163853228524
1614,0.00015489352776931753,4.949234453229442e-05,0.00026679420219129685,0.00021730185765900242,0.0006488745237104866,4.2103814745786394e-07,0.0002189787915224395,-0.0025603912574916976,6.555603391245057e-06,0.00013815599051558713,-0.011895393732795882,0.00014150039205818032,0.000443247824535864
1615,0.00024760147093427776,0.00012198208951582264,0.0004809004858581008,0.0003589183963422782,-0.00786998127879135,6.193660532849421e-05,0.0002668948879837041,0.007726701114513278,5.9701910113174605e-05,0.0006715232353050604,0.01563034718443785,0.0002443077531057991,0.000504283334285538
1616,0.005772250079088437,0.002061610071729373,0.0031956813896470613,0.0011340713179176882,0.015204523908253682,0.00023117754727663975,0.0012731585021998892,0.018648090170746926,0.0003477512670166938,0.001588963364173579,0.0748725677461038,0.005605901400894786,0.006724922302567715
1617,4.4868234159389786e-05,2.163625811198629e-05,0.00031357840329996706,0.0002919421451879808,0.004344261986172007,1.887261220467895e-05,0.00027978771120817925,-0.00618235323389525,3.822149150878307e-05,0.00021206127538409003,0.0027954732376754463,7.814670622496855e-06,0.00044888622330763184
1618,0.00027630221278929223,7.276465305687078e-05,0.00019530432426021851,0.00012253967120334774,0.013097225432466475,0.00017153731402874683,0.0002093577069721686,0.005686599068142871,3.2337408962024305e-05,0.0002233112602239018,0.003797266935563414,1.44192361798412e-05,0.00015324400558458517
1619,0.0004159061791073615,0.00017349137271675344,0.00034958150491163725,0.0001760901321948838,-0.013289195334081745,0.00017660271262753824,0.00031121648878718045,-0.01520561404786576,0.00023121069857279242,0.00040196909522083324,-0.010614174812477317,0.00011266070694992969,0.000335558930726898
1620,2.5590857679391732e-05,5.473733739306634e-06,0.00016654750420282602,0.0001610737704635194,0.0019552448839783546,3.822982556189736e-06,0.00023639107898987266,-0.0029082576987114286,8.457962842434164e-06,0.00018727159281650696,0.002034761858136987,4.1402558192960015e-06,7.597984080209841e-05
1621,0.0006954007391485328,0.00012196832478106323,0.0014116567889311444,0.0012896884641500812,0.01694809618835894,0.0002872379644101031,0.0017595848006262127,-0.003573581402391773,1.2770484039470453e-05,0.0008183743915731734,0.00811766751556469,6.589652589361616e-05,0.0016570111745940475
1622,0.0003548032049508487,0.00015221274627700657,0.00038673973534401423,0.00023452698906700767,-0.008885561514937461,7.895320343553891e-05,0.00041085439883026265,0.010569392742120574,0.00011171206293703051,0.0002793538373124793,0.016308677826797954,0.0002659729724584503,0.0004700109698893007
1623,0.0001080098623409409,4.562342005191381e-05,0.00023221522888113486,0.00018659180882922105,0.009412455105189475,8.859431110663785e-05,0.00032471294905112025,0.006347104549152979,4.028573615766362e-05,0.0001575637994694068,-0.002826696462655848,7.990212891439974e-06,0.0002143689381228775
1624,4.821703697699409e-05,1.0014937521359476e-05,0.00018894076091121223,0.00017892582338985275,0.0050103979505451935,2.510408762312899e-05,0.0001032705418462232,0.0014314761047482447,2.049123838721023e-06,0.00014162703636966256,0.0017004708472230204,2.891601102228414e-06,0.0003219247045177509
1625,0.00016229154001667911,9.379081816685009e-05,0.00025330830585268416,0.00015951748768583407,-0.01251720494307503,0.000156680419587496,0.00037919839115574394,-0.003512816938061726,1.233988283988463e-05,8.861799492831945e-05,-0.010599629808315173,0.00011235215207316962,0.0002921085314739891
1626,0.000530860331313443,0.0001583310019522092,0.00043932520275480336,0.0002809942008025942,0.009988598668974962,9.977210337008824e-05,0.0006586760935912706,0.008838395617896079,7.811723709849616e-05,0.0001955885266610169,0.017236695315171156,0.0002971036653880432,0.0004637109880121226
1627,0.0003878546895416113,0.0001600300616304192,0.0004906466183831615,0.00033061655675274226,-0.006625773842807566,4.3900879016178784e-05,0.00022743227091892582,0.01031101857398206,0.00010631710403286032,0.0005081836325495637,-0.018162384255445245,0.00032987220184221844,0.000736323951680995
1628,0.0023057506734972533,0.0003897512402020557,0.0006412903755658172,0.00025153913536376155,-0.02634835314531861,0.0006942357134704924,0.0008454400069076717,0.003127410200387391,9.780694561367653e-06,0.0005112135438983811,-0.021569360504529633,0.000465237312574307,0.0005672175758913989
1629,0.0003081837710156021,0.0001061748634544335,0.00034291080835202603,0.00023673594489759253,-0.005041998592023342,2.542174980202372e-05,0.0003328057403498841,-0.012723986403601641,0.00016189982999914587,0.00036449195525145583,0.01145438826661633,0.0001312030105621309,0.0003314347294547382
1630,0.00010492486815483204,3.633792125323776e-05,0.0002040224277994144,0.00016768450654617664,0.0069271164883252904,4.798494284263821e-05,0.00015336364211160358,0.0035123204661066817,1.2336395056711247e-05,0.00026210506634105624,0.006977995834060046,4.869242586036382e-05,0.00019659857494558342
1631,0.001856525612786597,0.0007036688433217734,0.002102675164813883,0.0013990063214921098,-0.017938579617853802,0.00032179263870601993,0.0005952773742352591,-0.040153945700689725,0.0016123393553338916,0.004879849909526612,-0.01329941863110029,0.0001768745359254087,0.0008328982106797778
1632,0.00021953034155131057,7.720468313639668e-05,0.0006058334101900487,0.0005286287270536519,0.005966164331021884,3.5595116824715944e-05,0.00048105071524562337,0.005987523662093385,3.58504396040793e-05,0.0006898798065202438,-0.01265576915799871,0.00016016849298039482,0.0006465697088042788
1633,2.8554672887426413e-05,1.1982973433262897e-05,0.0007222095002890061,0.0007102265268557432,-0.00405210839308184,1.6419582429372248e-05,0.000749989143838059,-0.004416429816042124,1.9504852320162414e-05,0.0009074965500430743,0.00015647859374499185,2.4485550254027544e-08,0.000509142806985885
1634,8.114669131764618e-05,1.141191916305869e-05,0.0001860094493761529,0.0001745975302130942,0.005050718253279816,2.550975487414231e-05,0.00014544748960021447,0.0026698849034281946,7.128285397173251e-06,0.00026991902172157634,0.001264008393151051,1.597717217860506e-06,0.00014266183680666789
1635,0.0002586184922248602,4.478881431816776e-05,0.00028375645609327965,0.0002389676417751119,0.0022018167242582602,4.8479968868253565e-06,8.417493744017346e-05,0.006732762015721328,4.53300843602511e-05,0.000540903042609675,0.00917542160923714,8.418836170742683e-05,0.0002261913882299904
1636,0.0001609026088795762,7.803729412384867e-05,0.00019269311852498916,0.00011465582440114049,-0.012127125605157251,0.00014706717544332726,0.00028891709972533874,-0.0023486525980439326,5.5161690267757635e-06,7.157357268094966e-05,0.009029315472475508,8.152853790144299e-05,0.00021758868316867908
1637,0.00010319947827797105,4.446504893318437e-05,0.0002462031431955299,0.00020173809426234551,-0.007971649049942794,6.354718857537467e-05,0.00025109787507682224,0.007583875682627593,5.7515170369004665e-05,0.0002089733124212012,-0.003511806921617623,1.2332787855173777e-05,0.00027853824208856626
1638,7.014966014362578e-05,2.041602202914235e-05,7.631664288891098e-05,5.590062085976863e-05,0.005923892127124915,3.50924979336531e-05,6.746846750516067e-05,0.004199723828408811,1.7637680235105258e-05,0.00013119431538943793,0.0029185420878718757,8.517887918668698e-06,3.0287145772134316e-05
1639,0.00035330615663098364,8.946736408247762e-05,0.00033251491821521356,0.00024304755413273593,-0.00980601807550622,9.615799049711438e-05,0.0001504929242538422,-0.01206656158374299,0.00014560190845425147,0.0002863709104422574,-0.005161607627095324,2.6642193296066985e-05,0.0005606809199495411
1640,0.0003927866309582084,0.00011181986621089379,0.0008031708923365022,0.0006913510261256084,-0.014196432653592673,0.00020153870008787766,0.0006631220423042317,0.007889191412021712,6.223934113558371e-05,0.0012001234515836012,-0.008466496170741807,7.168155740922e-05,0.0005462671831216737
1641,0.00018788457445662043,6.780956497028552e-05,0.0002679379875121235,0.000200128422541838,-0.0007684671496972414,5.905417599372242e-07,0.00021807546550622892,0.013528367733846983,0.00018301673354204073,0.0004040104734255312,-0.004452125291252649,1.982141960887862e-05,0.00018172802360461038
1642,0.00012604217714440313,6.835028161715033e-05,0.00045145702696240225,0.0003831067453452519,-0.008532271926420565,7.279966422635287e-05,0.0004777904494319696,0.008944426510919175,8.000276560915509e-05,0.0002677715332616293,-0.0072283065109162185,5.224841501594302e-05,0.0006088090981936078
1643,0.0010924850735166691,0.0003170476011644663,0.0008890813518156829,0.0005720337506512166,0.019487379519313813,0.00037975796052980293,0.0010724295435731168,0.010181071165289522,0.00010365421007230147,0.0007227451647088268,-0.02162708100718216,0.00046773063289129446,0.0008720693471651053
1644,0.00011937118640914512,5.552839971897002e-05,0.000678142148767417,0.0006226137490484469,-0.0036192530092325906,1.3098992344695581e-05,0.0008819203366188244,-0.009451343057771205,8.932788559568028e-05,0.000561624728363741,0.008009888964057443,6.41583212165342e-05,0.0005908813813196856
1645,0.0003002070336519669,7.694854804566702e-05,0.00023804168155501978,0.00016109313350935278,-0.012091870087322086,0.0001462133222092099,0.0002969076746806021,0.00671793040517068,4.5130588928410376e-05,0.00017302406317887264,-0.006285040413489145,3.9501732999380756e-05,0.0002441933068055846
1646,0.01178665196861739,0.005663997026154166,0.023023314915101716,0.01735931788894755,0.1061726528747149,0.011272632218454648,0.050412209839865496,0.034995646831057554,0.001224695297124212,0.005007648349983906,-0.06704225207198361,0.0044946635628836384,0.013650086555455743
1647,0.0015019609163066105,0.0002962822390582727,0.0009593123018708886,0.0006630300628126158,-0.008458574357910639,7.154748016835466e-05,0.0001764193225124444,-0.01639507321102874,0.0002687984255950182,0.001777331685160588,0.023420094180246393,0.0005485008114114454,0.0009241858979396333
1648,1.9399306530942795e-05,7.135261003599069e-06,0.00016770453323337411,0.00016056927222977505,-0.0013517953101617561,1.8273505605348461e-06,0.00017102712981842405,-0.004354525259576045,1.896189023642414e-05,0.00021061663408405984,-0.0007852020209410122,6.165422138382226e-07,0.00012146983579763848
1649,0.0002495754389613136,2.9567924125969054e-05,0.000748489845190418,0.0007189219210644489,-0.0012455016847654848,1.551274446676132e-06,0.0005780966023614109,0.009170584960150508,8.409962851152475e-05,0.000304832113443676,-0.00174724623899982,3.0528694197062833e-06,0.001362540819766167
1650,0.00044043963852513635,0.0001265662724110698,0.001710568568060215,0.001584002295649145,0.016844117113107574,0.00028372428132006355,0.0019818915014976346,-0.0075492821644359215,5.6991661198102506e-05,0.0019485218217677458,-0.006243626727729238,3.898287471504336e-05,0.0012012923809152642
1651,0.0002373025352138125,9.924554336930107e-05,0.00036791621402125035,0.00026867067065194927,0.012932015333833669,0.00016723702059406875,0.0005639136174890869,-0.011423614160276022,0.0001304989604827833,0.00035290335823368046,-2.5476091751819953e-05,6.490310511253483e-10,0.00018693166634098368
1652,0.0003263345856651112,8.320716274109093e-05,0.00024628428759769044,0.00016307712485659953,0.0006405614646532115,4.103189902293636e-07,0.0002028959645103967,-0.014196814239587496,0.00020154953455298052,0.0003898464975660154,-0.006903740629558522,4.76616346800629e-05,0.00014611040071665915
1653,0.001171970707018466,0.00031781310907900523,0.000547696327549326,0.00022988321847032073,0.02575009511029378,0.0006630673981888879,0.0009484864034556839,0.0161249182172791,0.00026001298751388013,0.00048321677197338264,-0.005509894875055061,3.0358941534247563e-05,0.0002113858072189112
1654,0.00011648088376470245,2.0126395341472463e-05,0.0001990156641827149,0.00017888926884124245,-0.005340579141051362,2.8521785561785862e-05,0.00013505768963650855,0.0007687175918117629,5.90926735988262e-07,0.0002964378216268049,-0.005591643204506484,3.126647372664326e-05,0.00016555148128483133
1655,0.00028181092184786927,9.096678997559209e-05,0.001392248236788185,0.0013012814468125928,0.0048723152838440675,2.3739456225690958e-05,0.0015852443515717018,0.009175180649458211,8.41839399502442e-05,0.00021467920235063165,-0.012844336251848882,0.00016497697375084108,0.0023768211564422215
1656,0.00017499895910033647,9.382805982738329e-05,0.0004893854565802455,0.00039555739675286217,0.011465456475682714,0.00013145669219594147,0.0005033909357681221,0.008733867646683805,7.628044406993162e-05,0.0005738606632097465,-0.008587609866318836,7.374704321627679e-05,0.00039090477076286767
1657,0.0001864112180902655,6.38064966366203e-05,0.00016560476886525363,0.00010179827222863333,-0.0113359118369594,0.00012850289717503127,0.00020714551795941727,-0.003711753577563521,1.377711462069442e-05,0.00010477219868720855,0.007009955642803633,4.9139478114135215e-05,0.00018489658994913505
1658,0.00018857473634414923,8.316884519817455e-06,0.00036260875400540016,0.0003542918694855827,-0.0029017930315863648,8.420402798470228e-06,0.00035919169238751714,-0.0010925703923045634,1.193710062352693e-06,0.00035429417734778035,-0.003916189563646707,1.533654069862944e-05,0.000374340392280903
1659,0.00017768718313426746,6.031638561868983e-05,0.00018877579834005362,0.0001284594127213638,-0.0030032574233885235,9.019555151201786e-06,0.00013225104704372992,0.006187530613927623,3.828553509810373e-05,0.00019849281452577472,-0.011560452699040493,0.00013364406660676398,0.0002355835334506562
1660,8.316226105142821e-05,2.2782194759966384e-05,0.00015801259527759015,0.00013523040051762378,-0.0008327898822022474,6.935389881279619e-07,0.00013813078757252129,0.00649654984722728,4.220515991770757e-05,0.0002851448991263439,0.0050445897131908436,2.5447885374063617e-05,5.076209913390528e-05
1661,0.005157953861189002,0.0017331255817706708,0.0025068935451389627,0.0007737679633682919,-0.009182571071842992,8.431961148935851e-05,0.00040117394738770074,0.003333451849124128,1.1111901230709265e-05,0.0006899220061338251,0.07144190109866978,0.005103945232591944,0.006429584681895362
1662,0.00018434136124279021,5.894017149876696e-05,0.00018965458828534842,0.00013071441678658147,0.012893789716027825,0.00016624981324109278,0.0003641345148927,0.0018733767137589848,3.5095403119189683e-06,7.490728482484332e-05,0.0026572845055512035,7.061160943289124e-06,0.00012992196513850196
1663,0.00012866498215813316,3.8846829826688634e-05,0.00028345947530546606,0.0002446126454787774,-0.008218889355326981,6.755014223558398e-05,0.0003418731569251321,-0.0001681610292877924,2.8278131503078896e-08,0.0003313624449987618,-0.006997290126409748,4.8962069112978845e-05,0.00017714282399250436
1664,4.018102611158536e-05,1.974165019147378e-05,0.00016802562069569613,0.00014828397050422235,-0.00041688508712669657,1.737931764056455e-07,0.0001326978861835304,0.00554948800870559,3.0796817158784684e-05,0.00012602049683652083,0.00531548118604909,2.8254340239231013e-05,0.0002453584790670371
1665,1.69178569553452e-05,4.522360095848832e-06,0.0001063014001651726,0.00010177904006932377,-0.0010403373153329903,1.0823017302374893e-06,0.00011736875267365221,0.0010017807755331998,1.003564722434902e-06,3.6283270816950264e-05,0.003388393990596208,1.1481213834874104e-05,0.00016525217700491535
1666,0.000130528249122408,3.729668957463961e-05,0.0005331831131586418,0.0004958864235840021,0.007223423674201859,5.217784957711746e-05,0.0006244464715320364,0.0007383933584829207,5.452247515691511e-07,0.0007166981528602401,0.007692008476042988,5.916699439523221e-05,0.0002584047150836488
1667,0.0003318649629128201,0.00011613166269752728,0.000270374202878824,0.00015424254018129674,-0.004646883537880941,2.1593526614349656e-05,0.00016137097076196483,0.016871817183130293,0.0002846582150608512,0.00040011014924279387,0.006491782992158142,4.2143246417380986e-05,0.0002496414886317133
1668,6.812400548084074e-05,1.5957669219912596e-05,0.00020225478054454923,0.00018629711132463664,0.006591370825085154,4.34461693533672e-05,0.00035629127013869777,-0.002062941659921073,4.255728292212879e-06,8.895052347601684e-05,-0.0004136544627979284,1.7111001415770488e-07,0.00016152254801893307
1669,0.0004947768127731011,0.0002542483335196133,0.0006832835703614037,0.00042903523684179046,-0.003937586261415607,1.5504585565762063e-05,0.00039936612177726705,-0.019551136479675876,0.00038224693764676854,0.0009806823306692802,-0.019104802468135874,0.00036499347734630927,0.000669802258637664
1670,8.562006960810553e-05,1.4573493856140374e-05,0.0001086777361764361,9.410424232029573e-05,-0.005497043947927964,3.021749216591818e-05,0.00021112854993288188,-0.0012917693498994615,1.6686680536226461e-06,6.970581888166016e-05,-0.0034401048456022473,1.1834321348880295e-05,4.519883971476624e-05
1671,6.128513023584414e-05,2.6613590174899098e-05,0.0007780013627096313,0.0007513877725347322,-0.006273221464749643,3.93533075464525e-05,0.0005865013372375882,-0.003414320043792236,1.1657581361124159e-05,0.001184314356182381,-0.005369346479547569,2.8829881617120634e-05,0.0005631883947089245
1672,0.0005344802836866336,0.00024050926753216295,0.00046711559561925703,0.00022660632808709408,0.015463673050203202,0.00023912518420377005,0.00044943797068719427,0.01819370724804091,0.00033101098342758206,0.0006130103940082954,0.012304130809013769,0.00015139163496513675,0.0003388984221622815
1673,0.002673392816307185,0.0007534645939174892,0.0017605943520760947,0.0010071297581586056,0.03686547952099399,0.0013590635803130136,0.00323068866927978,0.029152276349903996,0.0008498552163812567,0.0018335399727373858,0.00717460696190513,5.1474985058197475e-05,0.00021755441421111854
1674,1.3199705352184843e-05,2.5086596215547394e-06,0.00021480917509297814,0.0002123005154714234,0.0005444282822237158,2.964021544871187e-07,0.0003055992166565158,0.0012438106447282906,1.547064919837915e-06,0.0002482408471885522,-0.002383801961249023,5.682511790339184e-06,9.058746143386642e-05
1675,0.0007706408766254835,0.0002718832692883237,0.0007639687753078958,0.0004920855060195721,-0.0036979925536778663,1.3675148927028147e-05,0.0005815936047723902,-0.010240159389235184,0.0001048608643171578,0.000696551785733579,0.02640291261624037,0.000697113794620785,0.001013760935417718
1676,0.0001416759890250363,6.720044600039277e-05,0.0003781057983800462,0.00031090535237965344,0.0016656591625984606,2.774420445716963e-06,0.0001000393074583883,-0.011765168732366093,0.00013841919530066527,0.00059306009990856,0.007772240491288567,6.040772225479607e-05,0.0004412179877731903
1677,0.0007490102872101945,0.0002734323995522055,0.0006159575326383596,0.0003425251330861541,-0.011333567898655987,0.0001284497613136537,0.00024869373211189316,0.017005061047157554,0.00028917210121759407,0.0008490393850150157,0.020066771940829453,0.00040267533612536877,0.0007501394807881701
1678,0.00025438519643961044,0.00012935011605985647,0.0005046183549710278,0.00037526823891117134,0.005979409143632713,3.575333370708922e-05,0.0002308870137242014,0.014383269158188551,0.00020687843167688236,0.0008036162474787112,0.012058962757861624,0.00014541858279559783,0.0004793518037101707
1679,4.0680683826344044e-05,1.767730742437597e-05,0.00017790893209150097,0.00016023162466712498,0.004593586715229377,2.1101038910620318e-05,0.0002989914158232354,0.0037872877975556824,1.4343548861650568e-05,1.8890186541220544e-05,0.004193725611048991,1.7587334500857033e-05,0.00021584519391004697
1680,0.0003990353636817989,0.00010637074487984677,0.0003542458535115145,0.00024787510863166773,0.014877136277581417,0.00022132918382156141,0.0003615958221998561,0.0052433802490449025,2.749303643601042e-05,0.0003502531918065932,-0.008383914025234704,7.029001438196847e-05,0.0003508885465280942
1681,2.9026062471015912e-05,1.369027958971388e-05,0.00015621151029450905,0.00014252123070479517,0.002533386601781673,6.418047673872884e-06,0.0001667859359065771,-0.0031989205520068127,1.0233092698430646e-05,0.00022016452180784185,0.0049416291237854345,2.4419698396838108e-05,8.16840731691082e-05
1682,2.1379833517909397e-05,2.5943220202847192e-06,8.475185981545359e-05,8.215753779516888e-05,-0.001408219731584799,1.983082812850867e-06,0.00011219411161977888,-0.00223805582311672,5.008893867675113e-06,8.171212069385536e-05,-0.0008893758377541399,7.909893803281776e-07,6.034934713272655e-05
1683,6.295045785054132e-05,1.9861006639680195e-05,0.0003082529506996205,0.0002883919440599403,0.007674925552381926,5.890448223488942e-05,0.0005011724500953996,-0.0008169196291660356,6.673576806726089e-07,0.000321425119082952,-0.00010573553588626054,1.1180003478550304e-08,0.00010216128292050985
1684,0.00019934442048974432,7.960961977282466e-05,0.0004445067864619068,0.0003648971666890821,-0.009113756639636393,8.30605600866674e-05,0.0002719232729830878,0.0016439832287036724,2.7026808558927584e-06,0.0004635993793783433,0.012371969058160934,0.00015306561837591381,0.0005979977070242892
1685,0.0003956634877648746,0.0001626477310512723,0.00023103658351993536,6.838885246866305e-05,-0.01039081811790642,0.00010796910115951075,0.00020579523804153954,-0.004629662884408588,2.1433778423340932e-05,6.53318371302003e-05,-0.018935160774891338,0.0003585403135709653,0.0004219826753880662
1686,0.0001026987766473697,2.3605540689142224e-05,0.00017129479193100927,0.00014768925124186705,-0.003200445086980071,1.0242848755726008e-05,6.448211683240945e-05,-0.0023050724205084436,5.313358863889839e-06,0.00011958300123104948,-0.007433734892198957,5.5260414447810824e-05,0.0003298192577295689
1687,0.00024027451994812488,6.841853577984243e-05,0.00026864810283063384,0.00020022956705079142,0.0006738257116937914,4.540410897257985e-07,0.0001925549982260133,-0.004132915246187811,1.708098843233863e-05,0.0001775780173023378,-0.01370111593329632,0.00018772057781746287,0.0004358112929635505
1688,1.1879776648071605e-05,5.1489718469651296e-06,0.00019230086957629697,0.00018715189772933183,0.003432034290272743,1.1778859369870887e-05,0.0003149406263839305,0.00191326879176804,3.660597469479221e-06,0.00021777095828456883,-8.63637765779683e-05,7.458701545282054e-09,4.419102406039155e-05
1689,9.621487572475385e-05,3.154435645850532e-05,0.0002735520216094282,0.0002420076651509229,0.009463561032250248,8.955898741114243e-05,0.0002822465048979428,0.0021906336066030755,4.7988755987882215e-06,0.0001995696264722735,0.0005246011488444151,2.752063655853121e-07,0.0003388399334580683
1690,0.0012909086755763521,0.0005885552950504932,0.0011917260461875578,0.0006031707511370646,-0.020256508244530073,0.000410326126260685,0.0011052519463191635,-0.03311188441891704,0.0010963968897715892,0.0017279534850545009,-0.016091701871425806,0.0002589428691192053,0.0007419727071890092
1691,0.0004891307431275083,6.265794038743759e-05,0.00027160293604581537,0.00020894499565837776,-0.00952596932707081,9.074409162002084e-05,0.0003691093580746596,0.008279728030548696,6.855389625992636e-05,0.0002030054652230051,-0.005354982099140671,2.867583328236556e-05,0.00024269398483978133
1692,0.00010237973497106978,2.8592528527715544e-05,0.00023572127931270614,0.0002071287507849906,-0.0081479989804741,6.638988738560947e-05,0.0002226725072993485,0.004394159987872509,1.9308641998616594e-05,0.00026972679405434796,0.0002811693422013816,7.905619892056848e-08,0.00021476453658442196
1693,0.00222587830662202,0.0009934839186469906,0.004638747810526163,0.0036452638918791722,-0.043363016494042686,0.0018803511994627264,0.010360119594272854,-0.014713444096214067,0.0002164854371724534,0.001625792461817821,-0.02972566432068206,0.0008836151193057917,0.0019303313754878149
1694,0.0006522588357418257,0.0002031441269699045,0.0019340037213419665,0.001730859594372062,-0.021235398369709106,0.0004509421439202743,0.00240876366450693,0.006959781719142145,4.843856157821236e-05,0.002681152353687599,-0.010490551720995243,0.00011005167541122685,0.0007120951458313707
1695,1.5421133182313973e-05,5.286534643341352e-06,0.00016000839093244235,0.00015472185628910098,-0.0008495825693252094,7.217905415579651e-07,0.0001935279573453963,-0.0012966324608095399,1.6812557382950288e-06,0.00010923886022207174,0.0036683180955114554,1.3456557650171064e-05,0.000177258355229859
1696,5.5524100506576524e-05,3.134649386826727e-05,0.0004953096329309107,0.0004639631390626434,0.006413015810317459,4.112677178336188e-05,0.00030523926280345837,0.00482420722582526,2.3272975358090697e-05,0.0004241024752211775,0.005444238648626978,2.963973446334922e-05,0.0007565871607680963
1697,0.00015150777890393652,3.235152293619888e-05,0.0004457188061470034,0.0004133672832108045,0.0009913214665963164,9.82718249886716e-07,0.0005119432577080918,-0.009758050436681008,9.52195483246987e-05,0.0003155757999216968,0.0009232021630383512,8.523022340112263e-07,0.0005096373608112215
1698,0.0012185054184649102,0.0004997611404504351,0.001060245496059246,0.0005604843556088109,-0.03237228300096587,0.0010479647066944375,0.0022998716235723693,-0.000254175312830101,6.460508961136924e-08,0.00021248337487767,-0.02124274251520044,0.0004512541095672562,0.0006683814897276985
1699,0.0002546524241989756,0.0001431833128642257,0.0005071356120573226,0.0003639522991930969,-0.015008491916918715,0.00022525482962043597,0.0007923387136801185,0.012776221943170164,0.00016323184714128747,0.0006400739434376801,0.006408062252413058,4.106326183095366e-05,8.899417905416929e-05
1700,0.00013423531856482374,4.8689774173530744e-05,0.00018736175288240156,0.00013867197870887082,-0.009384364188504489,8.806629122248832e-05,0.00017944481534071244,-0.0072328963151630605,5.231478910616705e-05,0.00017520268841220155,-0.00238500360417696,5.688242191936865e-06,0.00020743775489429073
1701,0.0026502696221720745,0.0012554454843601848,0.0030253896521685864,0.0017699441678084016,-0.034239798670544296,0.0011723638129995662,0.0030759093675251092,-0.04877389253170715,0.002378892592694637,0.004332351020477909,-0.01466560763782012,0.00021508004738635123,0.0016679085685027406
1702,0.0001995926556402905,9.789892380048422e-05,0.0005498198500547927,0.0004519209262543085,-0.012935816145142184,0.00016733533934110145,0.000686707195830083,-0.010573704762001675,0.00011180323239412537,0.0007284993031507758,0.003815520890505323,1.4558199666225846e-05,0.00023425305118351947
1703,4.721411550279164e-06,2.841159921366613e-06,0.00021956960325168287,0.00021672844333031627,-0.0020838118092514953,4.342271656576635e-06,0.00013566471959924886,0.001855703126683621,3.4436340946575328e-06,0.00019925467749781767,-0.0008588212924713605,7.375740128656716e-07,0.0003237894126579821
1704,2.123033554135567e-05,6.853569327835984e-06,0.00014399071717567194,0.00013713714784783596,-0.00421984994506959,1.7807133558478405e-05,0.00021482045395448957,-0.0004889456629488,2.39067861285136e-07,0.00011309110181201287,-0.001585719572946245,2.514506563744412e-06,0.00010406059576051341
1705,2.0316732502911883e-05,3.7785201106125634e-06,6.187240973776209e-05,5.809388962714953e-05,-0.0009850915925145069,9.704054454440225e-07,6.0036963956400236e-05,0.002404985643987857,5.7839559476358104e-06,5.558944824779477e-05,0.0021403735512564586,4.581198938757858e-06,6.999081700909127e-05
1706,2.2340990503022518e-05,6.4710037717130575e-06,0.00020168364951722584,0.00019521264574551278,0.0029601813844962097,8.762673829099121e-06,0.00014399471990400592,0.003230577865909156,1.0436633347543633e-05,0.00019374922945503137,0.0004622814497362508,2.1370413849641778e-07,0.0002673069991926402
1707,6.302064173291377e-06,9.17965939299196e-07,0.00021306134521437148,0.0002121433792750723,-0.0010763550479553374,1.1585401897828973e-06,0.00021190257702219384,0.0012253987979799208,1.5016022136826734e-06,0.000270569112731045,-0.00030619505924676824,9.37554144320174e-08,0.0001567123458898756
1708,3.724033359764345e-05,2.3515877894249766e-05,0.0001331350833732777,0.00010961920547902794,-0.00397086637325593,1.5767779754427558e-05,0.00011598278791846717,0.006079135104078686,3.695588361363189e-05,0.00019277580802035121,0.004221844420960187,1.7823970314689852e-05,9.06466541810147e-05
1709,0.00034445188888920786,0.00013121478573726217,0.0007219095081724506,0.0005906947224351884,0.012855599469743531,0.0001652664377262969,0.0003796003940346182,0.01490669888970872,0.00022220967178843143,0.0006930954604135176,-0.002483595719316361,6.168247697058149e-06,0.0010930326700692161
1710,0.0016618681173123928,0.0002187245626239139,0.0007160367953608452,0.0004973122327369313,-0.0006684014619651201,4.4676051436098874e-07,0.0006601452700065735,0.02512276416780946,0.0006311532794311958,0.0010262205346655007,0.004957181449797453,2.4573647926184883e-05,0.0004617445814104615
1711,0.0004176066125410882,0.00012651731497959062,0.0004768405785654147,0.00035032326358582405,0.00970723635774912,9.42304377054004e-05,0.0004153938389993561,0.016875892920290025,0.00028479576185702626,0.0005705668943626341,0.0007250830134003074,5.257453763451991e-07,0.0004445610023342539
1712,0.0001218431788523322,3.6461477264252785e-05,0.00011816973724865232,8.170825998439954e-05,-0.0073356969845331105,5.381245024893566e-05,0.0001753146475559353,-0.00020087026399140932,4.034886236237156e-08,4.047793177697212e-05,-0.007451954957002223,5.553163268146033e-05,0.00013871663241304955
1713,0.00010463825495288237,4.767307165968552e-05,0.0003437163543777988,0.00029604328271811325,0.00674046754802817,4.5433902766012224e-05,0.0004451246959407129,-0.0010349617492487935,1.0711458223733317e-06,0.0002720329986204417,0.009824162376012482,9.651416639067101e-05,0.00031399136857224175
1714,7.562048395781673e-05,3.7340375396710535e-05,0.0003533082098028754,0.0003159678344061649,-0.007841486425546914,6.148890936230611e-05,0.00039715811776319665,0.0044746416959880785,2.0022418307674705e-05,0.00033004792866953014,-0.005523567553646065,3.0509798520150788e-05,0.0003327185829758994
1715,7.127383005856025e-05,1.2653875455052402e-05,0.000278744056202244,0.0002660901807471916,0.0016474843012002527,2.7142045226913325e-06,0.0003027758827227611,-0.0015628977484671066,2.4426493723250786e-06,0.0003885204305003054,0.005727545064865739,3.28047724701408e-05,0.0001449358553836655
1716,0.004621875797214292,0.0012573848244379349,0.0015628409834288852,0.00030545615899095035,0.060195472246106364,0.0036234948789317656,0.003981412530305928,-0.0008561843426913207,7.330516286208066e-07,0.00030258899043122955,-0.01216250561164203,0.0001479265427534182,0.0004045214295494981
1717,0.0005296058212598265,0.00016079429858043928,0.00044221748030744595,0.00028142318172700664,0.009646507855418514,9.305511380441889e-05,0.0002398052413475904,0.019194259396932038,0.00036841959379652067,0.0007774061764025397,0.004572547226687218,2.0908188140378314e-05,0.0003094410231722078
1718,0.0002062713240840175,9.07271405822992e-05,0.00024330681542642876,0.00015257967484412954,0.006288129275175461,3.954056978150433e-05,0.00013700022637397336,-0.013376048836930724,0.00017891868248798293,0.00030987763302170457,0.007329540877653538,5.3722169477410375e-05,0.0002830425868836084
1719,0.000979909349014707,0.0002715706102362307,0.0025896318231181472,0.0023180612128819167,0.025124705097761185,0.0006312508062493727,0.0047124244749144895,0.0100370967546669,0.00010074331126253,0.00187670694722053,-0.009094927882992121,8.271771319678933e-05,0.0011797640472194226
1720,6.207109893363594e-05,1.887510331133324e-05,8.99215551003844e-05,7.104645178905115e-05,-0.00036544473890670376,1.3354985717306533e-07,9.785763754810439e-05,0.00034165518778262567,1.1672826683017945e-07,0.00010029383828380478,-0.007508330827152407,5.637503180999648e-05,7.1613189469244e-05
1721,0.0007930678553065285,0.00023709043572476643,0.0011931424071824532,0.0009560519714576868,-0.022910664722300095,0.00052489855801785,0.002404341263126275,0.010225579768550425,0.00010456248160295445,0.000786387190407356,-0.009044902849315892,8.181026755349485e-05,0.0003886987680137288
1722,0.00016913809533081192,6.572622483946855e-05,0.0001747643810942797,0.00010903815625481114,-0.006409527621672918,4.108204433317386e-05,0.00017051124138567353,-0.004296017861024016,1.8455769462355498e-05,0.00018261103800898404,-0.011732044183469405,0.0001376408607228763,0.00017117086388818148
1723,9.658787949440306e-05,3.7214698092110275e-05,0.00027569242698788354,0.00023847772889577326,-0.009430713919752554,8.893836503620633e-05,0.0004486029587507101,0.0042631460717168805,1.8174414428751007e-05,0.00021296139459370256,-0.002128688519087285,4.531314811373477e-06,0.00016551292761923797
1724,8.418845860702628e-05,3.6853850749178165e-05,0.0003665335350309477,0.0003296796842817695,-0.008158928735623936,6.656811811289742e-05,0.0002937738028246928,-0.0058933902426161104,3.473204855208856e-05,0.0004216010664110925,-0.003043252467708115,9.26138558254852e-06,0.00038422573585705777
1725,6.335145138391951e-05,2.1837101359870974e-05,0.00014388462141830724,0.00012204752005843626,0.0012644500499782866,1.59883392869542e-06,0.00027872230939307574,-0.007045819375409229,4.964357067138714e-05,9.607040552761514e-05,0.0037774196853687155,1.4268899479530361e-05,5.686114933423081e-05
1726,6.154706684924349e-05,1.6558254690971868e-05,0.00019625986685704402,0.00017970161216607217,0.006583121800583284,4.333749264162634e-05,9.131660353056681e-05,-0.0005196147270325431,2.699994646748749e-07,0.00020644816119907983,-0.0024631832993775174,6.067271966614385e-06,0.00029101483584148546
1727,0.0001080971058886604,5.096386578625397e-05,0.00016308822902429596,0.00011212436323804198,-0.007667248718372193,5.8786702909596755e-05,0.00022531074807496942,0.003513783101492545,1.2346671684926314e-05,0.0001558244545681875,0.009042025368501615,8.175822276423883e-05,0.00010812948442973092
1728,4.465512483597944e-05,1.4377945842358741e-05,0.00023886597760724992,0.00022448803176489118,0.0030390116177324207,9.235591612588578e-06,0.0001389413730976674,-0.005111422544496987,2.6126640428225656e-05,0.000287980780955821,-0.0027877599405609814,7.77160548626199e-06,0.00028967577876826134
1729,0.0002878526984445573,0.00011918087514325067,0.0006023806190399069,0.00048319974389665626,0.012988095059220028,0.0001686906132674082,0.0005330441759867632,0.012811468244250921,0.00016413371857371128,0.0007482758109237375,-0.004971749550082397,2.4718293588632534e-05,0.0005258218702092199
1730,0.0008977824690683534,0.00024876550934401404,0.0008106456253046771,0.000561880115960663,-0.008966895757355656,8.040521952334956e-05,0.00030057765716651197,0.024793485820272704,0.0006147169391198526,0.0009055614922680588,0.0071536263104092015,5.117436938884001e-05,0.0012257977264794606
1731,0.000138697585107872,9.97958800338002e-05,0.00029349375262040695,0.00019369787258660676,0.008841211643222225,7.8167023320308e-05,0.00023785635551332174,-0.009768892875564,9.543126801425661e-05,0.00028389745605927885,0.011215585083583175,0.000125789348766836,0.0003587274462886203
1732,0.0006362633079882718,0.00017675786254767178,0.0012102691014242994,0.0010335112388766277,-0.01651613502548161,0.00027278271618003114,0.0012049464033446755,0.006509435433458396,4.237274966256699e-05,0.0009705390939119818,-0.014666905665492025,0.00021511812180041723,0.001455321807016241
1733,5.909081953436868e-05,4.5882549408441754e-05,0.00020352137564731235,0.0001576388262388706,0.007231193370152337,5.229015755758848e-05,0.00022973218492017278,0.006655095336959396,4.4290293944149184e-05,0.00023660267466674156,-0.006408369271806496,4.106719672358761e-05,0.00014422926735502273
1734,8.299045769100122e-05,3.8804348592528605e-05,0.0001277118108212368,8.890746222870821e-05,-0.008812878481654187,7.766682713228334e-05,0.00021050859135718358,0.0036184673157790056,1.3093305715083936e-05,9.439778569231283e-05,-0.005064870475173117,2.565291293021854e-05,7.822905541421399e-05
1735,0.00025734373365182694,0.0001106186637396626,0.0003449974391221596,0.00023437877538249696,0.013150865046081204,0.0001729452514600549,0.0004901958184372335,0.012521504386980511,0.00015678807211305656,0.00037538902211997627,0.0014569377632469669,2.1226676458763194e-06,0.00016940747680926904
1736,0.0003025247012403698,5.2476119430378e-05,0.00023171322347603773,0.00017923710404565973,0.009341086279967747,8.725589288993696e-05,0.0003073922226048964,-0.0021579423883324117,4.656715351325502e-06,5.594657263274794e-05,0.008094180010950537,6.551575004987154e-05,0.00033180087519046886
1737,6.719925520815018e-05,2.732936496259904e-05,0.0002189825286044537,0.00019165316364185464,-0.0037308358225381258,1.391913593495886e-05,0.00025980422924687385,-0.0076999681555872295,5.928950959666057e-05,0.00029585246120145126,-0.0029630135599032718,8.779449356177693e-06,0.000101290895365036
1738,3.044834627852211e-05,9.694213155516293e-06,0.00020748381013213635,0.00019778959697662005,-0.003736249130540881,1.3959557565224046e-05,0.00037998530167515643,-0.002954475354037179,8.72892461789565e-06,9.46670348460632e-05,-0.002528667096148958,6.3941572834291804e-06,0.0001477990938751894
1739,0.0001675607869127127,6.0790791646040766e-05,0.00023592644581316158,0.00017513565416712082,-0.003442031022540623,1.184757756034216e-05,0.0001566482652498591,0.010890569356641355,0.00011860450091183417,0.0002898914472918568,-0.007205573985868395,5.192029646594598e-05,0.00026123962489776886
1740,3.7219692603396304e-05,1.542205909717727e-05,0.00042140246841223156,0.0004059804093150543,-0.0032198851335720744,1.0367660273291612e-05,0.0002023049695437651,-0.004426281958327546,1.9591971974430855e-05,0.000623322338713872,-0.004038136332966392,1.630654504380935e-05,0.00043858009697905764
1741,4.492206587813907e-05,5.4581943734755e-06,0.0001785323770293242,0.0001730741826558487,0.0008803405323918824,7.749994528349902e-07,8.694687024402015e-05,-0.0007836972673091362,6.141814068438833e-07,0.00022378608086681684,-0.003871098327464723,1.4985402260747627e-05,0.0002248641799771356
1742,3.8852946489975615e-05,2.673352044513244e-06,0.00012302992540839477,0.00012035657336388153,-0.0027329196688168664,7.4688499159814015e-06,0.00013650033590806299,0.0007146929884064723,5.107860678865705e-07,0.00015005279519797465,0.0002010476306432072,4.042014967176044e-08,8.253664511914671e-05
1743,0.0001287416286828158,4.665127973132085e-05,0.0002135666714813874,0.00016691539175006653,-0.010550186818794454,0.00011130644191181815,0.00013539518031135955,0.002744714716939131,7.533458877495569e-06,0.0003537741800587746,-0.004594990577226439,2.1113938404648813e-05,0.000151530654074028
1744,0.0002608155698150538,0.00014659624287471917,0.00039981938893185465,0.0002532231460571355,0.015403109195418194,0.00023725577288613575,0.000730774283017599,-0.011989754900376107,0.00014375422257073556,0.0003296731766055938,-0.00766672897442847,5.877873316728621e-05,0.00013901070717237118
1745,0.00045782754053236285,0.00014426585495327013,0.00037725403525627293,0.0002329881803030028,0.01842194416252085,0.0003393680267271826,0.0004961736631954317,-0.0006890667124509972,4.7481293430351457e-07,0.0003713995091235711,-0.009641303086126901,9.295472519832426e-05,0.000264188933449816
1746,0.0001206927132254565,4.505817771172094e-05,0.0005160064477078841,0.0004709482699961631,-0.0009516851855057587,9.057046924665357e-07,0.0006731246419120485,-0.005159173836739809,2.6617074677770525e-05,0.0005850876940198813,0.010375536312160651,0.00010765175376492575,0.0002898070071917225
1747,0.00012374324645014756,3.7524701000823946e-05,0.00023290592851932246,0.0001953812275184985,0.007910974844603427,6.258352299182146e-05,0.00021903931754152506,-0.006294831594931425,3.962490480857728e-05,0.0002526563528796322,-0.0032195768669142553,1.0365675202073099e-05,0.00022702211513681014
1748,0.00023106700427921734,7.12545519330939e-05,0.00033010768501192295,0.00025885313307882907,-0.011114104597001503,0.00012352332099330177,0.0006435084274495351,0.0020708242728938757,4.28831316934275e-06,0.00021372701156985308,0.009271031314631153,8.595202163663718e-05,0.00013308761601638075
1749,0.00034150623970463645,0.00010292099375249404,0.0005268206153416314,0.00042389962158913735,0.003685575991085882,1.3583470386380192e-05,0.0003493538979155719,-0.015072146150334646,0.00022716958957702538,0.0006014352586642957,-0.008246812796124247,6.800992129407657e-05,0.0006296726894450266
1750,9.149491680982003e-05,2.5824357689089677e-05,0.00021434037081343357,0.0001885160131243439,0.0048112813469186775,2.3148428199171178e-05,0.00029082102135824517,0.006466428939663468,4.181470323172398e-05,0.00016998792637135107,0.003536939586116528,1.2509941636373867e-05,0.00018221216471070445
1751,0.00021792168884338103,0.00012687715299689964,0.0001931410448268167,6.626389182991707e-05,-0.0077376239222995795,5.9870823963192876e-05,0.00010316639773133573,0.013935901435113907,0.00019420934880887142,0.00029205705452350905,0.011249501598665553,0.00012655128621863465,0.00018419968222560534
1752,4.226148907215954e-05,1.7960562512760642e-05,0.00017835061840994668,0.00016039005589718602,0.002360436862468711,5.571662181624859e-06,0.0001009437879090358,-0.005136431934634022,2.6382933019597488e-05,0.00012979435451843102,0.004682637327120884,2.1927092337059584e-05,0.0003043137128023732
1753,0.00016581362085399398,8.395502608197584e-05,0.0003826636105813315,0.00029870858449935567,0.007907022611555719,6.252100657977433e-05,0.00040063508778120926,-0.0064617173420718176,4.1753791009013774e-05,0.000194930032060614,0.012148674028750533,0.00014759028065713942,0.0005524257119021714
1754,0.0007880134179610865,0.0002886259768933863,0.0007290212550729406,0.00044039527817955426,0.024143716404923476,0.0005829190418416008,0.0008447434815915811,0.01619887841390787,0.00026240366186836006,0.0007890417134109873,0.004533787265698877,2.055522697019807e-05,0.0005532785702162535
1755,0.0006002292151707778,0.00017917986708323083,0.0013009700013237129,0.0011217901342404821,-0.005690113744208975,3.2377394422189454e-05,0.0007689288027260544,-0.013719016520694757,0.0001882114142950364,0.0006741089646090659,-0.01780311187777878,0.0003169507925324666,0.002459872236636018
1756,0.0005488506943659432,0.00020553493142883017,0.00035614697295120273,0.00015061204152237256,-0.02269712712561751,0.0005151595797567854,0.0005409108945266805,-0.00960221848764525,9.220259988451662e-05,0.0004612163901495103,-0.0030401668778557373,9.242614645188496e-06,6.631363417741731e-05
1757,0.0009582756396910863,7.788868540440734e-05,0.00021621378579868752,0.0001383251003942802,-0.0045302024623244345,2.0522734349603944e-05,0.00010578943663686058,-0.011014071201550481,0.00012130976443258668,0.0003541313803856472,0.009582982700138267,9.183355743103139e-05,0.0001887205403735548
1758,0.0002698894546383501,7.351937121606127e-05,0.0004322661904998526,0.0003587468192837913,0.005557311761965488,3.0883714019269703e-05,0.0007089480555640959,-0.006924008514509582,4.7941893908887145e-05,0.0001819767687724072,-0.01190514618642093,0.00014173250572002694,0.0004058737471630547
1759,6.901681770354884e-05,1.9661834530541416e-05,0.0004939686768832644,0.00047430684235272297,-0.004704473556504509,2.2132071443969892e-05,0.0005255507834801554,0.002809679320642555,7.894297884947221e-06,0.00027808579668198163,0.005381369181024245,2.895913426270713e-05,0.0006782694504876563
1760,1.7621127276878923e-05,4.080239303538846e-06,0.00015387752424996423,0.00014979728494642539,0.0033702490445599873,1.1358578622999715e-05,0.00012476097094138439,-0.0006660873072806598,4.436723008982568e-07,0.00013347565081311963,-0.0006621683973839153,4.3846698671856643e-07,0.00020339595099538865
1761,0.0007777869562389794,0.00027041131280795366,0.0006707802338103974,0.00040036892100244376,-0.0096301294145276,9.273939254061947e-05,0.0006108643044578921,0.02661596735189414,0.0007084097180770632,0.0008981693054624929,-0.003175661790316925,1.0084827806178254e-05,0.0005033070915108073
1762,0.0003244427706559083,0.00011906722517929236,0.00020411709095372968,8.504986577443732e-05,-0.014057231362804757,0.0001976057535874043,0.00023626433688828108,-0.012441608031413531,0.00015479361040759976,0.00021567572531211443,0.0021914177016544205,4.802311542873028e-06,0.00016041121066079356
1763,6.83900424269801e-05,1.9120111823626534e-05,0.00021393824633146133,0.0001948181345078348,0.0032065774088664983,1.028213867904082e-05,0.0002684885303320117,0.005335115539370802,2.8463457818261872e-05,0.00020942381282684774,-0.0043144801510151855,1.8614738973576905e-05,0.00016390239583552457
1764,0.00036523594864179554,0.00013369586088740615,0.00026265614498899303,0.00012896028410158689,0.014920359798872929,0.0002226171365282692,0.00039292466489659894,0.0019072015503362042,3.6374177535547503e-06,0.00011956755497444238,0.0132224441152393,0.0001748330283803945,0.0002754762150959378
1765,6.128047798481528e-05,2.7304022831131647e-05,0.000245146851231189,0.00021784282840005736,0.0036449954386265355,1.328599174776901e-05,0.00040188901343929384,0.004698270204789365,2.2073742916961514e-05,0.00014869517932714071,-0.006822927071909054,4.6552333828664416e-05,0.00018485636092713253
1766,0.0008303240787097543,0.0002975168349436859,0.0005724379680697907,0.00027492113312610483,-0.02872774905126657,0.0008252835655523372,0.0012246733974446977,0.003060969686767821,9.369535423409125e-06,0.0002492852582198779,0.007609034357618199,5.78974038553115e-05,0.0002433552485447965
1767,0.00042196404384031716,0.00010191199726006239,0.0004195224949817833,0.0003176104977217209,0.016072343525946303,0.00025832022641603114,0.0005488441145772294,-0.0037849405803799517,1.4325775197221446e-05,0.00022544833639714934,0.005752389952600578,3.308999016693459e-05,0.00048427503397097116
1768,0.00045863980340077326,0.00013644289690025366,0.0003407448096932608,0.00020430191279300716,-0.019596020848559773,0.00038400403309690745,0.000649427815352599,-0.0049222041199353216,2.4228093398193096e-05,0.0001706388358079236,0.0010471696164500207,1.0965642056603997e-06,0.00020216777791925988
1769,7.340593597682243e-05,3.0469007735104785e-05,0.0005089323081508926,0.00047846330041578783,-0.0036401874903193377,1.3250964964628409e-05,0.0005660787207958373,-0.0069124740788051526,4.778229789059729e-05,0.0002456606423110186,0.005511239456834877,3.0373760350088652e-05,0.0007150575613458221
1770,4.462401651716963e-05,1.0880532847886334e-05,0.00011271459381271647,0.00010183406096483014,-0.005100503694535292,2.60151379384288e-05,0.0001250549665872125,-0.0008323966994746702,6.928842655185008e-07,6.276194203147512e-05,0.0024358933349846266,5.933576339711699e-06,0.00015032687281946178
1771,3.0268362050223097e-05,1.957223811762295e-06,0.0001622729460980151,0.0001603157222862528,0.0018824935171757188,3.5437818420858136e-06,0.0001327705688349834,-0.001505913186372637,2.267774524722377e-06,0.0002304158606990514,-0.00024518374370419767,6.011506847869441e-08,0.00012363240876001047
1772,0.0006055175356302067,0.0001851024263857711,0.0008137465701536876,0.0006286441437679164,-0.02247352030184697,0.0005050591147572892,0.000679894804224368,-0.0008614220857986631,7.420480099273874e-07,0.00037823332142172816,0.007036058299242211,4.950611639009672e-05,0.0013831115848149667
1773,0.00044043220438305664,0.00022699427388213808,0.0008607098297112777,0.0006337155558291396,0.01808949222883039,0.00032722972909704495,0.0011279255442507852,-0.010254372328374464,0.00010515215184880855,0.0006051333595570307,-0.015767084089981898,0.0002486009407005607,0.0008490705853260172
1774,0.004033076638909283,0.001255916457878407,0.0017642746399343379,0.0005083581820559309,-0.007288257593755093,5.3118698753018556e-05,0.0005043922882537188,0.06013099297732686,0.0036157363164392997,0.00427729335792959,-0.009944564266120497,9.889435844290251e-05,0.0005111382736197045
1775,3.0003347110119094e-05,2.058016216614315e-05,0.00029573159974627394,0.0002751514375801308,0.0035656822022265013,1.2714089567267273e-05,0.0004283403332406843,-0.004654791374208191,2.166708273743101e-05,0.0002086383683331805,-0.005230613175722216,2.7359314193731166e-05,0.000250216097664957
1776,0.00036827858324761653,0.00016005337311908452,0.0005703852346512864,0.0004103318615322019,0.0004993299489111607,2.4933039788344047e-07,0.00021780519596859005,0.011946767766075986,0.00014272526005654207,0.0005961614027818474,-0.018362612257051967,0.00033718552890282805,0.000897189105203422
1777,0.0004347738719508998,0.00015124452205546776,0.000383424209056719,0.00023217968700125122,-0.0059721291479631474,3.566632655993551e-05,0.00036308813448227006,0.017829945301571726,0.00031790694945710296,0.00048388917671471354,-0.01000801129841124,0.00010016029014936478,0.0003032953159731733
1778,0.00032720677745690097,0.00010394809652384633,0.00024589273956254765,0.0001419446430387013,-0.0010288251057144686,1.058481098104025e-06,0.00015412142439674703,0.0046795110280025915,2.1897823461181076e-05,0.000214434728307622,0.01699670512223015,0.0002888879850122539,0.0003691220659832739
1779,7.568664588519791e-05,4.0655892605045985e-05,0.0002563750582778394,0.00021571916567279342,0.00339318211379995,1.151368485718951e-05,0.0003073807908272608,0.008091877998380851,6.547848954074897e-05,0.00020450613284128671,0.006706377816463851,4.497550341719947e-05,0.0002572382511649707
1780,0.0006333199195657224,0.0001508014936744869,0.0006564439014521417,0.0005056424077776548,0.003299241451321987,1.0884994154247707e-05,0.00018013335902755667,0.006241119209580409,3.8951568988365715e-05,0.00042851318790415593,0.0200640952420224,0.0004025679178808472,0.0013606851574247125
1781,2.3877834323449143e-05,6.443284294888052e-06,0.0002529745873177669,0.00024653130302287884,0.0036921396405567705,1.3631895125598703e-05,0.000250602139254652,0.00034396714235976903,1.1831339497003768e-07,0.00015811336356230665,-0.002362127084658784,5.579644364095415e-06,0.000350208259136342
1782,0.0006435919040886917,0.0002622419496318325,0.000705655198315965,0.0004434132486841325,-0.015087436257364039,0.00022763073282006108,0.0010257344615143271,0.020008763073953578,0.00040035059974974363,0.0007453274445657909,-0.012599385553495464,0.00015874451632569286,0.0003459036888677769
1783,7.834851606314253e-05,1.81452279551797e-05,0.00025220677125355656,0.00023406154329837686,0.0006471504130821978,4.1880365742041903e-07,0.0002551400445860441,0.006466336772554735,4.181351125598365e-05,0.0003210898661722972,0.0034933320701460617,1.220336895213503e-05,0.00018039040300232845
1784,0.00038557473769218475,0.0001413275182785556,0.0030077698820901353,0.0028664423638115797,0.012657500884548239,0.000160212328642384,0.004782652975196422,-0.0008077114083554063,6.52397719069775e-07,0.0027545892319003062,-0.016220907140916924,0.00026311782847421306,0.0014860674391736772
1785,3.6889255832672774e-05,1.7295692383142065e-05,0.00026990327635649053,0.0002526075839733485,-0.003146183035459364,9.89846769250402e-06,0.0002455690680326361,-0.0035249309359653633,1.242513810340018e-05,0.00022343820250381174,-0.005437230117764851,2.9563471353521997e-05,0.00034070255853302367
1786,8.124127446240692e-05,3.1679946898455213e-05,0.00044710028655459144,0.00041542033965613623,-0.00878590263972412,7.719208519474385e-05,0.0008606322546725886,-0.0012531638352642261,1.5704195978072377e-06,0.00017437792415375686,-0.00403451805085512,1.627733590281455e-05,0.00030629068083742883
1787,0.001135172386739991,0.00027311579533136526,0.0009765885784401112,0.0007034727831087459,0.013661397525354262,0.00018663378234573536,0.00042974129967054964,0.021147939476956673,0.0004472353441208332,0.0014454692765322186,0.013619040330635093,0.00018547825952752728,0.001054555159117565
1788,0.00039060229613452346,0.00012411186758879791,0.00019627630392330767,7.216443633450975e-05,-0.007328730471284637,5.371029032041896e-05,7.721801143256712e-05,0.0018636502418530754,3.4731922243791402e-06,0.0001568266359620596,-0.017752524333779936,0.00031515212022159567,0.0003547842643752963
1789,0.00012350390925164323,4.1452679957957685e-05,0.00025895082356008903,0.00021749814360213135,-0.004950849650118165,2.4510912257968975e-05,0.0003577461345071198,0.008662096855001846,7.503192192526154e-05,0.0002231336205840151,0.004981486293321198,2.481520569064255e-05,0.0001959727155891322
1790,0.00015474714007046586,5.162141502423889e-05,0.0001594100293710321,0.00010778861434679321,-0.007027657792355483,4.938797404618889e-05,0.0001613486973486289,0.00879825785961764,7.740934136413191e-05,0.00018184227116835316,-0.005297823105973068,2.806692966239588e-05,0.00013503911959611425
1791,0.0001816900226807583,6.170815295195957e-05,0.00028168641809885503,0.00021997826514689545,-0.003868386613319358,1.496441499027057e-05,8.811824467425122e-05,0.012033719997680607,0.00014481041698288788,0.00036049171014940207,-0.005034841296690173,2.5349626882720244e-05,0.00039644929947291185
1792,0.00020546019796985338,8.20715273341932e-05,0.0003823109193543302,0.000300239392020137,-0.0061027362340592695,3.724338954247397e-05,0.0004807416897549821,0.003099420747727557,9.606408971518654e-06,0.00013237032971624707,-0.014119659467869342,0.000199364783488587,0.0005338207385917615
1793,0.00034585726138325334,6.95152034432267e-05,0.00020021693001544735,0.00013070172657222065,0.010633394386594205,0.00011306907618080508,0.0003537357540376318,-0.0063260044831397995,4.001833272093691e-05,7.90348401317198e-05,-0.007447026347997524,5.5458201427938114e-05,0.00016788019587699043
1794,0.0004659793318161354,0.0001755638450084603,0.00046529492104474546,0.0002897310760362851,0.008253110938405818,6.811384016158772e-05,0.000564766507418657,0.000871191344594422,7.589743588054532e-07,0.0001110039742350244,-0.021396698822597083,0.00045781872050498773,0.000720114281480555
1795,2.1236268810898018e-05,8.518965378345733e-06,0.00015439536421150515,0.00014587639883315942,-0.004179320278562738,1.7466717990521907e-05,0.00016570211920763356,-0.002844261365682065,8.089822716272899e-06,0.00019491121389814126,-1.8852808001956807e-05,3.5542824239342963e-10,0.00010257275952874068
1796,5.155466049622248e-05,3.952263962547775e-06,0.00031440199380013595,0.0003104497298375882,-0.0033114952738120358,1.0966000948298138e-05,0.00016798613005453156,-0.00040886605185511924,1.6717144801781103e-07,0.00036930398293488764,0.0008506582694526722,7.236194913273764e-07,0.0004059158684109887
1797,0.0007183503218493037,0.00029260837277637436,0.0007449974093643267,0.0004523890365879523,0.008424750260452507,7.097641695097412e-05,0.0008992970645603782,-0.02194405874475037,0.0004815417141926792,0.0008203599362387459,0.018036268660266783,0.0003253069871854697,0.0005153352272938561
1798,0.00021400863516363167,9.729048532910085e-05,0.000539062009562404,0.0004417715242333032,0.008130717460091431,6.610856641586782e-05,0.0002584793927463691,0.014119266843203866,0.00019935369618950816,0.00037476925020674123,-0.005138987583342859,2.64091933819266e-05,0.0009839373857341016
1799,0.00020299356318409512,8.189561411046468e-05,0.00025027351437711953,0.00016837790026665483,0.008307789043987218,6.901935879932708e-05,0.0002843233858110805,-0.012817801861374569,0.0001642960445578101,0.00036589822807098216,-0.0035173056412467736,1.2371438974256854e-05,0.00010059892924929592
1800,5.097941406495554e-05,1.2759138128963047e-05,0.0001732388168586748,0.00016047967872971175,-0.0018994566288760694,3.6079354845952594e-06,0.00012910443083236078,-0.005686053044527076,3.2331199225188456e-05,0.00018237021896039263,-0.0015291434456393463,2.338279677105426e-06,0.00020824180078327093
1801,0.0005428617131607583,0.00011545159941883654,0.0003982906685560857,0.00028283906913724916,0.006086453950029722,3.7044921686102406e-05,0.00031642595452052724,-0.013469315615874172,0.00018142246316021904,0.00034223202107130923,0.011308731733057515,0.00012788741341018817,0.0005362140300764207
1802,3.536851980057154e-05,1.0861103622842686e-05,0.00027710820061869573,0.00026624709699585303,0.004778210931354506,2.2831299704373365e-05,0.0003005990931906899,0.003038541178251549,9.232732491648576e-06,0.00024838880872535274,-0.000720609931354497,5.192786725061183e-07,0.0002823366999400445
1803,2.1363174548150177e-05,7.265557889509407e-06,0.00016384163494479834,0.00015657607705528892,0.0037095358038685654,1.3760655879990757e-05,0.00028554274711578564,-0.00283439273085224,8.033782152527813e-06,5.2181476633328394e-05,-4.7282512912471006e-05,2.235636009650932e-09,0.000153800681085281
1804,5.548735255012094e-05,1.7614810105019234e-05,0.00013263792478997635,0.00011502311468495711,-0.0037561220307518422,1.410845270999328e-05,0.00015634321164159637,-0.005818965713374266,3.386036197361442e-05,0.00010054365281808586,-0.0022080796252494806,4.875615631450003e-06,0.0001410269099102468
1805,0.0005738871585898586,0.00011539429884447709,0.0002479335385113061,0.000132539239666829,0.01034728200487635,0.00010706624488876493,0.0002359090378737383,-0.001998029573312542,3.992122176055268e-06,0.00011999263234085955,-0.015333770882227826,0.00023512452946861107,0.00038789894531932045
1806,0.00010486698344691625,1.464808671099623e-05,0.00027779282914752734,0.00026314474243653113,0.000290774923906899,8.455005684471217e-08,0.0002431105663716071,-0.006549658148022962,4.289802185608593e-05,0.00036558724089885697,0.0009806570350837783,9.616882200580434e-07,0.00022468068017211795
1807,0.00011414438724077769,2.002793281382272e-05,0.0002911120575103121,0.0002710841246964894,0.002296611359047948,5.274423733991895e-06,0.00032154561880737287,-0.0073941092749987445,5.467285197124916e-05,0.00021463538285115824,0.0003694898333301962,1.365227362271071e-07,0.0003371551708724052
1808,0.0002580349520306946,9.960831718980323e-05,0.00035353056523838394,0.0002539222480485807,0.008404247916231709,7.063138303764482e-05,0.00022291612263580785,0.0017605473624496305,3.0995270158262755e-06,0.00022754942081792962,-0.015003134389723838,0.0002250940415159386,0.0006101261522614143
1809,0.00033479736643360347,0.0001705105714190728,0.00045983823417035846,0.00028932766275128563,0.017287911236632172,0.00029887187492583234,0.000661319428117868,-0.005958297738611107,3.5501311941965596e-05,0.0003074754624684539,0.013310091186354248,0.0001771585273894205,0.0004107198119247535
1810,2.0420159122513937e-06,1.0153548563411145e-06,0.00038134736148446685,0.0003803320066281257,-0.0011332010920107722,1.2841447150080398e-06,0.00039255275596228323,-0.00038147325692817856,1.4552184535165935e-07,0.00035325300151856087,-0.0012713764228933343,1.6163980086636442e-06,0.0003982363269725564
1811,0.0002617706592078495,0.00018552636688769683,0.00026258740496539385,7.706103807769701e-05,-0.013618126455841952,0.00018545336816733204,0.00026812819200916493,-0.015077071035274848,0.0002273180710027356,0.00029327863116246355,-0.011991983217669758,0.00014380766149302282,0.0002263553917245531
1812,5.4643198567405626e-05,2.27029578306522e-05,0.00011091402498146034,8.821106715080815e-05,0.006019268740029658,3.62315961648374e-05,0.0001027786935371422,0.003466476693678371,1.2016460667729767e-05,0.0001259861050371125,-0.004456547616661603,1.9860816659389435e-05,0.00010397727637012633
1813,9.62896466959462e-05,1.5151958731363102e-05,0.0002850123717991944,0.0002698604130678313,-0.004123045900374517,1.6999507496562316e-05,0.0004169926826818049,-0.004430829429083241,1.963224942957975e-05,0.00036147832774735544,0.00297054191480564,8.824119267947239e-06,7.656610496842298e-05
1814,2.049730607867062e-05,7.21724346800882e-06,0.00019740858313854748,0.00019019133967053867,0.0017307356247130295,2.995445802289609e-06,7.104916594868893e-05,-0.0010119899729532855,1.024123705173352e-06,0.00026738848552210204,-0.004199066669708218,1.7632160896563498e-05,0.00025378809794485147
1815,0.0001544651701269606,5.2654146103188935e-05,0.00031240450491750355,0.00025975035881431463,-0.006171144223735149,3.808302103003314e-05,0.0003576355906590445,0.00993298826927821,9.866425595794759e-05,0.0003261887567365118,0.0046059918933551115,2.1215161321586073e-05,0.0002533891673569544
1816,0.0001616467942655575,5.309528503716354e-05,0.00016888351421040504,0.0001157882291732415,0.008829184989134596,7.795450757208666e-05,0.00012241909819921126,0.008095951068257199,6.554442369921532e-05,0.00019003086318691853,0.003973276209905665,1.578692384018865e-05,0.00019420058124508532
1817,0.00026280379560117417,7.025916381235102e-05,0.0003905344981546636,0.0003202753343423126,-0.006541294524481258,4.278853405592642e-05,0.00038541947480774663,0.004257903684362972,1.8129743785677555e-05,0.00033736899297731604,-0.012241699783738647,0.00014985921359544907,0.00044881502667892814
1818,0.00029745398409553037,0.00014269791321593525,0.00032067526002247754,0.00017797734680654229,-0.014287503046537777,0.00020413274330455256,0.0003505945329769222,0.006216041620760576,3.86391734311653e-05,0.00034146171534066294,0.013613295813731333,0.00018532182291208787,0.0002699695317498474
1819,2.8487020110934402e-05,8.646388242605774e-06,0.00025429588850345297,0.0002456495002608472,0.004946042192028503,2.446333336547646e-05,0.00010872498020675359,0.0010806492599878545,1.1678028228878645e-06,0.00010276889020666147,0.0005550031885806329,3.08028539452998e-07,0.0005513937950969439
1820,0.0009984652067307476,0.00035817535470272777,0.0006982845116613919,0.00034010915695866417,-0.0305218040902777,0.0009315805249252573,0.0016733196034673936,0.00928886699538841,8.62830500579781e-05,0.00019202104534021824,-0.00752744904499799,5.666248912494787e-05,0.00022951288617656385
1821,0.00016382159253691686,6.313949857265448e-05,0.00023441406027779887,0.00017127456170514438,-0.01278970394538073,0.00016357652701048941,0.0004067108532742614,-0.004824058874107587,2.32715440204867e-05,0.00012839962514843428,-0.0016032544048874818,2.570424686987316e-06,0.00016813170241070097
1822,-11.995383255917686,4.93688969761541e-05,0.00012354074633695125,7.417184936079715e-05,0.004291647862836529,1.8418241379380973e-05,0.00016241628010860154,-0.00804909568570528,6.47879413577801e-05,0.00010407097820563926,-0.008056085165329725,6.490050819130122e-05,0.00010413498069661298
1823,7.306873704593375e-05,2.1612582202790165e-05,0.0003930825841158188,0.00037147000191302865,-0.0003754566832767075,1.409677210517657e-07,0.00029940325268595913,0.001940817345096613,3.7667719671174993e-06,0.0002837011974741177,0.00780576754204675,6.093000692020123e-05,0.0005961433021873797
1824,0.00020016373548026323,7.811097406962286e-05,0.00015620907483567445,7.809810076605159e-05,0.0018392403929155512,3.3828052224960103e-06,9.759411650589467e-05,-0.013935556291911311,0.00019419972916490114,0.00021318418453564192,-0.006062209813374499,3.675038782147144e-05,0.00015784892346548673
1825,0.00010231675096017412,4.9491764584908005e-05,0.00019950736240052316,0.00015001559781561516,-0.008208629706173181,6.738160165298268e-05,0.00021309996332463665,0.007966034688158773,6.345770865301414e-05,0.0002591342962394716,-0.004199521811890446,1.7635983448727188e-05,0.00012628782763746127
1826,1.0577826675128854e-05,2.8446052735923524e-06,0.0002065631835093118,0.00020371857823571946,-0.0006882151140685522,4.736400434079968e-07,0.0003279519621572913,-0.0018237008729986343,3.3258848741724023e-06,0.0001596785012698554,-0.002175842573195583,4.7342909031966585e-06,0.00013205908710078873
1827,0.12875873832676832,0.08159640280874854,0.09391833231674862,0.012321929508000082,0.34782359314147965,0.12098125194584963,0.13346206451473142,0.3374218617840014,0.11385351280978184,0.12381166430741519,0.09977195833807284,0.009954443670614155,0.024481268128099254
1828,3.2152396472917566e-05,9.941343433202595e-06,0.00019349151827989056,0.00018355017484668795,-0.0006627018589028174,4.391737541409313e-07,0.00015220624420952955,0.005066829753169045,2.567276374743077e-05,0.00025728534865943065,-0.0019266792151679342,3.712092798036082e-06,0.0001709829619707115
1829,0.00014249146231770649,4.276855866354919e-05,0.00021692714949291444,0.00017415859082936525,0.0031002286978347162,9.61141797894971e-06,0.00025468208997248,0.0024863669461246216,6.182020591105619e-06,0.00018200073364316172,-0.010607178579649981,0.00011251223742059224,0.0002140986248631016
1830,0.00010786824831054975,3.1233166566798275e-05,0.00019716436565068532,0.00016593119908388704,-0.009616424947300908,9.24756287670192e-05,0.00024004026476553975,-5.201721682476866e-05,2.7057909246508416e-09,0.00018548489542802304,0.0011050634109476378,1.221165142450964e-06,0.0001659679367584932
1831,6.3099200697802615e-06,3.0810541151726767e-06,0.0002514085711129062,0.00024832751699773353,-0.0011915574624111833,1.4198091861095108e-06,0.00031933652441518134,0.002072696330209326,4.29607007745858e-06,0.0002128099395034555,0.0018781062490913947,3.527283081949939e-06,0.00022207924942008184
1832,0.00014829762287105197,0.000107532917957102,0.00035636517254348615,0.00024883225458638414,-0.012085445405011538,0.00014605799063771574,0.0003274060411765367,0.009411142816552509,8.856960911374223e-05,0.00029120198919874163,-0.009379293903033247,8.797115411984802e-05,0.00045048748725518006
1833,0.00018138704502190794,6.19395918177353e-05,0.00023352572162974963,0.00017158612981201432,-0.003851805603359946,1.4836406406204539e-05,0.00020418867222671278,-0.003036038608912314,9.217530434590948e-06,0.00012178806920137841,-0.01271868069464967,0.00016176483861241042,0.00037460042346115774
1834,0.00012968161996640415,4.55837995222419e-05,0.0001986007659039446,0.0001530169663817027,0.01042554826205359,0.00010869205656438563,0.00037183771933202436,-0.0030202922922323307,9.122165530506265e-06,0.00011848976846096093,-0.004351686623856546,1.8937176471833794e-05,0.0001054748099188485
1835,0.00015851068330052787,2.6437289952996323e-05,0.00012981398550956,0.00010337669555656367,-0.004936986522712265,2.437383592590603e-05,9.720919728350985e-05,-0.00736920033290757,5.43051135466488e-05,0.00016988234038983752,0.0007955629372433665,6.329203864341437e-07,0.0001223504188553326
1836,0.00013421132366009392,1.1419641626838247e-05,0.00022964101917703297,0.00021822137755019472,-5.4687904862970976e-05,2.9907669674145154e-09,0.00017504717984084817,0.005572575786822406,3.105360089972198e-05,0.00027841718988541597,-0.0017895064163092225,3.202333213825348e-06,0.0002354586878048348
1837,0.0001228939105949456,6.0079368465304483e-05,0.00029614115586618084,0.00023606178740087636,-0.010818247151412243,0.00011703447142885626,0.00029521892692330187,-0.007744968502522424,5.998453710520657e-05,0.00024359850952082596,-0.0017941841770407856,3.2190968618506233e-06,0.0003496060311544147
1838,2.0455932340901484e-05,3.585637946075989e-06,0.0002602871677382934,0.00025670152979221744,0.0010132614404461716,1.0266987471307942e-06,0.00030341386706778106,0.00230761614783843,5.325092285457522e-06,0.00014219178574303992,-0.0020988384420360263,4.40512280563965e-06,0.00033525585040405925
1839,0.00017038789308154723,3.656140792041018e-05,0.00022953734887602253,0.00019297594095561235,-0.00021437169740897387,4.595522440364874e-08,0.0001820828103065164,-0.007441685230056727,5.5378679063244896e-05,0.000215097093724137,-0.007366110878430012,5.4259589473582004e-05,0.00029143214259741423
1840,2.890406883948593e-05,9.539095288409646e-06,8.645200346413251e-05,7.691290817572287e-05,0.0006006436099080892,3.607727463439403e-07,0.00010513474848217186,0.0013165680244955817,1.7333513633310815e-06,7.178496186921457e-05,0.005150064247734148,2.6523161755553915e-05,8.24363000410111e-05
1841,0.004454011110641254,0.0013502728811231417,0.0030017383374155715,0.0016514654562924298,0.047489878837521114,0.0022552885920023025,0.0027702091682376695,0.03344062084859933,0.0011182751227397647,0.0020496782568366623,-0.026024122052961507,0.0006772549286273577,0.004185327587172383
1842,0.0035280311977592405,0.0013059879811140689,0.004259370051595379,0.00295338207048131,-0.03609197394603482,0.0013026305833211405,0.007324246207413121,0.04665880522315295,0.0021770441048523104,0.003689978356230972,-0.020935358969185917,0.0004382892551687556,0.0017638855911420448
1843,0.00044048700782017836,0.0002484723423878214,0.0005863071306326425,0.0003378347882448211,0.002500614460967872,6.253072682205207e-06,0.0002456831548578453,-0.020423046020168423,0.0004171008087421324,0.000725888338175773,-0.01794611784590324,0.00032206314573912653,0.0007873498988643091
1844,2.032096479831491e-05,4.466288266595046e-06,4.3416658971007216e-05,3.895037070441217e-05,0.0026466245252310026,7.00462137770419e-06,4.5775008246318194e-05,0.0009481148341349285,8.989217388233328e-07,3.4525222479264706e-05,-0.0023442102472632435,5.495321683257615e-06,4.994974618743875e-05
1845,0.00010882652952959315,3.512755454193606e-05,0.00020080967958184073,0.00016568212503990468,0.004615874678216075,2.130629904539827e-05,0.00015574600815160267,0.005398569186015728,2.9144549256177044e-05,0.00012078848442864665,0.0074116000515632744,5.493181532423286e-05,0.0003258945461652729
1846,8.204512996623503e-05,1.5685098458580644e-06,0.00012209734748658274,0.00012052883764072468,0.0003891159760605826,1.5141124254380856e-07,0.0001223555306711921,-0.00033966019878998657,1.1536905109021944e-07,0.00012426094118822562,0.0021068339384635562,4.4387492439401655e-06,0.00011967557060033052
1847,0.0007705382694048746,7.386124402319894e-05,0.0010521009457306052,0.0009782397017074063,9.269448114514181e-05,8.592266897977652e-09,0.0007922520545516898,0.01196980096281531,0.00014327613508968717,0.0014131048539858249,0.008848672483098691,7.829900471301166e-05,0.0009509459286543009
1848,0.00023322880344911479,6.563456809179542e-05,0.0011329632983771616,0.0010673287302853662,-0.009807538587862126,9.618781315234859e-05,0.0004997063668623625,-0.007565671558671835,5.723938613355628e-05,0.002510246499822788,0.0065936715864022034,4.347650498948141e-05,0.0003889370284463345
1849,0.014120666746334942,0.004424848539354913,0.006539651463923583,0.0021148029245686706,0.024881194355320005,0.0006190738325472234,0.0030202761317648097,-0.10746561762417475,0.011548858971345388,0.014871904757044363,0.033265790448633675,0.0011066128141721254,0.001726773502961576
1850,0.0009974368221356,0.0005927919435129528,0.0022532938222454466,0.0016605018787324939,0.01970350917206772,0.0003882282736942244,0.002259525636127191,0.02220762052952162,0.0004931784095829617,0.0020219385494061326,0.029949443187845072,0.0008969691472616725,0.002478417281203016
1851,0.00015460893348051563,6.848768037770459e-05,0.0003777080941099742,0.0003092204137322696,0.012342026005588176,0.0001523256059227096,0.0003909479509426328,0.001917948763606469,3.67852746008257e-06,0.00028376108499017505,-0.007032702734386258,4.945890775032158e-05,0.00045841524639711473
1852,0.00014651450648428543,5.5684505920009876e-05,0.0003573360054261639,0.000301651499506154,0.002809476627971474,7.89315892313347e-06,0.00033525677098300566,-0.00737519853020041,5.439355335989937e-05,0.00034093083296915516,-0.010235565713559255,0.0001047668054769968,0.0003958204123263309
1853,0.0003001594517962891,0.00013699354655649643,0.0002755349494930985,0.00013854140293660205,0.007102775305309626,5.044941703746808e-05,0.00023631407912949598,0.008766815771205574,7.685705876625537e-05,0.0001268487524955786,-0.016842629363187173,0.0002836741638657658,0.0004634420168542208
1854,6.453484600610349e-05,1.4964185284127574e-05,0.00014468551434347146,0.0001297213290593439,-0.001485340059898528,2.2062350937268604e-06,9.776016141849198e-05,0.0064872877077884064,4.2084901804351205e-05,0.0001688483950164077,0.0007755120590932426,6.014189543046555e-07,0.00016744798659551474
1855,0.0003105197861622555,7.561503022309364e-05,0.00024887459495563186,0.00017325956473253823,-0.0057039014920005375,3.2534492230507084e-05,0.00031121239648368437,-0.011097331194596093,0.00012315075964230981,0.00025622490562859923,-0.008435629128668458,7.115983879646404e-05,0.0001791864827546119
1856,3.8991110558384e-05,1.5320152546312766e-05,0.0001493232364399392,0.00013400308389362642,0.0030006254096583106,9.003752848735225e-06,0.00018393383620229908,0.0057912378328596635,3.353843563680403e-05,0.00024026419338207816,0.0018488561743045494,3.418269153399045e-06,2.3771679735440365e-05
1857,8.23794839142078e-05,1.4914775475697676e-05,0.00016333307956195586,0.0001484183040862582,0.005676913466049672,3.222734650099035e-05,9.960776227646573e-05,0.0015625245635571094,2.4414830117613917e-06,7.630289260829315e-05,-0.003174192324753265,1.0075496914341286e-05,0.0003140885838011087
1858,0.003495021207161164,0.0012368194381619328,0.0016176978081722249,0.000380878370010292,-0.04425915757765096,0.0019588730294831658,0.0020499378999020434,0.020595117256777942,0.0004241588548201669,0.0011636916806877506,0.03643386378333001,0.0013274264301824656,0.0016394638439268805
1859,0.00018413381276716212,6.248581181515316e-05,0.0003191950692429761,0.0002567092574278229,-0.006275973200369214,3.9387839611659814e-05,0.0001732531495278744,-0.012101673897859187,0.00014645051113049146,0.0006397864071787662,-0.0012724325926163785,1.6190847033081823e-06,0.00014454565102228756
1860,0.00010514595764909984,2.9525014514882503e-05,0.00011256505696566332,8.304004245078082e-05,0.0037328915186725115,1.393447909037171e-05,2.9965397304931862e-05,0.006663975218168072,4.440856570830931e-05,0.00014150214538388717,-0.005498363278861327,3.0231998745966493e-05,0.00016622762820817094
1861,0.0003837225328578997,0.00011168439089396613,0.001132362107780042,0.001020677716886076,0.00926163079469701,8.577780497709409e-05,0.001175225879663122,-0.0001262060330501295,1.5927962726536293e-08,0.0016077631152903171,-0.015787952360642097,0.00024925943974207776,0.0006140973283866868
1862,0.0003205820825262773,9.037875136264084e-05,0.00028852903414237446,0.00019815028277973362,-0.0034199847736224374,1.1696295851848504e-05,0.0002670520459325809,0.015175537632320766,0.00023029694243070775,0.0004057226237851319,-0.00539842716034436,2.9143015805366268e-05,0.0001928124327094105
1863,9.200706170275907e-06,3.1983193587622103e-06,0.00024835578743487297,0.0002451574680761108,7.283038102188773e-05,5.304264361072342e-09,9.684379767860296e-05,0.002724738264041097,7.424198607552945e-06,0.00022463113483295327,0.001471548573589324,2.1654552043726127e-06,0.00042359242979306266
1864,0.00037321664095257834,0.00010768489529122682,0.0002573242393409207,0.00014963934404969387,0.012332390929326269,0.00015208786603382318,0.00016963877868414468,0.002391968613761626,5.721513848921944e-06,0.00013077412775941433,0.012854777555088247,0.00016524530599093534,0.000471559811579203
1865,0.0002617756200217203,5.792189780325548e-05,0.0003078433535136001,0.00024992145571034463,-0.012417372763215187,0.000154191146340521,0.0003784643411851585,-0.002380858615421254,5.668487746079975e-06,0.0001518843414423099,-0.0037290829064257035,1.3906059323165465e-05,0.00039318137791333196
1866,8.56726299436339e-06,8.992467998384749e-07,0.00019755294028215667,0.0001966536934823182,0.0002653366116018898,7.040351746034901e-08,9.214949097624547e-05,-0.00063845986221298,4.0763099551366366e-07,0.000388626307413209,-0.0014898677413329685,2.219705886541412e-06,0.00011188302245701554
1867,8.749785698569656e-05,4.8749971636989166e-05,0.00022061934382692586,0.0001718693721899367,0.004631225800016141,2.1448252410682933e-05,0.00026256856261086536,0.007163281486728807,5.13126016582488e-05,0.0001857798391461385,0.008572576091370939,7.348906084203577e-05,0.00021350962972377374
1868,1.0158550251326837e-05,2.9632600996309932e-06,0.00030403710317968474,0.00030107384308005375,0.0018568783207548831,3.44799709806054e-06,0.00047065419729097613,-0.0016092120533648124,2.589563432908726e-06,0.00027275007953686536,0.0016888516120406258,2.852219767923714e-06,0.0001687070327112128
1869,4.3145846398751075e-05,1.9276123151816076e-05,0.00023619161497086724,0.00021691549181905118,0.004362664481011602,1.9032841373833875e-05,0.00018217134805742496,-0.005146294110258169,2.6484343068955418e-05,0.00035600331144691744,0.0035087298289850116,1.2311185012658932e-05,0.0001704001854082593
1870,0.0001835623438459777,5.776317243085435e-05,0.00023673027518607745,0.0001789671027552231,-0.0049081007066151755,2.4089452546616208e-05,0.0002669450890602221,-0.0028089078029251025,7.889963045126791e-06,4.6935563078998044e-05,-0.011887392552641598,0.00014131010170082003,0.0003963101734190122
1871,0.0008717419443912133,0.0002784043722133071,0.0006240118000389409,0.00034560742782563375,-0.013260115900918709,0.00017583067370596783,0.000856502215637156,0.016279989789381652,0.0002650380675423003,0.00041440114332924605,-0.01985810603737838,0.0003943443753916531,0.0006011320411504206
1872,3.27184979793671e-05,1.2482121660236286e-05,0.00019620096243992227,0.00018371884077968598,0.0032257934170910477,1.040574316979459e-05,0.00012241114346667192,-0.004016505536288168,1.6132316723149742e-05,0.0003753995807539434,0.0033027723335934214,1.0908305087764525e-05,9.07921630991515e-05
1873,0.0009116796712909103,0.0003516756562473485,0.0005944920436828186,0.00024281638743547013,-0.0039013098822110264,1.5220218796963003e-05,0.00034325521313272045,0.027746001027779618,0.0007698405730334201,0.0008632404524530068,0.016430647489114904,0.00026996617691166236,0.0005769804654627286
1874,0.00027943851744927084,6.326552819620652e-05,0.0003740544780314788,0.0003107889498352723,0.008211826011992001,6.74340864511569e-05,0.00036939215016684734,-0.00995181748455439,9.903867124594345e-05,0.00035879353008760884,0.004829474804942783,2.332382689151924e-05,0.00039397775383998024
1875,3.8570034581186796e-05,2.0695476784848843e-05,0.00018443834442083418,0.00016374286763598533,-0.0049735620076101555,2.4736319043650035e-05,0.0002804377238085909,-0.0028630151223920054,8.196855591058316e-06,9.972196525076527e-05,0.005399375493476879,2.9153255719838178e-05,0.00017315534420314638
1876,9.1501164629193e-05,4.425199524023723e-05,0.00031095261522706696,0.00026670061998682976,-0.006030539773350117,3.636740995793808e-05,0.0003106265938648267,0.008918625340570445,7.954187796543888e-05,0.00016412265580234564,-0.004104472901256983,1.684669779733472e-05,0.00045810859601402854
1877,7.802250679089795e-06,3.292579417742599e-06,0.00018399006959131844,0.00018069749017357584,0.0017846063432142224,3.18481980021712e-06,0.0002073574863822314,0.002512124484028896,6.310769423145679e-06,0.00025601975018652023,0.0006181820362187463,3.8214902986499766e-07,8.859297220520368e-05
1878,2.0302912015934815e-05,4.8569622661161676e-06,0.00016110622188362603,0.00015624925961750985,0.001097478478338612,1.2044590106397024e-06,0.00013171177287951696,0.0034750367757978846,1.2075880593709343e-05,0.0001609496728233184,0.0011360225323783825,1.2905471939994584e-06,0.00019065721994804274
1879,0.00018862233267802342,6.247986138852024e-05,0.0002501505070007977,0.00018767064561227748,-0.003556943641471572,1.2651848068756522e-05,0.00014025807078577035,-0.00878411108607242,7.716060757279042e-05,0.00026703087481605436,-0.009880644135070882,9.762712852401378e-05,0.0003431625754005685
1880,0.00010945035488618693,3.868060980645923e-05,0.000399103289612938,0.0003604226798064788,0.0017803348946389386,3.169592336704774e-06,0.00031187694315293335,0.008852144920534618,7.836046969411647e-05,0.0004284157171571268,-0.005874671683475514,3.4511767388556436e-05,0.0004570172085287538
1881,0.00038175159447428886,0.00010669967760901233,0.000565583974844223,0.0004588842972352106,-0.017086117281941832,0.0002919354037717037,0.0008636599712593673,-0.0005607661859453213,3.144587157333234e-07,0.000516789194272893,-0.005277231313783979,2.7849170339599993e-05,0.0003163027590004086
1882,0.00010512436222553934,4.272806927226499e-05,0.00020504511920852822,0.00016231704993626323,-0.010240761917024579,0.00010487320464092065,0.0003666649391543819,0.004542036150500031,2.063009239217095e-05,0.00013972234527892535,-0.0016373487056590137,2.6809107837033608e-06,0.00010874807319227742
1883,0.00035976194217735014,9.898040136139634e-05,0.0002755758982333119,0.00017659549687191556,0.010034995921563573,0.0001007011431455318,0.00017121550396392848,0.008023260001132244,6.437270104575621e-05,0.0003079682523557947,0.011483351422508692,0.000131867359892901,0.0003475439383802126
1884,0.0015402154236845433,0.0003513897123582262,0.0007381708267932089,0.0003867811144349827,0.014372014675934089,0.0002065548058451938,0.0007569907851899815,-0.019780444188238037,0.00039126597228389404,0.0009009719025152574,0.02136231164798384,0.0004563483589455908,0.0005565497926743879
1885,0.000804546225718128,0.0005945047134775505,0.0008345471120961475,0.000240042398618597,0.027706334070698585,0.0007676409476370383,0.0010520174543368066,-0.02610226674587955,0.0006813283292730343,0.0009028261294684592,-0.01829056761073066,0.00033454486352257895,0.0005487977524831766
1886,0.00026578167800839214,0.00020545562862905875,0.0006002529542199856,0.00039479732559092684,-0.013363609766730731,0.00017858606599752136,0.0004417316000093763,-0.013561489340211624,0.00018391399312445156,0.0008240010021368649,-0.015933198886770274,0.00025386682676520334,0.0005350262605137157
1887,0.0011531176379293573,0.00041676436635977127,0.0006714590431138312,0.00025469467675405993,0.032474151306771226,0.001054570503094987,0.0011816661141099694,-0.003359041228043318,1.1283157971830882e-05,0.0005446007298746114,0.013580848206666654,0.00018443943801249585,0.00028811028535691285
1888,0.0002029008067655491,9.715415655527544e-05,0.00023334546217930927,0.0001361913056240338,0.010780576765232659,0.0001162208353908678,0.00025538676687120176,0.003953536798707145,1.5630453218729023e-05,9.78560295278319e-05,-0.012633731873691677,0.0001596111810562295,0.0003467935901388941
1889,0.002497174926308632,0.0007663244552831664,0.002000658671327223,0.001234334216044057,0.024015160794465498,0.0005767279479840237,0.0032714067176320416,0.026938435692011868,0.0007256793175325349,0.0014766322514282448,-0.03156843518980712,0.0009965661003329407,0.0012539370449213827
1890,1.781078045171025e-05,3.5327387683710873e-06,0.00022900894711334421,0.00022547620834497312,0.0002599902389083006,6.759492487962149e-08,0.00021580825075107057,-0.003211205042750102,1.0311837827070569e-05,0.000247781719492135,-0.00046774304150231077,2.1878355316307108e-07,0.00022343687109682708
1891,0.0001021839187891338,2.159633353893131e-05,0.00017297486879023585,0.00015137853525130454,-0.002543407333554486,6.46892086453299e-06,0.00013378458656665426,-0.0016465808705294419,2.7112285632124866e-06,0.00013143938710091785,-0.007457134247739399,5.560885118904846e-05,0.0002537006327031355
1892,5.752791196100837e-05,1.6548601050122198e-05,0.00020380644923615834,0.00018725784818603614,0.006223802668227326,3.8735719653293366e-05,0.00014083055454106042,0.0029765062107688367,8.85958922269836e-06,0.0001873403950160002,-0.001431954704041542,2.05049427437487e-06,0.00028324839815141445
1893,0.0006528626961377348,0.0003406469169185596,0.0006697791070569004,0.0003291321901383408,0.0243676982885655,0.0005937847198826951,0.0009496353928820644,0.020527744764609224,0.00042138830512150616,0.0006194454075371114,-0.0026014852971689845,6.767725751477549e-06,0.0004402565207515252
1894,0.00020138801605973367,5.0549083385790596e-05,0.0002811514114749262,0.00023060232808913564,-0.0027648945999301407,7.644642147752734e-06,0.00023101275333659022,-0.004222316586336884,1.7827957355387447e-05,0.00016808027089953992,-0.01123274902476112,0.0001261746506542316,0.0004443612101886485
1895,0.00023079725841079757,6.486644460175957e-05,0.0006393670150599551,0.0005745005704581955,-0.00010828569130452321,1.1725790782790568e-08,0.0003257568089846119,-3.066827569955868e-05,9.405431988795954e-10,0.0011670719576197808,0.013949432514315725,0.00019458666747129705,0.00042527227857547256
1896,0.0002253126310247655,7.431403263987353e-05,0.00026453241477971307,0.00019021838213983955,0.013487525184366904,0.00018191333559913758,0.0003759961157772107,0.003119143771883218,9.729057869556357e-06,0.00027358352639850203,0.005594613878629822,3.129970445092667e-05,0.00014401760216342652
1897,0.00016551863033109626,5.344635106937131e-05,0.00017025063010770816,0.00011680427903833684,0.004928055492902625,2.4285730941486783e-05,5.3193931651485116e-05,0.0028814031858819893,8.302484319377967e-06,0.00017798922768186287,-0.011302691623982557,0.00012775083794724917,0.0002795687309897765
1898,6.0609163102465224e-05,1.069778453181384e-05,0.0003058344784586664,0.00029513669392685255,-0.0020608830180982246,4.247238813981369e-06,0.00028775106509659754,-0.004043239981087388,1.6347789544735036e-05,0.00035421149813785746,0.003390918052176439,1.1498325236725115e-05,0.0002755408721415442
1899,0.00010007641747999951,4.805316169083825e-05,0.000197914393556875,0.00014986123186603675,0.008919707661641903,7.956118476903917e-05,0.0002462592029661703,0.005262459077237657,2.7693475539436463e-05,0.0001590059711719105,0.006074934136583545,3.690482476403911e-05,0.0001884780065325442
1900,9.3688558964522e-05,6.415498095483733e-05,0.0002287818703285612,0.00016462688937372388,0.007743653895376578,5.996417565101719e-05,0.00023645880260569907,0.007945103528680945,6.312467008195988e-05,0.0002831699368878171,0.0083292314850222,6.937609713153492e-05,0.0001667168714921674
1901,7.898591743249472e-05,4.19174936037899e-05,0.00027219069497734044,0.00023027320137355053,-0.006672674870777585,4.4524589931094205e-05,0.0003148639557329913,-0.0077010548858597,5.930624635508419e-05,0.00021290305414511934,-0.004682055587549672,2.1921644525191297e-05,0.0002888050750539106
1902,0.00012826923252651223,4.308721725946688e-05,0.0002023823992362006,0.00015929518197673373,0.0010388375605162514,1.0791834772483355e-06,0.00020612881420989382,0.01094019150479425,0.00011968779016113817,0.0002089565995071485,-0.0029145631130773316,8.494678140014145e-06,0.0001920617839915595
1903,0.0001143595581265533,4.589064196876732e-05,0.00017796738914085028,0.00013207674717208295,-0.0020116143521979797,4.046592301909513e-06,0.00010118490919719392,-0.007330474394642627,5.373585485035637e-05,0.00022099256169860748,0.00893809144916463,7.988947875403607e-05,0.0002117246965267494
1904,2.778392148250486e-05,6.151671135971408e-06,0.00013164111985841664,0.00012548944872244525,-0.0005552740270408188,3.0832924491353e-07,0.0002083674732143992,-0.0022601230440656202,5.108156174160605e-06,0.00013420442013967193,-0.0036108901933873156,1.3038527988840087e-05,5.235146622117881e-05
1905,0.00021993575190693004,8.937172345206228e-05,0.000303382497754745,0.00021401077430268273,-0.013484250422740011,0.0001818250094630658,0.0005957862306951167,-0.009222417905287243,8.505299201966299e-05,0.00022760702887303363,0.0011122809328296757,1.2371688734580388e-06,8.67542336960847e-05
1906,5.34301296972739e-06,1.476969304340751e-06,0.0003941218860110303,0.00039264491670668955,-0.001666758959774114,2.7780854299219726e-06,0.0002454132787340635,-0.00046044765523755676,2.1201204325471679e-07,0.000381384074503166,-0.0012003376357550503,1.4408104398455635e-06,0.0005555683047958615
1907,0.0002989069890110274,0.000117185996508636,0.00020192801548272557,8.474201897408958e-05,-0.008634169279378486,7.454887914504216e-05,0.0001176104706496206,-0.0020682714312981504,4.27774671329928e-06,0.0001233857966181917,-0.01651458033580283,0.00027273136366756656,0.0003647877791803644
1908,0.00015874714043273563,8.141645330247045e-05,0.0002792287017004587,0.00019781224839798828,0.010598923723927617,0.00011233718410574856,0.000341548274252923,0.007309872308752299,5.3434233170390755e-05,0.00019897378540545407,0.008858777716552245,7.847794263127206e-05,0.0002971640454429991
1909,0.00010734683785629251,2.99046793550047e-05,0.00025604906155822044,0.00022614438220321573,-0.008970886595264517,8.047680630463017e-05,0.000256807011718152,-0.002636451397000529,6.950875969691239e-06,0.00030245471959056136,-0.0015120700348265565,2.2863557906926957e-06,0.00020888545336594788
1910,0.002413019118261084,0.000466176128832189,0.0010861305010736455,0.0006199543722414564,-0.025223520694242222,0.0006362259962130468,0.0015060578177633621,0.016503132272150667,0.0002723533747919227,0.0008248185875441294,-0.022134791968560857,0.0004899490154915975,0.000927515097913445
1911,2.6787280542617253e-05,1.1651480035975345e-05,0.0002464495792651918,0.00023479809922921643,-0.0015360155800948755,2.359343862501362e-06,0.00014068252505328172,0.0035897022950228084,1.2885962566877573e-05,9.118173479194525e-05,0.004439497007361434,1.9709133678547097e-05,0.0005074844779503485
1912,7.444373921694503e-05,1.7418473625685493e-05,0.0007271277354083949,0.0007097092617827094,0.004022658286475541,1.6181779689983244e-05,8.132035784569336e-05,0.00598431496148343,3.5812025558024096e-05,0.0012201754241960572,0.0005114837525543456,2.6161562904913893e-07,0.0008798874241834342
1913,0.0003395230488695278,0.0001251588305264025,0.00027402255544417553,0.00014886372491777303,-0.016606863877187638,0.0002757879278354469,0.00039515177172766425,-0.008152127405949264,6.645718124287381e-05,0.00012467802725613097,0.005764666729390325,3.323138250088675e-05,0.00030223786734873137
1914,6.0049410517626356e-05,2.4945561680089767e-05,0.00021469066818817031,0.00018974510650808055,-0.003051996402554738,9.31468204135033e-06,0.00028881402887570573,0.005885994116361973,3.464492673743713e-05,0.0002375050953808966,-0.005556714520419201,3.087707626148184e-05,0.00011775288030790865
1915,0.00017143693321930442,5.8495207066281786e-05,0.00034705776844223823,0.00028856256137595643,0.006390116063757633,4.083358330819742e-05,0.0005397381100905596,0.009067844489512691,8.222580368610899e-05,0.0003558989352874242,-0.007240596260298302,5.242623420453896e-05,0.00014553625994873087
1916,0.00048258223101538267,0.0001702075731055963,0.0004819626041911995,0.0003117550310856032,-0.014291556685987966,0.00020424859250867122,0.0006436721158507019,-0.010360577970450724,0.00010734157588176974,0.0005260879248031314,-0.014107889669482227,0.00019903255092634797,0.00027612777191976523
1917,0.001258280564159442,0.0004428768211295342,0.000668309195295406,0.0002254323741658718,-0.019925188891552148,0.0003970131523640674,0.0007169924173451303,-0.00471708306839144,2.2250872674156597e-05,0.0002119009164093244,0.030155703247485628,0.0009093664383503786,0.0010760342521317634
1918,0.00016595489881487957,5.564291031601165e-05,0.0002910322323681491,0.00023538932205213747,0.004815552029902914,2.3189541352386378e-05,0.00028017913804279093,0.00900667829220929,8.11202538590905e-05,0.00042888268379615013,-0.007913212731653917,6.261893573655808e-05,0.0001640348752655063
1919,0.0011173527152407159,0.00036149488078544384,0.0006422239155498,0.0002807290347643561,-0.022885885100773894,0.000523763736846039,0.0008795767898917006,-0.0225300416392056,0.000507602776264382,0.0006473683764677274,0.007288218523472421,5.311812924591042e-05,0.0003997265802899719
1920,0.0011960284201602,0.00033390984026911613,0.0024840791774050817,0.0021501693371359654,0.026099059551909578,0.0006811609094937721,0.006260203229137118,0.004372792030438863,1.9121310141478887e-05,0.0002929753401665902,0.01736223779274388,0.0003014473011720975,0.0008990589629115364
1921,3.031380108187154e-05,5.398719678343748e-06,0.0001729952786601411,0.00016759655898179737,0.003454009768516572,1.1930183481445589e-05,0.0003212512096344433,0.0015152507827915658,2.2959849345083327e-06,7.13450048245301e-05,0.0014035635428828724,1.969990619077322e-06,0.00012638962152144995
1922,0.0001166973349101541,3.098393315500066e-05,0.0003077047676165086,0.00027672083446150797,-0.009434094136472511,8.900213217599706e-05,0.0005545419995659495,-0.0019459521847320204,3.786729905086439e-06,0.00016384671377345228,-0.00040365503055189413,1.6293738391848223e-07,0.0002047255895101241
1923,0.0005527558768720908,0.00018136116091538312,0.0003855178957977712,0.00020415673488238806,-0.021636707980356128,0.0004681471322270925,0.000665340019674221,0.0006833493179517309,4.669662904133176e-07,0.0002014488680229798,0.008687311680193323,7.546938422864358e-05,0.0002897647996961128
1924,0.0009717052633902989,0.0002684938213056709,0.0005401669572244749,0.00027167313591880404,-0.012486877378707007,0.0001559221066710359,0.0003950589533324722,-0.0024306299332849846,5.9079618727198024e-06,0.0003073597840109743,0.025370285677799448,0.000643651395373257,0.0009180821343299783
1925,0.00022953317006524365,7.608112092027941e-05,0.00023575291048856992,0.0001596717895682905,0.0030266091677680195,9.160363054316889e-06,0.0001579027188256532,-0.012315380516708625,0.0001516685972713372,0.0003973498043713386,0.008210627408108085,6.741440243518415e-05,0.0001520062082687179
1926,3.492825661577381e-05,9.349033663045661e-06,0.00048014345127123104,0.00047079441760818536,0.00464018383585238,2.153130603010922e-05,0.0006522458909399287,0.00030779015611240925,9.47347803537113e-08,0.0005321064484947735,0.0025339810927675955,6.421060178674054e-06,0.0002560780143789909
1927,0.00024886331418316754,0.00013334031666549043,0.00028662972696961536,0.00015328941030412493,-0.002305439485041548,5.315051219478839e-06,0.00010887589716879198,0.014736309251392122,0.0002171588103525579,0.0003872558259949699,0.013324679674361978,0.00017754708842443456,0.00036375745774508417
1928,4.928183308061662e-05,2.4703639644352293e-05,0.00011569808576909295,9.099444612474065e-05,0.0008362102228359577,6.99247537094827e-07,0.000158492440901159,-0.005575036600521609,3.108103309712451e-05,8.31476210716442e-05,-0.006506199989182462,4.233063829883754e-05,0.00010545419533447564
1929,6.176705819027628e-05,2.5863448408158796e-05,0.00014949538663600048,0.0001236319382278417,-0.0034848896859487506,1.2144456123186487e-05,9.786016159119004e-05,-0.004132311778365043,1.7076000633609034e-05,0.00022109096260891636,-0.006954846401449679,4.8369888467680866e-05,0.00012953503570789504
1930,0.0021150167685038967,0.00041419793048125264,0.0007102704136880226,0.00029607248320676993,0.02673538897025161,0.0007147810233906204,0.0009421745464395226,-0.020837148178840758,0.00043418674422723846,0.0007813892599930483,-0.009676054145463424,9.362602382589902e-05,0.00040724743463149693
1931,0.00020805830755710186,6.778764292529142e-05,0.00035490312935981816,0.0002871154864345267,-0.002281445439423739,5.20499329326185e-06,0.00015330828024195942,0.0004377442158015106,1.916199983131861e-07,0.0002224511130242135,-0.014070050301407932,0.00019796631548429922,0.0006889499948132816
1932,0.0001247475811543275,1.5422734477003413e-05,0.00030823213079711476,0.0002928093963201113,0.0014049027067138324,1.9737516151474566e-06,0.00030494228572697235,0.006650677437374624,4.423151037602491e-05,0.0002576418021269511,0.00025088132736177825,6.294143983787137e-08,0.0003621123045374208
1933,2.1516128836274184e-05,8.8678002012621e-06,0.0001612458450837758,0.0001523780448825137,-0.0040470383881613175,1.637851971514337e-05,7.873404224534308e-05,0.0031725122286803916,1.0064833840695009e-05,0.0001739925462800329,0.0004000588057023464,1.600470479479199e-07,0.00023101094672595135
1934,3.857773850279855e-05,1.383590315536439e-05,0.0002163579051675709,0.0002025220020122065,0.004058786715427588,1.6473749601453314e-05,0.0001342927937605376,-0.003970427866812725,1.5764297445541864e-05,0.00017053191942972834,0.0030446120309205334,9.26966241909799e-06,0.0003442490023124467
1935,0.00018003413913514343,6.231474410537767e-05,0.00025924716332130043,0.00019693241921592275,0.003471127779424565,1.2048728061264669e-05,0.00016799361721353545,0.012870210048801388,0.00016564230670068625,0.00030785755225648526,0.0030419068944187227,9.25319755418208e-06,0.00030189032049388054
1936,0.0015590318562000993,0.0004976201500717092,0.0007895183456211688,0.0002918981955494596,0.017981261721255994,0.00032332577308857857,0.00042248123104760005,-0.000622029852464221,3.8692113746296997e-07,0.00023337574852055898,-0.03419280269280375,0.0011691477559890862,0.0017126980572953476
1937,8.982982325789202e-05,3.381315657791095e-05,0.00033230070435164016,0.0002984875477737292,0.00787345224577767,6.199125026640218e-05,0.0004501851794428413,-0.004348976167842847,1.8913593708314025e-05,0.00010118112365298249,-0.004531514731158088,2.0534625759016656e-05,0.0004455358099590967
1938,0.00016013269032788546,9.525900472184823e-05,0.0001911163107859067,9.585730606405848e-05,-0.008346893267735998,6.967062722285089e-05,0.00017576428608567785,0.009381509737703358,8.801272495873036e-05,0.00018443727670436338,0.011317847056031708,0.00012809366198396344,0.00021314736956767888
1939,0.0007712272627835581,0.0003213489451218132,0.000453643958857793,0.0001322950137359798,0.005048394955733596,2.5486291628795676e-05,0.0001415359937557703,-0.017865455569851585,0.0003191745027183446,0.0005454311230402853,-0.024887467549319107,0.0006193860410182994,0.0006739647597773235
1940,0.0004045581738525428,5.609558074011941e-05,0.0005193756831561128,0.00046328010241599343,-0.010343217947397199,0.00010698215750715168,0.0005130421464663026,-0.003225329586809935,1.0402750943327987e-05,0.0007889690404825345,0.007134552107184731,5.090183376987856e-05,0.00025611586251950147
1941,0.00013420511227946186,3.7240934160650184e-05,0.0003404702648326004,0.00030322933067195024,0.009295299601851053,8.6402594688062e-05,0.00023578209971508723,0.0027583863378316553,7.608695188676684e-06,0.00010925364489411393,-0.0042085047945159115,1.7711512605211865e-05,0.0006763750498886001
1942,0.0008593531557042899,0.00033530894414938545,0.0007748879535596961,0.00043957900941031064,-0.01801234188057316,0.00032444446002244387,0.0010396048043019857,-0.02156130313441236,0.00046488979285419507,0.0006410308925168806,-0.014717084615225622,0.00021659257957151734,0.0006440281638602219
1943,0.000274051484211002,0.00010086052180709644,0.0006552793426998216,0.0005544188208927251,-0.010155501209619586,0.00010313420481866675,0.00055212477798805,-0.0014151437411138688,2.0026318080512695e-06,0.0008102250899592045,0.014051502723716589,0.0001974447287945713,0.0006034881601522102
1944,1.457948955763122e-05,4.537712643933507e-06,0.0002879476500653085,0.000283409937421375,-0.0019433047077361777,3.77643318683063e-06,0.00020401377617451644,0.0022283847958855336,4.965698798264917e-06,9.953262180906197e-05,0.0022070355563006635,4.871005946704976e-06,0.0005602965522123471
1945,4.301673955720009e-05,5.971218248190802e-06,0.00015459992415970772,0.00014862870591151692,-0.0007559507349443284,5.714615136653833e-07,0.00013644595472417365,0.004153000426261473,1.7247412540499774e-05,0.00014482018205941305,0.0003078647278121974,9.47806904072479e-08,0.0001825336356955365
1946,0.0001746469715339094,5.3653882497894934e-05,0.00020898312936101782,0.00015532924686312288,-0.012533906215820257,0.0001570988050265676,0.000360371976363294,-0.001059660816249934,1.1228810459229521e-06,0.00018991486631037002,-0.0016552828825582512,2.739961421194259e-06,7.666254540938944e-05
1947,0.00014815900852571673,6.406035940424253e-05,0.0002440740564795633,0.00018001369707532078,0.0026926407781173336,7.250314360773835e-06,0.00019721591914390046,-0.007619113298492299,5.805088745514109e-05,0.00025759787617563035,-0.011264096785674828,0.00012687987639681264,0.0002774083741191591
1948,0.00029890733015414117,0.00011517476778640419,0.00034313676683831823,0.00022796199905191405,-0.016588062392535418,0.00027516381393888345,0.0004865804835343379,0.00804906247847997,6.478740678261818e-05,0.00020223808708264013,-0.002360737731537363,5.573082637710947e-06,0.0003405917298979766
1949,0.000332255779830537,6.859756178941485e-05,0.0003250862294849055,0.00025648866769549067,0.007951035945609834,6.321897260863629e-05,0.0004510239172041963,-0.011863841830328915,0.00014075074297514867,0.00029753968876322645,-0.0013501739829923616,1.822969784459616e-06,0.00022669508248729375
1950,0.00011715105252285696,1.5501336909048053e-05,0.00012642219173112737,0.00011092085482207932,-0.005871156829135013,3.44704825125941e-05,0.00017968982891958252,0.0025849068641155275,6.6817434959398625e-06,0.00015520238120902974,0.002313392469682375,5.3517847186101974e-06,4.437436506476988e-05
1951,3.687810385299972e-05,1.8679747500027766e-05,0.00016166273560010622,0.00014298298810007845,-0.0007703696562438482,5.934694073950197e-07,0.00011172296036365825,-0.005959281926688892,3.551304108184716e-05,0.00024768076074876966,-0.0044646088306976575,1.9932732010841114e-05,0.0001255844856878907
1952,0.00040843490689679296,0.00013490472027781011,0.0005140128874970099,0.0003791081672191998,0.018151166874389682,0.0003294648589020621,0.0008151802926134044,0.008608928735451608,7.411365397191894e-05,0.00041510377986542224,-0.0010656678466840225,1.1356479594493152e-06,0.0003117545900122032
1953,8.846182879473918e-05,3.186399176754081e-05,0.000184905214961358,0.0001530412231938172,0.0016057424156224295,2.578408705100621e-06,0.00021673285787549013,-0.008640857117245862,7.466441172077065e-05,0.00022382705523171786,0.004283591352671902,1.834915487675115e-05,0.000114155731776866
1954,3.4497552281020916e-05,1.1365446352310885e-05,0.00023441508601688513,0.00022304963966457425,0.0033049382047547248,1.092261653701243e-05,0.0003616178036520701,-0.00236881948908082,5.611305772368347e-06,0.00015411033459911128,-0.004190753720730896,1.756241674755188e-05,0.00018751711979947405
1955,0.00010730911876177807,3.687328401043762e-05,0.00014085891393774327,0.00010398562992730565,0.0006194157223132379,3.836758369901716e-07,3.4927205905921355e-05,-0.00988271621516392,9.766807978939251e-05,0.0002890200116502095,0.0035451511116926272,1.2568096404930174e-05,9.862952425709892e-05
1956,0.00011139275472094035,2.7931925354625815e-05,0.00021232119190635798,0.00018438926655173216,-0.006345819927333133,4.026943055013277e-05,0.00021864745020394594,-0.005526971691926051,3.054741608343736e-05,0.0002885012477152893,0.0036026281282183687,1.2978929430307318e-05,0.0001298148777998387
1957,0.0005584317203893852,0.0002029192461519743,0.0005059799779770779,0.0003030607318251036,0.014669665256098483,0.00021519907872602495,0.0003412988276099149,-0.019771141102708282,0.0003908980205029611,0.000890261960723504,0.001631146598884107,2.660639226936823e-06,0.00028637914559781485
1958,0.00012464519021004872,3.254567855659474e-05,0.00017043312302681782,0.00013788744447022308,-0.009183462252816132,8.433597894919043e-05,0.00016877261834735702,-0.003296453370570361,1.0866604824077974e-05,0.00011505500200281737,0.0015602730199113471,2.43445189651581e-06,0.0002274717487302791
1959,6.797053124851793e-05,2.124782805142574e-05,0.00015176577236634495,0.0001305179443149192,-0.007812774689408207,6.103944834701114e-05,0.00016811296901464434,0.001354692368060134,1.835191411836412e-06,8.558650472212381e-05,0.0009321182303899516,8.688443954296687e-07,0.00020159784336226672
1960,0.00022437805391506416,5.142181699765066e-05,0.0003007134107181342,0.00024929159372048354,0.0017392305927487778,3.024923054928408e-06,0.0004256849024566467,0.0032645927137623003,1.0657565587046669e-05,0.00014217216004452915,-0.011856768630244431,0.0001405829623509769,0.0003342831696532267
1961,0.0001608426432500032,3.646594421335969e-05,0.00030731886495975286,0.00027085292074639317,0.0003874619276741215,1.5012674525749503e-07,0.0001703855856759473,0.009003982213910845,8.107169570836792e-05,0.0002550797154835527,-0.005308107966698477,2.817601018645366e-05,0.0004964912937197585
1962,0.00024002428363234518,0.00010362280527143053,0.00022904904362467762,0.0001254262383532471,-0.0009953277635461016,9.906773565937499e-07,8.164992134629401e-05,0.012106089568197729,0.00014655740463376254,0.0003492083660725509,0.012779684418013654,0.0001633203338239353,0.000256288843455188
1963,0.001828480470258964,0.0006215637725703512,0.0011489396647891281,0.0005273758922187769,-0.015315771200423493,0.00023457284746364326,0.0008386618538015478,-0.013981306344409914,0.00019547692709609432,0.0003803211188075917,-0.0378766622493501,0.001434641543151316,0.002227836021758245
1964,0.0006935435537495094,0.00022849954492069427,0.000817181764353562,0.0005886822194328678,0.02505732668654848,0.0006278696206765133,0.0014045449603499183,0.006944668092460507,4.822841491414209e-05,0.0004797498594263372,0.0030660396558925963,9.400599171427437e-06,0.0005672504732844308
1965,0.001020964820958703,0.0003925639560008465,0.0014715535290167707,0.0010789895730159242,0.014897062852877972,0.0002219224816426557,0.001619425072820202,0.02857205270626865,0.0008163621958501288,0.0020057001909229433,0.01180708221831063,0.00013940719050975492,0.0007895353233071667
1966,0.00030418684326993795,0.000175948139781279,0.00044730966525393284,0.00027136152547265385,0.012745636875706744,0.0001624512593673133,0.00021869087145021116,0.011409305126687468,0.00013017224347378065,0.0004632384354871233,0.01533691352595682,0.00023522091650274302,0.0006599996888244641
1967,0.00024613334383649654,0.0001118741561548046,0.0005138367314572179,0.00040196257530241325,-0.015158219846346814,0.00022977162891069103,0.0005515677648552098,0.003691575224715827,1.3627727639908827e-05,0.0005155243965457856,0.009603286516280656,9.222311191381394e-05,0.0004744180329706582
1968,5.5553216930737115e-05,1.918559368633647e-05,0.00021552942505416914,0.00019634383136783268,0.006835924297118322,4.67298609958533e-05,0.0003437939784736166,-0.003256261088883294,1.0603236278994288e-05,0.00012454750772183942,-0.00047295220014753375,2.236837841618211e-07,0.00017824678896705137
1969,0.0005574877178902149,0.00016079861717310795,0.00041146993742495014,0.0002506713202518422,-0.0036149149844089427,1.3067610344363878e-05,0.000318180681179836,0.003111503444327179,9.68145368385187e-06,0.00015811243903418593,-0.02143937469915539,0.0004596467874911081,0.0007581166920608284
1970,0.00029773211620276463,5.711436240059727e-05,0.00019088626287155908,0.0001337719004709618,-0.010672476811670582,0.00011390176129566498,0.00015316291688716177,-0.00528476706859495,2.7928762969198218e-05,0.0002518991459998787,-0.0054325466345787835,2.951256293692861e-05,0.00016759672572763673
1971,0.000622953033804996,0.00016850889314268258,0.0006694372926327649,0.0005009283994900823,0.009599227067182336,9.214516028743791e-05,0.0005795164868168667,-0.01330440383694169,0.00017700716145652162,0.0009070872499605809,-0.015374470972487179,0.0002363743576840882,0.0005217081411208468
1972,0.0001304710230369821,4.869262190743129e-05,0.0003230432581614595,0.0002743506362540282,0.00221801157877408,4.919575363526718e-06,0.0002360993987807758,-0.003613868323374902,1.3060044258272896e-05,0.00010977609011464384,0.011318049571399997,0.00012809824610049425,0.0006232542855889589
1973,0.00017087831593576297,5.4197658474068135e-05,0.0002674195474294076,0.00021322188895533947,0.009753883062665645,9.51382348001184e-05,0.0002842576967841959,-0.007514941217569332,5.6474341503354175e-05,0.00015404106876182322,0.0033136685287350454,1.0980399118731832e-05,0.00036395987674220365
1974,0.003744286938266339,0.001110743146263508,0.001633898773110561,0.000523155626847053,0.029668711049624333,0.0008802324153460717,0.0015817968012542538,-0.03680468850493188,0.0013545850959449934,0.0021818599713208098,0.03312720826600695,0.0010974119274994587,0.0011380395467566196
1975,4.360103748068944e-05,1.5215238925558872e-05,0.00021794721327979735,0.00020273197435423848,0.004753229090972645,2.2593186791097786e-05,0.00020641624416417592,-0.004629437408433219,2.143169071811002e-05,0.00023054949131962044,0.0012731218587828713,1.62083926746881e-06,0.00021687590435559567
1976,9.665700108163477e-05,2.2834701956372012e-05,0.00028451263844446,0.000261677936488088,0.007376188097651519,5.440815085211437e-05,0.00032186339263073904,-0.0036936657222126404,1.3643166468013668e-05,0.0001928615980139048,0.0006728956448664537,4.5278854898800347e-07,0.00033881292468873614
1977,0.00011760958479711814,3.27256921729413e-05,0.00024983557190982886,0.00021710987973688756,0.0006915997850750524,4.783102625083302e-07,0.0003174916596939692,-0.003947425862263464,1.5582170938222006e-05,0.00020045072310281853,-0.009061820750711262,8.211659531809357e-05,0.00023156433293269885
1978,3.57687736972645e-05,1.453722344021043e-05,0.0001223310702366994,0.00010779384679648897,-0.005248255406784997,2.7544184814987105e-05,0.00010357881418288084,-0.0013962894685783506,1.949624280017659e-06,0.00013718283123276276,-0.003757374246065959,1.4117861225626527e-05,0.00012623156529445456
1979,1.1631736691941619e-05,2.4622850884892244e-06,0.00031513837850564536,0.00031267609341715613,0.002183385722353052,4.76717321262754e-06,0.0004129345785128802,-0.0003782758131304407,1.430925908874059e-07,0.00016748875237049266,-0.001573718355341178,2.4765894619527273e-06,0.0003649918046335632
1980,0.00039700156889321825,0.00017010201297296135,0.0005473192049149459,0.00037721719194198455,0.014276686780867073,0.000203823785439039,0.0006730282894187312,-0.015060582072659161,0.00022682113236749402,0.0007279930755358377,0.008925307900146858,7.966112111235102e-05,0.00024093624979026895
1981,0.00015767466272964548,2.3041457007118755e-05,0.00018699626674145708,0.00016395480973433832,0.003383601300249764,1.144875775904719e-05,0.0001789333615446198,0.007501570817304646,5.627356472681644e-05,0.00017280954485388023,0.0011840813044447242,1.4020485354926393e-06,0.00020924589382587122
1982,0.00029717264250350706,1.4661893114535177e-05,0.00018492255525711285,0.00017026066214257768,-0.002273508453478442,5.1688406880190385e-06,0.0001882912556506744,-0.001148785807440425,1.319708831437616e-06,0.00019542296950281202,-0.006123490003607259,3.749712982414888e-05,0.0001710534406178521
1983,0.0001285371117291101,5.924034133719669e-05,0.0001883520128570885,0.0001291116715198918,0.008995744177174586,8.092341330112607e-05,0.00017432736444511487,0.009804671508948764,9.613158339816241e-05,0.0003102989948104984,0.0008161049642061041,6.66027312301587e-07,8.042967931565226e-05
1984,0.00011113447117239161,8.993044848219316e-05,0.0001480416222667443,5.811117378455115e-05,-0.010099389094106436,0.00010199766007501498,0.00014961901044596715,-0.007946910808272301,6.315339139484344e-05,9.429079544909236e-05,0.010229383851279856,0.00010464029397672103,0.00020021506090517338
1985,0.0002003237019366777,7.250208054632168e-05,0.00017781910625180863,0.00010531702570548696,0.003710466576635723,1.3767562216382423e-05,0.00012769323428429846,-0.014119241557576032,0.0001993529821612272,0.0002948493328974733,-0.002094205639678509,4.3856972613554035e-06,0.00011091475157365416
1986,8.903508503721458e-05,2.5000923066564873e-05,0.00013149085401216917,0.0001064899309456043,0.0047034514377851284,2.2122455427653342e-05,0.00010520391470647539,-0.005100391495456375,2.6013993407181246e-05,0.00010823918476343675,-0.005183273132394522,2.686632036486003e-05,0.00018102946256659536
1987,0.000292997710959253,0.00014563456756437146,0.0018891268701698438,0.0017434923026054723,-0.011258747183905807,0.00012675938815120968,0.00171792422284478,0.012705577938069076,0.0001614317107402341,0.0005904770082384436,0.012194777726626443,0.00014871260380167062,0.003358979379426308
1988,2.209275751774431e-05,9.88755094536812e-06,0.00016662857268271805,0.00015674102173734994,0.003810608637214042,1.4520738186196702e-05,0.00012234114835996124,-0.00023203384649169575,5.383970580474795e-08,0.0001227009613947727,-0.003884337130583712,1.5088074944102914e-05,0.00025484360829342023
1989,7.999476501396874e-05,3.362344267806202e-05,0.00041249050411936344,0.00037886706144130144,0.007094020784356083,5.032513088909507e-05,0.00040324294974170005,0.003094015078190607,9.572929304590971e-06,0.0002106204842825532,0.006400958353276365,4.097226784050001e-05,0.0006236080783338371
1990,0.00011689495713584908,3.4374035309777305e-05,0.00038777845977563025,0.00035340442446585296,0.0015116081225606038,2.2849591163609517e-06,0.00010461886661106146,-0.002360318803274681,5.571104853108189e-06,0.0007348550323834635,-0.009760432467873456,9.526604195986277e-05,0.00032386148033236584
1991,0.0003526329144296625,0.00012857175842913757,0.00030489006378775496,0.0001763183053586174,-0.009009651253720394,8.117381571381976e-05,0.0001803573486698351,0.001698193521420934,2.883861235813967e-06,0.00018686161179892746,0.01736829290223182,0.00030165759833777894,0.0005474512308945023
1992,0.0008306709470080609,0.0003406861778033621,0.0009303210131522318,0.0005896348353488697,0.015610790230568109,0.0002436967716226146,0.0009578135619068284,-0.021773978422053916,0.0004741061363240373,0.0014677923174810648,0.017442924796707355,0.0003042556254634343,0.00036535716006880214
1993,0.0017375128490932923,0.0008633811160730179,0.00317938891833854,0.0023160078022655224,-0.018081532458244155,0.0003269418160382065,0.0014793698202066885,-0.02362587093909748,0.0005581817776311171,0.0019232917183599207,-0.041291884851012976,0.0017050197545497303,0.006135505216449011
1994,6.714618250469595e-05,3.819221872551163e-05,0.00024561543542530223,0.0002074232166997906,0.006973738706829934,4.863303155133725e-05,0.000283238195096569,-0.0047374622916198286,2.2443548964412585e-05,0.0001790216942720857,0.006595458714960464,4.3500075660785065e-05,0.00027458641690725205
1995,0.00010840938148415358,2.8272609702802615e-05,0.00029122016644641163,0.00026294755674360903,-0.006645409347599827,4.4161465396541644e-05,8.866393951889595e-05,0.0036667153712674743,1.344480161391548e-05,0.00021878045956780223,-0.005216470271920344,2.7211562097950726e-05,0.0005662161002525368
1996,0.0001848247968990746,0.0001241508710357886,0.00024101776849035547,0.00011686689745456688,0.012367425193034041,0.00015295320590502648,0.0002598103592730272,0.010850094562693414,0.0001177245520189718,0.00029205552757538555,0.010088352451377663,0.00010177485518336749,0.00017118741862265363
1997,0.00016684341048411877,5.958508366129175e-05,0.0004562690338543914,0.00039668395019309965,-0.008639475189211673,7.464053154504491e-05,0.0004027265014602266,-0.006555268167183822,4.297154074361931e-05,0.0008440244885433712,0.00781941038026911,6.114317869521102e-05,0.00012205611155957641
1998,7.057865030879462e-05,2.287318031575965e-05,0.0003425555486005945,0.00031968236828483487,0.0013179635746392007,1.7370279837836122e-06,0.00016924120805561493,-0.008176486029990493,6.685492379854274e-05,0.00022401938558480605,-0.00016609986360558614,2.7589164952601664e-08,0.0006344060521613626
1999,0.0010755928999076625,0.00031869539335109093,0.0008722476917002083,0.0005535522983491175,-0.012077900990281856,0.00014587569233104336,0.0006326788000137196,-0.008531047816613983,7.277877684908063e-05,0.0001349309820930511,0.027155693894154426,0.0007374317108731487,0.0018491332929938542
2000,2.5861744728183922e-05,1.0421970653780773e-05,0.0001732139228543724,0.00016279195220059162,-0.001661866959896878,2.761801792372509e-06,0.00019892237737673124,0.002652064734138667,7.033447354087841e-06,0.0002399097779891557,0.0046336446578363845,2.147066281488197e-05,8.080961319723023e-05
2001,7.764415228461718e-05,1.856625248412384e-05,0.000363178081873287,0.0003446118293891631,0.00021372794075824402,4.567963285406762e-08,0.0002659079556971422,0.0014504061221871608,2.103677918974256e-06,0.0003418411596340931,-0.007317745547676718,5.354939990054319e-05,0.0004817851302886256
2002,9.264987178536632e-05,1.1528293630158615e-05,0.00037431397686675066,0.00036278568323659205,0.0051645956193829366,2.667304791192926e-05,0.0004079995286161431,0.002765161388442906,7.646117504256367e-06,0.00032777006019002464,0.0005154759685730259,2.657154742902179e-07,0.0003871723417940842
2003,0.00041529623267722027,0.00014639821330875158,0.00060323396928282,0.00045683575597406845,-0.01823307476958751,0.00033244501555340644,0.0005437561479018083,0.0002821369234439039,7.960124359662757e-08,0.0009720826711400177,-0.010328118082657371,0.00010667002312925167,0.00029386308880663403
2004,0.001685312200074729,0.00039882683733853214,0.0012149714659351145,0.0008161446285965823,0.026395148775719218,0.000696703878892313,0.0008661062992690871,0.021360792783060377,0.00045628346832093936,0.0018876247312102912,-0.006594934783797129,4.3493164802344e-05,0.000891183367325965
2005,0.0007806085741247637,0.00020310945089766866,0.0007002357068768653,0.0004971262559791967,0.02152114102518531,0.0004631595110260456,0.0006275079632506175,0.003912895469306552,1.5310750953401175e-05,0.000811256108618208,0.01143932212650413,0.00013085809071355925,0.0006619430487617706
2006,0.00047975948430600823,0.0002625859764826914,0.000752632015036799,0.0004900460385541077,0.02075622515594143,0.00043082088272416996,0.0009174764822847958,-0.012289433115174069,0.0001510301662923652,0.000841000851458551,-0.014349455753838614,0.00020590688043153893,0.0004994187113670501
2007,7.601007505619872e-05,3.1724674421029775e-05,0.00028856761329683806,0.0002568429388758083,0.007870649876364683,6.194712947626968e-05,0.0001548567070915885,-0.0011668386169729405,1.3615123580779098e-06,0.00030334385206032266,0.0056449429960425054,3.1865381428741735e-05,0.00040750228073860306
2008,0.003305043576368294,0.0010510866828381167,0.002582778559140353,0.0015316918763022362,-0.05194577716192289,0.0026983637649561354,0.003702597369567795,0.02101971301841443,0.0004418283353764263,0.0037857988868278403,0.003614961712349402,1.306794818178858e-05,0.00025993942102542356
2009,9.73881403198984e-06,2.7163808034765444e-06,0.00024081158830235871,0.00023809520749888216,0.0021764997991623562,4.737151375500126e-06,0.00028196662541657425,-0.001845553280791118,3.406066912403638e-06,0.00021064746593124628,-7.69683230988265e-05,5.924122525868825e-09,0.00022982067355925562
2010,0.000259378005740607,7.27888981265264e-05,0.0003024155363308874,0.00022962663820436102,-0.008173876497921846,6.681225700322369e-05,0.00025395661880101006,-0.002539566234326357,6.449396658614326e-06,0.00019650496246736981,0.012045955367582526,0.00014510504071774122,0.0004567850277242824
2011,0.0011642179566886401,0.00037934033656328303,0.001184986810365829,0.000805646473802546,0.008681567850482854,7.536962034271344e-05,0.001183011989795868,0.032433660068425664,0.0010519423054343724,0.001451537995283636,-0.003272473668746062,1.0709083912763262e-05,0.0009204104460179829
2012,4.443311543267381e-05,1.387827034360356e-05,0.000306978459644891,0.00029310018930128745,0.003162946311941845,1.0004229372806428e-05,0.00034001620491863616,-0.001989059719051207,3.956358565759821e-06,0.00023468255888459133,-0.005260629533863499,2.7674223092244432e-05,0.00034623661513144555
2013,0.0001363909497494875,3.73042437533296e-05,0.0002425852998885573,0.00020528105613522768,-0.008328834421322118,6.936948281766053e-05,0.0003660467250651278,-0.004393628197176974,1.9303968735284727e-05,9.69577406335631e-05,-0.004820713609735466,2.3239279707043536e-05,0.000264751433966981
2014,1.2266321786413847e-05,1.707465542288844e-06,0.0005639056009032473,0.0005621981353609584,0.00031511309309302396,9.929626165749994e-08,0.0009631883375229577,0.001225031427491564,1.5007019983359626e-06,0.0004519322358955691,0.0018768053620159288,3.5223983668730696e-06,0.00027659622929121497
2015,0.0010244070971963115,0.0003768112063667524,0.0007984295406704792,0.0004216183343037268,0.0002867764785016028,8.224074876661547e-08,0.00010502852885241332,-0.024113214679345664,0.0005814471221721185,0.0014861913693698936,-0.023428705815286142,0.0005489042561793722,0.0008040687237891309
2016,0.0004255196219229429,0.00017591461363086758,0.00037699010029768054,0.00020107548666681296,-0.014761155010684009,0.00021789169724950597,0.0004756921303321615,-0.015206300363364515,0.0002312315707408974,0.000384368727771478,0.008866824285089649,7.862057290219937e-05,0.0002709094427894021
2017,4.80995015585961e-05,1.5582299037419922e-05,0.00025133221236591413,0.0002357499133284942,-0.0054687943746803275,2.990771191235808e-05,0.0003495251411248512,0.0014782986822758303,2.1853669942561993e-06,0.00017311045589452068,-0.0038280305909843453,1.4653818205645486e-05,0.00023136104007837055
2018,1.90930065249173e-05,5.038058195960815e-06,0.00010178382643455386,9.674576823859304e-05,0.0022842898000533423,5.217979890725921e-06,4.7011577424260764e-05,0.0025839384227217045,6.676737772437491e-06,0.0002065187867924534,-0.0017942845160317375,3.219456924719033e-06,5.182111508694742e-05
2019,8.480563424140275e-05,2.5392387531667875e-05,0.00031075643729209607,0.0002853640497604282,0.008656104029110363,7.49281369628596e-05,0.000483479383199259,0.0003740958553714623,1.3994770897696185e-07,0.00027672911813803047,-0.0010531276861308603,1.1090779231670567e-06,0.0001720608105389987
2020,0.00017259953007975337,6.192582044624768e-05,0.00021631592240226963,0.00015439010195602193,0.0010398849369244222,1.0813606817761112e-06,9.92938563733059e-05,-0.012862552387477747,0.00016544525392048204,0.00044455439565782573,0.00438757868718237,1.9250846736484917e-05,0.00010509951517567728
2021,0.0003879493002852952,8.657996814831481e-05,0.00027434321664387973,0.00018776324849556492,0.004646595793736674,2.159085247066539e-05,0.00016949976324509564,-0.013173587195314562,0.00017354339959296805,0.0003364459439203493,-0.00803776414068831,6.4605652381311e-05,0.0003170839427661942
2022,1.4233370963290248e-05,4.689929419191922e-06,0.00018038060037032602,0.0001756906709511341,-0.001004155567597443,1.008328403995229e-06,8.480110421626996e-05,0.0035828369134365493,1.2836720348130548e-05,0.0002312840651844672,0.00047406698444864243,2.24739505449989e-07,0.00022505663171024093
2023,0.0002722625565784176,8.521182063603305e-05,0.0003572816732932971,0.000272069852657264,-0.004187098285179092,1.753179204999622e-05,0.000404256059521213,0.0012452338288496821,1.550607288458572e-06,0.00015275509383561037,-0.01538028161541512,0.00023655306256964437,0.0005148338665230678
2024,4.010093488759914e-05,8.538512221082742e-06,0.0001959530721478512,0.00018741455992676848,0.0027499070199475304,7.561988617843518e-06,0.0001911508657479466,0.004248435525297082,1.8049204412062814e-05,0.00026356485405520935,6.590624688128992e-05,4.343633341896691e-09,0.0001331434966403977
2025,0.0010410315564201023,0.0004116084965208877,0.0009818667519026307,0.000570258255381743,0.013619634061384762,0.00018549443196602677,0.0008083022198495105,0.028441393207260742,0.0008089128475702312,0.0017577582322235719,0.015505425180446552,0.00024041821002640518,0.00037953980363480966
2026,0.00010027410132995573,2.8042954642278534e-05,0.000183183021277733,0.00015514006663545446,0.002591534838813556,6.716052821320595e-06,0.00015314805078348037,0.008758311442256505,7.67080193196934e-05,0.00023990039031707155,0.000839518782309217,7.047917858216124e-07,0.0001565006227326471
2027,0.000137977672323375,8.781639849531064e-05,0.0002717691625706564,0.00018395276407534578,0.011107898067367738,0.00012338539947509553,0.00025032341744213316,0.01071699368307172,0.0001148539536034443,0.00018560673292478125,-0.005020940390779476,2.5209842407392102e-05,0.00037937733734505485
2028,0.007820758864307664,0.002979409915580248,0.004628793726358642,0.0016493838107783936,0.054182153502251675,0.0029357057581418378,0.005702094199048102,-0.03372764989436746,0.0011375543673973754,0.002135621893728068,0.06974933419898385,0.004864969621201531,0.006048665086299754
2029,0.00016074065415738747,5.7977632780851586e-05,0.00019604244004770935,0.00013806480726685777,-0.005699157988259159,3.248040177517009e-05,0.00014415701147751925,0.01185867034549183,0.0001406280623632572,0.0003509924341896786,-0.0009079835927492095,8.244342041274777e-07,9.29778744759302e-05
2030,0.0007822064483060664,0.0002665433196948526,0.002896838459335712,0.002630295139640859,-0.020186318846674982,0.00040748746857965923,0.002925377687787112,0.012516587840409044,0.00015666497116650913,0.0049480504239932666,-0.015345276776208245,0.00023547751933838956,0.000817087266226757
2031,4.6569405208196635e-05,1.2570971969309378e-05,0.00020770372141243332,0.00019513274944312395,-0.00528676020076832,2.7949833420137793e-05,0.00016647783357748303,-0.003110489154649749,9.675142781606638e-06,0.0002204930837175212,0.00029654629672717323,8.793970618370395e-08,0.00023614024694229574
2032,0.00045730639287933084,0.00011167833919389913,0.00026438735580958106,0.00015270901661568193,0.011714081796477593,0.00013721971233426888,0.000354175361603426,-0.006124325851741521,3.7507367138478465e-05,0.00013483414399317883,0.012661277112086951,0.00016030793810895005,0.00030415256183213835
2033,0.00014377135678589337,3.6163162231465464e-05,0.0001382900744983188,0.00010212691226685333,-0.009957624421674324,9.915428412310412e-05,0.00013685418968778507,-0.0030447809787127575,9.270691208373982e-06,0.00015431578047031547,0.0002539908717314714,6.451136291829584e-08,0.00012370025333685586
2034,0.000662589558451887,0.0002492199947812246,0.0011747141082535013,0.0009254941134722767,0.021078935973508874,0.00044432154177509453,0.0009856878095262367,0.014861475976239614,0.00022086346819238933,0.0017473253587828586,0.009081573342550556,8.247497437618989e-05,0.0007911291564514089
2035,0.00034698412391964695,0.00010516248451090486,0.00042408944922571007,0.0003189269647148052,0.01292300782121351,0.00016700413114734136,0.0004863351270473215,0.003095592516163384,9.582693025866895e-06,0.0003923371438567802,0.011785611115238933,0.0001389006293595063,0.00039359607677302844
2036,0.0022042308240782793,0.0012064064020756622,0.006411626669347026,0.005205220267271364,0.043065632667195056,0.0018546487170258974,0.010000559514331098,-0.03359420102218659,0.0011285703423195015,0.005648225338270363,0.025219043337953762,0.0006360001468815879,0.003586095155439617
2037,0.00012875756481967038,3.501799745368276e-05,0.00021908973870051382,0.00018407174124683107,-0.004071595889822175,1.657789309017499e-05,0.00014592785777900463,-0.009072626255793742,8.231254717705472e-05,0.0002959193483343947,0.0024826502157923613,6.163552093818581e-06,0.0002154220099881421
2038,0.0005780761711927651,0.00013140011903471174,0.0005478573664465062,0.00041645724741179446,-0.0012562186785888066,1.5780853680480433e-06,0.0003481048816944554,0.007894088418667613,6.231663196165638e-05,0.0005407522589901959,0.01817431263554006,0.00033030563977443084,0.0007547149586548674
2039,0.04761014222246618,0.01571048368022998,0.05926882337437726,0.043558339694147276,-0.06630435938727079,0.004396268073756593,0.019962028007292076,-0.011100311470750662,0.0001232169147473705,0.024258469061084975,-0.2064266602263041,0.04261196605218598,0.13358597305475473
2040,0.00010042831067180735,2.0868244572073518e-05,0.00020245995934512853,0.00018159171477305502,0.004873172867565154,2.3747813796548556e-05,0.00024003027215968586,-0.003803176461513974,1.4464151197546293e-05,0.00015050418139750388,-0.004938903595103788,2.43927687221257e-05,0.00021684542447819588
2041,0.0007152704824263667,0.00037683376054387097,0.0009601342930239584,0.0005833005324800874,-0.02007478205486627,0.00040299687455036537,0.0008426142048000296,0.02315831409068033,0.0005363075115225602,0.0009172558143939469,0.013827396557506902,0.00019119689555868735,0.0011205328598778985
2042,0.0002531083578107829,6.378624006053712e-05,0.00037656622123534894,0.0003127799811748118,0.005969631931289868,3.563650539473162e-05,0.00029415583980496596,-0.010758434551484545,0.00011574391399860051,0.00023438402198483477,-0.006322839614306561,3.997830078827924e-05,0.0006011588019162462
2043,0.0004602355492938637,0.00014589657246151985,0.00030044492881324086,0.000154548356351721,0.01728621547219478,0.00029881324535108167,0.0005318202283520757,0.0021762821243023296,4.736203884747603e-06,0.00012656356299867166,0.011581893979356868,0.00013414026814873026,0.00024295099508897522
2044,0.0001413704798435278,6.771332584091609e-05,0.000285006404270427,0.0002172930784295109,-0.011463951008926325,0.00013142217273542922,0.0004368509564169898,-0.0023852505070497696,5.689419981691479e-06,0.00019339936770923494,0.008125785180840308,6.602838480562756e-05,0.0002247688886850563
2045,0.00023202955376822043,0.00014895080861609955,0.0006170573441938165,0.000468106535577717,-0.0148278509483922,0.00021986516374805642,0.0007069736274492033,0.011447631772877151,0.00013104827320720158,0.0007441646057640972,0.00979484501629205,9.593898889304064e-05,0.0004000337993681491
2046,0.0010980597803145198,0.000428407039602489,0.0006149808035981567,0.00018657376399566766,-0.02254499153350338,0.0005082766432457086,0.0006507534242117252,-0.01798203924180856,0.00032335373529390754,0.00042130311518429053,-0.021297669831881222,0.00045359074026785073,0.0007728858713984543
2047,3.4321570891227005e-05,8.980605276283823e-06,0.0001413271047691067,0.00013234649949282287,-0.00489119477080891,2.3923786285462434e-05,0.00018320988669517924,0.0012195194389877716,1.4872276620225833e-06,0.00017974556688604704,0.001237255786291295,1.5308018813664503e-06,6.102586072609384e-05
